population,execution_basis,period,dimension,regime,exit_contract_id,n_events,n_closed,net_mean,net_median,net_positive_fraction,sample_guardrail
NORMAL_CLOSE_INTENT,SAME_CLOSE_RESEARCH_COUNTERFACTUAL,ALL,MARKET_RISK_REGIME,RISK_OFF,TIME_H1,28,28,0.0037139754535182915,0.039163921735845014,0.5714285714285714,
NORMAL_CLOSE_INTENT,SAME_CLOSE_RESEARCH_COUNTERFACTUAL,ALL,MARKET_RISK_REGIME,RISK_OFF,TIME_H3,28,28,0.021067131674103196,0.009704395964795965,0.5357142857142857,
NORMAL_CLOSE_INTENT,SAME_CLOSE_RESEARCH_COUNTERFACTUAL,ALL,MARKET_RISK_REGIME,RISK_OFF,TIME_H5,28,28,0.004000080912237989,-0.016595937251787134,0.4642857142857143,
NORMAL_CLOSE_INTENT,SAME_CLOSE_RESEARCH_COUNTERFACTUAL,ALL,MARKET_RISK_REGIME,RISK_OFF,TP5_H5,28,28,-0.015519759813716645,0.04902842713349778,0.6785714285714286,
NORMAL_CLOSE_INTENT,SAME_CLOSE_RESEARCH_COUNTERFACTUAL,ALL,MARKET_RISK_REGIME,RISK_OFF,TP10_H5,28,28,-0.014303803595410766,0.098799,0.5357142857142857,
NORMAL_CLOSE_INTENT,SAME_CLOSE_RESEARCH_COUNTERFACTUAL,ALL,MARKET_RISK_REGIME,RISK_OFF,TP5_SL5_H5,28,28,-0.014137061642613762,-0.0011001590548053997,0.5,
NORMAL_CLOSE_INTENT,SAME_CLOSE_RESEARCH_COUNTERFACTUAL,ALL,MARKET_RISK_REGIME,RISK_OFF,TP10_SL10_H5,28,28,-0.006471917883976857,0.02633522072072072,0.5,
NORMAL_CLOSE_INTENT,SAME_CLOSE_RESEARCH_COUNTERFACTUAL,ALL,MARKET_RISK_REGIME,RISK_OFF,TP10_SL5_H5,28,28,0.00209029475015748,-0.0511135916045183,0.42857142857142855,
NORMAL_CLOSE_INTENT,SAME_CLOSE_RESEARCH_COUNTERFACTUAL,ALL,MARKET_RISK_REGIME,NEUTRAL,TIME_H1,84,84,-0.012736296028313084,-0.02210104118964712,0.39285714285714285,
NORMAL_CLOSE_INTENT,SAME_CLOSE_RESEARCH_COUNTERFACTUAL,ALL,MARKET_RISK_REGIME,NEUTRAL,TIME_H3,84,84,-0.018091809270478015,-0.0150998124360563,0.42857142857142855,
NORMAL_CLOSE_INTENT,SAME_CLOSE_RESEARCH_COUNTERFACTUAL,ALL,MARKET_RISK_REGIME,NEUTRAL,TIME_H5,84,84,-0.02800663954717401,-0.04680713394201236,0.38095238095238093,
NORMAL_CLOSE_INTENT,SAME_CLOSE_RESEARCH_COUNTERFACTUAL,ALL,MARKET_RISK_REGIME,NEUTRAL,TP5_H5,84,84,-0.02313427599089536,0.04891211570573559,0.6428571428571429,
NORMAL_CLOSE_INTENT,SAME_CLOSE_RESEARCH_COUNTERFACTUAL,ALL,MARKET_RISK_REGIME,NEUTRAL,TP10_H5,84,84,-0.022541419803961567,0.014755666614348253,0.5119047619047619,
NORMAL_CLOSE_INTENT,SAME_CLOSE_RESEARCH_COUNTERFACTUAL,ALL,MARKET_RISK_REGIME,NEUTRAL,TP5_SL5_H5,84,84,-0.02573974147715143,-0.05133080829148476,0.32142857142857145,
NORMAL_CLOSE_INTENT,SAME_CLOSE_RESEARCH_COUNTERFACTUAL,ALL,MARKET_RISK_REGIME,NEUTRAL,TP10_SL10_H5,84,84,-0.017002057217116062,-0.101039,0.4523809523809524,
NORMAL_CLOSE_INTENT,SAME_CLOSE_RESEARCH_COUNTERFACTUAL,ALL,MARKET_RISK_REGIME,NEUTRAL,TP10_SL5_H5,84,84,-0.02165823421135111,-0.05146762258355917,0.23809523809523808,
NORMAL_CLOSE_INTENT,SAME_CLOSE_RESEARCH_COUNTERFACTUAL,ALL,MARKET_RISK_REGIME,RISK_ON,TIME_H1,130,130,-0.026178216519583308,-0.03880759317475496,0.3769230769230769,
NORMAL_CLOSE_INTENT,SAME_CLOSE_RESEARCH_COUNTERFACTUAL,ALL,MARKET_RISK_REGIME,RISK_ON,TIME_H3,130,128,-0.05215542422635758,-0.07811597921865976,0.28125,
NORMAL_CLOSE_INTENT,SAME_CLOSE_RESEARCH_COUNTERFACTUAL,ALL,MARKET_RISK_REGIME,RISK_ON,TIME_H5,130,128,-0.06520464611073692,-0.08184477760584519,0.2734375,
NORMAL_CLOSE_INTENT,SAME_CLOSE_RESEARCH_COUNTERFACTUAL,ALL,MARKET_RISK_REGIME,RISK_ON,TP5_H5,130,129,-0.04582820772487315,0.0488395,0.5348837209302325,
NORMAL_CLOSE_INTENT,SAME_CLOSE_RESEARCH_COUNTERFACTUAL,ALL,MARKET_RISK_REGIME,RISK_ON,TP10_H5,130,129,-0.047722787330553386,-0.05942513729977117,0.3953488372093023,
NORMAL_CLOSE_INTENT,SAME_CLOSE_RESEARCH_COUNTERFACTUAL,ALL,MARKET_RISK_REGIME,RISK_ON,TP5_SL5_H5,130,130,-0.025883995412172994,-0.05126281498971617,0.2846153846153846,
NORMAL_CLOSE_INTENT,SAME_CLOSE_RESEARCH_COUNTERFACTUAL,ALL,MARKET_RISK_REGIME,RISK_ON,TP10_SL10_H5,130,130,-0.03033959942232256,-0.101039,0.35384615384615387,
NORMAL_CLOSE_INTENT,SAME_CLOSE_RESEARCH_COUNTERFACTUAL,ALL,MARKET_RISK_REGIME,RISK_ON,TP10_SL5_H5,130,130,-0.02565790489781509,-0.05132465892475966,0.2,
NORMAL_CLOSE_INTENT,SAME_CLOSE_RESEARCH_COUNTERFACTUAL,ALL,MARKET_RISK_REGIME,MISSING,TIME_H1,0,0,,,,N_LT_10_NO_SHORTLIST
NORMAL_CLOSE_INTENT,SAME_CLOSE_RESEARCH_COUNTERFACTUAL,ALL,MARKET_RISK_REGIME,MISSING,TIME_H3,0,0,,,,N_LT_10_NO_SHORTLIST
NORMAL_CLOSE_INTENT,SAME_CLOSE_RESEARCH_COUNTERFACTUAL,ALL,MARKET_RISK_REGIME,MISSING,TIME_H5,0,0,,,,N_LT_10_NO_SHORTLIST
NORMAL_CLOSE_INTENT,SAME_CLOSE_RESEARCH_COUNTERFACTUAL,ALL,MARKET_RISK_REGIME,MISSING,TP5_H5,0,0,,,,N_LT_10_NO_SHORTLIST
NORMAL_CLOSE_INTENT,SAME_CLOSE_RESEARCH_COUNTERFACTUAL,ALL,MARKET_RISK_REGIME,MISSING,TP10_H5,0,0,,,,N_LT_10_NO_SHORTLIST
NORMAL_CLOSE_INTENT,SAME_CLOSE_RESEARCH_COUNTERFACTUAL,ALL,MARKET_RISK_REGIME,MISSING,TP5_SL5_H5,0,0,,,,N_LT_10_NO_SHORTLIST
NORMAL_CLOSE_INTENT,SAME_CLOSE_RESEARCH_COUNTERFACTUAL,ALL,MARKET_RISK_REGIME,MISSING,TP10_SL10_H5,0,0,,,,N_LT_10_NO_SHORTLIST
NORMAL_CLOSE_INTENT,SAME_CLOSE_RESEARCH_COUNTERFACTUAL,ALL,MARKET_RISK_REGIME,MISSING,TP10_SL5_H5,0,0,,,,N_LT_10_NO_SHORTLIST
NORMAL_CLOSE_INTENT,SAME_CLOSE_RESEARCH_COUNTERFACTUAL,ALL,STYLE_REGIME,TREND_DOMINANT,TIME_H1,99,99,-0.015897231732628445,-0.020273801916932906,0.43434343434343436,
NORMAL_CLOSE_INTENT,SAME_CLOSE_RESEARCH_COUNTERFACTUAL,ALL,STYLE_REGIME,TREND_DOMINANT,TIME_H3,99,98,-0.02219939067439927,-0.025251242688050585,0.3877551020408163,
NORMAL_CLOSE_INTENT,SAME_CLOSE_RESEARCH_COUNTERFACTUAL,ALL,STYLE_REGIME,TREND_DOMINANT,TIME_H5,99,98,-0.04168284491918299,-0.054161845580409936,0.32653061224489793,
NORMAL_CLOSE_INTENT,SAME_CLOSE_RESEARCH_COUNTERFACTUAL,ALL,STYLE_REGIME,TREND_DOMINANT,TP5_H5,99,98,-0.030224143644158496,0.048873226298168475,0.5816326530612245,
NORMAL_CLOSE_INTENT,SAME_CLOSE_RESEARCH_COUNTERFACTUAL,ALL,STYLE_REGIME,TREND_DOMINANT,TP10_H5,99,98,-0.029043055596760355,-0.0269039834304393,0.4387755102040816,
NORMAL_CLOSE_INTENT,SAME_CLOSE_RESEARCH_COUNTERFACTUAL,ALL,STYLE_REGIME,TREND_DOMINANT,TP5_SL5_H5,99,99,-0.026192196407728147,-0.051264459070341425,0.29292929292929293,
NORMAL_CLOSE_INTENT,SAME_CLOSE_RESEARCH_COUNTERFACTUAL,ALL,STYLE_REGIME,TREND_DOMINANT,TP10_SL10_H5,99,99,-0.017574255582542733,-0.0847123660130719,0.41414141414141414,
NORMAL_CLOSE_INTENT,SAME_CLOSE_RESEARCH_COUNTERFACTUAL,ALL,STYLE_REGIME,TREND_DOMINANT,TP10_SL5_H5,99,99,-0.01576174313387221,-0.05131778060413354,0.26262626262626265,
NORMAL_CLOSE_INTENT,SAME_CLOSE_RESEARCH_COUNTERFACTUAL,ALL,STYLE_REGIME,MIXED,TIME_H1,65,65,-0.014670385400751988,-0.0191181929110982,0.4307692307692308,
NORMAL_CLOSE_INTENT,SAME_CLOSE_RESEARCH_COUNTERFACTUAL,ALL,STYLE_REGIME,MIXED,TIME_H3,65,64,-0.030019170533983622,-0.03691154776074989,0.34375,
NORMAL_CLOSE_INTENT,SAME_CLOSE_RESEARCH_COUNTERFACTUAL,ALL,STYLE_REGIME,MIXED,TIME_H5,65,64,-0.04202950782616786,-0.08510376748071663,0.34375,
NORMAL_CLOSE_INTENT,SAME_CLOSE_RESEARCH_COUNTERFACTUAL,ALL,STYLE_REGIME,MIXED,TP5_H5,65,65,-0.033700168741024245,0.04899611285266458,0.6307692307692307,
NORMAL_CLOSE_INTENT,SAME_CLOSE_RESEARCH_COUNTERFACTUAL,ALL,STYLE_REGIME,MIXED,TP10_H5,65,65,-0.038075587667222154,-0.052069688288288285,0.46153846153846156,
NORMAL_CLOSE_INTENT,SAME_CLOSE_RESEARCH_COUNTERFACTUAL,ALL,STYLE_REGIME,MIXED,TP5_SL5_H5,65,65,-0.0253531895869473,-0.051288535564853556,0.3230769230769231,
NORMAL_CLOSE_INTENT,SAME_CLOSE_RESEARCH_COUNTERFACTUAL,ALL,STYLE_REGIME,MIXED,TP10_SL10_H5,65,65,-0.029149857453800197,-0.101039,0.38461538461538464,
NORMAL_CLOSE_INTENT,SAME_CLOSE_RESEARCH_COUNTERFACTUAL,ALL,STYLE_REGIME,MIXED,TP10_SL5_H5,65,65,-0.026436495236960934,-0.05142404827586207,0.2153846153846154,
NORMAL_CLOSE_INTENT,SAME_CLOSE_RESEARCH_COUNTERFACTUAL,ALL,STYLE_REGIME,SHORTLINE_DOMINANT,TIME_H1,78,78,-0.023610573187775923,-0.03553276550855366,0.34615384615384615,
NORMAL_CLOSE_INTENT,SAME_CLOSE_RESEARCH_COUNTERFACTUAL,ALL,STYLE_REGIME,SHORTLINE_DOMINANT,TIME_H3,78,78,-0.04498665887888403,-0.05791038313254794,0.34615384615384615,
NORMAL_CLOSE_INTENT,SAME_CLOSE_RESEARCH_COUNTERFACTUAL,ALL,STYLE_REGIME,SHORTLINE_DOMINANT,TIME_H5,78,78,-0.04887106225178978,-0.06647328353308238,0.3333333333333333,
NORMAL_CLOSE_INTENT,SAME_CLOSE_RESEARCH_COUNTERFACTUAL,ALL,STYLE_REGIME,SHORTLINE_DOMINANT,TP5_H5,78,78,-0.040220438579920574,0.048876634458298276,0.5641025641025641,
NORMAL_CLOSE_INTENT,SAME_CLOSE_RESEARCH_COUNTERFACTUAL,ALL,STYLE_REGIME,SHORTLINE_DOMINANT,TP10_H5,78,78,-0.04011657285889366,-0.03920416493416494,0.46153846153846156,
NORMAL_CLOSE_INTENT,SAME_CLOSE_RESEARCH_COUNTERFACTUAL,ALL,STYLE_REGIME,SHORTLINE_DOMINANT,TP5_SL5_H5,78,78,-0.021562957001791453,-0.05123525584851715,0.358974358974359,
NORMAL_CLOSE_INTENT,SAME_CLOSE_RESEARCH_COUNTERFACTUAL,ALL,STYLE_REGIME,SHORTLINE_DOMINANT,TP10_SL10_H5,78,78,-0.0246018255733627,-0.101039,0.41025641025641024,
NORMAL_CLOSE_INTENT,SAME_CLOSE_RESEARCH_COUNTERFACTUAL,ALL,STYLE_REGIME,SHORTLINE_DOMINANT,TP10_SL5_H5,78,78,-0.023301362779605584,-0.051460711232305605,0.23076923076923078,
NORMAL_CLOSE_INTENT,SAME_CLOSE_RESEARCH_COUNTERFACTUAL,ALL,STYLE_REGIME,MISSING,TIME_H1,0,0,,,,N_LT_10_NO_SHORTLIST
NORMAL_CLOSE_INTENT,SAME_CLOSE_RESEARCH_COUNTERFACTUAL,ALL,STYLE_REGIME,MISSING,TIME_H3,0,0,,,,N_LT_10_NO_SHORTLIST
NORMAL_CLOSE_INTENT,SAME_CLOSE_RESEARCH_COUNTERFACTUAL,ALL,STYLE_REGIME,MISSING,TIME_H5,0,0,,,,N_LT_10_NO_SHORTLIST
NORMAL_CLOSE_INTENT,SAME_CLOSE_RESEARCH_COUNTERFACTUAL,ALL,STYLE_REGIME,MISSING,TP5_H5,0,0,,,,N_LT_10_NO_SHORTLIST
NORMAL_CLOSE_INTENT,SAME_CLOSE_RESEARCH_COUNTERFACTUAL,ALL,STYLE_REGIME,MISSING,TP10_H5,0,0,,,,N_LT_10_NO_SHORTLIST
NORMAL_CLOSE_INTENT,SAME_CLOSE_RESEARCH_COUNTERFACTUAL,ALL,STYLE_REGIME,MISSING,TP5_SL5_H5,0,0,,,,N_LT_10_NO_SHORTLIST
NORMAL_CLOSE_INTENT,SAME_CLOSE_RESEARCH_COUNTERFACTUAL,ALL,STYLE_REGIME,MISSING,TP10_SL10_H5,0,0,,,,N_LT_10_NO_SHORTLIST
NORMAL_CLOSE_INTENT,SAME_CLOSE_RESEARCH_COUNTERFACTUAL,ALL,STYLE_REGIME,MISSING,TP10_SL5_H5,0,0,,,,N_LT_10_NO_SHORTLIST
NORMAL_CLOSE_INTENT,SAME_CLOSE_RESEARCH_COUNTERFACTUAL,2024,MARKET_RISK_REGIME,RISK_OFF,TIME_H1,6,6,-0.013058987929811037,-0.02759267917572498,0.5,N_LT_10_NO_SHORTLIST
NORMAL_CLOSE_INTENT,SAME_CLOSE_RESEARCH_COUNTERFACTUAL,2024,MARKET_RISK_REGIME,RISK_OFF,TIME_H3,6,6,0.021885517570847213,-0.06651172222068207,0.3333333333333333,N_LT_10_NO_SHORTLIST
NORMAL_CLOSE_INTENT,SAME_CLOSE_RESEARCH_COUNTERFACTUAL,2024,MARKET_RISK_REGIME,RISK_OFF,TIME_H5,6,6,-0.08431172629776694,-0.08139622282271158,0.16666666666666666,N_LT_10_NO_SHORTLIST
NORMAL_CLOSE_INTENT,SAME_CLOSE_RESEARCH_COUNTERFACTUAL,2024,MARKET_RISK_REGIME,RISK_OFF,TP5_H5,6,6,-0.029139145094094206,0.001032258628121431,0.5,N_LT_10_NO_SHORTLIST
NORMAL_CLOSE_INTENT,SAME_CLOSE_RESEARCH_COUNTERFACTUAL,2024,MARKET_RISK_REGIME,RISK_OFF,TP10_H5,6,6,-0.058862493620342175,-0.08139622282271158,0.3333333333333333,N_LT_10_NO_SHORTLIST
NORMAL_CLOSE_INTENT,SAME_CLOSE_RESEARCH_COUNTERFACTUAL,2024,MARKET_RISK_REGIME,RISK_OFF,TP5_SL5_H5,6,6,-0.0570217987853561,-0.0717102819258406,0.16666666666666666,N_LT_10_NO_SHORTLIST
NORMAL_CLOSE_INTENT,SAME_CLOSE_RESEARCH_COUNTERFACTUAL,2024,MARKET_RISK_REGIME,RISK_OFF,TP10_SL10_H5,6,6,-0.03688879846945825,-0.10106403721099846,0.3333333333333333,N_LT_10_NO_SHORTLIST
NORMAL_CLOSE_INTENT,SAME_CLOSE_RESEARCH_COUNTERFACTUAL,2024,MARKET_RISK_REGIME,RISK_OFF,TP10_SL5_H5,6,6,-0.04868860180362456,-0.0717102819258406,0.16666666666666666,N_LT_10_NO_SHORTLIST
NORMAL_CLOSE_INTENT,SAME_CLOSE_RESEARCH_COUNTERFACTUAL,2024,MARKET_RISK_REGIME,NEUTRAL,TIME_H1,21,21,-0.02913649797951299,-0.03998792220113852,0.2857142857142857,
NORMAL_CLOSE_INTENT,SAME_CLOSE_RESEARCH_COUNTERFACTUAL,2024,MARKET_RISK_REGIME,NEUTRAL,TIME_H3,21,21,-0.051205724237143174,-0.04653772727272727,0.3333333333333333,
NORMAL_CLOSE_INTENT,SAME_CLOSE_RESEARCH_COUNTERFACTUAL,2024,MARKET_RISK_REGIME,NEUTRAL,TIME_H5,21,21,-0.06917382668397642,-0.11096003546099291,0.23809523809523808,
NORMAL_CLOSE_INTENT,SAME_CLOSE_RESEARCH_COUNTERFACTUAL,2024,MARKET_RISK_REGIME,NEUTRAL,TP5_H5,21,21,-0.030965188007381222,0.04907778060413354,0.5714285714285714,
NORMAL_CLOSE_INTENT,SAME_CLOSE_RESEARCH_COUNTERFACTUAL,2024,MARKET_RISK_REGIME,NEUTRAL,TP10_H5,21,21,-0.046166694156625755,-0.08169983870967742,0.3333333333333333,
NORMAL_CLOSE_INTENT,SAME_CLOSE_RESEARCH_COUNTERFACTUAL,2024,MARKET_RISK_REGIME,NEUTRAL,TP5_SL5_H5,21,21,-0.03380733355810114,-0.05163105752469495,0.23809523809523808,
NORMAL_CLOSE_INTENT,SAME_CLOSE_RESEARCH_COUNTERFACTUAL,2024,MARKET_RISK_REGIME,NEUTRAL,TP10_SL10_H5,21,21,-0.05528598742610159,-0.10118402031930333,0.23809523809523808,
NORMAL_CLOSE_INTENT,SAME_CLOSE_RESEARCH_COUNTERFACTUAL,2024,MARKET_RISK_REGIME,NEUTRAL,TP10_SL5_H5,21,21,-0.03585459339351475,-0.05171189873417722,0.14285714285714285,
NORMAL_CLOSE_INTENT,SAME_CLOSE_RESEARCH_COUNTERFACTUAL,2024,MARKET_RISK_REGIME,RISK_ON,TIME_H1,36,36,-0.01620559318929231,-0.028354104700670194,0.4444444444444444,
NORMAL_CLOSE_INTENT,SAME_CLOSE_RESEARCH_COUNTERFACTUAL,2024,MARKET_RISK_REGIME,RISK_ON,TIME_H3,36,36,-0.030577299887716552,-0.06840142132475083,0.3333333333333333,
NORMAL_CLOSE_INTENT,SAME_CLOSE_RESEARCH_COUNTERFACTUAL,2024,MARKET_RISK_REGIME,RISK_ON,TIME_H5,36,36,-0.039207813230363764,-0.06647328353308238,0.2777777777777778,
NORMAL_CLOSE_INTENT,SAME_CLOSE_RESEARCH_COUNTERFACTUAL,2024,MARKET_RISK_REGIME,RISK_ON,TP5_H5,36,36,-0.025673704955929126,0.04901332465720326,0.5555555555555556,
NORMAL_CLOSE_INTENT,SAME_CLOSE_RESEARCH_COUNTERFACTUAL,2024,MARKET_RISK_REGIME,RISK_ON,TP10_H5,36,36,-0.026341954385018244,-0.042202771780540105,0.4166666666666667,
NORMAL_CLOSE_INTENT,SAME_CLOSE_RESEARCH_COUNTERFACTUAL,2024,MARKET_RISK_REGIME,RISK_ON,TP5_SL5_H5,36,36,-0.01694944772175796,-0.051236951020999025,0.3611111111111111,
NORMAL_CLOSE_INTENT,SAME_CLOSE_RESEARCH_COUNTERFACTUAL,2024,MARKET_RISK_REGIME,RISK_ON,TP10_SL10_H5,36,36,-0.014042799197202277,-0.07852977472527473,0.4166666666666667,
NORMAL_CLOSE_INTENT,SAME_CLOSE_RESEARCH_COUNTERFACTUAL,2024,MARKET_RISK_REGIME,RISK_ON,TP10_SL5_H5,36,36,-0.02270216345889314,-0.05153319924299671,0.2222222222222222,
NORMAL_CLOSE_INTENT,SAME_CLOSE_RESEARCH_COUNTERFACTUAL,2024,MARKET_RISK_REGIME,MISSING,TIME_H1,0,0,,,,N_LT_10_NO_SHORTLIST
NORMAL_CLOSE_INTENT,SAME_CLOSE_RESEARCH_COUNTERFACTUAL,2024,MARKET_RISK_REGIME,MISSING,TIME_H3,0,0,,,,N_LT_10_NO_SHORTLIST
NORMAL_CLOSE_INTENT,SAME_CLOSE_RESEARCH_COUNTERFACTUAL,2024,MARKET_RISK_REGIME,MISSING,TIME_H5,0,0,,,,N_LT_10_NO_SHORTLIST
NORMAL_CLOSE_INTENT,SAME_CLOSE_RESEARCH_COUNTERFACTUAL,2024,MARKET_RISK_REGIME,MISSING,TP5_H5,0,0,,,,N_LT_10_NO_SHORTLIST
NORMAL_CLOSE_INTENT,SAME_CLOSE_RESEARCH_COUNTERFACTUAL,2024,MARKET_RISK_REGIME,MISSING,TP10_H5,0,0,,,,N_LT_10_NO_SHORTLIST
NORMAL_CLOSE_INTENT,SAME_CLOSE_RESEARCH_COUNTERFACTUAL,2024,MARKET_RISK_REGIME,MISSING,TP5_SL5_H5,0,0,,,,N_LT_10_NO_SHORTLIST
NORMAL_CLOSE_INTENT,SAME_CLOSE_RESEARCH_COUNTERFACTUAL,2024,MARKET_RISK_REGIME,MISSING,TP10_SL10_H5,0,0,,,,N_LT_10_NO_SHORTLIST
NORMAL_CLOSE_INTENT,SAME_CLOSE_RESEARCH_COUNTERFACTUAL,2024,MARKET_RISK_REGIME,MISSING,TP10_SL5_H5,0,0,,,,N_LT_10_NO_SHORTLIST
NORMAL_CLOSE_INTENT,SAME_CLOSE_RESEARCH_COUNTERFACTUAL,2024,STYLE_REGIME,TREND_DOMINANT,TIME_H1,18,18,-0.0007003352886890542,-0.028099339274867033,0.4444444444444444,SMALL_SAMPLE_DESCRIPTIVE_ONLY
NORMAL_CLOSE_INTENT,SAME_CLOSE_RESEARCH_COUNTERFACTUAL,2024,STYLE_REGIME,TREND_DOMINANT,TIME_H3,18,18,0.00866436631858748,-0.03685445164514761,0.4444444444444444,SMALL_SAMPLE_DESCRIPTIVE_ONLY
NORMAL_CLOSE_INTENT,SAME_CLOSE_RESEARCH_COUNTERFACTUAL,2024,STYLE_REGIME,TREND_DOMINANT,TIME_H5,18,18,-0.03293202921925032,-0.026189341978522733,0.2777777777777778,SMALL_SAMPLE_DESCRIPTIVE_ONLY
NORMAL_CLOSE_INTENT,SAME_CLOSE_RESEARCH_COUNTERFACTUAL,2024,STYLE_REGIME,TREND_DOMINANT,TP5_H5,18,18,-0.00771699202032365,0.04898644821128817,0.6666666666666666,SMALL_SAMPLE_DESCRIPTIVE_ONLY
NORMAL_CLOSE_INTENT,SAME_CLOSE_RESEARCH_COUNTERFACTUAL,2024,STYLE_REGIME,TREND_DOMINANT,TP10_H5,18,18,-0.01633840261168328,-0.01865924965715309,0.3888888888888889,SMALL_SAMPLE_DESCRIPTIVE_ONLY
NORMAL_CLOSE_INTENT,SAME_CLOSE_RESEARCH_COUNTERFACTUAL,2024,STYLE_REGIME,TREND_DOMINANT,TP5_SL5_H5,18,18,-0.0288319676048148,-0.05127310212040799,0.2777777777777778,SMALL_SAMPLE_DESCRIPTIVE_ONLY
NORMAL_CLOSE_INTENT,SAME_CLOSE_RESEARCH_COUNTERFACTUAL,2024,STYLE_REGIME,TREND_DOMINANT,TP10_SL10_H5,18,18,-0.00954834658211714,-0.09137628286631007,0.3888888888888889,SMALL_SAMPLE_DESCRIPTIVE_ONLY
NORMAL_CLOSE_INTENT,SAME_CLOSE_RESEARCH_COUNTERFACTUAL,2024,STYLE_REGIME,TREND_DOMINANT,TP10_SL5_H5,18,18,-0.01859567045334768,-0.05134084001743679,0.2222222222222222,SMALL_SAMPLE_DESCRIPTIVE_ONLY
NORMAL_CLOSE_INTENT,SAME_CLOSE_RESEARCH_COUNTERFACTUAL,2024,STYLE_REGIME,MIXED,TIME_H1,17,17,-0.025966334307567805,-0.059739146666666666,0.4117647058823529,SMALL_SAMPLE_DESCRIPTIVE_ONLY
NORMAL_CLOSE_INTENT,SAME_CLOSE_RESEARCH_COUNTERFACTUAL,2024,STYLE_REGIME,MIXED,TIME_H3,17,17,-0.007029179472684703,-0.04009549645390071,0.4117647058823529,SMALL_SAMPLE_DESCRIPTIVE_ONLY
NORMAL_CLOSE_INTENT,SAME_CLOSE_RESEARCH_COUNTERFACTUAL,2024,STYLE_REGIME,MIXED,TIME_H5,17,17,-0.02021391294122265,-0.11096003546099291,0.35294117647058826,SMALL_SAMPLE_DESCRIPTIVE_ONLY
NORMAL_CLOSE_INTENT,SAME_CLOSE_RESEARCH_COUNTERFACTUAL,2024,STYLE_REGIME,MIXED,TP5_H5,17,17,-0.03196600033355334,0.049279026392961875,0.5882352941176471,SMALL_SAMPLE_DESCRIPTIVE_ONLY
NORMAL_CLOSE_INTENT,SAME_CLOSE_RESEARCH_COUNTERFACTUAL,2024,STYLE_REGIME,MIXED,TP10_H5,17,17,-0.031222873105781607,-0.04681466463414634,0.47058823529411764,SMALL_SAMPLE_DESCRIPTIVE_ONLY
NORMAL_CLOSE_INTENT,SAME_CLOSE_RESEARCH_COUNTERFACTUAL,2024,STYLE_REGIME,MIXED,TP5_SL5_H5,17,17,-0.037635756024831435,-0.05172679623085984,0.23529411764705882,SMALL_SAMPLE_DESCRIPTIVE_ONLY
NORMAL_CLOSE_INTENT,SAME_CLOSE_RESEARCH_COUNTERFACTUAL,2024,STYLE_REGIME,MIXED,TP10_SL10_H5,17,17,-0.036596193079708836,-0.10132026389866292,0.35294117647058826,SMALL_SAMPLE_DESCRIPTIVE_ONLY
NORMAL_CLOSE_INTENT,SAME_CLOSE_RESEARCH_COUNTERFACTUAL,2024,STYLE_REGIME,MIXED,TP10_SL5_H5,17,17,-0.046116099104488516,-0.05208051001821493,0.11764705882352941,SMALL_SAMPLE_DESCRIPTIVE_ONLY
NORMAL_CLOSE_INTENT,SAME_CLOSE_RESEARCH_COUNTERFACTUAL,2024,STYLE_REGIME,SHORTLINE_DOMINANT,TIME_H1,28,28,-0.029271000769218087,-0.051696462819304484,0.35714285714285715,
NORMAL_CLOSE_INTENT,SAME_CLOSE_RESEARCH_COUNTERFACTUAL,2024,STYLE_REGIME,SHORTLINE_DOMINANT,TIME_H3,28,28,-0.07433044436470193,-0.09094778189991659,0.21428571428571427,
NORMAL_CLOSE_INTENT,SAME_CLOSE_RESEARCH_COUNTERFACTUAL,2024,STYLE_REGIME,SHORTLINE_DOMINANT,TIME_H5,28,28,-0.08691389101771112,-0.09220841976385334,0.17857142857142858,
NORMAL_CLOSE_INTENT,SAME_CLOSE_RESEARCH_COUNTERFACTUAL,2024,STYLE_REGIME,SHORTLINE_DOMINANT,TP5_H5,28,28,-0.038108190539170965,-0.022354422938507493,0.4642857142857143,
NORMAL_CLOSE_INTENT,SAME_CLOSE_RESEARCH_COUNTERFACTUAL,2024,STYLE_REGIME,SHORTLINE_DOMINANT,TP10_H5,28,28,-0.05164663596654516,-0.060491659106613464,0.32142857142857145,
NORMAL_CLOSE_INTENT,SAME_CLOSE_RESEARCH_COUNTERFACTUAL,2024,STYLE_REGIME,SHORTLINE_DOMINANT,TP5_SL5_H5,28,28,-0.01798148736095522,-0.05123525584851715,0.35714285714285715,
NORMAL_CLOSE_INTENT,SAME_CLOSE_RESEARCH_COUNTERFACTUAL,2024,STYLE_REGIME,SHORTLINE_DOMINANT,TP10_SL10_H5,28,28,-0.03906692060825022,-0.101039,0.32142857142857145,
NORMAL_CLOSE_INTENT,SAME_CLOSE_RESEARCH_COUNTERFACTUAL,2024,STYLE_REGIME,SHORTLINE_DOMINANT,TP10_SL5_H5,28,28,-0.02655929298818383,-0.05140279945678963,0.21428571428571427,
NORMAL_CLOSE_INTENT,SAME_CLOSE_RESEARCH_COUNTERFACTUAL,2024,STYLE_REGIME,MISSING,TIME_H1,0,0,,,,N_LT_10_NO_SHORTLIST
NORMAL_CLOSE_INTENT,SAME_CLOSE_RESEARCH_COUNTERFACTUAL,2024,STYLE_REGIME,MISSING,TIME_H3,0,0,,,,N_LT_10_NO_SHORTLIST
NORMAL_CLOSE_INTENT,SAME_CLOSE_RESEARCH_COUNTERFACTUAL,2024,STYLE_REGIME,MISSING,TIME_H5,0,0,,,,N_LT_10_NO_SHORTLIST
NORMAL_CLOSE_INTENT,SAME_CLOSE_RESEARCH_COUNTERFACTUAL,2024,STYLE_REGIME,MISSING,TP5_H5,0,0,,,,N_LT_10_NO_SHORTLIST
NORMAL_CLOSE_INTENT,SAME_CLOSE_RESEARCH_COUNTERFACTUAL,2024,STYLE_REGIME,MISSING,TP10_H5,0,0,,,,N_LT_10_NO_SHORTLIST
NORMAL_CLOSE_INTENT,SAME_CLOSE_RESEARCH_COUNTERFACTUAL,2024,STYLE_REGIME,MISSING,TP5_SL5_H5,0,0,,,,N_LT_10_NO_SHORTLIST
NORMAL_CLOSE_INTENT,SAME_CLOSE_RESEARCH_COUNTERFACTUAL,2024,STYLE_REGIME,MISSING,TP10_SL10_H5,0,0,,,,N_LT_10_NO_SHORTLIST
NORMAL_CLOSE_INTENT,SAME_CLOSE_RESEARCH_COUNTERFACTUAL,2024,STYLE_REGIME,MISSING,TP10_SL5_H5,0,0,,,,N_LT_10_NO_SHORTLIST
NORMAL_CLOSE_INTENT,SAME_CLOSE_RESEARCH_COUNTERFACTUAL,2025,MARKET_RISK_REGIME,RISK_OFF,TIME_H1,11,11,0.0009807188470624176,-0.004234358441558441,0.45454545454545453,SMALL_SAMPLE_DESCRIPTIVE_ONLY
NORMAL_CLOSE_INTENT,SAME_CLOSE_RESEARCH_COUNTERFACTUAL,2025,MARKET_RISK_REGIME,RISK_OFF,TIME_H3,11,11,0.021589971773916587,0.02506844758064516,0.6363636363636364,SMALL_SAMPLE_DESCRIPTIVE_ONLY
NORMAL_CLOSE_INTENT,SAME_CLOSE_RESEARCH_COUNTERFACTUAL,2025,MARKET_RISK_REGIME,RISK_OFF,TIME_H5,11,11,0.03439604263330385,0.0895323185483871,0.7272727272727273,SMALL_SAMPLE_DESCRIPTIVE_ONLY
NORMAL_CLOSE_INTENT,SAME_CLOSE_RESEARCH_COUNTERFACTUAL,2025,MARKET_RISK_REGIME,RISK_OFF,TP5_H5,11,11,-0.0010900573283634995,0.049146,0.8181818181818182,SMALL_SAMPLE_DESCRIPTIVE_ONLY
NORMAL_CLOSE_INTENT,SAME_CLOSE_RESEARCH_COUNTERFACTUAL,2025,MARKET_RISK_REGIME,RISK_OFF,TP10_H5,11,11,0.02623388228868415,0.09897935920577618,0.7272727272727273,SMALL_SAMPLE_DESCRIPTIVE_ONLY
NORMAL_CLOSE_INTENT,SAME_CLOSE_RESEARCH_COUNTERFACTUAL,2025,MARKET_RISK_REGIME,RISK_OFF,TP5_SL5_H5,11,11,-0.005052053162527325,0.04892967960288808,0.5454545454545454,SMALL_SAMPLE_DESCRIPTIVE_ONLY
NORMAL_CLOSE_INTENT,SAME_CLOSE_RESEARCH_COUNTERFACTUAL,2025,MARKET_RISK_REGIME,RISK_OFF,TP10_SL10_H5,11,11,0.018154028882960405,0.09897935920577618,0.6363636363636364,SMALL_SAMPLE_DESCRIPTIVE_ONLY
NORMAL_CLOSE_INTENT,SAME_CLOSE_RESEARCH_COUNTERFACTUAL,2025,MARKET_RISK_REGIME,RISK_OFF,TP10_SL5_H5,11,11,0.022163962656325684,0.098799,0.5454545454545454,SMALL_SAMPLE_DESCRIPTIVE_ONLY
NORMAL_CLOSE_INTENT,SAME_CLOSE_RESEARCH_COUNTERFACTUAL,2025,MARKET_RISK_REGIME,NEUTRAL,TIME_H1,37,37,-0.010136495675535767,-0.012191357340720221,0.3783783783783784,
NORMAL_CLOSE_INTENT,SAME_CLOSE_RESEARCH_COUNTERFACTUAL,2025,MARKET_RISK_REGIME,NEUTRAL,TIME_H3,37,37,-0.005231987154871676,-0.00112,0.4864864864864865,
NORMAL_CLOSE_INTENT,SAME_CLOSE_RESEARCH_COUNTERFACTUAL,2025,MARKET_RISK_REGIME,NEUTRAL,TIME_H5,37,37,-0.017949164607274498,-0.03350115740740741,0.40540540540540543,
NORMAL_CLOSE_INTENT,SAME_CLOSE_RESEARCH_COUNTERFACTUAL,2025,MARKET_RISK_REGIME,NEUTRAL,TP5_H5,37,37,-0.02009516318093799,0.04891222125181951,0.6486486486486487,
NORMAL_CLOSE_INTENT,SAME_CLOSE_RESEARCH_COUNTERFACTUAL,2025,MARKET_RISK_REGIME,NEUTRAL,TP10_H5,37,37,0.0007295115796130249,0.098799,0.5945945945945946,
NORMAL_CLOSE_INTENT,SAME_CLOSE_RESEARCH_COUNTERFACTUAL,2025,MARKET_RISK_REGIME,NEUTRAL,TP5_SL5_H5,37,37,-0.01877532297864054,-0.05117726810176125,0.3783783783783784,
NORMAL_CLOSE_INTENT,SAME_CLOSE_RESEARCH_COUNTERFACTUAL,2025,MARKET_RISK_REGIME,NEUTRAL,TP10_SL10_H5,37,37,0.01040649579269451,0.098799,0.5675675675675675,
NORMAL_CLOSE_INTENT,SAME_CLOSE_RESEARCH_COUNTERFACTUAL,2025,MARKET_RISK_REGIME,NEUTRAL,TP10_SL5_H5,37,37,-0.0068076195347140465,-0.05123369598765432,0.32432432432432434,
NORMAL_CLOSE_INTENT,SAME_CLOSE_RESEARCH_COUNTERFACTUAL,2025,MARKET_RISK_REGIME,RISK_ON,TIME_H1,63,63,-0.025536613923235196,-0.03798770331325301,0.36507936507936506,
NORMAL_CLOSE_INTENT,SAME_CLOSE_RESEARCH_COUNTERFACTUAL,2025,MARKET_RISK_REGIME,RISK_ON,TIME_H3,63,63,-0.05637092647786493,-0.06555687604690118,0.2698412698412698,
NORMAL_CLOSE_INTENT,SAME_CLOSE_RESEARCH_COUNTERFACTUAL,2025,MARKET_RISK_REGIME,RISK_ON,TIME_H5,63,63,-0.07042746460816152,-0.0737173984375,0.23809523809523808,
NORMAL_CLOSE_INTENT,SAME_CLOSE_RESEARCH_COUNTERFACTUAL,2025,MARKET_RISK_REGIME,RISK_ON,TP5_H5,63,63,-0.040325609076026905,0.0488395,0.5555555555555556,
NORMAL_CLOSE_INTENT,SAME_CLOSE_RESEARCH_COUNTERFACTUAL,2025,MARKET_RISK_REGIME,RISK_ON,TP10_H5,63,63,-0.04830320822660147,-0.06633519813519813,0.36507936507936506,
NORMAL_CLOSE_INTENT,SAME_CLOSE_RESEARCH_COUNTERFACTUAL,2025,MARKET_RISK_REGIME,RISK_ON,TP5_SL5_H5,63,63,-0.03091722812479135,-0.051264459070341425,0.23809523809523808,
NORMAL_CLOSE_INTENT,SAME_CLOSE_RESEARCH_COUNTERFACTUAL,2025,MARKET_RISK_REGIME,RISK_ON,TP10_SL10_H5,63,63,-0.03281173873893818,-0.101039,0.31746031746031744,
NORMAL_CLOSE_INTENT,SAME_CLOSE_RESEARCH_COUNTERFACTUAL,2025,MARKET_RISK_REGIME,RISK_ON,TP10_SL5_H5,63,63,-0.031826578053397045,-0.051300886262924665,0.15873015873015872,
NORMAL_CLOSE_INTENT,SAME_CLOSE_RESEARCH_COUNTERFACTUAL,2025,MARKET_RISK_REGIME,MISSING,TIME_H1,0,0,,,,N_LT_10_NO_SHORTLIST
NORMAL_CLOSE_INTENT,SAME_CLOSE_RESEARCH_COUNTERFACTUAL,2025,MARKET_RISK_REGIME,MISSING,TIME_H3,0,0,,,,N_LT_10_NO_SHORTLIST
NORMAL_CLOSE_INTENT,SAME_CLOSE_RESEARCH_COUNTERFACTUAL,2025,MARKET_RISK_REGIME,MISSING,TIME_H5,0,0,,,,N_LT_10_NO_SHORTLIST
NORMAL_CLOSE_INTENT,SAME_CLOSE_RESEARCH_COUNTERFACTUAL,2025,MARKET_RISK_REGIME,MISSING,TP5_H5,0,0,,,,N_LT_10_NO_SHORTLIST
NORMAL_CLOSE_INTENT,SAME_CLOSE_RESEARCH_COUNTERFACTUAL,2025,MARKET_RISK_REGIME,MISSING,TP10_H5,0,0,,,,N_LT_10_NO_SHORTLIST
NORMAL_CLOSE_INTENT,SAME_CLOSE_RESEARCH_COUNTERFACTUAL,2025,MARKET_RISK_REGIME,MISSING,TP5_SL5_H5,0,0,,,,N_LT_10_NO_SHORTLIST
NORMAL_CLOSE_INTENT,SAME_CLOSE_RESEARCH_COUNTERFACTUAL,2025,MARKET_RISK_REGIME,MISSING,TP10_SL10_H5,0,0,,,,N_LT_10_NO_SHORTLIST
NORMAL_CLOSE_INTENT,SAME_CLOSE_RESEARCH_COUNTERFACTUAL,2025,MARKET_RISK_REGIME,MISSING,TP10_SL5_H5,0,0,,,,N_LT_10_NO_SHORTLIST
NORMAL_CLOSE_INTENT,SAME_CLOSE_RESEARCH_COUNTERFACTUAL,2025,STYLE_REGIME,TREND_DOMINANT,TIME_H1,57,57,-0.017446615254078306,-0.035295715571557154,0.40350877192982454,
NORMAL_CLOSE_INTENT,SAME_CLOSE_RESEARCH_COUNTERFACTUAL,2025,STYLE_REGIME,TREND_DOMINANT,TIME_H3,57,57,-0.020581544015222383,-0.029546458036984354,0.40350877192982454,
NORMAL_CLOSE_INTENT,SAME_CLOSE_RESEARCH_COUNTERFACTUAL,2025,STYLE_REGIME,TREND_DOMINANT,TIME_H5,57,57,-0.04446425847760526,-0.06040781164942841,0.2982456140350877,
NORMAL_CLOSE_INTENT,SAME_CLOSE_RESEARCH_COUNTERFACTUAL,2025,STYLE_REGIME,TREND_DOMINANT,TP5_H5,57,57,-0.032326194836611824,0.048860238688252386,0.5614035087719298,
NORMAL_CLOSE_INTENT,SAME_CLOSE_RESEARCH_COUNTERFACTUAL,2025,STYLE_REGIME,TREND_DOMINANT,TP10_H5,57,57,-0.03150859904598086,-0.05933551906779661,0.42105263157894735,
NORMAL_CLOSE_INTENT,SAME_CLOSE_RESEARCH_COUNTERFACTUAL,2025,STYLE_REGIME,TREND_DOMINANT,TP5_SL5_H5,57,57,-0.023711694532684544,-0.05123611285266458,0.2982456140350877,
NORMAL_CLOSE_INTENT,SAME_CLOSE_RESEARCH_COUNTERFACTUAL,2025,STYLE_REGIME,TREND_DOMINANT,TP10_SL10_H5,57,57,-0.017926285432128736,-0.0847123660130719,0.40350877192982454,
NORMAL_CLOSE_INTENT,SAME_CLOSE_RESEARCH_COUNTERFACTUAL,2025,STYLE_REGIME,TREND_DOMINANT,TP10_SL5_H5,57,57,-0.012301100563431526,-0.051264459070341425,0.2807017543859649,
NORMAL_CLOSE_INTENT,SAME_CLOSE_RESEARCH_COUNTERFACTUAL,2025,STYLE_REGIME,MIXED,TIME_H1,23,23,-0.003603346171231373,-0.00112,0.4782608695652174,
NORMAL_CLOSE_INTENT,SAME_CLOSE_RESEARCH_COUNTERFACTUAL,2025,STYLE_REGIME,MIXED,TIME_H3,23,23,-0.02775575293293019,-0.02577106907894737,0.34782608695652173,
NORMAL_CLOSE_INTENT,SAME_CLOSE_RESEARCH_COUNTERFACTUAL,2025,STYLE_REGIME,MIXED,TIME_H5,23,23,-0.03665908933227193,-0.053001019230769233,0.391304347826087,
NORMAL_CLOSE_INTENT,SAME_CLOSE_RESEARCH_COUNTERFACTUAL,2025,STYLE_REGIME,MIXED,TP5_H5,23,23,-0.001381117979063464,0.04899611285266458,0.782608695652174,
NORMAL_CLOSE_INTENT,SAME_CLOSE_RESEARCH_COUNTERFACTUAL,2025,STYLE_REGIME,MIXED,TP10_H5,23,23,0.00010579957040589313,0.02259495253164557,0.5217391304347826,
NORMAL_CLOSE_INTENT,SAME_CLOSE_RESEARCH_COUNTERFACTUAL,2025,STYLE_REGIME,MIXED,TP5_SL5_H5,23,23,-0.02332891945959908,-0.0510795,0.34782608695652173,
NORMAL_CLOSE_INTENT,SAME_CLOSE_RESEARCH_COUNTERFACTUAL,2025,STYLE_REGIME,MIXED,TP10_SL10_H5,23,23,-0.004961059688627908,-0.053001019230769233,0.43478260869565216,
NORMAL_CLOSE_INTENT,SAME_CLOSE_RESEARCH_COUNTERFACTUAL,2025,STYLE_REGIME,MIXED,TP10_SL5_H5,23,23,-0.02406106043105052,-0.05117288224299065,0.21739130434782608,
NORMAL_CLOSE_INTENT,SAME_CLOSE_RESEARCH_COUNTERFACTUAL,2025,STYLE_REGIME,SHORTLINE_DOMINANT,TIME_H1,31,31,-0.02889467994903772,-0.03929130337078652,0.25806451612903225,
NORMAL_CLOSE_INTENT,SAME_CLOSE_RESEARCH_COUNTERFACTUAL,2025,STYLE_REGIME,SHORTLINE_DOMINANT,TIME_H3,31,31,-0.05470747990314805,-0.04818329710144927,0.3548387096774194,
NORMAL_CLOSE_INTENT,SAME_CLOSE_RESEARCH_COUNTERFACTUAL,2025,STYLE_REGIME,SHORTLINE_DOMINANT,TIME_H5,31,31,-0.04338939045003987,-0.06249156852791878,0.3870967741935484,
NORMAL_CLOSE_INTENT,SAME_CLOSE_RESEARCH_COUNTERFACTUAL,2025,STYLE_REGIME,SHORTLINE_DOMINANT,TP5_H5,31,31,-0.04586020067390534,0.04887470754052149,0.5806451612903226,
NORMAL_CLOSE_INTENT,SAME_CLOSE_RESEARCH_COUNTERFACTUAL,2025,STYLE_REGIME,SHORTLINE_DOMINANT,TP10_H5,31,31,-0.0301284106178423,0.098799,0.5483870967741935,
NORMAL_CLOSE_INTENT,SAME_CLOSE_RESEARCH_COUNTERFACTUAL,2025,STYLE_REGIME,SHORTLINE_DOMINANT,TP5_SL5_H5,31,31,-0.02612623132017928,-0.05118166666666667,0.3225806451612903,
NORMAL_CLOSE_INTENT,SAME_CLOSE_RESEARCH_COUNTERFACTUAL,2025,STYLE_REGIME,SHORTLINE_DOMINANT,TP10_SL10_H5,31,31,-0.011177491485195624,-0.101039,0.4838709677419355,
NORMAL_CLOSE_INTENT,SAME_CLOSE_RESEARCH_COUNTERFACTUAL,2025,STYLE_REGIME,SHORTLINE_DOMINANT,TP10_SL5_H5,31,31,-0.02447050415803524,-0.05142404827586207,0.22580645161290322,
NORMAL_CLOSE_INTENT,SAME_CLOSE_RESEARCH_COUNTERFACTUAL,2025,STYLE_REGIME,MISSING,TIME_H1,0,0,,,,N_LT_10_NO_SHORTLIST
NORMAL_CLOSE_INTENT,SAME_CLOSE_RESEARCH_COUNTERFACTUAL,2025,STYLE_REGIME,MISSING,TIME_H3,0,0,,,,N_LT_10_NO_SHORTLIST
NORMAL_CLOSE_INTENT,SAME_CLOSE_RESEARCH_COUNTERFACTUAL,2025,STYLE_REGIME,MISSING,TIME_H5,0,0,,,,N_LT_10_NO_SHORTLIST
NORMAL_CLOSE_INTENT,SAME_CLOSE_RESEARCH_COUNTERFACTUAL,2025,STYLE_REGIME,MISSING,TP5_H5,0,0,,,,N_LT_10_NO_SHORTLIST
NORMAL_CLOSE_INTENT,SAME_CLOSE_RESEARCH_COUNTERFACTUAL,2025,STYLE_REGIME,MISSING,TP10_H5,0,0,,,,N_LT_10_NO_SHORTLIST
NORMAL_CLOSE_INTENT,SAME_CLOSE_RESEARCH_COUNTERFACTUAL,2025,STYLE_REGIME,MISSING,TP5_SL5_H5,0,0,,,,N_LT_10_NO_SHORTLIST
NORMAL_CLOSE_INTENT,SAME_CLOSE_RESEARCH_COUNTERFACTUAL,2025,STYLE_REGIME,MISSING,TP10_SL10_H5,0,0,,,,N_LT_10_NO_SHORTLIST
NORMAL_CLOSE_INTENT,SAME_CLOSE_RESEARCH_COUNTERFACTUAL,2025,STYLE_REGIME,MISSING,TP10_SL5_H5,0,0,,,,N_LT_10_NO_SHORTLIST
NORMAL_CLOSE_INTENT,SAME_CLOSE_RESEARCH_COUNTERFACTUAL,2026,MARKET_RISK_REGIME,RISK_OFF,TIME_H1,11,11,0.0155961211781538,0.04721626714801444,0.7272727272727273,SMALL_SAMPLE_DESCRIPTIVE_ONLY
NORMAL_CLOSE_INTENT,SAME_CLOSE_RESEARCH_COUNTERFACTUAL,2026,MARKET_RISK_REGIME,RISK_OFF,TIME_H3,11,11,0.020097899266974886,0.002880760760760761,0.5454545454545454,SMALL_SAMPLE_DESCRIPTIVE_ONLY
NORMAL_CLOSE_INTENT,SAME_CLOSE_RESEARCH_COUNTERFACTUAL,2026,MARKET_RISK_REGIME,RISK_OFF,TIME_H5,11,11,0.02177419585117481,-0.04163748008689355,0.36363636363636365,SMALL_SAMPLE_DESCRIPTIVE_ONLY
NORMAL_CLOSE_INTENT,SAME_CLOSE_RESEARCH_COUNTERFACTUAL,2026,MARKET_RISK_REGIME,RISK_OFF,TP5_H5,11,11,-0.022520706691591123,0.049184728529121424,0.6363636363636364,SMALL_SAMPLE_DESCRIPTIVE_ONLY
NORMAL_CLOSE_INTENT,SAME_CLOSE_RESEARCH_COUNTERFACTUAL,2026,MARKET_RISK_REGIME,RISK_OFF,TP10_H5,11,11,-0.030536749465906732,-0.04163748008689355,0.45454545454545453,SMALL_SAMPLE_DESCRIPTIVE_ONLY
NORMAL_CLOSE_INTENT,SAME_CLOSE_RESEARCH_COUNTERFACTUAL,2026,MARKET_RISK_REGIME,RISK_OFF,TP5_SL5_H5,11,11,0.000169604682431984,0.049184728529121424,0.6363636363636364,SMALL_SAMPLE_DESCRIPTIVE_ONLY
NORMAL_CLOSE_INTENT,SAME_CLOSE_RESEARCH_COUNTERFACTUAL,2026,MARKET_RISK_REGIME,RISK_OFF,TP10_SL10_H5,11,11,-0.014506838877015179,-0.04612855855855856,0.45454545454545453,SMALL_SAMPLE_DESCRIPTIVE_ONLY
NORMAL_CLOSE_INTENT,SAME_CLOSE_RESEARCH_COUNTERFACTUAL,2026,MARKET_RISK_REGIME,RISK_OFF,TP10_SL5_H5,11,11,0.009714206782415847,-0.05112950950950951,0.45454545454545453,SMALL_SAMPLE_DESCRIPTIVE_ONLY
NORMAL_CLOSE_INTENT,SAME_CLOSE_RESEARCH_COUNTERFACTUAL,2026,MARKET_RISK_REGIME,NEUTRAL,TIME_H1,26,26,-0.003189694954373189,0.0038288990347450625,0.5,
NORMAL_CLOSE_INTENT,SAME_CLOSE_RESEARCH_COUNTERFACTUAL,2026,MARKET_RISK_REGIME,NEUTRAL,TIME_H3,26,26,-0.00964647096191902,-0.013012191509742446,0.4230769230769231,
NORMAL_CLOSE_INTENT,SAME_CLOSE_RESEARCH_COUNTERFACTUAL,2026,MARKET_RISK_REGIME,NEUTRAL,TIME_H5,26,26,-0.009068779658844433,-0.008710710290293472,0.46153846153846156,
NORMAL_CLOSE_INTENT,SAME_CLOSE_RESEARCH_COUNTERFACTUAL,2026,MARKET_RISK_REGIME,NEUTRAL,TP5_H5,26,26,-0.021134199899442277,0.048905873827712235,0.6923076923076923,
NORMAL_CLOSE_INTENT,SAME_CLOSE_RESEARCH_COUNTERFACTUAL,2026,MARKET_RISK_REGIME,NEUTRAL,TP10_H5,26,26,-0.03657579287266587,0.026442025149146908,0.5384615384615384,
NORMAL_CLOSE_INTENT,SAME_CLOSE_RESEARCH_COUNTERFACTUAL,2026,MARKET_RISK_REGIME,NEUTRAL,TP5_SL5_H5,26,26,-0.029134512659649853,-0.051357581852840256,0.3076923076923077,
NORMAL_CLOSE_INTENT,SAME_CLOSE_RESEARCH_COUNTERFACTUAL,2026,MARKET_RISK_REGIME,NEUTRAL,TP10_SL10_H5,26,26,-0.025084900562281263,-0.101039,0.46153846153846156,
NORMAL_CLOSE_INTENT,SAME_CLOSE_RESEARCH_COUNTERFACTUAL,2026,MARKET_RISK_REGIME,NEUTRAL,TP10_SL5_H5,26,26,-0.03132551114251013,-0.05148503739199477,0.19230769230769232,
NORMAL_CLOSE_INTENT,SAME_CLOSE_RESEARCH_COUNTERFACTUAL,2026,MARKET_RISK_REGIME,RISK_ON,TIME_H1,31,31,-0.03906322953443515,-0.05960478162989644,0.3225806451612903,
NORMAL_CLOSE_INTENT,SAME_CLOSE_RESEARCH_COUNTERFACTUAL,2026,MARKET_RISK_REGIME,RISK_ON,TIME_H3,31,29,-0.06978424610036152,-0.10926762352941176,0.2413793103448276,
NORMAL_CLOSE_INTENT,SAME_CLOSE_RESEARCH_COUNTERFACTUAL,2026,MARKET_RISK_REGIME,RISK_ON,TIME_H5,31,29,-0.08613045364024327,-0.13742011712022045,0.3448275862068966,
NORMAL_CLOSE_INTENT,SAME_CLOSE_RESEARCH_COUNTERFACTUAL,2026,MARKET_RISK_REGIME,RISK_ON,TP5_H5,31,30,-0.08156906821018309,-0.07762913671711247,0.4666666666666667,
NORMAL_CLOSE_INTENT,SAME_CLOSE_RESEARCH_COUNTERFACTUAL,2026,MARKET_RISK_REGIME,RISK_ON,TP10_H5,31,30,-0.07216090298349459,-0.11457682960568843,0.43333333333333335,
NORMAL_CLOSE_INTENT,SAME_CLOSE_RESEARCH_COUNTERFACTUAL,2026,MARKET_RISK_REGIME,RISK_ON,TP5_SL5_H5,31,31,-0.02603077141088218,-0.05132018582243634,0.2903225806451613,
NORMAL_CLOSE_INTENT,SAME_CLOSE_RESEARCH_COUNTERFACTUAL,2026,MARKET_RISK_REGIME,RISK_ON,TP10_SL10_H5,31,31,-0.04424089074998533,-0.1011219892026578,0.3548387096774194,
NORMAL_CLOSE_INTENT,SAME_CLOSE_RESEARCH_COUNTERFACTUAL,2026,MARKET_RISK_REGIME,RISK_ON,TP10_SL5_H5,31,31,-0.016554043059090136,-0.051328467607973424,0.25806451612903225,
NORMAL_CLOSE_INTENT,SAME_CLOSE_RESEARCH_COUNTERFACTUAL,2026,MARKET_RISK_REGIME,MISSING,TIME_H1,0,0,,,,N_LT_10_NO_SHORTLIST
NORMAL_CLOSE_INTENT,SAME_CLOSE_RESEARCH_COUNTERFACTUAL,2026,MARKET_RISK_REGIME,MISSING,TIME_H3,0,0,,,,N_LT_10_NO_SHORTLIST
NORMAL_CLOSE_INTENT,SAME_CLOSE_RESEARCH_COUNTERFACTUAL,2026,MARKET_RISK_REGIME,MISSING,TIME_H5,0,0,,,,N_LT_10_NO_SHORTLIST
NORMAL_CLOSE_INTENT,SAME_CLOSE_RESEARCH_COUNTERFACTUAL,2026,MARKET_RISK_REGIME,MISSING,TP5_H5,0,0,,,,N_LT_10_NO_SHORTLIST
NORMAL_CLOSE_INTENT,SAME_CLOSE_RESEARCH_COUNTERFACTUAL,2026,MARKET_RISK_REGIME,MISSING,TP10_H5,0,0,,,,N_LT_10_NO_SHORTLIST
NORMAL_CLOSE_INTENT,SAME_CLOSE_RESEARCH_COUNTERFACTUAL,2026,MARKET_RISK_REGIME,MISSING,TP5_SL5_H5,0,0,,,,N_LT_10_NO_SHORTLIST
NORMAL_CLOSE_INTENT,SAME_CLOSE_RESEARCH_COUNTERFACTUAL,2026,MARKET_RISK_REGIME,MISSING,TP10_SL10_H5,0,0,,,,N_LT_10_NO_SHORTLIST
NORMAL_CLOSE_INTENT,SAME_CLOSE_RESEARCH_COUNTERFACTUAL,2026,MARKET_RISK_REGIME,MISSING,TP10_SL5_H5,0,0,,,,N_LT_10_NO_SHORTLIST
NORMAL_CLOSE_INTENT,SAME_CLOSE_RESEARCH_COUNTERFACTUAL,2026,STYLE_REGIME,TREND_DOMINANT,TIME_H1,24,24,-0.02361511820213957,-0.004397925865068719,0.5,
NORMAL_CLOSE_INTENT,SAME_CLOSE_RESEARCH_COUNTERFACTUAL,2026,STYLE_REGIME,TREND_DOMINANT,TIME_H3,24,23,-0.050363081346001176,-0.01911531742458352,0.30434782608695654,
NORMAL_CLOSE_INTENT,SAME_CLOSE_RESEARCH_COUNTERFACTUAL,2026,STYLE_REGIME,TREND_DOMINANT,TIME_H5,24,23,-0.04163824099608381,-0.04898817209302326,0.43478260869565216,
NORMAL_CLOSE_INTENT,SAME_CLOSE_RESEARCH_COUNTERFACTUAL,2026,STYLE_REGIME,TREND_DOMINANT,TP5_H5,24,23,-0.04262900500325361,0.0488395,0.5652173913043478,
NORMAL_CLOSE_INTENT,SAME_CLOSE_RESEARCH_COUNTERFACTUAL,2026,STYLE_REGIME,TREND_DOMINANT,TP10_H5,24,23,-0.032875567645708974,0.009064269535673838,0.5217391304347826,
NORMAL_CLOSE_INTENT,SAME_CLOSE_RESEARCH_COUNTERFACTUAL,2026,STYLE_REGIME,TREND_DOMINANT,TP5_SL5_H5,24,24,-0.030103559963141718,-0.0513160277949391,0.2916666666666667,
NORMAL_CLOSE_INTENT,SAME_CLOSE_RESEARCH_COUNTERFACTUAL,2026,STYLE_REGIME,TREND_DOMINANT,TP10_SL10_H5,24,24,-0.022757616440095173,-0.08023206864988558,0.4583333333333333,
NORMAL_CLOSE_INTENT,SAME_CLOSE_RESEARCH_COUNTERFACTUAL,2026,STYLE_REGIME,TREND_DOMINANT,TP10_SL5_H5,24,24,-0.021855323749062235,-0.05136749224007723,0.25,
NORMAL_CLOSE_INTENT,SAME_CLOSE_RESEARCH_COUNTERFACTUAL,2026,STYLE_REGIME,MIXED,TIME_H1,25,25,-0.017170816235276196,-0.05252860151933702,0.4,
NORMAL_CLOSE_INTENT,SAME_CLOSE_RESEARCH_COUNTERFACTUAL,2026,STYLE_REGIME,MIXED,TIME_H3,25,24,-0.048472856070079895,-0.0872391095533136,0.2916666666666667,
NORMAL_CLOSE_INTENT,SAME_CLOSE_RESEARCH_COUNTERFACTUAL,2026,STYLE_REGIME,MIXED,TIME_H5,25,24,-0.06262887192632098,-0.14259986222004162,0.2916666666666667,
NORMAL_CLOSE_INTENT,SAME_CLOSE_RESEARCH_COUNTERFACTUAL,2026,STYLE_REGIME,MIXED,TP5_H5,25,25,-0.06461292995910838,0.0488395,0.52,
NORMAL_CLOSE_INTENT,SAME_CLOSE_RESEARCH_COUNTERFACTUAL,2026,STYLE_REGIME,MIXED,TP10_H5,25,25,-0.07786230982761952,-0.13742011712022045,0.4,
NORMAL_CLOSE_INTENT,SAME_CLOSE_RESEARCH_COUNTERFACTUAL,2026,STYLE_REGIME,MIXED,TP5_SL5_H5,25,25,-0.018863372926346447,-0.051172189239332096,0.36,
NORMAL_CLOSE_INTENT,SAME_CLOSE_RESEARCH_COUNTERFACTUAL,2026,STYLE_REGIME,MIXED,TP10_SL10_H5,25,25,-0.04634004317214083,-0.10113516843118384,0.36,
NORMAL_CLOSE_INTENT,SAME_CLOSE_RESEARCH_COUNTERFACTUAL,2026,STYLE_REGIME,MIXED,TP10_SL5_H5,25,25,-0.015239764628479757,-0.05125143090019924,0.28,
NORMAL_CLOSE_INTENT,SAME_CLOSE_RESEARCH_COUNTERFACTUAL,2026,STYLE_REGIME,SHORTLINE_DOMINANT,TIME_H1,19,19,-0.0066474530888550615,-0.011200100882723834,0.47368421052631576,SMALL_SAMPLE_DESCRIPTIVE_ONLY
NORMAL_CLOSE_INTENT,SAME_CLOSE_RESEARCH_COUNTERFACTUAL,2026,STYLE_REGIME,SHORTLINE_DOMINANT,TIME_H3,19,19,0.014117101402962616,0.002880760760760761,0.5263157894736842,SMALL_SAMPLE_DESCRIPTIVE_ONLY
NORMAL_CLOSE_INTENT,SAME_CLOSE_RESEARCH_COUNTERFACTUAL,2026,STYLE_REGIME,SHORTLINE_DOMINANT,TIME_H5,19,19,-0.001751726483813476,-0.0007753328734046223,0.47368421052631576,SMALL_SAMPLE_DESCRIPTIVE_ONLY
NORMAL_CLOSE_INTENT,SAME_CLOSE_RESEARCH_COUNTERFACTUAL,2026,STYLE_REGIME,SHORTLINE_DOMINANT,TP5_H5,19,19,-0.03413150806557641,0.04889986880718108,0.6842105263157895,SMALL_SAMPLE_DESCRIPTIVE_ONLY
NORMAL_CLOSE_INTENT,SAME_CLOSE_RESEARCH_COUNTERFACTUAL,2026,STYLE_REGIME,SHORTLINE_DOMINANT,TP10_H5,19,19,-0.039421376146175253,0.006916380697050938,0.5263157894736842,SMALL_SAMPLE_DESCRIPTIVE_ONLY
NORMAL_CLOSE_INTENT,SAME_CLOSE_RESEARCH_COUNTERFACTUAL,2026,STYLE_REGIME,SHORTLINE_DOMINANT,TP5_SL5_H5,19,19,-0.019395569953022607,-0.05144957037037037,0.42105263157894735,SMALL_SAMPLE_DESCRIPTIVE_ONLY
NORMAL_CLOSE_INTENT,SAME_CLOSE_RESEARCH_COUNTERFACTUAL,2026,STYLE_REGIME,SHORTLINE_DOMINANT,TP10_SL10_H5,19,19,-0.02518770429738001,-0.101039,0.42105263157894735,SMALL_SAMPLE_DESCRIPTIVE_ONLY
NORMAL_CLOSE_INTENT,SAME_CLOSE_RESEARCH_COUNTERFACTUAL,2026,STYLE_REGIME,SHORTLINE_DOMINANT,TP10_SL5_H5,19,19,-0.016592656012683983,-0.05152050441361917,0.2631578947368421,SMALL_SAMPLE_DESCRIPTIVE_ONLY
NORMAL_CLOSE_INTENT,SAME_CLOSE_RESEARCH_COUNTERFACTUAL,2026,STYLE_REGIME,MISSING,TIME_H1,0,0,,,,N_LT_10_NO_SHORTLIST
NORMAL_CLOSE_INTENT,SAME_CLOSE_RESEARCH_COUNTERFACTUAL,2026,STYLE_REGIME,MISSING,TIME_H3,0,0,,,,N_LT_10_NO_SHORTLIST
NORMAL_CLOSE_INTENT,SAME_CLOSE_RESEARCH_COUNTERFACTUAL,2026,STYLE_REGIME,MISSING,TIME_H5,0,0,,,,N_LT_10_NO_SHORTLIST
NORMAL_CLOSE_INTENT,SAME_CLOSE_RESEARCH_COUNTERFACTUAL,2026,STYLE_REGIME,MISSING,TP5_H5,0,0,,,,N_LT_10_NO_SHORTLIST
NORMAL_CLOSE_INTENT,SAME_CLOSE_RESEARCH_COUNTERFACTUAL,2026,STYLE_REGIME,MISSING,TP10_H5,0,0,,,,N_LT_10_NO_SHORTLIST
NORMAL_CLOSE_INTENT,SAME_CLOSE_RESEARCH_COUNTERFACTUAL,2026,STYLE_REGIME,MISSING,TP5_SL5_H5,0,0,,,,N_LT_10_NO_SHORTLIST
NORMAL_CLOSE_INTENT,SAME_CLOSE_RESEARCH_COUNTERFACTUAL,2026,STYLE_REGIME,MISSING,TP10_SL10_H5,0,0,,,,N_LT_10_NO_SHORTLIST
NORMAL_CLOSE_INTENT,SAME_CLOSE_RESEARCH_COUNTERFACTUAL,2026,STYLE_REGIME,MISSING,TP10_SL5_H5,0,0,,,,N_LT_10_NO_SHORTLIST
NORMAL_CLOSE_INTENT,SAME_CLOSE_RESEARCH_COUNTERFACTUAL,DEVELOPMENT,MARKET_RISK_REGIME,RISK_OFF,TIME_H1,17,17,-0.00397447178006939,-0.004234358441558441,0.47058823529411764,SMALL_SAMPLE_DESCRIPTIVE_ONLY
NORMAL_CLOSE_INTENT,SAME_CLOSE_RESEARCH_COUNTERFACTUAL,DEVELOPMENT,MARKET_RISK_REGIME,RISK_OFF,TIME_H3,17,17,0.02169428205518622,0.01652803116883117,0.5294117647058824,SMALL_SAMPLE_DESCRIPTIVE_ONLY
NORMAL_CLOSE_INTENT,SAME_CLOSE_RESEARCH_COUNTERFACTUAL,DEVELOPMENT,MARKET_RISK_REGIME,RISK_OFF,TIME_H5,17,17,-0.007500816989427014,0.026243709543568465,0.5294117647058824,SMALL_SAMPLE_DESCRIPTIVE_ONLY
NORMAL_CLOSE_INTENT,SAME_CLOSE_RESEARCH_COUNTERFACTUAL,DEVELOPMENT,MARKET_RISK_REGIME,RISK_OFF,TP5_H5,17,17,-0.010989735363327277,0.04892967960288808,0.7058823529411765,SMALL_SAMPLE_DESCRIPTIVE_ONLY
NORMAL_CLOSE_INTENT,SAME_CLOSE_RESEARCH_COUNTERFACTUAL,DEVELOPMENT,MARKET_RISK_REGIME,RISK_OFF,TP10_H5,17,17,-0.003800132738031024,0.098799,0.5882352941176471,SMALL_SAMPLE_DESCRIPTIVE_ONLY
NORMAL_CLOSE_INTENT,SAME_CLOSE_RESEARCH_COUNTERFACTUAL,DEVELOPMENT,MARKET_RISK_REGIME,RISK_OFF,TP5_SL5_H5,17,17,-0.02339431632352571,-0.0510976736995271,0.4117647058823529,SMALL_SAMPLE_DESCRIPTIVE_ONLY
NORMAL_CLOSE_INTENT,SAME_CLOSE_RESEARCH_COUNTERFACTUAL,DEVELOPMENT,MARKET_RISK_REGIME,RISK_OFF,TP10_SL10_H5,17,17,-0.0012728513590697067,0.098799,0.5294117647058824,SMALL_SAMPLE_DESCRIPTIVE_ONLY
NORMAL_CLOSE_INTENT,SAME_CLOSE_RESEARCH_COUNTERFACTUAL,DEVELOPMENT,MARKET_RISK_REGIME,RISK_OFF,TP10_SL5_H5,17,17,-0.0028428248001273458,-0.0510976736995271,0.4117647058823529,SMALL_SAMPLE_DESCRIPTIVE_ONLY
NORMAL_CLOSE_INTENT,SAME_CLOSE_RESEARCH_COUNTERFACTUAL,DEVELOPMENT,MARKET_RISK_REGIME,NEUTRAL,TIME_H1,58,58,-0.017015806854562002,-0.03393937973234346,0.3448275862068966,
NORMAL_CLOSE_INTENT,SAME_CLOSE_RESEARCH_COUNTERFACTUAL,DEVELOPMENT,MARKET_RISK_REGIME,NEUTRAL,TIME_H3,58,58,-0.021877650581211355,-0.022257737077990503,0.43103448275862066,
NORMAL_CLOSE_INTENT,SAME_CLOSE_RESEARCH_COUNTERFACTUAL,DEVELOPMENT,MARKET_RISK_REGIME,NEUTRAL,TIME_H5,58,58,-0.03649602501435623,-0.0609135437978577,0.3448275862068966,
NORMAL_CLOSE_INTENT,SAME_CLOSE_RESEARCH_COUNTERFACTUAL,DEVELOPMENT,MARKET_RISK_REGIME,NEUTRAL,TP5_H5,58,58,-0.02403086182499502,0.048926256893562746,0.6206896551724138,
NORMAL_CLOSE_INTENT,SAME_CLOSE_RESEARCH_COUNTERFACTUAL,DEVELOPMENT,MARKET_RISK_REGIME,NEUTRAL,TP10_H5,58,58,-0.01625014911799067,0.004542180558350607,0.5,
NORMAL_CLOSE_INTENT,SAME_CLOSE_RESEARCH_COUNTERFACTUAL,DEVELOPMENT,MARKET_RISK_REGIME,NEUTRAL,TP5_SL5_H5,58,58,-0.02421794749879007,-0.05133080829148476,0.3275862068965517,
NORMAL_CLOSE_INTENT,SAME_CLOSE_RESEARCH_COUNTERFACTUAL,DEVELOPMENT,MARKET_RISK_REGIME,NEUTRAL,TP10_SL10_H5,58,58,-0.013378713648593733,-0.101039,0.4482758620689655,
NORMAL_CLOSE_INTENT,SAME_CLOSE_RESEARCH_COUNTERFACTUAL,DEVELOPMENT,MARKET_RISK_REGIME,NEUTRAL,TP10_SL5_H5,58,58,-0.01732462731117637,-0.051424787113744,0.25862068965517243,
NORMAL_CLOSE_INTENT,SAME_CLOSE_RESEARCH_COUNTERFACTUAL,DEVELOPMENT,MARKET_RISK_REGIME,RISK_ON,TIME_H1,99,99,-0.02214351547452869,-0.03643440748440748,0.3939393939393939,
NORMAL_CLOSE_INTENT,SAME_CLOSE_RESEARCH_COUNTERFACTUAL,DEVELOPMENT,MARKET_RISK_REGIME,RISK_ON,TIME_H3,99,99,-0.04699142589962916,-0.06555687604690118,0.29292929292929293,
NORMAL_CLOSE_INTENT,SAME_CLOSE_RESEARCH_COUNTERFACTUAL,DEVELOPMENT,MARKET_RISK_REGIME,RISK_ON,TIME_H5,99,99,-0.05907486410714416,-0.07207697101449276,0.25252525252525254,
NORMAL_CLOSE_INTENT,SAME_CLOSE_RESEARCH_COUNTERFACTUAL,DEVELOPMENT,MARKET_RISK_REGIME,RISK_ON,TP5_H5,99,99,-0.034997643941445895,0.048860238688252386,0.5555555555555556,
NORMAL_CLOSE_INTENT,SAME_CLOSE_RESEARCH_COUNTERFACTUAL,DEVELOPMENT,MARKET_RISK_REGIME,RISK_ON,TP10_H5,99,99,-0.040317297738753026,-0.05413569912609238,0.3838383838383838,
NORMAL_CLOSE_INTENT,SAME_CLOSE_RESEARCH_COUNTERFACTUAL,DEVELOPMENT,MARKET_RISK_REGIME,RISK_ON,TP5_SL5_H5,99,99,-0.025838035250961025,-0.05124547840531561,0.2828282828282828,
NORMAL_CLOSE_INTENT,SAME_CLOSE_RESEARCH_COUNTERFACTUAL,DEVELOPMENT,MARKET_RISK_REGIME,RISK_ON,TP10_SL10_H5,99,99,-0.02598666981467058,-0.101039,0.35353535353535354,
NORMAL_CLOSE_INTENT,SAME_CLOSE_RESEARCH_COUNTERFACTUAL,DEVELOPMENT,MARKET_RISK_REGIME,RISK_ON,TP10_SL5_H5,99,99,-0.028508609109941085,-0.051320850241545896,0.18181818181818182,
NORMAL_CLOSE_INTENT,SAME_CLOSE_RESEARCH_COUNTERFACTUAL,DEVELOPMENT,MARKET_RISK_REGIME,MISSING,TIME_H1,0,0,,,,N_LT_10_NO_SHORTLIST
NORMAL_CLOSE_INTENT,SAME_CLOSE_RESEARCH_COUNTERFACTUAL,DEVELOPMENT,MARKET_RISK_REGIME,MISSING,TIME_H3,0,0,,,,N_LT_10_NO_SHORTLIST
NORMAL_CLOSE_INTENT,SAME_CLOSE_RESEARCH_COUNTERFACTUAL,DEVELOPMENT,MARKET_RISK_REGIME,MISSING,TIME_H5,0,0,,,,N_LT_10_NO_SHORTLIST
NORMAL_CLOSE_INTENT,SAME_CLOSE_RESEARCH_COUNTERFACTUAL,DEVELOPMENT,MARKET_RISK_REGIME,MISSING,TP5_H5,0,0,,,,N_LT_10_NO_SHORTLIST
NORMAL_CLOSE_INTENT,SAME_CLOSE_RESEARCH_COUNTERFACTUAL,DEVELOPMENT,MARKET_RISK_REGIME,MISSING,TP10_H5,0,0,,,,N_LT_10_NO_SHORTLIST
NORMAL_CLOSE_INTENT,SAME_CLOSE_RESEARCH_COUNTERFACTUAL,DEVELOPMENT,MARKET_RISK_REGIME,MISSING,TP5_SL5_H5,0,0,,,,N_LT_10_NO_SHORTLIST
NORMAL_CLOSE_INTENT,SAME_CLOSE_RESEARCH_COUNTERFACTUAL,DEVELOPMENT,MARKET_RISK_REGIME,MISSING,TP10_SL10_H5,0,0,,,,N_LT_10_NO_SHORTLIST
NORMAL_CLOSE_INTENT,SAME_CLOSE_RESEARCH_COUNTERFACTUAL,DEVELOPMENT,MARKET_RISK_REGIME,MISSING,TP10_SL5_H5,0,0,,,,N_LT_10_NO_SHORTLIST
NORMAL_CLOSE_INTENT,SAME_CLOSE_RESEARCH_COUNTERFACTUAL,DEVELOPMENT,STYLE_REGIME,TREND_DOMINANT,TIME_H1,75,75,-0.013427508062384887,-0.035295715571557154,0.41333333333333333,
NORMAL_CLOSE_INTENT,SAME_CLOSE_RESEARCH_COUNTERFACTUAL,DEVELOPMENT,STYLE_REGIME,TREND_DOMINANT,TIME_H3,75,75,-0.013562525535108018,-0.029546458036984354,0.41333333333333333,
NORMAL_CLOSE_INTENT,SAME_CLOSE_RESEARCH_COUNTERFACTUAL,DEVELOPMENT,STYLE_REGIME,TREND_DOMINANT,TIME_H5,75,75,-0.04169652345560007,-0.05933551906779661,0.29333333333333333,
NORMAL_CLOSE_INTENT,SAME_CLOSE_RESEARCH_COUNTERFACTUAL,DEVELOPMENT,STYLE_REGIME,TREND_DOMINANT,TP5_H5,75,75,-0.02641998616070266,0.04889386289445049,0.5866666666666667,
NORMAL_CLOSE_INTENT,SAME_CLOSE_RESEARCH_COUNTERFACTUAL,DEVELOPMENT,STYLE_REGIME,TREND_DOMINANT,TP10_H5,75,75,-0.027867751901749446,-0.03350115740740741,0.41333333333333333,
NORMAL_CLOSE_INTENT,SAME_CLOSE_RESEARCH_COUNTERFACTUAL,DEVELOPMENT,STYLE_REGIME,TREND_DOMINANT,TP5_SL5_H5,75,75,-0.02494056006999581,-0.05123611285266458,0.29333333333333333,
NORMAL_CLOSE_INTENT,SAME_CLOSE_RESEARCH_COUNTERFACTUAL,DEVELOPMENT,STYLE_REGIME,TREND_DOMINANT,TP10_SL10_H5,75,75,-0.01591558010812595,-0.0847123660130719,0.4,
NORMAL_CLOSE_INTENT,SAME_CLOSE_RESEARCH_COUNTERFACTUAL,DEVELOPMENT,STYLE_REGIME,TREND_DOMINANT,TP10_SL5_H5,75,75,-0.013811797337011402,-0.051300886262924665,0.26666666666666666,
NORMAL_CLOSE_INTENT,SAME_CLOSE_RESEARCH_COUNTERFACTUAL,DEVELOPMENT,STYLE_REGIME,MIXED,TIME_H1,40,40,-0.013107616129174358,-0.011723032289539456,0.45,
NORMAL_CLOSE_INTENT,SAME_CLOSE_RESEARCH_COUNTERFACTUAL,DEVELOPMENT,STYLE_REGIME,MIXED,TIME_H3,40,40,-0.018946959212325858,-0.02597456275263983,0.375,
NORMAL_CLOSE_INTENT,SAME_CLOSE_RESEARCH_COUNTERFACTUAL,DEVELOPMENT,STYLE_REGIME,MIXED,TIME_H5,40,40,-0.02966988936607599,-0.05998836188811188,0.375,
NORMAL_CLOSE_INTENT,SAME_CLOSE_RESEARCH_COUNTERFACTUAL,DEVELOPMENT,STYLE_REGIME,MIXED,TP5_H5,40,40,-0.014379692979721661,0.04905701929502494,0.7,
NORMAL_CLOSE_INTENT,SAME_CLOSE_RESEARCH_COUNTERFACTUAL,DEVELOPMENT,STYLE_REGIME,MIXED,TP10_H5,40,40,-0.013208886316973794,-0.012109856051250385,0.5,
NORMAL_CLOSE_INTENT,SAME_CLOSE_RESEARCH_COUNTERFACTUAL,DEVELOPMENT,STYLE_REGIME,MIXED,TP5_SL5_H5,40,40,-0.029409324999822833,-0.05160759946941818,0.3,
NORMAL_CLOSE_INTENT,SAME_CLOSE_RESEARCH_COUNTERFACTUAL,DEVELOPMENT,STYLE_REGIME,MIXED,TP10_SL10_H5,40,40,-0.018405991379837304,-0.101039,0.4,
NORMAL_CLOSE_INTENT,SAME_CLOSE_RESEARCH_COUNTERFACTUAL,DEVELOPMENT,STYLE_REGIME,MIXED,TP10_SL5_H5,40,40,-0.03343445186726167,-0.051682822930307,0.175,
NORMAL_CLOSE_INTENT,SAME_CLOSE_RESEARCH_COUNTERFACTUAL,DEVELOPMENT,STYLE_REGIME,SHORTLINE_DOMINANT,TIME_H1,59,59,-0.02907327288064874,-0.03938551637543162,0.3050847457627119,
NORMAL_CLOSE_INTENT,SAME_CLOSE_RESEARCH_COUNTERFACTUAL,DEVELOPMENT,STYLE_REGIME,SHORTLINE_DOMINANT,TIME_H3,59,59,-0.06402007320693633,-0.07448245514950166,0.288135593220339,
NORMAL_CLOSE_INTENT,SAME_CLOSE_RESEARCH_COUNTERFACTUAL,DEVELOPMENT,STYLE_REGIME,SHORTLINE_DOMINANT,TIME_H5,59,59,-0.06404508563469741,-0.06980973841163544,0.288135593220339,
NORMAL_CLOSE_INTENT,SAME_CLOSE_RESEARCH_COUNTERFACTUAL,DEVELOPMENT,STYLE_REGIME,SHORTLINE_DOMINANT,TP5_H5,59,59,-0.0421812806099636,0.0488395,0.5254237288135594,
NORMAL_CLOSE_INTENT,SAME_CLOSE_RESEARCH_COUNTERFACTUAL,DEVELOPMENT,STYLE_REGIME,SHORTLINE_DOMINANT,TP10_H5,59,59,-0.040340449766379245,-0.0521257722513089,0.4406779661016949,
NORMAL_CLOSE_INTENT,SAME_CLOSE_RESEARCH_COUNTERFACTUAL,DEVELOPMENT,STYLE_REGIME,SHORTLINE_DOMINANT,TP5_SL5_H5,59,59,-0.022260929102242435,-0.05122265042979943,0.3389830508474576,
NORMAL_CLOSE_INTENT,SAME_CLOSE_RESEARCH_COUNTERFACTUAL,DEVELOPMENT,STYLE_REGIME,SHORTLINE_DOMINANT,TP10_SL10_H5,59,59,-0.024413152763933396,-0.101039,0.4067796610169492,
NORMAL_CLOSE_INTENT,SAME_CLOSE_RESEARCH_COUNTERFACTUAL,DEVELOPMENT,STYLE_REGIME,SHORTLINE_DOMINANT,TP10_SL5_H5,59,59,-0.02546179377234305,-0.05142404827586207,0.22033898305084745,
NORMAL_CLOSE_INTENT,SAME_CLOSE_RESEARCH_COUNTERFACTUAL,DEVELOPMENT,STYLE_REGIME,MISSING,TIME_H1,0,0,,,,N_LT_10_NO_SHORTLIST
NORMAL_CLOSE_INTENT,SAME_CLOSE_RESEARCH_COUNTERFACTUAL,DEVELOPMENT,STYLE_REGIME,MISSING,TIME_H3,0,0,,,,N_LT_10_NO_SHORTLIST
NORMAL_CLOSE_INTENT,SAME_CLOSE_RESEARCH_COUNTERFACTUAL,DEVELOPMENT,STYLE_REGIME,MISSING,TIME_H5,0,0,,,,N_LT_10_NO_SHORTLIST
NORMAL_CLOSE_INTENT,SAME_CLOSE_RESEARCH_COUNTERFACTUAL,DEVELOPMENT,STYLE_REGIME,MISSING,TP5_H5,0,0,,,,N_LT_10_NO_SHORTLIST
NORMAL_CLOSE_INTENT,SAME_CLOSE_RESEARCH_COUNTERFACTUAL,DEVELOPMENT,STYLE_REGIME,MISSING,TP10_H5,0,0,,,,N_LT_10_NO_SHORTLIST
NORMAL_CLOSE_INTENT,SAME_CLOSE_RESEARCH_COUNTERFACTUAL,DEVELOPMENT,STYLE_REGIME,MISSING,TP5_SL5_H5,0,0,,,,N_LT_10_NO_SHORTLIST
NORMAL_CLOSE_INTENT,SAME_CLOSE_RESEARCH_COUNTERFACTUAL,DEVELOPMENT,STYLE_REGIME,MISSING,TP10_SL10_H5,0,0,,,,N_LT_10_NO_SHORTLIST
NORMAL_CLOSE_INTENT,SAME_CLOSE_RESEARCH_COUNTERFACTUAL,DEVELOPMENT,STYLE_REGIME,MISSING,TP10_SL5_H5,0,0,,,,N_LT_10_NO_SHORTLIST
NORMAL_CLOSE_INTENT,SAME_CLOSE_RESEARCH_COUNTERFACTUAL,TEMPORAL_DESCRIPTIVE,MARKET_RISK_REGIME,RISK_OFF,TIME_H1,11,11,0.0155961211781538,0.04721626714801444,0.7272727272727273,SMALL_SAMPLE_DESCRIPTIVE_ONLY
NORMAL_CLOSE_INTENT,SAME_CLOSE_RESEARCH_COUNTERFACTUAL,TEMPORAL_DESCRIPTIVE,MARKET_RISK_REGIME,RISK_OFF,TIME_H3,11,11,0.020097899266974886,0.002880760760760761,0.5454545454545454,SMALL_SAMPLE_DESCRIPTIVE_ONLY
NORMAL_CLOSE_INTENT,SAME_CLOSE_RESEARCH_COUNTERFACTUAL,TEMPORAL_DESCRIPTIVE,MARKET_RISK_REGIME,RISK_OFF,TIME_H5,11,11,0.02177419585117481,-0.04163748008689355,0.36363636363636365,SMALL_SAMPLE_DESCRIPTIVE_ONLY
NORMAL_CLOSE_INTENT,SAME_CLOSE_RESEARCH_COUNTERFACTUAL,TEMPORAL_DESCRIPTIVE,MARKET_RISK_REGIME,RISK_OFF,TP5_H5,11,11,-0.022520706691591123,0.049184728529121424,0.6363636363636364,SMALL_SAMPLE_DESCRIPTIVE_ONLY
NORMAL_CLOSE_INTENT,SAME_CLOSE_RESEARCH_COUNTERFACTUAL,TEMPORAL_DESCRIPTIVE,MARKET_RISK_REGIME,RISK_OFF,TP10_H5,11,11,-0.030536749465906732,-0.04163748008689355,0.45454545454545453,SMALL_SAMPLE_DESCRIPTIVE_ONLY
NORMAL_CLOSE_INTENT,SAME_CLOSE_RESEARCH_COUNTERFACTUAL,TEMPORAL_DESCRIPTIVE,MARKET_RISK_REGIME,RISK_OFF,TP5_SL5_H5,11,11,0.000169604682431984,0.049184728529121424,0.6363636363636364,SMALL_SAMPLE_DESCRIPTIVE_ONLY
NORMAL_CLOSE_INTENT,SAME_CLOSE_RESEARCH_COUNTERFACTUAL,TEMPORAL_DESCRIPTIVE,MARKET_RISK_REGIME,RISK_OFF,TP10_SL10_H5,11,11,-0.014506838877015179,-0.04612855855855856,0.45454545454545453,SMALL_SAMPLE_DESCRIPTIVE_ONLY
NORMAL_CLOSE_INTENT,SAME_CLOSE_RESEARCH_COUNTERFACTUAL,TEMPORAL_DESCRIPTIVE,MARKET_RISK_REGIME,RISK_OFF,TP10_SL5_H5,11,11,0.009714206782415847,-0.05112950950950951,0.45454545454545453,SMALL_SAMPLE_DESCRIPTIVE_ONLY
NORMAL_CLOSE_INTENT,SAME_CLOSE_RESEARCH_COUNTERFACTUAL,TEMPORAL_DESCRIPTIVE,MARKET_RISK_REGIME,NEUTRAL,TIME_H1,26,26,-0.003189694954373189,0.0038288990347450625,0.5,
NORMAL_CLOSE_INTENT,SAME_CLOSE_RESEARCH_COUNTERFACTUAL,TEMPORAL_DESCRIPTIVE,MARKET_RISK_REGIME,NEUTRAL,TIME_H3,26,26,-0.00964647096191902,-0.013012191509742446,0.4230769230769231,
NORMAL_CLOSE_INTENT,SAME_CLOSE_RESEARCH_COUNTERFACTUAL,TEMPORAL_DESCRIPTIVE,MARKET_RISK_REGIME,NEUTRAL,TIME_H5,26,26,-0.009068779658844433,-0.008710710290293472,0.46153846153846156,
NORMAL_CLOSE_INTENT,SAME_CLOSE_RESEARCH_COUNTERFACTUAL,TEMPORAL_DESCRIPTIVE,MARKET_RISK_REGIME,NEUTRAL,TP5_H5,26,26,-0.021134199899442277,0.048905873827712235,0.6923076923076923,
NORMAL_CLOSE_INTENT,SAME_CLOSE_RESEARCH_COUNTERFACTUAL,TEMPORAL_DESCRIPTIVE,MARKET_RISK_REGIME,NEUTRAL,TP10_H5,26,26,-0.03657579287266587,0.026442025149146908,0.5384615384615384,
NORMAL_CLOSE_INTENT,SAME_CLOSE_RESEARCH_COUNTERFACTUAL,TEMPORAL_DESCRIPTIVE,MARKET_RISK_REGIME,NEUTRAL,TP5_SL5_H5,26,26,-0.029134512659649853,-0.051357581852840256,0.3076923076923077,
NORMAL_CLOSE_INTENT,SAME_CLOSE_RESEARCH_COUNTERFACTUAL,TEMPORAL_DESCRIPTIVE,MARKET_RISK_REGIME,NEUTRAL,TP10_SL10_H5,26,26,-0.025084900562281263,-0.101039,0.46153846153846156,
NORMAL_CLOSE_INTENT,SAME_CLOSE_RESEARCH_COUNTERFACTUAL,TEMPORAL_DESCRIPTIVE,MARKET_RISK_REGIME,NEUTRAL,TP10_SL5_H5,26,26,-0.03132551114251013,-0.05148503739199477,0.19230769230769232,
NORMAL_CLOSE_INTENT,SAME_CLOSE_RESEARCH_COUNTERFACTUAL,TEMPORAL_DESCRIPTIVE,MARKET_RISK_REGIME,RISK_ON,TIME_H1,31,31,-0.03906322953443515,-0.05960478162989644,0.3225806451612903,
NORMAL_CLOSE_INTENT,SAME_CLOSE_RESEARCH_COUNTERFACTUAL,TEMPORAL_DESCRIPTIVE,MARKET_RISK_REGIME,RISK_ON,TIME_H3,31,29,-0.06978424610036152,-0.10926762352941176,0.2413793103448276,
NORMAL_CLOSE_INTENT,SAME_CLOSE_RESEARCH_COUNTERFACTUAL,TEMPORAL_DESCRIPTIVE,MARKET_RISK_REGIME,RISK_ON,TIME_H5,31,29,-0.08613045364024327,-0.13742011712022045,0.3448275862068966,
NORMAL_CLOSE_INTENT,SAME_CLOSE_RESEARCH_COUNTERFACTUAL,TEMPORAL_DESCRIPTIVE,MARKET_RISK_REGIME,RISK_ON,TP5_H5,31,30,-0.08156906821018309,-0.07762913671711247,0.4666666666666667,
NORMAL_CLOSE_INTENT,SAME_CLOSE_RESEARCH_COUNTERFACTUAL,TEMPORAL_DESCRIPTIVE,MARKET_RISK_REGIME,RISK_ON,TP10_H5,31,30,-0.07216090298349459,-0.11457682960568843,0.43333333333333335,
NORMAL_CLOSE_INTENT,SAME_CLOSE_RESEARCH_COUNTERFACTUAL,TEMPORAL_DESCRIPTIVE,MARKET_RISK_REGIME,RISK_ON,TP5_SL5_H5,31,31,-0.02603077141088218,-0.05132018582243634,0.2903225806451613,
NORMAL_CLOSE_INTENT,SAME_CLOSE_RESEARCH_COUNTERFACTUAL,TEMPORAL_DESCRIPTIVE,MARKET_RISK_REGIME,RISK_ON,TP10_SL10_H5,31,31,-0.04424089074998533,-0.1011219892026578,0.3548387096774194,
NORMAL_CLOSE_INTENT,SAME_CLOSE_RESEARCH_COUNTERFACTUAL,TEMPORAL_DESCRIPTIVE,MARKET_RISK_REGIME,RISK_ON,TP10_SL5_H5,31,31,-0.016554043059090136,-0.051328467607973424,0.25806451612903225,
NORMAL_CLOSE_INTENT,SAME_CLOSE_RESEARCH_COUNTERFACTUAL,TEMPORAL_DESCRIPTIVE,MARKET_RISK_REGIME,MISSING,TIME_H1,0,0,,,,N_LT_10_NO_SHORTLIST
NORMAL_CLOSE_INTENT,SAME_CLOSE_RESEARCH_COUNTERFACTUAL,TEMPORAL_DESCRIPTIVE,MARKET_RISK_REGIME,MISSING,TIME_H3,0,0,,,,N_LT_10_NO_SHORTLIST
NORMAL_CLOSE_INTENT,SAME_CLOSE_RESEARCH_COUNTERFACTUAL,TEMPORAL_DESCRIPTIVE,MARKET_RISK_REGIME,MISSING,TIME_H5,0,0,,,,N_LT_10_NO_SHORTLIST
NORMAL_CLOSE_INTENT,SAME_CLOSE_RESEARCH_COUNTERFACTUAL,TEMPORAL_DESCRIPTIVE,MARKET_RISK_REGIME,MISSING,TP5_H5,0,0,,,,N_LT_10_NO_SHORTLIST
NORMAL_CLOSE_INTENT,SAME_CLOSE_RESEARCH_COUNTERFACTUAL,TEMPORAL_DESCRIPTIVE,MARKET_RISK_REGIME,MISSING,TP10_H5,0,0,,,,N_LT_10_NO_SHORTLIST
NORMAL_CLOSE_INTENT,SAME_CLOSE_RESEARCH_COUNTERFACTUAL,TEMPORAL_DESCRIPTIVE,MARKET_RISK_REGIME,MISSING,TP5_SL5_H5,0,0,,,,N_LT_10_NO_SHORTLIST
NORMAL_CLOSE_INTENT,SAME_CLOSE_RESEARCH_COUNTERFACTUAL,TEMPORAL_DESCRIPTIVE,MARKET_RISK_REGIME,MISSING,TP10_SL10_H5,0,0,,,,N_LT_10_NO_SHORTLIST
NORMAL_CLOSE_INTENT,SAME_CLOSE_RESEARCH_COUNTERFACTUAL,TEMPORAL_DESCRIPTIVE,MARKET_RISK_REGIME,MISSING,TP10_SL5_H5,0,0,,,,N_LT_10_NO_SHORTLIST
NORMAL_CLOSE_INTENT,SAME_CLOSE_RESEARCH_COUNTERFACTUAL,TEMPORAL_DESCRIPTIVE,STYLE_REGIME,TREND_DOMINANT,TIME_H1,24,24,-0.02361511820213957,-0.004397925865068719,0.5,
NORMAL_CLOSE_INTENT,SAME_CLOSE_RESEARCH_COUNTERFACTUAL,TEMPORAL_DESCRIPTIVE,STYLE_REGIME,TREND_DOMINANT,TIME_H3,24,23,-0.050363081346001176,-0.01911531742458352,0.30434782608695654,
NORMAL_CLOSE_INTENT,SAME_CLOSE_RESEARCH_COUNTERFACTUAL,TEMPORAL_DESCRIPTIVE,STYLE_REGIME,TREND_DOMINANT,TIME_H5,24,23,-0.04163824099608381,-0.04898817209302326,0.43478260869565216,
NORMAL_CLOSE_INTENT,SAME_CLOSE_RESEARCH_COUNTERFACTUAL,TEMPORAL_DESCRIPTIVE,STYLE_REGIME,TREND_DOMINANT,TP5_H5,24,23,-0.04262900500325361,0.0488395,0.5652173913043478,
NORMAL_CLOSE_INTENT,SAME_CLOSE_RESEARCH_COUNTERFACTUAL,TEMPORAL_DESCRIPTIVE,STYLE_REGIME,TREND_DOMINANT,TP10_H5,24,23,-0.032875567645708974,0.009064269535673838,0.5217391304347826,
NORMAL_CLOSE_INTENT,SAME_CLOSE_RESEARCH_COUNTERFACTUAL,TEMPORAL_DESCRIPTIVE,STYLE_REGIME,TREND_DOMINANT,TP5_SL5_H5,24,24,-0.030103559963141718,-0.0513160277949391,0.2916666666666667,
NORMAL_CLOSE_INTENT,SAME_CLOSE_RESEARCH_COUNTERFACTUAL,TEMPORAL_DESCRIPTIVE,STYLE_REGIME,TREND_DOMINANT,TP10_SL10_H5,24,24,-0.022757616440095173,-0.08023206864988558,0.4583333333333333,
NORMAL_CLOSE_INTENT,SAME_CLOSE_RESEARCH_COUNTERFACTUAL,TEMPORAL_DESCRIPTIVE,STYLE_REGIME,TREND_DOMINANT,TP10_SL5_H5,24,24,-0.021855323749062235,-0.05136749224007723,0.25,
NORMAL_CLOSE_INTENT,SAME_CLOSE_RESEARCH_COUNTERFACTUAL,TEMPORAL_DESCRIPTIVE,STYLE_REGIME,MIXED,TIME_H1,25,25,-0.017170816235276196,-0.05252860151933702,0.4,
NORMAL_CLOSE_INTENT,SAME_CLOSE_RESEARCH_COUNTERFACTUAL,TEMPORAL_DESCRIPTIVE,STYLE_REGIME,MIXED,TIME_H3,25,24,-0.048472856070079895,-0.0872391095533136,0.2916666666666667,
NORMAL_CLOSE_INTENT,SAME_CLOSE_RESEARCH_COUNTERFACTUAL,TEMPORAL_DESCRIPTIVE,STYLE_REGIME,MIXED,TIME_H5,25,24,-0.06262887192632098,-0.14259986222004162,0.2916666666666667,
NORMAL_CLOSE_INTENT,SAME_CLOSE_RESEARCH_COUNTERFACTUAL,TEMPORAL_DESCRIPTIVE,STYLE_REGIME,MIXED,TP5_H5,25,25,-0.06461292995910838,0.0488395,0.52,
NORMAL_CLOSE_INTENT,SAME_CLOSE_RESEARCH_COUNTERFACTUAL,TEMPORAL_DESCRIPTIVE,STYLE_REGIME,MIXED,TP10_H5,25,25,-0.07786230982761952,-0.13742011712022045,0.4,
NORMAL_CLOSE_INTENT,SAME_CLOSE_RESEARCH_COUNTERFACTUAL,TEMPORAL_DESCRIPTIVE,STYLE_REGIME,MIXED,TP5_SL5_H5,25,25,-0.018863372926346447,-0.051172189239332096,0.36,
NORMAL_CLOSE_INTENT,SAME_CLOSE_RESEARCH_COUNTERFACTUAL,TEMPORAL_DESCRIPTIVE,STYLE_REGIME,MIXED,TP10_SL10_H5,25,25,-0.04634004317214083,-0.10113516843118384,0.36,
NORMAL_CLOSE_INTENT,SAME_CLOSE_RESEARCH_COUNTERFACTUAL,TEMPORAL_DESCRIPTIVE,STYLE_REGIME,MIXED,TP10_SL5_H5,25,25,-0.015239764628479757,-0.05125143090019924,0.28,
NORMAL_CLOSE_INTENT,SAME_CLOSE_RESEARCH_COUNTERFACTUAL,TEMPORAL_DESCRIPTIVE,STYLE_REGIME,SHORTLINE_DOMINANT,TIME_H1,19,19,-0.0066474530888550615,-0.011200100882723834,0.47368421052631576,SMALL_SAMPLE_DESCRIPTIVE_ONLY
NORMAL_CLOSE_INTENT,SAME_CLOSE_RESEARCH_COUNTERFACTUAL,TEMPORAL_DESCRIPTIVE,STYLE_REGIME,SHORTLINE_DOMINANT,TIME_H3,19,19,0.014117101402962616,0.002880760760760761,0.5263157894736842,SMALL_SAMPLE_DESCRIPTIVE_ONLY
NORMAL_CLOSE_INTENT,SAME_CLOSE_RESEARCH_COUNTERFACTUAL,TEMPORAL_DESCRIPTIVE,STYLE_REGIME,SHORTLINE_DOMINANT,TIME_H5,19,19,-0.001751726483813476,-0.0007753328734046223,0.47368421052631576,SMALL_SAMPLE_DESCRIPTIVE_ONLY
NORMAL_CLOSE_INTENT,SAME_CLOSE_RESEARCH_COUNTERFACTUAL,TEMPORAL_DESCRIPTIVE,STYLE_REGIME,SHORTLINE_DOMINANT,TP5_H5,19,19,-0.03413150806557641,0.04889986880718108,0.6842105263157895,SMALL_SAMPLE_DESCRIPTIVE_ONLY
NORMAL_CLOSE_INTENT,SAME_CLOSE_RESEARCH_COUNTERFACTUAL,TEMPORAL_DESCRIPTIVE,STYLE_REGIME,SHORTLINE_DOMINANT,TP10_H5,19,19,-0.039421376146175253,0.006916380697050938,0.5263157894736842,SMALL_SAMPLE_DESCRIPTIVE_ONLY
NORMAL_CLOSE_INTENT,SAME_CLOSE_RESEARCH_COUNTERFACTUAL,TEMPORAL_DESCRIPTIVE,STYLE_REGIME,SHORTLINE_DOMINANT,TP5_SL5_H5,19,19,-0.019395569953022607,-0.05144957037037037,0.42105263157894735,SMALL_SAMPLE_DESCRIPTIVE_ONLY
NORMAL_CLOSE_INTENT,SAME_CLOSE_RESEARCH_COUNTERFACTUAL,TEMPORAL_DESCRIPTIVE,STYLE_REGIME,SHORTLINE_DOMINANT,TP10_SL10_H5,19,19,-0.02518770429738001,-0.101039,0.42105263157894735,SMALL_SAMPLE_DESCRIPTIVE_ONLY
NORMAL_CLOSE_INTENT,SAME_CLOSE_RESEARCH_COUNTERFACTUAL,TEMPORAL_DESCRIPTIVE,STYLE_REGIME,SHORTLINE_DOMINANT,TP10_SL5_H5,19,19,-0.016592656012683983,-0.05152050441361917,0.2631578947368421,SMALL_SAMPLE_DESCRIPTIVE_ONLY
NORMAL_CLOSE_INTENT,SAME_CLOSE_RESEARCH_COUNTERFACTUAL,TEMPORAL_DESCRIPTIVE,STYLE_REGIME,MISSING,TIME_H1,0,0,,,,N_LT_10_NO_SHORTLIST
NORMAL_CLOSE_INTENT,SAME_CLOSE_RESEARCH_COUNTERFACTUAL,TEMPORAL_DESCRIPTIVE,STYLE_REGIME,MISSING,TIME_H3,0,0,,,,N_LT_10_NO_SHORTLIST
NORMAL_CLOSE_INTENT,SAME_CLOSE_RESEARCH_COUNTERFACTUAL,TEMPORAL_DESCRIPTIVE,STYLE_REGIME,MISSING,TIME_H5,0,0,,,,N_LT_10_NO_SHORTLIST
NORMAL_CLOSE_INTENT,SAME_CLOSE_RESEARCH_COUNTERFACTUAL,TEMPORAL_DESCRIPTIVE,STYLE_REGIME,MISSING,TP5_H5,0,0,,,,N_LT_10_NO_SHORTLIST
NORMAL_CLOSE_INTENT,SAME_CLOSE_RESEARCH_COUNTERFACTUAL,TEMPORAL_DESCRIPTIVE,STYLE_REGIME,MISSING,TP10_H5,0,0,,,,N_LT_10_NO_SHORTLIST
NORMAL_CLOSE_INTENT,SAME_CLOSE_RESEARCH_COUNTERFACTUAL,TEMPORAL_DESCRIPTIVE,STYLE_REGIME,MISSING,TP5_SL5_H5,0,0,,,,N_LT_10_NO_SHORTLIST
NORMAL_CLOSE_INTENT,SAME_CLOSE_RESEARCH_COUNTERFACTUAL,TEMPORAL_DESCRIPTIVE,STYLE_REGIME,MISSING,TP10_SL10_H5,0,0,,,,N_LT_10_NO_SHORTLIST
NORMAL_CLOSE_INTENT,SAME_CLOSE_RESEARCH_COUNTERFACTUAL,TEMPORAL_DESCRIPTIVE,STYLE_REGIME,MISSING,TP10_SL5_H5,0,0,,,,N_LT_10_NO_SHORTLIST
LIMIT_UP_CLOSE_BOARD_INTENT,CONDITIONAL_ON_FILL,ALL,MARKET_RISK_REGIME,RISK_OFF,TIME_H1,24,24,-0.005814378687166842,0.015714961852205528,0.5416666666666666,
LIMIT_UP_CLOSE_BOARD_INTENT,CONDITIONAL_ON_FILL,ALL,MARKET_RISK_REGIME,RISK_OFF,TIME_H3,24,24,-0.042739196073239664,-0.1020911638071231,0.3333333333333333,
LIMIT_UP_CLOSE_BOARD_INTENT,CONDITIONAL_ON_FILL,ALL,MARKET_RISK_REGIME,RISK_OFF,TIME_H5,24,24,-0.07252312199761343,-0.0824473256871254,0.25,
LIMIT_UP_CLOSE_BOARD_INTENT,CONDITIONAL_ON_FILL,ALL,MARKET_RISK_REGIME,RISK_OFF,TP5_H5,24,24,-0.005119432374872152,0.04903028078376968,0.7083333333333334,
LIMIT_UP_CLOSE_BOARD_INTENT,CONDITIONAL_ON_FILL,ALL,MARKET_RISK_REGIME,RISK_OFF,TP10_H5,24,24,-0.04639124958469493,0.043030255813953484,0.5,
LIMIT_UP_CLOSE_BOARD_INTENT,CONDITIONAL_ON_FILL,ALL,MARKET_RISK_REGIME,RISK_OFF,TP5_SL5_H5,24,24,0.0019226863157713505,0.048911075214899714,0.5416666666666666,
LIMIT_UP_CLOSE_BOARD_INTENT,CONDITIONAL_ON_FILL,ALL,MARKET_RISK_REGIME,RISK_OFF,TP10_SL10_H5,24,24,-0.03729536931470267,-0.10119850798981736,0.4583333333333333,
LIMIT_UP_CLOSE_BOARD_INTENT,CONDITIONAL_ON_FILL,ALL,MARKET_RISK_REGIME,RISK_OFF,TP10_SL5_H5,24,24,-0.00838643566395538,-0.05130828024467814,0.3333333333333333,
LIMIT_UP_CLOSE_BOARD_INTENT,CONDITIONAL_ON_FILL,ALL,MARKET_RISK_REGIME,NEUTRAL,TIME_H1,103,103,0.005701665658710694,-0.00033012648221343875,0.49514563106796117,
LIMIT_UP_CLOSE_BOARD_INTENT,CONDITIONAL_ON_FILL,ALL,MARKET_RISK_REGIME,NEUTRAL,TIME_H3,103,103,-0.026322126441778036,-0.07086212080536913,0.3592233009708738,
LIMIT_UP_CLOSE_BOARD_INTENT,CONDITIONAL_ON_FILL,ALL,MARKET_RISK_REGIME,NEUTRAL,TIME_H5,103,103,-0.04212125867383569,-0.07908709848484849,0.3106796116504854,
LIMIT_UP_CLOSE_BOARD_INTENT,CONDITIONAL_ON_FILL,ALL,MARKET_RISK_REGIME,NEUTRAL,TP5_H5,103,103,0.0009723086695429062,0.04921126502575844,0.7766990291262136,
LIMIT_UP_CLOSE_BOARD_INTENT,CONDITIONAL_ON_FILL,ALL,MARKET_RISK_REGIME,NEUTRAL,TP10_H5,103,103,-0.011127849162442598,0.098799,0.5728155339805825,
LIMIT_UP_CLOSE_BOARD_INTENT,CONDITIONAL_ON_FILL,ALL,MARKET_RISK_REGIME,NEUTRAL,TP5_SL5_H5,103,103,-0.004213301901130645,-0.0510795,0.49514563106796117,
LIMIT_UP_CLOSE_BOARD_INTENT,CONDITIONAL_ON_FILL,ALL,MARKET_RISK_REGIME,NEUTRAL,TP10_SL10_H5,103,103,-0.0099101996322491,0.098799,0.5242718446601942,
LIMIT_UP_CLOSE_BOARD_INTENT,CONDITIONAL_ON_FILL,ALL,MARKET_RISK_REGIME,NEUTRAL,TP10_SL5_H5,103,103,-0.003313613343066435,-0.05135101902173913,0.3786407766990291,
LIMIT_UP_CLOSE_BOARD_INTENT,CONDITIONAL_ON_FILL,ALL,MARKET_RISK_REGIME,RISK_ON,TIME_H1,136,136,0.002248866777554448,-0.0015851722532588455,0.4852941176470588,
LIMIT_UP_CLOSE_BOARD_INTENT,CONDITIONAL_ON_FILL,ALL,MARKET_RISK_REGIME,RISK_ON,TIME_H3,136,136,-0.021636308738575624,-0.026983679274011817,0.41911764705882354,
LIMIT_UP_CLOSE_BOARD_INTENT,CONDITIONAL_ON_FILL,ALL,MARKET_RISK_REGIME,RISK_ON,TIME_H5,136,136,-0.02878984296801627,-0.061005668239787335,0.36764705882352944,
LIMIT_UP_CLOSE_BOARD_INTENT,CONDITIONAL_ON_FILL,ALL,MARKET_RISK_REGIME,RISK_ON,TP5_H5,136,136,0.01143703777331256,0.049208546223492605,0.8014705882352942,
LIMIT_UP_CLOSE_BOARD_INTENT,CONDITIONAL_ON_FILL,ALL,MARKET_RISK_REGIME,RISK_ON,TP10_H5,136,136,-0.006929523274005221,0.09889791895527764,0.5882352941176471,
LIMIT_UP_CLOSE_BOARD_INTENT,CONDITIONAL_ON_FILL,ALL,MARKET_RISK_REGIME,RISK_ON,TP5_SL5_H5,136,136,0.0006475029764904108,-0.0011199999999999995,0.5,
LIMIT_UP_CLOSE_BOARD_INTENT,CONDITIONAL_ON_FILL,ALL,MARKET_RISK_REGIME,RISK_ON,TP10_SL10_H5,136,136,-0.0023720360353056066,0.06756710957324105,0.5073529411764706,
LIMIT_UP_CLOSE_BOARD_INTENT,CONDITIONAL_ON_FILL,ALL,MARKET_RISK_REGIME,RISK_ON,TP10_SL5_H5,136,136,-0.0025685608478740202,-0.05124676726956591,0.34558823529411764,
LIMIT_UP_CLOSE_BOARD_INTENT,CONDITIONAL_ON_FILL,ALL,MARKET_RISK_REGIME,MISSING,TIME_H1,0,0,,,,N_LT_10_NO_SHORTLIST
LIMIT_UP_CLOSE_BOARD_INTENT,CONDITIONAL_ON_FILL,ALL,MARKET_RISK_REGIME,MISSING,TIME_H3,0,0,,,,N_LT_10_NO_SHORTLIST
LIMIT_UP_CLOSE_BOARD_INTENT,CONDITIONAL_ON_FILL,ALL,MARKET_RISK_REGIME,MISSING,TIME_H5,0,0,,,,N_LT_10_NO_SHORTLIST
LIMIT_UP_CLOSE_BOARD_INTENT,CONDITIONAL_ON_FILL,ALL,MARKET_RISK_REGIME,MISSING,TP5_H5,0,0,,,,N_LT_10_NO_SHORTLIST
LIMIT_UP_CLOSE_BOARD_INTENT,CONDITIONAL_ON_FILL,ALL,MARKET_RISK_REGIME,MISSING,TP10_H5,0,0,,,,N_LT_10_NO_SHORTLIST
LIMIT_UP_CLOSE_BOARD_INTENT,CONDITIONAL_ON_FILL,ALL,MARKET_RISK_REGIME,MISSING,TP5_SL5_H5,0,0,,,,N_LT_10_NO_SHORTLIST
LIMIT_UP_CLOSE_BOARD_INTENT,CONDITIONAL_ON_FILL,ALL,MARKET_RISK_REGIME,MISSING,TP10_SL10_H5,0,0,,,,N_LT_10_NO_SHORTLIST
LIMIT_UP_CLOSE_BOARD_INTENT,CONDITIONAL_ON_FILL,ALL,MARKET_RISK_REGIME,MISSING,TP10_SL5_H5,0,0,,,,N_LT_10_NO_SHORTLIST
LIMIT_UP_CLOSE_BOARD_INTENT,CONDITIONAL_ON_FILL,ALL,STYLE_REGIME,TREND_DOMINANT,TIME_H1,95,95,0.013789753100609297,0.010918433734939758,0.5263157894736842,
LIMIT_UP_CLOSE_BOARD_INTENT,CONDITIONAL_ON_FILL,ALL,STYLE_REGIME,TREND_DOMINANT,TIME_H3,95,95,-0.0023046420017966227,0.0006033356329768886,0.5052631578947369,
LIMIT_UP_CLOSE_BOARD_INTENT,CONDITIONAL_ON_FILL,ALL,STYLE_REGIME,TREND_DOMINANT,TIME_H5,95,95,-0.01214805185581425,-0.027287622329427982,0.4421052631578947,
LIMIT_UP_CLOSE_BOARD_INTENT,CONDITIONAL_ON_FILL,ALL,STYLE_REGIME,TREND_DOMINANT,TP5_H5,95,95,0.011572699694667031,0.04914467840459935,0.8,
LIMIT_UP_CLOSE_BOARD_INTENT,CONDITIONAL_ON_FILL,ALL,STYLE_REGIME,TREND_DOMINANT,TP10_H5,95,95,0.02034274209467082,0.09899339494163424,0.6842105263157895,
LIMIT_UP_CLOSE_BOARD_INTENT,CONDITIONAL_ON_FILL,ALL,STYLE_REGIME,TREND_DOMINANT,TP5_SL5_H5,95,95,0.008186769755855729,0.04892290484140234,0.5578947368421052,
LIMIT_UP_CLOSE_BOARD_INTENT,CONDITIONAL_ON_FILL,ALL,STYLE_REGIME,TREND_DOMINANT,TP10_SL10_H5,95,95,0.020694923135865972,0.09894375769648678,0.631578947368421,
LIMIT_UP_CLOSE_BOARD_INTENT,CONDITIONAL_ON_FILL,ALL,STYLE_REGIME,TREND_DOMINANT,TP10_SL5_H5,95,95,0.007513332991988676,-0.05123611285266458,0.42105263157894735,
LIMIT_UP_CLOSE_BOARD_INTENT,CONDITIONAL_ON_FILL,ALL,STYLE_REGIME,MIXED,TIME_H1,83,83,0.0038056180107747064,-0.00112,0.4939759036144578,
LIMIT_UP_CLOSE_BOARD_INTENT,CONDITIONAL_ON_FILL,ALL,STYLE_REGIME,MIXED,TIME_H3,83,83,-0.009902682065324755,-0.04778546703296703,0.42168674698795183,
LIMIT_UP_CLOSE_BOARD_INTENT,CONDITIONAL_ON_FILL,ALL,STYLE_REGIME,MIXED,TIME_H5,83,83,-0.019829792771504803,-0.09535255284552846,0.3253012048192771,
LIMIT_UP_CLOSE_BOARD_INTENT,CONDITIONAL_ON_FILL,ALL,STYLE_REGIME,MIXED,TP5_H5,83,83,0.008715343712455163,0.04952277554304103,0.8072289156626506,
LIMIT_UP_CLOSE_BOARD_INTENT,CONDITIONAL_ON_FILL,ALL,STYLE_REGIME,MIXED,TP10_H5,83,83,-0.011526764596452731,0.09889425166825548,0.5903614457831325,
LIMIT_UP_CLOSE_BOARD_INTENT,CONDITIONAL_ON_FILL,ALL,STYLE_REGIME,MIXED,TP5_SL5_H5,83,83,0.000244313825750171,-0.0510795,0.4939759036144578,
LIMIT_UP_CLOSE_BOARD_INTENT,CONDITIONAL_ON_FILL,ALL,STYLE_REGIME,MIXED,TP10_SL10_H5,83,83,-0.0021787938107115236,0.098799,0.5180722891566265,
LIMIT_UP_CLOSE_BOARD_INTENT,CONDITIONAL_ON_FILL,ALL,STYLE_REGIME,MIXED,TP10_SL5_H5,83,83,0.00029423096805366927,-0.05121367949865712,0.3614457831325301,
LIMIT_UP_CLOSE_BOARD_INTENT,CONDITIONAL_ON_FILL,ALL,STYLE_REGIME,SHORTLINE_DOMINANT,TIME_H1,85,85,-0.010262593921759783,-0.014640248799650807,0.4588235294117647,
LIMIT_UP_CLOSE_BOARD_INTENT,CONDITIONAL_ON_FILL,ALL,STYLE_REGIME,SHORTLINE_DOMINANT,TIME_H3,85,85,-0.06633640136605341,-0.08488443113772455,0.2235294117647059,
LIMIT_UP_CLOSE_BOARD_INTENT,CONDITIONAL_ON_FILL,ALL,STYLE_REGIME,SHORTLINE_DOMINANT,TIME_H5,85,85,-0.08464147633718541,-0.10499618811881188,0.2235294117647059,
LIMIT_UP_CLOSE_BOARD_INTENT,CONDITIONAL_ON_FILL,ALL,STYLE_REGIME,SHORTLINE_DOMINANT,TP5_H5,85,85,-0.0034124875998900075,0.04907854066985646,0.7411764705882353,
LIMIT_UP_CLOSE_BOARD_INTENT,CONDITIONAL_ON_FILL,ALL,STYLE_REGIME,SHORTLINE_DOMINANT,TP10_H5,85,85,-0.049150737135495615,-0.024711586524618485,0.43529411764705883,
LIMIT_UP_CLOSE_BOARD_INTENT,CONDITIONAL_ON_FILL,ALL,STYLE_REGIME,SHORTLINE_DOMINANT,TP5_SL5_H5,85,85,-0.012915134044456548,-0.05117454026632847,0.4470588235294118,
LIMIT_UP_CLOSE_BOARD_INTENT,CONDITIONAL_ON_FILL,ALL,STYLE_REGIME,SHORTLINE_DOMINANT,TP10_SL10_H5,85,85,-0.047336636918756406,-0.10125261624799572,0.36470588235294116,
LIMIT_UP_CLOSE_BOARD_INTENT,CONDITIONAL_ON_FILL,ALL,STYLE_REGIME,SHORTLINE_DOMINANT,TP10_SL5_H5,85,85,-0.019177514237282558,-0.051438920863309354,0.2823529411764706,
LIMIT_UP_CLOSE_BOARD_INTENT,CONDITIONAL_ON_FILL,ALL,STYLE_REGIME,MISSING,TIME_H1,0,0,,,,N_LT_10_NO_SHORTLIST
LIMIT_UP_CLOSE_BOARD_INTENT,CONDITIONAL_ON_FILL,ALL,STYLE_REGIME,MISSING,TIME_H3,0,0,,,,N_LT_10_NO_SHORTLIST
LIMIT_UP_CLOSE_BOARD_INTENT,CONDITIONAL_ON_FILL,ALL,STYLE_REGIME,MISSING,TIME_H5,0,0,,,,N_LT_10_NO_SHORTLIST
LIMIT_UP_CLOSE_BOARD_INTENT,CONDITIONAL_ON_FILL,ALL,STYLE_REGIME,MISSING,TP5_H5,0,0,,,,N_LT_10_NO_SHORTLIST
LIMIT_UP_CLOSE_BOARD_INTENT,CONDITIONAL_ON_FILL,ALL,STYLE_REGIME,MISSING,TP10_H5,0,0,,,,N_LT_10_NO_SHORTLIST
LIMIT_UP_CLOSE_BOARD_INTENT,CONDITIONAL_ON_FILL,ALL,STYLE_REGIME,MISSING,TP5_SL5_H5,0,0,,,,N_LT_10_NO_SHORTLIST
LIMIT_UP_CLOSE_BOARD_INTENT,CONDITIONAL_ON_FILL,ALL,STYLE_REGIME,MISSING,TP10_SL10_H5,0,0,,,,N_LT_10_NO_SHORTLIST
LIMIT_UP_CLOSE_BOARD_INTENT,CONDITIONAL_ON_FILL,ALL,STYLE_REGIME,MISSING,TP10_SL5_H5,0,0,,,,N_LT_10_NO_SHORTLIST
LIMIT_UP_CLOSE_BOARD_INTENT,CONDITIONAL_ON_FILL,2024,MARKET_RISK_REGIME,RISK_OFF,TIME_H1,4,4,0.07444317966540724,0.09875740174854289,1.0,N_LT_10_NO_SHORTLIST
LIMIT_UP_CLOSE_BOARD_INTENT,CONDITIONAL_ON_FILL,2024,MARKET_RISK_REGIME,RISK_OFF,TIME_H3,4,4,0.10145988419490644,0.11113770010643792,0.75,N_LT_10_NO_SHORTLIST
LIMIT_UP_CLOSE_BOARD_INTENT,CONDITIONAL_ON_FILL,2024,MARKET_RISK_REGIME,RISK_OFF,TIME_H5,4,4,0.10400656202719491,0.006765257061606042,0.5,N_LT_10_NO_SHORTLIST
LIMIT_UP_CLOSE_BOARD_INTENT,CONDITIONAL_ON_FILL,2024,MARKET_RISK_REGIME,RISK_OFF,TP5_H5,4,4,0.07372110990358782,0.07356428597788826,1.0,N_LT_10_NO_SHORTLIST
LIMIT_UP_CLOSE_BOARD_INTENT,CONDITIONAL_ON_FILL,2024,MARKET_RISK_REGIME,RISK_OFF,TP10_H5,4,4,0.10284660909024702,0.09903214865509855,1.0,N_LT_10_NO_SHORTLIST
LIMIT_UP_CLOSE_BOARD_INTENT,CONDITIONAL_ON_FILL,2024,MARKET_RISK_REGIME,RISK_OFF,TP5_SL5_H5,4,4,0.04838925692786347,0.07356428597788826,0.75,N_LT_10_NO_SHORTLIST
LIMIT_UP_CLOSE_BOARD_INTENT,CONDITIONAL_ON_FILL,2024,MARKET_RISK_REGIME,RISK_OFF,TP10_SL10_H5,4,4,0.10284660909024702,0.09903214865509855,1.0,N_LT_10_NO_SHORTLIST
LIMIT_UP_CLOSE_BOARD_INTENT,CONDITIONAL_ON_FILL,2024,MARKET_RISK_REGIME,RISK_OFF,TP10_SL5_H5,4,4,0.06499553919987897,0.09891478099652376,0.75,N_LT_10_NO_SHORTLIST
LIMIT_UP_CLOSE_BOARD_INTENT,CONDITIONAL_ON_FILL,2024,MARKET_RISK_REGIME,NEUTRAL,TIME_H1,40,40,0.008958590564438157,0.02919230102572113,0.55,
LIMIT_UP_CLOSE_BOARD_INTENT,CONDITIONAL_ON_FILL,2024,MARKET_RISK_REGIME,NEUTRAL,TIME_H3,40,40,-0.016121481646114582,-0.09981492113675651,0.35,
LIMIT_UP_CLOSE_BOARD_INTENT,CONDITIONAL_ON_FILL,2024,MARKET_RISK_REGIME,NEUTRAL,TIME_H5,40,40,-0.03523851595878483,-0.12729121538240779,0.275,
LIMIT_UP_CLOSE_BOARD_INTENT,CONDITIONAL_ON_FILL,2024,MARKET_RISK_REGIME,NEUTRAL,TP5_H5,40,40,-0.017323398786575062,0.049373513049740775,0.75,
LIMIT_UP_CLOSE_BOARD_INTENT,CONDITIONAL_ON_FILL,2024,MARKET_RISK_REGIME,NEUTRAL,TP10_H5,40,40,-0.03287629556198848,0.098799,0.55,
LIMIT_UP_CLOSE_BOARD_INTENT,CONDITIONAL_ON_FILL,2024,MARKET_RISK_REGIME,NEUTRAL,TP5_SL5_H5,40,40,-0.006964420476983588,-0.0011199999999999995,0.5,
LIMIT_UP_CLOSE_BOARD_INTENT,CONDITIONAL_ON_FILL,2024,MARKET_RISK_REGIME,NEUTRAL,TP10_SL10_H5,40,40,-0.014930814743164203,0.098799,0.525,
LIMIT_UP_CLOSE_BOARD_INTENT,CONDITIONAL_ON_FILL,2024,MARKET_RISK_REGIME,NEUTRAL,TP10_SL5_H5,40,40,-0.004041164219191534,-0.051401142023748785,0.4,
LIMIT_UP_CLOSE_BOARD_INTENT,CONDITIONAL_ON_FILL,2024,MARKET_RISK_REGIME,RISK_ON,TIME_H1,48,48,0.01878387951981458,0.020815223984005385,0.6041666666666666,
LIMIT_UP_CLOSE_BOARD_INTENT,CONDITIONAL_ON_FILL,2024,MARKET_RISK_REGIME,RISK_ON,TIME_H3,48,48,-0.02716126115059685,-0.07115821159515232,0.3125,
LIMIT_UP_CLOSE_BOARD_INTENT,CONDITIONAL_ON_FILL,2024,MARKET_RISK_REGIME,RISK_ON,TIME_H5,48,48,-0.03978698511811991,-0.11923659121434121,0.22916666666666666,
LIMIT_UP_CLOSE_BOARD_INTENT,CONDITIONAL_ON_FILL,2024,MARKET_RISK_REGIME,RISK_ON,TP5_H5,48,48,0.011274157278711764,0.04939366118389642,0.8125,
LIMIT_UP_CLOSE_BOARD_INTENT,CONDITIONAL_ON_FILL,2024,MARKET_RISK_REGIME,RISK_ON,TP10_H5,48,48,-0.02773212340339413,0.012328137407490994,0.5,
LIMIT_UP_CLOSE_BOARD_INTENT,CONDITIONAL_ON_FILL,2024,MARKET_RISK_REGIME,RISK_ON,TP5_SL5_H5,48,48,0.006406421843834056,0.048871566431322205,0.5416666666666666,
LIMIT_UP_CLOSE_BOARD_INTENT,CONDITIONAL_ON_FILL,2024,MARKET_RISK_REGIME,RISK_ON,TP10_SL10_H5,48,48,-0.014212929393334349,-0.04709826098521119,0.4583333333333333,
LIMIT_UP_CLOSE_BOARD_INTENT,CONDITIONAL_ON_FILL,2024,MARKET_RISK_REGIME,RISK_ON,TP10_SL5_H5,48,48,0.00786638579373286,-0.051209590379845585,0.3958333333333333,
LIMIT_UP_CLOSE_BOARD_INTENT,CONDITIONAL_ON_FILL,2024,MARKET_RISK_REGIME,MISSING,TIME_H1,0,0,,,,N_LT_10_NO_SHORTLIST
LIMIT_UP_CLOSE_BOARD_INTENT,CONDITIONAL_ON_FILL,2024,MARKET_RISK_REGIME,MISSING,TIME_H3,0,0,,,,N_LT_10_NO_SHORTLIST
LIMIT_UP_CLOSE_BOARD_INTENT,CONDITIONAL_ON_FILL,2024,MARKET_RISK_REGIME,MISSING,TIME_H5,0,0,,,,N_LT_10_NO_SHORTLIST
LIMIT_UP_CLOSE_BOARD_INTENT,CONDITIONAL_ON_FILL,2024,MARKET_RISK_REGIME,MISSING,TP5_H5,0,0,,,,N_LT_10_NO_SHORTLIST
LIMIT_UP_CLOSE_BOARD_INTENT,CONDITIONAL_ON_FILL,2024,MARKET_RISK_REGIME,MISSING,TP10_H5,0,0,,,,N_LT_10_NO_SHORTLIST
LIMIT_UP_CLOSE_BOARD_INTENT,CONDITIONAL_ON_FILL,2024,MARKET_RISK_REGIME,MISSING,TP5_SL5_H5,0,0,,,,N_LT_10_NO_SHORTLIST
LIMIT_UP_CLOSE_BOARD_INTENT,CONDITIONAL_ON_FILL,2024,MARKET_RISK_REGIME,MISSING,TP10_SL10_H5,0,0,,,,N_LT_10_NO_SHORTLIST
LIMIT_UP_CLOSE_BOARD_INTENT,CONDITIONAL_ON_FILL,2024,MARKET_RISK_REGIME,MISSING,TP10_SL5_H5,0,0,,,,N_LT_10_NO_SHORTLIST
LIMIT_UP_CLOSE_BOARD_INTENT,CONDITIONAL_ON_FILL,2024,STYLE_REGIME,TREND_DOMINANT,TIME_H1,22,22,0.04612156281961278,0.09834790121734169,0.7272727272727273,
LIMIT_UP_CLOSE_BOARD_INTENT,CONDITIONAL_ON_FILL,2024,STYLE_REGIME,TREND_DOMINANT,TIME_H3,22,22,0.03236970455768516,-0.025554691013436756,0.45454545454545453,
LIMIT_UP_CLOSE_BOARD_INTENT,CONDITIONAL_ON_FILL,2024,STYLE_REGIME,TREND_DOMINANT,TIME_H5,22,22,0.004314700727957888,-0.07715505275787238,0.3181818181818182,
LIMIT_UP_CLOSE_BOARD_INTENT,CONDITIONAL_ON_FILL,2024,STYLE_REGIME,TREND_DOMINANT,TP5_H5,22,22,0.03556659877695967,0.04937794015449404,0.9090909090909091,
LIMIT_UP_CLOSE_BOARD_INTENT,CONDITIONAL_ON_FILL,2024,STYLE_REGIME,TREND_DOMINANT,TP10_H5,22,22,0.043620909869791086,0.09897753328819385,0.7272727272727273,
LIMIT_UP_CLOSE_BOARD_INTENT,CONDITIONAL_ON_FILL,2024,STYLE_REGIME,TREND_DOMINANT,TP5_SL5_H5,22,22,0.02497273887983203,0.04923880768879846,0.6818181818181818,
LIMIT_UP_CLOSE_BOARD_INTENT,CONDITIONAL_ON_FILL,2024,STYLE_REGIME,TREND_DOMINANT,TP10_SL10_H5,22,22,0.0487066004538917,0.09897753328819385,0.7272727272727273,
LIMIT_UP_CLOSE_BOARD_INTENT,CONDITIONAL_ON_FILL,2024,STYLE_REGIME,TREND_DOMINANT,TP10_SL5_H5,22,22,0.017862813345770286,0.02385975,0.5,
LIMIT_UP_CLOSE_BOARD_INTENT,CONDITIONAL_ON_FILL,2024,STYLE_REGIME,MIXED,TIME_H1,41,41,0.026602396808637855,0.08763988189987162,0.6341463414634146,
LIMIT_UP_CLOSE_BOARD_INTENT,CONDITIONAL_ON_FILL,2024,STYLE_REGIME,MIXED,TIME_H3,41,41,0.0212264826352803,-0.04778546703296703,0.43902439024390244,
LIMIT_UP_CLOSE_BOARD_INTENT,CONDITIONAL_ON_FILL,2024,STYLE_REGIME,MIXED,TIME_H5,41,41,0.019657129458789366,-0.12245021428571429,0.34146341463414637,
LIMIT_UP_CLOSE_BOARD_INTENT,CONDITIONAL_ON_FILL,2024,STYLE_REGIME,MIXED,TP5_H5,41,41,0.016563917224851583,0.04961150110375276,0.8536585365853658,
LIMIT_UP_CLOSE_BOARD_INTENT,CONDITIONAL_ON_FILL,2024,STYLE_REGIME,MIXED,TP10_H5,41,41,0.0015277751605142008,0.09889425166825548,0.6585365853658537,
LIMIT_UP_CLOSE_BOARD_INTENT,CONDITIONAL_ON_FILL,2024,STYLE_REGIME,MIXED,TP5_SL5_H5,41,41,0.012357581039811485,0.04915816442239546,0.5853658536585366,
LIMIT_UP_CLOSE_BOARD_INTENT,CONDITIONAL_ON_FILL,2024,STYLE_REGIME,MIXED,TP10_SL10_H5,41,41,0.017042758651645732,0.0988353473990542,0.6097560975609756,
LIMIT_UP_CLOSE_BOARD_INTENT,CONDITIONAL_ON_FILL,2024,STYLE_REGIME,MIXED,TP10_SL5_H5,41,41,0.02856359758909981,0.098799,0.5121951219512195,
LIMIT_UP_CLOSE_BOARD_INTENT,CONDITIONAL_ON_FILL,2024,STYLE_REGIME,SHORTLINE_DOMINANT,TIME_H1,29,29,-0.018883796310185448,-0.026725502447451772,0.4482758620689655,
LIMIT_UP_CLOSE_BOARD_INTENT,CONDITIONAL_ON_FILL,2024,STYLE_REGIME,SHORTLINE_DOMINANT,TIME_H3,29,29,-0.10776481215893696,-0.14654201877934273,0.13793103448275862,
LIMIT_UP_CLOSE_BOARD_INTENT,CONDITIONAL_ON_FILL,2024,STYLE_REGIME,SHORTLINE_DOMINANT,TIME_H5,29,29,-0.13117777240475195,-0.19177250133618387,0.10344827586206896,
LIMIT_UP_CLOSE_BOARD_INTENT,CONDITIONAL_ON_FILL,2024,STYLE_REGIME,SHORTLINE_DOMINANT,TP5_H5,29,29,-0.045464749716638414,0.04897308155080214,0.6206896551724138,
LIMIT_UP_CLOSE_BOARD_INTENT,CONDITIONAL_ON_FILL,2024,STYLE_REGIME,SHORTLINE_DOMINANT,TP10_H5,29,29,-0.112314003730964,-0.14185098591549294,0.2413793103448276,
LIMIT_UP_CLOSE_BOARD_INTENT,CONDITIONAL_ON_FILL,2024,STYLE_REGIME,SHORTLINE_DOMINANT,TP5_SL5_H5,29,29,-0.028743883477670016,-0.051909716520039104,0.3448275862068966,
LIMIT_UP_CLOSE_BOARD_INTENT,CONDITIONAL_ON_FILL,2024,STYLE_REGIME,SHORTLINE_DOMINANT,TP10_SL10_H5,29,29,-0.09097810617064556,-0.10958952567237164,0.20689655172413793,
LIMIT_UP_CLOSE_BOARD_INTENT,CONDITIONAL_ON_FILL,2024,STYLE_REGIME,SHORTLINE_DOMINANT,TP10_SL5_H5,29,29,-0.037523009952724375,-0.05197697604790419,0.20689655172413793,
LIMIT_UP_CLOSE_BOARD_INTENT,CONDITIONAL_ON_FILL,2024,STYLE_REGIME,MISSING,TIME_H1,0,0,,,,N_LT_10_NO_SHORTLIST
LIMIT_UP_CLOSE_BOARD_INTENT,CONDITIONAL_ON_FILL,2024,STYLE_REGIME,MISSING,TIME_H3,0,0,,,,N_LT_10_NO_SHORTLIST
LIMIT_UP_CLOSE_BOARD_INTENT,CONDITIONAL_ON_FILL,2024,STYLE_REGIME,MISSING,TIME_H5,0,0,,,,N_LT_10_NO_SHORTLIST
LIMIT_UP_CLOSE_BOARD_INTENT,CONDITIONAL_ON_FILL,2024,STYLE_REGIME,MISSING,TP5_H5,0,0,,,,N_LT_10_NO_SHORTLIST
LIMIT_UP_CLOSE_BOARD_INTENT,CONDITIONAL_ON_FILL,2024,STYLE_REGIME,MISSING,TP10_H5,0,0,,,,N_LT_10_NO_SHORTLIST
LIMIT_UP_CLOSE_BOARD_INTENT,CONDITIONAL_ON_FILL,2024,STYLE_REGIME,MISSING,TP5_SL5_H5,0,0,,,,N_LT_10_NO_SHORTLIST
LIMIT_UP_CLOSE_BOARD_INTENT,CONDITIONAL_ON_FILL,2024,STYLE_REGIME,MISSING,TP10_SL10_H5,0,0,,,,N_LT_10_NO_SHORTLIST
LIMIT_UP_CLOSE_BOARD_INTENT,CONDITIONAL_ON_FILL,2024,STYLE_REGIME,MISSING,TP10_SL5_H5,0,0,,,,N_LT_10_NO_SHORTLIST
LIMIT_UP_CLOSE_BOARD_INTENT,CONDITIONAL_ON_FILL,2025,MARKET_RISK_REGIME,RISK_OFF,TIME_H1,15,15,-0.035515563184598795,-0.10035462328767124,0.4,SMALL_SAMPLE_DESCRIPTIVE_ONLY
LIMIT_UP_CLOSE_BOARD_INTENT,CONDITIONAL_ON_FILL,2025,MARKET_RISK_REGIME,RISK_OFF,TIME_H3,15,15,-0.09625314942297161,-0.14903634441087613,0.2,SMALL_SAMPLE_DESCRIPTIVE_ONLY
LIMIT_UP_CLOSE_BOARD_INTENT,CONDITIONAL_ON_FILL,2025,MARKET_RISK_REGIME,RISK_OFF,TIME_H5,15,15,-0.11336969632399006,-0.11875365377917102,0.2,SMALL_SAMPLE_DESCRIPTIVE_ONLY
LIMIT_UP_CLOSE_BOARD_INTENT,CONDITIONAL_ON_FILL,2025,MARKET_RISK_REGIME,RISK_OFF,TP5_H5,15,15,-0.04006174597225419,0.04900014147909968,0.6,SMALL_SAMPLE_DESCRIPTIVE_ONLY
LIMIT_UP_CLOSE_BOARD_INTENT,CONDITIONAL_ON_FILL,2025,MARKET_RISK_REGIME,RISK_OFF,TP10_H5,15,15,-0.08649233978226109,-0.09766388845247446,0.4,SMALL_SAMPLE_DESCRIPTIVE_ONLY
LIMIT_UP_CLOSE_BOARD_INTENT,CONDITIONAL_ON_FILL,2025,MARKET_RISK_REGIME,RISK_OFF,TP5_SL5_H5,15,15,-0.01160422191759683,-0.05129149222065064,0.4666666666666667,SMALL_SAMPLE_DESCRIPTIVE_ONLY
LIMIT_UP_CLOSE_BOARD_INTENT,CONDITIONAL_ON_FILL,2025,MARKET_RISK_REGIME,RISK_OFF,TP10_SL10_H5,15,15,-0.07792565686198125,-0.12045285204991088,0.3333333333333333,SMALL_SAMPLE_DESCRIPTIVE_ONLY
LIMIT_UP_CLOSE_BOARD_INTENT,CONDITIONAL_ON_FILL,2025,MARKET_RISK_REGIME,RISK_OFF,TP10_SL5_H5,15,15,-0.03248810458600947,-0.0514205204778157,0.2,SMALL_SAMPLE_DESCRIPTIVE_ONLY
LIMIT_UP_CLOSE_BOARD_INTENT,CONDITIONAL_ON_FILL,2025,MARKET_RISK_REGIME,NEUTRAL,TIME_H1,45,45,0.004035240419796763,-0.0018086216402481048,0.4666666666666667,
LIMIT_UP_CLOSE_BOARD_INTENT,CONDITIONAL_ON_FILL,2025,MARKET_RISK_REGIME,NEUTRAL,TIME_H3,45,45,-0.025874830950679547,-0.04718435254237288,0.4,
LIMIT_UP_CLOSE_BOARD_INTENT,CONDITIONAL_ON_FILL,2025,MARKET_RISK_REGIME,NEUTRAL,TIME_H5,45,45,-0.031288617464551104,-0.04461866837387964,0.37777777777777777,
LIMIT_UP_CLOSE_BOARD_INTENT,CONDITIONAL_ON_FILL,2025,MARKET_RISK_REGIME,NEUTRAL,TP5_H5,45,45,0.013018543446680924,0.04903696837944664,0.7777777777777778,
LIMIT_UP_CLOSE_BOARD_INTENT,CONDITIONAL_ON_FILL,2025,MARKET_RISK_REGIME,NEUTRAL,TP10_H5,45,45,0.008606787028162779,0.098799,0.6,
LIMIT_UP_CLOSE_BOARD_INTENT,CONDITIONAL_ON_FILL,2025,MARKET_RISK_REGIME,NEUTRAL,TP5_SL5_H5,45,45,-0.006310553247225611,-0.0510795,0.4666666666666667,
LIMIT_UP_CLOSE_BOARD_INTENT,CONDITIONAL_ON_FILL,2025,MARKET_RISK_REGIME,NEUTRAL,TP10_SL10_H5,45,45,-0.008331156300753866,0.098799,0.5111111111111111,
LIMIT_UP_CLOSE_BOARD_INTENT,CONDITIONAL_ON_FILL,2025,MARKET_RISK_REGIME,NEUTRAL,TP10_SL5_H5,45,45,-0.005427647893614882,-0.051381066398390345,0.35555555555555557,
LIMIT_UP_CLOSE_BOARD_INTENT,CONDITIONAL_ON_FILL,2025,MARKET_RISK_REGIME,RISK_ON,TIME_H1,63,63,-0.007878829397667587,-0.014640248799650807,0.4126984126984127,
LIMIT_UP_CLOSE_BOARD_INTENT,CONDITIONAL_ON_FILL,2025,MARKET_RISK_REGIME,RISK_ON,TIME_H3,63,63,-0.031912359140708974,-0.017866201117318434,0.4444444444444444,
LIMIT_UP_CLOSE_BOARD_INTENT,CONDITIONAL_ON_FILL,2025,MARKET_RISK_REGIME,RISK_ON,TIME_H5,63,63,-0.03448907968415407,-0.01665145077720207,0.4444444444444444,
LIMIT_UP_CLOSE_BOARD_INTENT,CONDITIONAL_ON_FILL,2025,MARKET_RISK_REGIME,RISK_ON,TP5_H5,63,63,0.015193496423208427,0.04914467840459935,0.8095238095238095,
LIMIT_UP_CLOSE_BOARD_INTENT,CONDITIONAL_ON_FILL,2025,MARKET_RISK_REGIME,RISK_ON,TP10_H5,63,63,0.0014393219991469417,0.09898908053265694,0.6349206349206349,
LIMIT_UP_CLOSE_BOARD_INTENT,CONDITIONAL_ON_FILL,2025,MARKET_RISK_REGIME,RISK_ON,TP5_SL5_H5,63,63,0.003550461290346521,0.04892290484140234,0.5396825396825397,
LIMIT_UP_CLOSE_BOARD_INTENT,CONDITIONAL_ON_FILL,2025,MARKET_RISK_REGIME,RISK_ON,TP10_SL10_H5,63,63,0.00498335016293922,0.09892468427672955,0.5396825396825397,
LIMIT_UP_CLOSE_BOARD_INTENT,CONDITIONAL_ON_FILL,2025,MARKET_RISK_REGIME,RISK_ON,TP10_SL5_H5,63,63,-0.0040925957317030056,-0.05127619094488189,0.3492063492063492,
LIMIT_UP_CLOSE_BOARD_INTENT,CONDITIONAL_ON_FILL,2025,MARKET_RISK_REGIME,MISSING,TIME_H1,0,0,,,,N_LT_10_NO_SHORTLIST
LIMIT_UP_CLOSE_BOARD_INTENT,CONDITIONAL_ON_FILL,2025,MARKET_RISK_REGIME,MISSING,TIME_H3,0,0,,,,N_LT_10_NO_SHORTLIST
LIMIT_UP_CLOSE_BOARD_INTENT,CONDITIONAL_ON_FILL,2025,MARKET_RISK_REGIME,MISSING,TIME_H5,0,0,,,,N_LT_10_NO_SHORTLIST
LIMIT_UP_CLOSE_BOARD_INTENT,CONDITIONAL_ON_FILL,2025,MARKET_RISK_REGIME,MISSING,TP5_H5,0,0,,,,N_LT_10_NO_SHORTLIST
LIMIT_UP_CLOSE_BOARD_INTENT,CONDITIONAL_ON_FILL,2025,MARKET_RISK_REGIME,MISSING,TP10_H5,0,0,,,,N_LT_10_NO_SHORTLIST
LIMIT_UP_CLOSE_BOARD_INTENT,CONDITIONAL_ON_FILL,2025,MARKET_RISK_REGIME,MISSING,TP5_SL5_H5,0,0,,,,N_LT_10_NO_SHORTLIST
LIMIT_UP_CLOSE_BOARD_INTENT,CONDITIONAL_ON_FILL,2025,MARKET_RISK_REGIME,MISSING,TP10_SL10_H5,0,0,,,,N_LT_10_NO_SHORTLIST
LIMIT_UP_CLOSE_BOARD_INTENT,CONDITIONAL_ON_FILL,2025,MARKET_RISK_REGIME,MISSING,TP10_SL5_H5,0,0,,,,N_LT_10_NO_SHORTLIST
LIMIT_UP_CLOSE_BOARD_INTENT,CONDITIONAL_ON_FILL,2025,STYLE_REGIME,TREND_DOMINANT,TIME_H1,58,58,0.0021587112451906215,-0.0038566252654552574,0.4482758620689655,
LIMIT_UP_CLOSE_BOARD_INTENT,CONDITIONAL_ON_FILL,2025,STYLE_REGIME,TREND_DOMINANT,TIME_H3,58,58,-0.016301936832972232,0.00218041607311327,0.5172413793103449,
LIMIT_UP_CLOSE_BOARD_INTENT,CONDITIONAL_ON_FILL,2025,STYLE_REGIME,TREND_DOMINANT,TIME_H5,58,58,-0.016045319125911926,-0.0036305084641279255,0.5,
LIMIT_UP_CLOSE_BOARD_INTENT,CONDITIONAL_ON_FILL,2025,STYLE_REGIME,TREND_DOMINANT,TP5_H5,58,58,0.0062357733573564006,0.04910482487521972,0.7758620689655172,
LIMIT_UP_CLOSE_BOARD_INTENT,CONDITIONAL_ON_FILL,2025,STYLE_REGIME,TREND_DOMINANT,TP10_H5,58,58,0.017142696811346492,0.09900762189646756,0.6896551724137931,
LIMIT_UP_CLOSE_BOARD_INTENT,CONDITIONAL_ON_FILL,2025,STYLE_REGIME,TREND_DOMINANT,TP5_SL5_H5,58,58,0.008153264333894038,0.04894252084869832,0.5689655172413793,
LIMIT_UP_CLOSE_BOARD_INTENT,CONDITIONAL_ON_FILL,2025,STYLE_REGIME,TREND_DOMINANT,TP10_SL10_H5,58,58,0.01651168736322938,0.09899565234805667,0.6206896551724138,
LIMIT_UP_CLOSE_BOARD_INTENT,CONDITIONAL_ON_FILL,2025,STYLE_REGIME,TREND_DOMINANT,TP10_SL5_H5,58,58,0.008943762991207537,-0.05120640516174085,0.43103448275862066,
LIMIT_UP_CLOSE_BOARD_INTENT,CONDITIONAL_ON_FILL,2025,STYLE_REGIME,MIXED,TIME_H1,28,28,-0.013386149580661548,-0.027254479824120832,0.39285714285714285,
LIMIT_UP_CLOSE_BOARD_INTENT,CONDITIONAL_ON_FILL,2025,STYLE_REGIME,MIXED,TIME_H3,28,28,-0.0642975760060732,-0.07827661477892774,0.32142857142857145,
LIMIT_UP_CLOSE_BOARD_INTENT,CONDITIONAL_ON_FILL,2025,STYLE_REGIME,MIXED,TIME_H5,28,28,-0.07904645193039395,-0.09650822064900147,0.2857142857142857,
LIMIT_UP_CLOSE_BOARD_INTENT,CONDITIONAL_ON_FILL,2025,STYLE_REGIME,MIXED,TP5_H5,28,28,0.008858864870085142,0.04958993643646453,0.7857142857142857,
LIMIT_UP_CLOSE_BOARD_INTENT,CONDITIONAL_ON_FILL,2025,STYLE_REGIME,MIXED,TP10_H5,28,28,-0.024022398430120183,0.09897543444093479,0.5357142857142857,
LIMIT_UP_CLOSE_BOARD_INTENT,CONDITIONAL_ON_FILL,2025,STYLE_REGIME,MIXED,TP5_SL5_H5,28,28,-0.004918762761924949,-0.05114235161893757,0.4642857142857143,
LIMIT_UP_CLOSE_BOARD_INTENT,CONDITIONAL_ON_FILL,2025,STYLE_REGIME,MIXED,TP10_SL10_H5,28,28,-0.01784655639569437,-0.1010743442217782,0.4642857142857143,
LIMIT_UP_CLOSE_BOARD_INTENT,CONDITIONAL_ON_FILL,2025,STYLE_REGIME,MIXED,TP10_SL5_H5,28,28,-0.028399172292407883,-0.051413991092299535,0.21428571428571427,
LIMIT_UP_CLOSE_BOARD_INTENT,CONDITIONAL_ON_FILL,2025,STYLE_REGIME,SHORTLINE_DOMINANT,TIME_H1,37,37,-0.01615964715928968,-0.014640248799650807,0.43243243243243246,
LIMIT_UP_CLOSE_BOARD_INTENT,CONDITIONAL_ON_FILL,2025,STYLE_REGIME,SHORTLINE_DOMINANT,TIME_H3,37,37,-0.05061618366236161,-0.07762765696784074,0.2702702702702703,
LIMIT_UP_CLOSE_BOARD_INTENT,CONDITIONAL_ON_FILL,2025,STYLE_REGIME,SHORTLINE_DOMINANT,TIME_H5,37,37,-0.057768002365200945,-0.044073920163766635,0.2972972972972973,
LIMIT_UP_CLOSE_BOARD_INTENT,CONDITIONAL_ON_FILL,2025,STYLE_REGIME,SHORTLINE_DOMINANT,TP5_H5,37,37,0.008983120786213633,0.04900014147909968,0.7567567567567568,
LIMIT_UP_CLOSE_BOARD_INTENT,CONDITIONAL_ON_FILL,2025,STYLE_REGIME,SHORTLINE_DOMINANT,TP10_H5,37,37,-0.0308392338793261,-0.0057175,0.4864864864864865,
LIMIT_UP_CLOSE_BOARD_INTENT,CONDITIONAL_ON_FILL,2025,STYLE_REGIME,SHORTLINE_DOMINANT,TP5_SL5_H5,37,37,-0.015392517233222424,-0.05123290685772774,0.43243243243243246,
LIMIT_UP_CLOSE_BOARD_INTENT,CONDITIONAL_ON_FILL,2025,STYLE_REGIME,SHORTLINE_DOMINANT,TP10_SL10_H5,37,37,-0.045616489572603613,-0.10123790975447909,0.35135135135135137,
LIMIT_UP_CLOSE_BOARD_INTENT,CONDITIONAL_ON_FILL,2025,STYLE_REGIME,SHORTLINE_DOMINANT,TP10_SL5_H5,37,37,-0.019269207686559927,-0.0514357174688057,0.2702702702702703,
LIMIT_UP_CLOSE_BOARD_INTENT,CONDITIONAL_ON_FILL,2025,STYLE_REGIME,MISSING,TIME_H1,0,0,,,,N_LT_10_NO_SHORTLIST
LIMIT_UP_CLOSE_BOARD_INTENT,CONDITIONAL_ON_FILL,2025,STYLE_REGIME,MISSING,TIME_H3,0,0,,,,N_LT_10_NO_SHORTLIST
LIMIT_UP_CLOSE_BOARD_INTENT,CONDITIONAL_ON_FILL,2025,STYLE_REGIME,MISSING,TIME_H5,0,0,,,,N_LT_10_NO_SHORTLIST
LIMIT_UP_CLOSE_BOARD_INTENT,CONDITIONAL_ON_FILL,2025,STYLE_REGIME,MISSING,TP5_H5,0,0,,,,N_LT_10_NO_SHORTLIST
LIMIT_UP_CLOSE_BOARD_INTENT,CONDITIONAL_ON_FILL,2025,STYLE_REGIME,MISSING,TP10_H5,0,0,,,,N_LT_10_NO_SHORTLIST
LIMIT_UP_CLOSE_BOARD_INTENT,CONDITIONAL_ON_FILL,2025,STYLE_REGIME,MISSING,TP5_SL5_H5,0,0,,,,N_LT_10_NO_SHORTLIST
LIMIT_UP_CLOSE_BOARD_INTENT,CONDITIONAL_ON_FILL,2025,STYLE_REGIME,MISSING,TP10_SL10_H5,0,0,,,,N_LT_10_NO_SHORTLIST
LIMIT_UP_CLOSE_BOARD_INTENT,CONDITIONAL_ON_FILL,2025,STYLE_REGIME,MISSING,TP10_SL5_H5,0,0,,,,N_LT_10_NO_SHORTLIST
LIMIT_UP_CLOSE_BOARD_INTENT,CONDITIONAL_ON_FILL,2026,MARKET_RISK_REGIME,RISK_OFF,TIME_H1,5,5,0.019083128123069743,0.04714141323792487,0.6,N_LT_10_NO_SHORTLIST
LIMIT_UP_CLOSE_BOARD_INTENT,CONDITIONAL_ON_FILL,2026,MARKET_RISK_REGIME,RISK_OFF,TIME_H3,5,5,0.002443399761439316,-0.09585536672629696,0.4,N_LT_10_NO_SHORTLIST
LIMIT_UP_CLOSE_BOARD_INTENT,CONDITIONAL_ON_FILL,2026,MARKET_RISK_REGIME,RISK_OFF,TIME_H5,5,5,-0.09120714623833023,-0.063569375,0.2,N_LT_10_NO_SHORTLIST
LIMIT_UP_CLOSE_BOARD_INTENT,CONDITIONAL_ON_FILL,2026,MARKET_RISK_REGIME,RISK_OFF,TP5_H5,5,5,0.03663507459450598,0.04892887298747764,0.8,N_LT_10_NO_SHORTLIST
LIMIT_UP_CLOSE_BOARD_INTENT,CONDITIONAL_ON_FILL,2026,MARKET_RISK_REGIME,RISK_OFF,TP10_H5,5,5,-0.04547826593194994,-0.012738488372093024,0.4,N_LT_10_NO_SHORTLIST
LIMIT_UP_CLOSE_BOARD_INTENT,CONDITIONAL_ON_FILL,2026,MARKET_RISK_REGIME,RISK_OFF,TP5_SL5_H5,5,5,0.005330154526202192,0.0488395,0.6,N_LT_10_NO_SHORTLIST
LIMIT_UP_CLOSE_BOARD_INTENT,CONDITIONAL_ON_FILL,2026,MARKET_RISK_REGIME,RISK_OFF,TP10_SL10_H5,5,5,-0.02751808939682667,-0.10121774597495528,0.4,N_LT_10_NO_SHORTLIST
LIMIT_UP_CLOSE_BOARD_INTENT,CONDITIONAL_ON_FILL,2026,MARKET_RISK_REGIME,RISK_OFF,TP10_SL5_H5,5,5,0.0052129912111393995,-0.05129074524312897,0.4,N_LT_10_NO_SHORTLIST
LIMIT_UP_CLOSE_BOARD_INTENT,CONDITIONAL_ON_FILL,2026,MARKET_RISK_REGIME,NEUTRAL,TIME_H1,18,18,0.002630117854378937,-0.016761351221129754,0.4444444444444444,SMALL_SAMPLE_DESCRIPTIVE_ONLY
LIMIT_UP_CLOSE_BOARD_INTENT,CONDITIONAL_ON_FILL,2026,MARKET_RISK_REGIME,NEUTRAL,TIME_H3,18,18,-0.05010846471544303,-0.034662820831816155,0.2777777777777778,SMALL_SAMPLE_DESCRIPTIVE_ONLY
LIMIT_UP_CLOSE_BOARD_INTENT,CONDITIONAL_ON_FILL,2026,MARKET_RISK_REGIME,NEUTRAL,TIME_H5,18,18,-0.08449784550827129,-0.0999184566113907,0.2222222222222222,SMALL_SAMPLE_DESCRIPTIVE_ONLY
LIMIT_UP_CLOSE_BOARD_INTENT,CONDITIONAL_ON_FILL,2026,MARKET_RISK_REGIME,NEUTRAL,TP5_H5,18,18,0.011513849406960014,0.04924741726575921,0.8333333333333334,SMALL_SAMPLE_DESCRIPTIVE_ONLY
LIMIT_UP_CLOSE_BOARD_INTENT,CONDITIONAL_ON_FILL,2026,MARKET_RISK_REGIME,NEUTRAL,TP10_H5,18,18,-0.012134558751076299,0.0618671745964316,0.5555555555555556,SMALL_SAMPLE_DESCRIPTIVE_ONLY
LIMIT_UP_CLOSE_BOARD_INTENT,CONDITIONAL_ON_FILL,2026,MARKET_RISK_REGIME,NEUTRAL,TP5_SL5_H5,18,18,0.007143423299335534,0.04894189491884331,0.5555555555555556,SMALL_SAMPLE_DESCRIPTIVE_ONLY
LIMIT_UP_CLOSE_BOARD_INTENT,CONDITIONAL_ON_FILL,2026,MARKET_RISK_REGIME,NEUTRAL,TP10_SL10_H5,18,18,-0.002700885492286956,0.0618671745964316,0.5555555555555556,SMALL_SAMPLE_DESCRIPTIVE_ONLY
LIMIT_UP_CLOSE_BOARD_INTENT,CONDITIONAL_ON_FILL,2026,MARKET_RISK_REGIME,NEUTRAL,TP10_SL5_H5,18,18,0.0035882527580271234,-0.05127083453225435,0.3888888888888889,SMALL_SAMPLE_DESCRIPTIVE_ONLY
LIMIT_UP_CLOSE_BOARD_INTENT,CONDITIONAL_ON_FILL,2026,MARKET_RISK_REGIME,RISK_ON,TIME_H1,25,25,-0.003976563326025483,-0.017411141304347826,0.44,
LIMIT_UP_CLOSE_BOARD_INTENT,CONDITIONAL_ON_FILL,2026,MARKET_RISK_REGIME,RISK_ON,TIME_H3,25,25,0.014867246905881171,0.010696964520367938,0.56,
LIMIT_UP_CLOSE_BOARD_INTENT,CONDITIONAL_ON_FILL,2026,MARKET_RISK_REGIME,RISK_ON,TIME_H5,25,25,0.0066867464848499565,-0.026415949367088607,0.44,
LIMIT_UP_CLOSE_BOARD_INTENT,CONDITIONAL_ON_FILL,2026,MARKET_RISK_REGIME,RISK_ON,TP5_H5,25,25,0.0022834925252085024,0.04934414141414142,0.76,
LIMIT_UP_CLOSE_BOARD_INTENT,CONDITIONAL_ON_FILL,2026,MARKET_RISK_REGIME,RISK_ON,TP10_H5,25,25,0.011921978886078034,0.09888080024559967,0.64,
LIMIT_UP_CLOSE_BOARD_INTENT,CONDITIONAL_ON_FILL,2026,MARKET_RISK_REGIME,RISK_ON,TP5_SL5_H5,25,25,-0.017725076199726787,-0.051147719617660445,0.32,
LIMIT_UP_CLOSE_BOARD_INTENT,CONDITIONAL_ON_FILL,2026,MARKET_RISK_REGIME,RISK_ON,TP10_SL10_H5,25,25,0.0018269059925326125,0.09883979991833401,0.52,
LIMIT_UP_CLOSE_BOARD_INTENT,CONDITIONAL_ON_FILL,2026,MARKET_RISK_REGIME,RISK_ON,TP10_SL5_H5,25,25,-0.01876309049251019,-0.05145233208955224,0.24,
LIMIT_UP_CLOSE_BOARD_INTENT,CONDITIONAL_ON_FILL,2026,MARKET_RISK_REGIME,MISSING,TIME_H1,0,0,,,,N_LT_10_NO_SHORTLIST
LIMIT_UP_CLOSE_BOARD_INTENT,CONDITIONAL_ON_FILL,2026,MARKET_RISK_REGIME,MISSING,TIME_H3,0,0,,,,N_LT_10_NO_SHORTLIST
LIMIT_UP_CLOSE_BOARD_INTENT,CONDITIONAL_ON_FILL,2026,MARKET_RISK_REGIME,MISSING,TIME_H5,0,0,,,,N_LT_10_NO_SHORTLIST
LIMIT_UP_CLOSE_BOARD_INTENT,CONDITIONAL_ON_FILL,2026,MARKET_RISK_REGIME,MISSING,TP5_H5,0,0,,,,N_LT_10_NO_SHORTLIST
LIMIT_UP_CLOSE_BOARD_INTENT,CONDITIONAL_ON_FILL,2026,MARKET_RISK_REGIME,MISSING,TP10_H5,0,0,,,,N_LT_10_NO_SHORTLIST
LIMIT_UP_CLOSE_BOARD_INTENT,CONDITIONAL_ON_FILL,2026,MARKET_RISK_REGIME,MISSING,TP5_SL5_H5,0,0,,,,N_LT_10_NO_SHORTLIST
LIMIT_UP_CLOSE_BOARD_INTENT,CONDITIONAL_ON_FILL,2026,MARKET_RISK_REGIME,MISSING,TP10_SL10_H5,0,0,,,,N_LT_10_NO_SHORTLIST
LIMIT_UP_CLOSE_BOARD_INTENT,CONDITIONAL_ON_FILL,2026,MARKET_RISK_REGIME,MISSING,TP10_SL5_H5,0,0,,,,N_LT_10_NO_SHORTLIST
LIMIT_UP_CLOSE_BOARD_INTENT,CONDITIONAL_ON_FILL,2026,STYLE_REGIME,TREND_DOMINANT,TIME_H1,15,15,0.011343127353689718,0.012286653512233623,0.5333333333333333,SMALL_SAMPLE_DESCRIPTIVE_ONLY
LIMIT_UP_CLOSE_BOARD_INTENT,CONDITIONAL_ON_FILL,2026,STYLE_REGIME,TREND_DOMINANT,TIME_H3,15,15,0.0009625230581757955,0.0017025706214689265,0.5333333333333333,SMALL_SAMPLE_DESCRIPTIVE_ONLY
LIMIT_UP_CLOSE_BOARD_INTENT,CONDITIONAL_ON_FILL,2026,STYLE_REGIME,TREND_DOMINANT,TIME_H5,15,15,-0.0212239888676357,-0.026415949367088607,0.4,SMALL_SAMPLE_DESCRIPTIVE_ONLY
LIMIT_UP_CLOSE_BOARD_INTENT,CONDITIONAL_ON_FILL,2026,STYLE_REGIME,TREND_DOMINANT,TP5_H5,15,15,-0.0029822371217610557,0.04909482964224872,0.7333333333333333,SMALL_SAMPLE_DESCRIPTIVE_ONLY
LIMIT_UP_CLOSE_BOARD_INTENT,CONDITIONAL_ON_FILL,2026,STYLE_REGIME,TREND_DOMINANT,TP10_H5,15,15,-0.001425062213318172,0.098799,0.6,SMALL_SAMPLE_DESCRIPTIVE_ONLY
LIMIT_UP_CLOSE_BOARD_INTENT,CONDITIONAL_ON_FILL,2026,STYLE_REGIME,TREND_DOMINANT,TP5_SL5_H5,15,15,-0.0163030973277243,-0.051334829642248725,0.3333333333333333,SMALL_SAMPLE_DESCRIPTIVE_ONLY
LIMIT_UP_CLOSE_BOARD_INTENT,CONDITIONAL_ON_FILL,2026,STYLE_REGIME,TREND_DOMINANT,TP10_SL10_H5,15,15,-0.004213691943043613,0.098799,0.5333333333333333,SMALL_SAMPLE_DESCRIPTIVE_ONLY
LIMIT_UP_CLOSE_BOARD_INTENT,CONDITIONAL_ON_FILL,2026,STYLE_REGIME,TREND_DOMINANT,TP10_SL5_H5,15,15,-0.01319690085720394,-0.051334829642248725,0.26666666666666666,SMALL_SAMPLE_DESCRIPTIVE_ONLY
LIMIT_UP_CLOSE_BOARD_INTENT,CONDITIONAL_ON_FILL,2026,STYLE_REGIME,MIXED,TIME_H1,14,14,-0.028572841857237713,-0.03419488125617073,0.2857142857142857,SMALL_SAMPLE_DESCRIPTIVE_ONLY
LIMIT_UP_CLOSE_BOARD_INTENT,CONDITIONAL_ON_FILL,2026,STYLE_REGIME,MIXED,TIME_H3,14,14,0.007723123478685917,0.018613411723016306,0.5714285714285714,SMALL_SAMPLE_DESCRIPTIVE_ONLY
LIMIT_UP_CLOSE_BOARD_INTENT,CONDITIONAL_ON_FILL,2026,STYLE_REGIME,MIXED,TIME_H5,14,14,-0.017036746699588004,-0.056789315638780494,0.35714285714285715,SMALL_SAMPLE_DESCRIPTIVE_ONLY
LIMIT_UP_CLOSE_BOARD_INTENT,CONDITIONAL_ON_FILL,2026,STYLE_REGIME,MIXED,TP5_H5,14,14,-0.01455680674625146,0.04913816532673676,0.7142857142857143,SMALL_SAMPLE_DESCRIPTIVE_ONLY
LIMIT_UP_CLOSE_BOARD_INTENT,CONDITIONAL_ON_FILL,2026,STYLE_REGIME,MIXED,TP10_H5,14,14,-0.024766649074520985,0.030941935824145908,0.5,SMALL_SAMPLE_DESCRIPTIVE_ONLY
LIMIT_UP_CLOSE_BOARD_INTENT,CONDITIONAL_ON_FILL,2026,STYLE_REGIME,MIXED,TP5_SL5_H5,14,14,-0.02490410126865058,-0.051334795720130874,0.2857142857142857,SMALL_SAMPLE_DESCRIPTIVE_ONLY
LIMIT_UP_CLOSE_BOARD_INTENT,CONDITIONAL_ON_FILL,2026,STYLE_REGIME,MIXED,TP10_SL10_H5,14,14,-0.02713495799479208,-0.10075702407038513,0.35714285714285715,SMALL_SAMPLE_DESCRIPTIVE_ONLY
LIMIT_UP_CLOSE_BOARD_INTENT,CONDITIONAL_ON_FILL,2026,STYLE_REGIME,MIXED,TP10_SL5_H5,14,14,-0.025107821901229788,-0.05156223619811791,0.21428571428571427,SMALL_SAMPLE_DESCRIPTIVE_ONLY
LIMIT_UP_CLOSE_BOARD_INTENT,CONDITIONAL_ON_FILL,2026,STYLE_REGIME,SHORTLINE_DOMINANT,TIME_H1,19,19,0.014379818659974458,0.00014160353535353537,0.5263157894736842,SMALL_SAMPLE_DESCRIPTIVE_ONLY
LIMIT_UP_CLOSE_BOARD_INTENT,CONDITIONAL_ON_FILL,2026,STYLE_REGIME,SHORTLINE_DOMINANT,TIME_H3,19,19,-0.03371661936831518,-0.02722710213776722,0.2631578947368421,SMALL_SAMPLE_DESCRIPTIVE_ONLY
LIMIT_UP_CLOSE_BOARD_INTENT,CONDITIONAL_ON_FILL,2026,STYLE_REGIME,SHORTLINE_DOMINANT,TIME_H5,19,19,-0.06594494744265884,-0.07395203112203112,0.2631578947368421,SMALL_SAMPLE_DESCRIPTIVE_ONLY
LIMIT_UP_CLOSE_BOARD_INTENT,CONDITIONAL_ON_FILL,2026,STYLE_REGIME,SHORTLINE_DOMINANT,TP5_H5,19,19,0.03663372772115574,0.049214330117899246,0.8947368421052632,SMALL_SAMPLE_DESCRIPTIVE_ONLY
LIMIT_UP_CLOSE_BOARD_INTENT,CONDITIONAL_ON_FILL,2026,STYLE_REGIME,SHORTLINE_DOMINANT,TP10_H5,19,19,0.011597110800836532,0.09892510727808161,0.631578947368421,SMALL_SAMPLE_DESCRIPTIVE_ONLY
LIMIT_UP_CLOSE_BOARD_INTENT,CONDITIONAL_ON_FILL,2026,STYLE_REGIME,SHORTLINE_DOMINANT,TP5_SL5_H5,19,19,0.016068913931729135,0.04906042008843967,0.631578947368421,SMALL_SAMPLE_DESCRIPTIVE_ONLY
LIMIT_UP_CLOSE_BOARD_INTENT,CONDITIONAL_ON_FILL,2026,STYLE_REGIME,SHORTLINE_DOMINANT,TP10_SL10_H5,19,19,0.015924266054776846,0.09892510727808161,0.631578947368421,SMALL_SAMPLE_DESCRIPTIVE_ONLY
LIMIT_UP_CLOSE_BOARD_INTENT,CONDITIONAL_ON_FILL,2026,STYLE_REGIME,SHORTLINE_DOMINANT,TP10_SL5_H5,19,19,0.009002066466458245,-0.051191840668165754,0.42105263157894735,SMALL_SAMPLE_DESCRIPTIVE_ONLY
LIMIT_UP_CLOSE_BOARD_INTENT,CONDITIONAL_ON_FILL,2026,STYLE_REGIME,MISSING,TIME_H1,0,0,,,,N_LT_10_NO_SHORTLIST
LIMIT_UP_CLOSE_BOARD_INTENT,CONDITIONAL_ON_FILL,2026,STYLE_REGIME,MISSING,TIME_H3,0,0,,,,N_LT_10_NO_SHORTLIST
LIMIT_UP_CLOSE_BOARD_INTENT,CONDITIONAL_ON_FILL,2026,STYLE_REGIME,MISSING,TIME_H5,0,0,,,,N_LT_10_NO_SHORTLIST
LIMIT_UP_CLOSE_BOARD_INTENT,CONDITIONAL_ON_FILL,2026,STYLE_REGIME,MISSING,TP5_H5,0,0,,,,N_LT_10_NO_SHORTLIST
LIMIT_UP_CLOSE_BOARD_INTENT,CONDITIONAL_ON_FILL,2026,STYLE_REGIME,MISSING,TP10_H5,0,0,,,,N_LT_10_NO_SHORTLIST
LIMIT_UP_CLOSE_BOARD_INTENT,CONDITIONAL_ON_FILL,2026,STYLE_REGIME,MISSING,TP5_SL5_H5,0,0,,,,N_LT_10_NO_SHORTLIST
LIMIT_UP_CLOSE_BOARD_INTENT,CONDITIONAL_ON_FILL,2026,STYLE_REGIME,MISSING,TP10_SL10_H5,0,0,,,,N_LT_10_NO_SHORTLIST
LIMIT_UP_CLOSE_BOARD_INTENT,CONDITIONAL_ON_FILL,2026,STYLE_REGIME,MISSING,TP10_SL5_H5,0,0,,,,N_LT_10_NO_SHORTLIST
LIMIT_UP_CLOSE_BOARD_INTENT,CONDITIONAL_ON_FILL,DEVELOPMENT,MARKET_RISK_REGIME,RISK_OFF,TIME_H1,19,19,-0.01236635416354489,0.0012273531714956931,0.5263157894736842,SMALL_SAMPLE_DESCRIPTIVE_ONLY
LIMIT_UP_CLOSE_BOARD_INTENT,CONDITIONAL_ON_FILL,DEVELOPMENT,MARKET_RISK_REGIME,RISK_OFF,TIME_H3,19,19,-0.05462935287183939,-0.11488915841584159,0.3157894736842105,SMALL_SAMPLE_DESCRIPTIVE_ONLY
LIMIT_UP_CLOSE_BOARD_INTENT,CONDITIONAL_ON_FILL,DEVELOPMENT,MARKET_RISK_REGIME,RISK_OFF,TIME_H5,19,19,-0.06760627351321427,-0.08723386869315174,0.2631578947368421,SMALL_SAMPLE_DESCRIPTIVE_ONLY
LIMIT_UP_CLOSE_BOARD_INTENT,CONDITIONAL_ON_FILL,DEVELOPMENT,MARKET_RISK_REGIME,RISK_OFF,TP5_H5,19,19,-0.016107460524708503,0.04907854066985646,0.6842105263157895,SMALL_SAMPLE_DESCRIPTIVE_ONLY
LIMIT_UP_CLOSE_BOARD_INTENT,CONDITIONAL_ON_FILL,DEVELOPMENT,MARKET_RISK_REGIME,RISK_OFF,TP10_H5,19,19,-0.046631508440680446,0.098799,0.5263157894736842,SMALL_SAMPLE_DESCRIPTIVE_ONLY
LIMIT_UP_CLOSE_BOARD_INTENT,CONDITIONAL_ON_FILL,DEVELOPMENT,MARKET_RISK_REGIME,RISK_OFF,TP5_SL5_H5,19,19,0.0010259841551316553,0.04898265042979943,0.5263157894736842,SMALL_SAMPLE_DESCRIPTIVE_ONLY
LIMIT_UP_CLOSE_BOARD_INTENT,CONDITIONAL_ON_FILL,DEVELOPMENT,MARKET_RISK_REGIME,RISK_OFF,TP10_SL10_H5,19,19,-0.03986833771414372,-0.10117927000467945,0.47368421052631576,SMALL_SAMPLE_DESCRIPTIVE_ONLY
LIMIT_UP_CLOSE_BOARD_INTENT,CONDITIONAL_ON_FILL,DEVELOPMENT,MARKET_RISK_REGIME,RISK_OFF,TP10_SL5_H5,19,19,-0.011965232210032952,-0.05140746170678337,0.3157894736842105,SMALL_SAMPLE_DESCRIPTIVE_ONLY
LIMIT_UP_CLOSE_BOARD_INTENT,CONDITIONAL_ON_FILL,DEVELOPMENT,MARKET_RISK_REGIME,NEUTRAL,TIME_H1,85,85,0.006352111076098596,0.00041839876828329484,0.5058823529411764,
LIMIT_UP_CLOSE_BOARD_INTENT,CONDITIONAL_ON_FILL,DEVELOPMENT,MARKET_RISK_REGIME,NEUTRAL,TIME_H3,85,85,-0.02128501951323721,-0.07962778571428572,0.3764705882352941,
LIMIT_UP_CLOSE_BOARD_INTENT,CONDITIONAL_ON_FILL,DEVELOPMENT,MARKET_RISK_REGIME,NEUTRAL,TIME_H5,85,85,-0.03314739322654345,-0.07908709848484849,0.32941176470588235,
LIMIT_UP_CLOSE_BOARD_INTENT,CONDITIONAL_ON_FILL,DEVELOPMENT,MARKET_RISK_REGIME,NEUTRAL,TP5_H5,85,85,-0.0012600176042630693,0.049198920863309355,0.7647058823529411,
LIMIT_UP_CLOSE_BOARD_INTENT,CONDITIONAL_ON_FILL,DEVELOPMENT,MARKET_RISK_REGIME,NEUTRAL,TP10_H5,85,85,-0.01091466360249664,0.098799,0.5764705882352941,
LIMIT_UP_CLOSE_BOARD_INTENT,CONDITIONAL_ON_FILL,DEVELOPMENT,MARKET_RISK_REGIME,NEUTRAL,TP5_SL5_H5,85,85,-0.00661825547299407,-0.0510795,0.4823529411764706,
LIMIT_UP_CLOSE_BOARD_INTENT,CONDITIONAL_ON_FILL,DEVELOPMENT,MARKET_RISK_REGIME,NEUTRAL,TP10_SL10_H5,85,85,-0.011436877920711672,0.098799,0.5176470588235295,
LIMIT_UP_CLOSE_BOARD_INTENT,CONDITIONAL_ON_FILL,DEVELOPMENT,MARKET_RISK_REGIME,NEUTRAL,TP10_SL5_H5,85,85,-0.004775184988003894,-0.051381066398390345,0.3764705882352941,
LIMIT_UP_CLOSE_BOARD_INTENT,CONDITIONAL_ON_FILL,DEVELOPMENT,MARKET_RISK_REGIME,RISK_ON,TIME_H1,111,111,0.0036509906747571345,-0.00043066574680924454,0.4954954954954955,
LIMIT_UP_CLOSE_BOARD_INTENT,CONDITIONAL_ON_FILL,DEVELOPMENT,MARKET_RISK_REGIME,RISK_ON,TIME_H3,111,111,-0.02985783028011995,-0.05066128259734807,0.38738738738738737,
LIMIT_UP_CLOSE_BOARD_INTENT,CONDITIONAL_ON_FILL,DEVELOPMENT,MARKET_RISK_REGIME,RISK_ON,TIME_H5,111,111,-0.036780065817760915,-0.06964851769911505,0.35135135135135137,
LIMIT_UP_CLOSE_BOARD_INTENT,CONDITIONAL_ON_FILL,DEVELOPMENT,MARKET_RISK_REGIME,RISK_ON,TP5_H5,111,111,0.013498647063426085,0.049198920863309355,0.8108108108108109,
LIMIT_UP_CLOSE_BOARD_INTENT,CONDITIONAL_ON_FILL,DEVELOPMENT,MARKET_RISK_REGIME,RISK_ON,TP10_H5,111,111,-0.01117535709384379,0.09890158624229979,0.5765765765765766,
LIMIT_UP_CLOSE_BOARD_INTENT,CONDITIONAL_ON_FILL,DEVELOPMENT,MARKET_RISK_REGIME,RISK_ON,TP5_SL5_H5,111,111,0.0047854712594222115,0.04890363286264442,0.5405405405405406,
LIMIT_UP_CLOSE_BOARD_INTENT,CONDITIONAL_ON_FILL,DEVELOPMENT,MARKET_RISK_REGIME,RISK_ON,TP10_SL10_H5,111,111,-0.0033177436992331334,0.03633521914648212,0.5045045045045045,
LIMIT_UP_CLOSE_BOARD_INTENT,CONDITIONAL_ON_FILL,DEVELOPMENT,MARKET_RISK_REGIME,RISK_ON,TP10_SL5_H5,111,111,0.0010788557387557476,-0.051242352408547624,0.36936936936936937,
LIMIT_UP_CLOSE_BOARD_INTENT,CONDITIONAL_ON_FILL,DEVELOPMENT,MARKET_RISK_REGIME,MISSING,TIME_H1,0,0,,,,N_LT_10_NO_SHORTLIST
LIMIT_UP_CLOSE_BOARD_INTENT,CONDITIONAL_ON_FILL,DEVELOPMENT,MARKET_RISK_REGIME,MISSING,TIME_H3,0,0,,,,N_LT_10_NO_SHORTLIST
LIMIT_UP_CLOSE_BOARD_INTENT,CONDITIONAL_ON_FILL,DEVELOPMENT,MARKET_RISK_REGIME,MISSING,TIME_H5,0,0,,,,N_LT_10_NO_SHORTLIST
LIMIT_UP_CLOSE_BOARD_INTENT,CONDITIONAL_ON_FILL,DEVELOPMENT,MARKET_RISK_REGIME,MISSING,TP5_H5,0,0,,,,N_LT_10_NO_SHORTLIST
LIMIT_UP_CLOSE_BOARD_INTENT,CONDITIONAL_ON_FILL,DEVELOPMENT,MARKET_RISK_REGIME,MISSING,TP10_H5,0,0,,,,N_LT_10_NO_SHORTLIST
LIMIT_UP_CLOSE_BOARD_INTENT,CONDITIONAL_ON_FILL,DEVELOPMENT,MARKET_RISK_REGIME,MISSING,TP5_SL5_H5,0,0,,,,N_LT_10_NO_SHORTLIST
LIMIT_UP_CLOSE_BOARD_INTENT,CONDITIONAL_ON_FILL,DEVELOPMENT,MARKET_RISK_REGIME,MISSING,TP10_SL10_H5,0,0,,,,N_LT_10_NO_SHORTLIST
LIMIT_UP_CLOSE_BOARD_INTENT,CONDITIONAL_ON_FILL,DEVELOPMENT,MARKET_RISK_REGIME,MISSING,TP10_SL5_H5,0,0,,,,N_LT_10_NO_SHORTLIST
LIMIT_UP_CLOSE_BOARD_INTENT,CONDITIONAL_ON_FILL,DEVELOPMENT,STYLE_REGIME,TREND_DOMINANT,TIME_H1,80,80,0.014248495428156715,0.006108889990956562,0.525,
LIMIT_UP_CLOSE_BOARD_INTENT,CONDITIONAL_ON_FILL,DEVELOPMENT,STYLE_REGIME,TREND_DOMINANT,TIME_H3,80,80,-0.0029172354505414507,-0.004800104910784283,0.5,
LIMIT_UP_CLOSE_BOARD_INTENT,CONDITIONAL_ON_FILL,DEVELOPMENT,STYLE_REGIME,TREND_DOMINANT,TIME_H5,80,80,-0.010446313666097728,-0.02866065034111911,0.45,
LIMIT_UP_CLOSE_BOARD_INTENT,CONDITIONAL_ON_FILL,DEVELOPMENT,STYLE_REGIME,TREND_DOMINANT,TP5_H5,80,80,0.014301750347747296,0.0491470290713555,0.8125,
LIMIT_UP_CLOSE_BOARD_INTENT,CONDITIONAL_ON_FILL,DEVELOPMENT,STYLE_REGIME,TREND_DOMINANT,TP10_H5,80,80,0.024424205402418755,0.09900762189646756,0.7,
LIMIT_UP_CLOSE_BOARD_INTENT,CONDITIONAL_ON_FILL,DEVELOPMENT,STYLE_REGIME,TREND_DOMINANT,TP5_SL5_H5,80,80,0.012778619834026986,0.04896422230978131,0.6,
LIMIT_UP_CLOSE_BOARD_INTENT,CONDITIONAL_ON_FILL,DEVELOPMENT,STYLE_REGIME,TREND_DOMINANT,TP10_SL10_H5,80,80,0.025365288463161516,0.09899565234805667,0.65,
LIMIT_UP_CLOSE_BOARD_INTENT,CONDITIONAL_ON_FILL,DEVELOPMENT,STYLE_REGIME,TREND_DOMINANT,TP10_SL5_H5,80,80,0.011396501838712292,-0.051163331104943116,0.45,
LIMIT_UP_CLOSE_BOARD_INTENT,CONDITIONAL_ON_FILL,DEVELOPMENT,STYLE_REGIME,MIXED,TIME_H1,69,69,0.01037516059269027,0.01535121717462143,0.5362318840579711,
LIMIT_UP_CLOSE_BOARD_INTENT,CONDITIONAL_ON_FILL,DEVELOPMENT,STYLE_REGIME,MIXED,TIME_H3,69,69,-0.013478932465558806,-0.06745626556016597,0.391304347826087,
LIMIT_UP_CLOSE_BOARD_INTENT,CONDITIONAL_ON_FILL,DEVELOPMENT,STYLE_REGIME,MIXED,TIME_H5,69,69,-0.02039649777160386,-0.10445349820143884,0.3188405797101449,
LIMIT_UP_CLOSE_BOARD_INTENT,CONDITIONAL_ON_FILL,DEVELOPMENT,STYLE_REGIME,MIXED,TP5_H5,69,69,0.013437229312772449,0.04961150110375276,0.8260869565217391,
LIMIT_UP_CLOSE_BOARD_INTENT,CONDITIONAL_ON_FILL,DEVELOPMENT,STYLE_REGIME,MIXED,TP10_H5,69,69,-0.008840411224091056,0.09890158624229979,0.6086956521739131,
LIMIT_UP_CLOSE_BOARD_INTENT,CONDITIONAL_ON_FILL,DEVELOPMENT,STYLE_REGIME,MIXED,TP5_SL5_H5,69,69,0.005346890801425685,0.049046066154754875,0.5362318840579711,
LIMIT_UP_CLOSE_BOARD_INTENT,CONDITIONAL_ON_FILL,DEVELOPMENT,STYLE_REGIME,MIXED,TP10_SL10_H5,69,69,0.0028847757338845317,0.098799,0.5507246376811594,
LIMIT_UP_CLOSE_BOARD_INTENT,CONDITIONAL_ON_FILL,DEVELOPMENT,STYLE_REGIME,MIXED,TP10_SL5_H5,69,69,0.005448270680661907,-0.05120550126103405,0.391304347826087,
LIMIT_UP_CLOSE_BOARD_INTENT,CONDITIONAL_ON_FILL,DEVELOPMENT,STYLE_REGIME,SHORTLINE_DOMINANT,TIME_H1,66,66,-0.01735662178619843,-0.02068287562355129,0.4393939393939394,
LIMIT_UP_CLOSE_BOARD_INTENT,CONDITIONAL_ON_FILL,DEVELOPMENT,STYLE_REGIME,SHORTLINE_DOMINANT,TIME_H3,66,66,-0.0757269446684326,-0.11176263005050505,0.21212121212121213,
LIMIT_UP_CLOSE_BOARD_INTENT,CONDITIONAL_ON_FILL,DEVELOPMENT,STYLE_REGIME,SHORTLINE_DOMINANT,TIME_H5,66,66,-0.09002381041288245,-0.11050957813089002,0.21212121212121213,
LIMIT_UP_CLOSE_BOARD_INTENT,CONDITIONAL_ON_FILL,DEVELOPMENT,STYLE_REGIME,SHORTLINE_DOMINANT,TP5_H5,66,66,-0.0149409435256456,0.04899652416841371,0.696969696969697,
LIMIT_UP_CLOSE_BOARD_INTENT,CONDITIONAL_ON_FILL,DEVELOPMENT,STYLE_REGIME,SHORTLINE_DOMINANT,TP10_H5,66,66,-0.06663875396565183,-0.04523167396313514,0.3787878787878788,
LIMIT_UP_CLOSE_BOARD_INTENT,CONDITIONAL_ON_FILL,DEVELOPMENT,STYLE_REGIME,SHORTLINE_DOMINANT,TP5_SL5_H5,66,66,-0.021259026643661517,-0.05133921081547525,0.3939393939393939,
LIMIT_UP_CLOSE_BOARD_INTENT,CONDITIONAL_ON_FILL,DEVELOPMENT,STYLE_REGIME,SHORTLINE_DOMINANT,TP10_SL10_H5,66,66,-0.06554810898689477,-0.1018514001410408,0.2878787878787879,
LIMIT_UP_CLOSE_BOARD_INTENT,CONDITIONAL_ON_FILL,DEVELOPMENT,STYLE_REGIME,SHORTLINE_DOMINANT,TP10_SL5_H5,66,66,-0.02728981777320794,-0.051617815608051704,0.24242424242424243,
LIMIT_UP_CLOSE_BOARD_INTENT,CONDITIONAL_ON_FILL,DEVELOPMENT,STYLE_REGIME,MISSING,TIME_H1,0,0,,,,N_LT_10_NO_SHORTLIST
LIMIT_UP_CLOSE_BOARD_INTENT,CONDITIONAL_ON_FILL,DEVELOPMENT,STYLE_REGIME,MISSING,TIME_H3,0,0,,,,N_LT_10_NO_SHORTLIST
LIMIT_UP_CLOSE_BOARD_INTENT,CONDITIONAL_ON_FILL,DEVELOPMENT,STYLE_REGIME,MISSING,TIME_H5,0,0,,,,N_LT_10_NO_SHORTLIST
LIMIT_UP_CLOSE_BOARD_INTENT,CONDITIONAL_ON_FILL,DEVELOPMENT,STYLE_REGIME,MISSING,TP5_H5,0,0,,,,N_LT_10_NO_SHORTLIST
LIMIT_UP_CLOSE_BOARD_INTENT,CONDITIONAL_ON_FILL,DEVELOPMENT,STYLE_REGIME,MISSING,TP10_H5,0,0,,,,N_LT_10_NO_SHORTLIST
LIMIT_UP_CLOSE_BOARD_INTENT,CONDITIONAL_ON_FILL,DEVELOPMENT,STYLE_REGIME,MISSING,TP5_SL5_H5,0,0,,,,N_LT_10_NO_SHORTLIST
LIMIT_UP_CLOSE_BOARD_INTENT,CONDITIONAL_ON_FILL,DEVELOPMENT,STYLE_REGIME,MISSING,TP10_SL10_H5,0,0,,,,N_LT_10_NO_SHORTLIST
LIMIT_UP_CLOSE_BOARD_INTENT,CONDITIONAL_ON_FILL,DEVELOPMENT,STYLE_REGIME,MISSING,TP10_SL5_H5,0,0,,,,N_LT_10_NO_SHORTLIST
LIMIT_UP_CLOSE_BOARD_INTENT,CONDITIONAL_ON_FILL,TEMPORAL_DESCRIPTIVE,MARKET_RISK_REGIME,RISK_OFF,TIME_H1,5,5,0.019083128123069743,0.04714141323792487,0.6,N_LT_10_NO_SHORTLIST
LIMIT_UP_CLOSE_BOARD_INTENT,CONDITIONAL_ON_FILL,TEMPORAL_DESCRIPTIVE,MARKET_RISK_REGIME,RISK_OFF,TIME_H3,5,5,0.002443399761439316,-0.09585536672629696,0.4,N_LT_10_NO_SHORTLIST
LIMIT_UP_CLOSE_BOARD_INTENT,CONDITIONAL_ON_FILL,TEMPORAL_DESCRIPTIVE,MARKET_RISK_REGIME,RISK_OFF,TIME_H5,5,5,-0.09120714623833023,-0.063569375,0.2,N_LT_10_NO_SHORTLIST
LIMIT_UP_CLOSE_BOARD_INTENT,CONDITIONAL_ON_FILL,TEMPORAL_DESCRIPTIVE,MARKET_RISK_REGIME,RISK_OFF,TP5_H5,5,5,0.03663507459450598,0.04892887298747764,0.8,N_LT_10_NO_SHORTLIST
LIMIT_UP_CLOSE_BOARD_INTENT,CONDITIONAL_ON_FILL,TEMPORAL_DESCRIPTIVE,MARKET_RISK_REGIME,RISK_OFF,TP10_H5,5,5,-0.04547826593194994,-0.012738488372093024,0.4,N_LT_10_NO_SHORTLIST
LIMIT_UP_CLOSE_BOARD_INTENT,CONDITIONAL_ON_FILL,TEMPORAL_DESCRIPTIVE,MARKET_RISK_REGIME,RISK_OFF,TP5_SL5_H5,5,5,0.005330154526202192,0.0488395,0.6,N_LT_10_NO_SHORTLIST
LIMIT_UP_CLOSE_BOARD_INTENT,CONDITIONAL_ON_FILL,TEMPORAL_DESCRIPTIVE,MARKET_RISK_REGIME,RISK_OFF,TP10_SL10_H5,5,5,-0.02751808939682667,-0.10121774597495528,0.4,N_LT_10_NO_SHORTLIST
LIMIT_UP_CLOSE_BOARD_INTENT,CONDITIONAL_ON_FILL,TEMPORAL_DESCRIPTIVE,MARKET_RISK_REGIME,RISK_OFF,TP10_SL5_H5,5,5,0.0052129912111393995,-0.05129074524312897,0.4,N_LT_10_NO_SHORTLIST
LIMIT_UP_CLOSE_BOARD_INTENT,CONDITIONAL_ON_FILL,TEMPORAL_DESCRIPTIVE,MARKET_RISK_REGIME,NEUTRAL,TIME_H1,18,18,0.002630117854378937,-0.016761351221129754,0.4444444444444444,SMALL_SAMPLE_DESCRIPTIVE_ONLY
LIMIT_UP_CLOSE_BOARD_INTENT,CONDITIONAL_ON_FILL,TEMPORAL_DESCRIPTIVE,MARKET_RISK_REGIME,NEUTRAL,TIME_H3,18,18,-0.05010846471544303,-0.034662820831816155,0.2777777777777778,SMALL_SAMPLE_DESCRIPTIVE_ONLY
LIMIT_UP_CLOSE_BOARD_INTENT,CONDITIONAL_ON_FILL,TEMPORAL_DESCRIPTIVE,MARKET_RISK_REGIME,NEUTRAL,TIME_H5,18,18,-0.08449784550827129,-0.0999184566113907,0.2222222222222222,SMALL_SAMPLE_DESCRIPTIVE_ONLY
LIMIT_UP_CLOSE_BOARD_INTENT,CONDITIONAL_ON_FILL,TEMPORAL_DESCRIPTIVE,MARKET_RISK_REGIME,NEUTRAL,TP5_H5,18,18,0.011513849406960014,0.04924741726575921,0.8333333333333334,SMALL_SAMPLE_DESCRIPTIVE_ONLY
LIMIT_UP_CLOSE_BOARD_INTENT,CONDITIONAL_ON_FILL,TEMPORAL_DESCRIPTIVE,MARKET_RISK_REGIME,NEUTRAL,TP10_H5,18,18,-0.012134558751076299,0.0618671745964316,0.5555555555555556,SMALL_SAMPLE_DESCRIPTIVE_ONLY
LIMIT_UP_CLOSE_BOARD_INTENT,CONDITIONAL_ON_FILL,TEMPORAL_DESCRIPTIVE,MARKET_RISK_REGIME,NEUTRAL,TP5_SL5_H5,18,18,0.007143423299335534,0.04894189491884331,0.5555555555555556,SMALL_SAMPLE_DESCRIPTIVE_ONLY
LIMIT_UP_CLOSE_BOARD_INTENT,CONDITIONAL_ON_FILL,TEMPORAL_DESCRIPTIVE,MARKET_RISK_REGIME,NEUTRAL,TP10_SL10_H5,18,18,-0.002700885492286956,0.0618671745964316,0.5555555555555556,SMALL_SAMPLE_DESCRIPTIVE_ONLY
LIMIT_UP_CLOSE_BOARD_INTENT,CONDITIONAL_ON_FILL,TEMPORAL_DESCRIPTIVE,MARKET_RISK_REGIME,NEUTRAL,TP10_SL5_H5,18,18,0.0035882527580271234,-0.05127083453225435,0.3888888888888889,SMALL_SAMPLE_DESCRIPTIVE_ONLY
LIMIT_UP_CLOSE_BOARD_INTENT,CONDITIONAL_ON_FILL,TEMPORAL_DESCRIPTIVE,MARKET_RISK_REGIME,RISK_ON,TIME_H1,25,25,-0.003976563326025483,-0.017411141304347826,0.44,
LIMIT_UP_CLOSE_BOARD_INTENT,CONDITIONAL_ON_FILL,TEMPORAL_DESCRIPTIVE,MARKET_RISK_REGIME,RISK_ON,TIME_H3,25,25,0.014867246905881171,0.010696964520367938,0.56,
LIMIT_UP_CLOSE_BOARD_INTENT,CONDITIONAL_ON_FILL,TEMPORAL_DESCRIPTIVE,MARKET_RISK_REGIME,RISK_ON,TIME_H5,25,25,0.0066867464848499565,-0.026415949367088607,0.44,
LIMIT_UP_CLOSE_BOARD_INTENT,CONDITIONAL_ON_FILL,TEMPORAL_DESCRIPTIVE,MARKET_RISK_REGIME,RISK_ON,TP5_H5,25,25,0.0022834925252085024,0.04934414141414142,0.76,
LIMIT_UP_CLOSE_BOARD_INTENT,CONDITIONAL_ON_FILL,TEMPORAL_DESCRIPTIVE,MARKET_RISK_REGIME,RISK_ON,TP10_H5,25,25,0.011921978886078034,0.09888080024559967,0.64,
LIMIT_UP_CLOSE_BOARD_INTENT,CONDITIONAL_ON_FILL,TEMPORAL_DESCRIPTIVE,MARKET_RISK_REGIME,RISK_ON,TP5_SL5_H5,25,25,-0.017725076199726787,-0.051147719617660445,0.32,
LIMIT_UP_CLOSE_BOARD_INTENT,CONDITIONAL_ON_FILL,TEMPORAL_DESCRIPTIVE,MARKET_RISK_REGIME,RISK_ON,TP10_SL10_H5,25,25,0.0018269059925326125,0.09883979991833401,0.52,
LIMIT_UP_CLOSE_BOARD_INTENT,CONDITIONAL_ON_FILL,TEMPORAL_DESCRIPTIVE,MARKET_RISK_REGIME,RISK_ON,TP10_SL5_H5,25,25,-0.01876309049251019,-0.05145233208955224,0.24,
LIMIT_UP_CLOSE_BOARD_INTENT,CONDITIONAL_ON_FILL,TEMPORAL_DESCRIPTIVE,MARKET_RISK_REGIME,MISSING,TIME_H1,0,0,,,,N_LT_10_NO_SHORTLIST
LIMIT_UP_CLOSE_BOARD_INTENT,CONDITIONAL_ON_FILL,TEMPORAL_DESCRIPTIVE,MARKET_RISK_REGIME,MISSING,TIME_H3,0,0,,,,N_LT_10_NO_SHORTLIST
LIMIT_UP_CLOSE_BOARD_INTENT,CONDITIONAL_ON_FILL,TEMPORAL_DESCRIPTIVE,MARKET_RISK_REGIME,MISSING,TIME_H5,0,0,,,,N_LT_10_NO_SHORTLIST
LIMIT_UP_CLOSE_BOARD_INTENT,CONDITIONAL_ON_FILL,TEMPORAL_DESCRIPTIVE,MARKET_RISK_REGIME,MISSING,TP5_H5,0,0,,,,N_LT_10_NO_SHORTLIST
LIMIT_UP_CLOSE_BOARD_INTENT,CONDITIONAL_ON_FILL,TEMPORAL_DESCRIPTIVE,MARKET_RISK_REGIME,MISSING,TP10_H5,0,0,,,,N_LT_10_NO_SHORTLIST
LIMIT_UP_CLOSE_BOARD_INTENT,CONDITIONAL_ON_FILL,TEMPORAL_DESCRIPTIVE,MARKET_RISK_REGIME,MISSING,TP5_SL5_H5,0,0,,,,N_LT_10_NO_SHORTLIST
LIMIT_UP_CLOSE_BOARD_INTENT,CONDITIONAL_ON_FILL,TEMPORAL_DESCRIPTIVE,MARKET_RISK_REGIME,MISSING,TP10_SL10_H5,0,0,,,,N_LT_10_NO_SHORTLIST
LIMIT_UP_CLOSE_BOARD_INTENT,CONDITIONAL_ON_FILL,TEMPORAL_DESCRIPTIVE,MARKET_RISK_REGIME,MISSING,TP10_SL5_H5,0,0,,,,N_LT_10_NO_SHORTLIST
LIMIT_UP_CLOSE_BOARD_INTENT,CONDITIONAL_ON_FILL,TEMPORAL_DESCRIPTIVE,STYLE_REGIME,TREND_DOMINANT,TIME_H1,15,15,0.011343127353689718,0.012286653512233623,0.5333333333333333,SMALL_SAMPLE_DESCRIPTIVE_ONLY
LIMIT_UP_CLOSE_BOARD_INTENT,CONDITIONAL_ON_FILL,TEMPORAL_DESCRIPTIVE,STYLE_REGIME,TREND_DOMINANT,TIME_H3,15,15,0.0009625230581757955,0.0017025706214689265,0.5333333333333333,SMALL_SAMPLE_DESCRIPTIVE_ONLY
LIMIT_UP_CLOSE_BOARD_INTENT,CONDITIONAL_ON_FILL,TEMPORAL_DESCRIPTIVE,STYLE_REGIME,TREND_DOMINANT,TIME_H5,15,15,-0.0212239888676357,-0.026415949367088607,0.4,SMALL_SAMPLE_DESCRIPTIVE_ONLY
LIMIT_UP_CLOSE_BOARD_INTENT,CONDITIONAL_ON_FILL,TEMPORAL_DESCRIPTIVE,STYLE_REGIME,TREND_DOMINANT,TP5_H5,15,15,-0.0029822371217610557,0.04909482964224872,0.7333333333333333,SMALL_SAMPLE_DESCRIPTIVE_ONLY
LIMIT_UP_CLOSE_BOARD_INTENT,CONDITIONAL_ON_FILL,TEMPORAL_DESCRIPTIVE,STYLE_REGIME,TREND_DOMINANT,TP10_H5,15,15,-0.001425062213318172,0.098799,0.6,SMALL_SAMPLE_DESCRIPTIVE_ONLY
LIMIT_UP_CLOSE_BOARD_INTENT,CONDITIONAL_ON_FILL,TEMPORAL_DESCRIPTIVE,STYLE_REGIME,TREND_DOMINANT,TP5_SL5_H5,15,15,-0.0163030973277243,-0.051334829642248725,0.3333333333333333,SMALL_SAMPLE_DESCRIPTIVE_ONLY
LIMIT_UP_CLOSE_BOARD_INTENT,CONDITIONAL_ON_FILL,TEMPORAL_DESCRIPTIVE,STYLE_REGIME,TREND_DOMINANT,TP10_SL10_H5,15,15,-0.004213691943043613,0.098799,0.5333333333333333,SMALL_SAMPLE_DESCRIPTIVE_ONLY
LIMIT_UP_CLOSE_BOARD_INTENT,CONDITIONAL_ON_FILL,TEMPORAL_DESCRIPTIVE,STYLE_REGIME,TREND_DOMINANT,TP10_SL5_H5,15,15,-0.01319690085720394,-0.051334829642248725,0.26666666666666666,SMALL_SAMPLE_DESCRIPTIVE_ONLY
LIMIT_UP_CLOSE_BOARD_INTENT,CONDITIONAL_ON_FILL,TEMPORAL_DESCRIPTIVE,STYLE_REGIME,MIXED,TIME_H1,14,14,-0.028572841857237713,-0.03419488125617073,0.2857142857142857,SMALL_SAMPLE_DESCRIPTIVE_ONLY
LIMIT_UP_CLOSE_BOARD_INTENT,CONDITIONAL_ON_FILL,TEMPORAL_DESCRIPTIVE,STYLE_REGIME,MIXED,TIME_H3,14,14,0.007723123478685917,0.018613411723016306,0.5714285714285714,SMALL_SAMPLE_DESCRIPTIVE_ONLY
LIMIT_UP_CLOSE_BOARD_INTENT,CONDITIONAL_ON_FILL,TEMPORAL_DESCRIPTIVE,STYLE_REGIME,MIXED,TIME_H5,14,14,-0.017036746699588004,-0.056789315638780494,0.35714285714285715,SMALL_SAMPLE_DESCRIPTIVE_ONLY
LIMIT_UP_CLOSE_BOARD_INTENT,CONDITIONAL_ON_FILL,TEMPORAL_DESCRIPTIVE,STYLE_REGIME,MIXED,TP5_H5,14,14,-0.01455680674625146,0.04913816532673676,0.7142857142857143,SMALL_SAMPLE_DESCRIPTIVE_ONLY
LIMIT_UP_CLOSE_BOARD_INTENT,CONDITIONAL_ON_FILL,TEMPORAL_DESCRIPTIVE,STYLE_REGIME,MIXED,TP10_H5,14,14,-0.024766649074520985,0.030941935824145908,0.5,SMALL_SAMPLE_DESCRIPTIVE_ONLY
LIMIT_UP_CLOSE_BOARD_INTENT,CONDITIONAL_ON_FILL,TEMPORAL_DESCRIPTIVE,STYLE_REGIME,MIXED,TP5_SL5_H5,14,14,-0.02490410126865058,-0.051334795720130874,0.2857142857142857,SMALL_SAMPLE_DESCRIPTIVE_ONLY
LIMIT_UP_CLOSE_BOARD_INTENT,CONDITIONAL_ON_FILL,TEMPORAL_DESCRIPTIVE,STYLE_REGIME,MIXED,TP10_SL10_H5,14,14,-0.02713495799479208,-0.10075702407038513,0.35714285714285715,SMALL_SAMPLE_DESCRIPTIVE_ONLY
LIMIT_UP_CLOSE_BOARD_INTENT,CONDITIONAL_ON_FILL,TEMPORAL_DESCRIPTIVE,STYLE_REGIME,MIXED,TP10_SL5_H5,14,14,-0.025107821901229788,-0.05156223619811791,0.21428571428571427,SMALL_SAMPLE_DESCRIPTIVE_ONLY
LIMIT_UP_CLOSE_BOARD_INTENT,CONDITIONAL_ON_FILL,TEMPORAL_DESCRIPTIVE,STYLE_REGIME,SHORTLINE_DOMINANT,TIME_H1,19,19,0.014379818659974458,0.00014160353535353537,0.5263157894736842,SMALL_SAMPLE_DESCRIPTIVE_ONLY
LIMIT_UP_CLOSE_BOARD_INTENT,CONDITIONAL_ON_FILL,TEMPORAL_DESCRIPTIVE,STYLE_REGIME,SHORTLINE_DOMINANT,TIME_H3,19,19,-0.03371661936831518,-0.02722710213776722,0.2631578947368421,SMALL_SAMPLE_DESCRIPTIVE_ONLY
LIMIT_UP_CLOSE_BOARD_INTENT,CONDITIONAL_ON_FILL,TEMPORAL_DESCRIPTIVE,STYLE_REGIME,SHORTLINE_DOMINANT,TIME_H5,19,19,-0.06594494744265884,-0.07395203112203112,0.2631578947368421,SMALL_SAMPLE_DESCRIPTIVE_ONLY
LIMIT_UP_CLOSE_BOARD_INTENT,CONDITIONAL_ON_FILL,TEMPORAL_DESCRIPTIVE,STYLE_REGIME,SHORTLINE_DOMINANT,TP5_H5,19,19,0.03663372772115574,0.049214330117899246,0.8947368421052632,SMALL_SAMPLE_DESCRIPTIVE_ONLY
LIMIT_UP_CLOSE_BOARD_INTENT,CONDITIONAL_ON_FILL,TEMPORAL_DESCRIPTIVE,STYLE_REGIME,SHORTLINE_DOMINANT,TP10_H5,19,19,0.011597110800836532,0.09892510727808161,0.631578947368421,SMALL_SAMPLE_DESCRIPTIVE_ONLY
LIMIT_UP_CLOSE_BOARD_INTENT,CONDITIONAL_ON_FILL,TEMPORAL_DESCRIPTIVE,STYLE_REGIME,SHORTLINE_DOMINANT,TP5_SL5_H5,19,19,0.016068913931729135,0.04906042008843967,0.631578947368421,SMALL_SAMPLE_DESCRIPTIVE_ONLY
LIMIT_UP_CLOSE_BOARD_INTENT,CONDITIONAL_ON_FILL,TEMPORAL_DESCRIPTIVE,STYLE_REGIME,SHORTLINE_DOMINANT,TP10_SL10_H5,19,19,0.015924266054776846,0.09892510727808161,0.631578947368421,SMALL_SAMPLE_DESCRIPTIVE_ONLY
LIMIT_UP_CLOSE_BOARD_INTENT,CONDITIONAL_ON_FILL,TEMPORAL_DESCRIPTIVE,STYLE_REGIME,SHORTLINE_DOMINANT,TP10_SL5_H5,19,19,0.009002066466458245,-0.051191840668165754,0.42105263157894735,SMALL_SAMPLE_DESCRIPTIVE_ONLY
LIMIT_UP_CLOSE_BOARD_INTENT,CONDITIONAL_ON_FILL,TEMPORAL_DESCRIPTIVE,STYLE_REGIME,MISSING,TIME_H1,0,0,,,,N_LT_10_NO_SHORTLIST
LIMIT_UP_CLOSE_BOARD_INTENT,CONDITIONAL_ON_FILL,TEMPORAL_DESCRIPTIVE,STYLE_REGIME,MISSING,TIME_H3,0,0,,,,N_LT_10_NO_SHORTLIST
LIMIT_UP_CLOSE_BOARD_INTENT,CONDITIONAL_ON_FILL,TEMPORAL_DESCRIPTIVE,STYLE_REGIME,MISSING,TIME_H5,0,0,,,,N_LT_10_NO_SHORTLIST
LIMIT_UP_CLOSE_BOARD_INTENT,CONDITIONAL_ON_FILL,TEMPORAL_DESCRIPTIVE,STYLE_REGIME,MISSING,TP5_H5,0,0,,,,N_LT_10_NO_SHORTLIST
LIMIT_UP_CLOSE_BOARD_INTENT,CONDITIONAL_ON_FILL,TEMPORAL_DESCRIPTIVE,STYLE_REGIME,MISSING,TP10_H5,0,0,,,,N_LT_10_NO_SHORTLIST
LIMIT_UP_CLOSE_BOARD_INTENT,CONDITIONAL_ON_FILL,TEMPORAL_DESCRIPTIVE,STYLE_REGIME,MISSING,TP5_SL5_H5,0,0,,,,N_LT_10_NO_SHORTLIST
LIMIT_UP_CLOSE_BOARD_INTENT,CONDITIONAL_ON_FILL,TEMPORAL_DESCRIPTIVE,STYLE_REGIME,MISSING,TP10_SL10_H5,0,0,,,,N_LT_10_NO_SHORTLIST
LIMIT_UP_CLOSE_BOARD_INTENT,CONDITIONAL_ON_FILL,TEMPORAL_DESCRIPTIVE,STYLE_REGIME,MISSING,TP10_SL5_H5,0,0,,,,N_LT_10_NO_SHORTLIST
