population,period,dimension,subgroup,n_events,n_securities,tp5_closed_n,tp5_net_mean,tp5_net_median,tp5_net_positive_fraction,h5_signal_n,h5_signal_mean,left_tail_h5_10_n,left_tail_h5_10_fraction,left_tail_h5_20_n,left_tail_h5_20_fraction,tp5_success_n,tp5_success_fraction,failed_rebound_tp5_fraction,sample_guardrail,time_h1_closed_n,time_h1_net_mean,time_h3_closed_n,time_h3_net_mean,time_h5_closed_n,time_h5_net_mean
NORMAL_CLOSE_INTENT,2024,turnover_20d_percentile,LOW,18,18,18,-0.0335973392630724,0.04890293652705108,0.6111111111111112,18,-0.08579426456442861,18,0.5,18,0.2777777777777778,18,0.6111111111111112,0.3888888888888889,SMALL_SAMPLE_DESCRIPTIVE_ONLY,18,-0.0064072235496281165,18,-0.016666940694203523,18,-0.0868447712101314
NORMAL_CLOSE_INTENT,2024,turnover_20d_percentile,MID,24,24,24,-8.541189083701094e-05,0.049133273217042805,0.625,24,-0.01772224595000826,24,0.375,24,0.08333333333333333,24,0.625,0.375,,24,-0.006981740101488026,24,-0.03435975710251375,24,-0.018827890930788762
NORMAL_CLOSE_INTENT,2024,turnover_20d_percentile,HIGH,21,21,21,-0.05440739071512514,-0.08155414980628498,0.42857142857142855,21,-0.0634517163817886,21,0.5238095238095238,21,0.09523809523809523,21,0.42857142857142855,0.5714285714285714,,21,-0.04717761683972111,21,-0.04381670459793933,21,-0.06452032049151936
NORMAL_CLOSE_INTENT,2024,turnover_20d_percentile,MISSING,0,0,0,,,,0,,0,,0,,0,,,N_LT_10_NO_SHORTLIST,0,,0,,0,
NORMAL_CLOSE_INTENT,2024,market_breadth_score,LOW,18,18,18,-0.04061192607147734,0.04887887163323213,0.5555555555555556,18,-0.07165994372576913,18,0.5555555555555556,18,0.16666666666666666,18,0.5555555555555556,0.4444444444444444,SMALL_SAMPLE_DESCRIPTIVE_ONLY,18,-0.026166784931109414,18,-0.02919516129456438,18,-0.07272189917135126
NORMAL_CLOSE_INTENT,2024,market_breadth_score,MID,12,12,12,-0.0020753503786229473,0.04903318233412014,0.5833333333333334,12,-0.04433180150549398,12,0.4166666666666667,12,0.08333333333333333,12,0.5833333333333334,0.4166666666666667,SMALL_SAMPLE_DESCRIPTIVE_ONLY,12,-0.027395902196862568,12,-0.02840202493345297,12,-0.0454158927462745
NORMAL_CLOSE_INTENT,2024,market_breadth_score,HIGH,33,31,33,-0.03010419161524097,0.04902117090909091,0.5454545454545454,33,-0.044856245571142477,33,0.42424242424242425,33,0.15151515151515152,33,0.5454545454545454,0.45454545454545453,,33,-0.014359660146692174,33,-0.0357106877881553,33,-0.04593991201222986
NORMAL_CLOSE_INTENT,2024,market_breadth_score,MISSING,0,0,0,,,,0,,0,,0,,0,,,N_LT_10_NO_SHORTLIST,0,,0,,0,
NORMAL_CLOSE_INTENT,2024,prior_limit_up_next_day_median_return,LOW,14,14,14,-0.018920340619223524,0.04888652239241985,0.5714285714285714,14,-0.06367848503413039,14,0.5,14,0.14285714285714285,14,0.5714285714285714,0.42857142857142855,SMALL_SAMPLE_DESCRIPTIVE_ONLY,14,-0.023926773042702066,14,-0.022383009339820514,14,-0.06474690546125271
NORMAL_CLOSE_INTENT,2024,prior_limit_up_next_day_median_return,MID,18,18,18,-0.04399469022789715,0.04896659053437129,0.5555555555555556,18,-0.059445887579282534,18,0.4444444444444444,18,0.1111111111111111,18,0.5555555555555556,0.4444444444444444,SMALL_SAMPLE_DESCRIPTIVE_ONLY,18,-0.01845637515855075,18,-0.0339655094701737,18,-0.06051773641034333
NORMAL_CLOSE_INTENT,2024,prior_limit_up_next_day_median_return,HIGH,31,30,31,-0.022340903366507788,0.04900547840531561,0.5483870967741935,31,-0.04324490135717945,31,0.45161290322580644,31,0.16129032258064516,31,0.5483870967741935,0.45161290322580644,,31,-0.01956232788746515,31,-0.036130599944906625,31,-0.04432987298708014
NORMAL_CLOSE_INTENT,2024,prior_limit_up_next_day_median_return,MISSING,0,0,0,,,,0,,0,,0,,0,,,N_LT_10_NO_SHORTLIST,0,,0,,0,
NORMAL_CLOSE_INTENT,2024,high_position_negative_feedback_rate,LOW,25,25,25,-0.03185885653283368,-0.012429074567243676,0.48,25,-0.06913675888475102,25,0.52,25,0.16,25,0.48,0.52,,25,-0.027356142688035698,25,-0.05793417290852495,25,-0.07020075811005437
NORMAL_CLOSE_INTENT,2024,high_position_negative_feedback_rate,MID,14,14,14,-0.015020321452134739,0.04922222521884813,0.6428571428571429,14,-0.034162600467279584,14,0.35714285714285715,14,0.14285714285714285,14,0.6428571428571429,0.35714285714285715,SMALL_SAMPLE_DESCRIPTIVE_ONLY,14,-0.008395487909600747,14,-0.03735913847190607,14,-0.03525492876090106
NORMAL_CLOSE_INTENT,2024,high_position_negative_feedback_rate,HIGH,21,21,21,-0.04243804633427695,0.0488791818903892,0.5238095238095238,21,-0.07342831754805756,21,0.47619047619047616,21,0.14285714285714285,21,0.5238095238095238,0.47619047619047616,,21,-0.027474396121810123,21,-0.0230039444749335,21,-0.07448884061084364
NORMAL_CLOSE_INTENT,2024,high_position_negative_feedback_rate,MISSING,3,3,3,0.04953256317917496,0.049067625570776256,1.0,3,0.14885777939747488,3,0.3333333333333333,3,0.0,3,1.0,0.0,N_LT_10_NO_SHORTLIST,3,0.034926992176717846,3,0.1365583985935643,3,0.14761720459616287
NORMAL_CLOSE_INTENT,2024,high_board_advancement_rate,LOW,12,12,12,-0.026961916784030888,0.01594108651680775,0.5,12,-0.02524370630901135,12,0.5833333333333334,12,0.08333333333333333,12,0.5,0.5,SMALL_SAMPLE_DESCRIPTIVE_ONLY,12,-0.03157354641040681,12,-0.030034073055831306,12,-0.026343258906901038
NORMAL_CLOSE_INTENT,2024,high_board_advancement_rate,MID,21,21,21,-0.05659019126301236,0.048912010159651666,0.5238095238095238,21,-0.06996034271200942,21,0.47619047619047616,21,0.19047619047619047,21,0.5238095238095238,0.47619047619047616,,21,-0.017966292561924772,21,-0.03642831833630794,21,-0.07102367483441267
NORMAL_CLOSE_INTENT,2024,high_board_advancement_rate,HIGH,30,30,30,-0.007914005973379644,0.049049612612327015,0.6,30,-0.05100083454390467,30,0.4,30,0.13333333333333333,30,0.6,0.4,,30,-0.017248234641262006,30,-0.030646211259342564,30,-0.05207952386792412
NORMAL_CLOSE_INTENT,2024,high_board_advancement_rate,MISSING,0,0,0,,,,0,,0,,0,,0,,,N_LT_10_NO_SHORTLIST,0,,0,,0,
NORMAL_CLOSE_INTENT,2024,shortline_style_score,LOW,12,12,12,-0.024153704671266946,0.04888652239241985,0.5833333333333334,12,-0.1085316469926344,12,0.75,12,0.16666666666666666,12,0.5833333333333334,0.4166666666666667,SMALL_SAMPLE_DESCRIPTIVE_ONLY,12,-0.027200087215168294,12,-0.032029912840165174,12,-0.10956373635857035
NORMAL_CLOSE_INTENT,2024,shortline_style_score,MID,24,24,24,-0.03443891134496795,0.04901332465720326,0.5833333333333334,24,-0.04320455579253343,24,0.375,24,0.16666666666666666,24,0.5833333333333334,0.4166666666666667,,24,-0.013663010302778146,24,-0.024391795246801712,24,-0.04428956010234148
NORMAL_CLOSE_INTENT,2024,shortline_style_score,HIGH,27,27,27,-0.023443661807355007,0.04887856137607506,0.5185185185185185,27,-0.03566028170537255,27,0.4074074074074074,27,0.1111111111111111,27,0.5185185185185185,0.48148148148148145,,27,-0.02293734985609137,27,-0.03981584664842578,27,-0.03675139687719121
NORMAL_CLOSE_INTENT,2024,shortline_style_score,MISSING,0,0,0,,,,0,,0,,0,,0,,,N_LT_10_NO_SHORTLIST,0,,0,,0,
NORMAL_CLOSE_INTENT,2024,trend_style_score,LOW,19,19,19,-0.0585384774426958,0.04887856137607506,0.5263157894736842,19,-0.10697375402141152,19,0.631578947368421,19,0.3684210526315789,19,0.5263157894736842,0.47368421052631576,SMALL_SAMPLE_DESCRIPTIVE_ONLY,19,-0.029358571930258395,19,-0.04253792052567452,19,-0.10800710528065416
NORMAL_CLOSE_INTENT,2024,trend_style_score,MID,23,23,23,-0.011341350640194458,0.049198920863309355,0.5652173913043478,23,-0.05027789594775766,23,0.4782608695652174,23,0.043478260869565216,23,0.5652173913043478,0.43478260869565216,,23,-0.00800192202089561,23,-0.04392060210519719,23,-0.05135717085203999
NORMAL_CLOSE_INTENT,2024,trend_style_score,HIGH,21,20,21,-0.017917860047491747,0.049060886262924666,0.5714285714285714,21,-0.005391608370106142,21,0.2857142857142857,21,0.047619047619047616,21,0.5714285714285714,0.42857142857142855,,21,-0.025322126990840646,21,-0.010780741005017531,21,-0.006507241167326352
NORMAL_CLOSE_INTENT,2024,trend_style_score,MISSING,0,0,0,,,,0,,0,,0,,0,,,N_LT_10_NO_SHORTLIST,0,,0,,0,
NORMAL_CLOSE_INTENT,2024,style_differential,LOW,11,11,11,-0.01530585007318528,0.04889386289445049,0.6363636363636364,11,-0.03153081265344713,11,0.45454545454545453,11,0.18181818181818182,11,0.6363636363636364,0.36363636363636365,SMALL_SAMPLE_DESCRIPTIVE_ONLY,11,-0.0028049521007616715,11,0.025915765377415034,11,-0.0326252726951978
NORMAL_CLOSE_INTENT,2024,style_differential,MID,25,24,25,-0.017402472050979376,0.04907778060413354,0.64,25,-0.014598170092723416,25,0.4,25,0.08,25,0.64,0.36,,25,-0.012992511804009082,25,-0.010767824668494836,25,-0.015706345574948325
NORMAL_CLOSE_INTENT,2024,style_differential,HIGH,27,27,27,-0.04244189055753692,-0.03227977130977131,0.4444444444444444,27,-0.0959379080544989,27,0.5185185185185185,27,0.18518518518518517,27,0.4444444444444444,0.5555555555555556,,27,-0.03399831376868728,27,-0.07632102599821902,27,-0.09698019834897476
NORMAL_CLOSE_INTENT,2024,style_differential,MISSING,0,0,0,,,,0,,0,,0,,0,,,N_LT_10_NO_SHORTLIST,0,,0,,0,
NORMAL_CLOSE_INTENT,2025,turnover_20d_percentile,LOW,40,37,40,-0.04145863828546306,0.048935673134777376,0.625,40,-0.05294125421680505,40,0.4,40,0.2,40,0.625,0.375,,40,-0.013559676529604159,40,-0.03714794539836299,40,-0.054018371800889455
NORMAL_CLOSE_INTENT,2025,turnover_20d_percentile,MID,34,33,34,-0.004409084067557172,0.04885710377026074,0.6764705882352942,34,-0.00691192575567154,34,0.3235294117647059,34,0.08823529411764706,34,0.6764705882352942,0.3235294117647059,,34,-0.01798830436162262,34,-0.022686353178526936,34,-0.008026327095809428
NORMAL_CLOSE_INTENT,2025,turnover_20d_percentile,HIGH,37,37,37,-0.04021001757786304,0.048860238688252386,0.5405405405405406,37,-0.060795809430608846,37,0.40540540540540543,37,0.08108108108108109,37,0.5405405405405406,0.4594594594594595,,37,-0.022137289198962674,37,-0.033789415657249314,37,-0.061866564824970036
NORMAL_CLOSE_INTENT,2025,turnover_20d_percentile,MISSING,0,0,0,,,,0,,0,,0,,0,,,N_LT_10_NO_SHORTLIST,0,,0,,0,
NORMAL_CLOSE_INTENT,2025,market_breadth_score,LOW,41,38,41,-0.0065325993282072965,0.04894166666666667,0.7073170731707317,41,-0.012097210180200149,41,0.2926829268292683,41,0.14634146341463414,41,0.7073170731707317,0.2926829268292683,,41,-0.005547155238286218,41,-0.0011599324804723635,41,-0.013207411439954183
NORMAL_CLOSE_INTENT,2025,market_breadth_score,MID,45,44,45,-0.044210359120252896,0.0488395,0.5555555555555556,45,-0.06901101539264712,45,0.4,45,0.13333333333333333,45,0.5555555555555556,0.4444444444444444,,45,-0.019815751936615573,45,-0.05583565282089356,45,-0.07007511647017907
NORMAL_CLOSE_INTENT,2025,market_breadth_score,HIGH,25,25,25,-0.04154889228914078,0.0488395,0.56,25,-0.04002477132960942,25,0.48,25,0.08,25,0.56,0.44,,25,-0.034157076316940746,25,-0.03789202378732331,25,-0.04111235126483241
NORMAL_CLOSE_INTENT,2025,market_breadth_score,MISSING,0,0,0,,,,0,,0,,0,,0,,,N_LT_10_NO_SHORTLIST,0,,0,,0,
NORMAL_CLOSE_INTENT,2025,prior_limit_up_next_day_median_return,LOW,44,41,44,-0.01727885956594336,0.04893498606909703,0.6590909090909091,44,-0.015074549704252631,44,0.29545454545454547,44,0.09090909090909091,44,0.6590909090909091,0.3409090909090909,,44,-0.006446815183551313,44,-0.004473227939935203,44,-0.016182339318992187
NORMAL_CLOSE_INTENT,2025,prior_limit_up_next_day_median_return,MID,40,40,40,-0.04266111295614444,0.04884986934412619,0.55,40,-0.07054150538059137,40,0.475,40,0.125,40,0.55,0.45,,40,-0.029568803798022597,40,-0.05438878141215699,40,-0.07160436676123308
NORMAL_CLOSE_INTENT,2025,prior_limit_up_next_day_median_return,HIGH,27,27,27,-0.030715211146263462,0.0488395,0.6296296296296297,27,-0.041376303373584854,27,0.37037037037037035,27,0.18518518518518517,27,0.6296296296296297,0.37037037037037035,,27,-0.018765077401621953,27,-0.04204033027700856,27,-0.04246278856785223
NORMAL_CLOSE_INTENT,2025,prior_limit_up_next_day_median_return,MISSING,0,0,0,,,,0,,0,,0,,0,,,N_LT_10_NO_SHORTLIST,0,,0,,0,
NORMAL_CLOSE_INTENT,2025,high_position_negative_feedback_rate,LOW,29,28,29,-0.048632769738695146,0.0488695057057057,0.5862068965517241,29,-0.06484386190936764,29,0.4827586206896552,29,0.1724137931034483,29,0.5862068965517241,0.41379310344827586,,29,-0.02588200473083888,29,-0.05188186470577422,29,-0.06591133838122105
NORMAL_CLOSE_INTENT,2025,high_position_negative_feedback_rate,MID,35,35,35,-0.02975931402018985,0.0488395,0.5714285714285714,35,-0.0394847027106696,35,0.3142857142857143,35,0.14285714285714285,35,0.5714285714285714,0.42857142857142855,,35,-0.00763036872536392,35,-0.03393473209667546,35,-0.04057272010147394
NORMAL_CLOSE_INTENT,2025,high_position_negative_feedback_rate,HIGH,31,30,31,0.003911234065587379,0.048948344226579524,0.7419354838709677,31,-0.009073110807357752,31,0.2903225806451613,31,0.06451612903225806,31,0.7419354838709677,0.25806451612903225,,31,-0.021388936778353664,31,0.003725694353005008,31,-0.010185761587603794
NORMAL_CLOSE_INTENT,2025,high_position_negative_feedback_rate,MISSING,16,16,16,-0.06033418643755025,-0.0067756379963063995,0.5,16,-0.06614984800152338,16,0.5,16,0.125,16,0.5,0.5,SMALL_SAMPLE_DESCRIPTIVE_ONLY,16,-0.018273189195620376,16,-0.05816681427592011,16,-0.06721626662464215
NORMAL_CLOSE_INTENT,2025,high_board_advancement_rate,LOW,46,44,46,-0.011608016236127942,0.048908092561393626,0.6521739130434783,46,-0.007648654809814214,46,0.30434782608695654,46,0.08695652173913043,46,0.6521739130434783,0.34782608695652173,,46,-0.011425777350197723,46,0.00012113791568971333,46,-0.008762459399418266
NORMAL_CLOSE_INTENT,2025,high_board_advancement_rate,MID,38,38,38,-0.045076350840749256,0.04885450285285285,0.5789473684210527,38,-0.0811281576965792,38,0.42105263157894735,38,0.21052631578947367,38,0.5789473684210527,0.42105263157894735,,38,-0.021736288266677624,38,-0.063001501101731,38,-0.08218244388884496
NORMAL_CLOSE_INTENT,2025,high_board_advancement_rate,HIGH,27,27,27,-0.03885759115874231,0.04887470754052149,0.5925925925925926,27,-0.04323675850281846,27,0.4444444444444444,27,0.07407407407407407,27,0.5925925925925926,0.4074074074074074,,27,-0.023018681392522573,27,-0.04144361131772624,27,-0.044321736728431156
NORMAL_CLOSE_INTENT,2025,high_board_advancement_rate,MISSING,0,0,0,,,,0,,0,,0,,0,,,N_LT_10_NO_SHORTLIST,0,,0,,0,
NORMAL_CLOSE_INTENT,2025,shortline_style_score,LOW,46,44,46,-0.00493014169463265,0.048940979600986326,0.6956521739130435,46,-0.0070209405407778815,46,0.30434782608695654,46,0.08695652173913043,46,0.6956521739130435,0.30434782608695654,,46,-0.010166209449606256,46,0.007299442464173511,46,-0.008135253578939855
NORMAL_CLOSE_INTENT,2025,shortline_style_score,MID,34,34,34,-0.038532047946714144,0.0488395,0.5882352941176471,34,-0.08279509486724299,34,0.4117647058823529,34,0.17647058823529413,34,0.5882352941176471,0.4117647058823529,,34,-0.013319343237706829,34,-0.07223718942119271,34,-0.0838480308404005
NORMAL_CLOSE_INTENT,2025,shortline_style_score,HIGH,31,31,31,-0.056746738450161816,0.0488395,0.5161290322580645,31,-0.04722916461082317,31,0.45161290322580644,31,0.12903225806451613,31,0.5161290322580645,0.4838709677419355,,31,-0.03395373564764627,31,-0.04474748762432547,31,-0.04831090898748838
NORMAL_CLOSE_INTENT,2025,shortline_style_score,MISSING,0,0,0,,,,0,,0,,0,,0,,,N_LT_10_NO_SHORTLIST,0,,0,,0,
NORMAL_CLOSE_INTENT,2025,trend_style_score,LOW,41,37,41,-0.0269571930606411,0.04891222125181951,0.6585365853658537,41,-0.03616692141651323,41,0.34146341463414637,41,0.21951219512195122,41,0.6585365853658537,0.34146341463414637,,41,-0.022919836036773264,41,-0.02472974756543554,41,-0.03725762621016586
NORMAL_CLOSE_INTENT,2025,trend_style_score,MID,34,34,34,-0.013396919819257237,0.0489804123160566,0.6764705882352942,34,-0.027547730209801474,34,0.35294117647058826,34,0.029411764705882353,34,0.6764705882352942,0.3235294117647059,,34,-0.0014573585057098576,34,-0.03517327252272752,34,-0.02864541654833151
NORMAL_CLOSE_INTENT,2025,trend_style_score,HIGH,36,35,36,-0.04820235696542688,0.01992248642732049,0.5,36,-0.06062872189131303,36,0.4444444444444444,36,0.1111111111111111,36,0.5,0.5,,36,-0.027327934531642093,36,-0.036045869093529644,36,-0.061699612626581066
NORMAL_CLOSE_INTENT,2025,trend_style_score,MISSING,0,0,0,,,,0,,0,,0,,0,,,N_LT_10_NO_SHORTLIST,0,,0,,0,
NORMAL_CLOSE_INTENT,2025,style_differential,LOW,47,46,47,-0.035104614442552425,0.048860238688252386,0.5319148936170213,47,-0.041970912615178914,47,0.3829787234042553,47,0.0425531914893617,47,0.5319148936170213,0.46808510638297873,,47,-0.02186814140854473,47,-0.027383491733750556,47,-0.0430569161759606
NORMAL_CLOSE_INTENT,2025,style_differential,MID,33,32,33,-0.006801270921374835,0.04895595571095571,0.7575757575757576,33,-0.03994104095819449,33,0.3939393939393939,33,0.15151515151515152,33,0.7575757575757576,0.24242424242424243,,33,-0.0015009510672479593,33,-0.015894127722387696,33,-0.04102868871501835
NORMAL_CLOSE_INTENT,2025,style_differential,HIGH,31,30,31,-0.04586020067390534,0.04887470754052149,0.5806451612903226,31,-0.04230365641173338,31,0.3548387096774194,31,0.22580645161290322,31,0.5806451612903226,0.41935483870967744,,31,-0.02889467994903772,31,-0.05470747990314805,31,-0.04338939045003987
NORMAL_CLOSE_INTENT,2025,style_differential,MISSING,0,0,0,,,,0,,0,,0,,0,,,N_LT_10_NO_SHORTLIST,0,,0,,0,
NORMAL_CLOSE_INTENT,2026,turnover_20d_percentile,LOW,30,28,30,-0.02263714497061205,0.049048303688682404,0.7,30,0.006380842750789525,30,0.43333333333333335,30,0.26666666666666666,30,0.7,0.3,,30,0.009062636058102308,30,0.01081712327470539,30,0.005255674268161375
NORMAL_CLOSE_INTENT,2026,turnover_20d_percentile,MID,16,16,16,-0.09586932309387351,-0.13125567257930965,0.4375,15,-0.054011124656974815,15,0.6,15,0.26666666666666666,16,0.4375,0.5625,SMALL_SAMPLE_DESCRIPTIVE_ONLY,16,-0.027992370302065844,15,-0.07275133360680158,15,-0.05508737564600264
NORMAL_CLOSE_INTENT,2026,turnover_20d_percentile,HIGH,22,22,21,-0.04910788088943601,0.012633475567790778,0.5238095238095238,21,-0.08587407541484263,21,0.42857142857142855,21,0.23809523809523808,21,0.47619047619047616,0.5238095238095238,,22,-0.043015273105978025,21,-0.061272294482037755,21,-0.0869245174137566
NORMAL_CLOSE_INTENT,2026,turnover_20d_percentile,MISSING,0,0,0,,,,0,,0,,0,,0,,,N_LT_10_NO_SHORTLIST,0,,0,,0,
NORMAL_CLOSE_INTENT,2026,market_breadth_score,LOW,30,28,30,-0.07107442408292321,-7.433604651162912e-05,0.5,30,-0.047032110279873744,30,0.5666666666666667,30,0.36666666666666664,30,0.5,0.5,,30,-0.020389159610234953,30,-0.03241008611048036,30,-0.048114014270547026
NORMAL_CLOSE_INTENT,2026,market_breadth_score,MID,15,15,14,0.0016127147507318297,0.04890571536382132,0.7142857142857143,14,-0.01653203439689446,14,0.21428571428571427,14,0.0,14,0.6428571428571429,0.35714285714285715,SMALL_SAMPLE_DESCRIPTIVE_ONLY,15,0.0116706956415916,14,-0.01449848832654045,14,-0.017638643449032983
NORMAL_CLOSE_INTENT,2026,market_breadth_score,HIGH,23,22,23,-0.0493319261443932,0.04885205579291279,0.6086956521739131,22,-0.03544024459499533,22,0.5,22,0.2727272727272727,23,0.6086956521739131,0.391304347826087,,23,-0.029813934684275054,22,-0.03991786682262172,22,-0.03653153799687339
NORMAL_CLOSE_INTENT,2026,market_breadth_score,MISSING,0,0,0,,,,0,,0,,0,,0,,,N_LT_10_NO_SHORTLIST,0,,0,,0,
NORMAL_CLOSE_INTENT,2026,prior_limit_up_next_day_median_return,LOW,27,26,27,-0.012998457565028142,0.0489321892393321,0.7037037037037037,27,0.013440346921351173,27,0.37037037037037035,27,0.2222222222222222,27,0.7037037037037037,0.2962962962962963,,27,0.00550892727617715,27,0.008012227318914785,27,0.012309460240344886
NORMAL_CLOSE_INTENT,2026,prior_limit_up_next_day_median_return,MID,28,26,27,-0.06561955523125962,0.012633475567790778,0.5185185185185185,26,-0.07083478849910062,26,0.5,26,0.2692307692307692,27,0.48148148148148145,0.5185185185185185,,28,-0.023411917300298932,26,-0.0583829427526468,26,-0.07189741232041634
NORMAL_CLOSE_INTENT,2026,prior_limit_up_next_day_median_return,HIGH,13,13,13,-0.08627712859990191,-0.09583313613445378,0.46153846153846156,13,-0.0725601566878844,13,0.6153846153846154,13,0.3076923076923077,13,0.46153846153846156,0.5384615384615384,SMALL_SAMPLE_DESCRIPTIVE_ONLY,13,-0.04734940026691643,13,-0.057834470463502874,13,-0.07362138296096724
NORMAL_CLOSE_INTENT,2026,prior_limit_up_next_day_median_return,MISSING,0,0,0,,,,0,,0,,0,,0,,,N_LT_10_NO_SHORTLIST,0,,0,,0,
NORMAL_CLOSE_INTENT,2026,high_position_negative_feedback_rate,LOW,18,17,18,-0.11665602779988488,-0.14614564185761048,0.3333333333333333,18,-0.122487736096952,18,0.7222222222222222,18,0.5,18,0.3333333333333333,0.6666666666666666,SMALL_SAMPLE_DESCRIPTIVE_ONLY,18,-0.05386992856606575,18,-0.07578230001660774,18,-0.12350852103071347
NORMAL_CLOSE_INTENT,2026,high_position_negative_feedback_rate,MID,15,15,15,-0.03960429700358315,0.04889986880718108,0.6,15,0.013165156946286031,15,0.3333333333333333,15,0.2,15,0.6,0.4,SMALL_SAMPLE_DESCRIPTIVE_ONLY,15,-0.005636750468566169,15,-0.007499788556511472,15,0.012034493169159536
NORMAL_CLOSE_INTENT,2026,high_position_negative_feedback_rate,HIGH,14,14,13,-0.013071338687631365,0.04891187884824339,0.6923076923076923,13,-0.04633506223159977,13,0.38461538461538464,13,0.15384615384615385,13,0.6923076923076923,0.3076923076923077,SMALL_SAMPLE_DESCRIPTIVE_ONLY,14,-0.00877880115469044,13,-0.03693805339776668,13,-0.04741753083119216
NORMAL_CLOSE_INTENT,2026,high_position_negative_feedback_rate,MISSING,21,21,21,-0.018118507567029103,0.0489321892393321,0.7142857142857143,20,0.00937802667595054,20,0.4,20,0.15,21,0.6666666666666666,0.3333333333333333,,21,0.002608492188659116,20,-0.0048350783583038315,20,0.008250430474343021
NORMAL_CLOSE_INTENT,2026,high_board_advancement_rate,LOW,38,37,37,-0.028524163262401255,0.0489321892393321,0.6216216216216216,37,-0.011348958989036597,37,0.3783783783783784,37,0.16216216216216217,37,0.6216216216216216,0.3783783783783784,,38,-0.009268862593147183,37,-0.013109967031819728,37,-0.012459766332255467
NORMAL_CLOSE_INTENT,2026,high_board_advancement_rate,MID,20,20,20,-0.06179326173095469,0.0488395,0.6,20,-0.06718873367956905,20,0.6,20,0.35,20,0.55,0.45,,20,-0.01769404535327818,20,-0.058271773570327215,20,-0.06825431080528861
NORMAL_CLOSE_INTENT,2026,high_board_advancement_rate,HIGH,10,10,10,-0.0953029741970554,-0.12740194838637584,0.4,9,-0.07315677942854407,9,0.5555555555555556,9,0.4444444444444444,10,0.4,0.6,SMALL_SAMPLE_DESCRIPTIVE_ONLY,10,-0.041623716581634426,9,-0.04477447093330896,9,-0.07421752243720697
NORMAL_CLOSE_INTENT,2026,high_board_advancement_rate,MISSING,0,0,0,,,,0,,0,,0,,0,,,N_LT_10_NO_SHORTLIST,0,,0,,0,
NORMAL_CLOSE_INTENT,2026,shortline_style_score,LOW,30,29,30,-0.008716787498097373,0.04919444820616655,0.7333333333333333,30,-0.005756661090730934,30,0.3333333333333333,30,0.2,30,0.7333333333333333,0.26666666666666666,,30,0.0019715076262918517,30,-0.011889671265476092,30,-0.006871998195247421
NORMAL_CLOSE_INTENT,2026,shortline_style_score,MID,20,20,19,-0.08710574938523465,-0.12509122803839884,0.42105263157894735,19,-0.050836042481111246,19,0.5789473684210527,19,0.21052631578947367,19,0.3684210526315789,0.631578947368421,,20,-0.03173614443629984,19,-0.046616251889864554,19,-0.05191486528670155
NORMAL_CLOSE_INTENT,2026,shortline_style_score,HIGH,18,18,18,-0.07376534189089527,-0.02349681806722689,0.5,17,-0.07550073712821118,17,0.5882352941176471,17,0.4117647058823529,18,0.5,0.5,SMALL_SAMPLE_DESCRIPTIVE_ONLY,18,-0.030375399526903307,17,-0.04771032741834974,17,-0.07655958153113736
NORMAL_CLOSE_INTENT,2026,shortline_style_score,MISSING,0,0,0,,,,0,,0,,0,,0,,,N_LT_10_NO_SHORTLIST,0,,0,,0,
NORMAL_CLOSE_INTENT,2026,trend_style_score,LOW,27,26,27,0.0019182649178136986,0.04928050441361917,0.7777777777777778,27,0.015312683938081747,27,0.4074074074074074,27,0.18518518518518517,27,0.7777777777777778,0.2222222222222222,,27,0.007207177145259005,27,0.023423983250012114,27,0.01418028066409189
NORMAL_CLOSE_INTENT,2026,trend_style_score,MID,24,24,24,-0.08562652601603478,-0.06873530811067366,0.4583333333333333,24,-0.05700500175791829,24,0.5,24,0.2916666666666667,24,0.4166666666666667,0.5833333333333334,,24,-0.03245773256064668,24,-0.06024164910073262,24,-0.05807882770649437
NORMAL_CLOSE_INTENT,2026,trend_style_score,HIGH,17,17,16,-0.07756534660591433,-0.05420665469639721,0.4375,15,-0.09782797301205333,15,0.5333333333333333,15,0.3333333333333333,16,0.4375,0.5625,SMALL_SAMPLE_DESCRIPTIVE_ONLY,17,-0.031643708993410215,15,-0.08267483062109328,15,-0.09886873235391355
NORMAL_CLOSE_INTENT,2026,trend_style_score,MISSING,0,0,0,,,,0,,0,,0,,0,,,N_LT_10_NO_SHORTLIST,0,,0,,0,
NORMAL_CLOSE_INTENT,2026,style_differential,LOW,17,17,17,-0.0590540211986784,-0.04163748008689355,0.47058823529411764,17,-0.03282632588919586,17,0.35294117647058826,17,0.17647058823529413,17,0.4117647058823529,0.5882352941176471,SMALL_SAMPLE_DESCRIPTIVE_ONLY,17,-0.02245918237932197,17,-0.06514036799910151,17,-0.03391973656522558
NORMAL_CLOSE_INTENT,2026,style_differential,MID,32,31,31,-0.05135070979596805,0.0489321892393321,0.5806451612903226,30,-0.061734569919394584,30,0.5666666666666667,30,0.3,31,0.5806451612903226,0.41935483870967744,,32,-0.019194598196399407,30,-0.040477105355173966,30,-0.06280456491775986
NORMAL_CLOSE_INTENT,2026,style_differential,HIGH,19,19,19,-0.03413150806557641,0.04889986880718108,0.6842105263157895,19,-0.0006322385970771025,19,0.42105263157894735,19,0.2631578947368421,19,0.6842105263157895,0.3157894736842105,SMALL_SAMPLE_DESCRIPTIVE_ONLY,19,-0.0066474530888550615,19,0.014117101402962616,19,-0.001751726483813476
NORMAL_CLOSE_INTENT,2026,style_differential,MISSING,0,0,0,,,,0,,0,,0,,0,,,N_LT_10_NO_SHORTLIST,0,,0,,0,
NORMAL_CLOSE_INTENT,DEVELOPMENT,turnover_20d_percentile,LOW,58,55,58,-0.03901892479575562,0.048925915903113466,0.6206896551724138,58,-0.06313701604882616,58,0.43103448275862066,58,0.22413793103448276,58,0.6206896551724138,0.3793103448275862,,58,-0.01133994974271504,58,-0.030791771524658326,58,-0.06420587506582662
NORMAL_CLOSE_INTENT,DEVELOPMENT,turnover_20d_percentile,MID,58,57,58,-0.002619978339259175,0.048907130730949155,0.6551724137931034,58,-0.0113851616981557,58,0.3448275862068966,58,0.08620689655172414,58,0.6551724137931034,0.3448275862068966,,58,-0.013433863978118651,58,-0.02751672721603872,58,-0.012495939717180184
NORMAL_CLOSE_INTENT,DEVELOPMENT,turnover_20d_percentile,HIGH,58,58,58,-0.04535044578273381,0.01716500963149079,0.5,58,-0.06175743091293255,58,0.4482758620689655,58,0.08620689655172414,58,0.5,0.5,,58,-0.031203614724064865,58,-0.03741998579094742,58,-0.06282740739389307
NORMAL_CLOSE_INTENT,DEVELOPMENT,turnover_20d_percentile,MISSING,0,0,0,,,,0,,0,,0,,0,,,N_LT_10_NO_SHORTLIST,0,,0,,0,
NORMAL_CLOSE_INTENT,DEVELOPMENT,market_breadth_score,LOW,59,55,59,-0.016929682063442225,0.04892967960288808,0.6610169491525424,59,-0.03026889160088221,59,0.3728813559322034,59,0.15254237288135594,59,0.6610169491525424,0.3389830508474576,,59,-0.011837889720842447,59,-0.00971305313561908,59,-0.031364373798685494
NORMAL_CLOSE_INTENT,DEVELOPMENT,market_breadth_score,MID,57,56,57,-0.03533983096412027,0.0488395,0.5614035087719298,57,-0.06381539141640435,57,0.40350877192982454,57,0.12280701754385964,57,0.5614035087719298,0.43859649122807015,,57,-0.021411573044035993,57,-0.05006015221301133,57,-0.06488370094935707
NORMAL_CLOSE_INTENT,DEVELOPMENT,market_breadth_score,HIGH,58,56,58,-0.03503725225054261,0.04895837828820511,0.5517241379310345,58,-0.04277371357048168,58,0.4482758620689655,58,0.1206896551724138,58,0.5517241379310345,0.4482758620689655,,58,-0.02289302918559242,58,-0.036650918822279444,58,-0.04385906686248958
NORMAL_CLOSE_INTENT,DEVELOPMENT,market_breadth_score,MISSING,0,0,0,,,,0,,0,,0,,0,,,N_LT_10_NO_SHORTLIST,0,,0,,0,
NORMAL_CLOSE_INTENT,DEVELOPMENT,prior_limit_up_next_day_median_return,LOW,58,55,58,-0.017675079130528227,0.04892538416725787,0.6379310344827587,58,-0.026806534094223126,58,0.3448275862068966,58,0.10344827586206896,58,0.6379310344827587,0.3620689655172414,,58,-0.01066611535644977,58,-0.008796278622666139,58,-0.0279048208016068
NORMAL_CLOSE_INTENT,DEVELOPMENT,prior_limit_up_next_day_median_return,MID,58,58,58,-0.04307498176461942,0.04886487219697905,0.5517241379310345,58,-0.06709803778708173,58,0.46551724137931033,58,0.1206896551724138,58,0.5517241379310345,0.4482758620689655,,58,-0.02612011904784168,58,-0.04805052460257598,58,-0.0681636883764742
NORMAL_CLOSE_INTENT,DEVELOPMENT,prior_limit_up_next_day_median_return,HIGH,58,57,58,-0.026239288022600952,0.04885710377026074,0.5862068965517241,58,-0.04237503677860955,58,0.41379310344827586,58,0.1724137931034483,58,0.5862068965517241,0.41379310344827586,,58,-0.01919119404060711,58,-0.038881681306402356,58,-0.04346071299881887
NORMAL_CLOSE_INTENT,DEVELOPMENT,prior_limit_up_next_day_median_return,MISSING,0,0,0,,,,0,,0,,0,,0,,,N_LT_10_NO_SHORTLIST,0,,0,,0,
NORMAL_CLOSE_INTENT,DEVELOPMENT,high_position_negative_feedback_rate,LOW,54,53,54,-0.04086706918042595,0.04885450285285285,0.5370370370370371,54,-0.06683131421278586,54,0.5,54,0.16666666666666666,54,0.5370370370370371,0.46296296296296297,,54,-0.02656447600731889,54,-0.05468385924408473,54,-0.06789718084827351
NORMAL_CLOSE_INTENT,DEVELOPMENT,high_position_negative_feedback_rate,MID,49,48,49,-0.025548173286459815,0.048903963870967744,0.5918367346938775,49,-0.03796410206970103,49,0.32653061224489793,49,0.14285714285714285,49,0.5918367346938775,0.40816326530612246,,49,-0.007848974206574441,49,-0.03491313391816992,49,-0.039053351147024545
NORMAL_CLOSE_INTENT,DEVELOPMENT,high_position_negative_feedback_rate,HIGH,52,50,52,-0.014806744557434756,0.04891211570573559,0.6538461538461539,52,-0.035062713529563444,52,0.36538461538461536,52,0.09615384615384616,52,0.6538461538461539,0.34615384615384615,,52,-0.0238465261285957,52,-0.007068967481354775,52,-0.0361543127316045
NORMAL_CLOSE_INTENT,DEVELOPMENT,high_position_negative_feedback_rate,MISSING,19,19,19,-0.04298680491911996,0.04894029253530598,0.5789473684210527,19,-0.03220127525431313,19,0.47368421052631576,19,0.10526315789473684,19,0.5789473684210527,0.42105263157894735,SMALL_SAMPLE_DESCRIPTIVE_ONLY,19,-0.009873160557882761,19,-0.027420728033369934,19,-0.03329519222135715
NORMAL_CLOSE_INTENT,DEVELOPMENT,high_board_advancement_rate,LOW,58,56,58,-0.014784685315004414,0.04889891338270912,0.6206896551724138,58,-0.011289010292406724,58,0.3620689655172414,58,0.08620689655172414,58,0.6206896551724138,0.3793103448275862,,58,-0.015594281293689257,58,-0.0061178712508318765,58,-0.012399866194069875
NORMAL_CLOSE_INTENT,DEVELOPMENT,high_board_advancement_rate,MID,59,57,59,-0.04917449743172426,0.0488695057057057,0.559322033898305,59,-0.07715317270207131,59,0.4406779661016949,59,0.2033898305084746,59,0.559322033898305,0.4406779661016949,,59,-0.020394425388714745,59,-0.053543249608953306,59,-0.07821067863218262
NORMAL_CLOSE_INTENT,DEVELOPMENT,high_board_advancement_rate,HIGH,57,57,57,-0.022571493692761957,0.04900547840531561,0.5964912280701754,57,-0.04732311431391647,57,0.42105263157894735,57,0.10526315789473684,57,0.5964912280701754,0.40350877192982454,,57,-0.019981604155017013,57,-0.03576076918173483,57,-0.04840478259132219
NORMAL_CLOSE_INTENT,DEVELOPMENT,high_board_advancement_rate,MISSING,0,0,0,,,,0,,0,,0,,0,,,N_LT_10_NO_SHORTLIST,0,,0,,0,
NORMAL_CLOSE_INTENT,DEVELOPMENT,shortline_style_score,LOW,58,56,58,-0.008907430586350091,0.04893498606909703,0.6724137931034483,58,-0.0280231556687482,58,0.39655172413793105,58,0.10344827586206896,58,0.6724137931034483,0.3275862068965517,,58,-0.013690460021791506,58,-0.0008376655298275954,58,-0.02912045691265651
NORMAL_CLOSE_INTENT,DEVELOPMENT,shortline_style_score,MID,58,57,58,-0.03683833624943986,0.048911153875291116,0.5862068965517241,58,-0.06641280283632868,58,0.39655172413793105,58,0.1724137931034483,58,0.5862068965517241,0.41379310344827586,,58,-0.01346155029911565,58,-0.05243909528006539,58,-0.06747900846603125
NORMAL_CLOSE_INTENT,DEVELOPMENT,shortline_style_score,HIGH,58,58,58,-0.04124358208195864,0.0488395,0.5172413793103449,58,-0.041843650154837535,58,0.43103448275862066,58,0.1206896551724138,58,0.5172413793103449,0.4827586206896552,,58,-0.0288254181239914,58,-0.04245172372175148,58,-0.04292975679821211
NORMAL_CLOSE_INTENT,DEVELOPMENT,shortline_style_score,MISSING,0,0,0,,,,0,,0,,0,,0,,,N_LT_10_NO_SHORTLIST,0,,0,,0,
NORMAL_CLOSE_INTENT,DEVELOPMENT,trend_style_score,LOW,60,55,60,-0.03695793311495842,0.04890208024269052,0.6166666666666667,60,-0.058589085074731026,60,0.43333333333333335,60,0.26666666666666666,60,0.6166666666666667,0.38333333333333336,,60,-0.024958769069710222,60,-0.030369002336177883,60,-0.05966162791582049
NORMAL_CLOSE_INTENT,DEVELOPMENT,trend_style_score,MID,57,57,57,-0.012567479624196817,0.04899611285266458,0.631578947368421,57,-0.036719551472485554,57,0.40350877192982454,57,0.03508771929824561,57,0.631578947368421,0.3684210526315789,,57,-0.004098147292539197,57,-0.03870289674021528,57,-0.03780980863579282
NORMAL_CLOSE_INTENT,DEVELOPMENT,trend_style_score,HIGH,57,54,57,-0.03704491073250341,0.0488395,0.5263157894736842,57,-0.040278206383499965,57,0.38596491228070173,57,0.08771929824561403,57,0.5263157894736842,0.47368421052631576,,57,-0.026588952806083668,57,-0.026737664008288337,57,-0.041365581036329334
NORMAL_CLOSE_INTENT,DEVELOPMENT,trend_style_score,MISSING,0,0,0,,,,0,,0,,0,,0,,,N_LT_10_NO_SHORTLIST,0,,0,,0,
NORMAL_CLOSE_INTENT,DEVELOPMENT,style_differential,LOW,58,57,58,-0.03134967637250004,0.048873226298168475,0.5517241379310345,58,-0.03999089365691944,58,0.39655172413793105,58,0.06896551724137931,58,0.5517241379310345,0.4482758620689655,,58,-0.01825270895362036,58,-0.01727501193680536,58,-0.04107850103305731
NORMAL_CLOSE_INTENT,DEVELOPMENT,style_differential,MID,58,56,58,-0.011370754166894034,0.04903065573566995,0.7068965517241379,58,-0.02901738972307765,58,0.39655172413793105,58,0.1206896551724138,58,0.7068965517241379,0.29310344827586204,,58,-0.006454210005507064,58,-0.01368451433708905,58,-0.03011388563740196
NORMAL_CLOSE_INTENT,DEVELOPMENT,style_differential,HIGH,58,57,58,-0.044268918378354526,0.0488395,0.5172413793103449,58,-0.06727132527991733,58,0.43103448275862066,58,0.20689655172413793,58,0.5172413793103449,0.4827586206896552,,58,-0.031270509485771134,58,-0.06476895825775006,58,-0.0683368355064406
NORMAL_CLOSE_INTENT,DEVELOPMENT,style_differential,MISSING,0,0,0,,,,0,,0,,0,,0,,,N_LT_10_NO_SHORTLIST,0,,0,,0,
NORMAL_CLOSE_INTENT,TEMPORAL_DESCRIPTIVE,turnover_20d_percentile,LOW,30,28,30,-0.02263714497061205,0.049048303688682404,0.7,30,0.006380842750789525,30,0.43333333333333335,30,0.26666666666666666,30,0.7,0.3,,30,0.009062636058102308,30,0.01081712327470539,30,0.005255674268161375
NORMAL_CLOSE_INTENT,TEMPORAL_DESCRIPTIVE,turnover_20d_percentile,MID,16,16,16,-0.09586932309387351,-0.13125567257930965,0.4375,15,-0.054011124656974815,15,0.6,15,0.26666666666666666,16,0.4375,0.5625,SMALL_SAMPLE_DESCRIPTIVE_ONLY,16,-0.027992370302065844,15,-0.07275133360680158,15,-0.05508737564600264
NORMAL_CLOSE_INTENT,TEMPORAL_DESCRIPTIVE,turnover_20d_percentile,HIGH,22,22,21,-0.04910788088943601,0.012633475567790778,0.5238095238095238,21,-0.08587407541484263,21,0.42857142857142855,21,0.23809523809523808,21,0.47619047619047616,0.5238095238095238,,22,-0.043015273105978025,21,-0.061272294482037755,21,-0.0869245174137566
NORMAL_CLOSE_INTENT,TEMPORAL_DESCRIPTIVE,turnover_20d_percentile,MISSING,0,0,0,,,,0,,0,,0,,0,,,N_LT_10_NO_SHORTLIST,0,,0,,0,
NORMAL_CLOSE_INTENT,TEMPORAL_DESCRIPTIVE,market_breadth_score,LOW,30,28,30,-0.07107442408292321,-7.433604651162912e-05,0.5,30,-0.047032110279873744,30,0.5666666666666667,30,0.36666666666666664,30,0.5,0.5,,30,-0.020389159610234953,30,-0.03241008611048036,30,-0.048114014270547026
NORMAL_CLOSE_INTENT,TEMPORAL_DESCRIPTIVE,market_breadth_score,MID,15,15,14,0.0016127147507318297,0.04890571536382132,0.7142857142857143,14,-0.01653203439689446,14,0.21428571428571427,14,0.0,14,0.6428571428571429,0.35714285714285715,SMALL_SAMPLE_DESCRIPTIVE_ONLY,15,0.0116706956415916,14,-0.01449848832654045,14,-0.017638643449032983
NORMAL_CLOSE_INTENT,TEMPORAL_DESCRIPTIVE,market_breadth_score,HIGH,23,22,23,-0.0493319261443932,0.04885205579291279,0.6086956521739131,22,-0.03544024459499533,22,0.5,22,0.2727272727272727,23,0.6086956521739131,0.391304347826087,,23,-0.029813934684275054,22,-0.03991786682262172,22,-0.03653153799687339
NORMAL_CLOSE_INTENT,TEMPORAL_DESCRIPTIVE,market_breadth_score,MISSING,0,0,0,,,,0,,0,,0,,0,,,N_LT_10_NO_SHORTLIST,0,,0,,0,
NORMAL_CLOSE_INTENT,TEMPORAL_DESCRIPTIVE,prior_limit_up_next_day_median_return,LOW,27,26,27,-0.012998457565028142,0.0489321892393321,0.7037037037037037,27,0.013440346921351173,27,0.37037037037037035,27,0.2222222222222222,27,0.7037037037037037,0.2962962962962963,,27,0.00550892727617715,27,0.008012227318914785,27,0.012309460240344886
NORMAL_CLOSE_INTENT,TEMPORAL_DESCRIPTIVE,prior_limit_up_next_day_median_return,MID,28,26,27,-0.06561955523125962,0.012633475567790778,0.5185185185185185,26,-0.07083478849910062,26,0.5,26,0.2692307692307692,27,0.48148148148148145,0.5185185185185185,,28,-0.023411917300298932,26,-0.0583829427526468,26,-0.07189741232041634
NORMAL_CLOSE_INTENT,TEMPORAL_DESCRIPTIVE,prior_limit_up_next_day_median_return,HIGH,13,13,13,-0.08627712859990191,-0.09583313613445378,0.46153846153846156,13,-0.0725601566878844,13,0.6153846153846154,13,0.3076923076923077,13,0.46153846153846156,0.5384615384615384,SMALL_SAMPLE_DESCRIPTIVE_ONLY,13,-0.04734940026691643,13,-0.057834470463502874,13,-0.07362138296096724
NORMAL_CLOSE_INTENT,TEMPORAL_DESCRIPTIVE,prior_limit_up_next_day_median_return,MISSING,0,0,0,,,,0,,0,,0,,0,,,N_LT_10_NO_SHORTLIST,0,,0,,0,
NORMAL_CLOSE_INTENT,TEMPORAL_DESCRIPTIVE,high_position_negative_feedback_rate,LOW,18,17,18,-0.11665602779988488,-0.14614564185761048,0.3333333333333333,18,-0.122487736096952,18,0.7222222222222222,18,0.5,18,0.3333333333333333,0.6666666666666666,SMALL_SAMPLE_DESCRIPTIVE_ONLY,18,-0.05386992856606575,18,-0.07578230001660774,18,-0.12350852103071347
NORMAL_CLOSE_INTENT,TEMPORAL_DESCRIPTIVE,high_position_negative_feedback_rate,MID,15,15,15,-0.03960429700358315,0.04889986880718108,0.6,15,0.013165156946286031,15,0.3333333333333333,15,0.2,15,0.6,0.4,SMALL_SAMPLE_DESCRIPTIVE_ONLY,15,-0.005636750468566169,15,-0.007499788556511472,15,0.012034493169159536
NORMAL_CLOSE_INTENT,TEMPORAL_DESCRIPTIVE,high_position_negative_feedback_rate,HIGH,14,14,13,-0.013071338687631365,0.04891187884824339,0.6923076923076923,13,-0.04633506223159977,13,0.38461538461538464,13,0.15384615384615385,13,0.6923076923076923,0.3076923076923077,SMALL_SAMPLE_DESCRIPTIVE_ONLY,14,-0.00877880115469044,13,-0.03693805339776668,13,-0.04741753083119216
NORMAL_CLOSE_INTENT,TEMPORAL_DESCRIPTIVE,high_position_negative_feedback_rate,MISSING,21,21,21,-0.018118507567029103,0.0489321892393321,0.7142857142857143,20,0.00937802667595054,20,0.4,20,0.15,21,0.6666666666666666,0.3333333333333333,,21,0.002608492188659116,20,-0.0048350783583038315,20,0.008250430474343021
NORMAL_CLOSE_INTENT,TEMPORAL_DESCRIPTIVE,high_board_advancement_rate,LOW,38,37,37,-0.028524163262401255,0.0489321892393321,0.6216216216216216,37,-0.011348958989036597,37,0.3783783783783784,37,0.16216216216216217,37,0.6216216216216216,0.3783783783783784,,38,-0.009268862593147183,37,-0.013109967031819728,37,-0.012459766332255467
NORMAL_CLOSE_INTENT,TEMPORAL_DESCRIPTIVE,high_board_advancement_rate,MID,20,20,20,-0.06179326173095469,0.0488395,0.6,20,-0.06718873367956905,20,0.6,20,0.35,20,0.55,0.45,,20,-0.01769404535327818,20,-0.058271773570327215,20,-0.06825431080528861
NORMAL_CLOSE_INTENT,TEMPORAL_DESCRIPTIVE,high_board_advancement_rate,HIGH,10,10,10,-0.0953029741970554,-0.12740194838637584,0.4,9,-0.07315677942854407,9,0.5555555555555556,9,0.4444444444444444,10,0.4,0.6,SMALL_SAMPLE_DESCRIPTIVE_ONLY,10,-0.041623716581634426,9,-0.04477447093330896,9,-0.07421752243720697
NORMAL_CLOSE_INTENT,TEMPORAL_DESCRIPTIVE,high_board_advancement_rate,MISSING,0,0,0,,,,0,,0,,0,,0,,,N_LT_10_NO_SHORTLIST,0,,0,,0,
NORMAL_CLOSE_INTENT,TEMPORAL_DESCRIPTIVE,shortline_style_score,LOW,30,29,30,-0.008716787498097373,0.04919444820616655,0.7333333333333333,30,-0.005756661090730934,30,0.3333333333333333,30,0.2,30,0.7333333333333333,0.26666666666666666,,30,0.0019715076262918517,30,-0.011889671265476092,30,-0.006871998195247421
NORMAL_CLOSE_INTENT,TEMPORAL_DESCRIPTIVE,shortline_style_score,MID,20,20,19,-0.08710574938523465,-0.12509122803839884,0.42105263157894735,19,-0.050836042481111246,19,0.5789473684210527,19,0.21052631578947367,19,0.3684210526315789,0.631578947368421,,20,-0.03173614443629984,19,-0.046616251889864554,19,-0.05191486528670155
NORMAL_CLOSE_INTENT,TEMPORAL_DESCRIPTIVE,shortline_style_score,HIGH,18,18,18,-0.07376534189089527,-0.02349681806722689,0.5,17,-0.07550073712821118,17,0.5882352941176471,17,0.4117647058823529,18,0.5,0.5,SMALL_SAMPLE_DESCRIPTIVE_ONLY,18,-0.030375399526903307,17,-0.04771032741834974,17,-0.07655958153113736
NORMAL_CLOSE_INTENT,TEMPORAL_DESCRIPTIVE,shortline_style_score,MISSING,0,0,0,,,,0,,0,,0,,0,,,N_LT_10_NO_SHORTLIST,0,,0,,0,
NORMAL_CLOSE_INTENT,TEMPORAL_DESCRIPTIVE,trend_style_score,LOW,27,26,27,0.0019182649178136986,0.04928050441361917,0.7777777777777778,27,0.015312683938081747,27,0.4074074074074074,27,0.18518518518518517,27,0.7777777777777778,0.2222222222222222,,27,0.007207177145259005,27,0.023423983250012114,27,0.01418028066409189
NORMAL_CLOSE_INTENT,TEMPORAL_DESCRIPTIVE,trend_style_score,MID,24,24,24,-0.08562652601603478,-0.06873530811067366,0.4583333333333333,24,-0.05700500175791829,24,0.5,24,0.2916666666666667,24,0.4166666666666667,0.5833333333333334,,24,-0.03245773256064668,24,-0.06024164910073262,24,-0.05807882770649437
NORMAL_CLOSE_INTENT,TEMPORAL_DESCRIPTIVE,trend_style_score,HIGH,17,17,16,-0.07756534660591433,-0.05420665469639721,0.4375,15,-0.09782797301205333,15,0.5333333333333333,15,0.3333333333333333,16,0.4375,0.5625,SMALL_SAMPLE_DESCRIPTIVE_ONLY,17,-0.031643708993410215,15,-0.08267483062109328,15,-0.09886873235391355
NORMAL_CLOSE_INTENT,TEMPORAL_DESCRIPTIVE,trend_style_score,MISSING,0,0,0,,,,0,,0,,0,,0,,,N_LT_10_NO_SHORTLIST,0,,0,,0,
NORMAL_CLOSE_INTENT,TEMPORAL_DESCRIPTIVE,style_differential,LOW,17,17,17,-0.0590540211986784,-0.04163748008689355,0.47058823529411764,17,-0.03282632588919586,17,0.35294117647058826,17,0.17647058823529413,17,0.4117647058823529,0.5882352941176471,SMALL_SAMPLE_DESCRIPTIVE_ONLY,17,-0.02245918237932197,17,-0.06514036799910151,17,-0.03391973656522558
NORMAL_CLOSE_INTENT,TEMPORAL_DESCRIPTIVE,style_differential,MID,32,31,31,-0.05135070979596805,0.0489321892393321,0.5806451612903226,30,-0.061734569919394584,30,0.5666666666666667,30,0.3,31,0.5806451612903226,0.41935483870967744,,32,-0.019194598196399407,30,-0.040477105355173966,30,-0.06280456491775986
NORMAL_CLOSE_INTENT,TEMPORAL_DESCRIPTIVE,style_differential,HIGH,19,19,19,-0.03413150806557641,0.04889986880718108,0.6842105263157895,19,-0.0006322385970771025,19,0.42105263157894735,19,0.2631578947368421,19,0.6842105263157895,0.3157894736842105,SMALL_SAMPLE_DESCRIPTIVE_ONLY,19,-0.0066474530888550615,19,0.014117101402962616,19,-0.001751726483813476
NORMAL_CLOSE_INTENT,TEMPORAL_DESCRIPTIVE,style_differential,MISSING,0,0,0,,,,0,,0,,0,,0,,,N_LT_10_NO_SHORTLIST,0,,0,,0,
LIMIT_UP_CLOSE_BOARD_INTENT,2024,turnover_20d_percentile,LOW,37,35,37,-0.021226683657643467,0.04915816442239546,0.7297297297297297,37,-0.018749588968768587,37,0.5135135135135135,37,0.3783783783783784,37,0.7297297297297297,0.2702702702702703,,37,0.010534859462170873,37,-0.010665420095369528,37,-0.030795131086369543
LIMIT_UP_CLOSE_BOARD_INTENT,2024,turnover_20d_percentile,MID,30,27,30,0.04579872253957547,0.049930330641433505,0.9333333333333333,30,0.016155998955038216,30,0.5,30,0.2,30,0.9333333333333333,0.06666666666666667,,30,0.041518230327716225,30,0.0051863473844616925,30,0.015022912595884619
LIMIT_UP_CLOSE_BOARD_INTENT,2024,turnover_20d_percentile,HIGH,25,25,25,-0.01781865373299769,0.04934414141414142,0.72,25,-0.0875331900276518,25,0.68,25,0.36,25,0.72,0.28,,25,-0.0031037660696621584,25,-0.05214920569195138,25,-0.0885822881437294
LIMIT_UP_CLOSE_BOARD_INTENT,2024,turnover_20d_percentile,MISSING,0,0,0,,,,0,,0,,0,,0,,,N_LT_10_NO_SHORTLIST,0,,0,,0,
LIMIT_UP_CLOSE_BOARD_INTENT,2024,market_breadth_score,LOW,23,21,23,0.004507250246240581,0.04953602027883397,0.8260869565217391,23,0.019026004296412314,23,0.5217391304347826,23,0.2608695652173913,23,0.8260869565217391,0.17391304347826086,,23,0.0021497392573653624,23,-0.007042895048182128,23,0.017890593232932215
LIMIT_UP_CLOSE_BOARD_INTENT,2024,market_breadth_score,MID,15,15,15,0.006184586514904428,0.04915816442239546,0.8,15,0.1420281268160514,15,0.4,15,0.26666666666666666,15,0.8,0.2,SMALL_SAMPLE_DESCRIPTIVE_ONLY,15,0.04016377910524929,15,0.0582818941632554,15,0.1407930840333304
LIMIT_UP_CLOSE_BOARD_INTENT,2024,market_breadth_score,HIGH,54,54,54,-0.0009875465899553014,0.04928465058527975,0.7777777777777778,54,-0.09195193657301556,54,0.6111111111111112,54,0.35185185185185186,54,0.7777777777777778,0.2222222222222222,,54,0.016774849420224305,54,-0.04175929797470831,54,-0.10049388112536604
LIMIT_UP_CLOSE_BOARD_INTENT,2024,market_breadth_score,MISSING,0,0,0,,,,0,,0,,0,,0,,,N_LT_10_NO_SHORTLIST,0,,0,,0,
LIMIT_UP_CLOSE_BOARD_INTENT,2024,prior_limit_up_next_day_median_return,LOW,23,23,23,0.007410588089860441,0.04961150110375276,0.8260869565217391,23,0.02239286573291514,23,0.5217391304347826,23,0.2608695652173913,23,0.8260869565217391,0.17391304347826086,,23,0.02078473961892703,23,0.015708002818723584,23,0.021254727511671477
LIMIT_UP_CLOSE_BOARD_INTENT,2024,prior_limit_up_next_day_median_return,MID,24,23,24,0.05543738824426511,0.049488720982790474,0.9583333333333334,24,0.035602709323447244,24,0.4166666666666667,24,0.16666666666666666,24,0.9583333333333334,0.041666666666666664,,24,0.04444570427272538,24,0.03865348755909573,24,0.017586913481702354
LIMIT_UP_CLOSE_BOARD_INTENT,2024,prior_limit_up_next_day_median_return,HIGH,45,43,45,-0.030174062364436427,0.04912737558931378,0.6888888888888889,45,-0.08370856687787484,45,0.6444444444444445,45,0.4222222222222222,45,0.6888888888888889,0.3111111111111111,,45,0.00028881432021165,45,-0.06292728956761214,45,-0.08476076293870377
LIMIT_UP_CLOSE_BOARD_INTENT,2024,prior_limit_up_next_day_median_return,MISSING,0,0,0,,,,0,,0,,0,,0,,,N_LT_10_NO_SHORTLIST,0,,0,,0,
LIMIT_UP_CLOSE_BOARD_INTENT,2024,high_position_negative_feedback_rate,LOW,24,24,24,-0.005420112997974608,0.049231897435054746,0.75,24,-0.09059230106718179,24,0.6666666666666666,24,0.4166666666666667,24,0.75,0.25,,24,0.01358038500261391,24,-0.077387686941037,24,-0.09163892130331737
LIMIT_UP_CLOSE_BOARD_INTENT,2024,high_position_negative_feedback_rate,MID,26,26,26,0.010862549033691668,0.04952861442791601,0.8461538461538461,26,0.10696961947033141,26,0.4230769230769231,26,0.19230769230769232,26,0.8461538461538461,0.15384615384615385,,26,0.019552320775905293,26,0.05767700121381742,26,0.10576297407856045
LIMIT_UP_CLOSE_BOARD_INTENT,2024,high_position_negative_feedback_rate,HIGH,37,37,37,0.009826769404568806,0.049402884685340126,0.8108108108108109,37,-0.05923668917717721,37,0.5675675675675675,37,0.32432432432432434,37,0.8108108108108109,0.1891891891891892,,37,0.02627078256613227,37,-0.013063601391220583,37,-0.07124943674360937
LIMIT_UP_CLOSE_BOARD_INTENT,2024,high_position_negative_feedback_rate,MISSING,5,4,5,-0.07456519867282503,0.05012051282051282,0.6,5,-0.16252439098905658,5,0.6,5,0.4,5,0.6,0.4,N_LT_10_NO_SHORTLIST,5,-0.049713195398582044,5,-0.14034091155856193,5,-0.16351274623235543
LIMIT_UP_CLOSE_BOARD_INTENT,2024,high_board_advancement_rate,LOW,19,19,19,0.017137113943312902,0.04942725882352941,0.8421052631578947,19,0.015703680757217398,19,0.47368421052631576,19,0.21052631578947367,19,0.8421052631578947,0.15789473684210525,SMALL_SAMPLE_DESCRIPTIVE_ONLY,19,0.04208701384131679,19,0.01877883346763867,19,0.014570960775804059
LIMIT_UP_CLOSE_BOARD_INTENT,2024,high_board_advancement_rate,MID,35,32,35,0.02711972784192029,0.04953602027883397,0.8857142857142857,35,0.004272974776874923,35,0.4857142857142857,35,0.22857142857142856,35,0.8857142857142857,0.11428571428571428,,35,0.022557620996434758,35,0.01805409571575088,35,-0.008416400147912343
LIMIT_UP_CLOSE_BOARD_INTENT,2024,high_board_advancement_rate,HIGH,38,36,38,-0.029781252680543206,0.04913731715810658,0.6842105263157895,38,-0.07487654277532471,38,0.6578947368421053,38,0.4473684210526316,38,0.6842105263157895,0.3157894736842105,,38,-0.0008270378860521149,38,-0.06661714342710584,38,-0.0759358927756767
LIMIT_UP_CLOSE_BOARD_INTENT,2024,high_board_advancement_rate,MISSING,0,0,0,,,,0,,0,,0,,0,,,N_LT_10_NO_SHORTLIST,0,,0,,0,
LIMIT_UP_CLOSE_BOARD_INTENT,2024,shortline_style_score,LOW,23,23,23,0.015922989036350633,0.049441421686746985,0.8695652173913043,23,0.0106087798858002,23,0.4782608695652174,23,0.2608695652173913,23,0.8695652173913043,0.13043478260869565,,23,0.0278602179994009,23,0.004588099394242918,23,0.009480186774092712
LIMIT_UP_CLOSE_BOARD_INTENT,2024,shortline_style_score,MID,33,32,33,0.02034981433419421,0.04953602027883397,0.8484848484848485,33,-0.06132610049874786,33,0.5757575757575758,33,0.2727272727272727,33,0.8484848484848485,0.15151515151515152,,33,0.016674718914319233,33,-0.027982481667925437,33,-0.07466330464621145
LIMIT_UP_CLOSE_BOARD_INTENT,2024,shortline_style_score,HIGH,36,34,36,-0.024851793981526666,0.04911353850294729,0.6944444444444444,36,-0.017156255411091982,36,0.5833333333333334,36,0.3888888888888889,36,0.6944444444444444,0.3055555555555556,,36,0.010185883889763882,36,-0.020135129314434837,36,-0.018262358844208997
LIMIT_UP_CLOSE_BOARD_INTENT,2024,shortline_style_score,MISSING,0,0,0,,,,0,,0,,0,,0,,,N_LT_10_NO_SHORTLIST,0,,0,,0,
LIMIT_UP_CLOSE_BOARD_INTENT,2024,trend_style_score,LOW,35,33,35,-0.030508952422142865,0.04934414141414142,0.6857142857142857,35,-0.04468016915938442,35,0.6,35,0.4,35,0.6857142857142857,0.3142857142857143,,35,-0.008800663823126924,35,-0.04329587961191091,35,-0.04576397822236531
LIMIT_UP_CLOSE_BOARD_INTENT,2024,trend_style_score,MID,30,30,30,0.019046502997240398,0.04964165169596582,0.8666666666666667,30,-0.047445742583338266,30,0.6333333333333333,30,0.3,30,0.8666666666666667,0.13333333333333333,,30,0.03316103208584679,30,-0.04404577509519585,30,-0.04852731153184578
LIMIT_UP_CLOSE_BOARD_INTENT,2024,trend_style_score,HIGH,27,24,27,0.023686158606937104,0.04941946102819237,0.8518518518518519,27,0.0218442083034821,27,0.4074074074074074,27,0.2222222222222222,27,0.8518518518518519,0.14814814814814814,,27,0.0322568455342331,27,0.04792476944367225,27,0.005713663252807043
LIMIT_UP_CLOSE_BOARD_INTENT,2024,trend_style_score,MISSING,0,0,0,,,,0,,0,,0,,0,,,N_LT_10_NO_SHORTLIST,0,,0,,0,
LIMIT_UP_CLOSE_BOARD_INTENT,2024,style_differential,LOW,10,10,10,0.036905778293827476,0.04957980474527328,0.9,10,0.04576743296337832,10,0.4,10,0.1,10,0.9,0.1,SMALL_SAMPLE_DESCRIPTIVE_ONLY,10,0.05015988464585551,10,0.025739153100011746,10,0.04461036134267799
LIMIT_UP_CLOSE_BOARD_INTENT,2024,style_differential,MID,53,51,53,0.020613735780636848,0.04953602027883397,0.8679245283018868,53,0.017352340186707598,53,0.4716981132075472,53,0.2641509433962264,53,0.8679245283018868,0.1320754716981132,,53,0.030259883108058078,53,0.025000523722932988,53,0.008580417177333162
LIMIT_UP_CLOSE_BOARD_INTENT,2024,style_differential,HIGH,29,28,29,-0.045464749716638414,0.04897308155080214,0.6206896551724138,29,-0.13016320460047834,29,0.7586206896551724,29,0.4827586206896552,29,0.6206896551724138,0.3793103448275862,,29,-0.018883796310185448,29,-0.10776481215893696,29,-0.13117777240475195
LIMIT_UP_CLOSE_BOARD_INTENT,2024,style_differential,MISSING,0,0,0,,,,0,,0,,0,,0,,,N_LT_10_NO_SHORTLIST,0,,0,,0,
LIMIT_UP_CLOSE_BOARD_INTENT,2025,turnover_20d_percentile,LOW,57,52,57,-0.008255058198311079,0.04900014147909968,0.7017543859649122,57,-0.05695344001949018,57,0.45614035087719296,57,0.21052631578947367,57,0.7017543859649122,0.2982456140350877,,57,-0.014738648583743921,57,-0.04786900380948741,57,-0.05991606570194022
LIMIT_UP_CLOSE_BOARD_INTENT,2025,turnover_20d_percentile,MID,39,39,39,0.036186847784974635,0.049198920863309355,0.8717948717948718,39,-0.018790383377342346,39,0.2564102564102564,39,0.1282051282051282,39,0.8717948717948718,0.1282051282051282,,39,-0.012004887477965992,39,-0.013183591748556468,39,-0.019895163166806718
LIMIT_UP_CLOSE_BOARD_INTENT,2025,turnover_20d_percentile,HIGH,27,25,27,4.9992365506678924e-05,0.04910858168761221,0.7777777777777778,27,-0.03929027483929768,27,0.37037037037037035,27,0.14814814814814814,27,0.7777777777777778,0.2222222222222222,,27,0.017065914814181175,27,-0.050961109802049424,27,-0.04037844971667788
LIMIT_UP_CLOSE_BOARD_INTENT,2025,turnover_20d_percentile,MISSING,0,0,0,,,,0,,0,,0,,0,,,N_LT_10_NO_SHORTLIST,0,,0,,0,
LIMIT_UP_CLOSE_BOARD_INTENT,2025,market_breadth_score,LOW,40,38,40,0.006135525303048914,0.04909857201090588,0.75,40,-0.06767057139080128,40,0.425,40,0.225,40,0.75,0.25,,40,-0.01239433376336019,40,-0.0566854907496541,40,-0.06873575822797476
LIMIT_UP_CLOSE_BOARD_INTENT,2025,market_breadth_score,MID,60,58,60,0.005666278418087761,0.04909230653664739,0.8,60,-0.02390327586973983,60,0.36666666666666664,60,0.15,60,0.8,0.2,,60,-0.0027178245815254565,60,-0.024522330738085366,60,-0.026798234286707877
LIMIT_UP_CLOSE_BOARD_INTENT,2025,market_breadth_score,HIGH,23,23,23,0.015508731433553797,0.04934414141414142,0.7391304347826086,23,-0.039086480246603834,23,0.30434782608695654,23,0.13043478260869565,23,0.7391304347826086,0.2608695652173913,,23,-0.0082030893697935,23,-0.038255816770371,23,-0.040174820197604086
LIMIT_UP_CLOSE_BOARD_INTENT,2025,market_breadth_score,MISSING,0,0,0,,,,0,,0,,0,,0,,,N_LT_10_NO_SHORTLIST,0,,0,,0,
LIMIT_UP_CLOSE_BOARD_INTENT,2025,prior_limit_up_next_day_median_return,LOW,49,47,49,0.002012623867467569,0.04907854066985646,0.7755102040816326,49,-0.039969659886765346,49,0.3673469387755102,49,0.1836734693877551,49,0.7755102040816326,0.22448979591836735,,49,-0.0006408718176807039,49,-0.036687441841007196,49,-0.041057284462257065
LIMIT_UP_CLOSE_BOARD_INTENT,2025,prior_limit_up_next_day_median_return,MID,43,42,43,0.014369684851320496,0.04908354501046755,0.7674418604651163,43,-0.04524389502877418,43,0.3953488372093023,43,0.16279069767441862,43,0.7674418604651163,0.23255813953488372,,43,-0.026806713132789407,43,-0.0371576283979376,43,-0.048830949897646296
LIMIT_UP_CLOSE_BOARD_INTENT,2025,prior_limit_up_next_day_median_return,HIGH,31,31,31,0.007276887808589272,0.049198920863309355,0.7741935483870968,31,-0.0366454075096625,31,0.3548387096774194,31,0.16129032258064516,31,0.7741935483870968,0.22580645161290322,,31,0.010857338801455277,31,-0.03945743834416613,31,-0.03773572472957968
LIMIT_UP_CLOSE_BOARD_INTENT,2025,prior_limit_up_next_day_median_return,MISSING,0,0,0,,,,0,,0,,0,,0,,,N_LT_10_NO_SHORTLIST,0,,0,,0,
LIMIT_UP_CLOSE_BOARD_INTENT,2025,high_position_negative_feedback_rate,LOW,32,31,32,0.037038275477675776,0.04930466893453818,0.875,32,-0.010778896196263352,32,0.3125,32,0.15625,32,0.875,0.125,,32,-0.010009148999003608,32,-0.01644390540337163,32,-0.011890165290344394
LIMIT_UP_CLOSE_BOARD_INTENT,2025,high_position_negative_feedback_rate,MID,40,39,40,-0.005896441676634415,0.04906604028766055,0.725,40,-0.031045268298757662,40,0.35,40,0.2,40,0.725,0.275,,40,-0.008918602616863738,40,-0.0422436550060766,40,-0.03483160173706949
LIMIT_UP_CLOSE_BOARD_INTENT,2025,high_position_negative_feedback_rate,HIGH,32,32,32,-0.016768465955550878,0.048991395954449554,0.6875,32,-0.0929129745523053,32,0.5,32,0.25,32,0.6875,0.3125,,32,-0.017686849965790303,32,-0.07277187496415521,32,-0.09395771504291793
LIMIT_UP_CLOSE_BOARD_INTENT,2025,high_position_negative_feedback_rate,MISSING,19,19,19,0.02785906855454418,0.049198920863309355,0.8421052631578947,19,-0.025266203030727675,19,0.3157894736842105,19,0.0,19,0.8421052631578947,0.15789473684210525,SMALL_SAMPLE_DESCRIPTIVE_ONLY,19,0.020815904769303638,19,-0.00389432042031031,19,-0.026365737406272783
LIMIT_UP_CLOSE_BOARD_INTENT,2025,high_board_advancement_rate,LOW,52,50,52,0.010081083656555457,0.049036579662164265,0.8076923076923077,52,-0.006891760023557373,52,0.3269230769230769,52,0.09615384615384616,52,0.8076923076923077,0.19230769230769232,,52,0.012196415784135006,52,0.0021903806114870997,52,-0.0080061776979383
LIMIT_UP_CLOSE_BOARD_INTENT,2025,high_board_advancement_rate,MID,47,45,47,-0.006148794912674465,0.04910858168761221,0.723404255319149,47,-0.06464586800403727,47,0.40425531914893614,47,0.2553191489361702,47,0.723404255319149,0.2765957446808511,,47,-0.023598147453104547,47,-0.07574152050773329,47,-0.06571350485095402
LIMIT_UP_CLOSE_BOARD_INTENT,2025,high_board_advancement_rate,HIGH,24,24,24,0.02945314795557399,0.04937118493444096,0.7916666666666666,24,-0.06847004733639976,24,0.4166666666666667,24,0.16666666666666666,24,0.7916666666666666,0.20833333333333334,,24,-0.0155256071420955,24,-0.048862149496820155,24,-0.07402038677411361
LIMIT_UP_CLOSE_BOARD_INTENT,2025,high_board_advancement_rate,MISSING,0,0,0,,,,0,,0,,0,,0,,,N_LT_10_NO_SHORTLIST,0,,0,,0,
LIMIT_UP_CLOSE_BOARD_INTENT,2025,shortline_style_score,LOW,51,50,51,-0.0009693871288516149,0.04903696837944664,0.7647058823529411,51,-0.03414315551360805,51,0.39215686274509803,51,0.11764705882352941,51,0.7647058823529411,0.23529411764705882,,51,0.004590445714370413,51,-0.02135251716225279,51,-0.03523549955764203
LIMIT_UP_CLOSE_BOARD_INTENT,2025,shortline_style_score,MID,43,41,43,0.015755353032706948,0.04916926567656766,0.7674418604651163,43,-0.046061286429461175,43,0.37209302325581395,43,0.23255813953488372,43,0.7674418604651163,0.23255813953488372,,43,-0.012938462722596156,43,-0.05774654229589595,43,-0.04714397678745333
LIMIT_UP_CLOSE_BOARD_INTENT,2025,shortline_style_score,HIGH,29,29,29,0.010829555287723901,0.04919168177240685,0.7931034482758621,29,-0.04545076571818924,29,0.3448275862068966,29,0.1724137931034483,29,0.7931034482758621,0.20689655172413793,,29,-0.01811285225146351,29,-0.036088398827289696,29,-0.050246336950555866
LIMIT_UP_CLOSE_BOARD_INTENT,2025,shortline_style_score,MISSING,0,0,0,,,,0,,0,,0,,0,,,N_LT_10_NO_SHORTLIST,0,,0,,0,
LIMIT_UP_CLOSE_BOARD_INTENT,2025,trend_style_score,LOW,48,47,48,-0.0001799958586085272,0.04905775452465155,0.7291666666666666,48,-0.04985714132445499,48,0.4375,48,0.1875,48,0.7291666666666666,0.2708333333333333,,48,-0.013067357624068757,48,-0.049606932817934095,48,-0.050936757039982204
LIMIT_UP_CLOSE_BOARD_INTENT,2025,trend_style_score,MID,43,42,43,0.010058191754015868,0.04911860335195531,0.7906976744186046,43,-0.06282440952121113,43,0.4186046511627907,43,0.20930232558139536,43,0.7906976744186046,0.20930232558139536,,43,-0.0034225028466971135,43,-0.0360836225377703,43,-0.06639722417334436
LIMIT_UP_CLOSE_BOARD_INTENT,2025,trend_style_score,HIGH,32,31,32,0.016194877999046457,0.0491569720405835,0.8125,32,0.0017057481092996561,32,0.21875,32,0.09375,32,0.8125,0.1875,,32,-0.0022847841427471667,32,-0.02143483486265186,32,0.0005843664533311172
LIMIT_UP_CLOSE_BOARD_INTENT,2025,trend_style_score,MISSING,0,0,0,,,,0,,0,,0,,0,,,N_LT_10_NO_SHORTLIST,0,,0,,0,
LIMIT_UP_CLOSE_BOARD_INTENT,2025,style_differential,LOW,50,48,50,0.008015255326111722,0.04910482487521972,0.78,50,-0.0070634635646708195,50,0.3,50,0.14,50,0.78,0.22,,50,0.004561610378822365,50,-0.01332357941143527,50,-0.008177742159183444
LIMIT_UP_CLOSE_BOARD_INTENT,2025,style_differential,MID,36,36,36,0.005804452910651922,0.04936084820317519,0.7777777777777778,36,-0.07491407082500019,36,0.4722222222222222,36,0.1388888888888889,36,0.7777777777777778,0.2222222222222222,,36,-0.013269095971627376,36,-0.05776848594196322,36,-0.07597339042763195
LIMIT_UP_CLOSE_BOARD_INTENT,2025,style_differential,HIGH,37,36,37,0.008983120786213633,0.04900014147909968,0.7567567567567568,37,-0.053781857447426515,37,0.3783783783783784,37,0.24324324324324326,37,0.7567567567567568,0.24324324324324326,,37,-0.01615964715928968,37,-0.05061618366236161,37,-0.057768002365200945
LIMIT_UP_CLOSE_BOARD_INTENT,2025,style_differential,MISSING,0,0,0,,,,0,,0,,0,,0,,,N_LT_10_NO_SHORTLIST,0,,0,,0,
LIMIT_UP_CLOSE_BOARD_INTENT,2026,turnover_20d_percentile,LOW,21,21,21,0.0265980761579458,0.04908506826870562,0.8095238095238095,21,-0.06720072436628712,21,0.38095238095238093,21,0.14285714285714285,21,0.8095238095238095,0.19047619047619047,,21,0.006397514678890805,21,-0.021715160526418892,21,-0.06826629177955043
LIMIT_UP_CLOSE_BOARD_INTENT,2026,turnover_20d_percentile,MID,10,10,10,0.018719220709186645,0.05063791770331208,0.8,10,0.021625956697990046,10,0.2,10,0.1,10,0.8,0.2,SMALL_SAMPLE_DESCRIPTIVE_ONLY,10,0.014874303556257873,10,-0.015403816448955141,10,0.020488439673064664
LIMIT_UP_CLOSE_BOARD_INTENT,2026,turnover_20d_percentile,HIGH,17,16,17,-0.017543519469453272,0.04921233208955224,0.7647058823529411,17,-0.03309036540653068,17,0.35294117647058826,17,0.17647058823529413,17,0.7647058823529411,0.23529411764705882,SMALL_SAMPLE_DESCRIPTIVE_ONLY,17,-0.01410277441033842,17,0.0054119024776823205,17,-0.03418356221055137
LIMIT_UP_CLOSE_BOARD_INTENT,2026,turnover_20d_percentile,MISSING,0,0,0,,,,0,,0,,0,,0,,,N_LT_10_NO_SHORTLIST,0,,0,,0,
LIMIT_UP_CLOSE_BOARD_INTENT,2026,market_breadth_score,LOW,16,16,16,0.0239073602057406,0.04908994895547717,0.875,16,-0.048767011359043,16,0.375,16,0.125,16,0.875,0.125,SMALL_SAMPLE_DESCRIPTIVE_ONLY,16,-0.011356382104162677,16,-0.02609394160380669,16,-0.049847510079842165
LIMIT_UP_CLOSE_BOARD_INTENT,2026,market_breadth_score,MID,5,5,5,0.05982033890219298,0.049736,1.0,5,0.015025154571417398,5,0.2,5,0.2,5,1.0,0.0,N_LT_10_NO_SHORTLIST,5,0.08595038368158628,5,0.03894765378146032,5,0.013892984196214578
LIMIT_UP_CLOSE_BOARD_INTENT,2026,market_breadth_score,HIGH,27,27,27,-0.00867064749536266,0.04921233208955224,0.7037037037037037,27,-0.03897575732353887,27,0.3333333333333333,27,0.14814814814814814,27,0.7037037037037037,0.2962962962962963,,27,-0.0075817083665850405,27,-0.010936644321116417,27,-0.040064186960106815
LIMIT_UP_CLOSE_BOARD_INTENT,2026,market_breadth_score,MISSING,0,0,0,,,,0,,0,,0,,0,,,N_LT_10_NO_SHORTLIST,0,,0,,0,
LIMIT_UP_CLOSE_BOARD_INTENT,2026,prior_limit_up_next_day_median_return,LOW,17,17,17,0.01720617103711086,0.04896683942225998,0.8235294117647058,17,-0.08342407454090928,17,0.4117647058823529,17,0.17647058823529413,17,0.8235294117647058,0.17647058823529413,SMALL_SAMPLE_DESCRIPTIVE_ONLY,17,0.01373779750188985,17,-0.026785655801983114,17,-0.08447650104053112
LIMIT_UP_CLOSE_BOARD_INTENT,2026,prior_limit_up_next_day_median_return,MID,12,12,12,0.04706466331036318,0.049624910955539184,0.9166666666666666,12,0.0719644877833834,12,0.08333333333333333,12,0.08333333333333333,12,0.9166666666666666,0.08333333333333333,SMALL_SAMPLE_DESCRIPTIVE_ONLY,12,0.009327887243016171,12,0.04319819695593315,12,0.07078619654827885
LIMIT_UP_CLOSE_BOARD_INTENT,2026,prior_limit_up_next_day_median_return,HIGH,19,19,19,-0.021566783785643157,0.048907719617660446,0.6842105263157895,19,-0.06330823383306806,19,0.42105263157894735,19,0.15789473684210525,19,0.6842105263157895,0.3157894736842105,SMALL_SAMPLE_DESCRIPTIVE_ONLY,19,-0.015901764505515212,19,-0.030582968855854403,19,-0.0643769541636633
LIMIT_UP_CLOSE_BOARD_INTENT,2026,prior_limit_up_next_day_median_return,MISSING,0,0,0,,,,0,,0,,0,,0,,,N_LT_10_NO_SHORTLIST,0,,0,,0,
LIMIT_UP_CLOSE_BOARD_INTENT,2026,high_position_negative_feedback_rate,LOW,15,15,15,0.0006830816555237721,0.048957794001578535,0.8,15,-0.03850686801894777,15,0.2,15,0.13333333333333333,15,0.8,0.2,SMALL_SAMPLE_DESCRIPTIVE_ONLY,15,-0.019268548555559966,15,-0.02081542680218375,15,-0.03959567745585243
LIMIT_UP_CLOSE_BOARD_INTENT,2026,high_position_negative_feedback_rate,MID,8,8,8,0.034025650785095535,0.049178307483192046,0.875,8,-0.03750502858158519,8,0.5,8,0.125,8,0.875,0.125,N_LT_10_NO_SHORTLIST,8,0.0016459588111637656,8,-0.0007741106243446366,8,-0.03859464950843411
LIMIT_UP_CLOSE_BOARD_INTENT,2026,high_position_negative_feedback_rate,HIGH,6,6,6,-0.014700611465322708,0.04901350944079041,0.8333333333333334,6,-0.07205391243704679,6,0.3333333333333333,6,0.16666666666666666,6,0.8333333333333334,0.16666666666666666,N_LT_10_NO_SHORTLIST,6,0.028461787692378577,6,-0.005124479685925204,6,-0.07311554876797277
LIMIT_UP_CLOSE_BOARD_INTENT,2026,high_position_negative_feedback_rate,MISSING,19,19,19,0.013329695426649375,0.04928050441361917,0.7368421052631579,19,-0.023553954371787984,19,0.3684210526315789,19,0.15789473684210525,19,0.7368421052631579,0.2631578947368421,SMALL_SAMPLE_DESCRIPTIVE_ONLY,19,0.007812290028071071,19,-0.00888858043582548,19,-0.02465487566874683
LIMIT_UP_CLOSE_BOARD_INTENT,2026,high_board_advancement_rate,LOW,25,25,25,0.0027168769930418146,0.04908506826870562,0.72,25,-0.030823680437790046,25,0.28,25,0.12,25,0.72,0.28,,25,-0.009239552107874327,25,-0.00918971399648647,25,-0.03191871325663542
LIMIT_UP_CLOSE_BOARD_INTENT,2026,high_board_advancement_rate,MID,6,6,6,0.04922741835041392,0.04909058477007962,1.0,6,-0.017640502665396202,6,0.3333333333333333,6,0.16666666666666666,6,1.0,0.0,N_LT_10_NO_SHORTLIST,6,0.025180844331606236,6,0.012000520372283136,6,-0.01874621385823726
LIMIT_UP_CLOSE_BOARD_INTENT,2026,high_board_advancement_rate,HIGH,17,17,17,0.004954443558793754,0.049434255952380955,0.8235294117647058,17,-0.051826872334471884,17,0.4117647058823529,17,0.17647058823529413,17,0.8235294117647058,0.17647058823529413,SMALL_SAMPLE_DESCRIPTIVE_ONLY,17,0.007249847973573722,17,-0.021194968573252107,17,-0.052904892567880966
LIMIT_UP_CLOSE_BOARD_INTENT,2026,high_board_advancement_rate,MISSING,0,0,0,,,,0,,0,,0,,0,,,N_LT_10_NO_SHORTLIST,0,,0,,0,
LIMIT_UP_CLOSE_BOARD_INTENT,2026,shortline_style_score,LOW,17,17,17,0.026523281824830717,0.04908506826870562,0.8235294117647058,17,-0.04396488791457966,17,0.29411764705882354,17,0.17647058823529413,17,0.8235294117647058,0.17647058823529413,SMALL_SAMPLE_DESCRIPTIVE_ONLY,17,0.01764890607699864,17,-0.001092332259635426,17,-0.045049276355368865
LIMIT_UP_CLOSE_BOARD_INTENT,2026,shortline_style_score,MID,17,17,17,0.0025372039421681473,0.04930110163468372,0.7647058823529411,17,-0.02871746321421972,17,0.35294117647058826,17,0.11764705882352941,17,0.7647058823529411,0.23529411764705882,SMALL_SAMPLE_DESCRIPTIVE_ONLY,17,-0.0061253598517200915,17,-0.021822724013880152,17,-0.029814202069016173
LIMIT_UP_CLOSE_BOARD_INTENT,2026,shortline_style_score,HIGH,14,14,14,-0.0033225916150684287,0.04911605250598684,0.7857142857142857,14,-0.03727799195954007,14,0.35714285714285715,14,0.14285714285714285,14,0.7857142857142857,0.21428571428571427,SMALL_SAMPLE_DESCRIPTIVE_ONLY,14,-0.010896900499014487,14,-0.009178445483855996,14,-0.03836779678605286
LIMIT_UP_CLOSE_BOARD_INTENT,2026,shortline_style_score,MISSING,0,0,0,,,,0,,0,,0,,0,,,N_LT_10_NO_SHORTLIST,0,,0,,0,
LIMIT_UP_CLOSE_BOARD_INTENT,2026,trend_style_score,LOW,21,21,21,0.03016869580337736,0.049142284848484846,0.8095238095238095,21,-0.030482766195440002,21,0.3333333333333333,21,0.14285714285714285,21,0.8095238095238095,0.19047619047619047,,21,0.004431601367384018,21,-0.03295439791230551,21,-0.03157807515482171
LIMIT_UP_CLOSE_BOARD_INTENT,2026,trend_style_score,MID,18,18,18,-0.01872488302834151,0.04901350944079041,0.7777777777777778,18,-0.07856540686105788,18,0.4444444444444444,18,0.16666666666666666,18,0.7777777777777778,0.2222222222222222,SMALL_SAMPLE_DESCRIPTIVE_ONLY,18,0.00328737380125015,18,-0.0013926030356020364,18,-0.07962176888150041
LIMIT_UP_CLOSE_BOARD_INTENT,2026,trend_style_score,HIGH,9,9,9,0.01677969534080504,0.04984698695136418,0.7777777777777778,9,0.0329803952200146,9,0.1111111111111111,9,0.1111111111111111,9,0.7777777777777778,0.2222222222222222,N_LT_10_NO_SHORTLIST,9,-0.012099186477114951,9,0.02211722415283375,9,0.0318336810998864
LIMIT_UP_CLOSE_BOARD_INTENT,2026,trend_style_score,MISSING,0,0,0,,,,0,,0,,0,,0,,,N_LT_10_NO_SHORTLIST,0,,0,,0,
LIMIT_UP_CLOSE_BOARD_INTENT,2026,style_differential,LOW,8,8,8,0.008749504092613759,0.049214846367877874,0.75,8,-0.019593193782573126,8,0.125,8,0.125,8,0.75,0.25,N_LT_10_NO_SHORTLIST,8,0.014593037943257937,8,0.012103901961975406,8,-0.020697323295609242
LIMIT_UP_CLOSE_BOARD_INTENT,2026,style_differential,MID,21,20,21,-0.015167851619754587,0.04909482964224872,0.7142857142857143,21,-0.017527325726404766,21,0.2857142857142857,21,0.14285714285714285,21,0.7142857142857143,0.2857142857142857,,21,-0.01650557996390694,21,0.0012252551846874528,21,-0.018633128592566363
LIMIT_UP_CLOSE_BOARD_INTENT,2026,style_differential,HIGH,19,19,19,0.03663372772115574,0.049214330117899246,0.8947368421052632,19,-0.06487749821621397,19,0.47368421052631576,19,0.15789473684210525,19,0.8947368421052632,0.10526315789473684,SMALL_SAMPLE_DESCRIPTIVE_ONLY,19,0.014379818659974458,19,-0.03371661936831518,19,-0.06594494744265884
LIMIT_UP_CLOSE_BOARD_INTENT,2026,style_differential,MISSING,0,0,0,,,,0,,0,,0,,0,,,N_LT_10_NO_SHORTLIST,0,,0,,0,
LIMIT_UP_CLOSE_BOARD_INTENT,DEVELOPMENT,turnover_20d_percentile,LOW,94,87,94,-0.013360910772729145,0.04905775452465155,0.7127659574468085,94,-0.0419157539676104,94,0.4787234042553192,94,0.2765957446808511,94,0.7127659574468085,0.2872340425531915,,94,-0.004790565629500864,94,-0.03322504000712186,94,-0.04845357016176879
LIMIT_UP_CLOSE_BOARD_INTENT,DEVELOPMENT,turnover_20d_percentile,MID,69,66,69,0.040365923765235866,0.04952277554304103,0.8985507246376812,69,-0.003596304102394276,69,0.36231884057971014,69,0.15942028985507245,69,0.8985507246376812,0.10144927536231885,,69,0.011266033307113232,69,-0.005196661690722486,69,-0.004713391096071355
LIMIT_UP_CLOSE_BOARD_INTENT,DEVELOPMENT,turnover_20d_percentile,HIGH,52,49,52,-0.008540702874158883,0.04915429537113085,0.75,52,-0.06248398406446793,52,0.5192307692307693,52,0.25,52,0.75,0.25,,52,0.007368952850794957,52,-0.051532309749117676,52,-0.06355337203737571
LIMIT_UP_CLOSE_BOARD_INTENT,DEVELOPMENT,turnover_20d_percentile,MISSING,0,0,0,,,,0,,0,,0,,0,,,N_LT_10_NO_SHORTLIST,0,,0,,0,
LIMIT_UP_CLOSE_BOARD_INTENT,DEVELOPMENT,market_breadth_score,LOW,63,58,63,0.005541075679134761,0.04924473348783314,0.7777777777777778,63,-0.03601944058435822,63,0.4603174603174603,63,0.23809523809523808,63,0.7777777777777778,0.2222222222222222,,63,-0.007084592819285782,63,-0.03856200343006909,63,-0.03711026483748491
LIMIT_UP_CLOSE_BOARD_INTENT,DEVELOPMENT,market_breadth_score,MID,75,73,75,0.005769940037451095,0.04911860335195531,0.8,75,0.009283004667418417,75,0.37333333333333335,75,0.17333333333333334,75,0.8,0.2,,75,0.005858496155829494,75,-0.007961485757817214,75,0.006720029377299778
LIMIT_UP_CLOSE_BOARD_INTENT,DEVELOPMENT,market_breadth_score,HIGH,77,77,77,0.003939913079404559,0.04933641928079571,0.7662337662337663,77,-0.07616095611187959,77,0.5194805194805194,77,0.2857142857142857,77,0.7662337662337663,0.23376623376623376,,77,0.00931390666476444,77,-0.04071280358899716,77,-0.08247649928980078
LIMIT_UP_CLOSE_BOARD_INTENT,DEVELOPMENT,market_breadth_score,MISSING,0,0,0,,,,0,,0,,0,,0,,,N_LT_10_NO_SHORTLIST,0,,0,,0,
LIMIT_UP_CLOSE_BOARD_INTENT,DEVELOPMENT,prior_limit_up_next_day_median_return,LOW,72,69,72,0.0037369735496208473,0.04919731916605753,0.7916666666666666,72,-0.02004829753603408,72,0.4166666666666667,72,0.20833333333333334,72,0.7916666666666666,0.20833333333333334,,72,0.006203420724568989,72,-0.019950008130259864,72,-0.021152058415029894
LIMIT_UP_CLOSE_BOARD_INTENT,DEVELOPMENT,prior_limit_up_next_day_median_return,MID,67,65,67,0.029080503977151402,0.04921126502575844,0.835820895522388,67,-0.0162839173503665,67,0.40298507462686567,67,0.16417910447761194,67,0.835820895522388,0.16417910447761194,,67,-0.0012834591367841101,67,-0.010001407756612226,67,-0.02503947644832738
LIMIT_UP_CLOSE_BOARD_INTENT,DEVELOPMENT,prior_limit_up_next_day_median_return,HIGH,76,73,76,-0.014898016899123312,0.04915558553228086,0.7236842105263158,76,-0.06451175187241981,76,0.5263157894736842,76,0.3157894736842105,76,0.7236842105263158,0.27631578947368424,,76,0.004599659832297866,76,-0.053354060779101264,76,-0.06557949735340314
LIMIT_UP_CLOSE_BOARD_INTENT,DEVELOPMENT,prior_limit_up_next_day_median_return,MISSING,0,0,0,,,,0,,0,,0,,0,,,N_LT_10_NO_SHORTLIST,0,,0,,0,
LIMIT_UP_CLOSE_BOARD_INTENT,DEVELOPMENT,high_position_negative_feedback_rate,LOW,56,55,56,0.018841823273825612,0.04927058981911435,0.8214285714285714,56,-0.04498464114094268,56,0.4642857142857143,56,0.26785714285714285,56,0.8214285714285714,0.17857142857142858,,56,0.00010065128740390034,56,-0.04256266891951393,56,-0.046068203581618526
LIMIT_UP_CLOSE_BOARD_INTENT,DEVELOPMENT,high_position_negative_feedback_rate,MID,66,64,66,0.0007055849668273758,0.04915558553228086,0.7727272727272727,66,0.02332423294361076,66,0.3787878787878788,66,0.19696969696969696,66,0.7727272727272727,0.22727272727272727,,66,0.0022972156893786067,66,-0.0028809722527850207,66,0.020554140250905933
LIMIT_UP_CLOSE_BOARD_INTENT,DEVELOPMENT,high_position_negative_feedback_rate,HIGH,69,69,69,-0.0025072527914287287,0.04915816442239546,0.7536231884057971,69,-0.07485467659752647,69,0.5362318840579711,69,0.2898550724637681,69,0.7536231884057971,0.2463768115942029,,69,0.005884634145530497,69,-0.040754394932291715,69,-0.08178081218676697
LIMIT_UP_CLOSE_BOARD_INTENT,DEVELOPMENT,high_position_negative_feedback_rate,MISSING,24,23,24,0.006520679548842262,0.04923469599900703,0.7916666666666666,24,-0.053861658855379524,24,0.375,24,0.08333333333333333,24,0.7916666666666666,0.20833333333333334,,24,0.006122342234327455,24,-0.032320693574112734,24,-0.05493803091170666
LIMIT_UP_CLOSE_BOARD_INTENT,DEVELOPMENT,high_board_advancement_rate,LOW,71,69,71,0.011969317113575054,0.04914937973811165,0.8169014084507042,71,-0.0008450927723641245,71,0.36619718309859156,71,0.1267605633802817,71,0.8169014084507042,0.18309859154929578,,71,0.020195308221972384,71,0.006629544051865688,71,-0.0019644082472185143
LIMIT_UP_CLOSE_BOARD_INTENT,DEVELOPMENT,high_board_advancement_rate,MID,82,77,82,0.008051184311847688,0.04922207345776111,0.7926829268292683,82,-0.03522928876828207,82,0.43902439024390244,82,0.24390243902439024,82,0.7926829268292683,0.2073170731707317,,82,-0.0038975145783011864,82,-0.03570680626600224,82,-0.041257423575265496
LIMIT_UP_CLOSE_BOARD_INTENT,DEVELOPMENT,high_board_advancement_rate,HIGH,62,60,62,-0.006851807273013969,0.0491953013178581,0.7258064516129032,62,-0.07239660905703119,62,0.5645161290322581,62,0.3387096774193548,62,0.7258064516129032,0.27419354838709675,,62,-0.006516806630326974,62,-0.059744242550866224,62,-0.07519440658152325
LIMIT_UP_CLOSE_BOARD_INTENT,DEVELOPMENT,high_board_advancement_rate,MISSING,0,0,0,,,,0,,0,,0,,0,,,N_LT_10_NO_SHORTLIST,0,,0,,0,
LIMIT_UP_CLOSE_BOARD_INTENT,DEVELOPMENT,shortline_style_score,LOW,74,73,74,0.004280946003576111,0.04915377208025355,0.7972972972972973,74,-0.020233770186764945,74,0.4189189189189189,74,0.16216216216216217,74,0.7972972972972973,0.20270270270270271,,74,0.011822942505663672,74,-0.013289893097396015,74,-0.021337380832913665
LIMIT_UP_CLOSE_BOARD_INTENT,DEVELOPMENT,shortline_style_score,MID,76,72,76,0.017750316492563263,0.049386470292441746,0.8026315789473685,76,-0.05268942938059882,76,0.4605263157894737,76,0.25,76,0.8026315789473685,0.19736842105263158,,76,-8.01075381460532e-05,76,-0.04482267386532981,76,-0.05909315862086145
LIMIT_UP_CLOSE_BOARD_INTENT,DEVELOPMENT,shortline_style_score,HIGH,65,63,65,-0.008932422769091798,0.04914725872689939,0.7384615384615385,65,-0.02977996000964307,65,0.47692307692307695,65,0.2923076923076923,65,0.7384615384615385,0.26153846153846155,,65,-0.002439706080937569,65,-0.027252741866323926,65,-0.032532133691656064
LIMIT_UP_CLOSE_BOARD_INTENT,DEVELOPMENT,shortline_style_score,MISSING,0,0,0,,,,0,,0,,0,,0,,,N_LT_10_NO_SHORTLIST,0,,0,,0,
LIMIT_UP_CLOSE_BOARD_INTENT,DEVELOPMENT,trend_style_score,LOW,83,80,83,-0.01296931489142421,0.04914937973811165,0.7108433734939759,83,-0.04767408077291921,83,0.5060240963855421,83,0.27710843373493976,83,0.7108433734939759,0.2891566265060241,,83,-0.011268149394755934,83,-0.046945645321418296,83,-0.04875546476749315
LIMIT_UP_CLOSE_BOARD_INTENT,DEVELOPMENT,trend_style_score,MID,73,72,73,0.013752018292327316,0.04934414141414142,0.821917808219178,73,-0.056504409409756526,73,0.5068493150684932,73,0.2465753424657534,73,0.821917808219178,0.1780821917808219,,73,0.011611826577635999,73,-0.03935574002712327,73,-0.059053424457660014
LIMIT_UP_CLOSE_BOARD_INTENT,DEVELOPMENT,trend_style_score,HIGH,59,55,59,0.019623091158589633,0.04921126502575844,0.8305084745762712,59,0.010921653621891621,59,0.3050847457627119,59,0.15254237288135594,59,0.8305084745762712,0.1694915254237288,,59,0.013522402319599737,59,0.01030600100634392,59,0.002931671768345524
LIMIT_UP_CLOSE_BOARD_INTENT,DEVELOPMENT,trend_style_score,MISSING,0,0,0,,,,0,,0,,0,,0,,,N_LT_10_NO_SHORTLIST,0,,0,,0,
LIMIT_UP_CLOSE_BOARD_INTENT,DEVELOPMENT,style_differential,LOW,60,58,60,0.01283034248739768,0.04912634815533943,0.8,60,0.001741685856670703,60,0.31666666666666665,60,0.13333333333333333,60,0.8,0.2,,60,0.012161322756661224,60,-0.006813123992860767,60,0.0006202750911267948
LIMIT_UP_CLOSE_BOARD_INTENT,DEVELOPMENT,style_differential,MID,89,87,89,0.014623464057946315,0.04952277554304103,0.8314606741573034,89,-0.019968904716904545,89,0.47191011235955055,89,0.21348314606741572,89,0.8314606741573034,0.16853932584269662,,89,0.012652655615151602,89,-0.008479075692081211,89,-0.025621122977484184
LIMIT_UP_CLOSE_BOARD_INTENT,DEVELOPMENT,style_differential,HIGH,66,64,66,-0.0149409435256456,0.04899652416841371,0.696969696969697,66,-0.08734335846922202,66,0.5454545454545454,66,0.3484848484848485,66,0.696969696969697,0.30303030303030304,,66,-0.01735662178619843,66,-0.0757269446684326,66,-0.09002381041288245
LIMIT_UP_CLOSE_BOARD_INTENT,DEVELOPMENT,style_differential,MISSING,0,0,0,,,,0,,0,,0,,0,,,N_LT_10_NO_SHORTLIST,0,,0,,0,
LIMIT_UP_CLOSE_BOARD_INTENT,TEMPORAL_DESCRIPTIVE,turnover_20d_percentile,LOW,21,21,21,0.0265980761579458,0.04908506826870562,0.8095238095238095,21,-0.06720072436628712,21,0.38095238095238093,21,0.14285714285714285,21,0.8095238095238095,0.19047619047619047,,21,0.006397514678890805,21,-0.021715160526418892,21,-0.06826629177955043
LIMIT_UP_CLOSE_BOARD_INTENT,TEMPORAL_DESCRIPTIVE,turnover_20d_percentile,MID,10,10,10,0.018719220709186645,0.05063791770331208,0.8,10,0.021625956697990046,10,0.2,10,0.1,10,0.8,0.2,SMALL_SAMPLE_DESCRIPTIVE_ONLY,10,0.014874303556257873,10,-0.015403816448955141,10,0.020488439673064664
LIMIT_UP_CLOSE_BOARD_INTENT,TEMPORAL_DESCRIPTIVE,turnover_20d_percentile,HIGH,17,16,17,-0.017543519469453272,0.04921233208955224,0.7647058823529411,17,-0.03309036540653068,17,0.35294117647058826,17,0.17647058823529413,17,0.7647058823529411,0.23529411764705882,SMALL_SAMPLE_DESCRIPTIVE_ONLY,17,-0.01410277441033842,17,0.0054119024776823205,17,-0.03418356221055137
LIMIT_UP_CLOSE_BOARD_INTENT,TEMPORAL_DESCRIPTIVE,turnover_20d_percentile,MISSING,0,0,0,,,,0,,0,,0,,0,,,N_LT_10_NO_SHORTLIST,0,,0,,0,
LIMIT_UP_CLOSE_BOARD_INTENT,TEMPORAL_DESCRIPTIVE,market_breadth_score,LOW,16,16,16,0.0239073602057406,0.04908994895547717,0.875,16,-0.048767011359043,16,0.375,16,0.125,16,0.875,0.125,SMALL_SAMPLE_DESCRIPTIVE_ONLY,16,-0.011356382104162677,16,-0.02609394160380669,16,-0.049847510079842165
LIMIT_UP_CLOSE_BOARD_INTENT,TEMPORAL_DESCRIPTIVE,market_breadth_score,MID,5,5,5,0.05982033890219298,0.049736,1.0,5,0.015025154571417398,5,0.2,5,0.2,5,1.0,0.0,N_LT_10_NO_SHORTLIST,5,0.08595038368158628,5,0.03894765378146032,5,0.013892984196214578
LIMIT_UP_CLOSE_BOARD_INTENT,TEMPORAL_DESCRIPTIVE,market_breadth_score,HIGH,27,27,27,-0.00867064749536266,0.04921233208955224,0.7037037037037037,27,-0.03897575732353887,27,0.3333333333333333,27,0.14814814814814814,27,0.7037037037037037,0.2962962962962963,,27,-0.0075817083665850405,27,-0.010936644321116417,27,-0.040064186960106815
LIMIT_UP_CLOSE_BOARD_INTENT,TEMPORAL_DESCRIPTIVE,market_breadth_score,MISSING,0,0,0,,,,0,,0,,0,,0,,,N_LT_10_NO_SHORTLIST,0,,0,,0,
LIMIT_UP_CLOSE_BOARD_INTENT,TEMPORAL_DESCRIPTIVE,prior_limit_up_next_day_median_return,LOW,17,17,17,0.01720617103711086,0.04896683942225998,0.8235294117647058,17,-0.08342407454090928,17,0.4117647058823529,17,0.17647058823529413,17,0.8235294117647058,0.17647058823529413,SMALL_SAMPLE_DESCRIPTIVE_ONLY,17,0.01373779750188985,17,-0.026785655801983114,17,-0.08447650104053112
LIMIT_UP_CLOSE_BOARD_INTENT,TEMPORAL_DESCRIPTIVE,prior_limit_up_next_day_median_return,MID,12,12,12,0.04706466331036318,0.049624910955539184,0.9166666666666666,12,0.0719644877833834,12,0.08333333333333333,12,0.08333333333333333,12,0.9166666666666666,0.08333333333333333,SMALL_SAMPLE_DESCRIPTIVE_ONLY,12,0.009327887243016171,12,0.04319819695593315,12,0.07078619654827885
LIMIT_UP_CLOSE_BOARD_INTENT,TEMPORAL_DESCRIPTIVE,prior_limit_up_next_day_median_return,HIGH,19,19,19,-0.021566783785643157,0.048907719617660446,0.6842105263157895,19,-0.06330823383306806,19,0.42105263157894735,19,0.15789473684210525,19,0.6842105263157895,0.3157894736842105,SMALL_SAMPLE_DESCRIPTIVE_ONLY,19,-0.015901764505515212,19,-0.030582968855854403,19,-0.0643769541636633
LIMIT_UP_CLOSE_BOARD_INTENT,TEMPORAL_DESCRIPTIVE,prior_limit_up_next_day_median_return,MISSING,0,0,0,,,,0,,0,,0,,0,,,N_LT_10_NO_SHORTLIST,0,,0,,0,
LIMIT_UP_CLOSE_BOARD_INTENT,TEMPORAL_DESCRIPTIVE,high_position_negative_feedback_rate,LOW,15,15,15,0.0006830816555237721,0.048957794001578535,0.8,15,-0.03850686801894777,15,0.2,15,0.13333333333333333,15,0.8,0.2,SMALL_SAMPLE_DESCRIPTIVE_ONLY,15,-0.019268548555559966,15,-0.02081542680218375,15,-0.03959567745585243
LIMIT_UP_CLOSE_BOARD_INTENT,TEMPORAL_DESCRIPTIVE,high_position_negative_feedback_rate,MID,8,8,8,0.034025650785095535,0.049178307483192046,0.875,8,-0.03750502858158519,8,0.5,8,0.125,8,0.875,0.125,N_LT_10_NO_SHORTLIST,8,0.0016459588111637656,8,-0.0007741106243446366,8,-0.03859464950843411
LIMIT_UP_CLOSE_BOARD_INTENT,TEMPORAL_DESCRIPTIVE,high_position_negative_feedback_rate,HIGH,6,6,6,-0.014700611465322708,0.04901350944079041,0.8333333333333334,6,-0.07205391243704679,6,0.3333333333333333,6,0.16666666666666666,6,0.8333333333333334,0.16666666666666666,N_LT_10_NO_SHORTLIST,6,0.028461787692378577,6,-0.005124479685925204,6,-0.07311554876797277
LIMIT_UP_CLOSE_BOARD_INTENT,TEMPORAL_DESCRIPTIVE,high_position_negative_feedback_rate,MISSING,19,19,19,0.013329695426649375,0.04928050441361917,0.7368421052631579,19,-0.023553954371787984,19,0.3684210526315789,19,0.15789473684210525,19,0.7368421052631579,0.2631578947368421,SMALL_SAMPLE_DESCRIPTIVE_ONLY,19,0.007812290028071071,19,-0.00888858043582548,19,-0.02465487566874683
LIMIT_UP_CLOSE_BOARD_INTENT,TEMPORAL_DESCRIPTIVE,high_board_advancement_rate,LOW,25,25,25,0.0027168769930418146,0.04908506826870562,0.72,25,-0.030823680437790046,25,0.28,25,0.12,25,0.72,0.28,,25,-0.009239552107874327,25,-0.00918971399648647,25,-0.03191871325663542
LIMIT_UP_CLOSE_BOARD_INTENT,TEMPORAL_DESCRIPTIVE,high_board_advancement_rate,MID,6,6,6,0.04922741835041392,0.04909058477007962,1.0,6,-0.017640502665396202,6,0.3333333333333333,6,0.16666666666666666,6,1.0,0.0,N_LT_10_NO_SHORTLIST,6,0.025180844331606236,6,0.012000520372283136,6,-0.01874621385823726
LIMIT_UP_CLOSE_BOARD_INTENT,TEMPORAL_DESCRIPTIVE,high_board_advancement_rate,HIGH,17,17,17,0.004954443558793754,0.049434255952380955,0.8235294117647058,17,-0.051826872334471884,17,0.4117647058823529,17,0.17647058823529413,17,0.8235294117647058,0.17647058823529413,SMALL_SAMPLE_DESCRIPTIVE_ONLY,17,0.007249847973573722,17,-0.021194968573252107,17,-0.052904892567880966
LIMIT_UP_CLOSE_BOARD_INTENT,TEMPORAL_DESCRIPTIVE,high_board_advancement_rate,MISSING,0,0,0,,,,0,,0,,0,,0,,,N_LT_10_NO_SHORTLIST,0,,0,,0,
LIMIT_UP_CLOSE_BOARD_INTENT,TEMPORAL_DESCRIPTIVE,shortline_style_score,LOW,17,17,17,0.026523281824830717,0.04908506826870562,0.8235294117647058,17,-0.04396488791457966,17,0.29411764705882354,17,0.17647058823529413,17,0.8235294117647058,0.17647058823529413,SMALL_SAMPLE_DESCRIPTIVE_ONLY,17,0.01764890607699864,17,-0.001092332259635426,17,-0.045049276355368865
LIMIT_UP_CLOSE_BOARD_INTENT,TEMPORAL_DESCRIPTIVE,shortline_style_score,MID,17,17,17,0.0025372039421681473,0.04930110163468372,0.7647058823529411,17,-0.02871746321421972,17,0.35294117647058826,17,0.11764705882352941,17,0.7647058823529411,0.23529411764705882,SMALL_SAMPLE_DESCRIPTIVE_ONLY,17,-0.0061253598517200915,17,-0.021822724013880152,17,-0.029814202069016173
LIMIT_UP_CLOSE_BOARD_INTENT,TEMPORAL_DESCRIPTIVE,shortline_style_score,HIGH,14,14,14,-0.0033225916150684287,0.04911605250598684,0.7857142857142857,14,-0.03727799195954007,14,0.35714285714285715,14,0.14285714285714285,14,0.7857142857142857,0.21428571428571427,SMALL_SAMPLE_DESCRIPTIVE_ONLY,14,-0.010896900499014487,14,-0.009178445483855996,14,-0.03836779678605286
LIMIT_UP_CLOSE_BOARD_INTENT,TEMPORAL_DESCRIPTIVE,shortline_style_score,MISSING,0,0,0,,,,0,,0,,0,,0,,,N_LT_10_NO_SHORTLIST,0,,0,,0,
LIMIT_UP_CLOSE_BOARD_INTENT,TEMPORAL_DESCRIPTIVE,trend_style_score,LOW,21,21,21,0.03016869580337736,0.049142284848484846,0.8095238095238095,21,-0.030482766195440002,21,0.3333333333333333,21,0.14285714285714285,21,0.8095238095238095,0.19047619047619047,,21,0.004431601367384018,21,-0.03295439791230551,21,-0.03157807515482171
LIMIT_UP_CLOSE_BOARD_INTENT,TEMPORAL_DESCRIPTIVE,trend_style_score,MID,18,18,18,-0.01872488302834151,0.04901350944079041,0.7777777777777778,18,-0.07856540686105788,18,0.4444444444444444,18,0.16666666666666666,18,0.7777777777777778,0.2222222222222222,SMALL_SAMPLE_DESCRIPTIVE_ONLY,18,0.00328737380125015,18,-0.0013926030356020364,18,-0.07962176888150041
LIMIT_UP_CLOSE_BOARD_INTENT,TEMPORAL_DESCRIPTIVE,trend_style_score,HIGH,9,9,9,0.01677969534080504,0.04984698695136418,0.7777777777777778,9,0.0329803952200146,9,0.1111111111111111,9,0.1111111111111111,9,0.7777777777777778,0.2222222222222222,N_LT_10_NO_SHORTLIST,9,-0.012099186477114951,9,0.02211722415283375,9,0.0318336810998864
LIMIT_UP_CLOSE_BOARD_INTENT,TEMPORAL_DESCRIPTIVE,trend_style_score,MISSING,0,0,0,,,,0,,0,,0,,0,,,N_LT_10_NO_SHORTLIST,0,,0,,0,
LIMIT_UP_CLOSE_BOARD_INTENT,TEMPORAL_DESCRIPTIVE,style_differential,LOW,8,8,8,0.008749504092613759,0.049214846367877874,0.75,8,-0.019593193782573126,8,0.125,8,0.125,8,0.75,0.25,N_LT_10_NO_SHORTLIST,8,0.014593037943257937,8,0.012103901961975406,8,-0.020697323295609242
LIMIT_UP_CLOSE_BOARD_INTENT,TEMPORAL_DESCRIPTIVE,style_differential,MID,21,20,21,-0.015167851619754587,0.04909482964224872,0.7142857142857143,21,-0.017527325726404766,21,0.2857142857142857,21,0.14285714285714285,21,0.7142857142857143,0.2857142857142857,,21,-0.01650557996390694,21,0.0012252551846874528,21,-0.018633128592566363
LIMIT_UP_CLOSE_BOARD_INTENT,TEMPORAL_DESCRIPTIVE,style_differential,HIGH,19,19,19,0.03663372772115574,0.049214330117899246,0.8947368421052632,19,-0.06487749821621397,19,0.47368421052631576,19,0.15789473684210525,19,0.8947368421052632,0.10526315789473684,SMALL_SAMPLE_DESCRIPTIVE_ONLY,19,0.014379818659974458,19,-0.03371661936831518,19,-0.06594494744265884
LIMIT_UP_CLOSE_BOARD_INTENT,TEMPORAL_DESCRIPTIVE,style_differential,MISSING,0,0,0,,,,0,,0,,0,,0,,,N_LT_10_NO_SHORTLIST,0,,0,,0,
NORMAL_CLOSE_INTENT,2024,MARKET_RISK_REGIME,RISK_OFF,6,6,6,-0.029139145094094206,0.001032258628121431,0.5,6,-0.0832591662224071,6,0.5,6,0.16666666666666666,6,0.5,0.5,N_LT_10_NO_SHORTLIST,6,-0.013058987929811037,6,0.021885517570847213,6,-0.08431172629776694
NORMAL_CLOSE_INTENT,2024,MARKET_RISK_REGIME,NEUTRAL,21,21,21,-0.030965188007381222,0.04907778060413354,0.5714285714285714,21,-0.06810899496990205,21,0.5238095238095238,21,0.09523809523809523,21,0.5714285714285714,0.42857142857142855,,21,-0.02913649797951299,21,-0.051205724237143174,21,-0.06917382668397642
NORMAL_CLOSE_INTENT,2024,MARKET_RISK_REGIME,RISK_ON,36,35,36,-0.025673704955929126,0.04901332465720326,0.5555555555555556,36,-0.03811868936875244,36,0.4166666666666667,36,0.16666666666666666,36,0.5555555555555556,0.4444444444444444,,36,-0.01620559318929231,36,-0.030577299887716552,36,-0.039207813230363764
NORMAL_CLOSE_INTENT,2024,MARKET_RISK_REGIME,MISSING,0,0,0,,,,0,,0,,0,,0,,,N_LT_10_NO_SHORTLIST,0,,0,,0,
NORMAL_CLOSE_INTENT,2024,STYLE_REGIME,TREND_DOMINANT,18,18,18,-0.00771699202032365,0.04898644821128817,0.6666666666666666,18,-0.03183781785171022,18,0.3333333333333333,18,0.1111111111111111,18,0.6666666666666666,0.3333333333333333,SMALL_SAMPLE_DESCRIPTIVE_ONLY,18,-0.0007003352886890542,18,0.00866436631858748,18,-0.03293202921925032
NORMAL_CLOSE_INTENT,2024,STYLE_REGIME,MIXED,17,17,17,-0.03196600033355334,0.049279026392961875,0.5882352941176471,17,-0.019109391548376823,17,0.5294117647058824,17,0.11764705882352941,17,0.5882352941176471,0.4117647058823529,SMALL_SAMPLE_DESCRIPTIVE_ONLY,17,-0.025966334307567805,17,-0.007029179472684703,17,-0.02021391294122265
NORMAL_CLOSE_INTENT,2024,STYLE_REGIME,SHORTLINE_DOMINANT,28,28,28,-0.038108190539170965,-0.022354422938507493,0.4642857142857143,28,-0.08586344040443872,28,0.5,28,0.17857142857142858,28,0.4642857142857143,0.5357142857142857,,28,-0.029271000769218087,28,-0.07433044436470193,28,-0.08691389101771112
NORMAL_CLOSE_INTENT,2024,STYLE_REGIME,MISSING,0,0,0,,,,0,,0,,0,,0,,,N_LT_10_NO_SHORTLIST,0,,0,,0,
NORMAL_CLOSE_INTENT,2025,MARKET_RISK_REGIME,RISK_OFF,11,11,11,-0.0010900573283634995,0.049146,0.8181818181818182,11,0.03554483394880241,11,0.18181818181818182,11,0.09090909090909091,11,0.8181818181818182,0.18181818181818182,SMALL_SAMPLE_DESCRIPTIVE_ONLY,11,0.0009807188470624176,11,0.021589971773916587,11,0.03439604263330385
NORMAL_CLOSE_INTENT,2025,MARKET_RISK_REGIME,NEUTRAL,37,36,37,-0.02009516318093799,0.04891222125181951,0.6486486486486487,37,-0.016842807281172257,37,0.35135135135135137,37,0.13513513513513514,37,0.6486486486486487,0.35135135135135137,,37,-0.010136495675535767,37,-0.005231987154871676,37,-0.017949164607274498
NORMAL_CLOSE_INTENT,2025,MARKET_RISK_REGIME,RISK_ON,63,62,63,-0.040325609076026905,0.0488395,0.5555555555555556,63,-0.06936364916398435,63,0.42857142857142855,63,0.12698412698412698,63,0.5555555555555556,0.4444444444444444,,63,-0.025536613923235196,63,-0.05637092647786493,63,-0.07042746460816152
NORMAL_CLOSE_INTENT,2025,MARKET_RISK_REGIME,MISSING,0,0,0,,,,0,,0,,0,,0,,,N_LT_10_NO_SHORTLIST,0,,0,,0,
NORMAL_CLOSE_INTENT,2025,STYLE_REGIME,TREND_DOMINANT,57,55,57,-0.032326194836611824,0.048860238688252386,0.5614035087719298,57,-0.0433793957881937,57,0.40350877192982454,57,0.07017543859649122,57,0.5614035087719298,0.43859649122807015,,57,-0.017446615254078306,57,-0.020581544015222383,57,-0.04446425847760526
NORMAL_CLOSE_INTENT,2025,STYLE_REGIME,MIXED,23,22,23,-0.001381117979063464,0.04899611285266458,0.782608695652174,23,-0.03556789933072983,23,0.34782608695652173,23,0.13043478260869565,23,0.782608695652174,0.21739130434782608,,23,-0.003603346171231373,23,-0.02775575293293019,23,-0.03665908933227193
NORMAL_CLOSE_INTENT,2025,STYLE_REGIME,SHORTLINE_DOMINANT,31,30,31,-0.04586020067390534,0.04887470754052149,0.5806451612903226,31,-0.04230365641173338,31,0.3548387096774194,31,0.22580645161290322,31,0.5806451612903226,0.41935483870967744,,31,-0.02889467994903772,31,-0.05470747990314805,31,-0.04338939045003987
NORMAL_CLOSE_INTENT,2025,STYLE_REGIME,MISSING,0,0,0,,,,0,,0,,0,,0,,,N_LT_10_NO_SHORTLIST,0,,0,,0,
NORMAL_CLOSE_INTENT,2026,MARKET_RISK_REGIME,RISK_OFF,11,10,11,-0.022520706691591123,0.049184728529121424,0.6363636363636364,11,0.022912755182872904,11,0.36363636363636365,11,0.2727272727272727,11,0.6363636363636364,0.36363636363636365,SMALL_SAMPLE_DESCRIPTIVE_ONLY,11,0.0155961211781538,11,0.020097899266974886,11,0.02177419585117481
NORMAL_CLOSE_INTENT,2026,MARKET_RISK_REGIME,NEUTRAL,26,26,26,-0.021134199899442277,0.048905873827712235,0.6923076923076923,26,-0.00795522338979013,26,0.4230769230769231,26,0.19230769230769232,26,0.6923076923076923,0.3076923076923077,,26,-0.003189694954373189,26,-0.00964647096191902,26,-0.009068779658844433
NORMAL_CLOSE_INTENT,2026,MARKET_RISK_REGIME,RISK_ON,31,30,30,-0.08156906821018309,-0.07762913671711247,0.4666666666666667,29,-0.08507936792826519,29,0.5517241379310345,29,0.3103448275862069,30,0.43333333333333335,0.5666666666666667,,31,-0.03906322953443515,29,-0.06978424610036152,29,-0.08613045364024327
NORMAL_CLOSE_INTENT,2026,MARKET_RISK_REGIME,MISSING,0,0,0,,,,0,,0,,0,,0,,,N_LT_10_NO_SHORTLIST,0,,0,,0,
NORMAL_CLOSE_INTENT,2026,STYLE_REGIME,TREND_DOMINANT,24,24,23,-0.04262900500325361,0.0488395,0.5652173913043478,23,-0.04055108737685909,23,0.391304347826087,23,0.17391304347826086,23,0.5217391304347826,0.4782608695652174,,24,-0.02361511820213957,23,-0.050363081346001176,23,-0.04163824099608381
NORMAL_CLOSE_INTENT,2026,STYLE_REGIME,MIXED,25,24,25,-0.06461292995910838,0.0488395,0.52,24,-0.061558734501267,24,0.5833333333333334,24,0.3333333333333333,25,0.52,0.48,,25,-0.017170816235276196,24,-0.048472856070079895,24,-0.06262887192632098
NORMAL_CLOSE_INTENT,2026,STYLE_REGIME,SHORTLINE_DOMINANT,19,19,19,-0.03413150806557641,0.04889986880718108,0.6842105263157895,19,-0.0006322385970771025,19,0.42105263157894735,19,0.2631578947368421,19,0.6842105263157895,0.3157894736842105,SMALL_SAMPLE_DESCRIPTIVE_ONLY,19,-0.0066474530888550615,19,0.014117101402962616,19,-0.001751726483813476
NORMAL_CLOSE_INTENT,2026,STYLE_REGIME,MISSING,0,0,0,,,,0,,0,,0,,0,,,N_LT_10_NO_SHORTLIST,0,,0,,0,
NORMAL_CLOSE_INTENT,DEVELOPMENT,MARKET_RISK_REGIME,RISK_OFF,17,17,17,-0.010989735363327277,0.04892967960288808,0.7058823529411765,17,-0.006385989641036244,17,0.29411764705882354,17,0.11764705882352941,17,0.7058823529411765,0.29411764705882354,SMALL_SAMPLE_DESCRIPTIVE_ONLY,17,-0.00397447178006939,17,0.02169428205518622,17,-0.007500816989427014
NORMAL_CLOSE_INTENT,DEVELOPMENT,MARKET_RISK_REGIME,NEUTRAL,58,57,58,-0.02403086182499502,0.048926256893562746,0.6206896551724138,58,-0.03540470282364339,58,0.41379310344827586,58,0.1206896551724138,58,0.6206896551724138,0.3793103448275862,,58,-0.017015806854562002,58,-0.021877650581211355,58,-0.03649602501435623
NORMAL_CLOSE_INTENT,DEVELOPMENT,MARKET_RISK_REGIME,RISK_ON,99,96,99,-0.034997643941445895,0.048860238688252386,0.5555555555555556,99,-0.058001845602081846,99,0.42424242424242425,99,0.1414141414141414,99,0.5555555555555556,0.4444444444444444,,99,-0.02214351547452869,99,-0.04699142589962916,99,-0.05907486410714416
NORMAL_CLOSE_INTENT,DEVELOPMENT,MARKET_RISK_REGIME,MISSING,0,0,0,,,,0,,0,,0,,0,,,N_LT_10_NO_SHORTLIST,0,,0,,0,
NORMAL_CLOSE_INTENT,DEVELOPMENT,STYLE_REGIME,TREND_DOMINANT,75,72,75,-0.02641998616070266,0.04889386289445049,0.5866666666666667,75,-0.04060941708343767,75,0.38666666666666666,75,0.08,75,0.5866666666666667,0.41333333333333333,,75,-0.013427508062384887,75,-0.013562525535108018,75,-0.04169652345560007
NORMAL_CLOSE_INTENT,DEVELOPMENT,STYLE_REGIME,MIXED,40,39,40,-0.014379692979721661,0.04905701929502494,0.7,40,-0.028573033523229808,40,0.425,40,0.125,40,0.7,0.3,,40,-0.013107616129174358,40,-0.018946959212325858,40,-0.02966988936607599
NORMAL_CLOSE_INTENT,DEVELOPMENT,STYLE_REGIME,SHORTLINE_DOMINANT,59,58,59,-0.0421812806099636,0.0488395,0.5254237288135594,59,-0.06297609627267829,59,0.423728813559322,59,0.2033898305084746,59,0.5254237288135594,0.4745762711864407,,59,-0.02907327288064874,59,-0.06402007320693633,59,-0.06404508563469741
NORMAL_CLOSE_INTENT,DEVELOPMENT,STYLE_REGIME,MISSING,0,0,0,,,,0,,0,,0,,0,,,N_LT_10_NO_SHORTLIST,0,,0,,0,
NORMAL_CLOSE_INTENT,TEMPORAL_DESCRIPTIVE,MARKET_RISK_REGIME,RISK_OFF,11,10,11,-0.022520706691591123,0.049184728529121424,0.6363636363636364,11,0.022912755182872904,11,0.36363636363636365,11,0.2727272727272727,11,0.6363636363636364,0.36363636363636365,SMALL_SAMPLE_DESCRIPTIVE_ONLY,11,0.0155961211781538,11,0.020097899266974886,11,0.02177419585117481
NORMAL_CLOSE_INTENT,TEMPORAL_DESCRIPTIVE,MARKET_RISK_REGIME,NEUTRAL,26,26,26,-0.021134199899442277,0.048905873827712235,0.6923076923076923,26,-0.00795522338979013,26,0.4230769230769231,26,0.19230769230769232,26,0.6923076923076923,0.3076923076923077,,26,-0.003189694954373189,26,-0.00964647096191902,26,-0.009068779658844433
NORMAL_CLOSE_INTENT,TEMPORAL_DESCRIPTIVE,MARKET_RISK_REGIME,RISK_ON,31,30,30,-0.08156906821018309,-0.07762913671711247,0.4666666666666667,29,-0.08507936792826519,29,0.5517241379310345,29,0.3103448275862069,30,0.43333333333333335,0.5666666666666667,,31,-0.03906322953443515,29,-0.06978424610036152,29,-0.08613045364024327
NORMAL_CLOSE_INTENT,TEMPORAL_DESCRIPTIVE,MARKET_RISK_REGIME,MISSING,0,0,0,,,,0,,0,,0,,0,,,N_LT_10_NO_SHORTLIST,0,,0,,0,
NORMAL_CLOSE_INTENT,TEMPORAL_DESCRIPTIVE,STYLE_REGIME,TREND_DOMINANT,24,24,23,-0.04262900500325361,0.0488395,0.5652173913043478,23,-0.04055108737685909,23,0.391304347826087,23,0.17391304347826086,23,0.5217391304347826,0.4782608695652174,,24,-0.02361511820213957,23,-0.050363081346001176,23,-0.04163824099608381
NORMAL_CLOSE_INTENT,TEMPORAL_DESCRIPTIVE,STYLE_REGIME,MIXED,25,24,25,-0.06461292995910838,0.0488395,0.52,24,-0.061558734501267,24,0.5833333333333334,24,0.3333333333333333,25,0.52,0.48,,25,-0.017170816235276196,24,-0.048472856070079895,24,-0.06262887192632098
NORMAL_CLOSE_INTENT,TEMPORAL_DESCRIPTIVE,STYLE_REGIME,SHORTLINE_DOMINANT,19,19,19,-0.03413150806557641,0.04889986880718108,0.6842105263157895,19,-0.0006322385970771025,19,0.42105263157894735,19,0.2631578947368421,19,0.6842105263157895,0.3157894736842105,SMALL_SAMPLE_DESCRIPTIVE_ONLY,19,-0.0066474530888550615,19,0.014117101402962616,19,-0.001751726483813476
NORMAL_CLOSE_INTENT,TEMPORAL_DESCRIPTIVE,STYLE_REGIME,MISSING,0,0,0,,,,0,,0,,0,,0,,,N_LT_10_NO_SHORTLIST,0,,0,,0,
LIMIT_UP_CLOSE_BOARD_INTENT,2024,MARKET_RISK_REGIME,RISK_OFF,4,4,4,0.07372110990358782,0.07356428597788826,1.0,4,0.10521178357188815,4,0.0,4,0.0,4,1.0,0.0,N_LT_10_NO_SHORTLIST,4,0.07444317966540724,4,0.10145988419490644,4,0.10400656202719491
LIMIT_UP_CLOSE_BOARD_INTENT,2024,MARKET_RISK_REGIME,NEUTRAL,40,38,40,-0.017323398786575062,0.049373513049740775,0.75,40,-0.024017795785054995,40,0.575,40,0.35,40,0.75,0.25,,40,0.008958590564438157,40,-0.016121481646114582,40,-0.03523851595878483
LIMIT_UP_CLOSE_BOARD_INTENT,2024,MARKET_RISK_REGIME,RISK_ON,48,45,48,0.011274157278711764,0.04939366118389642,0.8125,48,-0.038698330766040394,48,0.5833333333333334,48,0.3125,48,0.8125,0.1875,,48,0.01878387951981458,48,-0.02716126115059685,48,-0.03978698511811991
LIMIT_UP_CLOSE_BOARD_INTENT,2024,MARKET_RISK_REGIME,MISSING,0,0,0,,,,0,,0,,0,,0,,,N_LT_10_NO_SHORTLIST,0,,0,,0,
LIMIT_UP_CLOSE_BOARD_INTENT,2024,STYLE_REGIME,TREND_DOMINANT,22,22,22,0.03556659877695967,0.04937794015449404,0.9090909090909091,22,0.023854340176802425,22,0.3181818181818182,22,0.13636363636363635,22,0.9090909090909091,0.09090909090909091,,22,0.04612156281961278,22,0.03236970455768516,22,0.004314700727957888
LIMIT_UP_CLOSE_BOARD_INTENT,2024,STYLE_REGIME,MIXED,41,41,41,0.016563917224851583,0.04961150110375276,0.8536585365853658,41,0.020793972576576402,41,0.5365853658536586,41,0.2926829268292683,41,0.8536585365853658,0.14634146341463414,,41,0.026602396808637855,41,0.0212264826352803,41,0.019657129458789366
LIMIT_UP_CLOSE_BOARD_INTENT,2024,STYLE_REGIME,SHORTLINE_DOMINANT,29,28,29,-0.045464749716638414,0.04897308155080214,0.6206896551724138,29,-0.13016320460047834,29,0.7586206896551724,29,0.4827586206896552,29,0.6206896551724138,0.3793103448275862,,29,-0.018883796310185448,29,-0.10776481215893696,29,-0.13117777240475195
LIMIT_UP_CLOSE_BOARD_INTENT,2024,STYLE_REGIME,MISSING,0,0,0,,,,0,,0,,0,,0,,,N_LT_10_NO_SHORTLIST,0,,0,,0,
LIMIT_UP_CLOSE_BOARD_INTENT,2025,MARKET_RISK_REGIME,RISK_OFF,15,15,15,-0.04006174597225419,0.04900014147909968,0.6,15,-0.11234069228474072,15,0.5333333333333333,15,0.4,15,0.6,0.4,SMALL_SAMPLE_DESCRIPTIVE_ONLY,15,-0.035515563184598795,15,-0.09625314942297161,15,-0.11336969632399006
LIMIT_UP_CLOSE_BOARD_INTENT,2025,MARKET_RISK_REGIME,NEUTRAL,45,42,45,0.013018543446680924,0.04903696837944664,0.7777777777777778,45,-0.027798707657190044,45,0.35555555555555557,45,0.08888888888888889,45,0.7777777777777778,0.2222222222222222,,45,0.004035240419796763,45,-0.025874830950679547,45,-0.031288617464551104
LIMIT_UP_CLOSE_BOARD_INTENT,2025,MARKET_RISK_REGIME,RISK_ON,63,60,63,0.015193496423208427,0.04914467840459935,0.8095238095238095,63,-0.03339613054989947,63,0.3492063492063492,63,0.1746031746031746,63,0.8095238095238095,0.19047619047619047,,63,-0.007878829397667587,63,-0.031912359140708974,63,-0.03448907968415407
LIMIT_UP_CLOSE_BOARD_INTENT,2025,MARKET_RISK_REGIME,MISSING,0,0,0,,,,0,,0,,0,,0,,,N_LT_10_NO_SHORTLIST,0,,0,,0,
LIMIT_UP_CLOSE_BOARD_INTENT,2025,STYLE_REGIME,TREND_DOMINANT,58,55,58,0.0062357733573564006,0.04910482487521972,0.7758620689655172,58,-0.014937418434844144,58,0.3275862068965517,58,0.1206896551724138,58,0.7758620689655172,0.22413793103448276,,58,0.0021587112451906215,58,-0.016301936832972232,58,-0.016045319125911926
LIMIT_UP_CLOSE_BOARD_INTENT,2025,STYLE_REGIME,MIXED,28,28,28,0.008858864870085142,0.04958993643646453,0.7857142857142857,28,-0.07798962352544955,28,0.4642857142857143,28,0.17857142857142858,28,0.7857142857142857,0.21428571428571427,,28,-0.013386149580661548,28,-0.0642975760060732,28,-0.07904645193039395
LIMIT_UP_CLOSE_BOARD_INTENT,2025,STYLE_REGIME,SHORTLINE_DOMINANT,37,36,37,0.008983120786213633,0.04900014147909968,0.7567567567567568,37,-0.053781857447426515,37,0.3783783783783784,37,0.24324324324324326,37,0.7567567567567568,0.24324324324324326,,37,-0.01615964715928968,37,-0.05061618366236161,37,-0.057768002365200945
LIMIT_UP_CLOSE_BOARD_INTENT,2025,STYLE_REGIME,MISSING,0,0,0,,,,0,,0,,0,,0,,,N_LT_10_NO_SHORTLIST,0,,0,,0,
LIMIT_UP_CLOSE_BOARD_INTENT,2026,MARKET_RISK_REGIME,RISK_OFF,5,5,5,0.03663507459450598,0.04892887298747764,0.8,5,-0.09016017598087481,5,0.4,5,0.2,5,0.8,0.2,N_LT_10_NO_SHORTLIST,5,0.019083128123069743,5,0.002443399761439316,5,-0.09120714623833023
LIMIT_UP_CLOSE_BOARD_INTENT,2026,MARKET_RISK_REGIME,NEUTRAL,18,18,18,0.011513849406960014,0.04924741726575921,0.8333333333333334,18,-0.08344543631168373,18,0.5,18,0.16666666666666666,18,0.8333333333333334,0.16666666666666666,SMALL_SAMPLE_DESCRIPTIVE_ONLY,18,0.002630117854378937,18,-0.05010846471544303,18,-0.08449784550827129
LIMIT_UP_CLOSE_BOARD_INTENT,2026,MARKET_RISK_REGIME,RISK_ON,25,25,25,0.0022834925252085024,0.04934414141414142,0.76,25,0.007813075075661237,25,0.2,25,0.12,25,0.76,0.24,,25,-0.003976563326025483,25,0.014867246905881171,25,0.0066867464848499565
LIMIT_UP_CLOSE_BOARD_INTENT,2026,MARKET_RISK_REGIME,MISSING,0,0,0,,,,0,,0,,0,,0,,,N_LT_10_NO_SHORTLIST,0,,0,,0,
LIMIT_UP_CLOSE_BOARD_INTENT,2026,STYLE_REGIME,TREND_DOMINANT,15,15,15,-0.0029822371217610557,0.04909482964224872,0.7333333333333333,15,-0.020120286299538364,15,0.2,15,0.13333333333333333,15,0.7333333333333333,0.26666666666666666,SMALL_SAMPLE_DESCRIPTIVE_ONLY,15,0.011343127353689718,15,0.0009625230581757955,15,-0.0212239888676357
LIMIT_UP_CLOSE_BOARD_INTENT,2026,STYLE_REGIME,MIXED,14,14,14,-0.01455680674625146,0.04913816532673676,0.7142857142857143,14,-0.015929649715857832,14,0.2857142857142857,14,0.14285714285714285,14,0.7142857142857143,0.2857142857142857,SMALL_SAMPLE_DESCRIPTIVE_ONLY,14,-0.028572841857237713,14,0.007723123478685917,14,-0.017036746699588004
LIMIT_UP_CLOSE_BOARD_INTENT,2026,STYLE_REGIME,SHORTLINE_DOMINANT,19,19,19,0.03663372772115574,0.049214330117899246,0.8947368421052632,19,-0.06487749821621397,19,0.47368421052631576,19,0.15789473684210525,19,0.8947368421052632,0.10526315789473684,SMALL_SAMPLE_DESCRIPTIVE_ONLY,19,0.014379818659974458,19,-0.03371661936831518,19,-0.06594494744265884
LIMIT_UP_CLOSE_BOARD_INTENT,2026,STYLE_REGIME,MISSING,0,0,0,,,,0,,0,,0,,0,,,N_LT_10_NO_SHORTLIST,0,,0,,0,
LIMIT_UP_CLOSE_BOARD_INTENT,DEVELOPMENT,MARKET_RISK_REGIME,RISK_OFF,19,19,19,-0.016107460524708503,0.04907854066985646,0.6842105263157895,19,-0.06654017105176621,19,0.42105263157894735,19,0.3157894736842105,19,0.6842105263157895,0.3157894736842105,SMALL_SAMPLE_DESCRIPTIVE_ONLY,19,-0.01236635416354489,19,-0.05462935287183939,19,-0.06760627351321427
LIMIT_UP_CLOSE_BOARD_INTENT,DEVELOPMENT,MARKET_RISK_REGIME,NEUTRAL,85,80,85,-0.0012600176042630693,0.049198920863309355,0.7647058823529411,85,-0.026019455011479436,85,0.4588235294117647,85,0.21176470588235294,85,0.7647058823529411,0.23529411764705882,,85,0.006352111076098596,85,-0.02128501951323721,85,-0.03314739322654345
LIMIT_UP_CLOSE_BOARD_INTENT,DEVELOPMENT,MARKET_RISK_REGIME,RISK_ON,111,104,111,0.013498647063426085,0.049198920863309355,0.8108108108108109,111,-0.035688973886609056,111,0.45045045045045046,111,0.23423423423423423,111,0.8108108108108109,0.1891891891891892,,111,0.0036509906747571345,111,-0.02985783028011995,111,-0.036780065817760915
LIMIT_UP_CLOSE_BOARD_INTENT,DEVELOPMENT,MARKET_RISK_REGIME,MISSING,0,0,0,,,,0,,0,,0,,0,,,N_LT_10_NO_SHORTLIST,0,,0,,0,
LIMIT_UP_CLOSE_BOARD_INTENT,DEVELOPMENT,STYLE_REGIME,TREND_DOMINANT,80,75,80,0.014301750347747296,0.0491470290713555,0.8125,80,-0.004269684816641338,80,0.325,80,0.125,80,0.8125,0.1875,,80,0.014248495428156715,80,-0.0029172354505414507,80,-0.010446313666097728
LIMIT_UP_CLOSE_BOARD_INTENT,DEVELOPMENT,STYLE_REGIME,MIXED,69,69,69,0.013437229312772449,0.04961150110375276,0.8260869565217391,69,-0.01929212439236167,69,0.5072463768115942,69,0.2463768115942029,69,0.8260869565217391,0.17391304347826086,,69,0.01037516059269027,69,-0.013478932465558806,69,-0.02039649777160386
LIMIT_UP_CLOSE_BOARD_INTENT,DEVELOPMENT,STYLE_REGIME,SHORTLINE_DOMINANT,66,64,66,-0.0149409435256456,0.04899652416841371,0.696969696969697,66,-0.08734335846922202,66,0.5454545454545454,66,0.3484848484848485,66,0.696969696969697,0.30303030303030304,,66,-0.01735662178619843,66,-0.0757269446684326,66,-0.09002381041288245
LIMIT_UP_CLOSE_BOARD_INTENT,DEVELOPMENT,STYLE_REGIME,MISSING,0,0,0,,,,0,,0,,0,,0,,,N_LT_10_NO_SHORTLIST,0,,0,,0,
LIMIT_UP_CLOSE_BOARD_INTENT,TEMPORAL_DESCRIPTIVE,MARKET_RISK_REGIME,RISK_OFF,5,5,5,0.03663507459450598,0.04892887298747764,0.8,5,-0.09016017598087481,5,0.4,5,0.2,5,0.8,0.2,N_LT_10_NO_SHORTLIST,5,0.019083128123069743,5,0.002443399761439316,5,-0.09120714623833023
LIMIT_UP_CLOSE_BOARD_INTENT,TEMPORAL_DESCRIPTIVE,MARKET_RISK_REGIME,NEUTRAL,18,18,18,0.011513849406960014,0.04924741726575921,0.8333333333333334,18,-0.08344543631168373,18,0.5,18,0.16666666666666666,18,0.8333333333333334,0.16666666666666666,SMALL_SAMPLE_DESCRIPTIVE_ONLY,18,0.002630117854378937,18,-0.05010846471544303,18,-0.08449784550827129
LIMIT_UP_CLOSE_BOARD_INTENT,TEMPORAL_DESCRIPTIVE,MARKET_RISK_REGIME,RISK_ON,25,25,25,0.0022834925252085024,0.04934414141414142,0.76,25,0.007813075075661237,25,0.2,25,0.12,25,0.76,0.24,,25,-0.003976563326025483,25,0.014867246905881171,25,0.0066867464848499565
LIMIT_UP_CLOSE_BOARD_INTENT,TEMPORAL_DESCRIPTIVE,MARKET_RISK_REGIME,MISSING,0,0,0,,,,0,,0,,0,,0,,,N_LT_10_NO_SHORTLIST,0,,0,,0,
LIMIT_UP_CLOSE_BOARD_INTENT,TEMPORAL_DESCRIPTIVE,STYLE_REGIME,TREND_DOMINANT,15,15,15,-0.0029822371217610557,0.04909482964224872,0.7333333333333333,15,-0.020120286299538364,15,0.2,15,0.13333333333333333,15,0.7333333333333333,0.26666666666666666,SMALL_SAMPLE_DESCRIPTIVE_ONLY,15,0.011343127353689718,15,0.0009625230581757955,15,-0.0212239888676357
LIMIT_UP_CLOSE_BOARD_INTENT,TEMPORAL_DESCRIPTIVE,STYLE_REGIME,MIXED,14,14,14,-0.01455680674625146,0.04913816532673676,0.7142857142857143,14,-0.015929649715857832,14,0.2857142857142857,14,0.14285714285714285,14,0.7142857142857143,0.2857142857142857,SMALL_SAMPLE_DESCRIPTIVE_ONLY,14,-0.028572841857237713,14,0.007723123478685917,14,-0.017036746699588004
LIMIT_UP_CLOSE_BOARD_INTENT,TEMPORAL_DESCRIPTIVE,STYLE_REGIME,SHORTLINE_DOMINANT,19,19,19,0.03663372772115574,0.049214330117899246,0.8947368421052632,19,-0.06487749821621397,19,0.47368421052631576,19,0.15789473684210525,19,0.8947368421052632,0.10526315789473684,SMALL_SAMPLE_DESCRIPTIVE_ONLY,19,0.014379818659974458,19,-0.03371661936831518,19,-0.06594494744265884
LIMIT_UP_CLOSE_BOARD_INTENT,TEMPORAL_DESCRIPTIVE,STYLE_REGIME,MISSING,0,0,0,,,,0,,0,,0,,0,,,N_LT_10_NO_SHORTLIST,0,,0,,0,
