candidate_id,security_id,trigger_date,strict_mechanical_hits,possible_hits_including_special,rsi_filter_status,disposition
7a052ba8fc75f2087b9e20fb0f48a967b6e73a1a03f8aaaefc51d09ef0397b3c,000002.SZ,2024-10-08,3,3,READY_PROVISIONAL,REJECTED_STRICT_PREDICATE
2f06d7ba1b08d9d816867ae261ac9d5b46fe6be03a70914d1b27eb396166f32e,000002.SZ,2024-10-09,3,3,READY_PROVISIONAL,REJECTED_STRICT_PREDICATE
a424acbed49bafaa3576fd879ad04c63e52af45546ad4b4a7c7b625f4f7289bc,000006.SZ,2024-10-24,4,4,READY_PROVISIONAL,UNRESOLVED_REGIME_OR_EXCEPTION
3056ff2db2010c19f85cd5b566ba720e9ea093befd6e79e49ab12f4db98b3436,000006.SZ,2024-10-25,4,4,READY_PROVISIONAL,UNRESOLVED_REGIME_OR_EXCEPTION
8b2462971b7be47fc64af168386b1075888403bfb23dd14b916c064ccf4a4236,000006.SZ,2025-10-13,3,3,READY_PROVISIONAL,REJECTED_STRICT_PREDICATE
54b0d71c5e9a1ada954e8252e7b4e91d86e55c1161f33a7260073ada9d76b847,000006.SZ,2025-10-14,3,3,READY_PROVISIONAL,REJECTED_STRICT_PREDICATE
52b8877feea3bf91c18a85a5946b1c4d04adc6b93bf9bbdf612ba05e4c430e3e,000006.SZ,2025-10-15,2,2,READY_PROVISIONAL,REJECTED_STRICT_PREDICATE
a45aeff0cebfb6075e45c32666682e2da001ca1b596d913ba9f7e8580e55cee3,000008.SZ,2024-12-05,4,4,READY_PROVISIONAL,UNRESOLVED_REGIME_OR_EXCEPTION
7294c91a9ff5d5413a4119f0ccea58d7f0f5dd75b0e9b92971c1397c3cdc4af1,000008.SZ,2024-12-06,4,4,READY_PROVISIONAL,UNRESOLVED_REGIME_OR_EXCEPTION
50018c80519a2963e2d370d5a15774bf68bab5ce85a70881244ea0d69f3a9a79,000014.SZ,2025-08-18,1,1,READY_PROVISIONAL,REJECTED_STRICT_PREDICATE
38a7f8107af6d285367317b64358bbc56b12273c6133f32c26abf4229bffd779,000016.SZ,2024-08-02,4,4,READY_PROVISIONAL,UNRESOLVED_REGIME_OR_EXCEPTION
8211de7678fdb7a589fe4ebb6b41a341afd8c3b8520b238818eb3fbb0db7c5a9,000016.SZ,2024-10-24,4,4,READY_PROVISIONAL,UNRESOLVED_REGIME_OR_EXCEPTION
2086950f7c2fdebf0bd0beca6bcf5d84fef042d6ea1c1fe8ba03f2eb59225c40,000016.SZ,2024-10-25,4,4,READY_PROVISIONAL,UNRESOLVED_REGIME_OR_EXCEPTION
dbecc7b5953b7e59d3548cabf852ec4c77aeb64bb2ced49a9ad69ffa4603e915,000016.SZ,2024-10-28,4,4,READY_PROVISIONAL,UNRESOLVED_REGIME_OR_EXCEPTION
dc1585c5372840a2a7565a25227412e1dd0e57df88ee51929c55280d1875e8dd,000016.SZ,2024-10-29,4,4,READY_PROVISIONAL,UNRESOLVED_REGIME_OR_EXCEPTION
9d6210739973e7cd84a4e6b37077858b6bab3150b00344c52914578f51f39a05,000016.SZ,2024-10-30,5,5,READY_PROVISIONAL,UNRESOLVED_REGIME_OR_EXCEPTION
ba5a2c4561c669c1378f8b7e7001c7ab0de44d82c8d30d3721ae2520cea56740,000016.SZ,2024-10-31,5,5,READY_PROVISIONAL,UNRESOLVED_REGIME_OR_EXCEPTION
f3d25a407ae3ea185602d378866a9ac660b2420366152cfb7b53f6df5ea52278,000016.SZ,2024-11-01,5,5,READY_PROVISIONAL,UNRESOLVED_REGIME_OR_EXCEPTION
6aed489829ff74bd8481c2d3e3e3a0e98c0e0d250b50cfb08e9bdbeae6a7e0e0,000016.SZ,2024-11-04,4,4,READY_PROVISIONAL,UNRESOLVED_REGIME_OR_EXCEPTION
7045e29cb3dbb01d4022416d597003f49e5eceab5f37f5df2c0c8fa635df488a,000017.SZ,2024-01-12,4,4,UNVERIFIED_WARMUP,UNRESOLVED_RSI_WARMUP
fcac8045db7d0d64f03b256e5b9996a70f1f9e99fbe43db73c10522b6d498656,000017.SZ,2024-01-15,5,5,UNVERIFIED_WARMUP,UNRESOLVED_RSI_WARMUP
e6228d6d96c6d40ce6381407af5e57f49242de4f58568b7b97e3a0c8ece97b3e,000017.SZ,2024-01-16,5,5,UNVERIFIED_WARMUP,UNRESOLVED_RSI_WARMUP
03bedc4302e90a00e387b1c0ddcf65f91504e272523c4ca409aad81ffc80d544,000017.SZ,2024-01-17,5,5,UNVERIFIED_WARMUP,UNRESOLVED_RSI_WARMUP
a40780d5084da98415c76ec2005f533e9580b8931e781c41b734a424a5f5398f,000017.SZ,2024-01-18,5,5,UNVERIFIED_WARMUP,UNRESOLVED_RSI_WARMUP
360d3cc85e1541f9b66eb24e9e10421559008133c5268343b102025cbc67bdd2,000017.SZ,2024-01-19,5,5,UNVERIFIED_WARMUP,UNRESOLVED_RSI_WARMUP
f23a88535bb6f8e1027ce1ad17e9e92b7e9fd2d029afec3a821d6cf7ed0b0f14,000017.SZ,2024-01-22,5,5,UNVERIFIED_WARMUP,UNRESOLVED_RSI_WARMUP
5dcc977a97b3b3d45e1cdfe59e6d189328d65952148a1334221459942cacc130,000017.SZ,2024-01-23,5,5,UNVERIFIED_WARMUP,UNRESOLVED_RSI_WARMUP
f4e7c7707420bea9e42da4138945948c6873a33447ac5dd95bb9b6a6a4d6408d,000017.SZ,2024-01-24,4,4,UNVERIFIED_WARMUP,UNRESOLVED_RSI_WARMUP
2f00152b9c2fe129f30a50f2b6c510e4883df6893dc2e8a638074ee1875fac2f,000017.SZ,2024-01-25,4,4,UNVERIFIED_WARMUP,UNRESOLVED_RSI_WARMUP
c2cb2105a1d0e726e980ed9ec2abf37f76e1b8ca7222eef86d0705c97b4cc644,000017.SZ,2026-08-25,4,4,READY_PROVISIONAL,UNRESOLVED_REGIME_OR_EXCEPTION
2b8e543a8dbc950b8366b6841abe35ca1f8be06b43141138db721855bdea67fd,000017.SZ,2026-08-26,5,5,READY_PROVISIONAL,UNRESOLVED_REGIME_OR_EXCEPTION
a125851e36f0148bb99596467203645b55c661f5d4352a8a79e2febe7cd6423e,000017.SZ,2026-08-27,5,5,READY_PROVISIONAL,UNRESOLVED_REGIME_OR_EXCEPTION
92c46c58bfc40b5607ea150df04369cad2f3c060f10b67f041c7d1ee971527c6,000017.SZ,2026-08-28,5,5,READY_PROVISIONAL,UNRESOLVED_REGIME_OR_EXCEPTION
30b627e432ce8026ad99f677bcb5d6e6bdb66f72954a5c7935975009fcaa9f0a,000017.SZ,2026-08-31,4,4,READY_PROVISIONAL,UNRESOLVED_REGIME_OR_EXCEPTION
75046f576240af395f9b5dcb50faf85894749c02c43c98a2673fec5ccb919daa,000020.SZ,2024-01-26,4,4,UNVERIFIED_WARMUP,UNRESOLVED_RSI_WARMUP
34ba7b5e89f0be775ed93723d1fc5259dd1706df87f84d1e5e15895a3ac5e5ed,000020.SZ,2026-03-19,4,4,READY_PROVISIONAL,UNRESOLVED_REGIME_OR_EXCEPTION
984101a9fc8dad81539846de453cb8b87a0ea2e1896fe1df074db8f29a99a631,000020.SZ,2026-03-20,5,5,READY_PROVISIONAL,UNRESOLVED_REGIME_OR_EXCEPTION
8756e26f92ee65b6508a9b8c46b68ff72837ba086f9e122efb43c939ce9421ee,000020.SZ,2026-03-23,4,4,READY_PROVISIONAL,UNRESOLVED_REGIME_OR_EXCEPTION
e9dd41cf09ef8d63d60de0433796a9cb3f71c4d1fbbc6728d53ec06355a257b2,000021.SZ,2026-06-30,2,2,READY_PROVISIONAL,REJECTED_STRICT_PREDICATE
a112ab94bb73751afcb8719cd203e1d9b01c3f0b7d023a4915abc70b55123a43,000026.SZ,2025-07-02,4,4,READY_PROVISIONAL,UNRESOLVED_REGIME_OR_EXCEPTION
bc4f35a92feb3c9ee2b8079393fad5803bb617bd76df9d8a6023e1ad882ac3d5,000026.SZ,2026-05-25,2,2,READY_PROVISIONAL,REJECTED_STRICT_PREDICATE
3d40191d1851cd11b09285d5a187e119a8faef520c5bfcc5605a8b628bd7177f,000029.SZ,2025-08-26,1,1,READY_PROVISIONAL,REJECTED_STRICT_PREDICATE
46b9989643a49fbc6064edb5ceb8bc8b73a982e5d82f33817ae669d320ef5a4b,000032.SZ,2026-06-16,4,4,READY_PROVISIONAL,UNRESOLVED_REGIME_OR_EXCEPTION
c62517a12ed253e08c9413c85981dcc3f17d2c35c03c9aa18f128521278e5897,000032.SZ,2026-06-17,4,4,READY_PROVISIONAL,UNRESOLVED_REGIME_OR_EXCEPTION
9e5e74598f134d2da9c4cb7a5483b7c1f96908d5e3731edc76233b4a1f411e6a,000032.SZ,2026-06-18,3,3,READY_PROVISIONAL,REJECTED_STRICT_PREDICATE
8ed9ec318b2e89f830beee03acae2feaf6f7968ffebc554895e60a243471ef99,000036.SZ,2025-12-25,3,3,READY_PROVISIONAL,REJECTED_STRICT_PREDICATE
c71b8358d92e42f0179f40857fa3b693dc4993eff6693d70e1e8f9d6fc8fef48,000036.SZ,2025-12-26,3,3,READY_PROVISIONAL,REJECTED_STRICT_PREDICATE
fff6e8c3585ba20ab949162a0f36adbca4f48c1ce70f105e3428cfa7356d557c,000036.SZ,2025-12-29,3,3,READY_PROVISIONAL,REJECTED_STRICT_PREDICATE
3fc4da4545d524fae21316db584dd9fb44a31944f8f994c9a37375b63d489e54,000048.SZ,2024-09-30,0,1,READY_PROVISIONAL,REJECTED_STRICT_PREDICATE
35976ea8902d9960c4c6f380d22366792106c8de1053b4076545c2a64390ea3c,000056.SZ,2024-02-27,3,3,UNVERIFIED_WARMUP,REJECTED_STRICT_PREDICATE
06a21419590d4d7fc803bd6c9a06285874d47ac18941abf58d8a9abb2d2138ce,000056.SZ,2024-10-08,0,0,READY_PROVISIONAL,REJECTED_STRICT_PREDICATE
752cbca61ce1482ba4fffa9c26bbe93db5d5835a84c8c411ad6af09ec96931d0,000056.SZ,2024-10-30,4,4,READY_PROVISIONAL,UNRESOLVED_REGIME_OR_EXCEPTION
2c3ceff1470e2347b63ed7fef2c4de7fa6e2e79f2bb7aba990520ff125a203af,000056.SZ,2024-10-31,4,4,READY_PROVISIONAL,UNRESOLVED_REGIME_OR_EXCEPTION
4e5dba6cf59b294232270cde22c188c574368955da856fbe9669709130ead6b8,000056.SZ,2024-12-05,4,4,READY_PROVISIONAL,UNRESOLVED_REGIME_OR_EXCEPTION
dc3c4521869e1399da74df690829b03756f885d1379c1400565cb5751ef49024,000056.SZ,2024-12-06,5,5,READY_PROVISIONAL,UNRESOLVED_REGIME_OR_EXCEPTION
dccbbe44c845ad53c061cc50095fa0a793abeeb6c113b72b499af3cc5c8e7870,000058.SZ,2024-10-30,4,4,READY_PROVISIONAL,UNRESOLVED_REGIME_OR_EXCEPTION
f255a8ccc73acf5f5cdfd0b41571589906473a519953c09cb595efe3675e3321,000058.SZ,2024-10-31,4,4,READY_PROVISIONAL,UNRESOLVED_REGIME_OR_EXCEPTION
1bed81212fb7c2732affe57387d74f0fe9e4acfa6f8f015b215e2ba5c41c32d8,000059.SZ,2024-10-25,0,0,READY_PROVISIONAL,REJECTED_STRICT_PREDICATE
c7ba80facb6223e5b9a2778b0932929d775b11f4afe559a93fcd08d20862e6f3,000062.SZ,2024-08-20,4,4,READY_PROVISIONAL,UNRESOLVED_REGIME_OR_EXCEPTION
6cd3c54ad5e6a949ec15be110347ae2a0cbbbd416472721652bbe4ab1b5f9173,000062.SZ,2024-08-21,5,5,READY_PROVISIONAL,UNRESOLVED_REGIME_OR_EXCEPTION
9d40d8cceccfc8853e9b59e8e67a874f05c6de7f7c9529cb487332aa2edc0c00,000062.SZ,2024-08-22,5,5,READY_PROVISIONAL,UNRESOLVED_REGIME_OR_EXCEPTION
0b5b809d7748d9cbf9e802ab59bbf683f0d4d2f49c8a0ca3483c570f08d4f7a3,000062.SZ,2024-08-23,5,5,READY_PROVISIONAL,UNRESOLVED_REGIME_OR_EXCEPTION
ccdd630f05511b6ff1e77d3057fa36fdc50cb6864897c311bc4788a07c52b3e3,000062.SZ,2024-08-26,5,5,READY_PROVISIONAL,UNRESOLVED_REGIME_OR_EXCEPTION
e5db50e948c747b1a195269bce6a6be4dd2a9a392bc61e632372312bbd046ccd,000062.SZ,2024-08-27,5,5,READY_PROVISIONAL,UNRESOLVED_REGIME_OR_EXCEPTION
5848edef7c8a588d323abb213ba3bad432fa1755af4d9af0bec9042a1a1b5e83,000062.SZ,2024-08-28,5,5,READY_PROVISIONAL,UNRESOLVED_REGIME_OR_EXCEPTION
039a403920bb069da033e333bffc290933adccd97a485aa30b1612d0475d8f32,000062.SZ,2024-08-29,4,4,READY_PROVISIONAL,UNRESOLVED_REGIME_OR_EXCEPTION
bfa2d09113ce0fffe2184d401d64fb1d9d194e373b15d04d041f43ab22976137,000062.SZ,2024-08-30,4,4,READY_PROVISIONAL,UNRESOLVED_REGIME_OR_EXCEPTION
a7f9cca62b6ca68e9cd151f2d4ec76ca2ba79ad1cf5ac705ff7f51c2f0c1701c,000062.SZ,2024-09-02,4,4,READY_PROVISIONAL,UNRESOLVED_REGIME_OR_EXCEPTION
2ed15e16e35ba4831dbdb3df9571c91d959ce401fee8414faad640b1a4f58104,000062.SZ,2024-09-03,4,4,READY_PROVISIONAL,UNRESOLVED_REGIME_OR_EXCEPTION
b57be87d2122012dd5819a5081879658f3a7093db83a4ef65e3ea2ad964e0c01,000062.SZ,2024-09-04,4,4,READY_PROVISIONAL,UNRESOLVED_REGIME_OR_EXCEPTION
2138a57590eaa10cf58f8cb4a1cf24147db5219ac133b4afc858c59e81269803,000062.SZ,2024-09-05,5,5,READY_PROVISIONAL,UNRESOLVED_REGIME_OR_EXCEPTION
3fabd0e1857ee110e0bc6322a0fb35262a3edac455649f8d0e895b18513093a2,000062.SZ,2024-09-06,5,5,READY_PROVISIONAL,UNRESOLVED_REGIME_OR_EXCEPTION
367a7252fdfe5d1dbd8c49153c718c678614fe8f2ccd3a348505b21c4b20de94,000062.SZ,2024-09-09,4,4,READY_PROVISIONAL,UNRESOLVED_REGIME_OR_EXCEPTION
e1e328ec830735609511bd7804bc5e37baf07cf9ec452cd9b30620fdd4a4e88a,000063.SZ,2025-08-22,0,0,READY_PROVISIONAL,REJECTED_STRICT_PREDICATE
77c4c392250623c128e14915358f721b7e6447973643be414deb358d5ef086d9,000066.SZ,2024-11-01,4,4,READY_PROVISIONAL,UNRESOLVED_REGIME_OR_EXCEPTION
b601ec50506d358454d0c2cefbe1a1fb55e84426a7c7e83bda9a5a7b4c4c41a5,000066.SZ,2024-11-04,4,4,READY_PROVISIONAL,UNRESOLVED_REGIME_OR_EXCEPTION
0333cb3f2980b1d02dd52f24c07da2ee5139d08fc2730a941e5b7bd94d6c033d,000066.SZ,2024-11-05,3,3,READY_PROVISIONAL,REJECTED_STRICT_PREDICATE
444251fc2543fbbdc89762b0e2cda066839cef69e1d28713f10a237807c22abc,000066.SZ,2024-11-06,3,3,READY_PROVISIONAL,REJECTED_STRICT_PREDICATE
317ff7ae5eadff548ee8bae9d29f449a7a51d88cdbe6d9bd661126b22004dc36,000066.SZ,2024-11-07,3,3,READY_PROVISIONAL,REJECTED_STRICT_PREDICATE
84205c82b1497bb51676d4c181f11034492994a18c802ff1e2bfda5beb27749f,000066.SZ,2024-11-08,3,3,READY_PROVISIONAL,REJECTED_STRICT_PREDICATE
1de0c91915f7238b52e994044a60bbbbd9338c29630ba7ca0226c3d93cd50fa1,000066.SZ,2024-11-11,3,3,READY_PROVISIONAL,REJECTED_STRICT_PREDICATE
1c7b250a3dc658a8d86c8c29cdaa7d497c85244e50bd03bbec16720df33c42e3,000066.SZ,2026-05-07,3,3,READY_PROVISIONAL,REJECTED_STRICT_PREDICATE
666b04ff0d64ef77dee15112a14e324a5a46f11eaf4b7619dd4fe724ff204979,000068.SZ,2024-01-29,4,4,UNVERIFIED_WARMUP,UNRESOLVED_RSI_WARMUP
c192c042bc63055657ed46d9c20c2b85976a7c6146c71fa09faca7e7aceefbc8,000068.SZ,2024-01-30,4,4,UNVERIFIED_WARMUP,UNRESOLVED_RSI_WARMUP
f1e1f0b7ee742da3de168356d0602344db51f7314c4bad1ac12ced698eac6a55,000069.SZ,2024-10-08,4,4,READY_PROVISIONAL,UNRESOLVED_REGIME_OR_EXCEPTION
2f2cec0f33c14627dee5fdf4a385836fc4ccd4779fca145d709fac5d6e4ca206,000069.SZ,2024-10-09,4,4,READY_PROVISIONAL,UNRESOLVED_REGIME_OR_EXCEPTION
0bcb07674124ee644c6b6f6f1b2a5a4014739a87fba5c813881ae591b1e118e0,000070.SZ,2024-01-25,4,4,UNVERIFIED_WARMUP,UNRESOLVED_RSI_WARMUP
3fa03885b3bb666af7cf0c055ac58ea33453a8902e869d6d6707be66aa9c0c87,000070.SZ,2024-01-26,5,5,UNVERIFIED_WARMUP,UNRESOLVED_RSI_WARMUP
b97ff171a96da134cd2fda883b50678d3a455cb758e31a32fa61f05d6c7973e1,000070.SZ,2024-01-29,4,4,UNVERIFIED_WARMUP,UNRESOLVED_RSI_WARMUP
578cc2d120a604f7864b59f07ecdd92be6cfb0a6ea277c134cd77e95b155c306,000070.SZ,2025-11-26,4,4,READY_PROVISIONAL,UNRESOLVED_REGIME_OR_EXCEPTION
3b943b59d89fb73fe33a0db7b6d3c93b8c2baf7206445c571fa8e580100dddae,000070.SZ,2025-11-27,4,4,READY_PROVISIONAL,UNRESOLVED_REGIME_OR_EXCEPTION
c799171a0ab302b9cc8b097b45ba013dc345f1cb2a071a685f942f05d5fb3700,000078.SZ,2025-12-01,4,4,READY_PROVISIONAL,UNRESOLVED_REGIME_OR_EXCEPTION
1cffdf8676d1cf6c770b246581d3d1c5ff2b4d3d8385cbe4ea19454fee51eb37,000078.SZ,2025-12-02,5,5,READY_PROVISIONAL,UNRESOLVED_REGIME_OR_EXCEPTION
cb9941b19ca2331d4ccfd979ec710fa9920a4e21174377aff804e196a2130f3e,000078.SZ,2025-12-03,5,5,READY_PROVISIONAL,UNRESOLVED_REGIME_OR_EXCEPTION
e54d103dc0796fb3da4e9fede864473fb061ebc3e94207a135869b92adab173b,000078.SZ,2025-12-04,4,4,READY_PROVISIONAL,UNRESOLVED_REGIME_OR_EXCEPTION
8f82837a70ebee21298c6d9354fe2b57ca972e58263893a513ec3d9321f0e9ee,000078.SZ,2025-12-05,4,4,READY_PROVISIONAL,UNRESOLVED_REGIME_OR_EXCEPTION
bd03b72f70381d8adcec0a9d2c2ac622b78b0607f378b47d854e98659d669c06,000078.SZ,2025-12-08,3,3,READY_PROVISIONAL,REJECTED_STRICT_PREDICATE
61db29fab3e3a19a42f706974b236e0e44174fb9cc30b560d414eec84daf0285,000096.SZ,2025-02-26,4,4,READY_PROVISIONAL,UNRESOLVED_REGIME_OR_EXCEPTION
1149483fb2666698ce7ececf33be89d9fc9a01c2efb79f46fb5aad0254f81f3f,000096.SZ,2025-02-27,4,4,READY_PROVISIONAL,UNRESOLVED_REGIME_OR_EXCEPTION
36aeb24fc59ce453486013d3d4809449f409f40249686daef768bc946653af93,000096.SZ,2025-02-28,4,4,READY_PROVISIONAL,UNRESOLVED_REGIME_OR_EXCEPTION
0f4903e51a97734d9db5358c1b20faa5f351a9f6777d97bcf9b0475412be2127,000099.SZ,2024-04-01,4,4,UNVERIFIED_WARMUP,UNRESOLVED_RSI_WARMUP
6b3146d33adc958c62296981b443bfb32bcfc135f843d1f08b75e48c222ea96d,000099.SZ,2024-04-02,4,4,UNVERIFIED_WARMUP,UNRESOLVED_RSI_WARMUP
9b437b0cb7f53a663084638a64811dca0d5da7c2328808dec6691688b87d545e,000099.SZ,2024-04-19,4,4,UNVERIFIED_WARMUP,UNRESOLVED_RSI_WARMUP
28f3cbfbc42c1247c5bfb338e1e302b26359b7d02a3a5aab94197cf27ce4730f,000099.SZ,2024-10-31,1,1,READY_PROVISIONAL,REJECTED_STRICT_PREDICATE
10b2ce35cbf72ef5b18f3b839756190c5034dc0aae8f38a7b269ffcb069841ee,000151.SZ,2024-01-29,4,4,UNVERIFIED_WARMUP,UNRESOLVED_RSI_WARMUP
e0aab692d857e4f33d2d0a247c6335c17c4b5163b39ef81f2c385cbd074b126a,000151.SZ,2024-01-30,4,4,UNVERIFIED_WARMUP,UNRESOLVED_RSI_WARMUP
259da65ecb1516f60f8c0e4a9a4da05046b276c396af5030a8cb9fa20899e888,000151.SZ,2024-10-31,1,1,READY_PROVISIONAL,REJECTED_STRICT_PREDICATE
c51b1da65488b1568f5492f06312cf84d70e826ecb4ea53f952394b213f3516e,000158.SZ,2024-09-20,3,3,READY_PROVISIONAL,REJECTED_STRICT_PREDICATE
a86883b5319411a78e0ee66ee40c41b49e066f491a0e5224c4b8b44e039a7ed8,000158.SZ,2024-09-23,3,3,READY_PROVISIONAL,REJECTED_STRICT_PREDICATE
12f61c64c556ead5e0c5bd83facc11c3bda8aab84e3e509b5889042ed8b6257f,000158.SZ,2024-09-24,3,3,READY_PROVISIONAL,REJECTED_STRICT_PREDICATE
cf1ccee7f7756359a0be7af517df188a5bfeea2c142552a039eedef107b58cd3,000158.SZ,2024-09-25,3,3,READY_PROVISIONAL,REJECTED_STRICT_PREDICATE
f5bc17fd7cb44c159236dc48117a06f19551b65fd291b38abcd12eef712303ce,000158.SZ,2024-10-10,3,3,READY_PROVISIONAL,REJECTED_STRICT_PREDICATE
6d6d4cf1aae3d6d6c6d4681347d305f31126d76efb5c5104389e45a944f50a8a,000158.SZ,2024-10-11,3,3,READY_PROVISIONAL,REJECTED_STRICT_PREDICATE
e169e329b2ce7d4123997f4667db33fbeae982d0795926dd8e2cea2a4e7e0c08,000158.SZ,2024-10-14,3,3,READY_PROVISIONAL,REJECTED_STRICT_PREDICATE
f0ac386688266bb0d27a1ef1403415baa01812fc6fd2e6f23f9e63c725ddd5f8,000158.SZ,2024-10-15,2,2,READY_PROVISIONAL,REJECTED_STRICT_PREDICATE
70664d5a927e1a6daaeace59e9b6b8950bb3ddce9bb5fdc4561258a282b56788,000158.SZ,2024-10-16,2,2,READY_PROVISIONAL,REJECTED_STRICT_PREDICATE
0ebdd5195913b96f572b6398353159b3b97e36a01ade1b2171b0d66c3d9b2ac7,000158.SZ,2024-10-17,2,2,READY_PROVISIONAL,REJECTED_STRICT_PREDICATE
a355d9f669873f58613a9c385744a86a8a40709b5d1d8cb6e44ab306355cbc2c,000158.SZ,2024-10-18,2,2,READY_PROVISIONAL,REJECTED_STRICT_PREDICATE
5e41a7d56dd2afc9ce9c24e8bcdbc7976903f3c654a19169421a15b8a132368b,000158.SZ,2024-10-21,1,1,READY_PROVISIONAL,REJECTED_STRICT_PREDICATE
3442a7cd8a9bb800fc7d7334b8036ff48e2a38e8a3a3d8c0f64d53d8b483f731,000158.SZ,2024-10-30,3,3,READY_PROVISIONAL,REJECTED_STRICT_PREDICATE
b80b4cd73fb203407104dfd1f2e97ee5309c1d04a567fa556e73fba65349b209,000158.SZ,2024-10-31,3,3,READY_PROVISIONAL,REJECTED_STRICT_PREDICATE
634411fe4f9389e71a1bce417ab372aac53aa00b191cd333ec885f90c61336e3,000158.SZ,2024-11-01,3,3,READY_PROVISIONAL,REJECTED_STRICT_PREDICATE
0428a814b9ef0328ab733461c1e79a9640ecbcc62a0a5a33c2481928dcb801b6,000158.SZ,2024-11-04,3,3,READY_PROVISIONAL,REJECTED_STRICT_PREDICATE
7216084f2f0918d1ed94ba8d87318f192eeee7422ff4a6a3b0cf68419ee2599e,000158.SZ,2025-02-12,3,3,READY_PROVISIONAL,REJECTED_STRICT_PREDICATE
735fd5f690ac60281ec56ea3e317de47d89a15a183bd481be8bca0a2ad9855c6,000402.SZ,2024-09-27,3,3,READY_PROVISIONAL,REJECTED_STRICT_PREDICATE
bd482d3b53d7bd4ff7b02c143317bf7b862f3b475a3dadae39bab0004e8b5a2a,000402.SZ,2024-09-30,4,4,READY_PROVISIONAL,UNRESOLVED_REGIME_OR_EXCEPTION
cba4aacded916f5e38722868fa000d4c62c96f1902dcb3d488d0fbd58109a564,000402.SZ,2024-10-08,5,5,READY_PROVISIONAL,UNRESOLVED_REGIME_OR_EXCEPTION
e4a08378852353c71bc09bcb079051b3a7936f0da318e105559ea1218c03c5da,000402.SZ,2024-10-09,4,4,READY_PROVISIONAL,UNRESOLVED_REGIME_OR_EXCEPTION
2295b3c633de5a0ff5016a9e5bfe83f238c3c42ccf0e56fc16a386c7c8b61eeb,000407.SZ,2025-11-14,4,4,READY_PROVISIONAL,UNRESOLVED_REGIME_OR_EXCEPTION
eb474a413d7f52a69883c4f93951034e351417cc9fc126b58590d2170a813dc9,000407.SZ,2025-11-17,5,5,READY_PROVISIONAL,UNRESOLVED_REGIME_OR_EXCEPTION
b60d46be6d742ba6940729d8dc982db8ee85b8c5c0eb03a78b1454349e1231d6,000407.SZ,2025-11-18,5,5,READY_PROVISIONAL,UNRESOLVED_REGIME_OR_EXCEPTION
b78fd50e68ca6f20f34f04e987e07d1f05096da18626860085bfeb10c35316ad,000407.SZ,2025-11-19,4,4,READY_PROVISIONAL,UNRESOLVED_REGIME_OR_EXCEPTION
43e150537a3269ff047beec871ddaa2af6ffbb6bd49576887a401d98d1df0848,000409.SZ,2025-03-06,4,4,READY_PROVISIONAL,UNRESOLVED_REGIME_OR_EXCEPTION
b9c9190db0ab6af471b0060e168cd89c2b68ef0b2967b4c29937e1eea3ed93c9,000409.SZ,2025-03-07,5,5,READY_PROVISIONAL,UNRESOLVED_REGIME_OR_EXCEPTION
f77cf38379b6acf9dbbb4cc0d240400ed12e7224397063c7e480821085e51613,000409.SZ,2025-03-11,3,3,READY_PROVISIONAL,REJECTED_STRICT_PREDICATE
5c7ccd8d956dacdb9d57b6fdcbbdfbd111a5825961c663eae7bf89063f70c785,000415.SZ,2024-09-30,0,0,READY_PROVISIONAL,REJECTED_STRICT_PREDICATE
421980cc5cdcba97917630ef2e87cc69aebdc6ba08fc7b71ea42a749d148f772,000415.SZ,2024-10-08,0,0,READY_PROVISIONAL,REJECTED_STRICT_PREDICATE
28b927a9252b134ecba60074e293d8535340efbc003c376527a325dc0fb98b71,000415.SZ,2024-11-05,4,4,READY_PROVISIONAL,UNRESOLVED_REGIME_OR_EXCEPTION
90f37816f6cd9b1a70a0f571c119919a2f80cae440b4cb236b2f358f40f5d17f,000415.SZ,2024-11-06,5,5,READY_PROVISIONAL,UNRESOLVED_REGIME_OR_EXCEPTION
bc3274125e07c079e962f24343706d754049491433f803e7149d5440aa26ebed,000415.SZ,2024-11-07,4,4,READY_PROVISIONAL,UNRESOLVED_REGIME_OR_EXCEPTION
20ac302cc0a25a8341960b066c00e970fa5705cce7e46b1e7ad66cdaec41ef78,000415.SZ,2024-11-08,4,4,READY_PROVISIONAL,UNRESOLVED_REGIME_OR_EXCEPTION
888bfe53308901c41f0098d76888270bc0be86b2f5fcd35aa9be47c311a4409e,000417.SZ,2026-05-22,4,4,READY_PROVISIONAL,UNRESOLVED_REGIME_OR_EXCEPTION
40c19bd34d48a2e34f12ee3fe5108fec6f7853da7aa59598d05b4d4206e3baef,000428.SZ,2026-07-31,4,4,READY_PROVISIONAL,UNRESOLVED_REGIME_OR_EXCEPTION
b9e5adca50b3c002129206af31fbbf3663654977c054066880c00ba82d5aaf07,000503.SZ,2024-10-09,2,2,READY_PROVISIONAL,REJECTED_STRICT_PREDICATE
79a4ebc48deaada9a98bf49f210f54092a1d9681ffafa3c422448fce311413a5,000503.SZ,2024-10-10,2,2,READY_PROVISIONAL,REJECTED_STRICT_PREDICATE
93b4e5932bec0022c691089376e1a5c6a04ba334fc85504c48a153dc7e62edc9,000503.SZ,2024-10-22,2,2,READY_PROVISIONAL,REJECTED_STRICT_PREDICATE
c50131d82ea9d8fc4524f4947e7afad63a755e364a0924be613097a38bc27202,000503.SZ,2024-10-23,3,3,READY_PROVISIONAL,REJECTED_STRICT_PREDICATE
0b9b8ebf257b35b85ff7419622b4884c905fc64ad093994b6433b6a29793a9b4,000503.SZ,2024-10-24,3,3,READY_PROVISIONAL,REJECTED_STRICT_PREDICATE
24169236418e1660e4a440069d69fcfecb79c74141084caaca5d0f5b94d90ed1,000504.SZ,2024-02-22,3,3,UNVERIFIED_WARMUP,REJECTED_STRICT_PREDICATE
0a29287e018c60add6c301eec4ec2a6b51263ca7c9a9264d35ef418d038d66c3,000504.SZ,2026-09-22,4,4,READY_PROVISIONAL,UNRESOLVED_REGIME_OR_EXCEPTION
1b8041e98751b7a122c2b752cf6ab449d39ec3dba3b9d33a9b1e9f510c21bab1,000504.SZ,2026-09-23,4,4,READY_PROVISIONAL,UNRESOLVED_REGIME_OR_EXCEPTION
e53d6bc02496120e73745a99db8ae714c89aa68a941e3abffbe0a722302342db,000506.SZ,2024-04-10,3,3,UNVERIFIED_WARMUP,REJECTED_STRICT_PREDICATE
358c56a41693812680b6047e7b3019799f1edfa955db3387874c177664ebe909,000506.SZ,2024-04-11,3,3,UNVERIFIED_WARMUP,REJECTED_STRICT_PREDICATE
74963a3f22524e0720f2da56cc27863599f1c4f19435195e56f9945ab8272f47,000506.SZ,2024-04-12,3,3,UNVERIFIED_WARMUP,REJECTED_STRICT_PREDICATE
96db4ea6530b2b058693db26da1509785b104c518c1f28802ab38a63b4aa2ea8,000506.SZ,2025-10-13,0,0,READY_PROVISIONAL,REJECTED_STRICT_PREDICATE
83f3761cdab9a2b5af32166640fb37dee576ee041ddbc68296f61ad506987428,000506.SZ,2025-10-15,1,1,READY_PROVISIONAL,REJECTED_STRICT_PREDICATE
9aafbc1387e083fee16dd21c78fbfa15dfacf6dca85c65117262e567067cce84,000506.SZ,2026-01-29,4,4,READY_PROVISIONAL,UNRESOLVED_REGIME_OR_EXCEPTION
d22af8c6166f3e200ab578b03ec9add0e21e3333598eead3859b0f04ed4b531d,000506.SZ,2026-01-30,4,4,READY_PROVISIONAL,UNRESOLVED_REGIME_OR_EXCEPTION
a0b5dd1b4a537954aae07013d97d6601f2b92a5d9dca48c9114e5bc750d44510,000506.SZ,2026-08-10,2,2,READY_PROVISIONAL,REJECTED_STRICT_PREDICATE
ad361344147ca853ad41d62eccecde0f0f5cb376894195c32ac02dffe1fa53cd,000506.SZ,2026-08-11,2,2,READY_PROVISIONAL,REJECTED_STRICT_PREDICATE
6dcbfc035d39b3b0abcd612e2eac63b2b491198cc18e28df23e915502096d9a4,000509.SZ,2024-08-13,4,4,READY_PROVISIONAL,UNRESOLVED_REGIME_OR_EXCEPTION
c1fbc51ec11c10e208f595e99adbc69be388604a2a75ed546b2ddeee43fb2045,000509.SZ,2026-05-28,4,4,READY_PROVISIONAL,UNRESOLVED_REGIME_OR_EXCEPTION
51a71b27efc6d9b8ed7570df3a868fbcc0a9a9de96cdfd3788bb52c3a79ba11b,000510.SZ,2025-04-15,3,3,READY_PROVISIONAL,REJECTED_STRICT_PREDICATE
113cad9b1bffa3bc52050f42c6966730c002182dfec214e8c9af726b1fdaf974,000510.SZ,2025-04-17,4,4,READY_PROVISIONAL,UNRESOLVED_REGIME_OR_EXCEPTION
e4c9682021ec5cd3ba8a747e9da07f97bbdd2b1f555a8c97464b5b3c0df69281,000510.SZ,2025-11-28,3,3,READY_PROVISIONAL,REJECTED_STRICT_PREDICATE
d249191e16c0d6df843b61d1c32601797233acb2934693f26fdb3c110d8203da,000510.SZ,2025-12-01,3,3,READY_PROVISIONAL,REJECTED_STRICT_PREDICATE
bb5865e620566f0404ad896cefcf92ce3a23c01e6a921d9c703382cda615cab2,000510.SZ,2026-01-21,1,1,READY_PROVISIONAL,REJECTED_STRICT_PREDICATE
ba3fe536b8e3abd3381ced4d6b388d372e0ee2ec95f4738221f5c46420526c6c,000510.SZ,2026-06-16,3,3,READY_PROVISIONAL,REJECTED_STRICT_PREDICATE
6365e1d573368888d49dfc23bdd5f386b28b1f56d9ca5a86a22e126ceaecfd77,000514.SZ,2024-05-22,2,2,UNVERIFIED_WARMUP,REJECTED_STRICT_PREDICATE
848388165c944500437498cf2acdfe636360e9262b516efa5eb09d0331a67834,000514.SZ,2024-05-23,3,3,UNVERIFIED_WARMUP,REJECTED_STRICT_PREDICATE
8f2368fd17db8ea3f4001f959d87094b64cc5d4f6f1647c8f4fb49c657af501a,000514.SZ,2025-07-10,4,4,READY_PROVISIONAL,UNRESOLVED_REGIME_OR_EXCEPTION
fc47a62516c8984d6fb43bd6721ce0a551294d4ed680104a313bb9fe81e9cbdd,000514.SZ,2025-07-11,4,4,READY_PROVISIONAL,UNRESOLVED_REGIME_OR_EXCEPTION
3807d96a7c69185a9e4eb5692ecd7d565c0d59b5b5fe2be58fa30c832d8eb49f,000516.SZ,2024-10-08,2,2,READY_PROVISIONAL,REJECTED_STRICT_PREDICATE
0156e9f580a315436c90016207d4e58dddc4d3bc7d366599b840d92e2750d862,000518.SZ,2024-02-23,1,1,UNVERIFIED_WARMUP,REJECTED_STRICT_PREDICATE
0f08777da214586142677d92f456b06d791ccf7da5566f7dbd5ba1d698555bc7,000518.SZ,2026-05-25,4,4,READY_PROVISIONAL,UNRESOLVED_REGIME_OR_EXCEPTION
03f67df45839306656f5cf195e40728f25c9cf1c6a1c59ac71f7bb22ec475874,000520.SZ,2024-10-30,4,4,READY_PROVISIONAL,UNRESOLVED_REGIME_OR_EXCEPTION
aac038b3ea73eb36090d9f08a4163b3b79c5fefdefb5b0a5c105cc328435b862,000520.SZ,2024-10-31,5,5,READY_PROVISIONAL,UNRESOLVED_REGIME_OR_EXCEPTION
a4ca4e071e0ba464d98fac723cf14905868f176d3b04e09ee96c24883ac76675,000520.SZ,2024-11-01,4,4,READY_PROVISIONAL,UNRESOLVED_REGIME_OR_EXCEPTION
66df8af2ce03270b0d41edd368e55330e97b8364c8142c1d2274c1135cd9187f,000520.SZ,2024-11-04,4,4,READY_PROVISIONAL,UNRESOLVED_REGIME_OR_EXCEPTION
39f8875af1f7e63b305f160a29a7eae3e4e240ae4c90b9ea8dd6242d4170335f,000520.SZ,2024-11-05,4,4,READY_PROVISIONAL,UNRESOLVED_REGIME_OR_EXCEPTION
504725a4cd1fdf3b064c1fb9f236db4401e6e680ae4420979f796948918b1644,000524.SZ,2025-04-08,2,2,READY_PROVISIONAL,REJECTED_STRICT_PREDICATE
ed296c074c4a4a65642ef46dc44db3381d18547564f49d5bb47c54f1cec60f67,000532.SZ,2025-02-06,3,3,READY_PROVISIONAL,REJECTED_STRICT_PREDICATE
a3e4385a31e733ffb4f6cafba6ea363a1175b27525d1d2a7307c7d5a5f100152,000532.SZ,2025-02-07,3,3,READY_PROVISIONAL,REJECTED_STRICT_PREDICATE
0f25278c8aec6954db75b2bcab99a7a298ed6cc3ec7908a6fe01a06ef4e8426c,000533.SZ,2024-12-31,4,4,READY_PROVISIONAL,UNRESOLVED_REGIME_OR_EXCEPTION
a076dae497d5230d43bf6e83dd71aecd054b2c464bb14d83b89356df79c9f275,000533.SZ,2025-01-02,5,5,READY_PROVISIONAL,UNRESOLVED_REGIME_OR_EXCEPTION
0fb18f0d672db339ffcb9e812490d240eca3dac71f447f0ae18f1eebdd8cc326,000533.SZ,2025-01-03,5,5,READY_PROVISIONAL,UNRESOLVED_REGIME_OR_EXCEPTION
2ad98595938f7b4598f1dc0389562f2bec6acfc3efc53257b29864d77cc84a0a,000533.SZ,2025-01-06,4,4,READY_PROVISIONAL,UNRESOLVED_REGIME_OR_EXCEPTION
bf1e6b391122931a6430973279e00cc45a6c7cd3c09d910c7d0e9b9ca727f1d8,000533.SZ,2025-01-07,4,4,READY_PROVISIONAL,UNRESOLVED_REGIME_OR_EXCEPTION
f270f7fe3248083fc15d8d37fe6628088b45ce43788627154477dd14ff030d79,000533.SZ,2025-01-08,4,4,READY_PROVISIONAL,UNRESOLVED_REGIME_OR_EXCEPTION
d91a9d6cb5be8704cfb628a54959bf52fef05ca143898cb73ce0e30b44dea051,000533.SZ,2026-03-09,4,4,READY_PROVISIONAL,UNRESOLVED_REGIME_OR_EXCEPTION
df2d1f0be7525819a219e1c82fa6b624f99aed2785a13ea14263ebf790ba1e18,000533.SZ,2026-03-10,4,4,READY_PROVISIONAL,UNRESOLVED_REGIME_OR_EXCEPTION
7022e9157a851a05a7a38507734622a1f23279f800914c655b2bafd22522da90,000533.SZ,2026-03-11,3,3,READY_PROVISIONAL,REJECTED_STRICT_PREDICATE
52cb827dc1a495d6ed6364f2d9b78b8c05a05083dd86271d21a836b65ba9e55d,000533.SZ,2026-03-12,2,2,READY_PROVISIONAL,REJECTED_STRICT_PREDICATE
99cd42a776c2437c2c2016b7446429af7e1e39e63dd662b0c270972fe1b5e008,000533.SZ,2026-07-29,4,4,READY_PROVISIONAL,UNRESOLVED_REGIME_OR_EXCEPTION
0be53f563798d429a139698b9ba77bf869166db51fe91c526e31ff397def927b,000534.SZ,2026-03-10,2,2,READY_PROVISIONAL,REJECTED_STRICT_PREDICATE
da9744e95510c2bc670b111c36f9baa745f61750862eb477fa32c2841e0e016e,000534.SZ,2026-03-11,2,2,READY_PROVISIONAL,REJECTED_STRICT_PREDICATE
ee00271c5c3d8db15f2e785dc928a25fa41940c307ce5b4f9769f5be40d5ca97,000536.SZ,2024-09-11,3,3,READY_PROVISIONAL,REJECTED_STRICT_PREDICATE
2e3eda6ac1d453e5d10d7c0b8e5f772363e990110982d207769b2deec41654be,000536.SZ,2024-09-12,4,4,READY_PROVISIONAL,UNRESOLVED_REGIME_OR_EXCEPTION
3052feb13094043e25d813407fcc9f4dfac8b555f938b93794d9dd683308fb08,000536.SZ,2024-09-13,5,5,READY_PROVISIONAL,UNRESOLVED_REGIME_OR_EXCEPTION
ee5a04dc011a91deb3a897d55b611dd72729ea1126ce972d9af0f308a2332c3d,000536.SZ,2024-10-30,4,4,READY_PROVISIONAL,UNRESOLVED_REGIME_OR_EXCEPTION
d496e1b03ccc45f292ad0506bd39b9d7c8c55d320a6e09ac286e9cb051a4a5f5,000536.SZ,2024-10-31,5,5,READY_PROVISIONAL,UNRESOLVED_REGIME_OR_EXCEPTION
4765a534cdd8eb4dc903d4260b45455ee00a5c72007001f67905eed550192682,000536.SZ,2024-11-01,5,5,READY_PROVISIONAL,UNRESOLVED_REGIME_OR_EXCEPTION
11144c7a466c4bcafbc08356b90a4ee604f65d7547c457464cbd7864f39cccdb,000536.SZ,2024-11-04,5,5,READY_PROVISIONAL,UNRESOLVED_REGIME_OR_EXCEPTION
b402de08c472b0594bab0f70926dd427380d3b8a9144b5a4ce0f768f7c5b98fa,000536.SZ,2024-11-05,5,5,READY_PROVISIONAL,UNRESOLVED_REGIME_OR_EXCEPTION
db78eeabdd34645e88f6fedbe109f15df2b621b75f94dd3026de650bf8306fa2,000536.SZ,2024-11-06,5,5,READY_PROVISIONAL,UNRESOLVED_REGIME_OR_EXCEPTION
ad5328be35971cc13ffe1632fdaa19c3bab8fc996ffc0d37f0bef2c4499489b2,000536.SZ,2024-11-07,5,5,READY_PROVISIONAL,UNRESOLVED_REGIME_OR_EXCEPTION
4919a858d6c0ab2c9e3b225fc670f17b02e0096bb7e19df0f25b0b0a0a531493,000536.SZ,2024-11-08,4,4,READY_PROVISIONAL,UNRESOLVED_REGIME_OR_EXCEPTION
244633b1c5c2c996f44d9f49efdce4607ef3b35cfa63ab3bf136b2df9c8b592a,000539.SZ,2026-03-24,3,3,READY_PROVISIONAL,REJECTED_STRICT_PREDICATE
e1954986cee4c2776c174ad173e40b180dacc9337beb49567df4b3467ce281ef,000539.SZ,2026-03-25,3,3,READY_PROVISIONAL,REJECTED_STRICT_PREDICATE
6a4ec4bc3694771e9af6841a42ef56e4bfa778edf06a1d363aaba85c3e0d570e,000539.SZ,2026-06-01,4,4,READY_PROVISIONAL,UNRESOLVED_REGIME_OR_EXCEPTION
eeef34d4d3183e458209f2922721fdfe80fa67762b3963f81a7812dbb9260203,000546.SZ,2025-11-19,3,3,READY_PROVISIONAL,REJECTED_STRICT_PREDICATE
95ac5cef5eed04edd056c648c73fa2554c6bfa59c4159ca4468dc10616af283a,000547.SZ,2025-11-19,4,4,READY_PROVISIONAL,UNRESOLVED_REGIME_OR_EXCEPTION
28e7135ab05e84e0ac076bfdefec97089af19527e9d2793abaac7b9a015d976f,000547.SZ,2025-11-20,5,5,READY_PROVISIONAL,UNRESOLVED_REGIME_OR_EXCEPTION
efc0dc613fe6104c9f66edcc432337ed5d2ac3ca99df49f1952510a213292a56,000547.SZ,2025-11-21,4,4,READY_PROVISIONAL,UNRESOLVED_REGIME_OR_EXCEPTION
0cb764c8f31a23989dea8874e2fa18348343aad250c9876a5dc308acd606167f,000547.SZ,2025-11-24,4,4,READY_PROVISIONAL,UNRESOLVED_REGIME_OR_EXCEPTION
1f68f38248a97a0e5910f497f4ecd7a1896647df6d9d18a4bee090dc17cd672c,000547.SZ,2025-12-03,3,3,READY_PROVISIONAL,REJECTED_STRICT_PREDICATE
29e40f92baa14b128abb01ff8d656bf61946e114ebc0b50a3029e4238007b916,000547.SZ,2025-12-04,3,3,READY_PROVISIONAL,REJECTED_STRICT_PREDICATE
dd568bffa374f8de39ebb4efbe7b847815c17b07e00dcdf63aa46a075d69c0b7,000547.SZ,2025-12-05,3,3,READY_PROVISIONAL,REJECTED_STRICT_PREDICATE
d3006ea2bd898d77345d1178cba3c7064e079143806aba92a6f1632e2fc3ebb2,000547.SZ,2025-12-08,2,2,READY_PROVISIONAL,REJECTED_STRICT_PREDICATE
9b3ca29e02e1f002a35db5eaf7727be0ef8402148563e4ff6b97b5d9e523c805,000547.SZ,2025-12-09,1,1,READY_PROVISIONAL,REJECTED_STRICT_PREDICATE
dfee413c93475786af1cea301d454dc577cb0ef37122a1976a3a935b41053533,000550.SZ,2024-07-31,2,2,READY_PROVISIONAL,REJECTED_STRICT_PREDICATE
2637ae476bd0d5742c5d527e2b8295308ee8ae7206fa5b32fe78201bc0742fbb,000550.SZ,2024-10-08,1,1,READY_PROVISIONAL,REJECTED_STRICT_PREDICATE
1f44f1da90003d5e9ecf52491dec91161ab67fc4f108b26db35c1cb03fe7edac,000551.SZ,2025-12-25,4,4,READY_PROVISIONAL,UNRESOLVED_REGIME_OR_EXCEPTION
428fdc452832217c1fb985de1d7e12c7c7c1b038a1c47cc397a7030a9d42c3ff,000551.SZ,2025-12-26,4,4,READY_PROVISIONAL,UNRESOLVED_REGIME_OR_EXCEPTION
b71c79b41951e326869df4080fc3906a65df702a2e7e6402a911385b2b33e60c,000553.SZ,2024-10-24,3,3,READY_PROVISIONAL,REJECTED_STRICT_PREDICATE
6df443553b9e7a11da8185096d9cc340adfcddd43413390c7447668cd3b320b9,000553.SZ,2024-10-25,4,4,READY_PROVISIONAL,UNRESOLVED_REGIME_OR_EXCEPTION
90b2aa621d72009d8f061433b7a55913aa13e8a45291f9d30b9fe99c664be192,000553.SZ,2024-10-28,3,3,READY_PROVISIONAL,REJECTED_STRICT_PREDICATE
e7bb0a752732d7fda6f66526b525ec5e05849ffa19bdd08e8d5ad3691d7858c4,000553.SZ,2024-10-29,3,3,READY_PROVISIONAL,REJECTED_STRICT_PREDICATE
4dfd29598e07d9ecb8e88aae40e29d8d599e7928be9ae89f513444b8cd5c4b58,000555.SZ,2025-11-04,3,3,READY_PROVISIONAL,REJECTED_STRICT_PREDICATE
6b3568545777170f8b1ef0ba848880fb16bce4f01aa4743fd64de4e7b5331e28,000558.SZ,2024-12-16,4,4,READY_PROVISIONAL,UNRESOLVED_REGIME_OR_EXCEPTION
e1ba4c3fc58ce7a6e57ce76bf70ed84b4e7c89e1f02b4518436d31ce1332ea10,000558.SZ,2024-12-17,4,4,READY_PROVISIONAL,UNRESOLVED_REGIME_OR_EXCEPTION
b9c3b72e2fd8384a45c1d48011b63560f732ff8c5d474371fc44a48adcf5a573,000559.SZ,2025-09-18,4,4,READY_PROVISIONAL,UNRESOLVED_REGIME_OR_EXCEPTION
deb5a435e9ffab25489b6365be797c6e22fec548e2610e2da1bce462b1dc9f0b,000560.SZ,2024-05-20,3,3,UNVERIFIED_WARMUP,REJECTED_STRICT_PREDICATE
a638f8157a2d00ad57f1841cb67b5eafbb6787445aa8c64147171b9671a8cd31,000560.SZ,2024-05-21,3,3,UNVERIFIED_WARMUP,REJECTED_STRICT_PREDICATE
a5a36f5c5a5ffcae773f9dd86627f4f4da2106647573c1f45fc272f07f6136c8,000560.SZ,2024-05-22,4,4,UNVERIFIED_WARMUP,UNRESOLVED_RSI_WARMUP
de85d8469d6e09a6729fffe50fa0634a498b070464e594e72644bb746f0da484,000560.SZ,2024-05-23,3,3,UNVERIFIED_WARMUP,REJECTED_STRICT_PREDICATE
90f0fce1558254eb1d4a2f74cba42184d157774d9cf59bba46ad0fbb1662ec95,000560.SZ,2026-09-23,3,3,READY_PROVISIONAL,REJECTED_STRICT_PREDICATE
f71d1cca8b27ff68202450b1eb233e863c7d290ff668ac835926cd2ef98d3d3b,000561.SZ,2025-08-18,4,4,READY_PROVISIONAL,UNRESOLVED_REGIME_OR_EXCEPTION
b14d944bc7c83257edfda0486d27734a9cd65d92548174f1e3f6cc94fc19009f,000564.SZ,2024-11-08,4,4,READY_PROVISIONAL,UNRESOLVED_REGIME_OR_EXCEPTION
3bad561bf8b39f7b5af8006a1b69932daf31614b3435e593845cdc6f8021bea7,000564.SZ,2024-11-11,4,4,READY_PROVISIONAL,UNRESOLVED_REGIME_OR_EXCEPTION
d4829812c809dcbc8fe38fd63f8d07599c5139cb6a6b3bd7ece8691f06719d93,000564.SZ,2024-11-12,4,4,READY_PROVISIONAL,UNRESOLVED_REGIME_OR_EXCEPTION
6daeadbdc11fb60a7e71a1a0119f5abf0a3f51c03172b8a383f0bebda72dbc72,000564.SZ,2024-11-13,4,4,READY_PROVISIONAL,UNRESOLVED_REGIME_OR_EXCEPTION
b5daa77b3fad8aeb60043f8fa19c8434193793a0664d3c7be14c77e910b36953,000565.SZ,2025-04-30,4,4,READY_PROVISIONAL,UNRESOLVED_REGIME_OR_EXCEPTION
c568fc11ef578a5e39211f038d30f6ef07bd953c15263ce899b707788534c8f4,000565.SZ,2025-05-06,5,5,READY_PROVISIONAL,UNRESOLVED_REGIME_OR_EXCEPTION
4c7f8e116c4a4167c129bd251b2a04f64c747f95ce966658ef44e31055ff3f68,000565.SZ,2025-05-07,5,5,READY_PROVISIONAL,UNRESOLVED_REGIME_OR_EXCEPTION
d55dd1f5de16bfa2ac74659266d1966c8a6b8c03b86f174d4fe97cf4ea693c46,000565.SZ,2025-05-08,4,4,READY_PROVISIONAL,UNRESOLVED_REGIME_OR_EXCEPTION
2b66778ceeeab77ddd79380dd1b5de343371b9bca873368d760baea1eb56dd80,000565.SZ,2025-05-09,3,3,READY_PROVISIONAL,REJECTED_STRICT_PREDICATE
d34b73517cabd3f8d1b0dd275dc5940ebbe5d59227edcf53d1c4b0690d2f0524,000565.SZ,2025-05-12,2,2,READY_PROVISIONAL,REJECTED_STRICT_PREDICATE
b4b591b44775ca2812362e334a44b68698cce7e09336a87a4c817ed0e84195bb,000565.SZ,2025-05-13,1,1,READY_PROVISIONAL,REJECTED_STRICT_PREDICATE
87f0b8302085b20ff6a45a58bd687b0bc3bb43e4174ec9c382731e15db01c67f,000565.SZ,2025-05-14,1,1,READY_PROVISIONAL,REJECTED_STRICT_PREDICATE
26e198f199a3c96b19ee2e396dbe6fe547e87d3b2ef54ca3f16df9dce22f8b28,000565.SZ,2025-05-15,2,2,READY_PROVISIONAL,REJECTED_STRICT_PREDICATE
b123848ce06e8973dfbaf3a4fe5ecceb92d57e79e3fb2575ee7bd9ce9a902676,000565.SZ,2025-05-16,3,3,READY_PROVISIONAL,REJECTED_STRICT_PREDICATE
d9d564e8d7bc6e93ef113a9796fa4d1fa4ef2664cdd1515a5fa5a358292fe442,000565.SZ,2025-05-19,3,3,READY_PROVISIONAL,REJECTED_STRICT_PREDICATE
6f3c40cbef2d3b84d47f42e356bcd9b44840fefa36970e6447c9349ed07beb33,000566.SZ,2024-09-11,4,4,READY_PROVISIONAL,UNRESOLVED_REGIME_OR_EXCEPTION
5992293520469df8cfd3c39940af46f068d5893472206ed76fa09144be3e8f8f,000566.SZ,2024-09-12,5,5,READY_PROVISIONAL,UNRESOLVED_REGIME_OR_EXCEPTION
fb56807817a9bb187f32ccdee2a380a129058c44cfd00f7a545e66ead5f0794c,000566.SZ,2024-09-13,5,5,READY_PROVISIONAL,UNRESOLVED_REGIME_OR_EXCEPTION
7d74d0c80f19651dba1921ca0352108ed8aa5e2c7b921f38daf48846b7edcb7a,000566.SZ,2024-09-18,4,4,READY_PROVISIONAL,UNRESOLVED_REGIME_OR_EXCEPTION
212210f20f3075622495698d5c8aaa3809ecfde5ca4a2dee647de5a5c541d51f,000566.SZ,2025-06-04,2,2,READY_PROVISIONAL,REJECTED_STRICT_PREDICATE
6e27a3f2725222690b6227ee2b04878dd3d020e77cab9cbedfbe7ff569b26d15,000566.SZ,2025-11-20,3,3,READY_PROVISIONAL,REJECTED_STRICT_PREDICATE
4720eff3fd0fabe4cf5a45d87787cb72ccc40e00756160d7670b9941ed131a8b,000566.SZ,2025-11-21,2,2,READY_PROVISIONAL,REJECTED_STRICT_PREDICATE
b3fcb4de2eeb544573ec7b680b988da074eafd6288fbfa59a9bcd5eac67f988d,000566.SZ,2026-07-02,4,4,READY_PROVISIONAL,UNRESOLVED_REGIME_OR_EXCEPTION
2eb184d26d256629c96e08dd38d6e99e708a0a2de6bd6157e705f4d244bd5543,000566.SZ,2026-07-03,4,4,READY_PROVISIONAL,UNRESOLVED_REGIME_OR_EXCEPTION
e2801f2d4117ecc5a5f2efc7069de8eaf188928a5b43f40e2028f82f2b7b536e,000567.SZ,2024-09-27,2,2,READY_PROVISIONAL,REJECTED_STRICT_PREDICATE
765a2611cee8fea48e713e10fa274d638969426cc98c74ee9f82500ef4165372,000567.SZ,2024-09-30,3,3,READY_PROVISIONAL,REJECTED_STRICT_PREDICATE
843d62cdd92b053d44ce850897b51ffb17ac3a1ebb40d00cbcf7e387dfb806a4,000567.SZ,2024-10-08,3,3,READY_PROVISIONAL,REJECTED_STRICT_PREDICATE
24a83660155985d3d568225f7656beb9e625a9418d4bcd9558f5b5cffdb59cd6,000567.SZ,2024-10-09,2,2,READY_PROVISIONAL,REJECTED_STRICT_PREDICATE
2bd6da7fc7327cf8e69492d923558c0f901888e10fc1257478191ac35a47a8f2,000568.SZ,2024-09-30,3,3,READY_PROVISIONAL,REJECTED_STRICT_PREDICATE
747673f709f1c17611a0865572ec3a3ef2ad08dc0da42ffbcc13629fbc6f90e4,000568.SZ,2024-10-08,3,3,READY_PROVISIONAL,REJECTED_STRICT_PREDICATE
4eff638efa63483aa38356378bb3d8cf4633e45d749b1726767e7dbcfd286ec3,000571.SZ,2024-03-19,4,4,UNVERIFIED_WARMUP,UNRESOLVED_RSI_WARMUP
79052c1fb6a62f64c103bd4950b9b5eee14076ee5d5d0d894ffdf8d9eae423a4,000571.SZ,2024-03-20,5,5,UNVERIFIED_WARMUP,UNRESOLVED_RSI_WARMUP
68e4853a2830099c82a68276866913560a253e4a69aaa7af2697eb544da75b87,000571.SZ,2024-03-21,4,4,UNVERIFIED_WARMUP,UNRESOLVED_RSI_WARMUP
6533503869264000031312984cea64e1c682be7f3331bf38f5299224be32e992,000572.SZ,2024-11-04,3,3,READY_PROVISIONAL,REJECTED_STRICT_PREDICATE
6fd659b595008e6258202a07381ab2337236d0a9817659bff8d29bdaa5ac4c07,000572.SZ,2024-11-05,2,2,READY_PROVISIONAL,REJECTED_STRICT_PREDICATE
31968fffb2dbabb3ca8cc4012d438dfc72b56d2f34935f610854df47acfc74d2,000572.SZ,2024-11-06,2,2,READY_PROVISIONAL,REJECTED_STRICT_PREDICATE
f8621df9cfdcba026fbca1e9634f0ed862a42e7e2a0e2b0d46569a2cd1392d1a,000572.SZ,2025-11-05,4,4,READY_PROVISIONAL,UNRESOLVED_REGIME_OR_EXCEPTION
960ff7785b6cfd07c8d2c9371a5978125098b7174a6b68cfd41c6573d290788e,000572.SZ,2025-11-06,4,4,READY_PROVISIONAL,UNRESOLVED_REGIME_OR_EXCEPTION
59764573ffd4e0275c05589a29d5d4bdd316528d006ea22ebf63e5f9eeaa240f,000572.SZ,2025-11-07,4,4,READY_PROVISIONAL,UNRESOLVED_REGIME_OR_EXCEPTION
912ec6eb8d97186b12611692f5a617088ee1080c237f09d0674857a027ebf6b7,000573.SZ,2025-01-08,4,4,READY_PROVISIONAL,UNRESOLVED_REGIME_OR_EXCEPTION
34151751e9a780a9980df716814e992e92a0622a16a1996dea5b5f1be61da8bf,000573.SZ,2025-01-09,5,5,READY_PROVISIONAL,UNRESOLVED_REGIME_OR_EXCEPTION
6905c5ac0ebda8b9fa18d449a42e0f255d93b23e6cecd8a0c7fdc5b4fed5c7f4,000573.SZ,2025-01-10,5,5,READY_PROVISIONAL,UNRESOLVED_REGIME_OR_EXCEPTION
86b79f5695ff4f0f7a050839c964c3694c68b5dc630f3eb58a9a602d73cdf848,000573.SZ,2025-01-13,4,4,READY_PROVISIONAL,UNRESOLVED_REGIME_OR_EXCEPTION
c626ed1dd7acde66a0f9ce2b61bd4b4386c220fb7e0a411d48ba433309880712,000586.SZ,2024-03-01,4,4,UNVERIFIED_WARMUP,UNRESOLVED_RSI_WARMUP
c5dd2ede1fa6b091ba172df9404600f745ce23f0bcd5c34b0af59b3f841c0031,000586.SZ,2024-03-04,4,4,UNVERIFIED_WARMUP,UNRESOLVED_RSI_WARMUP
86bb3a9b667b5b1a56b5ba5bed3d35f09cdc27462cc0ad0dd6fd609d0ff5f0bd,000586.SZ,2024-03-05,4,4,UNVERIFIED_WARMUP,UNRESOLVED_RSI_WARMUP
86c33861655b0405c9264ffea7286cd115cfaad4618eaea46609983504ef2043,000586.SZ,2026-04-08,4,4,READY_PROVISIONAL,UNRESOLVED_REGIME_OR_EXCEPTION
3e49725b90828d4e9dd173d6f8b6ddfa8e0c16118b908b773d9b43cb13add13f,000586.SZ,2026-04-09,5,5,READY_PROVISIONAL,UNRESOLVED_REGIME_OR_EXCEPTION
ef86a53f1316a36c0a854bc386a291c92e8e4f629a8fa15d4cbb61236a3d6f8a,000586.SZ,2026-04-10,4,4,READY_PROVISIONAL,UNRESOLVED_REGIME_OR_EXCEPTION
cd48dc0a182b5dae7f700ba788063f5c1887d08cfc54c35e966433472bf8daea,000592.SZ,2025-10-28,4,4,READY_PROVISIONAL,UNRESOLVED_REGIME_OR_EXCEPTION
381ec258eb9a9483c205ce3071024effb5db169f8cfc624ca779464eaa473b2e,000592.SZ,2025-10-29,5,5,READY_PROVISIONAL,UNRESOLVED_REGIME_OR_EXCEPTION
ce961805367ae53088f48b9e09db285c1b996c924cbf8d0553aaabfaff7fdccd,000592.SZ,2025-10-30,4,4,READY_PROVISIONAL,UNRESOLVED_REGIME_OR_EXCEPTION
db7fd90f2b8381b52cbfe2070bd005c40c633d695680d75f7947acea5c1f270d,000592.SZ,2025-10-31,4,4,READY_PROVISIONAL,UNRESOLVED_REGIME_OR_EXCEPTION
f5429cd1a5b54c91835308a8e1b18cf5c184763774739b865e1c7a176b21cd59,000592.SZ,2025-11-03,4,4,READY_PROVISIONAL,UNRESOLVED_REGIME_OR_EXCEPTION
0f2dd6578ec6610a5471228785c66334c1797859d0e8b0b84cea229f9a40c709,000592.SZ,2025-11-04,4,4,READY_PROVISIONAL,UNRESOLVED_REGIME_OR_EXCEPTION
c21b2283463511a8c3192d78922078631fa5706fea65ac5038ca88aa1cfcccb3,000592.SZ,2025-11-05,4,4,READY_PROVISIONAL,UNRESOLVED_REGIME_OR_EXCEPTION
e0636030dfeacae6b0e8e5e5f1f1a442038aca04d6692f8f0f19472dcb5b21f2,000592.SZ,2025-11-06,4,4,READY_PROVISIONAL,UNRESOLVED_REGIME_OR_EXCEPTION
4edcba19d4f84112891eb3ec82b97eaa0e154ca6bd0cefcd49b68c8bec03ff91,000592.SZ,2025-11-17,3,3,READY_PROVISIONAL,REJECTED_STRICT_PREDICATE
deda98c532d0295194b1b48d7764e09297a8d2d366c11f7a203182cab59bffb7,000593.SZ,2026-01-13,2,2,READY_PROVISIONAL,REJECTED_STRICT_PREDICATE
536b9eb3f95d347a637ad2ef16f2dc75591db77df4e3697996c9b3b2d20b07ab,000593.SZ,2026-01-14,3,3,READY_PROVISIONAL,REJECTED_STRICT_PREDICATE
c7467aa740756b982e1d421248f6975d0f62ddf48212477e2289760d409fdfa2,000593.SZ,2026-01-15,3,3,READY_PROVISIONAL,REJECTED_STRICT_PREDICATE
791e8b3ef0d1b29502689058a699e2873b483fc109c37cd0651f7d3ddb6da9ba,000593.SZ,2026-04-28,3,3,READY_PROVISIONAL,REJECTED_STRICT_PREDICATE
fa2efafc66585386dbb45dfc5aa9a03e42693c75bfd59a276225775a919c2ac1,000593.SZ,2026-04-29,3,3,READY_PROVISIONAL,REJECTED_STRICT_PREDICATE
ecdde2fa75eac45c59ba06d1f0a272c12329632291530814051a91a0b22748fc,000595.SZ,2024-09-24,4,4,READY_PROVISIONAL,UNRESOLVED_REGIME_OR_EXCEPTION
bf8b598d7647d5ecdf22af735e1e669b8c12113747cda8f25b19da9a8602ace3,000595.SZ,2024-09-25,4,4,READY_PROVISIONAL,UNRESOLVED_REGIME_OR_EXCEPTION
481a5a2b724af9ee0c37adea2264e931091ca0983c4a6fd799901c76c0da4493,000595.SZ,2024-09-26,4,4,READY_PROVISIONAL,UNRESOLVED_REGIME_OR_EXCEPTION
765ebde0a1ab6a8d67ac6d5cb068c710867348cfbdbc9f4c7399c33d0bbe1b23,000595.SZ,2024-09-27,3,3,READY_PROVISIONAL,REJECTED_STRICT_PREDICATE
f37269c8ec220d6a6186fc08f4fdec3b8ed60bd82f7031ce7ad69ed7ef0d526c,000595.SZ,2024-09-30,2,2,READY_PROVISIONAL,REJECTED_STRICT_PREDICATE
74c19dfe29051517e93c25379476e7430c1295a70767a0df967249fda9d36980,000596.SZ,2024-10-08,3,3,READY_PROVISIONAL,REJECTED_STRICT_PREDICATE
004883c778056ecbdbe7f22a8872f9d1a9063478dd73920e1f0c07494c419935,000597.SZ,2024-08-09,4,4,READY_PROVISIONAL,UNRESOLVED_REGIME_OR_EXCEPTION
c8a7f1e51a8274da994e5660513683016bb2c20ad3f597034bbf0e10d33681ea,000601.SZ,2026-03-25,4,4,READY_PROVISIONAL,UNRESOLVED_REGIME_OR_EXCEPTION
c602296302bb4cb75048e4a58a7b63c0f64f9a6a7117e08e1ec68244c7ef9853,000603.SZ,2026-01-27,2,2,READY_PROVISIONAL,REJECTED_STRICT_PREDICATE
099d69278d89f1a087bffe05ff593f00177d2dffd367fa13bbdd0d410c93bf48,000603.SZ,2026-01-28,3,3,READY_PROVISIONAL,REJECTED_STRICT_PREDICATE
21d52ee9470aef1433a11298c507f62268b0b7611906d5a3a793ca324795e220,000603.SZ,2026-01-29,3,3,READY_PROVISIONAL,REJECTED_STRICT_PREDICATE
ec702f4b37420cfb0e9db453e9061797dbfe74012b3512ade4755c4e7ad308ed,000603.SZ,2026-08-10,2,2,READY_PROVISIONAL,REJECTED_STRICT_PREDICATE
b663b8ec4e1716924740c53a88bba4f944eaaef102c2630f4591d6588637edd2,000605.SZ,2024-11-08,4,4,READY_PROVISIONAL,UNRESOLVED_REGIME_OR_EXCEPTION
6aee135535c79de7b156a78669c3bf1a9d369a2ba53b7783255070396d49a6ea,000605.SZ,2024-11-11,4,4,READY_PROVISIONAL,UNRESOLVED_REGIME_OR_EXCEPTION
030537321a79039fcbe22c45e4bba8b34dd787151a3c26aa1d071fd939368a10,000605.SZ,2024-11-12,3,3,READY_PROVISIONAL,REJECTED_STRICT_PREDICATE
81feba4b8632835dcbb79a4211f8ef93282a9ba919cd9a39a882c253f35910d9,000605.SZ,2024-11-20,4,4,READY_PROVISIONAL,UNRESOLVED_REGIME_OR_EXCEPTION
c03de9ec4d91c410d4687fcd5e4ddf62711b82db0ab6edf6b4f58069423c1b24,000605.SZ,2024-11-21,4,4,READY_PROVISIONAL,UNRESOLVED_REGIME_OR_EXCEPTION
18acfc8a00a73b8cecc11192c4669ae0a4e21dd339a351add684953ab14713ad,000605.SZ,2024-11-22,5,5,READY_PROVISIONAL,UNRESOLVED_REGIME_OR_EXCEPTION
662e9d202be3971f3d442e39a6f3b6a8716b821e80215bba04c71a5c500760d1,000605.SZ,2024-11-25,4,4,READY_PROVISIONAL,UNRESOLVED_REGIME_OR_EXCEPTION
8648ac659f25568a5869a77a277794bd7f5113078b703d78a2fcf33afce5e992,000607.SZ,2025-07-11,4,4,READY_PROVISIONAL,UNRESOLVED_REGIME_OR_EXCEPTION
39a78abd109af5f5965e2583c1d8f1eed453989e27ee9df30812ee492527ab90,000608.SZ,2024-09-27,4,4,READY_PROVISIONAL,UNRESOLVED_REGIME_OR_EXCEPTION
0587d349c420eb4b64199b6ff95cca8733ef335b2e5b564d0d7e0e277d1491a9,000608.SZ,2024-09-30,5,5,READY_PROVISIONAL,UNRESOLVED_REGIME_OR_EXCEPTION
fb80161fbe7c85bd6ee9fd98ebe233ec57941624683586f605aeeddeff7ceb19,000608.SZ,2024-10-08,5,5,READY_PROVISIONAL,UNRESOLVED_REGIME_OR_EXCEPTION
9d4455b9bad60e5fb88bbff20ad5832421e3515c31b3425fbcff7118ef55d4c5,000608.SZ,2024-10-09,4,4,READY_PROVISIONAL,UNRESOLVED_REGIME_OR_EXCEPTION
4a49c2bf3b750b1d07f08ee507e2aeedd6c5c07e0a14469e6d4dcb2f66535380,000608.SZ,2026-06-09,2,2,READY_PROVISIONAL,REJECTED_STRICT_PREDICATE
3625ca0004146cb3be26417ededb14ae03fccd3bd3d575924757b1e94e9ec098,000608.SZ,2026-06-10,2,2,READY_PROVISIONAL,REJECTED_STRICT_PREDICATE
b993d41a6473b63c53009e31da99c34ca9f41719846fdb7afbdb743251c66649,000608.SZ,2026-06-11,2,2,READY_PROVISIONAL,REJECTED_STRICT_PREDICATE
acd3d4ae3a2e6ab3366d4bf4657ff52ddb5a74744cc3fa5ea9c71e61f2f60c83,000612.SZ,2024-04-03,0,0,UNVERIFIED_WARMUP,REJECTED_STRICT_PREDICATE
37f19609afa3bd972c59c1af73bb174281564765385b4d0c904292f94e092711,000612.SZ,2024-04-08,0,0,UNVERIFIED_WARMUP,REJECTED_STRICT_PREDICATE
769c18bbd99df176cedd7f5d86c332e1476c69fd8ed6df935cb3a8b0af108ae8,000612.SZ,2024-04-09,0,0,UNVERIFIED_WARMUP,REJECTED_STRICT_PREDICATE
c8620a25c53f20984fcd3308ae9a1547667a88da2be1b4bf9602ca7b387c368e,000617.SZ,2024-09-30,2,2,READY_PROVISIONAL,REJECTED_STRICT_PREDICATE
002b0a2a3950dd5eb82bceea0d68f26400544b1adb931235bc14f9c20b355f39,000617.SZ,2024-10-08,3,3,READY_PROVISIONAL,REJECTED_STRICT_PREDICATE
724cd3d2b9c2ac7d853842a86ed38fb5a3ad7094f930504fa1bd9c08e17a352a,000617.SZ,2024-10-11,3,3,READY_PROVISIONAL,REJECTED_STRICT_PREDICATE
39cacdf5a15ff03e19accc610ef23aca3a85b5a81c5480fa054ecaa34e22f2f1,000617.SZ,2024-10-14,3,3,READY_PROVISIONAL,REJECTED_STRICT_PREDICATE
2665860a721ce26964bc2a970d0f3e2051b427b8e4fcc1d61884bf7fb73d1069,000617.SZ,2025-08-25,3,3,READY_PROVISIONAL,REJECTED_STRICT_PREDICATE
f972f31ec6e475e6e3670f7f76c3f8ba65e6b74c9cd7d5e1a40ac9aa90d865f9,000620.SZ,2024-05-24,4,4,UNVERIFIED_WARMUP,UNRESOLVED_RSI_WARMUP
78b5b942cd762b85ac9dbdb79172256f5c7ba4b9ec4c6927c7fd3b689f4e243b,000620.SZ,2024-05-27,4,4,UNVERIFIED_WARMUP,UNRESOLVED_RSI_WARMUP
9b533983a159cd9d73a9593463dab6881c5500eda50fee3eb79d9442583a4ff1,000620.SZ,2025-10-23,4,4,READY_PROVISIONAL,UNRESOLVED_REGIME_OR_EXCEPTION
09ca5dde3fef91549d09330f922521310386eb4b6ef78515d211f061f4017e3a,000620.SZ,2025-10-24,5,5,READY_PROVISIONAL,UNRESOLVED_REGIME_OR_EXCEPTION
659ee643472debac0e8c2c4aea080b8b5771512fcca4555c87441b59465d06ce,000620.SZ,2025-10-27,5,5,READY_PROVISIONAL,UNRESOLVED_REGIME_OR_EXCEPTION
d674657b80d3040241f636e9bcc548038936c334d7bb223c3b99af9865dfecbd,000620.SZ,2025-10-28,5,5,READY_PROVISIONAL,UNRESOLVED_REGIME_OR_EXCEPTION
bcc505fc0c2df2da67d5d1767a8269d6203fc655a17b3a6bf89aeae330a419d3,000620.SZ,2025-10-29,4,4,READY_PROVISIONAL,UNRESOLVED_REGIME_OR_EXCEPTION
4fdf5c477f6e93f5c1608d141120058e70759562e036575872b441a0b1200728,000626.SZ,2025-10-17,4,4,READY_PROVISIONAL,UNRESOLVED_REGIME_OR_EXCEPTION
fa5caccbcd0b9fb8fa185b12587b01b90d54f11179efa57cecb5eeff272b6fa5,000626.SZ,2025-10-20,5,5,READY_PROVISIONAL,UNRESOLVED_REGIME_OR_EXCEPTION
beb83316e2153083069bab9043cb247c06b970cb91261f09798141ac067016d6,000626.SZ,2025-10-21,4,4,READY_PROVISIONAL,UNRESOLVED_REGIME_OR_EXCEPTION
a87aa80b6f243a94c14368c33c31cc587294b8b37cbfebdac453bff748498476,000628.SZ,2024-02-20,3,3,UNVERIFIED_WARMUP,REJECTED_STRICT_PREDICATE
8bed5415845440792dc87981b35fa239257b9cf563a39dc112c0db2f7017d25b,000628.SZ,2024-02-21,3,3,UNVERIFIED_WARMUP,REJECTED_STRICT_PREDICATE
f4b6ecdf2edeb968f8fb7e5883ec579354d1ab6aadf7515222bc40574072c5b7,000628.SZ,2024-02-22,4,4,UNVERIFIED_WARMUP,UNRESOLVED_RSI_WARMUP
6c8579bc43dd7a2102ad83fe3bf1170d7316d56a5a0a8aba2d6ebb28a869a8ea,000628.SZ,2024-02-23,4,4,UNVERIFIED_WARMUP,UNRESOLVED_RSI_WARMUP
69eddc168fe10536d7500765753027f800827cdab59df251d1c2442c16db74da,000628.SZ,2024-02-26,3,3,UNVERIFIED_WARMUP,REJECTED_STRICT_PREDICATE
d7bb746cd140bc1a2dfc9165a460417a02c290c8113a464a33ef14403d75682f,000628.SZ,2024-02-27,3,3,UNVERIFIED_WARMUP,REJECTED_STRICT_PREDICATE
c6ea53e4bac2ce196a14376c089dd2bceaea6e91c65ec7f3ac3d626a159f5a82,000630.SZ,2026-01-29,4,4,READY_PROVISIONAL,UNRESOLVED_REGIME_OR_EXCEPTION
4041531cdf17832698d3e3424338c45a2f5f4461a0333e1be2861ec8898c060e,000632.SZ,2025-11-12,4,4,READY_PROVISIONAL,UNRESOLVED_REGIME_OR_EXCEPTION
f70b24cd93cd42f5f8d49e039f6a67f2431ce97e714864884492a7471ed6f9fd,000632.SZ,2025-11-13,5,5,READY_PROVISIONAL,UNRESOLVED_REGIME_OR_EXCEPTION
4b3919a6c8fd8d3ca982a24f57ecae823ed779161860f58ec0c49f59f3afed74,000632.SZ,2025-11-14,5,5,READY_PROVISIONAL,UNRESOLVED_REGIME_OR_EXCEPTION
df5125f0a28fc8e7fa3b0c19793b96285340446be8e88d82edbc14a0dc48d759,000632.SZ,2025-11-17,5,5,READY_PROVISIONAL,UNRESOLVED_REGIME_OR_EXCEPTION
9b1e315a0e710034db509730291c976a7a352005a9fa944814374c9571d52eed,000632.SZ,2025-11-18,4,4,READY_PROVISIONAL,UNRESOLVED_REGIME_OR_EXCEPTION
477b9ce914dfc41f7e5e69ef7c638a8b38b3cfdfc873f50374743b84e66b1b60,000636.SZ,2026-05-22,2,2,READY_PROVISIONAL,REJECTED_STRICT_PREDICATE
423414d19c97f7d48a44c6e5158995ad089697c9c5de646783a80e57008d2e94,000636.SZ,2026-05-25,3,3,READY_PROVISIONAL,REJECTED_STRICT_PREDICATE
5293c72fa77f4a5c947f3269e18b37f414e3e1e08e017ba5cf3fadfc2b1f7337,000636.SZ,2026-05-28,3,3,READY_PROVISIONAL,REJECTED_STRICT_PREDICATE
996eebbd7c51e1b8b56cff8cbe7e59bad39b12f5401022d1251d61afcae71d73,000636.SZ,2026-05-29,2,2,READY_PROVISIONAL,REJECTED_STRICT_PREDICATE
f6ccc8ec44840ee2e3350885ab980358c9fd6e951f079f65375a9113f0677a1a,000636.SZ,2026-06-02,1,1,READY_PROVISIONAL,REJECTED_STRICT_PREDICATE
49b186b7b73747312a0d4b9bc2852a8ad0d260da6f2ed1557a4af8ae6ebe166c,000639.SZ,2024-11-07,4,4,READY_PROVISIONAL,UNRESOLVED_REGIME_OR_EXCEPTION
3cda0dec86bc47c4507c0109267429261410d4a523d46b0848d946f1d2cdbaef,000639.SZ,2024-11-08,5,5,READY_PROVISIONAL,UNRESOLVED_REGIME_OR_EXCEPTION
2b605ae57de2b20d593add7a0ab74c277d83bfd13c6bb6ee2b6cf25ac91b07f5,000639.SZ,2024-11-11,4,4,READY_PROVISIONAL,UNRESOLVED_REGIME_OR_EXCEPTION
e5931fd673a000b6b5459b6fe9bbfc95ef6f94bf21a6ec87a3e1752e3ba2e23f,000656.SZ,2024-02-20,1,1,UNVERIFIED_WARMUP,REJECTED_STRICT_PREDICATE
1180f3e7d00304b5ca5c576e082676d375ce6c7fb4794cb23718a36d7d217093,000657.SZ,2025-07-25,2,2,READY_PROVISIONAL,REJECTED_STRICT_PREDICATE
f6c595edfa896b5a5b177b0d0255d776a5bba8955c6c8e6b5a55af056ccf3898,000657.SZ,2025-07-28,2,2,READY_PROVISIONAL,REJECTED_STRICT_PREDICATE
4f3d307cf4e74c8cb0ee5ee748b2f287fa4c921618c98a233ea19a650cd31874,000657.SZ,2025-07-29,1,1,READY_PROVISIONAL,REJECTED_STRICT_PREDICATE
652a6bdd7b13701726237ba6398e760159b9254e302c260f82fdff986f12e7de,000657.SZ,2025-10-30,2,2,READY_PROVISIONAL,REJECTED_STRICT_PREDICATE
a107edc0d06532fd6d981757e9866896d15558ef1d1f2b7af2b3b97290301d9d,000657.SZ,2026-06-22,3,3,READY_PROVISIONAL,REJECTED_STRICT_PREDICATE
f28224ecbacd610eb20db268ef20a2161e23bbae8df6f0c897d082962a628190,000659.SZ,2024-09-30,0,0,READY_PROVISIONAL,REJECTED_STRICT_PREDICATE
01dd498ad2557accf0d5f8429d7085b5cc380fd9a1f556d097827f7917bbfaca,000659.SZ,2024-10-08,0,0,READY_PROVISIONAL,REJECTED_STRICT_PREDICATE
3993f2124f9ec2267ffad5bcc5228af68b1b19752635229aff41d505a88f345c,000661.SZ,2024-10-08,3,3,READY_PROVISIONAL,REJECTED_STRICT_PREDICATE
9c1c61f704063907392abfe1c9edbda0180c431e37b6fab84f384841294017f0,000661.SZ,2024-10-09,3,3,READY_PROVISIONAL,REJECTED_STRICT_PREDICATE
4bb94c88325bfc3fc97d96acc44e63c36e8202a4c5a13986e788f93d17e0f4a7,000665.SZ,2025-03-11,4,4,READY_PROVISIONAL,UNRESOLVED_REGIME_OR_EXCEPTION
6e392e114c31e50016b1b051c11abf2a6032b515a8d12aa5ccc86afe6eb27062,000665.SZ,2025-03-12,5,5,READY_PROVISIONAL,UNRESOLVED_REGIME_OR_EXCEPTION
4d36cd71a7b4cd0af0eb310f54209674e7395f3ee1c9b5fcc13d1893fda96cc2,000665.SZ,2025-03-13,4,4,READY_PROVISIONAL,UNRESOLVED_REGIME_OR_EXCEPTION
ee05f3fd554bc689ce0cd92f02ed9b6e45492656e9e25207ea5565e9885e9572,000665.SZ,2025-03-14,3,3,READY_PROVISIONAL,REJECTED_STRICT_PREDICATE
9d263516b3b28cb6553f789fe4a096bde63ca6b6e1193b2dbbb31f5c12a1363a,000669.SZ,2026-02-25,0,0,READY_PROVISIONAL,REJECTED_STRICT_PREDICATE
c76a067713e7b40707455853ae069fe3bf47fdbf5410bbc684951de7f48a4b42,000669.SZ,2026-02-26,0,0,READY_PROVISIONAL,REJECTED_STRICT_PREDICATE
f3e3945c61b51384b5adfdc3408554530d8a3e99bcf2c031d985b9fc4e23da2b,000669.SZ,2026-02-27,0,0,READY_PROVISIONAL,REJECTED_STRICT_PREDICATE
ae516f8490472290417252c2b09e2009a597efe8e0c0389386cf894e1825596a,000669.SZ,2026-03-02,0,0,READY_PROVISIONAL,REJECTED_STRICT_PREDICATE
82d3b8c6ba5a5280d55bda89d8749cd0c0358e4da653e982cb9ad8afd5c18e69,000676.SZ,2024-10-23,3,3,READY_PROVISIONAL,REJECTED_STRICT_PREDICATE
6462833678057c21a38e3c7391608d21c2985e2d2b5dbec8d5fa3123526b0ff7,000677.SZ,2024-10-23,1,1,READY_PROVISIONAL,REJECTED_STRICT_PREDICATE
b62eb5c089ca363ba33713433bc740c0fb60ff0e977d5b0404c37bf486f9ecfe,000677.SZ,2024-10-29,3,3,READY_PROVISIONAL,REJECTED_STRICT_PREDICATE
1193215000528b3e15b8ff2a81991960bb3d7e2cb3037caa0d7b087adc807465,000677.SZ,2024-10-30,3,3,READY_PROVISIONAL,REJECTED_STRICT_PREDICATE
aa3e6b92b9d5c99c5318f53e0936aee757ce316067ce5c06037dfebce35978cb,000677.SZ,2024-10-31,3,3,READY_PROVISIONAL,REJECTED_STRICT_PREDICATE
e7cd930d69a9c926606112e80654400c8962fb20d491caff47866b681d2dde9d,000678.SZ,2025-03-13,4,4,READY_PROVISIONAL,UNRESOLVED_REGIME_OR_EXCEPTION
383a1320b7d3fbda33dca59b0a914836d3f75f8ea7b0b1e9d20e353afd00a078,000678.SZ,2025-03-14,4,4,READY_PROVISIONAL,UNRESOLVED_REGIME_OR_EXCEPTION
779f25087dc7373b36aa205fa580217313b47a371b1ab6770f035633cb9110a1,000678.SZ,2025-03-17,4,4,READY_PROVISIONAL,UNRESOLVED_REGIME_OR_EXCEPTION
d83da826d581580534fcc535c05ce7053273b8e47beb51bd3a81dcff4396cc35,000678.SZ,2025-03-18,4,4,READY_PROVISIONAL,UNRESOLVED_REGIME_OR_EXCEPTION
a39ef30dbc1ec36cdfeb4cfca5848107a3abf41bdd5a88c2b1059258fccd87bf,000678.SZ,2025-03-19,4,4,READY_PROVISIONAL,UNRESOLVED_REGIME_OR_EXCEPTION
18ce0ea2ca67f88cfade635acfa645a76ff6a745f137c94f901afd5b33d8b5b0,000678.SZ,2025-03-20,4,4,READY_PROVISIONAL,UNRESOLVED_REGIME_OR_EXCEPTION
6fe74332705328b63083b25e75de555234da3087f876dfc53e85b13b2a554e19,000678.SZ,2025-03-21,4,4,READY_PROVISIONAL,UNRESOLVED_REGIME_OR_EXCEPTION
f4e8a380ff20570f30887f740093325e7cb8c7290c3ba4f1ef4353af90c34d7a,000679.SZ,2024-12-16,3,3,READY_PROVISIONAL,REJECTED_STRICT_PREDICATE
9a4c88a2e9b50bc1dd7489f26b9bc7a67c517ed869f4684a4f3e6b6709733e34,000679.SZ,2025-07-30,0,0,READY_PROVISIONAL,REJECTED_STRICT_PREDICATE
e6dcd6b4058d81224de87a07674fea953a1e527fb82e414ba66c32dac2aa6241,000681.SZ,2024-12-09,3,3,READY_PROVISIONAL,REJECTED_STRICT_PREDICATE
0fc265d848288b724bd9e249c3f3ddaf20fc9ff01520792094e20893e5a0f21a,000681.SZ,2024-12-11,3,3,READY_PROVISIONAL,REJECTED_STRICT_PREDICATE
e27efbd33c02f1e70744fbe9191c09da009cb8bf9bb4e22c8299fa1dfe205f43,000681.SZ,2024-12-12,4,4,READY_PROVISIONAL,UNRESOLVED_REGIME_OR_EXCEPTION
355edafa671e9d5f808254cf0d92aed117776f55974fedcb9e280e56c906083e,000681.SZ,2024-12-13,4,4,READY_PROVISIONAL,UNRESOLVED_REGIME_OR_EXCEPTION
14e9ff143fb0fff61e330e4aad1d9a51f9b32b79ced24c62bd7108012858b0f1,000681.SZ,2024-12-16,3,3,READY_PROVISIONAL,REJECTED_STRICT_PREDICATE
eeab396135627feb6314028640f661209b1638a8c58ab7009f46103e908789b3,000681.SZ,2024-12-17,3,3,READY_PROVISIONAL,REJECTED_STRICT_PREDICATE
3cf0eafbc051d7662ed7d58235dd3051d3521a0e2c8f937f1b7be871cea5aaa4,000681.SZ,2024-12-18,2,2,READY_PROVISIONAL,REJECTED_STRICT_PREDICATE
3b1b8833eefe383bd6862d9cba7ea463c15acb7932880085868f6353c1e6d42c,000683.SZ,2024-09-30,1,1,READY_PROVISIONAL,REJECTED_STRICT_PREDICATE
6492e5aebc6adb49801b49ff5d190c8203692e2e8fe62201c9aa7e8bb04a3f8a,000686.SZ,2024-09-30,1,1,READY_PROVISIONAL,REJECTED_STRICT_PREDICATE
4a496768a1b4fadb46d0ff3bdad9d1ec77737d05a7492a95625b4388a8c43c57,000686.SZ,2024-10-08,2,2,READY_PROVISIONAL,REJECTED_STRICT_PREDICATE
0327593374cbc02bdc9ef97d0a7a58bc6bafc9b4e93406dfd5c6e57582cbe411,000686.SZ,2024-10-09,2,2,READY_PROVISIONAL,REJECTED_STRICT_PREDICATE
70afb3a95893ce8c4ead7eebea8638d103736d161f98ba1935b80cca93e54e6a,000688.SZ,2025-11-11,2,2,READY_PROVISIONAL,REJECTED_STRICT_PREDICATE
3d2be6556d432c2b5a380cd2cf8d1a184cbfcf2889e7e142430024bb7d8feff4,000688.SZ,2025-11-13,3,3,READY_PROVISIONAL,REJECTED_STRICT_PREDICATE
c01946615d56b4c0f6ce160ad812ca9f1e55c705947f32231561b925f1768907,000688.SZ,2026-03-27,1,1,READY_PROVISIONAL,REJECTED_STRICT_PREDICATE
f0db242e4fc5fd2ed19a36a12dd94c53628cf8b6dc2ecfe4d70451e94994e5b0,000691.SZ,2024-04-25,4,4,UNVERIFIED_WARMUP,UNRESOLVED_RSI_WARMUP
693f72c40431f69d48f96ba1cab88cadc10a808412285a33a8a7510a6d8a00ae,000691.SZ,2024-04-26,4,4,UNVERIFIED_WARMUP,UNRESOLVED_RSI_WARMUP
3b4d61110081d4a06c54da6e26d311d343042b2b9fddd78f7a6c6d7a07714bdf,000691.SZ,2025-05-07,2,2,READY_PROVISIONAL,REJECTED_STRICT_PREDICATE
ca056b159370a9fbc80da0b5102ebd279784b98410b40199b3aa73269fe21351,000691.SZ,2025-05-08,1,1,READY_PROVISIONAL,REJECTED_STRICT_PREDICATE
837e5d8d6e2a8c971560eafdd262427445c1356865c78a0cb4ba937272d2a846,000691.SZ,2025-05-20,0,0,READY_PROVISIONAL,REJECTED_STRICT_PREDICATE
ceabe18b9fa7b81910333b0d01c1b5a9d544321150f06c2e8e88664dc321e340,000691.SZ,2026-01-12,0,0,READY_PROVISIONAL,REJECTED_STRICT_PREDICATE
ee802fb269d52c19cf8aa6ae1472876f7b86d4b5656a64512dc363e86a0135be,000691.SZ,2026-01-13,0,0,READY_PROVISIONAL,REJECTED_STRICT_PREDICATE
21233416ffd1ba9d53b3651f7028297cc030bdb80fc49fc3d38de09869b73a23,000691.SZ,2026-01-14,0,0,READY_PROVISIONAL,REJECTED_STRICT_PREDICATE
ecd46c89a92b7c1bb98e02666d4a3b99cc60575634278bb57fbc84fe182d91c2,000695.SZ,2024-11-22,3,3,READY_PROVISIONAL,REJECTED_STRICT_PREDICATE
2cf1bfc56397b159a0fe7d5207124ba5fa741e656b6d50e37d24a7a802285deb,000695.SZ,2024-11-25,3,3,READY_PROVISIONAL,REJECTED_STRICT_PREDICATE
994bfcc7ef89cbde1ae652c221e2cf32e5a4ef2924dd18e5e84e50cbc10ba61a,000695.SZ,2025-05-22,4,4,READY_PROVISIONAL,UNRESOLVED_REGIME_OR_EXCEPTION
023a1cd49d19ec95144539c1fd7aed2945e93f84b8181e0cac82fd5ee4ee579e,000695.SZ,2025-05-23,5,5,READY_PROVISIONAL,UNRESOLVED_REGIME_OR_EXCEPTION
24507c5e428a4474cc101e656796c85492987367051509c43aa74706a1deeff5,000695.SZ,2025-05-26,4,4,READY_PROVISIONAL,UNRESOLVED_REGIME_OR_EXCEPTION
e6bd6a3de4a310a1424600bc69c4663c9b54f3111470eee5d4536ab1fe3308c8,000701.SZ,2024-04-01,3,3,UNVERIFIED_WARMUP,REJECTED_STRICT_PREDICATE
3a38c2f9e3cd8e650ce8e938275f8e889abe4a40f4556764ac27d8f7a740165b,000701.SZ,2024-04-02,4,4,UNVERIFIED_WARMUP,UNRESOLVED_RSI_WARMUP
ad06d31abce0cbc8b086c22b687e35df3c54394fcb3852ed4bc226ee5c619105,000701.SZ,2024-04-03,5,5,UNVERIFIED_WARMUP,UNRESOLVED_RSI_WARMUP
2bc934c413269358d2f3dc5c7b40b4f76a1f3a5f077d92f55eaeac6835ed0e98,000701.SZ,2024-04-08,4,4,UNVERIFIED_WARMUP,UNRESOLVED_RSI_WARMUP
761310552f07eceab07423444ff7c697515af4d4d889300caa3200e5bf3fdfdd,000702.SZ,2024-05-23,4,4,UNVERIFIED_WARMUP,UNRESOLVED_RSI_WARMUP
da225fb1cbef1d9678f70eaae87388080bbac3b405ef739a51c3e17ef8755c8d,000702.SZ,2024-05-24,5,5,UNVERIFIED_WARMUP,UNRESOLVED_RSI_WARMUP
7ad1b52306c180ae49bdc42dfa03cef49900645fab0c310d9c4c92e2e10de03c,000702.SZ,2024-05-27,4,4,UNVERIFIED_WARMUP,UNRESOLVED_RSI_WARMUP
1f61156706b16ea6879bb4db1884aadb20801e200a1bd1ee2e9ddfebaf7ea6f1,000703.SZ,2026-06-26,0,0,READY_PROVISIONAL,REJECTED_STRICT_PREDICATE
3bebcbdd940d0365f7ec12968f9879abfc01b13d8786cbae401ad3e3932ca5de,000710.SZ,2024-03-21,4,4,UNVERIFIED_WARMUP,UNRESOLVED_RSI_WARMUP
09622b36ce568e0805fdce25c0db80f35d50e5c3260e1b28ba80d04cb016bdfe,000710.SZ,2024-03-22,4,4,UNVERIFIED_WARMUP,UNRESOLVED_RSI_WARMUP
11b658150811b2bf20d631eba503602cb7948e047e0b01bd4c6c14d1b70ae6fe,000711.SZ,2026-02-25,0,0,READY_PROVISIONAL,REJECTED_STRICT_PREDICATE
71ab657b08c9a08fe45a359fcd38a0b126bd5f106d0fe89d45e1eea496f69c43,000712.SZ,2024-09-30,3,3,READY_PROVISIONAL,REJECTED_STRICT_PREDICATE
6bee719ba1cc0e525e10d47761b0d3bc4b6127f06bec29444560a97aeb193283,000712.SZ,2024-10-08,3,3,READY_PROVISIONAL,REJECTED_STRICT_PREDICATE
0c5fdeebebd65d8b405bf9333c49f6757d73587c42db3f1c9dbdc6dd6e34638c,000712.SZ,2024-11-29,4,4,READY_PROVISIONAL,UNRESOLVED_REGIME_OR_EXCEPTION
6062ed9e150d1a353f73429cc5fd6b31c80d7dd3b3ce6e7ae55a5067767db326,000712.SZ,2026-08-28,3,3,READY_PROVISIONAL,REJECTED_STRICT_PREDICATE
2c2a3d5a743062b84bf40b8bf32812f9b7502fc705a223d4c12f5ea30107368f,000712.SZ,2026-08-31,4,4,READY_PROVISIONAL,UNRESOLVED_REGIME_OR_EXCEPTION
b663da86d8dc91b6817069fc018327ed9f307f89ed28e055da35251979a7d7b2,000712.SZ,2026-09-01,4,4,READY_PROVISIONAL,UNRESOLVED_REGIME_OR_EXCEPTION
7548bd94a429bf8c4bc312fa833b5e9cbe63c7b7c7701d71380f9cee6cd27563,000715.SZ,2024-01-11,4,4,UNVERIFIED_WARMUP,UNRESOLVED_RSI_WARMUP
e3d7fd881e2502c8b875c7fe4c92c8156ce49401829e8ffb0d97ab20bf4aaa8e,000715.SZ,2024-01-12,4,4,UNVERIFIED_WARMUP,UNRESOLVED_RSI_WARMUP
4f8e4e4c2017a3374937b9975ab349bc094de9d57f9b69aaa43594e4bd37d7ef,000715.SZ,2024-01-15,3,3,UNVERIFIED_WARMUP,REJECTED_STRICT_PREDICATE
5488c88bc5496e5a9c8c9c856ed6612a652bb614a50fca02be98e6ef1302bf2b,000716.SZ,2024-11-06,4,4,READY_PROVISIONAL,UNRESOLVED_REGIME_OR_EXCEPTION
08a61d2a2cd9cd4473823d7de018bc1bf721e904c2f73cc30080e01533825771,000716.SZ,2024-11-07,5,5,READY_PROVISIONAL,UNRESOLVED_REGIME_OR_EXCEPTION
c4a30c334b155b5160d9c713c9926f2fcc9bcdeb625faff03b2a3af9ca30b000,000716.SZ,2024-11-08,5,5,READY_PROVISIONAL,UNRESOLVED_REGIME_OR_EXCEPTION
668feb59a97f5f3c67455e71602bbd92664c6e3227174a41ddb3c02c0dd84054,000716.SZ,2024-11-11,4,4,READY_PROVISIONAL,UNRESOLVED_REGIME_OR_EXCEPTION
2dbf40c59bcf8448f5c91f9a515d5c53918816f243e640e5e1bf49ce68ce8b29,000716.SZ,2024-11-12,4,4,READY_PROVISIONAL,UNRESOLVED_REGIME_OR_EXCEPTION
9e7b2c3a8899c4d6c58f7d6ef3e67b0394ad7a5cc419c127f7d7985af89bf788,000716.SZ,2024-11-29,3,3,READY_PROVISIONAL,REJECTED_STRICT_PREDICATE
96172d59a8f4f4efdcc17805aa7a41298c1f0f2ba18605086ea3f2c83950b98a,000716.SZ,2024-12-02,3,3,READY_PROVISIONAL,REJECTED_STRICT_PREDICATE
874303574a6d4d5c514db4fe6810898b4c5596ba60101b9aa7c7e1ea19cccd4e,000716.SZ,2024-12-03,4,4,READY_PROVISIONAL,UNRESOLVED_REGIME_OR_EXCEPTION
cde6572dfd791108aff0f46245fdfeb2ef9edeb611528364c0c1cf2ba760fe64,000717.SZ,2024-09-26,4,4,READY_PROVISIONAL,UNRESOLVED_REGIME_OR_EXCEPTION
30ed5541ad083f97d873f59fbdb7657a59afcbf138e4390de9883db3c12f7314,000717.SZ,2024-09-27,5,5,READY_PROVISIONAL,UNRESOLVED_REGIME_OR_EXCEPTION
63132ddfb0c09f5a5f1e0fcbdcb3c9f5fa78c6aadf690c3002560318d4352503,000717.SZ,2024-09-30,5,5,READY_PROVISIONAL,UNRESOLVED_REGIME_OR_EXCEPTION
61034ca1738e60f33c8a7a3c811746aad9f729107b3b1f7cb6b22457da32f4ca,000717.SZ,2024-10-08,4,4,READY_PROVISIONAL,UNRESOLVED_REGIME_OR_EXCEPTION
570d96b3401553da81e766610a7fcc4888774f10d96247904191285618cceae4,000717.SZ,2024-12-11,4,4,READY_PROVISIONAL,UNRESOLVED_REGIME_OR_EXCEPTION
d2bf93bebf3701ed407e5a615e954bedff189760805538b03bb407df2317de27,000718.SZ,2025-09-12,4,4,READY_PROVISIONAL,UNRESOLVED_REGIME_OR_EXCEPTION
f4e85e3de6b7207fde70ec1f61d8031f7ec8408ae45a6c94845a03ea08cf6e8a,000718.SZ,2025-09-15,4,4,READY_PROVISIONAL,UNRESOLVED_REGIME_OR_EXCEPTION
0eb174bfff2fe30fda4d54181b68e3bdbb7b6e4b45dc7ee6ec2fd4bc50105a21,000718.SZ,2025-09-16,3,3,READY_PROVISIONAL,REJECTED_STRICT_PREDICATE
139d2644fd940643671d84cfabbe727eea894a1c66a0bf529f59fad1a3dfce8a,000720.SZ,2026-03-27,4,4,READY_PROVISIONAL,UNRESOLVED_REGIME_OR_EXCEPTION
573ef0fd89d3178ab3a650a8a57b5b9e0ad77a971a8dcd8f9cd56c582fd4dfdf,000720.SZ,2026-04-07,4,4,READY_PROVISIONAL,UNRESOLVED_REGIME_OR_EXCEPTION
25f8efea3b8965ca1fd8cdf0f7d95b436f74f578263bf3c1a9767d7d683600c2,000725.SZ,2026-06-22,1,2,READY_PROVISIONAL,REJECTED_STRICT_PREDICATE
de6e023d7b01c13acaaaab13f7036a7b189408514a2c8da223acbbff937ddcd4,000728.SZ,2024-09-30,1,1,READY_PROVISIONAL,REJECTED_STRICT_PREDICATE
b695ddd74951de31a3ee4bf281cde4d8eada8d11f71617aa1c40ebcaa6b87c2b,000728.SZ,2024-10-08,2,2,READY_PROVISIONAL,REJECTED_STRICT_PREDICATE
76f44e0874b1841ea470305595673490b9f37f4ef1f7eb98fba17002e715019c,000728.SZ,2024-10-09,2,2,READY_PROVISIONAL,REJECTED_STRICT_PREDICATE
3ef71eaf9d9c64ec03312b7dddc97118d5436100528793569e850f62ff0dd3c3,000733.SZ,2024-10-08,2,2,READY_PROVISIONAL,REJECTED_STRICT_PREDICATE
6e7787ae1eb40bdca7dc799eac93ffad82fa4e77e172fc838ce8407fcbb60dce,000733.SZ,2024-10-09,2,2,READY_PROVISIONAL,REJECTED_STRICT_PREDICATE
b7d8ea58fca26bddb1bd210a9cf03534ba0ea6487cbf03d295396ee2df790286,000737.SZ,2024-04-02,2,2,UNVERIFIED_WARMUP,REJECTED_STRICT_PREDICATE
62201d71994ec4deb6ce00f5a767b580ab6598cd5e0945f3a402fa5f91f9a65a,000737.SZ,2024-04-03,3,3,UNVERIFIED_WARMUP,REJECTED_STRICT_PREDICATE
3f013dc7a13559d02aff91274b4acce7453ad26b2c18b1617fcf00e51bf3b1fc,000737.SZ,2024-04-08,3,3,UNVERIFIED_WARMUP,REJECTED_STRICT_PREDICATE
618ba203b4d2878017039c29d82e68ed91ad20b2bb63723dd6937fce957485c9,000737.SZ,2024-04-09,2,2,UNVERIFIED_WARMUP,REJECTED_STRICT_PREDICATE
638272ef48858d122775c88c6a78d9b5c824ca3cfadb126914abcc6b5d8eca35,000737.SZ,2025-07-02,1,1,READY_PROVISIONAL,REJECTED_STRICT_PREDICATE
bc3b39de53ee7cec2fe9588615a7e0caaca5e89c272a107d481ef569f700d0f8,000737.SZ,2025-07-03,1,1,READY_PROVISIONAL,REJECTED_STRICT_PREDICATE
d9dfe878cdd87ddb52bb824b6d097dfcaa96eea89f048d1e37a7d1b1cff7b315,000750.SZ,2024-09-27,4,4,READY_PROVISIONAL,UNRESOLVED_REGIME_OR_EXCEPTION
ce00d0ced5ca959e45a717d28cf1f5f6be110f2f5be30197c9fdb2ac0bc24b89,000750.SZ,2024-09-30,5,5,READY_PROVISIONAL,UNRESOLVED_REGIME_OR_EXCEPTION
c1258bf5cc787b824f3f8331da4d8ce1845abe9c60b5d9dd42ae58f372a92862,000750.SZ,2024-10-08,5,5,READY_PROVISIONAL,UNRESOLVED_REGIME_OR_EXCEPTION
5a391a900ada9691d6d39c1c0e6bf24c65c552bce83bdd172bf1338f350dfd4f,000750.SZ,2024-10-09,4,4,READY_PROVISIONAL,UNRESOLVED_REGIME_OR_EXCEPTION
2ed9d297728b0dbb2e78c2e3a8e194c8c72fed187340edf6558677ecd87da5a6,000751.SZ,2026-01-29,3,3,READY_PROVISIONAL,REJECTED_STRICT_PREDICATE
77102cf79b90b8855c95240ba0f3d1bc95c352fb699738025aed117a087e1cd6,000751.SZ,2026-03-02,1,1,READY_PROVISIONAL,REJECTED_STRICT_PREDICATE
099caa1db09ef814d94e3eb81313bb5f0048b6405fa74360535eb9a22718cf56,000753.SZ,2024-11-29,4,4,READY_PROVISIONAL,UNRESOLVED_REGIME_OR_EXCEPTION
b3e8e541a24657813c9dd85f33709deffbf223679b7e2bb574db2bc93dc453a1,000753.SZ,2024-12-02,5,5,READY_PROVISIONAL,UNRESOLVED_REGIME_OR_EXCEPTION
931f53effd136de4bf8d722956c6c45df8eb719375e554438eacd6e3dfdaf035,000753.SZ,2024-12-03,5,5,READY_PROVISIONAL,UNRESOLVED_REGIME_OR_EXCEPTION
0cfd42a3005b9acc106fe6d6e559947c8389613b23b954a13c142bc1485f5508,000753.SZ,2024-12-04,5,5,READY_PROVISIONAL,UNRESOLVED_REGIME_OR_EXCEPTION
0e636f767b39c96b0d41559576c6a5bbd4536806a0a7355b718c83f41e0128b5,000753.SZ,2024-12-05,4,4,READY_PROVISIONAL,UNRESOLVED_REGIME_OR_EXCEPTION
ecb25d7d40b45632726ac990629cbb4bfee841b4ff3872999b45d50c134bc867,000755.SZ,2024-08-23,3,3,READY_PROVISIONAL,REJECTED_STRICT_PREDICATE
4bd1a370d02234393c1fb45d2db79418324424a2f5204a6024a584003cfb380b,000759.SZ,2024-12-12,4,4,READY_PROVISIONAL,UNRESOLVED_REGIME_OR_EXCEPTION
e7fa5a8e76a8fc6f8bf20760ad6b433cb043426a0e89bad3e8016c9e1abba835,000759.SZ,2024-12-13,5,5,READY_PROVISIONAL,UNRESOLVED_REGIME_OR_EXCEPTION
c84408636c63a2e67215b74def21ca61ef54150f5a887e2389c61b637be79ab1,000759.SZ,2024-12-16,4,4,READY_PROVISIONAL,UNRESOLVED_REGIME_OR_EXCEPTION
c7c0a9eb200ba8c289b3568e71eaea1248634808ad5e510502acb064b48b6c97,000759.SZ,2024-12-17,3,3,READY_PROVISIONAL,REJECTED_STRICT_PREDICATE
2e7ddacee468ff3fd3d3e0ee6d7f826799c33b7c705061db0ee548c8fb4638eb,000759.SZ,2024-12-18,3,3,READY_PROVISIONAL,REJECTED_STRICT_PREDICATE
9ae359cee5c329f81c55bfdee776cbee92a4683c0c6ca2dd97e5a45dc6c0924e,000759.SZ,2024-12-19,3,3,READY_PROVISIONAL,REJECTED_STRICT_PREDICATE
dcdc46123181a0690791a5095bad11039fe08602fb997fbf933b3dc7a3172663,000759.SZ,2024-12-30,4,4,READY_PROVISIONAL,UNRESOLVED_REGIME_OR_EXCEPTION
8998c68f2eeb1b87c27d4bce836ed35f20c9abb104c4952ccd40b1c59299e33f,000759.SZ,2024-12-31,5,5,READY_PROVISIONAL,UNRESOLVED_REGIME_OR_EXCEPTION
41f39037871dffe25b3ff23cfaae7c58eaf0190a4e14c64f71f0bec003616364,000759.SZ,2025-01-02,5,5,READY_PROVISIONAL,UNRESOLVED_REGIME_OR_EXCEPTION
2e63218c88d0464b2e9235bbe6a7d8d84f18085a79fb18da7295e8c826fd16bf,000759.SZ,2025-01-03,4,4,READY_PROVISIONAL,UNRESOLVED_REGIME_OR_EXCEPTION
e6da2a892f805faeb6879bd1b6daf5688156337404ac28b392a045415ab6fcb5,000761.SZ,2024-09-30,2,2,READY_PROVISIONAL,REJECTED_STRICT_PREDICATE
95ff2c52647127c9f18a79defc058cf103d47be1a8d6ace770d34f7432eadcb0,000767.SZ,2026-03-27,2,2,READY_PROVISIONAL,REJECTED_STRICT_PREDICATE
b75f6b006246ede34d1df1e8f5e873ee750800ebd7a31407d752a58ee30b3d73,000783.SZ,2024-09-30,3,3,READY_PROVISIONAL,REJECTED_STRICT_PREDICATE
462cf0b9a615e399de20a465065b86b0660aa392898896f1781473c2a77c366c,000783.SZ,2024-10-08,4,4,READY_PROVISIONAL,UNRESOLVED_REGIME_OR_EXCEPTION
2ad3e21b6f814d659eec1f77b91d6bd892821bcc9aa014115cdafec319004ddc,000783.SZ,2024-10-09,4,4,READY_PROVISIONAL,UNRESOLVED_REGIME_OR_EXCEPTION
6cb3dd9130197fb45f084d54a5d68b2c40101854712d185ba71ea65cffdcf25a,000785.SZ,2024-12-12,4,4,READY_PROVISIONAL,UNRESOLVED_REGIME_OR_EXCEPTION
349a406b474c433fcad608b36bc091ff298d7bcd4dc09947e7263382593ff9cc,000785.SZ,2024-12-13,4,4,READY_PROVISIONAL,UNRESOLVED_REGIME_OR_EXCEPTION
ca50d22a3a0aff511071285d335dd4a55bd1cea43fdd03febb69bc519dd2f09c,000785.SZ,2024-12-16,5,5,READY_PROVISIONAL,UNRESOLVED_REGIME_OR_EXCEPTION
a02e51a9062d4e8b6b750c387597639d723146c874aeb14886a99aa31f5e5b13,000785.SZ,2024-12-17,4,4,READY_PROVISIONAL,UNRESOLVED_REGIME_OR_EXCEPTION
48996adfc270240ed3ca9ffea396156b2dacae546539ce751a697d4222ca4cf4,000785.SZ,2025-02-13,4,4,READY_PROVISIONAL,UNRESOLVED_REGIME_OR_EXCEPTION
be111cdfc548233220e9b25cc091ac09adbed11c9e59e15727936fb45ed76eaf,000785.SZ,2025-02-14,5,5,READY_PROVISIONAL,UNRESOLVED_REGIME_OR_EXCEPTION
50a1d094720751077627380daaea4afda2518a3f6580abb09827ccfd18bb373a,000793.SZ,2024-06-11,4,4,UNVERIFIED_WARMUP,UNRESOLVED_RSI_WARMUP
b92c9efbaa1dcc23a24e49d619bdac8bacbe6cf0cb4cb6663f17ba9f0da2046f,000793.SZ,2024-06-12,4,4,UNVERIFIED_WARMUP,UNRESOLVED_RSI_WARMUP
477841df2ba97655df7494af068c383ddc7075c39f9799fb4ec8202d50a3d786,000793.SZ,2024-06-13,4,4,UNVERIFIED_WARMUP,UNRESOLVED_RSI_WARMUP
bca0316e2e33c8b784c6687ba5798aaa514996d973b98adf578dd7812e590f2a,000793.SZ,2024-06-14,5,5,UNVERIFIED_WARMUP,UNRESOLVED_RSI_WARMUP
20d1665ae6740b897ca2ae619e196e4f8b3488b293475cf601a2f52bca79f88d,000793.SZ,2024-06-17,4,4,UNVERIFIED_WARMUP,UNRESOLVED_RSI_WARMUP
9de2cea467bc5da23b27774a28fc7184dc20a490238a94dfdbc443f13c2cd1b9,000793.SZ,2024-06-18,4,4,UNVERIFIED_WARMUP,UNRESOLVED_RSI_WARMUP
19d14891c2bce52f7c6f4a495f21f0415e3bbc62ac66a875751bf422fbe529a8,000793.SZ,2024-09-27,1,1,READY_PROVISIONAL,REJECTED_STRICT_PREDICATE
dcc6b072cbdf118fdfaab51a1426b148c3a3805e992ec27f276d8c47d292cbfc,000793.SZ,2024-09-30,1,1,READY_PROVISIONAL,REJECTED_STRICT_PREDICATE
0d629e1fbc8cd1f7f7c166e2362088c0e26ec6efdab65d4dadbe9b75ad001965,000793.SZ,2024-10-08,1,1,READY_PROVISIONAL,REJECTED_STRICT_PREDICATE
4c389734470026083f9686f946fda3e27ca94c0847d0ed16ba239525bddd67b8,000793.SZ,2024-10-28,4,4,READY_PROVISIONAL,UNRESOLVED_REGIME_OR_EXCEPTION
b1389afbf4a8cecc7a39980f09f2eba4b900391c220748b4a8cadedf388d2c48,000793.SZ,2024-11-08,3,3,READY_PROVISIONAL,REJECTED_STRICT_PREDICATE
82f6a2f41b2a21288d8f505d8ac24e6d757874e8213b0ae48e3723254db74c8c,000793.SZ,2024-11-11,3,3,READY_PROVISIONAL,REJECTED_STRICT_PREDICATE
c66377e96ab87a4bc71f3d43ec0949e8067310ce76d6567bbf6699687d4b47cd,000795.SZ,2024-11-05,4,4,READY_PROVISIONAL,UNRESOLVED_REGIME_OR_EXCEPTION
30e5424876daa91642e5ad1a151a23098b13a134414fad353c284c9ec58f6aa9,000795.SZ,2024-11-06,5,5,READY_PROVISIONAL,UNRESOLVED_REGIME_OR_EXCEPTION
210240d3b8062dd4ed2a08ce3103a2f4bd1de3600f7f6ec3b26748f7ab7733db,000795.SZ,2024-11-07,5,5,READY_PROVISIONAL,UNRESOLVED_REGIME_OR_EXCEPTION
31709bd7b3b93d3d13617f83b6f5eaf521c70b5f6318f7d3726e3870aefe973b,000795.SZ,2024-11-08,5,5,READY_PROVISIONAL,UNRESOLVED_REGIME_OR_EXCEPTION
1961c0b6cf85353a4d71e074c9bc8374990ea38f4b164648b33242b652952aaa,000795.SZ,2024-11-11,4,4,READY_PROVISIONAL,UNRESOLVED_REGIME_OR_EXCEPTION
fa1e0e59a40f41f8bb646e16794cac9a982a9bd93f0dcb673f7fae5fcd47b56b,000795.SZ,2024-11-12,4,4,READY_PROVISIONAL,UNRESOLVED_REGIME_OR_EXCEPTION
185c44a2aec80200b9df732b25baba16f09b0eb31fffd0413ba581475db29b9b,000796.SZ,2024-10-24,0,0,READY_PROVISIONAL,REJECTED_STRICT_PREDICATE
d30af79cdf89e660f654b857dae557f6cdfcea818f49903a317b2e615a357803,000796.SZ,2024-10-25,0,0,READY_PROVISIONAL,REJECTED_STRICT_PREDICATE
368047464a759b037ef871ffd2da6822f136b8a11ec8b00c2573ab68147ecb33,000796.SZ,2024-10-29,1,1,READY_PROVISIONAL,REJECTED_STRICT_PREDICATE
d585e938f3dc9d41a7d65e4321f9941c6a707c4de9f1c87aa1f7ee42699fa2a5,000798.SZ,2025-11-19,4,4,READY_PROVISIONAL,UNRESOLVED_REGIME_OR_EXCEPTION
085eb36beeb9c54e1338d643cd1df608c9cd60c3ada5326ffa5110d446699069,000798.SZ,2025-11-20,5,5,READY_PROVISIONAL,UNRESOLVED_REGIME_OR_EXCEPTION
d270f05e4d85bd68773abb1f2a816e9506dc5ecd119aee2bcde4d9ff593fc4c7,000798.SZ,2025-11-21,5,5,READY_PROVISIONAL,UNRESOLVED_REGIME_OR_EXCEPTION
5a900e133addfc0aa229a7467b418c201a7d947b4b91fbad7bfe9863f8f5513d,000798.SZ,2025-11-24,5,5,READY_PROVISIONAL,UNRESOLVED_REGIME_OR_EXCEPTION
9d2160e0ec5124faf96eaaebe858478d02dcd944e4a048111e7bf745eb781d33,000798.SZ,2025-11-25,4,4,READY_PROVISIONAL,UNRESOLVED_REGIME_OR_EXCEPTION
8b5a4ee61b43fa2d11a2b71af83f5e3d7a56bc8b2f045ac5a4f19ac77511b9b0,000799.SZ,2024-10-08,4,4,READY_PROVISIONAL,UNRESOLVED_REGIME_OR_EXCEPTION
5e38d455df9d6fdd39ef16840c58c403799a6fa4b9e465380b646fa7c33f886f,000799.SZ,2024-10-09,4,4,READY_PROVISIONAL,UNRESOLVED_REGIME_OR_EXCEPTION
4b3898f9ca98e0c4ebddd65c74bb2cadd10797dd491e85a1c21934cc8cd82bb2,000801.SZ,2024-03-06,3,3,UNVERIFIED_WARMUP,REJECTED_STRICT_PREDICATE
4173d88e4436d2aad3a25d100a3dcb3d9fe059e79ec8f8710c161f8084cce70f,000801.SZ,2024-11-21,4,4,READY_PROVISIONAL,UNRESOLVED_REGIME_OR_EXCEPTION
9e44208625606bf5d84d51dc8270742849e328bf5b53fba33269c3b09189210c,000801.SZ,2024-11-22,5,5,READY_PROVISIONAL,UNRESOLVED_REGIME_OR_EXCEPTION
c4d5347e70c91be94c23619c9cf9d10384d38588040267a568459f5e11d57d4b,000801.SZ,2024-11-25,5,5,READY_PROVISIONAL,UNRESOLVED_REGIME_OR_EXCEPTION
a6adfd1102d997960781e642a292c5e319187facb232d6b7bfbd6329631411ab,000802.SZ,2026-08-13,4,4,READY_PROVISIONAL,UNRESOLVED_REGIME_OR_EXCEPTION
4a5f267cc055442defeffc07c6eab78d411871c726f3cad94e5fb93edd3c8aa8,000802.SZ,2026-08-14,4,4,READY_PROVISIONAL,UNRESOLVED_REGIME_OR_EXCEPTION
518928717cfdce09650893e2b397a4f85a85e1d90493116abb6ade5b69dafec1,000811.SZ,2026-06-22,4,4,READY_PROVISIONAL,UNRESOLVED_REGIME_OR_EXCEPTION
fe13aaa2701d802a2e94f2ff552605b26827623c93aa1387e863099a3eb59a85,000811.SZ,2026-06-24,3,3,READY_PROVISIONAL,REJECTED_STRICT_PREDICATE
b682831e7486a11c34be10d93001141457552b126d61b0a31edb16a9f8391be4,000811.SZ,2026-06-25,2,3,READY_PROVISIONAL,REJECTED_STRICT_PREDICATE
ff359fa6e30448a6278fa75eec6648c2003063dffda3535c37371bff0b11f27c,000813.SZ,2024-12-12,4,4,READY_PROVISIONAL,UNRESOLVED_REGIME_OR_EXCEPTION
ac685a7c69932ac5f654d88795245ed0b0bf9dc74bb9f3d15824a84d9be3b225,000813.SZ,2024-12-13,4,4,READY_PROVISIONAL,UNRESOLVED_REGIME_OR_EXCEPTION
de0bc7cba8368132d56f00b9645538d4f93e8a65a07e15bab609c50f90e0e554,000815.SZ,2025-03-18,2,2,READY_PROVISIONAL,REJECTED_STRICT_PREDICATE
34717b86cf7ca6955aadef77f040b09106744638eabf5104df22ec3fa4016423,000816.SZ,2024-12-16,3,3,READY_PROVISIONAL,REJECTED_STRICT_PREDICATE
fbfc392614116c86eef32642226dfe36bf66f66a3fad934c8c0e016d78f6df7f,000816.SZ,2024-12-17,3,3,READY_PROVISIONAL,REJECTED_STRICT_PREDICATE
343dcd07a8428344c5b2cf8b1371bbd5e3859e7280f7f792e3bfc7252701a67d,000818.SZ,2024-10-08,1,1,READY_PROVISIONAL,REJECTED_STRICT_PREDICATE
e9f0635ea444544c216ea5688d72b392f8539289bee40193f13ff37938cf654e,000818.SZ,2025-02-07,4,4,READY_PROVISIONAL,UNRESOLVED_REGIME_OR_EXCEPTION
3777b351165ef8fd780cba7e318275a90392846d677061952ad31f5401a9fe40,000818.SZ,2025-02-10,5,5,READY_PROVISIONAL,UNRESOLVED_REGIME_OR_EXCEPTION
5e63f3e0302106fc35fd1057fb7930f2c27d7edc15234ef55de1c2d3c57e154c,000818.SZ,2025-02-11,5,5,READY_PROVISIONAL,UNRESOLVED_REGIME_OR_EXCEPTION
8a80e583b10951d1d02801da088f991e3034f799e6203fbccc5616457fed63fa,000818.SZ,2025-02-12,4,4,READY_PROVISIONAL,UNRESOLVED_REGIME_OR_EXCEPTION
bf7ec7d86485d8d5e2c4e00ada7db0e19a8cd6e090bcb0b6698f126cb8ce6b37,000818.SZ,2025-02-13,4,4,READY_PROVISIONAL,UNRESOLVED_REGIME_OR_EXCEPTION
dfe2761198a259ff5bc141b9e0ddb47cf18fe39cedfce50543187fe2b2c21c17,000818.SZ,2025-02-14,3,3,READY_PROVISIONAL,REJECTED_STRICT_PREDICATE
5c46fc708e96b91589850b96f0c4c9da63c795761178cfb8585e895bbf76ebaf,000818.SZ,2025-02-17,3,3,READY_PROVISIONAL,REJECTED_STRICT_PREDICATE
69c5ede70a3e49885cf10c69a61fd7f907a9992f11c5315ec088dbf35f131f2a,000818.SZ,2025-02-19,3,3,READY_PROVISIONAL,REJECTED_STRICT_PREDICATE
061358cf1fcea41d9ce3c4a0e8c017a23b62a752d551961daee5518d1dff35b0,000818.SZ,2025-02-20,3,3,READY_PROVISIONAL,REJECTED_STRICT_PREDICATE
f25b3d6ddc045e3fcd289bfb8208510459737e4ac334709b8a0d199989ecb4e2,000820.SZ,2026-08-04,4,4,READY_PROVISIONAL,UNRESOLVED_REGIME_OR_EXCEPTION
6a9ac0d902c2e3f755c70c1b6496af1c51a5b48b3c0341ca4d9b48d353c1cf93,000820.SZ,2026-08-05,4,4,READY_PROVISIONAL,UNRESOLVED_REGIME_OR_EXCEPTION
f56435ffed1ef3b64c81d149c6411f98fedc713c0e8de82e2dbf0f452e5e49a0,000823.SZ,2026-06-26,4,4,READY_PROVISIONAL,UNRESOLVED_REGIME_OR_EXCEPTION
17e96aacfc4992c587599bb78340cc12c91ac95f3293b456eba92c0d3e55bb45,000823.SZ,2026-09-15,3,3,READY_PROVISIONAL,REJECTED_STRICT_PREDICATE
18a620a2d5cf7e0e532bb0498d022cb7ff164b73d01727cd4067e6cb39a73498,000823.SZ,2026-09-16,3,3,READY_PROVISIONAL,REJECTED_STRICT_PREDICATE
6d92bc0bbbe73f870d9445c7d841b542b5064a5c07dc01e2bb0796fc209ba30d,000823.SZ,2026-09-17,2,2,READY_PROVISIONAL,REJECTED_STRICT_PREDICATE
ba734c8a6eec9a9cccbe9718cd11fbcd01892007ad1e917bb53f823932c8c63b,000826.SZ,2024-10-08,1,1,READY_PROVISIONAL,REJECTED_STRICT_PREDICATE
e47fe02b2dbe4ba1f15e88d682fdd2f9ab8eb77fed9e5e8437a1966955946b7f,000826.SZ,2025-06-04,3,3,READY_PROVISIONAL,REJECTED_STRICT_PREDICATE
4a0e59e2f0df9529a853836d4a67b2e439da12fe630cb550baf1be7e2862f685,000833.SZ,2024-11-13,4,4,READY_PROVISIONAL,UNRESOLVED_REGIME_OR_EXCEPTION
b96d088527a5f207b2e69f39b901cf2e9e19fbbe0132f11f1622c7cb86c21824,000833.SZ,2024-11-14,4,4,READY_PROVISIONAL,UNRESOLVED_REGIME_OR_EXCEPTION
ac53a6d6ecc939b4ac362c1154ed12af5ef1c884a76971c675e80eb89720e5aa,000833.SZ,2024-11-15,5,5,READY_PROVISIONAL,UNRESOLVED_REGIME_OR_EXCEPTION
e754b125069971b9cdc7b25ac8af3b300e532a85bc48725c4e3d5006bdec5390,000833.SZ,2024-11-18,5,5,READY_PROVISIONAL,UNRESOLVED_REGIME_OR_EXCEPTION
1467dcf85de1d88d1c83b9b5a4bc125a322af2562354cc35b5872e0db37231a3,000833.SZ,2024-11-19,5,5,READY_PROVISIONAL,UNRESOLVED_REGIME_OR_EXCEPTION
2367f110c7e516ef6001ac889e48fd85a13e1c225e94fa42c84eadbd034e721d,000833.SZ,2024-11-20,5,5,READY_PROVISIONAL,UNRESOLVED_REGIME_OR_EXCEPTION
c14ca0096ecb644af75fe10e058e93cbfec82d811a925512df5a521eb7d1b9dd,000833.SZ,2024-11-21,5,5,READY_PROVISIONAL,UNRESOLVED_REGIME_OR_EXCEPTION
9abb0e52ccb623ef8016be18576347d3b5a2e5e51fecfa5d882405ea2fad768b,000833.SZ,2024-11-22,5,5,READY_PROVISIONAL,UNRESOLVED_REGIME_OR_EXCEPTION
0861dc76b3af2b9e5283233bc9de8375c38f8374db858c86fa95a17f65242320,000833.SZ,2024-11-25,5,5,READY_PROVISIONAL,UNRESOLVED_REGIME_OR_EXCEPTION
0aa22ac0e45635a6d42f0bde8d1aa02e006769916d06d03ef0b3838a71f85e64,000833.SZ,2024-11-26,4,4,READY_PROVISIONAL,UNRESOLVED_REGIME_OR_EXCEPTION
e0f2e25ad0b2de2d4cf57cc51d452797773f54b2de0b61b21579763dc194cc3a,000833.SZ,2025-11-14,2,2,READY_PROVISIONAL,REJECTED_STRICT_PREDICATE
dfabcf250a75d173698fb560eb70e959a2b90a856281d18a6daee2afa3e1c2d4,000837.SZ,2024-10-08,0,0,READY_PROVISIONAL,REJECTED_STRICT_PREDICATE
4c93781549febdbfb96ffa43a67a69db664e26514bf0cd8f151501ac35b161d0,000852.SZ,2025-10-23,4,4,READY_PROVISIONAL,UNRESOLVED_REGIME_OR_EXCEPTION
f9662dd7773e05388702ce2b0abc84daa4cca10fb89b4684adfb60636cf32394,000856.SZ,2025-01-23,4,4,READY_PROVISIONAL,UNRESOLVED_REGIME_OR_EXCEPTION
1046d4cc79a32dd454615ded2d8c6856feba73c4b7ee1d9ebf052c910ae5c17e,000856.SZ,2025-01-24,5,5,READY_PROVISIONAL,UNRESOLVED_REGIME_OR_EXCEPTION
bfcfdab67df49924b5fdfb041a1cd2fd080fc374f07bd41e51348fcfe682efaf,000856.SZ,2025-01-27,5,5,READY_PROVISIONAL,UNRESOLVED_REGIME_OR_EXCEPTION
18986a9852ffbdbc846ab8b8c16e135a5958115a31dcceba61d014fc9b5fd002,000856.SZ,2025-02-05,4,4,READY_PROVISIONAL,UNRESOLVED_REGIME_OR_EXCEPTION
291b0b0bc4b26ca62fda81af2428ab5bb44ac25d48964b9a9883e298da2d9272,000856.SZ,2025-02-20,4,4,READY_PROVISIONAL,UNRESOLVED_REGIME_OR_EXCEPTION
293778f40802af5097fedd9fba953ec1aaefb8e41183ebb6401ca106a5bf9061,000856.SZ,2025-02-21,4,4,READY_PROVISIONAL,UNRESOLVED_REGIME_OR_EXCEPTION
4c466130fdca25cffff879decf118216ef5b6805390fd21bc05c950a396372fb,000858.SZ,2024-09-30,3,3,READY_PROVISIONAL,REJECTED_STRICT_PREDICATE
3838dd6fcbd3d97383e31c1fced6ec2ddb2d6c3504c55b269789be68acec1d33,000859.SZ,2024-06-13,4,4,UNVERIFIED_WARMUP,UNRESOLVED_RSI_WARMUP
a29a41000878a3074227afbc06496403ffdc9c4ea2b257ef97fe39983152e964,000859.SZ,2024-06-14,4,4,UNVERIFIED_WARMUP,UNRESOLVED_RSI_WARMUP
153b404e57cdfc98e3f271c603c95285e4360f7dbfd230c914093a505c0497f6,000859.SZ,2024-10-21,4,4,READY_PROVISIONAL,UNRESOLVED_REGIME_OR_EXCEPTION
1ba21afb67014891c0e3e186a5116157a8f762d29048cf8a3129b3c66a71335f,000859.SZ,2024-10-22,4,4,READY_PROVISIONAL,UNRESOLVED_REGIME_OR_EXCEPTION
09aad2da125005b68764ac50b41692a8178384282a9f4188bc344890b03ee146,000859.SZ,2025-11-24,4,4,READY_PROVISIONAL,UNRESOLVED_REGIME_OR_EXCEPTION
eee61751ed557f989cf299562a5031b3e07cf4a7aa637bda642a7de1bd61922b,000859.SZ,2025-11-25,4,4,READY_PROVISIONAL,UNRESOLVED_REGIME_OR_EXCEPTION
0d2740262f54d120537bfcb3525707e53d1976f62cf0059d77f1947a9cb93da6,000878.SZ,2026-01-29,2,2,READY_PROVISIONAL,REJECTED_STRICT_PREDICATE
cae1908ef883144739388484db538e90cad723600eedbc9959f72eaa212b3f7d,000880.SZ,2024-07-31,4,4,READY_PROVISIONAL,UNRESOLVED_REGIME_OR_EXCEPTION
1138e36c4f13b41a7c1bf188d40a960a0c294637a00a3e5afa4bfdad81c81316,000880.SZ,2024-08-01,5,5,READY_PROVISIONAL,UNRESOLVED_REGIME_OR_EXCEPTION
ea25318016fd12db1e33f7d40fa2ea7929e7a4ba575d57bd9e4f855612caa9e2,000880.SZ,2024-08-02,4,4,READY_PROVISIONAL,UNRESOLVED_REGIME_OR_EXCEPTION
5164ec746ada0094a280c35cf1e9713036040e598b0ae78133d9db20c1bf20e2,000880.SZ,2024-12-25,3,3,READY_PROVISIONAL,REJECTED_STRICT_PREDICATE
d00541fe49cdcbbf005e887fc8adccf0de79c9b9548d9975e73777b5f73cb4ca,000880.SZ,2024-12-26,4,4,READY_PROVISIONAL,UNRESOLVED_REGIME_OR_EXCEPTION
aadf481a3d4a0e0762226a0e3042121adec7f570ebfddd28fb821ddf851a039d,000880.SZ,2024-12-27,3,3,READY_PROVISIONAL,REJECTED_STRICT_PREDICATE
1d42b839cadf3adf633053ff529a32266a13de2abba6e3592ffc4d028b3262c5,000882.SZ,2025-01-23,4,4,READY_PROVISIONAL,UNRESOLVED_REGIME_OR_EXCEPTION
36678919bda2f484a0069ed213a73a49bf4b99e40e3b9ae81067f3b6d7c1a88f,000882.SZ,2025-01-24,5,5,READY_PROVISIONAL,UNRESOLVED_REGIME_OR_EXCEPTION
920596befa9f02a92dbb3b3d132b198cfe069ce602aa3f7322dfa40031b6e6e3,000887.SZ,2025-02-26,1,1,READY_PROVISIONAL,REJECTED_STRICT_PREDICATE
303836000842f483d2947621445a6e7640a8fcc628072e10e623310b1199da87,000887.SZ,2025-02-27,1,1,READY_PROVISIONAL,REJECTED_STRICT_PREDICATE
37da63732feae1f1becb8525eec3926ed80f64b5da42369f629d23e7674ff771,000889.SZ,2024-05-09,0,0,UNVERIFIED_WARMUP,REJECTED_STRICT_PREDICATE
7f8537757b92aa02f86699a3760900588497e0a2bb96b28f7020f3aa9f6674b2,000889.SZ,2025-06-09,4,4,READY_PROVISIONAL,UNRESOLVED_REGIME_OR_EXCEPTION
65c7c578c7e5912a371dda72a2697ae48712298b1e4f9d1717b084dfa2953dbc,000889.SZ,2025-06-10,4,4,READY_PROVISIONAL,UNRESOLVED_REGIME_OR_EXCEPTION
89e201d263b60e255fd895dc75473ad57aeaabfc2eb8563ab02cf674f14e0e2d,000889.SZ,2026-04-15,4,4,READY_PROVISIONAL,UNRESOLVED_REGIME_OR_EXCEPTION
c64365e0641d22f33b9c4bb802357add6b2554cf0f8d562807a464b4f6c98590,000889.SZ,2026-04-16,3,3,READY_PROVISIONAL,REJECTED_STRICT_PREDICATE
40f00fe4e9b1238bb4a36c5110ab700ec2a2b7ed771048e7eb10226f3526f85b,000889.SZ,2026-04-17,2,2,READY_PROVISIONAL,REJECTED_STRICT_PREDICATE
5a8816ba3708ff2db14712248985fe8c4bdf8e544acd0bd1c8d1a6a8ce0ca0b8,000889.SZ,2026-04-20,2,2,READY_PROVISIONAL,REJECTED_STRICT_PREDICATE
406a90b4e7f65820fe538bd1d2abc08992a078eb5203248d80ea6c17302b9ae8,000890.SZ,2025-12-15,3,3,READY_PROVISIONAL,REJECTED_STRICT_PREDICATE
8d9595f1609e949ddafe7541f7cb5ba6d1368a07f15712127fd2767ec25aa201,000890.SZ,2025-12-16,4,4,READY_PROVISIONAL,UNRESOLVED_REGIME_OR_EXCEPTION
342a8b3b5b0bbef5cf6e0834b6c2d31a3b54c5fd4966d72a8618e56350c18234,000890.SZ,2025-12-17,4,4,READY_PROVISIONAL,UNRESOLVED_REGIME_OR_EXCEPTION
9f88c568d3bd3848c81febfd956800fed65e9d39da019f39cdc9a6bfd0263fc0,000890.SZ,2026-02-26,4,4,READY_PROVISIONAL,UNRESOLVED_REGIME_OR_EXCEPTION
4c94be3577af9826a9661713f51cb8e2b81df4a5697a69ecfda08ba7ee6f37d1,000890.SZ,2026-02-27,4,4,READY_PROVISIONAL,UNRESOLVED_REGIME_OR_EXCEPTION
bcee1267f0d9c5c08dfe379ad47bfebb045c01e0e78a482f717a440d64756d8e,000890.SZ,2026-03-02,4,4,READY_PROVISIONAL,UNRESOLVED_REGIME_OR_EXCEPTION
de824fcdc35cd14d160636885c22dc46f7bf5a1c20f4ac0e521d033130f28338,000890.SZ,2026-03-16,3,3,READY_PROVISIONAL,REJECTED_STRICT_PREDICATE
c3756b56d488a6ef20547fcf4760b7e6268181cb55be5bd95c3f20e9e50a5539,000890.SZ,2026-03-17,4,4,READY_PROVISIONAL,UNRESOLVED_REGIME_OR_EXCEPTION
51468bd44b9ee43e4a3e04983587cad59c44e75a523cbf62f6d2447a794a32b4,000890.SZ,2026-03-18,4,4,READY_PROVISIONAL,UNRESOLVED_REGIME_OR_EXCEPTION
fb3e55467e7bf524c7a0923d62f9de3f87fe035dccc88a45cdad3f2ced529b23,000892.SZ,2025-02-26,4,4,READY_PROVISIONAL,UNRESOLVED_REGIME_OR_EXCEPTION
e0d3f8d727c13c65b20f41a28c826aea7a0a0a976fbfbd220083326f736657bf,000892.SZ,2025-11-26,4,4,READY_PROVISIONAL,UNRESOLVED_REGIME_OR_EXCEPTION
635c64d0a466b8b2af99dff4516bdd94c15373ed89d2b8329827348d6653afba,000892.SZ,2026-09-04,4,4,READY_PROVISIONAL,UNRESOLVED_REGIME_OR_EXCEPTION
acb2d01391d6ed56bc385d0a3cdf3c01542c1f93c9522f02ff4f6ad61dba155f,000901.SZ,2024-08-06,2,2,READY_PROVISIONAL,REJECTED_STRICT_PREDICATE
320cd4386ef8443a67c9b21d3446929d558a62da3686c7f39e3869766f804e5b,000901.SZ,2024-08-07,3,3,READY_PROVISIONAL,REJECTED_STRICT_PREDICATE
6bba6abf2685916b50a58502a6b1256cbdfa25c832f18fa7e0b9cbbd3f2d5d59,000901.SZ,2024-08-08,2,2,READY_PROVISIONAL,REJECTED_STRICT_PREDICATE
ebcd3b6fca50b17bcd2c70158cacdfc5bfc9708e2e177678e875c79c7a0bfc66,000901.SZ,2025-08-11,4,4,READY_PROVISIONAL,UNRESOLVED_REGIME_OR_EXCEPTION
bcd0c08cc1a0dfb10242778b5899a1d1494777d9dfbb286ea22b3a86fbc31136,000901.SZ,2026-01-12,1,1,READY_PROVISIONAL,REJECTED_STRICT_PREDICATE
6e99b39df2ae3c597afacda974b2cfc1ed6a6e787b7a1cc2e99d658cb9f36e83,000903.SZ,2024-10-31,4,4,READY_PROVISIONAL,UNRESOLVED_REGIME_OR_EXCEPTION
f49e0cb36e67967707656fe33bb4ac06c0fd447b4bc0af06a71fc16d9fe68105,000903.SZ,2024-12-05,3,3,READY_PROVISIONAL,REJECTED_STRICT_PREDICATE
362bfed97823e593b1c59641be74381c5f1404f5dee16d1c83c40e4dea61ebd4,000903.SZ,2024-12-06,4,4,READY_PROVISIONAL,UNRESOLVED_REGIME_OR_EXCEPTION
101879d1f963238b4315c98944c38f192b56bf1b8eebb9d27907dc5a124e8ea4,000903.SZ,2024-12-09,3,3,READY_PROVISIONAL,REJECTED_STRICT_PREDICATE
2241de57dbf7a7c60caea3f2fefc36f7e8ddec7d0ed18542c20bbabdf04bee34,000903.SZ,2025-05-29,4,4,READY_PROVISIONAL,UNRESOLVED_REGIME_OR_EXCEPTION
8ad621e5455dc0f8023b6fe52f7f47b9ea1b4de11f9ab6688f4c555217a2f88c,000903.SZ,2025-05-30,4,4,READY_PROVISIONAL,UNRESOLVED_REGIME_OR_EXCEPTION
0569b5912b93d19cb7dd540a2f36327971f1df5983f69e978a97b6634cd21474,000905.SZ,2025-12-10,4,4,READY_PROVISIONAL,UNRESOLVED_REGIME_OR_EXCEPTION
fe8e3dec264c53ad74103eb3d7eaef8997e6527d3600843fde69686084e3a010,000905.SZ,2025-12-11,4,4,READY_PROVISIONAL,UNRESOLVED_REGIME_OR_EXCEPTION
ad1d5256e9c2f4f18da7c818728b57f8153fbf4326f1d56534f47d2007255beb,000906.SZ,2024-09-30,2,2,READY_PROVISIONAL,REJECTED_STRICT_PREDICATE
2e8dab98d9da21267023836def80eedea285a984495237cbec2104383e6fcbce,000908.SZ,2024-02-22,4,4,UNVERIFIED_WARMUP,UNRESOLVED_RSI_WARMUP
88ce5a66fed31728d26892f9067978324082957512e402bd4cfe6cbeff5b4a73,000908.SZ,2024-02-23,5,5,UNVERIFIED_WARMUP,UNRESOLVED_RSI_WARMUP
fac73abfbb22af5e199c61beec49a54eff169223c40e39c54efbec7c9f148d7d,000908.SZ,2024-02-26,5,5,UNVERIFIED_WARMUP,UNRESOLVED_RSI_WARMUP
dc1e441dcecbc5dfe78184ed95a8bfc0a0a64e39ddc58474fe29789d8a8aded5,000908.SZ,2024-02-27,4,4,UNVERIFIED_WARMUP,UNRESOLVED_RSI_WARMUP
b3702a92dbb9a8d1ee45dcbbc033840217013767a1694484984503ca4934d9a1,000908.SZ,2024-07-25,0,0,READY_PROVISIONAL,REJECTED_STRICT_PREDICATE
415489ffc7e54fb42c481d2bff2d3acefcc7d9c79fefa1f69d5617f1e81a4922,000908.SZ,2024-08-30,0,0,READY_PROVISIONAL,REJECTED_STRICT_PREDICATE
8a709df041fe770b98eee1148a3240c8a3bcf42769999da3399f42ad57e54763,000908.SZ,2024-09-02,0,0,READY_PROVISIONAL,REJECTED_STRICT_PREDICATE
ab5b5f6f3d928fed0d53e1d5686134e44b97b3ae78ccc01b694a0b519dcea377,000908.SZ,2024-09-03,0,0,READY_PROVISIONAL,REJECTED_STRICT_PREDICATE
964c59985eb661a0ce6ca3cd055dd1c7edb7fe92ea3307d9a8416a1d85b6d7cc,000908.SZ,2024-09-04,0,0,READY_PROVISIONAL,REJECTED_STRICT_PREDICATE
b5ced6d5290e71e8d9bdd21fcd57e49718295d512b1017bf888eb4452511ace7,000910.SZ,2026-09-23,4,4,READY_PROVISIONAL,UNRESOLVED_REGIME_OR_EXCEPTION
2fbb588d7678a99abd48a6037c3db9dbc9ba6f58950197aac15851b73230ea14,000915.SZ,2024-09-30,0,1,READY_PROVISIONAL,REJECTED_STRICT_PREDICATE
d0d22cd3de3fe72ec520ccfea046b3b174fa676a74dd1e0c602a6f064e42154a,000915.SZ,2024-10-08,0,1,READY_PROVISIONAL,REJECTED_STRICT_PREDICATE
429cf79d6cc2592fc8b97fb9631fc074c5dad27fa56f3e33951d50609d399431,000917.SZ,2024-03-19,3,3,UNVERIFIED_WARMUP,REJECTED_STRICT_PREDICATE
df068971e6b3dbd00bcbc0aa0e256f2b993dee5e83dbc2f352cea907d4ae05b8,000917.SZ,2024-03-20,4,4,UNVERIFIED_WARMUP,UNRESOLVED_RSI_WARMUP
8881afcd5fbc83e66ff53ad82eb6bc28b3a455912acf8d46a4b8f8ae449d13af,000917.SZ,2024-03-21,4,4,UNVERIFIED_WARMUP,UNRESOLVED_RSI_WARMUP
d3477c4067b69c7d56e3b57fe5210e80fb92affe7068d7d3ea79cd67f6bcb95a,000917.SZ,2024-10-30,4,4,READY_PROVISIONAL,UNRESOLVED_REGIME_OR_EXCEPTION
11ecf62e03b9c4c8cb0210277e3ab5a55c481c278b7ad2db814deefbc353997f,000917.SZ,2024-10-31,5,5,READY_PROVISIONAL,UNRESOLVED_REGIME_OR_EXCEPTION
6b7fd6722253bbd12bf50e2cb12bb15e9ce844773a34a3acc7f04a4bba3ac517,000917.SZ,2024-11-01,5,5,READY_PROVISIONAL,UNRESOLVED_REGIME_OR_EXCEPTION
31c0f81473fdd6483335de26b033fb25a857fb99670c059d1fa36f2848da27ba,000917.SZ,2024-11-04,4,4,READY_PROVISIONAL,UNRESOLVED_REGIME_OR_EXCEPTION
b9c06d4df1d43ffe5e471788795b8eb1c51fe2a1c885b7cb9e4557ab61a3a83a,000923.SZ,2024-09-30,1,1,READY_PROVISIONAL,REJECTED_STRICT_PREDICATE
ed69f5554bb68ffdac6ba858393bd6194dc68bea46b1043b9d5125f3275b03c0,000926.SZ,2024-09-30,2,2,READY_PROVISIONAL,REJECTED_STRICT_PREDICATE
6f325b38756870c9c9b945b890cd5cca75b5440aa46fc036e7f8f35f73cc9492,000926.SZ,2024-10-08,2,2,READY_PROVISIONAL,REJECTED_STRICT_PREDICATE
3f7d5ad0cbdd7c77c495ae4b11a8eef9034ffba8642ab901e8ab402a4b30fad3,000933.SZ,2024-09-30,0,0,READY_PROVISIONAL,REJECTED_STRICT_PREDICATE
387365913a0289d4f92e5a54107b77db37bac155f69bdfc9930a3643d909c7fc,000938.SZ,2026-07-13,1,1,READY_PROVISIONAL,REJECTED_STRICT_PREDICATE
3c3c1af48c8246af484ce76c0fcefb452e6c7f939a60ad288c0aee5ba9a8f844,000938.SZ,2026-07-22,1,1,READY_PROVISIONAL,REJECTED_STRICT_PREDICATE
b40442aea43c68082c2b519626d799f44b086190c5c5893ef46c6b28ff3d847e,000948.SZ,2024-09-20,4,4,READY_PROVISIONAL,UNRESOLVED_REGIME_OR_EXCEPTION
98c84da02bf2888661857653d9fceefc9dd876a81f4a61168f9511b3c914c91c,000949.SZ,2024-04-12,0,0,UNVERIFIED_WARMUP,REJECTED_STRICT_PREDICATE
b5e3ed28816c0217625c3a783c8c11180f5f87ad875d12b94975af8b3b748ded,000952.SZ,2025-11-27,4,4,READY_PROVISIONAL,UNRESOLVED_REGIME_OR_EXCEPTION
6e61b8125bf763f0161dbab6e72538fda38257dcb8ecaeb40751a134653cb948,000953.SZ,2024-08-02,4,4,READY_PROVISIONAL,UNRESOLVED_REGIME_OR_EXCEPTION
be23f54483a4d25172124bc5dd16652f9c55c960cb7411a693cce27a073fba07,000953.SZ,2024-08-05,5,5,READY_PROVISIONAL,UNRESOLVED_REGIME_OR_EXCEPTION
7b4c2e6ffc91bf4d3cfaff944f70685975fbb4bf0b6a131a12e2aaf85c6cf298,000953.SZ,2024-08-06,5,5,READY_PROVISIONAL,UNRESOLVED_REGIME_OR_EXCEPTION
cef3ef5504ecdf099f520a6d9b4c9c3745399d3a13061f9a9757a6561dfcac5e,000953.SZ,2024-08-07,4,4,READY_PROVISIONAL,UNRESOLVED_REGIME_OR_EXCEPTION
10572da36003db7bdc5690b40be3f2f3542c1c709c0379cdcd32c99c23517d00,000958.SZ,2024-10-24,4,4,READY_PROVISIONAL,UNRESOLVED_REGIME_OR_EXCEPTION
872f59c899dba612392553f48f965b03fd6396bc8d1843a4062890cea5177f33,000958.SZ,2024-10-25,5,5,READY_PROVISIONAL,UNRESOLVED_REGIME_OR_EXCEPTION
431cf4545b92ce890ffde8084191138ee0eb56c898651ae703b1e84c01e20ca2,000958.SZ,2024-10-28,5,5,READY_PROVISIONAL,UNRESOLVED_REGIME_OR_EXCEPTION
f5986b806158cb16dd3d6971b77d0ed008528f32d5e88aea4ef88cbba83d9455,000958.SZ,2024-10-29,5,5,READY_PROVISIONAL,UNRESOLVED_REGIME_OR_EXCEPTION
56ccfe524112b11af05b46b4a71dddd94835c9d668135b854f387bb1dc9da826,000958.SZ,2024-10-30,5,5,READY_PROVISIONAL,UNRESOLVED_REGIME_OR_EXCEPTION
1d14af87546ff638957ccd75303d7ff44dc3ac69f69ef78b52173e1d648f0113,000958.SZ,2024-10-31,5,5,READY_PROVISIONAL,UNRESOLVED_REGIME_OR_EXCEPTION
ebf867bf62c4b00387e79818c14cbcef06310056c031863a9035f541862b7f54,000958.SZ,2024-11-01,5,5,READY_PROVISIONAL,UNRESOLVED_REGIME_OR_EXCEPTION
f7cf556d625f6998c3acaddaa9f0677cbd630d52b1f2137395458148c727c2db,000958.SZ,2024-11-04,4,4,READY_PROVISIONAL,UNRESOLVED_REGIME_OR_EXCEPTION
96ea2d029d053ebcd909838ffd91aee46a59e8dec7f7fe46ab207e8542063839,000960.SZ,2026-01-27,0,1,READY_PROVISIONAL,REJECTED_STRICT_PREDICATE
2d61f80df8834c4ba83f092a96ad6f5d2a7e76577b02182c643447a1c22102d9,000960.SZ,2026-01-28,0,1,READY_PROVISIONAL,REJECTED_STRICT_PREDICATE
f3bd2239e31581894d97c3f9d6a3aec77e568658680a602e94faec47da667301,000965.SZ,2025-04-21,4,4,READY_PROVISIONAL,UNRESOLVED_REGIME_OR_EXCEPTION
9bdf7d652e2cc3fbd9d3d608f000ceb5c3db1ef6e80f319535b3b291d9d7bee8,000965.SZ,2025-04-22,5,5,READY_PROVISIONAL,UNRESOLVED_REGIME_OR_EXCEPTION
4eea955c54cc24afa95a85d6ec36ec1dc691dda34d310eca13e636bf7d1e9781,000965.SZ,2025-04-23,4,4,READY_PROVISIONAL,UNRESOLVED_REGIME_OR_EXCEPTION
5a8d28b424e0c3b72e192703be209ca5706ac9a9dd8f7d412d41248e27e6787e,000965.SZ,2025-04-24,4,4,READY_PROVISIONAL,UNRESOLVED_REGIME_OR_EXCEPTION
6b28c48c2235d47fe7be93a0fb3699a5045fa69bccb5e47d89ab89f0f61c817e,000967.SZ,2025-02-21,4,4,READY_PROVISIONAL,UNRESOLVED_REGIME_OR_EXCEPTION
72661c6835b773b149f9e89ec750e02b58f3989010691282248b44a63ca33af1,000969.SZ,2025-10-14,4,4,READY_PROVISIONAL,UNRESOLVED_REGIME_OR_EXCEPTION
5830b0871c4ed7cf5bffde66ce84f23073a69a0cc4005e6fe73a9692e3a35c64,000969.SZ,2025-10-15,4,4,READY_PROVISIONAL,UNRESOLVED_REGIME_OR_EXCEPTION
754f928cb4697d43f6719a0e35b9239e8a37b923df1756b84b26f59c307536c6,000972.SZ,2024-02-05,4,4,UNVERIFIED_WARMUP,UNRESOLVED_RSI_WARMUP
22703585209439ea42f18c162201c19a102aafcb698d134394f468ebc1a56afe,000972.SZ,2024-02-06,5,5,UNVERIFIED_WARMUP,UNRESOLVED_RSI_WARMUP
0c61abcdfe76d81c89df55f6afb45f25721eb0177ddabfed92d5b17802f006dc,000972.SZ,2024-02-07,4,4,UNVERIFIED_WARMUP,UNRESOLVED_RSI_WARMUP
b0dfe72cb54941d7c185ffbedd96e8007b0080cdaf949c7acd130c542c0d62bf,000973.SZ,2024-11-19,4,4,READY_PROVISIONAL,UNRESOLVED_REGIME_OR_EXCEPTION
741fed6666f495d35567702337c76cb377263157f09af3179d126138eecd3193,000973.SZ,2024-11-20,5,5,READY_PROVISIONAL,UNRESOLVED_REGIME_OR_EXCEPTION
9ce4fcce6ed56bb5ebe3933217fdcfacac1c2cae95e0c090e04c90e95c9de8f0,000973.SZ,2024-11-21,5,5,READY_PROVISIONAL,UNRESOLVED_REGIME_OR_EXCEPTION
902412ffebb1c2dcefc864d8b4ecb8a14f6c99b60d1ac4330d5f855b938b2e15,000973.SZ,2024-11-22,5,5,READY_PROVISIONAL,UNRESOLVED_REGIME_OR_EXCEPTION
4a41157cd7fdf7743febea374835d4de3504dd6ac72c1222bb16940d34142dbe,000973.SZ,2024-11-25,4,4,READY_PROVISIONAL,UNRESOLVED_REGIME_OR_EXCEPTION
ac11babf5695a53adbf3d45377b77610560e5ec4eae7a8f31f542264ef2bc5a7,000978.SZ,2026-09-10,4,4,READY_PROVISIONAL,UNRESOLVED_REGIME_OR_EXCEPTION
414282dd88577cdf3c747b4f00c526e43cfa999fc7ae5aae5a63ed8815a71e3b,000978.SZ,2026-09-11,4,4,READY_PROVISIONAL,UNRESOLVED_REGIME_OR_EXCEPTION
51063cacc43586f715d2f1055b8a27a96f471dbebfa09320dad99e7f49c4f8cf,000978.SZ,2026-09-14,4,4,READY_PROVISIONAL,UNRESOLVED_REGIME_OR_EXCEPTION
08afc04849dc49c4f81f1ddbd76264a15ea2e9e1cb6506a1b236b94f46a60d7f,000980.SZ,2024-08-05,4,4,READY_PROVISIONAL,UNRESOLVED_REGIME_OR_EXCEPTION
fb7760e1a6e4058f1b7039e9c35e26a2c66f2889ca3a334f104378325735214f,000980.SZ,2024-11-06,3,3,READY_PROVISIONAL,REJECTED_STRICT_PREDICATE
ce28d924d6425fd9c73c4fbb9d1ad963c2aa6e68290b3152c5115d309cb22dd5,000980.SZ,2026-09-14,4,4,READY_PROVISIONAL,UNRESOLVED_REGIME_OR_EXCEPTION
ed0d1ee7d01a682e76f151d86521b200c30f9fb95579fb391dc9f0463bab0bba,000981.SZ,2024-11-08,4,4,READY_PROVISIONAL,UNRESOLVED_REGIME_OR_EXCEPTION
1d2a2ac4261a6b832a8cb27776a08cfe57571e5dcadfcc96775c10c70feab556,000981.SZ,2024-11-11,4,4,READY_PROVISIONAL,UNRESOLVED_REGIME_OR_EXCEPTION
cd0b593536bb7ab884c445a21ddaf715d0e751e46d67d5b13104bd505bb0cdf7,000981.SZ,2024-11-12,3,3,READY_PROVISIONAL,REJECTED_STRICT_PREDICATE
2780bebf80a2a570f9dcaccf9366b4f1cf6131a380ac660405345885de1bd98a,000981.SZ,2024-12-06,4,4,READY_PROVISIONAL,UNRESOLVED_REGIME_OR_EXCEPTION
0d06c7fd809cad505ef5fed255dfe04d24c57dfead1ed20565d90f4c84ebc6a6,000981.SZ,2024-12-09,4,4,READY_PROVISIONAL,UNRESOLVED_REGIME_OR_EXCEPTION
559697ebd10c426dba06fb9feac6ae67b230b5c1661c0568060a868fbd6a6538,000981.SZ,2024-12-10,5,5,READY_PROVISIONAL,UNRESOLVED_REGIME_OR_EXCEPTION
862359a05d658d4b9edd2935734741311f77e9460ff3c7e9011a10289d41f19b,000981.SZ,2024-12-11,4,4,READY_PROVISIONAL,UNRESOLVED_REGIME_OR_EXCEPTION
8574d04bb85174d7f6c4b03e4936dd16f4c29ec6522556dfb734723fa1bd6f54,000981.SZ,2025-09-17,4,4,READY_PROVISIONAL,UNRESOLVED_REGIME_OR_EXCEPTION
a0b41b7033a8acc66a637542f356d69cda9f0e50135a1234ef809c460856381e,000981.SZ,2025-09-18,5,5,READY_PROVISIONAL,UNRESOLVED_REGIME_OR_EXCEPTION
d304a0c19c02146a66edec01c961edf5ea90e73ca2715f7cf34719806f6ab27c,000981.SZ,2025-09-19,4,4,READY_PROVISIONAL,UNRESOLVED_REGIME_OR_EXCEPTION
70148bcd01a7dd44ee551d27a08b7067462c071b087bf1f9d50a3f7d52b6b613,000981.SZ,2025-09-22,4,4,READY_PROVISIONAL,UNRESOLVED_REGIME_OR_EXCEPTION
6f68f04b5afbe8cc9bcdaedb25df57b49a2456bd41e7bcb056ec63f3f615d6c0,000983.SZ,2024-09-30,0,0,READY_PROVISIONAL,REJECTED_STRICT_PREDICATE
4cb8f8a84350e4cc4770774f3c91729a29c97a5460d66ad694629d6af9e90861,000988.SZ,2025-09-17,1,1,READY_PROVISIONAL,REJECTED_STRICT_PREDICATE
fc5fb9c94a400bc9123638045f3be65d7f9360ff16e485aa2a0852c40ab77195,000993.SZ,2025-11-10,4,4,READY_PROVISIONAL,UNRESOLVED_REGIME_OR_EXCEPTION
e1ec16d75e5baaf763645b0871b7320a1ad1c6fb0d60a76ddb65286b48e5a8e5,000993.SZ,2026-09-14,4,4,READY_PROVISIONAL,UNRESOLVED_REGIME_OR_EXCEPTION
7a8cf4220d79baf82fb6b4111789c3eedaf5fdeaf6923b97756c9317d793d632,000993.SZ,2026-09-15,5,5,READY_PROVISIONAL,UNRESOLVED_REGIME_OR_EXCEPTION
ddf0637ef8e0190f3614b168c411a57b79d000162e7c1245f0338375317dd3ad,000993.SZ,2026-09-16,5,5,READY_PROVISIONAL,UNRESOLVED_REGIME_OR_EXCEPTION
8cf1295ca24eb9ee81f9acc02c6c847810a925e063ffaa635bd1c877d18fed7a,000993.SZ,2026-09-17,4,4,READY_PROVISIONAL,UNRESOLVED_REGIME_OR_EXCEPTION
6d5173e2320813b060cd7ed4efda075b25b62e7729539212ca6c740e9c73e057,000993.SZ,2026-09-18,3,3,READY_PROVISIONAL,REJECTED_STRICT_PREDICATE
d1dbe633e9239b65ab5a54c542e2a740c73eed5701e4cd5c46c6528e25bb4eda,000995.SZ,2024-09-30,4,4,READY_PROVISIONAL,UNRESOLVED_REGIME_OR_EXCEPTION
606b046fd571039a14b89d3d30495738598cd6f5e2c679f303ec1ffcbe67c8a8,000995.SZ,2026-02-03,4,4,READY_PROVISIONAL,UNRESOLVED_REGIME_OR_EXCEPTION
2c068ac47014b9e1c01f4163e210aa0ae107b911d7cbbcbf27cef4165586b48e,000995.SZ,2026-02-04,4,4,READY_PROVISIONAL,UNRESOLVED_REGIME_OR_EXCEPTION
caaf7aa336e1ed9044d6838ca8b3d7b2021402b7dbbd751b320b8f61b81d22de,000995.SZ,2026-02-05,3,3,READY_PROVISIONAL,REJECTED_STRICT_PREDICATE
def983108532b77573275e33df9673faf44aa62656cce4ec53cd26ba75741745,001201.SZ,2024-09-30,0,0,READY_PROVISIONAL,REJECTED_STRICT_PREDICATE
08b7de6dcc068ad73a45adc07ba92776ed95a24a62589de9eed0acd506de6413,001208.SZ,2025-12-15,3,3,READY_PROVISIONAL,REJECTED_STRICT_PREDICATE
a89a868c27be6168f4d23cfe4204ac6f6246dc72e136eda1da699318e39a583d,001208.SZ,2025-12-16,4,4,READY_PROVISIONAL,UNRESOLVED_REGIME_OR_EXCEPTION
5dae1e1f6354d129e2c15b6200559a4f1a16b3cbec54955dc1e62a70cce78282,001208.SZ,2025-12-17,4,4,READY_PROVISIONAL,UNRESOLVED_REGIME_OR_EXCEPTION
3602594d5683c4bcea91b70acadcfb3b3aa006beed97cee923463b3996c62d52,001208.SZ,2025-12-18,3,3,READY_PROVISIONAL,REJECTED_STRICT_PREDICATE
2bebffba3feeaf1e82e1a46b272be946708d04508c8b3219a695c7056e3c7ac5,001209.SZ,2024-11-29,3,3,READY_PROVISIONAL,REJECTED_STRICT_PREDICATE
8af21d145dbce0f311714aea4edb062ac89c324761e24847d312b98337c9e02d,001209.SZ,2024-12-02,4,4,READY_PROVISIONAL,UNRESOLVED_REGIME_OR_EXCEPTION
25e1c1eaabd0281f2b365da3352e01740304b726dab01bd09363085753d55304,001209.SZ,2024-12-03,5,5,READY_PROVISIONAL,UNRESOLVED_REGIME_OR_EXCEPTION
019d8fed1e457de4ccc80739676240225b64acbc431410a68c94b6c740e0a138,001209.SZ,2024-12-04,5,5,READY_PROVISIONAL,UNRESOLVED_REGIME_OR_EXCEPTION
5d1a67db9768b2e40fdfcad8435173dda485650d26caf797edc177edd312ccff,001209.SZ,2024-12-05,4,4,READY_PROVISIONAL,UNRESOLVED_REGIME_OR_EXCEPTION
8421c5163ec292d1389083fa721fa7ef054084921ad904af13170a6dcca8370d,001209.SZ,2025-11-10,4,4,READY_PROVISIONAL,UNRESOLVED_REGIME_OR_EXCEPTION
1aefab3d49dc546c82b5571d3f5258224220800a1e3a0bf40847e3362fe419bc,001212.SZ,2024-07-25,4,4,READY_PROVISIONAL,UNRESOLVED_REGIME_OR_EXCEPTION
141c5d47224e50087f08cab73d30e01c826906d5bce7fc0290560fbca05bf656,001212.SZ,2025-04-03,3,3,READY_PROVISIONAL,REJECTED_STRICT_PREDICATE
42698a54952ee94915511971c47806fb4c1ee51711f6d55279040d3bdee2376e,001212.SZ,2025-04-07,4,4,READY_PROVISIONAL,UNRESOLVED_REGIME_OR_EXCEPTION
75421070afe58a9a0464a8c22eae88244199e4e99dfa8893a117e519fc2c828e,001212.SZ,2025-04-08,5,5,READY_PROVISIONAL,UNRESOLVED_REGIME_OR_EXCEPTION
58c25c0c8b2eafadf6d8889e11b2bb7643189aa3c5c3c8975d7e40eff12a86a9,001212.SZ,2025-04-09,5,5,READY_PROVISIONAL,UNRESOLVED_REGIME_OR_EXCEPTION
4d54d9222a685a94dce9b79a5597880b2164f4e70e2ad627e782921f9cedc6e5,001212.SZ,2025-04-10,4,4,READY_PROVISIONAL,UNRESOLVED_REGIME_OR_EXCEPTION
0eb8d1d8ce94a53f5102078bf6b550cf0e6ed567dd6cbf9dd2cd76a02b566ae7,001215.SZ,2024-09-30,2,2,READY_PROVISIONAL,REJECTED_STRICT_PREDICATE
564b936ae069ecccc34a2dc7bcb7ce1fca22bc20f8786998750a367ee2b91ffe,001216.SZ,2024-01-22,4,4,UNVERIFIED_WARMUP,UNRESOLVED_RSI_WARMUP
0e6456be15028c5255964be55ef6e29eef04168f805d256a59deaf04a4a8b937,001216.SZ,2024-01-23,5,5,UNVERIFIED_WARMUP,UNRESOLVED_RSI_WARMUP
7d9d143d82824b1889c5588b6d61072b8c8e413ca1f911e76871e3a3cd0d8717,001216.SZ,2024-01-24,4,4,UNVERIFIED_WARMUP,UNRESOLVED_RSI_WARMUP
5e50e5b4d497458df9ae57ce634c4315441fb626d64c65014d2f2fec9abbf412,001216.SZ,2025-11-19,4,4,READY_PROVISIONAL,UNRESOLVED_REGIME_OR_EXCEPTION
824c01ea86171556011a1f5cc1fbb07637dd86105e36de4149551ad5f157a1ed,001216.SZ,2025-11-21,4,4,READY_PROVISIONAL,UNRESOLVED_REGIME_OR_EXCEPTION
b947226f469501cc5cb93a6d0a3039e054fa21323d1175e04cbb63fc07d73eea,001216.SZ,2026-09-18,4,4,READY_PROVISIONAL,UNRESOLVED_REGIME_OR_EXCEPTION
840e5d053b8f77a7a74004c826ba5ca2907268bbb9cd5ac9fe36825fc8041886,001216.SZ,2026-09-21,5,5,READY_PROVISIONAL,UNRESOLVED_REGIME_OR_EXCEPTION
5165b61048ea0752638af873cb4f52d9f79e44c9cbebea1318ad4a5cda4481df,001216.SZ,2026-09-22,5,5,READY_PROVISIONAL,UNRESOLVED_REGIME_OR_EXCEPTION
43b8f478f9df18a305a963c29c4ebf8e3adf78358eb4976c30af6a466021d6fe,001216.SZ,2026-09-23,4,4,READY_PROVISIONAL,UNRESOLVED_REGIME_OR_EXCEPTION
9bc15b296d2b55bb20a1046df01dbce81ad4fe83840577d17fd1d96b976e7872,001226.SZ,2024-01-29,2,2,UNVERIFIED_WARMUP,REJECTED_STRICT_PREDICATE
8964b4307f1f67a02307996462ee40ffbfebe6004430b460bb9a5e246423ab07,001226.SZ,2024-01-30,2,2,UNVERIFIED_WARMUP,REJECTED_STRICT_PREDICATE
06dd2ae87b995815c04a8a7e598e735a41f42390d509f048904d583c1bc0d8e1,001226.SZ,2025-07-25,3,3,READY_PROVISIONAL,REJECTED_STRICT_PREDICATE
13453d09d8e0301b8addba2813dddb964e5cbb6d80b6466e9b2e60f99c3fbec6,001226.SZ,2025-07-28,4,4,READY_PROVISIONAL,UNRESOLVED_REGIME_OR_EXCEPTION
ec24234980b46bffc052aa8aac846784165b2dd48cc5729ee089dbdf2803067d,001226.SZ,2025-07-29,4,4,READY_PROVISIONAL,UNRESOLVED_REGIME_OR_EXCEPTION
a60d62c12bc402cbf871fe233f41d5cc6e12b383b00ab559c3d86becc315b1bf,001229.SZ,2024-02-21,3,3,UNVERIFIED_WARMUP,REJECTED_STRICT_PREDICATE
9c1073cb6869271e384443675979ed0f60c99719d2c49c11bba3b6bfc2fce79b,001229.SZ,2024-02-22,4,4,UNVERIFIED_WARMUP,UNRESOLVED_RSI_WARMUP
e5767c3be321aa8a93377f553139122aeb51e615197d2cad613d76c17569c805,001229.SZ,2024-02-23,4,4,UNVERIFIED_WARMUP,UNRESOLVED_RSI_WARMUP
2289fd4fed3e380b8591b327efb00969e639caa9ce98318b6428299f94fa9862,001229.SZ,2024-11-22,4,4,READY_PROVISIONAL,UNRESOLVED_REGIME_OR_EXCEPTION
63591b8a658db8bb6b5431f2bb1aef0eaf5bbbba2f7b2de7d3f706f9c5f99838,001229.SZ,2024-11-25,5,5,READY_PROVISIONAL,UNRESOLVED_REGIME_OR_EXCEPTION
c12474330050feb9791d18955781ad7feb25b0c1beaaec654ace5d65e0f20f8d,001229.SZ,2024-11-26,5,5,READY_PROVISIONAL,UNRESOLVED_REGIME_OR_EXCEPTION
ccfab4097914509357944625965edd83f27ff32d719c05d26968dfe4651c071f,001229.SZ,2024-11-27,5,5,READY_PROVISIONAL,UNRESOLVED_REGIME_OR_EXCEPTION
4c729ee39b511aa77e2e86614607c8dc64b8bdbfcfa78d160fb10d0e5b729ae0,001229.SZ,2024-11-28,4,4,READY_PROVISIONAL,UNRESOLVED_REGIME_OR_EXCEPTION
6306abc70871433f8933e74e349ce6ca336607b13791f7016ff78d4caa9be5b1,001234.SZ,2025-04-15,4,4,READY_PROVISIONAL,UNRESOLVED_REGIME_OR_EXCEPTION
971ae7ed7d7e7b7d134045cdda4e8c3b226727400ca474015889c428ea0a5730,001234.SZ,2025-04-16,5,5,READY_PROVISIONAL,UNRESOLVED_REGIME_OR_EXCEPTION
00aebec2d4f88f99ce933992cf6614244c2ebc9871ced448c239141c73104fc7,001234.SZ,2025-04-17,5,5,READY_PROVISIONAL,UNRESOLVED_REGIME_OR_EXCEPTION
1543e8543b2e7d4f597690e348ddca5440e310e3741d809d336db7b68077a8ba,001234.SZ,2025-09-18,4,4,READY_PROVISIONAL,UNRESOLVED_REGIME_OR_EXCEPTION
6523fa9afce2a872b2cff212703b960f08b6b44cec81409bbbb469ff6ce73bf0,001234.SZ,2025-09-19,5,5,READY_PROVISIONAL,UNRESOLVED_REGIME_OR_EXCEPTION
3cd4f7b73cadbbbf030a5d55abb08f3cd81ffe3b287409d24f1da14040267a4e,001234.SZ,2025-09-22,4,4,READY_PROVISIONAL,UNRESOLVED_REGIME_OR_EXCEPTION
b5d997347c40f7b8032a2aa1d972b0d128204ca94f271985942ab7732b54b321,001234.SZ,2025-09-23,4,4,READY_PROVISIONAL,UNRESOLVED_REGIME_OR_EXCEPTION
ff4e5934edf34f55d0d35162b40c44efaf5b32bbd1dcae06eb5df0bf231fedc8,001236.SZ,2024-09-19,2,2,READY_PROVISIONAL,REJECTED_STRICT_PREDICATE
7f40dcbe6ffb718874b19cc1a6b1197af9716de3bc77d62c91dffb44d773003a,001236.SZ,2024-09-20,3,3,READY_PROVISIONAL,REJECTED_STRICT_PREDICATE
145670b68e9f9e9f978a9699fcab8259690b896e7c95cb81b6a7ec8abca66d24,001236.SZ,2024-09-24,3,3,READY_PROVISIONAL,REJECTED_STRICT_PREDICATE
28226d08d74f04978b9261ab38f0374a237593e63e1cb0f4b1aeacba6ca235c7,001236.SZ,2025-06-27,4,4,READY_PROVISIONAL,UNRESOLVED_REGIME_OR_EXCEPTION
70ee76bb5af591a39e6461a0901e7d8571251c21d9611182f6351bbceea61c4a,001236.SZ,2025-06-30,5,5,READY_PROVISIONAL,UNRESOLVED_REGIME_OR_EXCEPTION
157ed3552faa66ea04401ae91239ca14086c5ffb002e6e24c660338947f0104b,001255.SZ,2024-11-18,3,3,READY_PROVISIONAL,REJECTED_STRICT_PREDICATE
e15ff57cc1388fb0817b679fb497c59e3443cbf1a008a74cca4373a6a2525c0f,001255.SZ,2024-11-19,2,2,READY_PROVISIONAL,REJECTED_STRICT_PREDICATE
c89d22855c7327068288d6d9e911367fb3533f5275dd952ef90259656cef717c,001255.SZ,2024-11-20,3,3,READY_PROVISIONAL,REJECTED_STRICT_PREDICATE
53dd726dfedd47f9389cf660f1b0692bd4a1408ce9eeefb5f9d570a754a3f946,001255.SZ,2024-11-21,3,3,READY_PROVISIONAL,REJECTED_STRICT_PREDICATE
3593894e123be705a9c39a9a9aab356cc0031179dd76378c538a8e28a4257ee8,001255.SZ,2026-01-15,4,4,READY_PROVISIONAL,UNRESOLVED_REGIME_OR_EXCEPTION
dd95e9708810eb8f862cb4f4eca36449b19be009fbb2265d8c29c502b9e0e1ee,001255.SZ,2026-01-16,5,5,READY_PROVISIONAL,UNRESOLVED_REGIME_OR_EXCEPTION
603e87e193b58de66d49a9901feb4a64bfac0c2842c05b00e1adde4787e2bae2,001258.SZ,2026-07-21,4,4,READY_PROVISIONAL,UNRESOLVED_REGIME_OR_EXCEPTION
6a019294b5678beaf0eac5098a51646b2aa13bc0091c09d7e98e2cd8550a5a5c,001258.SZ,2026-07-22,5,5,READY_PROVISIONAL,UNRESOLVED_REGIME_OR_EXCEPTION
420450805e363f9719873f0bae2b33c949ccca04893574b077c2e2b880d4b225,001258.SZ,2026-07-23,5,5,READY_PROVISIONAL,UNRESOLVED_REGIME_OR_EXCEPTION
dce45f8a0535ffacf44fa75b42fd537484be007388f0a35b71f56074ba284fe8,001258.SZ,2026-07-24,4,4,READY_PROVISIONAL,UNRESOLVED_REGIME_OR_EXCEPTION
660873d53186604d14908326224ef0060c401db841994e5e2b6c7a13d725367c,001258.SZ,2026-07-27,4,4,READY_PROVISIONAL,UNRESOLVED_REGIME_OR_EXCEPTION
85e87782476b5fdb3d515e7d09a7e5cf64cbed536520a5b7bdbfc23880e92c75,001258.SZ,2026-07-28,3,3,READY_PROVISIONAL,REJECTED_STRICT_PREDICATE
cccdb12c278a0302b4c9285b53b8ec26d603842b4c10b03a932f08adce8d71b0,001259.SZ,2026-05-14,4,4,READY_PROVISIONAL,UNRESOLVED_REGIME_OR_EXCEPTION
8aa175e46de9fa6c7e2a049187988ecc78e4bcffb70f6d83074907eec46748f1,001259.SZ,2026-05-15,5,5,READY_PROVISIONAL,UNRESOLVED_REGIME_OR_EXCEPTION
b4121f98ea07f0bbcb037e89f80458bc736d6510c54759c39f5e11bc24e39fd0,001259.SZ,2026-05-18,5,5,READY_PROVISIONAL,UNRESOLVED_REGIME_OR_EXCEPTION
bf0cdd9e1ff3cc248dcc237b01e4ee28866e8d97a768000d0c3c9981c9268b24,001259.SZ,2026-05-19,5,5,READY_PROVISIONAL,UNRESOLVED_REGIME_OR_EXCEPTION
aab399a6ac5e8870a9ca67e61a138938f5d5454f721e24daa2098f5ba00cc2fb,001259.SZ,2026-05-20,5,5,READY_PROVISIONAL,UNRESOLVED_REGIME_OR_EXCEPTION
99b52be6754c4aa5944d2bb5d1dc8ef6ebc081e46547937e509478de1bf923e4,001259.SZ,2026-05-21,4,4,READY_PROVISIONAL,UNRESOLVED_REGIME_OR_EXCEPTION
b7f3e98e7bee671408e6edd143fc54209db3f8601857df1c915d5652fbdb7652,001259.SZ,2026-05-22,3,3,READY_PROVISIONAL,REJECTED_STRICT_PREDICATE
622bcb818f84245789ed5e8c046b233ba5ca50a9d8c2cc2e2245f7dade13d9af,001267.SZ,2024-05-22,3,3,UNVERIFIED_WARMUP,REJECTED_STRICT_PREDICATE
8e36d48907f6d9e859f2338127c02ac167257b3d931d6ef7ee74b92f810fa045,001267.SZ,2026-03-10,2,2,READY_PROVISIONAL,REJECTED_STRICT_PREDICATE
d9c4353f5fbd80c4734c84dd75253157a2345efedf2c80b6d843dea427511a88,001267.SZ,2026-03-11,2,2,READY_PROVISIONAL,REJECTED_STRICT_PREDICATE
eacb863ba29c740fcf05a5e14515f7e1a4265b015f133934869ca2e8374a96b0,001267.SZ,2026-03-12,1,1,READY_PROVISIONAL,REJECTED_STRICT_PREDICATE
4d2abe4d850b7db27bff28f3cd64a06e7b1b8ccb3c717583f6d58303a7402cf5,001270.SZ,2026-04-15,0,0,READY_PROVISIONAL,REJECTED_STRICT_PREDICATE
59b689d7da0b59fd6069000d60d9a62d2ba5f11536b08b9229aa8f4bd444f144,001280.SZ,2026-01-20,0,0,READY_PROVISIONAL,REJECTED_STRICT_PREDICATE
8c8fda680c3a4f335c300cb0d5eae52eb4df3220260fa09e92ac2c2b5f493101,001280.SZ,2026-01-21,0,0,READY_PROVISIONAL,REJECTED_STRICT_PREDICATE
a80d21d4f6db1071284b4e1743e78c6509bf293b10654653a2993dc25fb69a4f,001298.SZ,2024-03-07,3,3,UNVERIFIED_WARMUP,REJECTED_STRICT_PREDICATE
dceb155eb2de14d39c8a42eff148ee29544aefeb677b46ce3cc556ef8c331ee0,001298.SZ,2024-03-08,3,3,UNVERIFIED_WARMUP,REJECTED_STRICT_PREDICATE
61cc6c300604fd7c81899fb7008b6b54598ec84ecc8e71c03cf2a32ce0417d29,001298.SZ,2025-06-30,4,4,READY_PROVISIONAL,UNRESOLVED_REGIME_OR_EXCEPTION
9deaef4479f0561208e800f433521fd00be42cd6e70b43146ac258b38d120e6e,001298.SZ,2025-07-01,4,4,READY_PROVISIONAL,UNRESOLVED_REGIME_OR_EXCEPTION
f5d77b7dcd12f8c6a2b91aa25f35684cbf58857a1ebe6534b2361854af928dd5,001300.SZ,2024-02-22,1,1,UNVERIFIED_WARMUP,REJECTED_STRICT_PREDICATE
d95f250426d2503df1dedc5272a2a65a815e9630d9765aa8df877d58de94a393,001300.SZ,2024-02-23,1,1,UNVERIFIED_WARMUP,REJECTED_STRICT_PREDICATE
e3654a7fd6fe593c2d6c9b7bcda6fa87416fbdab8b4db4ff8ae18d8640f1eee3,001309.SZ,2024-03-21,3,3,UNVERIFIED_WARMUP,REJECTED_STRICT_PREDICATE
3ff4b37e1be61004e21e73c1b862acf380ded7a3d3ab4e688c9630f3d491f81b,001309.SZ,2024-09-30,1,1,READY_PROVISIONAL,REJECTED_STRICT_PREDICATE
587f516818407591b0e3abbd3f6dfbe01d122786bd0acdd0c7cf24bb1e1ca1ec,001309.SZ,2024-10-08,2,2,READY_PROVISIONAL,REJECTED_STRICT_PREDICATE
b8f5022054f49f4ffa60545d434278a83400af1c2905a9dba5949abb995ae3d1,001309.SZ,2024-10-09,2,2,READY_PROVISIONAL,REJECTED_STRICT_PREDICATE
d3d6a03e1a4d048870c2934ddf4ebb01dcab8f0be47116fdb8c6830606abc851,001309.SZ,2025-09-16,1,1,READY_PROVISIONAL,REJECTED_STRICT_PREDICATE
c03168778414affbe78137272af69846fc74f05110e1ea9ffaf471fd52627ba4,001309.SZ,2025-09-17,1,1,READY_PROVISIONAL,REJECTED_STRICT_PREDICATE
ecdd09a7ea2dc80791ebb11095d96e93097f71fa9cb3136894554a64852df987,001309.SZ,2025-09-24,3,3,READY_PROVISIONAL,REJECTED_STRICT_PREDICATE
e61b5f240dea9594c1aff6d4a6a0e1229601a89ba96cddfa4b69975514bd7790,001309.SZ,2025-09-25,3,3,READY_PROVISIONAL,REJECTED_STRICT_PREDICATE
d9b9dd61d5775a3391aa0a6e43c4d485950eb7e3df93115f838235c145b08f80,001309.SZ,2025-11-12,1,1,READY_PROVISIONAL,REJECTED_STRICT_PREDICATE
f5bba428a164f2f2851a5989fa327d1c707f255e7794efa15e5d2c8babc06095,001316.SZ,2025-05-08,4,4,READY_PROVISIONAL,UNRESOLVED_REGIME_OR_EXCEPTION
7bdc4dfc637a78117dc7dc2ef93dfba9c363d6a9f68db34ea9caba721fabd7a0,001316.SZ,2025-05-09,4,4,READY_PROVISIONAL,UNRESOLVED_REGIME_OR_EXCEPTION
7227da37a7d8f0fa60c9f1dc8dc366655b410ad5ef7bc5e451b5c899b527979a,001317.SZ,2025-12-19,3,3,READY_PROVISIONAL,REJECTED_STRICT_PREDICATE
6bb23ab521a3f2b5a659460e5516a569a693dd2ec01cd5f5926e86c47f804469,001318.SZ,2025-03-19,4,4,READY_PROVISIONAL,UNRESOLVED_REGIME_OR_EXCEPTION
7ebcd830c07cc75491d29320b024eedcfd3432525ad76edc04c7fde0359afed1,001318.SZ,2025-03-20,4,4,READY_PROVISIONAL,UNRESOLVED_REGIME_OR_EXCEPTION
d544e4d132efffcd67f1db1b1705d9474077addb5213a6b7e9c300d03cbdba0e,001330.SZ,2025-12-09,2,2,READY_PROVISIONAL,REJECTED_STRICT_PREDICATE
fe81b93c10478752814653d461a1f00dd93d773a870d7ac464a664110795d7ed,001330.SZ,2025-12-10,3,3,READY_PROVISIONAL,REJECTED_STRICT_PREDICATE
8398f2e8931652827d6d7834803b6165cafef71ffec4cd7654f61777d9d8cff9,001330.SZ,2025-12-12,4,4,READY_PROVISIONAL,UNRESOLVED_REGIME_OR_EXCEPTION
66cd71d1d2cba1c1d1bd67bd6c7d27593bcf5106abb5f1efe1b2e4b686700fa1,001330.SZ,2026-02-11,2,2,READY_PROVISIONAL,REJECTED_STRICT_PREDICATE
3d5f869b43b4ab222cdfd691a645441cb6101749bb582b2699c6d100271ac35c,001331.SZ,2025-08-04,4,4,READY_PROVISIONAL,UNRESOLVED_REGIME_OR_EXCEPTION
f7005d50bf9a0c74df58ce9de64c81beef3fc80ce8df5b372beb74e8bba0d2d7,001331.SZ,2025-08-05,4,4,READY_PROVISIONAL,UNRESOLVED_REGIME_OR_EXCEPTION
b7de5b66e765cb7ff9c87572afaf22be1966f6c8ef1f9820d067530b9f52409f,001331.SZ,2025-12-16,3,3,READY_PROVISIONAL,REJECTED_STRICT_PREDICATE
4839d2074955e30c1e9d3ab26ec6289a37f2d1208104ceea3608bad0cfd3ff16,001331.SZ,2025-12-17,4,4,READY_PROVISIONAL,UNRESOLVED_REGIME_OR_EXCEPTION
5a9edbf9afc674dd9d7799b1302ca94ead1c16b9867a36ad58a134e9c3d367d8,001331.SZ,2025-12-18,5,5,READY_PROVISIONAL,UNRESOLVED_REGIME_OR_EXCEPTION
4979fa4d2e9d5ebcb7dedcf9d4af2a892390e524192c3b6803887f65e7ba3d7e,001331.SZ,2025-12-19,5,5,READY_PROVISIONAL,UNRESOLVED_REGIME_OR_EXCEPTION
1cde4e4d870b7d30cfe824a6d6a445a38269998a83d0208e4529ecccc92cc73e,001331.SZ,2025-12-22,5,5,READY_PROVISIONAL,UNRESOLVED_REGIME_OR_EXCEPTION
77ece8f9fdb55773e832f04698b4b37d63ef000c9c989191377b55861b57dcbd,001331.SZ,2025-12-23,5,5,READY_PROVISIONAL,UNRESOLVED_REGIME_OR_EXCEPTION
f840500a70eb9f75f7b87ad69ee0b12faddf81845331ccf3579e52f8a1ffa99f,001331.SZ,2025-12-24,5,5,READY_PROVISIONAL,UNRESOLVED_REGIME_OR_EXCEPTION
54646259841a377350e74775963cf27d45a45b31e646727c58df650902e44c21,001331.SZ,2025-12-25,5,5,READY_PROVISIONAL,UNRESOLVED_REGIME_OR_EXCEPTION
68afb53bec7d3392deee661cd2055e138cfc1a1fafd7cfeb5f4a91d808e14814,001331.SZ,2025-12-26,5,5,READY_PROVISIONAL,UNRESOLVED_REGIME_OR_EXCEPTION
f866a673a77ea2da0d50d776b01ea87a48075ec9168a4cb355367707aea2562a,001331.SZ,2025-12-29,5,5,READY_PROVISIONAL,UNRESOLVED_REGIME_OR_EXCEPTION
c669e0a6dbd73db674952b856cd0734bc69de1af522f8050ef95f8e1c8141cde,001331.SZ,2026-01-06,5,5,READY_PROVISIONAL,UNRESOLVED_REGIME_OR_EXCEPTION
e228b449e2bcaa2aa7bb36a1c786db4745af1f5dbaa93c07e1b9d886557d6cf5,001331.SZ,2026-01-07,5,5,READY_PROVISIONAL,UNRESOLVED_REGIME_OR_EXCEPTION
99cec5808872313a5cb0b9011d5834e061095e0242a93c0269205a9e647d11db,001331.SZ,2026-01-08,4,4,READY_PROVISIONAL,UNRESOLVED_REGIME_OR_EXCEPTION
adec7ef886d0ca2fa26b711b3f2b469cff486f7c7641e0ae9245dff1294360bf,001331.SZ,2026-01-09,3,3,READY_PROVISIONAL,REJECTED_STRICT_PREDICATE
807f7ccb2827fdaa440ec788b5f99174910a36e09c208b9e4fbb47611c98558e,001331.SZ,2026-07-01,3,4,READY_PROVISIONAL,UNRESOLVED_REGIME_OR_EXCEPTION
ae3e2fe02ab9b8906693c5bfe416e8a61b3ba1058aa56823fbd9739557de8274,001333.SZ,2025-04-01,3,3,READY_PROVISIONAL,REJECTED_STRICT_PREDICATE
d7e20127708379d1c10f2092e82813a90d012fd5129e0d0681f7da1d2ee5f233,001337.SZ,2026-01-21,3,3,READY_PROVISIONAL,REJECTED_STRICT_PREDICATE
9be9b9a4fcc0a1a90c90fad8a9f1d28aa8758aab4e7d117f64879e103784b30b,001337.SZ,2026-01-23,3,3,READY_PROVISIONAL,REJECTED_STRICT_PREDICATE
794bba9eb8efb2691d4a09bb6e8dd09df9b4d3745917453d16fe74408c31feba,001337.SZ,2026-01-26,3,3,READY_PROVISIONAL,REJECTED_STRICT_PREDICATE
d6b6f08902eeb1d2929cbeda633e199e8e1c2b3aa951b6c9386277efa023abd8,001337.SZ,2026-01-27,4,4,READY_PROVISIONAL,UNRESOLVED_REGIME_OR_EXCEPTION
eeef5b7fefcf07a58bb01463b92b316a4b30b07e10fedcaf2e938edd85d7b337,001337.SZ,2026-01-28,4,4,READY_PROVISIONAL,UNRESOLVED_REGIME_OR_EXCEPTION
4b1d28197bb81eefd83c9efc7e3c148c391eeb5614557bfb4b95629ecdd4d384,001337.SZ,2026-01-29,4,4,READY_PROVISIONAL,UNRESOLVED_REGIME_OR_EXCEPTION
2a757b25c3d3005cbd419549ec12f5b06f912313ec051c328f3576696e89076a,001337.SZ,2026-01-30,3,3,READY_PROVISIONAL,REJECTED_STRICT_PREDICATE
13cfe50e35ed4adf99f50694c9b72190c5ca1459d8b4060f59980ebe419c1651,001359.SZ,2026-06-24,2,3,READY_PROVISIONAL,REJECTED_STRICT_PREDICATE
272d493d9025d040a9a13fe578843e5e86b27243fbc4665bf121203941a1c8ab,001360.SZ,2025-07-23,4,4,READY_PROVISIONAL,UNRESOLVED_REGIME_OR_EXCEPTION
75ab51c042a3e7480c9be704b02010b31d79358a0ebb016c3c594e794d85f2b8,001360.SZ,2025-07-24,4,4,READY_PROVISIONAL,UNRESOLVED_REGIME_OR_EXCEPTION
a0211709fe419ab1f8075dfb37464e70820f5b2962715bba58decfba123ff880,001376.SZ,2024-04-11,4,4,UNVERIFIED_WARMUP,UNRESOLVED_RSI_WARMUP
b0e9b397dc6439813ba277bf54e5ae28c45638804dadc6e4bf9f28ac1abce4ff,001376.SZ,2024-04-12,4,4,UNVERIFIED_WARMUP,UNRESOLVED_RSI_WARMUP
bd04262773bd5263afefea163bb87f06dac45e5ff269210c1a76d592c09f31a9,001379.SZ,2024-07-25,4,4,READY_PROVISIONAL,UNRESOLVED_REGIME_OR_EXCEPTION
7a59ba88b50b6f464b3972c5cc5a1929100e33bf41e725a67215881e5184d4e8,001379.SZ,2024-07-26,5,5,READY_PROVISIONAL,UNRESOLVED_REGIME_OR_EXCEPTION
fe8bd68aec8f856a609981028c524c05c49b1ae8fba61dedc4073a2bdfccb3c5,001379.SZ,2024-07-29,5,5,READY_PROVISIONAL,UNRESOLVED_REGIME_OR_EXCEPTION
a516411fab2d666c89e7b59202d423aa3e4e5d5cbaa4e1050b4ea3424e9ee57d,001379.SZ,2024-07-30,5,5,READY_PROVISIONAL,UNRESOLVED_REGIME_OR_EXCEPTION
e1f4ff1fd927972007ab24bc9ff3617a4fa30a6008427a41227e02a8ff92726b,001379.SZ,2024-07-31,5,5,READY_PROVISIONAL,UNRESOLVED_REGIME_OR_EXCEPTION
edea0a9fe7c5fe47356dffa0b21f8b024c2340c756e8121634de919e9e56a2b8,001379.SZ,2024-08-01,5,5,READY_PROVISIONAL,UNRESOLVED_REGIME_OR_EXCEPTION
5b74105ba1fdd1a3e2c89169fc693f5de5222a19f11abe927dd94a7dd6b978a0,001379.SZ,2024-08-02,5,5,READY_PROVISIONAL,UNRESOLVED_REGIME_OR_EXCEPTION
ecddf7cafc958b6e3019f716410d8993e687d6b95ca5052c4437260ee044e561,001379.SZ,2024-08-05,5,5,READY_PROVISIONAL,UNRESOLVED_REGIME_OR_EXCEPTION
9d9bb9ddcac9521ca2e3a341636747151c6124c0151b51f374229a5f8102f49a,001379.SZ,2024-08-06,4,4,READY_PROVISIONAL,UNRESOLVED_REGIME_OR_EXCEPTION
3312441f5106a0769092784e0daa5bcfc66ffa72c96fc387987b99fd9a59e736,001388.SZ,2026-07-20,2,3,READY_PROVISIONAL,REJECTED_STRICT_PREDICATE
61f88fae8882bcde3a480899a5efe434fb848ca64da7a62ad7abb28178fcc7cc,001395.SZ,2025-04-18,4,4,READY_PROVISIONAL,UNRESOLVED_REGIME_OR_EXCEPTION
74e42525bf390dc006bc4692ecde42ff4184f96cad55a4f4e48ca3423e854290,001400.SZ,2026-01-09,4,4,READY_PROVISIONAL,UNRESOLVED_REGIME_OR_EXCEPTION
63415fe8ce2f991c9dc80a93c7148625dedd2d94c0ca17c5ec7d8ead5628d8ee,001400.SZ,2026-01-12,4,4,READY_PROVISIONAL,UNRESOLVED_REGIME_OR_EXCEPTION
2ff5ca2815ad9b4d918d2f6970ffadfb4f597d0f84d9395c4b4098b3f26c0ea1,001400.SZ,2026-01-13,3,3,READY_PROVISIONAL,REJECTED_STRICT_PREDICATE
f406036c3cc240e3b3088cdc4ed3021d3af894e5ad30db754fe3257d947a506c,001400.SZ,2026-01-14,3,3,READY_PROVISIONAL,REJECTED_STRICT_PREDICATE
bb66914438d46404a15faff4b4d47e447e39d74fb13ce58f2c330210208452b1,001696.SZ,2024-04-22,2,2,UNVERIFIED_WARMUP,REJECTED_STRICT_PREDICATE
0201cc64d8644d241079ed38316cca64982bb23c3bf5b898d00a8313d97e2cc0,001696.SZ,2024-04-23,2,2,UNVERIFIED_WARMUP,REJECTED_STRICT_PREDICATE
85d19dd7650e98997ee7858a2f655aebe77aa59e0d433f12019479b9111dca68,001696.SZ,2024-04-24,1,1,UNVERIFIED_WARMUP,REJECTED_STRICT_PREDICATE
a034a557ffdad77421e605c445f9ed61885353d9496b7e0ee8e7e414eb17408c,001696.SZ,2024-08-02,2,2,READY_PROVISIONAL,REJECTED_STRICT_PREDICATE
11e5f7f856762e159657445e7011751e4e1206a7bdec85ef3390ff3d657ab4d9,001696.SZ,2024-10-22,3,3,READY_PROVISIONAL,REJECTED_STRICT_PREDICATE
b326b1707a29cf6d5f9c2e2f89559d852a0bfe22d314ca00f7f36e6f3d6c1ace,001696.SZ,2024-10-23,3,3,READY_PROVISIONAL,REJECTED_STRICT_PREDICATE
8e954c9a2760033d2bbfffceac4c03cef171247be9e838a7c614dfbaf0a44941,001696.SZ,2024-10-24,3,3,READY_PROVISIONAL,REJECTED_STRICT_PREDICATE
ef8f201cdebca464595bdd86c8f56524260e1578b806d628a7dedfae345dd144,001696.SZ,2024-10-25,3,3,READY_PROVISIONAL,REJECTED_STRICT_PREDICATE
9eb9af11717b07c1dba9935f4208947baf5afa30fb562d8bfbd1ad41cfc04ccf,001696.SZ,2024-10-28,3,3,READY_PROVISIONAL,REJECTED_STRICT_PREDICATE
a523e8427364b7f6bb13490a6aa9fc4e696a6be65de0263e49254e335a6a9aad,001696.SZ,2024-10-29,2,2,READY_PROVISIONAL,REJECTED_STRICT_PREDICATE
f7d09c29b0f272de7374aea8863b7ebb6cd5716b04f3303bd2c42987a4ae5e0d,001696.SZ,2024-10-30,3,3,READY_PROVISIONAL,REJECTED_STRICT_PREDICATE
c546b99b35bcc73662464344cf4d2da107e269bb951b05a8e4fb14ac5bc64d00,001696.SZ,2024-10-31,3,3,READY_PROVISIONAL,REJECTED_STRICT_PREDICATE
4a25f987b379e75ade223480f7ba029ef2fb37b0ad4b0eae9b2adbb7c412e05e,001696.SZ,2026-06-11,3,3,READY_PROVISIONAL,REJECTED_STRICT_PREDICATE
71cced0659751ff6430ac1f9871b70515456df2fb12aba520752106699004a9d,001696.SZ,2026-06-12,3,4,READY_PROVISIONAL,UNRESOLVED_REGIME_OR_EXCEPTION
a89604d0a2e3a9beb6a3f7d10856f84eb38857706160d6cb52b8ee5475fc88c3,001696.SZ,2026-06-15,2,3,READY_PROVISIONAL,REJECTED_STRICT_PREDICATE
6939a0eba9f0bb4748b24a25fd8782c81036f1eb9be565ba101b5ddda725dea0,001896.SZ,2026-02-24,4,4,READY_PROVISIONAL,UNRESOLVED_REGIME_OR_EXCEPTION
262fb8d6cc229fd9cfa3b982faf1b2962b39ea37c1b3a1520a68566d3ac7f055,001896.SZ,2026-02-25,5,5,READY_PROVISIONAL,UNRESOLVED_REGIME_OR_EXCEPTION
558ba79152ac7d9759e6b9aa4b38992faed5abb4d8343540652c8467e8ef1091,001896.SZ,2026-02-26,5,5,READY_PROVISIONAL,UNRESOLVED_REGIME_OR_EXCEPTION
17f1ec0fa6bcf672394380a7f746b36e6a0ada683a1cc98ef99cb132b85be4af,001896.SZ,2026-02-27,5,5,READY_PROVISIONAL,UNRESOLVED_REGIME_OR_EXCEPTION
70a777957bf66c4694ec69e1b621ea887dd7436b44cf51575375574b83007596,001896.SZ,2026-03-02,4,4,READY_PROVISIONAL,UNRESOLVED_REGIME_OR_EXCEPTION
8a64b576c8822da723037f665973a166a994d89d08de34a9e050880cde8c834e,001896.SZ,2026-03-03,3,3,READY_PROVISIONAL,REJECTED_STRICT_PREDICATE
8ba9584151970bd8aaae2f65422a78e3f6889653ee2d34a8c0ab192b0169b689,001896.SZ,2026-03-04,2,2,READY_PROVISIONAL,REJECTED_STRICT_PREDICATE
6fa606f98ea7208ba9202a7ce464edea6c2e53c72f5eef1efb876b3cb9a5f217,002008.SZ,2026-02-26,1,1,READY_PROVISIONAL,REJECTED_STRICT_PREDICATE
ecae28339c6d1db52f76406b07f31c70a919daf071db993ae561627f52b7ded3,002008.SZ,2026-05-13,3,3,READY_PROVISIONAL,REJECTED_STRICT_PREDICATE
f739e1c44c1aa4583687fdb6332460ed151a88195b13fe5887e704fe469a85e0,002009.SZ,2025-12-30,4,4,READY_PROVISIONAL,UNRESOLVED_REGIME_OR_EXCEPTION
27b402d03178074463d0b03711496787cb51ae9319e7d57e74f5140a57f3959a,002009.SZ,2025-12-31,4,4,READY_PROVISIONAL,UNRESOLVED_REGIME_OR_EXCEPTION
bcff1db8db5eb2ea94d66b7a1a34314a07d573924424da2f297d482406b8875e,002010.SZ,2024-11-11,1,1,READY_PROVISIONAL,REJECTED_STRICT_PREDICATE
73a8f97bee57afe23a3a09d9eb82cb7e1ab665ec1b6aee6449dd512a46a0fd59,002015.SZ,2025-06-18,4,4,READY_PROVISIONAL,UNRESOLVED_REGIME_OR_EXCEPTION
46503706956d81c1bbe0d2779579f8c56b63a97d9331e9cda837206fde8bd063,002015.SZ,2025-06-19,4,4,READY_PROVISIONAL,UNRESOLVED_REGIME_OR_EXCEPTION
2aca1f21c23560d0a0c146fca00a42b84a421c725595eab2675680316041e6d0,002015.SZ,2026-03-11,2,2,READY_PROVISIONAL,REJECTED_STRICT_PREDICATE
5038614f886552c43eb0681a7788cc482eb588c69c9c6501bb1342dbe59de93e,002015.SZ,2026-03-12,3,3,READY_PROVISIONAL,REJECTED_STRICT_PREDICATE
9b7215d10f580a0869aaee71b80999930fe0a98c6cc69dae1fe80eacd3408a99,002015.SZ,2026-03-13,2,2,READY_PROVISIONAL,REJECTED_STRICT_PREDICATE
3f83c4630b48d110978d59ffe53e086a896dc4389bbd216ef9667dda616050d1,002016.SZ,2024-09-30,2,2,READY_PROVISIONAL,REJECTED_STRICT_PREDICATE
ebb6c6ebfbea6eedde753e8385e76bcb9f313c5c6d5fa81c220f9ed04ec8a76f,002016.SZ,2025-02-13,3,3,READY_PROVISIONAL,REJECTED_STRICT_PREDICATE
cc25888629644ae75384f99e1f8a1bd08ad607bd676d38068d6c7184dfaf6fbd,002017.SZ,2025-06-18,3,4,READY_PROVISIONAL,UNRESOLVED_REGIME_OR_EXCEPTION
c9cf37d33b98ff1e3dc4aaf0efd71253e457ef2e0aae9375dbfd1e99060efa2c,002017.SZ,2025-06-19,3,3,READY_PROVISIONAL,REJECTED_STRICT_PREDICATE
868077a4c859a9cb5106e358068a02edfc857cc098d6e4ffe0c47cb4acfa7d30,002017.SZ,2025-06-20,3,3,READY_PROVISIONAL,REJECTED_STRICT_PREDICATE
9555004a219e2d8983559a2f71080be46b31c9ff11c8a9db93c2b959af8823db,002019.SZ,2024-10-08,0,1,READY_PROVISIONAL,REJECTED_STRICT_PREDICATE
1fc50aad73e94c23c11ca2a1b58cd5af2778d3edd1a0ce62bd939506ccfe0840,002031.SZ,2024-12-04,4,4,READY_PROVISIONAL,UNRESOLVED_REGIME_OR_EXCEPTION
2488478aa93cb3957d0f18bb996a695a6b0f2f66973a23067c9a029f0dcf4d31,002031.SZ,2024-12-05,5,5,READY_PROVISIONAL,UNRESOLVED_REGIME_OR_EXCEPTION
5279b1a395d0d266e76b8d51debde5d0ea887c513228e7c9245b54cad6e4c9de,002031.SZ,2024-12-06,4,4,READY_PROVISIONAL,UNRESOLVED_REGIME_OR_EXCEPTION
9ed27d7631e18960436eb4b2108f402d167d2db141a4a1916bd19ae97c3b18d6,002031.SZ,2024-12-09,3,3,READY_PROVISIONAL,REJECTED_STRICT_PREDICATE
21aafaa0dffb5bb3eb81dfde4604194641fcf4e209734dd4143102be334f8dd1,002031.SZ,2024-12-10,3,3,READY_PROVISIONAL,REJECTED_STRICT_PREDICATE
ac637596a5a6dce2c27a6047862a8b9933ab913e819f58fb9157bfa54d7bf04f,002031.SZ,2025-02-12,1,1,READY_PROVISIONAL,REJECTED_STRICT_PREDICATE
281a8c492e4e1df352c17afe58d8745d93368a134e4484d7cc875d68c25061fd,002031.SZ,2025-02-13,1,1,READY_PROVISIONAL,REJECTED_STRICT_PREDICATE
d91bcb991d6a6a5a4d5cdf161f8d5ee20417476c48ba42db649d40148c1a0b86,002036.SZ,2024-10-08,3,3,READY_PROVISIONAL,REJECTED_STRICT_PREDICATE
0a48326c8e23810cb7d53ffd3e4a63741500a1269605214a8834ea4482a816cd,002036.SZ,2024-10-09,3,3,READY_PROVISIONAL,REJECTED_STRICT_PREDICATE
f3a9bab391d5cee03e6a8a5658a2022c042430c023e5e0c38e497b580c4f32b0,002036.SZ,2025-02-11,4,4,READY_PROVISIONAL,UNRESOLVED_REGIME_OR_EXCEPTION
8fb0489f9cdc797412e5e14de71bafdff739f74ce72f73d55b4cb32954fa9248,002036.SZ,2025-02-12,4,4,READY_PROVISIONAL,UNRESOLVED_REGIME_OR_EXCEPTION
5e08ac82a86e1ba8da32636d09afaf4c61b4410eaf5a1aead9ded1b978500f5a,002037.SZ,2025-07-24,4,4,READY_PROVISIONAL,UNRESOLVED_REGIME_OR_EXCEPTION
f53272741ed2a568cbc627329b345d3b2ab7a374067bd4225ca9e3df82ee34fe,002037.SZ,2025-07-25,4,4,READY_PROVISIONAL,UNRESOLVED_REGIME_OR_EXCEPTION
18ba73370d1242aa2451518798acb8988e2b57eb7ac3d1f863a76a1fd40a1204,002040.SZ,2025-05-16,4,4,READY_PROVISIONAL,UNRESOLVED_REGIME_OR_EXCEPTION
8be83fbcf361d171af82242ca80c726e710968598173b1c6fbb5e9a65ea6867a,002040.SZ,2025-05-19,5,5,READY_PROVISIONAL,UNRESOLVED_REGIME_OR_EXCEPTION
977a1cc508a1be759d64cd044911f208fa1dbc7188c82b4623b76b4fe55e0488,002040.SZ,2025-05-20,4,4,READY_PROVISIONAL,UNRESOLVED_REGIME_OR_EXCEPTION
728ad43f885ca3471c1ec319e78d7a818beab527ad7589f6cc8b8b1f0a2baa09,002040.SZ,2025-05-21,4,4,READY_PROVISIONAL,UNRESOLVED_REGIME_OR_EXCEPTION
a4776b1e7e66915ffbf1cc17808359eebbc9e0af8a032aabbda9c58e59a73a95,002040.SZ,2025-05-22,3,3,READY_PROVISIONAL,REJECTED_STRICT_PREDICATE
c934a2eef632ea4e746041d0b38e4047f898734f42e94218c4c7446d0b11facf,002040.SZ,2025-05-23,2,2,READY_PROVISIONAL,REJECTED_STRICT_PREDICATE
b1953a459e62e3625ad16a6b541d0d0761d23140085f68fd8724239982129e77,002044.SZ,2026-01-14,4,4,READY_PROVISIONAL,UNRESOLVED_REGIME_OR_EXCEPTION
4d5139f203ad4ac6837a88a23513b6887d2282575cfa5592c4a52d0e1399130e,002044.SZ,2026-01-15,4,4,READY_PROVISIONAL,UNRESOLVED_REGIME_OR_EXCEPTION
fd9f5d51377ad9c571c47a26bba2bbbe8b903b841c11d89d5fa0a191dac7bee0,002045.SZ,2024-11-20,4,4,READY_PROVISIONAL,UNRESOLVED_REGIME_OR_EXCEPTION
2285bf28c6cc217ce9a91b607e2b460e64f91b0210da399e4ea935988fa528d9,002045.SZ,2024-11-21,4,4,READY_PROVISIONAL,UNRESOLVED_REGIME_OR_EXCEPTION
c88ea2aa6c6eeb058baef1200f632b44ef600230209bb753e29b667942ddecc7,002045.SZ,2024-11-22,4,4,READY_PROVISIONAL,UNRESOLVED_REGIME_OR_EXCEPTION
ae4c4c810f24e59b729623008b056c70d227f5a02d7bbcddfc29a58e25cbd8bb,002045.SZ,2024-11-25,4,4,READY_PROVISIONAL,UNRESOLVED_REGIME_OR_EXCEPTION
8928f9bd025d5d6ec9a9963cfb7ade8e67c20667910da868f2dd121f8c0c6099,002046.SZ,2025-08-07,4,4,READY_PROVISIONAL,UNRESOLVED_REGIME_OR_EXCEPTION
0124dfc9ca40e0704b71a7f12875f5dce985ba01be9ea7fe70c72b099d661780,002046.SZ,2025-08-08,5,5,READY_PROVISIONAL,UNRESOLVED_REGIME_OR_EXCEPTION
e405e69bc7a497f88e7b3af86fdb5d7c22dd989e17d8e640af87ebcfeeac1783,002046.SZ,2025-08-11,4,4,READY_PROVISIONAL,UNRESOLVED_REGIME_OR_EXCEPTION
1801312b6151b483d7123a8c4cb0c15b43ac3ceb1c5162a312ceae8d82e7174a,002047.SZ,2024-11-01,4,4,READY_PROVISIONAL,UNRESOLVED_REGIME_OR_EXCEPTION
636c40e55354181946e43b6005d0c8fd9880fb88ae04cb447e091eec487ead4b,002047.SZ,2024-11-05,4,4,READY_PROVISIONAL,UNRESOLVED_REGIME_OR_EXCEPTION
1fa70fa3f592387180df2eadfa2cc4b397b14756063cb632c48210cc56c1f0da,002047.SZ,2025-11-14,0,0,READY_PROVISIONAL,REJECTED_STRICT_PREDICATE
7bd1eeb1f13f394cab5048b6fdbae882e76a818292e12ce58a185337c3482404,002047.SZ,2025-11-18,0,0,READY_PROVISIONAL,REJECTED_STRICT_PREDICATE
7f8cec077f3042538d0f56071a3fe5de0d2300f2a5774386c81967a0d146bb20,002049.SZ,2024-10-08,3,3,READY_PROVISIONAL,REJECTED_STRICT_PREDICATE
edbb9e4b1b487b29d8baea3391e7e415c6109f12e259362526aad632e76c1fd5,002049.SZ,2024-10-09,3,3,READY_PROVISIONAL,REJECTED_STRICT_PREDICATE
1e51285d716edca8ad16207ea73a87e8716f1b62dd162db3888a28d719fed36b,002050.SZ,2024-09-30,1,1,READY_PROVISIONAL,REJECTED_STRICT_PREDICATE
3fda474ec1175cf30205669e13d44bd92d2db8a04900dc2a1a99bd2f51e73107,002050.SZ,2024-10-08,1,1,READY_PROVISIONAL,REJECTED_STRICT_PREDICATE
bc7afcab1292ca80965f36fdcb952742b5ffffde2aff53fe61d944ffe6112a63,002050.SZ,2024-10-09,1,1,READY_PROVISIONAL,REJECTED_STRICT_PREDICATE
d8e5d15d317830b114b40371bfd814485ab19736c77f8957a8e0ba39af48821c,002052.SZ,2024-10-22,0,0,READY_PROVISIONAL,REJECTED_STRICT_PREDICATE
275516f11864f567651c9b8254e2ac1da95a1d808a05c423c8d648618a26d7cd,002052.SZ,2025-08-15,4,4,READY_PROVISIONAL,UNRESOLVED_REGIME_OR_EXCEPTION
a913ad0f71f9ff88f6722d8c1925f6fa3be3089e0e66708c7dc9dcb8734965ab,002052.SZ,2025-08-18,4,4,READY_PROVISIONAL,UNRESOLVED_REGIME_OR_EXCEPTION
f7ed5cd456d275d300f833e5aa637c4038078b75d7931755f451101866cb83ba,002052.SZ,2025-08-19,4,4,READY_PROVISIONAL,UNRESOLVED_REGIME_OR_EXCEPTION
9d73e84e48fef5aeb9d1d821254142c2445cdd79d691043b2660e2018b148088,002058.SZ,2025-02-20,4,4,READY_PROVISIONAL,UNRESOLVED_REGIME_OR_EXCEPTION
93a56b5a3f86be5c5702baca8ebfe207dd0e5af7c2ef2efcc6d9775dab1154fc,002059.SZ,2025-09-22,4,4,READY_PROVISIONAL,UNRESOLVED_REGIME_OR_EXCEPTION
d5cb4d0c62f9125dad09333bbd6d711340337e8b0a3152c21c975c17885e1786,002059.SZ,2025-09-23,4,4,READY_PROVISIONAL,UNRESOLVED_REGIME_OR_EXCEPTION
976ad6b3e3119ce91aacec0428a72f0dda9180622521d2a42c98dbc554fb4132,002065.SZ,2025-02-19,3,3,READY_PROVISIONAL,REJECTED_STRICT_PREDICATE
daace1fea3f9ed845b937c7d91235fdda88ff2d02c76985cea7e212bb402c056,002065.SZ,2025-02-20,4,4,READY_PROVISIONAL,UNRESOLVED_REGIME_OR_EXCEPTION
6947e4d2a0a10b8a6d5e1266c1b644395d85088fe2fd155077fb99e1f065903d,002065.SZ,2025-02-21,4,4,READY_PROVISIONAL,UNRESOLVED_REGIME_OR_EXCEPTION
b629a1f8975836b31f9707e78a026bc80a2affd72ccbc213d28173d8af4bc942,002068.SZ,2024-09-30,1,1,READY_PROVISIONAL,REJECTED_STRICT_PREDICATE
79a1556018171af8a1a16718ddaeb2f66f6ca2e0cbc1d717fe7ae360848c674b,002068.SZ,2026-06-24,3,3,READY_PROVISIONAL,REJECTED_STRICT_PREDICATE
a2974a110b1f4a07b872b55a02d620c9b4a01868e35c4f7edc537ab2216c6196,002068.SZ,2026-06-25,4,4,READY_PROVISIONAL,UNRESOLVED_REGIME_OR_EXCEPTION
f0bc85355a987095e36e8bdad3569c99eccec57596a72172ecb909a1d8eb784a,002068.SZ,2026-06-26,3,3,READY_PROVISIONAL,REJECTED_STRICT_PREDICATE
806d8cfe4ef7b2b6ea9385e1dcb3c8bcf799bf94c352b518b8d6150431b2f33c,002072.SZ,2024-08-08,4,4,READY_PROVISIONAL,UNRESOLVED_REGIME_OR_EXCEPTION
220ec6caa1c2035b938cd4e02639c22e4b43267fbc2959a6c7189ebff94375a7,002076.SZ,2024-03-14,4,4,UNVERIFIED_WARMUP,UNRESOLVED_RSI_WARMUP
40191668b1d25a62ae243e8efc8c78e9fc545f0b5881f8fcbd4681e94d2da17e,002076.SZ,2024-03-15,5,5,UNVERIFIED_WARMUP,UNRESOLVED_RSI_WARMUP
6c572440fff1077f36ce95471072329d411375eb393d7c83a5e5173d1dad20da,002076.SZ,2024-03-18,4,4,UNVERIFIED_WARMUP,UNRESOLVED_RSI_WARMUP
9a24f3d7fd8cfd79b9427e9ff7407fc599af63cd7a5f36e1c5ae1b3a291e038d,002076.SZ,2024-12-12,4,4,READY_PROVISIONAL,UNRESOLVED_REGIME_OR_EXCEPTION
2dbdad1e0d8f0799473b35cce844b219534662e34cf13c5fc79e52d77ac148b1,002076.SZ,2024-12-13,4,4,READY_PROVISIONAL,UNRESOLVED_REGIME_OR_EXCEPTION
1fb8b18fb3ca015910c25fe3e619023a4f1ae7781e0e8d3887e127e5d55fae3d,002080.SZ,2024-09-30,1,1,READY_PROVISIONAL,REJECTED_STRICT_PREDICATE
8b27ae92c401764ea073230657ae51cdd67591a5122f96c1f16a05a216f8eadc,002080.SZ,2024-10-08,1,1,READY_PROVISIONAL,REJECTED_STRICT_PREDICATE
21337443bc94fefb4d668e1f6fd9a92e28e2925c36b38875c80865001d8bb810,002081.SZ,2026-04-22,4,4,READY_PROVISIONAL,UNRESOLVED_REGIME_OR_EXCEPTION
210322f1ae936d3b59686f01ba45844963a9870ab53098f883b75b2ee345a3bc,002081.SZ,2026-04-23,5,5,READY_PROVISIONAL,UNRESOLVED_REGIME_OR_EXCEPTION
6c78328218991c0a1bd94a9fff3dca4a7b75e1bbecb93f4e297e9612b4f72324,002081.SZ,2026-04-24,4,4,READY_PROVISIONAL,UNRESOLVED_REGIME_OR_EXCEPTION
4e4d80cfb9bda544154e7b484bc7e82c9e336324fcbfb3f01e60c70f18b67543,002081.SZ,2026-05-06,4,4,READY_PROVISIONAL,UNRESOLVED_REGIME_OR_EXCEPTION
697294b920641d19c58b8deb97a0840c5dd58771c5538c5751a7ca8db64aef0d,002081.SZ,2026-05-07,5,5,READY_PROVISIONAL,UNRESOLVED_REGIME_OR_EXCEPTION
ff503d5da8d260f55a90365b42e594f66f44cac27ccc6ca7f1902b9bb1fa8562,002081.SZ,2026-05-08,4,4,READY_PROVISIONAL,UNRESOLVED_REGIME_OR_EXCEPTION
85ba52370583bc0652974813f93277fe055057eb27b99c0fd4222c5047bfb74b,002081.SZ,2026-05-11,3,3,READY_PROVISIONAL,REJECTED_STRICT_PREDICATE
8a1293ee283df0fa1cd8bcc0c835fec8e7e4ea6d05993447319d556d2badd53d,002081.SZ,2026-05-12,3,3,READY_PROVISIONAL,REJECTED_STRICT_PREDICATE
519b3c46c9b95c190bb5199756d00e3a65e51204b814b6030c2b36d2cdbb62e4,002081.SZ,2026-08-17,4,4,READY_PROVISIONAL,UNRESOLVED_REGIME_OR_EXCEPTION
aa400eb6774e6f701a3a198310b37fadc657060f24221c35365876ccf87f7501,002081.SZ,2026-08-18,4,4,READY_PROVISIONAL,UNRESOLVED_REGIME_OR_EXCEPTION
316147554a412aee623ecf405610698ff35d531a65a6aa5b15b82c8214c96040,002082.SZ,2025-06-06,3,3,READY_PROVISIONAL,REJECTED_STRICT_PREDICATE
e86075b2142db72af4aed22278a30f3cdc76dff733cc924ef06a56114df8acec,002082.SZ,2025-06-09,2,2,READY_PROVISIONAL,REJECTED_STRICT_PREDICATE
b412285db2fc57ad20d98ea20ba6bbed19bb1d3a5b3ab091011252a29828360a,002082.SZ,2026-03-27,3,3,READY_PROVISIONAL,REJECTED_STRICT_PREDICATE
ed4b2004bfe558703a1be79ddec0966ea0381f8871436055e2d671037b94b2cd,002082.SZ,2026-03-30,3,3,READY_PROVISIONAL,REJECTED_STRICT_PREDICATE
1f1b428009105497a484eea90c74d2068e75a68b5af88dda0d42d9619e08fe8a,002082.SZ,2026-03-31,3,3,READY_PROVISIONAL,REJECTED_STRICT_PREDICATE
cd5b42549fabba0b29acb93d325334c4e2eea0b31c61f7049c6006f0a9bdfc32,002082.SZ,2026-04-01,3,3,READY_PROVISIONAL,REJECTED_STRICT_PREDICATE
41a1b6c738915ba64d5db5e0cc4be2d841827d5214edff37f8a73ee43dd31331,002082.SZ,2026-04-02,2,2,READY_PROVISIONAL,REJECTED_STRICT_PREDICATE
0c3bdbb8bbe4241a378cbe62dc08403aee9cf39bfe2d44444e4b802f2e74c004,002083.SZ,2025-11-11,4,4,READY_PROVISIONAL,UNRESOLVED_REGIME_OR_EXCEPTION
cf9342e4301bf2516bb7f1b7cc0948c759e974a30dcda5a99b74e8805ad145aa,002083.SZ,2025-11-12,5,5,READY_PROVISIONAL,UNRESOLVED_REGIME_OR_EXCEPTION
d99a8e03ce8f1e1766664ddaeeca87b204101fe1b27dd403b6e076bf5a1b25a7,002083.SZ,2025-11-13,5,5,READY_PROVISIONAL,UNRESOLVED_REGIME_OR_EXCEPTION
88965aa21e5ec6a8c58e5528dfb19531814773af8b03bc150c0d27ef0f464a32,002083.SZ,2025-11-14,5,5,READY_PROVISIONAL,UNRESOLVED_REGIME_OR_EXCEPTION
5fc88f5869394a545ea9d02a0b9a02405932a8ca8459d0ee7d560ab6eb658dc2,002083.SZ,2025-11-17,5,5,READY_PROVISIONAL,UNRESOLVED_REGIME_OR_EXCEPTION
8388f5546ff8f2977bd9f73eb74be2be5e38ef96237b8f1f36cd4e096360515d,002083.SZ,2025-11-18,4,4,READY_PROVISIONAL,UNRESOLVED_REGIME_OR_EXCEPTION
8edfbfca565898810163cd0dee03f6c651f157a76de2638c9fb806133952b622,002084.SZ,2025-04-08,4,4,READY_PROVISIONAL,UNRESOLVED_REGIME_OR_EXCEPTION
d1a3ad94549843c4d26bb094f6fd73e7e79bdca4a06283f55dfcea849594144e,002084.SZ,2025-04-09,5,5,READY_PROVISIONAL,UNRESOLVED_REGIME_OR_EXCEPTION
3c98a1c794b327eb23799525293686ed00fa4f6de08d6219ce62a3b373b9f204,002084.SZ,2025-04-10,5,5,READY_PROVISIONAL,UNRESOLVED_REGIME_OR_EXCEPTION
24eda0b456a22320d29afc38be8fcbc2c964674f464675d6e260ba91f8c6d6e8,002084.SZ,2025-04-11,4,4,READY_PROVISIONAL,UNRESOLVED_REGIME_OR_EXCEPTION
7ae5470cf9648c5878125bafffa8d1f9f6c9fd8a558d55646dec57579216873d,002084.SZ,2026-08-26,3,3,READY_PROVISIONAL,REJECTED_STRICT_PREDICATE
18f0bbd09bdcbffbd3b351b16312602246fca24fef7c086820139371d8531abe,002084.SZ,2026-08-27,4,4,READY_PROVISIONAL,UNRESOLVED_REGIME_OR_EXCEPTION
4b073936ae9c520afbec555b5a19a685ba83b216aadb914e0205a648a507db11,002084.SZ,2026-08-28,5,5,READY_PROVISIONAL,UNRESOLVED_REGIME_OR_EXCEPTION
dd94100aa15bd5a8e38a2bacff5c20282f553f151a83ba3320d2bdb6c7f384ff,002084.SZ,2026-08-31,5,5,READY_PROVISIONAL,UNRESOLVED_REGIME_OR_EXCEPTION
2337301a40842e00215469d775b8cb521da604e25319042d15a5faef6a88894f,002084.SZ,2026-09-01,5,5,READY_PROVISIONAL,UNRESOLVED_REGIME_OR_EXCEPTION
e6ed1c87316f5110b91a6a0b19ba2b821cff2d81daf66e4430c73fcffe18de1e,002084.SZ,2026-09-02,4,4,READY_PROVISIONAL,UNRESOLVED_REGIME_OR_EXCEPTION
278383850f1804def7542109d948c7efaefb58fd4fc1e46994f3161a94464efa,002085.SZ,2024-02-19,2,2,UNVERIFIED_WARMUP,REJECTED_STRICT_PREDICATE
fdd3490e860449a5235c4a4a4fc39fb04fce9b70bb64ff1996a725bd7c84d3cf,002085.SZ,2024-02-20,2,2,UNVERIFIED_WARMUP,REJECTED_STRICT_PREDICATE
80b16d437e98b32fb1c9013490121625e11160a69516811b2e11633351b36bd4,002085.SZ,2024-03-13,2,2,UNVERIFIED_WARMUP,REJECTED_STRICT_PREDICATE
365f3379aa317013c7ad7d9e7e8145efbf7bb61adc63b7c1b2c4059300fed17c,002085.SZ,2024-03-14,2,2,UNVERIFIED_WARMUP,REJECTED_STRICT_PREDICATE
0b9d790ff6fbcea56eb136475579e104531b63e931d3611657f03bcd63137b01,002085.SZ,2024-03-15,3,3,UNVERIFIED_WARMUP,REJECTED_STRICT_PREDICATE
9ed54f961918f1caf6709fae5b25558b7f6f793f0c9ad08a736373a4d989051a,002085.SZ,2024-03-18,3,3,UNVERIFIED_WARMUP,REJECTED_STRICT_PREDICATE
7efb88f3b4e0f63cf7fea326e2e7e10e1d0d417a7778180bde9c733eb1ae661a,002085.SZ,2024-03-19,2,2,UNVERIFIED_WARMUP,REJECTED_STRICT_PREDICATE
b8ba76cc58f636d24cf4658cfd048f8dc660a1c9753a47a896dd41e6e11e0240,002085.SZ,2024-11-05,3,3,READY_PROVISIONAL,REJECTED_STRICT_PREDICATE
0e8ed081e828df2c33a797e283ebd4973d9e30a23f64b64865c6e70ada1ba6a9,002085.SZ,2024-11-06,2,2,READY_PROVISIONAL,REJECTED_STRICT_PREDICATE
fe99ae3bdad46b257ba03b9a74e04200076ff0f0a4304b5ae1cae046e2be5e58,002086.SZ,2025-03-18,4,4,READY_PROVISIONAL,UNRESOLVED_REGIME_OR_EXCEPTION
5646a1aaf958e4c360ca6afda5cc388681f72c1abaa359f3a016e22872a734da,002086.SZ,2025-03-21,2,2,READY_PROVISIONAL,REJECTED_STRICT_PREDICATE
7a73f6fa33beda7ca60044b4c6f6430fa7157602f1b92145ff65615cf0108720,002093.SZ,2025-03-12,3,3,READY_PROVISIONAL,REJECTED_STRICT_PREDICATE
08f7b638cf86b90d36b326421889daeb819b543d081b8661a0cdb49f3aacc74b,002093.SZ,2025-03-13,3,3,READY_PROVISIONAL,REJECTED_STRICT_PREDICATE
0ccf3bba576fe0ab317bf72d11d2f4a53123004b7678e72922f573b35a443dd8,002093.SZ,2025-03-14,3,3,READY_PROVISIONAL,REJECTED_STRICT_PREDICATE
2eb08e5414a60893d93843d61d23175664515b74ddb0c7df30fd2c331950328e,002094.SZ,2024-10-17,4,4,READY_PROVISIONAL,UNRESOLVED_REGIME_OR_EXCEPTION
eb5cb496f0a80a13b571e8e3a70caa1cb62f37f24225b91f81acb43b47b589c3,002094.SZ,2024-10-23,4,4,READY_PROVISIONAL,UNRESOLVED_REGIME_OR_EXCEPTION
56e6d96093554667b1d99693f7b6c71f6b19d66c3279f84717a08c23b18d34b8,002094.SZ,2024-10-24,3,3,READY_PROVISIONAL,REJECTED_STRICT_PREDICATE
f18834f3f1802f87c86914db40a2ea809155832a9242213cf54e40b8f15162b6,002094.SZ,2024-10-25,4,4,READY_PROVISIONAL,UNRESOLVED_REGIME_OR_EXCEPTION
39c3bdd62b7af0a5f3d24b399f2440bbdf35fdba424533f0821e5a5b944c9347,002094.SZ,2024-10-28,4,4,READY_PROVISIONAL,UNRESOLVED_REGIME_OR_EXCEPTION
a48077c7a82c5bb13981dddccc1ea0effae10d1e9422b2abed96d1f9c69ef634,002094.SZ,2024-10-29,4,4,READY_PROVISIONAL,UNRESOLVED_REGIME_OR_EXCEPTION
a732fe59bc695f1a31d232fc604968f0b61a28df70caa2539c59ef001681bc17,002094.SZ,2024-10-30,4,4,READY_PROVISIONAL,UNRESOLVED_REGIME_OR_EXCEPTION
3c903a6a468d50ba75c7d42171039db04242c0bffe31ec6eb8857e47ff468418,002094.SZ,2024-10-31,5,5,READY_PROVISIONAL,UNRESOLVED_REGIME_OR_EXCEPTION
24ae75f57fd69effea4f9bd5796f74ef53ca740a809e15da5171b7a5c1218c50,002094.SZ,2024-11-01,5,5,READY_PROVISIONAL,UNRESOLVED_REGIME_OR_EXCEPTION
1468df178a2a037d4e20a83b08bae832f9abccf3e0f1d18be48b2fd4fd128f7f,002094.SZ,2024-11-04,4,4,READY_PROVISIONAL,UNRESOLVED_REGIME_OR_EXCEPTION
148a965a542079c607a020073db87eb06e61e34cb515dc763f1209d2655e3f1e,002094.SZ,2024-11-05,4,4,READY_PROVISIONAL,UNRESOLVED_REGIME_OR_EXCEPTION
832b63cb3a1f03d7d3436e335f911954525b725302836e7558c05cc5112c0a99,002094.SZ,2025-04-10,4,4,READY_PROVISIONAL,UNRESOLVED_REGIME_OR_EXCEPTION
2746229b1df7f858c1a92c1195f48da15c620859c17d9a7c4585f2f121f4a506,002094.SZ,2025-04-14,3,3,READY_PROVISIONAL,REJECTED_STRICT_PREDICATE
77c042eb73f2be4763f21bb979ba12e4160d1a2935f674c49bf1fabda36ea6db,002095.SZ,2024-11-22,4,4,READY_PROVISIONAL,UNRESOLVED_REGIME_OR_EXCEPTION
b796f5691834f72006e07e70c224e2693efe2e03bb4dc92c75e3ea3b6bc567b1,002095.SZ,2024-11-25,5,5,READY_PROVISIONAL,UNRESOLVED_REGIME_OR_EXCEPTION
ac17ae4783bba7e3879120dadd1e658e2a2d4525cbe3ed2b89313aa0660ab9b3,002095.SZ,2024-11-26,4,4,READY_PROVISIONAL,UNRESOLVED_REGIME_OR_EXCEPTION
a1418e639491d5297863bc04b2dc63d6edfcc41b599090da74ae4ae88dcabb05,002095.SZ,2024-11-27,4,4,READY_PROVISIONAL,UNRESOLVED_REGIME_OR_EXCEPTION
d22fdfc20e48c3dfaf6163dd9323be16bb3502d32c555ff96af08bef200ddceb,002095.SZ,2024-11-28,4,4,READY_PROVISIONAL,UNRESOLVED_REGIME_OR_EXCEPTION
51ea7bf42a4673b303ac1eb983a72682452735451bb3d00e504e48557ec68937,002095.SZ,2024-11-29,4,4,READY_PROVISIONAL,UNRESOLVED_REGIME_OR_EXCEPTION
5cbb7cafa602c5e33736e372f0b4863c516398ae488209c51f6e326b678a2f0b,002097.SZ,2025-07-24,4,4,READY_PROVISIONAL,UNRESOLVED_REGIME_OR_EXCEPTION
93514c59b77eb6ed3494df6803a4d226a8c2b32c67e952406c63d9a5a5f675e7,002097.SZ,2025-07-25,4,4,READY_PROVISIONAL,UNRESOLVED_REGIME_OR_EXCEPTION
0af804de8902aed514d956914adad31e4114a1fcfdd4c3e72223e8cc8be6d21d,002097.SZ,2025-07-28,4,4,READY_PROVISIONAL,UNRESOLVED_REGIME_OR_EXCEPTION
b0b83fac1eb05a51d78c44a15342bfd000b65fd1428dfbd74df8f20d2014573b,002097.SZ,2025-07-29,4,4,READY_PROVISIONAL,UNRESOLVED_REGIME_OR_EXCEPTION
c580513a5f66d76df7b3e16e0e9888e033b0164de9549ef1c7ffe2cb618bf8d1,002103.SZ,2024-11-21,3,3,READY_PROVISIONAL,REJECTED_STRICT_PREDICATE
f2c16653711029cea0d61d4d700a92235ef8d349fd731dfcccd6c6e01d913128,002103.SZ,2024-11-22,3,3,READY_PROVISIONAL,REJECTED_STRICT_PREDICATE
af53bf5fd9b3c26b51c343aa36301124c1f8810c75a26ecafd2b65623ba79e19,002103.SZ,2024-11-25,4,4,READY_PROVISIONAL,UNRESOLVED_REGIME_OR_EXCEPTION
527be276dba833f1223d316e83c4bbb308680fb580c0ffd32d3a2668d7b65a6d,002103.SZ,2024-11-26,5,5,READY_PROVISIONAL,UNRESOLVED_REGIME_OR_EXCEPTION
b368ee7c182499a369bdc14a1949a0ee985763121ee0718885658f1b2fdf2cca,002103.SZ,2024-11-27,5,5,READY_PROVISIONAL,UNRESOLVED_REGIME_OR_EXCEPTION
a14a675843d65928d87b80e0a52106649e1cc1c51ac426987e00d557949e358e,002103.SZ,2024-11-28,5,5,READY_PROVISIONAL,UNRESOLVED_REGIME_OR_EXCEPTION
7c59e9326b8cde973c6ebb6cf57ebf4ed61138750802c556ac965c10f7301fb5,002103.SZ,2024-11-29,5,5,READY_PROVISIONAL,UNRESOLVED_REGIME_OR_EXCEPTION
62f3b98a1739dc37dda41672504b842941d95dd90c5cbed9463e013f84990be4,002103.SZ,2024-12-02,5,5,READY_PROVISIONAL,UNRESOLVED_REGIME_OR_EXCEPTION
ff08a1f1fae7d35a613b6b04308c2ce0dec0b9cb573a7053c0ed0c454d4b6685,002103.SZ,2024-12-03,4,4,READY_PROVISIONAL,UNRESOLVED_REGIME_OR_EXCEPTION
c469fbf5743cfc5c88db5d96dfe3b94f4db40473f145ef4c48d055549ca54134,002104.SZ,2025-06-05,4,4,READY_PROVISIONAL,UNRESOLVED_REGIME_OR_EXCEPTION
09282b3de4ad09da92842d54c3c8c74dd219f602a10ca1d2adadae3da5ed9736,002104.SZ,2025-08-15,3,3,READY_PROVISIONAL,REJECTED_STRICT_PREDICATE
772d0e3eee657f2e377ce10b82b7ab79717acfc075b515732184383e3a65e5fd,002104.SZ,2025-08-18,3,3,READY_PROVISIONAL,REJECTED_STRICT_PREDICATE
3d397c3c4dbce2d6cda0efd5322c59eb1643ed454244b29f2a009f59d8efe9c7,002105.SZ,2025-03-07,4,4,READY_PROVISIONAL,UNRESOLVED_REGIME_OR_EXCEPTION
c2a438e04f5f97cac14d940d4ebc9f69459d32ff9b5f7d46e8d7a4779f060695,002105.SZ,2025-03-10,5,5,READY_PROVISIONAL,UNRESOLVED_REGIME_OR_EXCEPTION
dc8f2f4dd4982b2e7cccbf22675d855775ca7b054793d790f852d1a7ebeaa128,002105.SZ,2025-03-11,5,5,READY_PROVISIONAL,UNRESOLVED_REGIME_OR_EXCEPTION
1fe6f69ed73fe140806a30e372737ec9746824f60826aef081c7403bf4431f31,002105.SZ,2025-03-12,5,5,READY_PROVISIONAL,UNRESOLVED_REGIME_OR_EXCEPTION
1c3d000795e2b70f01b8e8c67f1353164453ca700c7f2cd10137762c2c1e33ec,002105.SZ,2025-03-13,5,5,READY_PROVISIONAL,UNRESOLVED_REGIME_OR_EXCEPTION
1716b0dfa65afd1a5da25d8cb684c2506b9f0bce7fc2ea4b3f3803ad91813934,002105.SZ,2025-03-14,5,5,READY_PROVISIONAL,UNRESOLVED_REGIME_OR_EXCEPTION
296828d44d13946c72ce4beb622d9290ef4b71b843513e6e17affcb6fe6421ae,002105.SZ,2025-03-17,4,4,READY_PROVISIONAL,UNRESOLVED_REGIME_OR_EXCEPTION
e6ac631c3280f6f3176c25080842b5163c1cae56a50253240c58382a62944510,002110.SZ,2024-09-30,1,1,READY_PROVISIONAL,REJECTED_STRICT_PREDICATE
c85de181bd0fdcd98dfe03b7230b7a1b19b4f0512de78a7e1d8d34cb17f4b08e,002112.SZ,2026-01-19,4,4,READY_PROVISIONAL,UNRESOLVED_REGIME_OR_EXCEPTION
3c877ff15dbe53567b72180701741f70dc967f6035d8389014164b21b500674c,002115.SZ,2024-12-13,4,4,READY_PROVISIONAL,UNRESOLVED_REGIME_OR_EXCEPTION
1557eead503e0164b27b79157b66e49a479ff2e14f9fbb6261f2649afaf5bdd5,002115.SZ,2024-12-16,4,4,READY_PROVISIONAL,UNRESOLVED_REGIME_OR_EXCEPTION
7f8e311fcd950f8fb0ad36bc783eeb45575b853c34bb5c6c1ef9eb4044dc74c7,002115.SZ,2026-01-13,3,3,READY_PROVISIONAL,REJECTED_STRICT_PREDICATE
d7061c7e6e3945f97bd8dc32452e6e3b932331c5f172c509e6bce32b5b4d3ca3,002115.SZ,2026-01-14,4,4,READY_PROVISIONAL,UNRESOLVED_REGIME_OR_EXCEPTION
2d3f895210e80dfa830762a2778a6ba9e5134d8f1774ed1a1d016923d1a5c591,002115.SZ,2026-01-15,4,4,READY_PROVISIONAL,UNRESOLVED_REGIME_OR_EXCEPTION
738475fe5b0092bc04a1a8a1960d4e146a63371abb24afa005a5905528fd51a3,002116.SZ,2024-01-29,4,4,UNVERIFIED_WARMUP,UNRESOLVED_RSI_WARMUP
93f706e0f44fa853a8b36e323bae3269612efc4593b2b9ad0f6d881d1eaeede6,002116.SZ,2024-01-30,5,5,UNVERIFIED_WARMUP,UNRESOLVED_RSI_WARMUP
527948e013885e292a84fb0809d782b6b652f382c5251e9415b475f9dd96702e,002116.SZ,2024-01-31,4,4,UNVERIFIED_WARMUP,UNRESOLVED_RSI_WARMUP
d61c37b9ab109dec0dfc8adaace57ef03fb90f3f90c9c4afb8025034af8a8e5c,002117.SZ,2025-01-03,4,4,READY_PROVISIONAL,UNRESOLVED_REGIME_OR_EXCEPTION
7e8ca339aeb0bc0c7668629c4ff1aef2a806f22d8e452e1d0d824499ef69382e,002119.SZ,2026-06-15,2,2,READY_PROVISIONAL,REJECTED_STRICT_PREDICATE
091fa29e1a0db5af1ba9e3c0759542166501c02d5fa6d830c7e8d62d45d9d1d7,002122.SZ,2024-12-11,4,4,READY_PROVISIONAL,UNRESOLVED_REGIME_OR_EXCEPTION
06d70205995e16382c244e612c076b361e3928bd591924fd42eb9def9f0f5d50,002123.SZ,2024-10-09,3,3,READY_PROVISIONAL,REJECTED_STRICT_PREDICATE
3917581e6ab0f0f026daf9b93b6765d1ac1f85c3ef5c7e37a08b5a8acaec5e0f,002123.SZ,2024-10-10,3,3,READY_PROVISIONAL,REJECTED_STRICT_PREDICATE
050eb15f23a581bd15deaaebed1e8f6995aefedba267418dd7b80597f069ac7b,002123.SZ,2025-02-10,4,4,READY_PROVISIONAL,UNRESOLVED_REGIME_OR_EXCEPTION
8d2554a8d5260749601fce5d90c084f147773c501eeb3a0590ec618c77e942d1,002123.SZ,2025-02-11,5,5,READY_PROVISIONAL,UNRESOLVED_REGIME_OR_EXCEPTION
18b5d60d324c6c6ab7d3933822914eaceb4497915089767deb6e7140b6225800,002123.SZ,2025-02-12,5,5,READY_PROVISIONAL,UNRESOLVED_REGIME_OR_EXCEPTION
54df1623652a7ccf830ddc29e9c2509f82303ca07eedefbcfd958c20b36878b1,002123.SZ,2025-02-13,5,5,READY_PROVISIONAL,UNRESOLVED_REGIME_OR_EXCEPTION
e1d09afe2adb7dc68e616994dc158b473c610bb2bf9e8b99f04eef8993c0141d,002123.SZ,2025-02-14,5,5,READY_PROVISIONAL,UNRESOLVED_REGIME_OR_EXCEPTION
9f8aea649bbb650c53ee4ca84df3a3474bed9d06862bd98a3f7a9c4070bca0a2,002123.SZ,2025-02-17,4,4,READY_PROVISIONAL,UNRESOLVED_REGIME_OR_EXCEPTION
98c108da0204c503c78d68a72e4b0d0c6772f968bb4a002cf5a047d83cc4155c,002124.SZ,2024-11-08,0,0,READY_PROVISIONAL,REJECTED_STRICT_PREDICATE
2b5c23e0105c410d389f71bdb592981d159a12568b44a5cfb2047c680822dd68,002125.SZ,2025-06-24,4,4,READY_PROVISIONAL,UNRESOLVED_REGIME_OR_EXCEPTION
f58fb80f834ada1a563db6d925084d29fe718017044da1b6a7400c932b87f86b,002125.SZ,2025-06-25,5,5,READY_PROVISIONAL,UNRESOLVED_REGIME_OR_EXCEPTION
0113616ce55b016d82793a6102e541f95f5fff79c3d021524dd3bbe8f1b227cd,002125.SZ,2025-06-26,4,4,READY_PROVISIONAL,UNRESOLVED_REGIME_OR_EXCEPTION
2b5f1f4e953d5f8602068f2ac9130989287f36d525f01344cf556114ac20077d,002125.SZ,2026-06-15,1,2,READY_PROVISIONAL,REJECTED_STRICT_PREDICATE
3f2506930e2247cd5e8c5afa1860865b26b284bc7203420ee920e352fd34bb1e,002129.SZ,2024-09-30,2,2,READY_PROVISIONAL,REJECTED_STRICT_PREDICATE
6ae26116ee7ecd264b7b65cad90ddd2e478327d8a5eb62f1c004091267f3bd25,002129.SZ,2024-10-08,1,1,READY_PROVISIONAL,REJECTED_STRICT_PREDICATE
f5e506b0cdef718b23dbd58d51e5405535728558c7b78ffe59831431533b0c1a,002130.SZ,2024-03-25,3,3,UNVERIFIED_WARMUP,REJECTED_STRICT_PREDICATE
bed39cfdb60552dcd6f4572168191979fd623ba7ea3405bd26e9af10877c248b,002130.SZ,2024-03-26,3,3,UNVERIFIED_WARMUP,REJECTED_STRICT_PREDICATE
97c83d8a08f3675a929c6f24385342e4c3cf1f70acde796def46cadd5317fa08,002130.SZ,2024-10-18,1,1,READY_PROVISIONAL,REJECTED_STRICT_PREDICATE
39c1ec42f313ea30ea17703c077d37306f3fc08e2b8765978241252269d8acd8,002131.SZ,2024-11-28,3,3,READY_PROVISIONAL,REJECTED_STRICT_PREDICATE
2173b545f7732df81c901e36d60055ebef8a39fe425f82e2d0c81bd8f58f309b,002131.SZ,2024-11-29,4,4,READY_PROVISIONAL,UNRESOLVED_REGIME_OR_EXCEPTION
7fb2effa109ba8d99b4eb6dc41710be30759df646d2bab5b4749288187b614b0,002131.SZ,2024-12-02,4,4,READY_PROVISIONAL,UNRESOLVED_REGIME_OR_EXCEPTION
19e01ea7b9f425e4aec3b44eb06f3fc0cdc02b7db6ae8b61282666fdec3d59ee,002131.SZ,2024-12-03,5,5,READY_PROVISIONAL,UNRESOLVED_REGIME_OR_EXCEPTION
5733e19821317ff5a97b52d5d647c17ea42cc36586cf486368049136496d7f2f,002131.SZ,2024-12-04,5,5,READY_PROVISIONAL,UNRESOLVED_REGIME_OR_EXCEPTION
9974b3e99d0c5ee70676e52e8bfbe1cbf758e56ac3c633e04954fb8c7525194d,002131.SZ,2024-12-05,5,5,READY_PROVISIONAL,UNRESOLVED_REGIME_OR_EXCEPTION
f68d6926196ea7cbc3ea504ba67c019c806c6f0ae0e5258ed63c8d3896b726ac,002131.SZ,2024-12-06,4,4,READY_PROVISIONAL,UNRESOLVED_REGIME_OR_EXCEPTION
8f7f9e90abc8c98687cba64656563d6b56f48eaa78add4f44e491c9bdb2fd7a8,002131.SZ,2024-12-09,3,3,READY_PROVISIONAL,REJECTED_STRICT_PREDICATE
1125c4f676e8843dca055dbdf075cc805a20a13b4ba1268660ab9f773a881d00,002131.SZ,2026-01-14,4,4,READY_PROVISIONAL,UNRESOLVED_REGIME_OR_EXCEPTION
cfbe829b33b007be284c719bb9cdfa96c51c84075d5b11dcfd4550990fe9253a,002131.SZ,2026-01-15,4,4,READY_PROVISIONAL,UNRESOLVED_REGIME_OR_EXCEPTION
ee6621f44e6911a7a58cafca84280069301c3cc61ca4f5cbdff851c81e16b74a,002132.SZ,2025-04-01,3,3,READY_PROVISIONAL,REJECTED_STRICT_PREDICATE
dc3d7e8e59c6adfac6ebdd4fa0c585593f0e211236349dda7f35934770bd7e92,002134.SZ,2024-10-10,1,1,READY_PROVISIONAL,REJECTED_STRICT_PREDICATE
673d98f0274e1c1963b4e6ca3f8818bb281bd4f6043aeb56bbb74a80b324e51f,002134.SZ,2024-10-11,1,1,READY_PROVISIONAL,REJECTED_STRICT_PREDICATE
992440ecaf7d7f48a6f7c86a15a8caf515051a4e747d83efd31af994a848fc1e,002134.SZ,2024-10-14,1,1,READY_PROVISIONAL,REJECTED_STRICT_PREDICATE
843106104dc8bf4e7d1e4e8a9111e9f24a518c9b6ccfbd5bf697f4644cb944ad,002134.SZ,2024-10-23,4,4,READY_PROVISIONAL,UNRESOLVED_REGIME_OR_EXCEPTION
fd3b7946ba0dd6a6b92804d71621a1fc39719f2bd1a3cc03b237ad3ad7f8012b,002134.SZ,2024-10-24,4,4,READY_PROVISIONAL,UNRESOLVED_REGIME_OR_EXCEPTION
c229bf66736e6f01d57a9d33df890548e66e44e70e30dfa0dc2308f35357c5a6,002136.SZ,2025-11-11,2,2,READY_PROVISIONAL,REJECTED_STRICT_PREDICATE
08315998072a89e999352458a2c3c7f67184993f77c5b39fa21970d3bd974fea,002136.SZ,2025-11-12,2,2,READY_PROVISIONAL,REJECTED_STRICT_PREDICATE
bf0df1902d1966f9bb2f6e7e3c700cd75d181450ca6b777050fb588aca8c577c,002136.SZ,2025-11-13,2,2,READY_PROVISIONAL,REJECTED_STRICT_PREDICATE
9d2f7fb3caa580819f4527030746bb256e9da7a4fae385b16e12f55baf504fc4,002137.SZ,2024-12-24,4,4,READY_PROVISIONAL,UNRESOLVED_REGIME_OR_EXCEPTION
236fbd7e9144df72cab4869c09c86e74fc6c834ea6fe0ab600537c00f5776ca8,002137.SZ,2024-12-25,5,5,READY_PROVISIONAL,UNRESOLVED_REGIME_OR_EXCEPTION
0bf0b7cfd159e3cffc3942b1317e48fdc994c22ed3b53896d279deb5eeba0ccf,002137.SZ,2024-12-26,5,5,READY_PROVISIONAL,UNRESOLVED_REGIME_OR_EXCEPTION
e0c1c2e58f9d3f83eecb5027ffa62b4e4a06f17356a17f823f05985f3591a856,002141.SZ,2024-02-22,1,1,UNVERIFIED_WARMUP,REJECTED_STRICT_PREDICATE
b32c15e4e20bae9e6d270a4139a1c39482dd68f8370eed7c1e1259c0a561f2f9,002141.SZ,2024-02-23,2,2,UNVERIFIED_WARMUP,REJECTED_STRICT_PREDICATE
9dc1da7145907cc0ce2025b7299c1736c56c89385f9d06f1c64f079303d886f1,002141.SZ,2024-02-26,2,2,UNVERIFIED_WARMUP,REJECTED_STRICT_PREDICATE
2f6e48e5ec5251b356469c7976047c0fd43a7c8bf6c5081ab98c6c1720c506cf,002141.SZ,2024-05-22,0,0,UNVERIFIED_WARMUP,REJECTED_STRICT_PREDICATE
fc5332b75773811f7bf85ea4358290455c8a17a061194f0473353641f9bc1886,002141.SZ,2024-05-23,0,0,UNVERIFIED_WARMUP,REJECTED_STRICT_PREDICATE
c916840fe863f62072f230f2d2801550f562e954eb66264655510d5f0c65e591,002141.SZ,2026-06-18,3,3,READY_PROVISIONAL,REJECTED_STRICT_PREDICATE
627b8909b07b4af898b21a8eca825c55c9dc918af24c4d137091f5d421108c4d,002141.SZ,2026-06-23,4,4,READY_PROVISIONAL,UNRESOLVED_REGIME_OR_EXCEPTION
5ab08bb5af37b2d1456327854dc8d7928cfae82b4ea53655e33cc42d7af13fbf,002148.SZ,2025-08-07,4,4,READY_PROVISIONAL,UNRESOLVED_REGIME_OR_EXCEPTION
eb9158478e7a03c47e7e3fa85462983b9693bc69e45b178d2abfa72d63b8a34f,002148.SZ,2025-08-08,4,4,READY_PROVISIONAL,UNRESOLVED_REGIME_OR_EXCEPTION
3147a492e9b6c216ce6a9ae6815ceed7d963f640820ad34884b8f4e59731771b,002148.SZ,2025-08-11,4,4,READY_PROVISIONAL,UNRESOLVED_REGIME_OR_EXCEPTION
e791e1b92ebb31952a1fe82aa7e550b1f632dbe30feb55eace7fe3bc098a577b,002148.SZ,2025-08-12,4,4,READY_PROVISIONAL,UNRESOLVED_REGIME_OR_EXCEPTION
413732e02f1b73193c08af2b1d4700547c1b80414f6dedb8db96ebf52201cb5c,002148.SZ,2025-08-13,4,4,READY_PROVISIONAL,UNRESOLVED_REGIME_OR_EXCEPTION
1dfbd046c952dcecad54767f71b0a19d3a8bd5314bc45d857fe60c057bc00201,002149.SZ,2025-12-10,3,3,READY_PROVISIONAL,REJECTED_STRICT_PREDICATE
c94d9658567e91b7019b986e5ca3b9f9edfd658a5f7c1427d07505ef1121a0df,002149.SZ,2025-12-11,3,3,READY_PROVISIONAL,REJECTED_STRICT_PREDICATE
a6e377af73a01428e9ca5e57456e4e6ffd3758d89b6cbff66de6b334cae6bdf4,002149.SZ,2025-12-12,3,3,READY_PROVISIONAL,REJECTED_STRICT_PREDICATE
ffe14be70bfc6f4510e96a7ae32f4d1a28a9f3f14e66db015d18a3e5efa6a4e9,002153.SZ,2024-10-08,2,2,READY_PROVISIONAL,REJECTED_STRICT_PREDICATE
3d5877cd01a4f8ea793c69c88ec8b4687ceb860ec56196455484231b44be3744,002153.SZ,2024-10-09,2,2,READY_PROVISIONAL,REJECTED_STRICT_PREDICATE
a23b4fdf911cb0049c2ab9dcc9303e44eb54c5418505d9630080a44e62c868fa,002153.SZ,2026-01-15,2,2,READY_PROVISIONAL,REJECTED_STRICT_PREDICATE
5ba43e1f196cc4b41b24f314ed83684e9831e54f09505f1a85b2160df0638a46,002154.SZ,2024-09-30,1,1,READY_PROVISIONAL,REJECTED_STRICT_PREDICATE
1499356ec2f373eb6041774f9bcf515e7f2a18fb942d63cbabe175eb313d1297,002155.SZ,2024-11-26,4,4,READY_PROVISIONAL,UNRESOLVED_REGIME_OR_EXCEPTION
b11a294498cfe94650c98789b6e58caed930d489be872f9705743aed3c511980,002155.SZ,2026-01-29,4,4,READY_PROVISIONAL,UNRESOLVED_REGIME_OR_EXCEPTION
35ec041d534a0cf097b950e15f942f3ef6c8d8c3c9fcebc73252599511e9836b,002155.SZ,2026-01-30,5,5,READY_PROVISIONAL,UNRESOLVED_REGIME_OR_EXCEPTION
f9e3a11c767fa5e9bf895bbe09a9f03558aa7f39738c7138869ff4e1075aaace,002155.SZ,2026-02-02,4,4,READY_PROVISIONAL,UNRESOLVED_REGIME_OR_EXCEPTION
a30afb8c5a023ee57b3aee460be9a61b6789bbcaf7f6da280b1c9c0298d5457e,002155.SZ,2026-02-03,4,4,READY_PROVISIONAL,UNRESOLVED_REGIME_OR_EXCEPTION
83d153d9e30d5e66584a496c282b9931beba003c38dea5a4ce902e73d12859ee,002156.SZ,2024-11-05,3,3,READY_PROVISIONAL,REJECTED_STRICT_PREDICATE
ebf1754cb9cccb20f5492379ba01128f16fbac776333599db86006e217e57037,002156.SZ,2024-11-06,4,4,READY_PROVISIONAL,UNRESOLVED_REGIME_OR_EXCEPTION
ed84f74b0513e77d914d9c471efdc17941de20129e4c2924ce80fd2de245e7b9,002158.SZ,2025-08-20,4,4,READY_PROVISIONAL,UNRESOLVED_REGIME_OR_EXCEPTION
bb687ef6e61bc166a8dad2e336b295f88d02d134868f1952a6670975bc14af2a,002158.SZ,2025-08-21,4,4,READY_PROVISIONAL,UNRESOLVED_REGIME_OR_EXCEPTION
483baf85a8b7a2fae777f706a50fff601599cf736407eed8d1a5f18e864956b7,002158.SZ,2026-05-11,2,2,READY_PROVISIONAL,REJECTED_STRICT_PREDICATE
bd2d5f0ca6ae5486b3da3a33a262a8e4c36a520be69cf42e3ae641911cbc29f5,002161.SZ,2024-11-22,4,4,READY_PROVISIONAL,UNRESOLVED_REGIME_OR_EXCEPTION
df3b1008b163de0f6f18e49cba1bd29512eeb8fba5caa1d38cc9d045df4f9bec,002163.SZ,2025-12-25,4,4,READY_PROVISIONAL,UNRESOLVED_REGIME_OR_EXCEPTION
47265bd1e42b7c3e88493a721df3e85db689a269ce776d107b0c1e83a913ee31,002163.SZ,2025-12-26,4,4,READY_PROVISIONAL,UNRESOLVED_REGIME_OR_EXCEPTION
1df752aa25a62f9ccec43f3c664bb4c4a36f6a4c808d6442bb5ba317f8284802,002163.SZ,2025-12-29,3,3,READY_PROVISIONAL,REJECTED_STRICT_PREDICATE
d7745f6d18f2600bb09811fb8d48a864dc65ca6d2272fbea901f3e95863a9706,002163.SZ,2025-12-31,1,1,READY_PROVISIONAL,REJECTED_STRICT_PREDICATE
3948672fa6ce7ceb320e7cd7e710ff97da92821d50b1aa38c98aac0a0f4c0194,002164.SZ,2025-01-16,4,4,READY_PROVISIONAL,UNRESOLVED_REGIME_OR_EXCEPTION
018c301a3b62b485c2d75ae6937af530a69377f9f6cba6c9f195bd7200d16004,002164.SZ,2025-03-20,4,4,READY_PROVISIONAL,UNRESOLVED_REGIME_OR_EXCEPTION
223d142529da89b7be3c5df5822e009d29ae7c4a7fb92fc716e5d274d0f1f21c,002164.SZ,2025-03-21,4,4,READY_PROVISIONAL,UNRESOLVED_REGIME_OR_EXCEPTION
d57ee4890543b5eaa49b0bc4fb63eadc808ee91cca6f9c528556f5d77503dec3,002165.SZ,2024-11-13,3,3,READY_PROVISIONAL,REJECTED_STRICT_PREDICATE
0cedc5f4196996434dc251c9dfa5357ff6318554cadf02c85b74ac96e7152977,002165.SZ,2024-11-14,3,3,READY_PROVISIONAL,REJECTED_STRICT_PREDICATE
eb72f6f02d8014eee23691d87e88223421d19486043bc3d06fd870a4b7c736b2,002165.SZ,2025-04-16,2,2,READY_PROVISIONAL,REJECTED_STRICT_PREDICATE
d644aaac2c8e49af02e6e40f14cf1b35c0e6a587eb38cb1c60cd47d81c2dd8f5,002165.SZ,2025-04-17,3,3,READY_PROVISIONAL,REJECTED_STRICT_PREDICATE
114059e4ec79cad876c8d22ca59ce7f81bed8a2c2a87695505305eb1c07d17ff,002165.SZ,2025-04-18,4,4,READY_PROVISIONAL,UNRESOLVED_REGIME_OR_EXCEPTION
4c0962a7ad56ea7754747cb8efa3fbee6e40a47b4e5a571a60b5deef7ece3c88,002165.SZ,2025-04-21,4,4,READY_PROVISIONAL,UNRESOLVED_REGIME_OR_EXCEPTION
31d65b19acb989caa14c68d4005bd2de92be370c7dd5f789f6e9cb76f1ef00a1,002165.SZ,2025-04-22,4,4,READY_PROVISIONAL,UNRESOLVED_REGIME_OR_EXCEPTION
ad86234194aac5edbcb9f5db00dc254947d37447498e3ba60c2a1e626a2ee47e,002167.SZ,2024-04-02,1,1,UNVERIFIED_WARMUP,REJECTED_STRICT_PREDICATE
6965f2a9860402696a31224f6a2cb1e8e3ec34bd53c68fb809083eb70918bdd5,002167.SZ,2024-04-03,1,1,UNVERIFIED_WARMUP,REJECTED_STRICT_PREDICATE
23b67521b57c0cfc413333bd31d1f721d67831dad4b6ea72dcab3da418fcb9db,002167.SZ,2024-04-08,2,2,UNVERIFIED_WARMUP,REJECTED_STRICT_PREDICATE
e813e083b13790cc6f3506d9c64f0f4899f36a51cd7c9613f0db004e2eff8b3c,002167.SZ,2024-04-09,2,2,UNVERIFIED_WARMUP,REJECTED_STRICT_PREDICATE
6de8602052e651bb894d16e957072f9d4979ca0283620ee6ab0b3d6e9f027b74,002167.SZ,2026-06-24,4,4,READY_PROVISIONAL,UNRESOLVED_REGIME_OR_EXCEPTION
4d8224198562c52eb3c7cbf4af238403f35bc9ab0357ef5347af20081cc24e9a,002167.SZ,2026-06-25,4,4,READY_PROVISIONAL,UNRESOLVED_REGIME_OR_EXCEPTION
200c168b30e3dc9024dfabcfae2ba1b062a8015703cce1a5cde100bde78de079,002167.SZ,2026-06-26,3,3,READY_PROVISIONAL,REJECTED_STRICT_PREDICATE
d448c7c6d0316f4317fe3b41c05e6ad48d7c5beb055ea4a53e46e5e6e018dcf1,002168.SZ,2024-07-22,4,4,READY_PROVISIONAL,UNRESOLVED_REGIME_OR_EXCEPTION
e71c8b21bebc1c81a664d9cec305d6548334e341860cef5576231b7dcbe9ce3e,002169.SZ,2026-05-22,1,1,READY_PROVISIONAL,REJECTED_STRICT_PREDICATE
6b7d961f3e51dcfef2f6d320882751865ba49afe16840e694d74367a9eabb54c,002172.SZ,2026-08-17,4,4,READY_PROVISIONAL,UNRESOLVED_REGIME_OR_EXCEPTION
70e5e8f7dc8587c50e14dfa3e5916bda4e6754b7efc629dfb99348cde1a9d5cd,002172.SZ,2026-08-18,4,4,READY_PROVISIONAL,UNRESOLVED_REGIME_OR_EXCEPTION
455fa9988359a7efe24e4f64175b420fdd60c991f223db84815d9ba8329527c3,002173.SZ,2025-08-13,3,3,READY_PROVISIONAL,REJECTED_STRICT_PREDICATE
ae880c6fc45e32a2d0b1c3ea8d7975d69477024dfbee74287bece0548383fc46,002173.SZ,2025-08-14,3,3,READY_PROVISIONAL,REJECTED_STRICT_PREDICATE
34577ed50a62c735b4d5040ad97a83dfdfa287701ee30670abf3d1c449692149,002173.SZ,2025-08-15,3,3,READY_PROVISIONAL,REJECTED_STRICT_PREDICATE
11c24e0ceb3eaffdb5bc826608bb36218a8fcbe5f1bba710fef4b795cf6e0009,002173.SZ,2025-08-18,3,3,READY_PROVISIONAL,REJECTED_STRICT_PREDICATE
f08fdbf5a283c2d094378d79badb03410a0d3d09fce8132f0a7a2772d608c32f,002173.SZ,2026-01-08,4,4,READY_PROVISIONAL,UNRESOLVED_REGIME_OR_EXCEPTION
3d200c055a60c4095161443f0211a7b4010a7ee274014734d339ab9e8ceb1fcb,002173.SZ,2026-01-09,5,5,READY_PROVISIONAL,UNRESOLVED_REGIME_OR_EXCEPTION
cf50a13d8158c55a5b25ad2465cf14cc7cf813b9909748813f72397ec873c930,002173.SZ,2026-01-12,4,4,READY_PROVISIONAL,UNRESOLVED_REGIME_OR_EXCEPTION
163533924a07692b290b21558777c66e29ad3d9b40709b376c5fb3d3c42fe273,002173.SZ,2026-01-13,3,3,READY_PROVISIONAL,REJECTED_STRICT_PREDICATE
83351c7947ff4db8c98ae000c59fc72e5739c62adadbe053a5ebedc9eae85549,002175.SZ,2024-11-22,3,3,READY_PROVISIONAL,REJECTED_STRICT_PREDICATE
9538e6cf266b4bc302e097f324e92738352a709f0fc7866fcb8f1abe0b5cee1a,002175.SZ,2024-11-25,4,4,READY_PROVISIONAL,UNRESOLVED_REGIME_OR_EXCEPTION
8bdf2d5ec88721d36292c64c2a5acdfe6593e5c141619d3eabdb7d3f41fdf188,002175.SZ,2024-11-26,4,4,READY_PROVISIONAL,UNRESOLVED_REGIME_OR_EXCEPTION
6d5821ff764cb0834c451d804436439ec723ef12da88fdab0bb418e2225fb92d,002175.SZ,2024-11-27,4,4,READY_PROVISIONAL,UNRESOLVED_REGIME_OR_EXCEPTION
d98afe4379b12c6ea12e7bed1bbc560409c0fb24f227251cb151882455620ddf,002175.SZ,2024-12-11,4,4,READY_PROVISIONAL,UNRESOLVED_REGIME_OR_EXCEPTION
ccf22b3cdfb7493ec72ce385a6e4c3ac0bc045978f1fe551d2562e0eebd6581d,002175.SZ,2024-12-12,5,5,READY_PROVISIONAL,UNRESOLVED_REGIME_OR_EXCEPTION
6211970108ebe66b3dfc2ae96998b8a3c632e334cf397292ab8ecdd197eb12b7,002175.SZ,2024-12-13,5,5,READY_PROVISIONAL,UNRESOLVED_REGIME_OR_EXCEPTION
50763b542ad9aa5756b45f4967a293d43fd09eabcad70c60454fd60df4dae03c,002175.SZ,2024-12-16,4,4,READY_PROVISIONAL,UNRESOLVED_REGIME_OR_EXCEPTION
70cba0e97d526c47cc1144dcd56c8e19a4de97e7ad0e98b794bc5b98357db6b1,002177.SZ,2025-06-03,3,4,READY_PROVISIONAL,UNRESOLVED_REGIME_OR_EXCEPTION
a84ace0463bb605b29843fb94ac4adfaa698b911e7036d4b9d935f75fd80c96d,002177.SZ,2025-06-04,4,5,READY_PROVISIONAL,UNRESOLVED_REGIME_OR_EXCEPTION
da035f63e3bc50b531d054b3e0f3f74edb951c7f7c55f9fb10e3fc5290674321,002177.SZ,2025-06-05,3,4,READY_PROVISIONAL,UNRESOLVED_REGIME_OR_EXCEPTION
0e3f468387a30219420875f6c8d6dbdbd1a89b8f6f2ae244c37a9607d2f1a758,002177.SZ,2025-06-06,2,3,READY_PROVISIONAL,REJECTED_STRICT_PREDICATE
57d757536749f31ee42cc49da15a4892b50eb5baebf916e138108fd323b69c27,002177.SZ,2025-08-22,4,4,READY_PROVISIONAL,UNRESOLVED_REGIME_OR_EXCEPTION
140dd0aea9da3054252096474348c7fd08ae2527bc92a49cdaa6eae024028599,002177.SZ,2025-08-25,4,4,READY_PROVISIONAL,UNRESOLVED_REGIME_OR_EXCEPTION
2ae486be47c6b0d56e44ab54a12be8f5f098c97223eb0ded5bffa8b54a80c3f4,002177.SZ,2026-01-06,4,4,READY_PROVISIONAL,UNRESOLVED_REGIME_OR_EXCEPTION
ce2acedd680734757c482f65dfb55e5fee126711dc5097e29ee42f34b8d1c4bf,002178.SZ,2024-10-09,4,4,READY_PROVISIONAL,UNRESOLVED_REGIME_OR_EXCEPTION
3e67640de3313e60f6be509609a6972e83c898dcf8af957849e5019c9276c30a,002178.SZ,2024-10-10,4,4,READY_PROVISIONAL,UNRESOLVED_REGIME_OR_EXCEPTION
3695b06786b265fdd7cb494719ec8a0a271734659ee939127a721789dd3c5e98,002178.SZ,2024-11-04,4,4,READY_PROVISIONAL,UNRESOLVED_REGIME_OR_EXCEPTION
8156fdef022e72f6a73184cea31c0d0b3dea13fe8f0b633a4a7d04a227f68824,002178.SZ,2024-11-05,4,4,READY_PROVISIONAL,UNRESOLVED_REGIME_OR_EXCEPTION
85aec5b5a6d292a25fe28b19e869e581b4b6acfa473ed4f8f079655d668a3c3d,002178.SZ,2024-11-06,4,4,READY_PROVISIONAL,UNRESOLVED_REGIME_OR_EXCEPTION
4fed9ebf7ecb7e2b1332197b2fa28c5596c4ee7bc7111ad748c1c79c9c0f3736,002178.SZ,2024-11-07,4,4,READY_PROVISIONAL,UNRESOLVED_REGIME_OR_EXCEPTION
f7e1630eeaac94aba3154d1a5959d84a8a175c075012207178d9044b9c2f95f7,002178.SZ,2024-11-08,4,4,READY_PROVISIONAL,UNRESOLVED_REGIME_OR_EXCEPTION
e19d41a05740d009c35ac16ab03bd9d4457698b641bb0466c738ee7919f637b7,002180.SZ,2024-09-30,0,0,READY_PROVISIONAL,REJECTED_STRICT_PREDICATE
fa7507a3b65b8135a14a720d0c0ed0a935d86f98aa74462e7b43c071cd348808,002180.SZ,2024-10-08,0,0,READY_PROVISIONAL,REJECTED_STRICT_PREDICATE
131f1f369f11825214eb4ad0ad1a27eccdb9845f1847e4971fad7bbc2ba00ec5,002180.SZ,2024-10-09,0,0,READY_PROVISIONAL,REJECTED_STRICT_PREDICATE
06a5dfd0559776390b129aab1c03ad3d75410bde33e03dbb35b32b71f65aaf6f,002181.SZ,2024-11-26,3,3,READY_PROVISIONAL,REJECTED_STRICT_PREDICATE
e5a517a77935641a5a1d9eaa29a09c685ba9a2a3202c6586bb7b6b13e779ef95,002181.SZ,2024-12-11,3,3,READY_PROVISIONAL,REJECTED_STRICT_PREDICATE
647e69cab7985b184d5d326f8c66133ae1525939c0dee466373dd6e22ec79dcc,002181.SZ,2024-12-12,4,4,READY_PROVISIONAL,UNRESOLVED_REGIME_OR_EXCEPTION
4d4a74499086212dbb4b28ada97aa69ae2c5739ef9c499209c351f1cdcf588ff,002181.SZ,2024-12-13,4,4,READY_PROVISIONAL,UNRESOLVED_REGIME_OR_EXCEPTION
81bd9980ab6d3362dad41a6e18e9603cedd260eee78f4138d9cbc5dd787cb8de,002181.SZ,2024-12-16,4,4,READY_PROVISIONAL,UNRESOLVED_REGIME_OR_EXCEPTION
95c3f12028d9dfebb84a76200bd133c41416591cf986739f040a1319cb2a9bb4,002181.SZ,2024-12-17,4,4,READY_PROVISIONAL,UNRESOLVED_REGIME_OR_EXCEPTION
0c0d48172ed82449a554a6454e9153f6dd0b78af74c54dc26a884bb60f49b374,002181.SZ,2024-12-18,4,4,READY_PROVISIONAL,UNRESOLVED_REGIME_OR_EXCEPTION
5188a56f0990270da29fb91eb81208d047056be3b02752d7ca410638cf81b46a,002181.SZ,2024-12-19,4,4,READY_PROVISIONAL,UNRESOLVED_REGIME_OR_EXCEPTION
3019853638b027df9b142efb3f854931d02c8f3075864a5546242c050e0c9ced,002181.SZ,2025-06-12,4,4,READY_PROVISIONAL,UNRESOLVED_REGIME_OR_EXCEPTION
85cec9a1068c9aa04439c127096b82aec2b522dd232a47eddfb2d9233d320dff,002183.SZ,2024-10-29,2,2,READY_PROVISIONAL,REJECTED_STRICT_PREDICATE
b08c17a06b59cf9cf22b5b4329bcdaa0cfa898e73647e57241e8d315e172d6c1,002183.SZ,2024-10-31,2,2,READY_PROVISIONAL,REJECTED_STRICT_PREDICATE
36b95f3ae4951bbe4da9eb74793cb98e156bc49430cd1eba45fa6567e76d79a4,002183.SZ,2026-05-11,1,1,READY_PROVISIONAL,REJECTED_STRICT_PREDICATE
f3627202aaeb88942d822e4c06dded3f250584bde0b59889310fe5f5f09750a3,002183.SZ,2026-05-13,2,2,READY_PROVISIONAL,REJECTED_STRICT_PREDICATE
175eba46a044fbd5a380690b45977e3766e456f4400af3a8643d752ea1cae864,002184.SZ,2025-01-06,4,4,READY_PROVISIONAL,UNRESOLVED_REGIME_OR_EXCEPTION
a2301d1e51766f4fa0e83b5be760da5cd6b4b2b456718e7e8829982f108d3d06,002184.SZ,2025-01-07,5,5,READY_PROVISIONAL,UNRESOLVED_REGIME_OR_EXCEPTION
86b9205586eb2e021385df938d91d9e53aff6ef4a803276074d2bbd74b0ad230,002184.SZ,2025-01-08,5,5,READY_PROVISIONAL,UNRESOLVED_REGIME_OR_EXCEPTION
9f607f7faad2c97f6fb30c5d0b9ad792bf86d89368072045cd637a9f61523240,002184.SZ,2025-01-09,5,5,READY_PROVISIONAL,UNRESOLVED_REGIME_OR_EXCEPTION
ceacc4423833db9bef98cc66f7f1a164014194744d04fad5f09113fd31c441c8,002184.SZ,2025-01-10,4,4,READY_PROVISIONAL,UNRESOLVED_REGIME_OR_EXCEPTION
b7ca303bb0c21d14fd11b4cd04d56de757bb298cbfa5106fce300c84bc452e54,002185.SZ,2024-02-19,4,4,UNVERIFIED_WARMUP,UNRESOLVED_RSI_WARMUP
261abd9e681c173e39b0cc32fc5f70f90a14b59472f6e7b83cb8f9386f3cd861,002185.SZ,2024-02-20,4,4,UNVERIFIED_WARMUP,UNRESOLVED_RSI_WARMUP
7036218328dde611cf58a465a8d1590eaed413738acf3593d7e83f3a3ea1eb6d,002185.SZ,2026-05-28,2,2,READY_PROVISIONAL,REJECTED_STRICT_PREDICATE
31b08b230488d613be2a01ce12fe2f5ee5f3c4cefc6361a78820c97a8b5cf385,002187.SZ,2024-12-03,3,3,READY_PROVISIONAL,REJECTED_STRICT_PREDICATE
2e74cfa6465708b8e7e530a95edb25b5994d8765855b831f59bcf631e0d0720f,002190.SZ,2025-05-12,4,4,READY_PROVISIONAL,UNRESOLVED_REGIME_OR_EXCEPTION
d8ebc32295ee9dc12b59a767699f2d61bb04d6b2fe2e99d287168ab5695e0916,002190.SZ,2025-05-13,5,5,READY_PROVISIONAL,UNRESOLVED_REGIME_OR_EXCEPTION
d801ae4acf251e44e8ef409aa638aa2c4e1b3c8d68fbb79d99a8ccdf87701dc6,002190.SZ,2025-05-14,5,5,READY_PROVISIONAL,UNRESOLVED_REGIME_OR_EXCEPTION
58b1350af83d6b300a5f913acd771811f37e6c7e18b22d9be3ec381eac92f1c8,002190.SZ,2025-05-15,5,5,READY_PROVISIONAL,UNRESOLVED_REGIME_OR_EXCEPTION
dcad04defc8f9c4f556519e820ba592fdc4a48d55636fc5d01d605598d17b418,002190.SZ,2025-05-16,5,5,READY_PROVISIONAL,UNRESOLVED_REGIME_OR_EXCEPTION
ef786d52810a1c32132c16031b5673068fc046e06e46bcce2ffab8fe2b1c29ea,002190.SZ,2025-05-19,5,5,READY_PROVISIONAL,UNRESOLVED_REGIME_OR_EXCEPTION
2889a1548ba9a03c9a434b362e817f2bb7af949dcd767d0f1191ea75a5d65744,002190.SZ,2025-05-20,4,4,READY_PROVISIONAL,UNRESOLVED_REGIME_OR_EXCEPTION
df3bcdef025cf7161afcbbaf45e45e1eccee8ab003ff7a321b382eeb18c43e60,002190.SZ,2025-05-21,3,3,READY_PROVISIONAL,REJECTED_STRICT_PREDICATE
1ab8b415b3a972114c445933b6f90792d151d79688647d8f517ee5d2190503a2,002190.SZ,2025-08-25,4,4,READY_PROVISIONAL,UNRESOLVED_REGIME_OR_EXCEPTION
5a4fb0b857ef40be032c9cd0e050e975259b79280d6c08a0cbcc8bb2e2918d98,002190.SZ,2025-08-26,4,4,READY_PROVISIONAL,UNRESOLVED_REGIME_OR_EXCEPTION
bed6322574b4af8d207b6abee891268ea1e37bd82664753ea29f1e06c4c148d4,002192.SZ,2026-03-27,4,4,READY_PROVISIONAL,UNRESOLVED_REGIME_OR_EXCEPTION
40c4c37545b3f2402ea34f92a0c739f7c8113754b0f6f0857f1cc0b7d7fa30be,002192.SZ,2026-03-30,4,4,READY_PROVISIONAL,UNRESOLVED_REGIME_OR_EXCEPTION
1070bc75573b83caf213dd61ebb28c6563f452f277fa751b78aa2561de78d689,002192.SZ,2026-03-31,3,3,READY_PROVISIONAL,REJECTED_STRICT_PREDICATE
c51f653d90446562d2a29f01a78824e03719cdf3e8a5a56947966439c2d8eaab,002193.SZ,2024-12-03,3,3,READY_PROVISIONAL,REJECTED_STRICT_PREDICATE
17e23d0c1efe93bec38eb6df9bfad2db964b3ce6863c116ab2312d55529a54d4,002193.SZ,2024-12-04,4,4,READY_PROVISIONAL,UNRESOLVED_REGIME_OR_EXCEPTION
1290b446662e96161d25b5290a493a8c289c26f3a4b967bbc0b4f6c0a31853f9,002193.SZ,2024-12-05,4,4,READY_PROVISIONAL,UNRESOLVED_REGIME_OR_EXCEPTION
10d8c51fcc4c19469f4c4d5281cd2cbea8367acbe05ebf3d2c2d032b1ec9292c,002193.SZ,2024-12-06,4,4,READY_PROVISIONAL,UNRESOLVED_REGIME_OR_EXCEPTION
d5767e5eb6759817dc5c46f697622a4b4394aab5cc680a893f6194e0e29c2b67,002193.SZ,2024-12-09,4,4,READY_PROVISIONAL,UNRESOLVED_REGIME_OR_EXCEPTION
fac2e7fb83ad8663495ffbf7430f1d9caa9b7cb83d495d6b2abdd4b92208be2b,002194.SZ,2024-11-20,3,3,READY_PROVISIONAL,REJECTED_STRICT_PREDICATE
460c2557224835182c8e25fe1e3de27b655fd351f8f2cef8fae8857c83e06f16,002195.SZ,2024-12-05,4,4,READY_PROVISIONAL,UNRESOLVED_REGIME_OR_EXCEPTION
f00f969f80aeb6e32e152f8b95584de1152d733d0a495db77ff6fd043c778c43,002195.SZ,2024-12-06,4,4,READY_PROVISIONAL,UNRESOLVED_REGIME_OR_EXCEPTION
cb719c4791d2e540cd904b740d1cd1135225f173d430d3f3a05d12208d01896e,002195.SZ,2026-01-08,4,4,READY_PROVISIONAL,UNRESOLVED_REGIME_OR_EXCEPTION
52fd9fe14959403e58cccaab217096d208aa7e632ee2fc780471c0fb498a49f0,002195.SZ,2026-01-09,4,4,READY_PROVISIONAL,UNRESOLVED_REGIME_OR_EXCEPTION
48cf80cdb3851f526c6ee6a19a551b8f89c9f1af9acf437a160e7b54611897f8,002195.SZ,2026-01-12,4,4,READY_PROVISIONAL,UNRESOLVED_REGIME_OR_EXCEPTION
61c6b32487abb8f6fa1ee034b0be9eccfd9ccabd6b990b9e1a56ca47277235c7,002195.SZ,2026-01-13,3,3,READY_PROVISIONAL,REJECTED_STRICT_PREDICATE
81df267efab67a6f3e632841bb3ae304cd1e736cff43ff1ae9b77e933513ebfc,002195.SZ,2026-01-14,3,3,READY_PROVISIONAL,REJECTED_STRICT_PREDICATE
957c098d8de06e51b7264af27974da22e4fc4460506f21f6eb753ce605580753,002196.SZ,2025-03-11,4,4,READY_PROVISIONAL,UNRESOLVED_REGIME_OR_EXCEPTION
3b7d2d91fb51dbfd9812b90482761506062311391c0dbb1ece1252eaefa862a4,002196.SZ,2025-03-13,3,3,READY_PROVISIONAL,REJECTED_STRICT_PREDICATE
8e78f5109aa34ff2864e60cba2236a16cfc8ef8a3fdb3a2c290108d0ed79838c,002196.SZ,2025-11-12,3,3,READY_PROVISIONAL,REJECTED_STRICT_PREDICATE
1163a29d54fd5020cafde5e15d3f5bd10a7a74e46b0ffad0a5cd23556447e4f1,002197.SZ,2024-10-22,0,0,READY_PROVISIONAL,REJECTED_STRICT_PREDICATE
de8226bb4e18de404e36d49e1bee8ae6031a8a246d650401f1e37ebd81028e6d,002197.SZ,2024-10-23,0,0,READY_PROVISIONAL,REJECTED_STRICT_PREDICATE
2d7600f5e21a754fc7ec5cde2a3ecf0c92e2c6ab211e143c25c5384363e6d35c,002197.SZ,2024-10-24,0,0,READY_PROVISIONAL,REJECTED_STRICT_PREDICATE
761c48e9c20f83a634c8c76340e4f0f7120d39f0c816bcdc525f467161af107d,002197.SZ,2024-10-25,0,0,READY_PROVISIONAL,REJECTED_STRICT_PREDICATE
3c4b6052d546be4810c710d4c1b87f8bc8c7b3e9fbf6eaeb8f182dfd9af861e9,002199.SZ,2024-06-17,4,4,UNVERIFIED_WARMUP,UNRESOLVED_RSI_WARMUP
65a95b13917bb0728d7691910dc6fe5552dbc901c1318bf159757f50a15a9c95,002199.SZ,2024-06-18,5,5,UNVERIFIED_WARMUP,UNRESOLVED_RSI_WARMUP
c99503f84d88801c70086ddeb46876caf73accc5933ac40dc9b20ee415711346,002199.SZ,2024-06-19,5,5,UNVERIFIED_WARMUP,UNRESOLVED_RSI_WARMUP
eb56bc3bc51d36280cf72c4471f9a353d890bd4f86845ab8e25e4bd9e22bcf6c,002199.SZ,2024-06-20,5,5,UNVERIFIED_WARMUP,UNRESOLVED_RSI_WARMUP
6efbec319eb7371d28ed2e4513307fa79f7af66afd382697d76df4985ab07926,002199.SZ,2024-06-21,4,4,UNVERIFIED_WARMUP,UNRESOLVED_RSI_WARMUP
8f9cad6af724f3eb6913f43173fb47b88336c56aa20f6f4ad1bac2742238123b,002199.SZ,2024-10-21,4,4,READY_PROVISIONAL,UNRESOLVED_REGIME_OR_EXCEPTION
f13e0a4848c7557ca6514672cf863a2dafb195c201ba254d2b72a668d618e95c,002199.SZ,2024-10-22,4,4,READY_PROVISIONAL,UNRESOLVED_REGIME_OR_EXCEPTION
6a467c3add35058e13081756f5615ec0efe20621046c223c95eb438f99961649,002199.SZ,2025-06-18,0,0,READY_PROVISIONAL,REJECTED_STRICT_PREDICATE
5e5e5ef3c93fdc8fd29a8f1a8e5e90a42b987c7402f5c16b700ded941339b56e,002200.SZ,2025-05-12,0,0,READY_PROVISIONAL,REJECTED_STRICT_PREDICATE
951a927bbdc39b997a0189f8cdc08da8d6defbdb12432e0dca054fb692e5c38c,002201.SZ,2025-12-26,4,4,READY_PROVISIONAL,UNRESOLVED_REGIME_OR_EXCEPTION
694bfe76620f565cc32c6dd54f6d600a4750d99b466a3408d2056707430b582d,002201.SZ,2025-12-30,3,3,READY_PROVISIONAL,REJECTED_STRICT_PREDICATE
4a68cec34a1fb23ea17721761cdd4241fa48d5edbda4c501f2c567605365779f,002201.SZ,2026-01-26,3,3,READY_PROVISIONAL,REJECTED_STRICT_PREDICATE
8f2395989dc01baadd37586faa2af8ce45a9ed78bc6fc31dd89dbb65feab57d9,002202.SZ,2026-01-08,3,3,READY_PROVISIONAL,REJECTED_STRICT_PREDICATE
8b3048ebaca1f88332bee586602b8b09e9b7d9e0d55370a0007dcc1448570392,002202.SZ,2026-01-09,4,4,READY_PROVISIONAL,UNRESOLVED_REGIME_OR_EXCEPTION
ff260dfb78160f279705460ebbe41521fa995b6826cfe431bdc16b5109c8f515,002202.SZ,2026-01-12,5,5,READY_PROVISIONAL,UNRESOLVED_REGIME_OR_EXCEPTION
92b70fff1ece8a6141080941bf1369832511f9d98ebfa97e9a9a4432a4b18cca,002202.SZ,2026-01-13,4,4,READY_PROVISIONAL,UNRESOLVED_REGIME_OR_EXCEPTION
8df3b8954e68a5c5d06828a4cbf2790c2a88d8f9c65d6119ba4f213e819ade05,002204.SZ,2025-03-24,4,4,READY_PROVISIONAL,UNRESOLVED_REGIME_OR_EXCEPTION
3fc8b776af2cd83805f6ddc54ce2fab098f841298718b56e94a2e48f92be7308,002204.SZ,2025-03-25,4,4,READY_PROVISIONAL,UNRESOLVED_REGIME_OR_EXCEPTION
33c8f3ce186375ce8499cae7454625f47199a4cba58aec02340566046dada194,002204.SZ,2025-03-26,4,4,READY_PROVISIONAL,UNRESOLVED_REGIME_OR_EXCEPTION
521b267403314f4d7dfec5aaad77deab4bd4b63ff5752cffc8d2f9acdd0373be,002207.SZ,2025-06-18,4,4,READY_PROVISIONAL,UNRESOLVED_REGIME_OR_EXCEPTION
34bce27df944292b2ac3f65b7896b2f1296e4c277d02f98774e3dc4e796aa753,002207.SZ,2025-06-19,5,5,READY_PROVISIONAL,UNRESOLVED_REGIME_OR_EXCEPTION
ad14d9aff03c1f0adcec69de1597a97fcb680b3461860c80784dcb89dcfb2457,002207.SZ,2025-06-20,4,4,READY_PROVISIONAL,UNRESOLVED_REGIME_OR_EXCEPTION
77705ba8ea1d99170ba23c37eaaee3565d9a9ba3eb83ba704c9d945c6270cbe4,002207.SZ,2025-06-23,4,4,READY_PROVISIONAL,UNRESOLVED_REGIME_OR_EXCEPTION
b1ee56d645f6b0d1904fd5b9468a1f17ccf2fef76b9206aa939daca60ad1062d,002208.SZ,2024-09-26,2,2,READY_PROVISIONAL,REJECTED_STRICT_PREDICATE
abea8e88bbe27999eed561d47ea7a940b19b0f048f6c5b66d206acf740a2836e,002208.SZ,2024-09-27,3,3,READY_PROVISIONAL,REJECTED_STRICT_PREDICATE
613ad109b6e7da9dafd0f613f8894288e358a7c27ef079fefc7a3cbf8cc27b84,002208.SZ,2024-09-30,4,4,READY_PROVISIONAL,UNRESOLVED_REGIME_OR_EXCEPTION
c2892f70ce220dd38fa78f92ef3048e82eb5b7845936038b8b78380f4a14064d,002208.SZ,2024-10-08,5,5,READY_PROVISIONAL,UNRESOLVED_REGIME_OR_EXCEPTION
5d169884ea8281d11d9abb99c5dac20fb4e32655d0ca55be01b6adde8a5cf788,002208.SZ,2024-10-09,4,4,READY_PROVISIONAL,UNRESOLVED_REGIME_OR_EXCEPTION
1ca086b5d98deba052c95b1b18961b6ad81cd6e9cb6194d10e942878a02b4d4d,002208.SZ,2025-10-14,3,3,READY_PROVISIONAL,REJECTED_STRICT_PREDICATE
768e193b1bd9f4d42b436cdbf3caaa416b471088b9934e7e6e46ce3fa19d10d4,002208.SZ,2025-10-15,3,3,READY_PROVISIONAL,REJECTED_STRICT_PREDICATE
014209bcfb48c4c82dd47c31b8d085a0981a3d40d9e59a9b086d5b844f963577,002208.SZ,2025-10-16,4,4,READY_PROVISIONAL,UNRESOLVED_REGIME_OR_EXCEPTION
26c5e93da655bb4d473aae8e40b630e9ae73069be62acf1a7640900fba41719e,002208.SZ,2025-10-17,4,4,READY_PROVISIONAL,UNRESOLVED_REGIME_OR_EXCEPTION
1f0f96362e89b81eec4106a2d442e784aeb81a7ea1c234a71e13b6ea1cc045cf,002208.SZ,2025-10-22,3,3,READY_PROVISIONAL,REJECTED_STRICT_PREDICATE
83b84fb2c6f3c4e51219113386652ce844b5e8ff3c495f6a3658fa257d3d9269,002208.SZ,2026-05-13,2,2,READY_PROVISIONAL,REJECTED_STRICT_PREDICATE
87cf140109b349c7ce2d65f1ef8b72ad14d14be5ae127366b12859f9b7119264,002208.SZ,2026-05-14,3,3,READY_PROVISIONAL,REJECTED_STRICT_PREDICATE
8d241cb8dc3476f375c7d4595445e7e7ea43e58e59e82a3c0ce3b7abbfc8eb04,002208.SZ,2026-05-15,3,3,READY_PROVISIONAL,REJECTED_STRICT_PREDICATE
9ed1f5f30d90629b9a08afdea23c959e166da55a6fc0770ebb3cfc12caa87eba,002208.SZ,2026-05-18,4,4,READY_PROVISIONAL,UNRESOLVED_REGIME_OR_EXCEPTION
4351cd357211358912735a0d65f20662341de49de71d7e43bb353d664dbf56ee,002208.SZ,2026-05-19,4,4,READY_PROVISIONAL,UNRESOLVED_REGIME_OR_EXCEPTION
8d1c01af14527683a445337f55472fac1d45b1aef24f5fc49cb38360ef508e76,002209.SZ,2025-07-16,4,4,READY_PROVISIONAL,UNRESOLVED_REGIME_OR_EXCEPTION
199a09c056208027f2b19883498690ea86ce8365f5e2b8e1770008bcc5702b9f,002209.SZ,2025-07-17,4,4,READY_PROVISIONAL,UNRESOLVED_REGIME_OR_EXCEPTION
e1e74a6a47a4ca47258f3f670bdc6bc9fa3c4aa764a8db53b9b4aa7f1e5e0e86,002211.SZ,2024-03-19,4,4,UNVERIFIED_WARMUP,UNRESOLVED_RSI_WARMUP
7209c5efb854fa08d52e633fff2276c04b62125ea12a8657ba09a434d79b94a6,002211.SZ,2024-03-20,5,5,UNVERIFIED_WARMUP,UNRESOLVED_RSI_WARMUP
4d29b262a2f27fc2ced379f618280c8e43ad097f782fa9e3804091f4ceac6bb9,002211.SZ,2024-03-21,4,4,UNVERIFIED_WARMUP,UNRESOLVED_RSI_WARMUP
e39f568a25c7301e6b73c78dbbaccbef2103fbaa914745c4aa8a0cc033bf48fd,002211.SZ,2024-10-11,3,3,READY_PROVISIONAL,REJECTED_STRICT_PREDICATE
857a6f19b85abc3c817deb7684781a2b98f4c92d0895dd405bf14bef436345a9,002211.SZ,2024-10-14,4,4,READY_PROVISIONAL,UNRESOLVED_REGIME_OR_EXCEPTION
474f1571299c571aeabd7b37b09a91205714d0adb3b9c88bb5a4088829c690ea,002211.SZ,2024-10-15,4,4,READY_PROVISIONAL,UNRESOLVED_REGIME_OR_EXCEPTION
dea748d7bc8a794bf74d7fcff56de87a81b94bb9b99593de83a7740fc49a8b4e,002212.SZ,2024-10-31,2,3,READY_PROVISIONAL,REJECTED_STRICT_PREDICATE
d51ed66e720eef5fe8e10e8ccfc1dd703866cf7aedc177dfc3b3669893d57cf8,002212.SZ,2025-08-27,4,4,READY_PROVISIONAL,UNRESOLVED_REGIME_OR_EXCEPTION
990a742029ce7dc9b31cc5a5fb02afeeddd754cca705939e9e32472bd3b22871,002214.SZ,2024-10-08,0,0,READY_PROVISIONAL,REJECTED_STRICT_PREDICATE
8473e2ddca82564a8d6b54d15b4d8370f960cd7dce5a1172856e4ca93b6ebf91,002216.SZ,2024-09-30,1,1,READY_PROVISIONAL,REJECTED_STRICT_PREDICATE
86a6b3cafb140e3f1edcfb0cc96e98a88ddb29f18475181cd563660123900fbe,002217.SZ,2024-02-26,4,4,UNVERIFIED_WARMUP,UNRESOLVED_RSI_WARMUP
cc74c2375419cfde985e645aaf2950f598c66b2c416327a059d7efc424000657,002217.SZ,2024-02-27,4,4,UNVERIFIED_WARMUP,UNRESOLVED_RSI_WARMUP
0416e9ac7c135a198c3ea318d95018e22b283ccbd680a5957a5f703ee3caa3f1,002217.SZ,2025-08-26,4,4,READY_PROVISIONAL,UNRESOLVED_REGIME_OR_EXCEPTION
e092ac486c89b81e5e6d04fe93223fcf7724114fe1e6e8a2e321d6cfb3ed981f,002218.SZ,2026-01-27,3,3,READY_PROVISIONAL,REJECTED_STRICT_PREDICATE
9ba5c1687124505ffcbea6a9b15fa77e1e99fac31128265d391fc305da1b4764,002218.SZ,2026-01-28,3,3,READY_PROVISIONAL,REJECTED_STRICT_PREDICATE
4cbe05123a90c60e4640e909189011c92133f8e0ecb6d97c5023d57575a1ec3b,002219.SZ,2024-10-09,2,2,READY_PROVISIONAL,REJECTED_STRICT_PREDICATE
8e098542dedbe8a2e57682657d4110fd2442f2df61bc1c30f16dab67a485583e,002219.SZ,2024-10-10,2,2,READY_PROVISIONAL,REJECTED_STRICT_PREDICATE
c82e11c1348151affd4933c2adead9a0be799efb4fee32af53beb86c3b07acc3,002219.SZ,2024-10-11,2,2,READY_PROVISIONAL,REJECTED_STRICT_PREDICATE
e53ea098490447c47e68a3002284ff75d1a5dd423d41847cc2f536b7a9403456,002225.SZ,2025-07-11,1,2,READY_PROVISIONAL,REJECTED_STRICT_PREDICATE
66bd3b0159727c60ff43d7e799d60330d8cc3914ce696ac6adf65fe4054994b2,002227.SZ,2024-11-21,4,4,READY_PROVISIONAL,UNRESOLVED_REGIME_OR_EXCEPTION
bd792b40e8870ba9dbd23c8236102060030d843f449627d7d4a268cce018a498,002227.SZ,2024-11-22,4,4,READY_PROVISIONAL,UNRESOLVED_REGIME_OR_EXCEPTION
7769cfc3ed6847c05fcb8a058a7aa72bd679e4a69162befc8a1b09ba07c7cd33,002228.SZ,2025-12-24,3,3,READY_PROVISIONAL,REJECTED_STRICT_PREDICATE
b1dfab383b286a715e0106732d410fee37fc0c903abde597bfbb7a877fdc77a5,002228.SZ,2025-12-25,4,4,READY_PROVISIONAL,UNRESOLVED_REGIME_OR_EXCEPTION
351e11f3b1d86384113365c815ef87b0d52a87a90c33d8cd683efccb3accf089,002228.SZ,2025-12-26,4,4,READY_PROVISIONAL,UNRESOLVED_REGIME_OR_EXCEPTION
60a6258420074fdf3f4f641b8253893e21789e364f43efd9376a945032c8a41e,002229.SZ,2024-02-23,2,2,UNVERIFIED_WARMUP,REJECTED_STRICT_PREDICATE
83f3e2b37de0208ab57888420ac36493c81b998b04716682ef8213d91cf5f56c,002229.SZ,2024-02-26,2,2,UNVERIFIED_WARMUP,REJECTED_STRICT_PREDICATE
1052c2b139d1397424f7de9aad2f4bd31df36dd06278953649108a87d76d880b,002229.SZ,2024-02-27,1,1,UNVERIFIED_WARMUP,REJECTED_STRICT_PREDICATE
a791659d333a5a6fb473e7336307068c7792d85bfc7bf00e33301dc0268cf4b8,002229.SZ,2024-02-28,1,1,UNVERIFIED_WARMUP,REJECTED_STRICT_PREDICATE
bc437029fcf8d28679b8c0fc93c47f070925c5b3142ff742238545820476f7b8,002229.SZ,2024-10-08,2,2,READY_PROVISIONAL,REJECTED_STRICT_PREDICATE
6ca4373604761d7bf4974ddc8983293c5db3aabf22a291085c245b8bb55f5893,002229.SZ,2024-10-28,3,3,READY_PROVISIONAL,REJECTED_STRICT_PREDICATE
b57e796f82127aabbca74e8a250ae44aa909c80dcb0011c926dae60293065d1f,002229.SZ,2025-04-30,4,4,READY_PROVISIONAL,UNRESOLVED_REGIME_OR_EXCEPTION
c2bab48b3e3eedb92abdcc0e9f3ccbe7c73d3302694d0e0edc0c69b35fb828a6,002229.SZ,2025-05-06,4,4,READY_PROVISIONAL,UNRESOLVED_REGIME_OR_EXCEPTION
cf801f3a4465bce4b17f15e8c10b652dee502bd2a796be70fd3fb4938673a840,002229.SZ,2025-05-07,3,3,READY_PROVISIONAL,REJECTED_STRICT_PREDICATE
63b596894cd2273852a8fa29decc4bdae25738155cc0614d9f039ccbe88be2ef,002232.SZ,2024-07-26,3,3,READY_PROVISIONAL,REJECTED_STRICT_PREDICATE
38f66d332db23b0376ca2def71bc798b13669ccd764ef1f9a3a64cb9516928b8,002232.SZ,2024-07-29,4,4,READY_PROVISIONAL,UNRESOLVED_REGIME_OR_EXCEPTION
610a869a92b2257d5a4bd37a4595b5f76728e4de744ff5c946205c45904e1ae4,002232.SZ,2024-07-30,4,4,READY_PROVISIONAL,UNRESOLVED_REGIME_OR_EXCEPTION
0441046d5a69b4c4feb2105343d7b137548a7f7f56d00690c39221c7d88384ad,002232.SZ,2024-07-31,3,3,READY_PROVISIONAL,REJECTED_STRICT_PREDICATE
12ab0467f45998447d7c3e91d6f7a376453fa4978c50ec05d1383d1853df2642,002232.SZ,2024-08-01,3,3,READY_PROVISIONAL,REJECTED_STRICT_PREDICATE
0d9437929bab3ede069a48c2afbbf9af9a559220efff5654359f21a2f1502c62,002232.SZ,2024-08-02,2,2,READY_PROVISIONAL,REJECTED_STRICT_PREDICATE
4ee3f9465c92fb399eb51da69de593dbce6af8df6cbfe7fffc5130dabca8a5a3,002235.SZ,2025-12-10,4,4,READY_PROVISIONAL,UNRESOLVED_REGIME_OR_EXCEPTION
e7c26fcca8befd2fd94bf58c7e17b4db7cc01c2952a5c3ee523772374cb66725,002235.SZ,2025-12-11,4,4,READY_PROVISIONAL,UNRESOLVED_REGIME_OR_EXCEPTION
f3f44f9e7805791fe89174477995b0d87f373b0e3f16a78dad9559002b212432,002235.SZ,2025-12-12,4,4,READY_PROVISIONAL,UNRESOLVED_REGIME_OR_EXCEPTION
fa07cc5d5e7698cd0f9292e334e4b1ab54cac17c4f33a243d418db043399e9d7,002238.SZ,2024-02-23,1,1,UNVERIFIED_WARMUP,REJECTED_STRICT_PREDICATE
5967df2e970c40ecf7197eebabef8fc6143856a8f80b6c52a45b0c98b6962e9d,002243.SZ,2024-10-30,4,4,READY_PROVISIONAL,UNRESOLVED_REGIME_OR_EXCEPTION
6c8c7226fd40e15777328934dfcd84cc3dc7b0e0af35c62afc71d129e759aa38,002243.SZ,2024-10-31,4,4,READY_PROVISIONAL,UNRESOLVED_REGIME_OR_EXCEPTION
3b258e1bd86514f5517b85cc34a00b7fd7786e11a30427c455dee5e721537ceb,002246.SZ,2024-05-17,2,2,UNVERIFIED_WARMUP,REJECTED_STRICT_PREDICATE
f0ddf5e58092f2215c302620efe285bd39d9cfb488470e57855ffed2c1c36f5b,002246.SZ,2024-05-20,2,2,UNVERIFIED_WARMUP,REJECTED_STRICT_PREDICATE
c97996ac3bc8a7d9911adfb2b062b8042b142903be752f1324b4a4163c6ca3e0,002246.SZ,2025-07-22,4,4,READY_PROVISIONAL,UNRESOLVED_REGIME_OR_EXCEPTION
fad210715d115050e4267f1d94ba08ac28407b1fdaa2f43cf47f93e71f5e3d35,002246.SZ,2025-07-23,4,4,READY_PROVISIONAL,UNRESOLVED_REGIME_OR_EXCEPTION
8fb9a6bb3d64cd8aaf2c7bdef05d2e64df1a1acab224cf265025e5c5568aa647,002247.SZ,2024-10-31,3,3,READY_PROVISIONAL,REJECTED_STRICT_PREDICATE
c7bcba85ebab98099a238875cfb88690dfabe1fc4797058941bbf83832ccbcac,002247.SZ,2024-11-05,4,4,READY_PROVISIONAL,UNRESOLVED_REGIME_OR_EXCEPTION
bf99c9942a517a434c7108238819fd4d56608dafa6d3050e7c1843d1557a01ec,002247.SZ,2024-11-06,4,4,READY_PROVISIONAL,UNRESOLVED_REGIME_OR_EXCEPTION
d4c03b9e9cf1f6c43d11508e40926d867744f6df2ce5ae2feb53f184b3f45499,002248.SZ,2024-02-29,3,3,UNVERIFIED_WARMUP,REJECTED_STRICT_PREDICATE
6167391de3a75fccacf6e4f208f6d1b4073dd8392ceacd567c8d63a6da6ea95a,002248.SZ,2024-03-01,3,3,UNVERIFIED_WARMUP,REJECTED_STRICT_PREDICATE
6bcde981843d0547e423177f147cb76ba5514235118c780ff7b103433071cba4,002248.SZ,2024-10-28,4,4,READY_PROVISIONAL,UNRESOLVED_REGIME_OR_EXCEPTION
90857cfd56c7ede850ce3d7078f6bd13c2faaf76e2248db11220ac44dcf47587,002248.SZ,2024-10-29,4,4,READY_PROVISIONAL,UNRESOLVED_REGIME_OR_EXCEPTION
8de4dc8ee84e0ac9ebedf79e6e005e602588a8581d0a38f34addec17ba7f40e5,002250.SZ,2025-05-30,3,3,READY_PROVISIONAL,REJECTED_STRICT_PREDICATE
9fc4fa7081b966f1fd823a1cb14240fda34c89da8eff4a40f11ed233b732f331,002250.SZ,2025-06-03,4,4,READY_PROVISIONAL,UNRESOLVED_REGIME_OR_EXCEPTION
41cc3eca04d1cbf809041b1980104ef0156b4960f376329248143f80b5f53324,002250.SZ,2025-06-04,4,4,READY_PROVISIONAL,UNRESOLVED_REGIME_OR_EXCEPTION
9e4d4643cb2581469f0e3e89af7df7178a3d17a899f269a4a726021cec05b40a,002250.SZ,2025-06-05,4,4,READY_PROVISIONAL,UNRESOLVED_REGIME_OR_EXCEPTION
3626ce14ad9ca139aa61694904d444316f039654e4c8fce895f2dbace64412fc,002250.SZ,2025-06-06,3,3,READY_PROVISIONAL,REJECTED_STRICT_PREDICATE
0fdd565ea57279738666a3bf4eb01e7f11f221001ffc3b9fd6580453f1522705,002250.SZ,2025-06-09,3,3,READY_PROVISIONAL,REJECTED_STRICT_PREDICATE
007e40aff817a2f465b64460f7c471a737c5ed153e8ffd5cd07a256e07086ef5,002250.SZ,2025-06-10,2,2,READY_PROVISIONAL,REJECTED_STRICT_PREDICATE
6dd74928fd8b8f9b947adf7c2367fc4c367fddb11ff873d3c1ba053c559bde33,002250.SZ,2025-06-11,2,2,READY_PROVISIONAL,REJECTED_STRICT_PREDICATE
9d49ad4571e481cef83695b1bb14faea830d87ea64c0fc76851799c8950c33fa,002251.SZ,2025-04-23,3,3,READY_PROVISIONAL,REJECTED_STRICT_PREDICATE
5e3e492425dbea6bcddbc0b170d3bbc4aad6763b608e238f24da264012998353,002251.SZ,2025-04-24,4,4,READY_PROVISIONAL,UNRESOLVED_REGIME_OR_EXCEPTION
df73e9238c30de826568eb89b116f62200e775a1f103ca39a999b71a45a55bbb,002251.SZ,2025-04-25,5,5,READY_PROVISIONAL,UNRESOLVED_REGIME_OR_EXCEPTION
c1608365e2c33edd7b91a0d2d686c710a60ae446e3301068f7bcd52ed1338f8c,002251.SZ,2025-04-28,4,4,READY_PROVISIONAL,UNRESOLVED_REGIME_OR_EXCEPTION
283559f7dce0e1f9c14dd76e2a209928aadf30abd462d80f3356030f38dcd2bf,002253.SZ,2024-04-29,4,4,UNVERIFIED_WARMUP,UNRESOLVED_RSI_WARMUP
a9aeee17c4d4bc44466291774c078426c9ecc9bab72292aa999404779fc4f80a,002253.SZ,2024-04-30,4,4,UNVERIFIED_WARMUP,UNRESOLVED_RSI_WARMUP
58930bbc655d2b392c2cb5c9a939b05c61fd67c5097dad9ec165e5d4931be378,002253.SZ,2024-10-30,3,3,READY_PROVISIONAL,REJECTED_STRICT_PREDICATE
b1352f8f9edd8b999452a6a12846b48bc744d4064678dfec562ddc889220e0fe,002253.SZ,2024-10-31,4,4,READY_PROVISIONAL,UNRESOLVED_REGIME_OR_EXCEPTION
62203e7fd53b23dd058665792b4e2a8645c2938db8060dbb6a2586fac347a573,002253.SZ,2024-11-01,4,4,READY_PROVISIONAL,UNRESOLVED_REGIME_OR_EXCEPTION
f193eb97cb97d88c854a7197cab7e0928d998cfb75287db90c16232c2a794994,002254.SZ,2026-06-11,4,4,READY_PROVISIONAL,UNRESOLVED_REGIME_OR_EXCEPTION
db8c1bd050d84b6d0bcad4d7813960725f34ae7f7bdbd5d334a5fc3e4ca9885d,002255.SZ,2025-11-06,4,4,READY_PROVISIONAL,UNRESOLVED_REGIME_OR_EXCEPTION
c7b6725d2e8599b1369cf98e663f4ed6ba9ff2a7ac5ca0f96d222b6eb85e34df,002255.SZ,2025-11-07,5,5,READY_PROVISIONAL,UNRESOLVED_REGIME_OR_EXCEPTION
0d0f0131a756bc46be254789441c8abbfda3da8be1834d7c3b40104790455b6d,002255.SZ,2025-11-10,4,4,READY_PROVISIONAL,UNRESOLVED_REGIME_OR_EXCEPTION
d436839beff70f43fd6fbd0fc90142c0e16a8b03117144f307094f177b2d7466,002256.SZ,2024-10-11,2,2,READY_PROVISIONAL,REJECTED_STRICT_PREDICATE
2732a171563951baa6c0a78f6c15c4343f80b8190e5731a85891953895980081,002256.SZ,2025-09-01,3,3,READY_PROVISIONAL,REJECTED_STRICT_PREDICATE
0e1deea70f1ca44cab46fb7d43dbfe0273318eb1b11ac29c8bd18e7a9f0984e9,002256.SZ,2025-09-02,4,4,READY_PROVISIONAL,UNRESOLVED_REGIME_OR_EXCEPTION
601b6f2f5cc48ab10e3bf36cf02e2d55cd367409ed3868e3b7293e0ca94cb465,002256.SZ,2025-09-03,4,4,READY_PROVISIONAL,UNRESOLVED_REGIME_OR_EXCEPTION
a6f4f9774e4eb2d68dcc37429dcbea1caa86878dd6a59e48c8a5f9c380922999,002261.SZ,2024-02-19,1,1,UNVERIFIED_WARMUP,REJECTED_STRICT_PREDICATE
870dd053b4f94621dc87862ca8b6dba60d36cc98bba98eecc3eb6e2e40327dcc,002261.SZ,2024-02-20,1,1,UNVERIFIED_WARMUP,REJECTED_STRICT_PREDICATE
3479a2e7ab85d29fc7c806cf92aab8a4dbd279f2cb52aeea32f03263845d9ad4,002261.SZ,2025-02-10,4,4,READY_PROVISIONAL,UNRESOLVED_REGIME_OR_EXCEPTION
48c6b363e92cba555034039412de7c4de2e0ce71c7d1a64ed457813f16752203,002261.SZ,2025-02-11,5,5,READY_PROVISIONAL,UNRESOLVED_REGIME_OR_EXCEPTION
d3f6b730f549b63c159161b3a2316d49b7c2385d8803320ef9aac6254351bfbc,002261.SZ,2025-02-12,5,5,READY_PROVISIONAL,UNRESOLVED_REGIME_OR_EXCEPTION
17a47548a5bb6774c6362882650f0d8364a7824aa0976a66055416d1aa81f720,002261.SZ,2025-02-13,4,4,READY_PROVISIONAL,UNRESOLVED_REGIME_OR_EXCEPTION
637862f3cb64343eadd089e60f32873d5dcbcb1d2ac611b916373d53601686ac,002261.SZ,2025-02-14,4,4,READY_PROVISIONAL,UNRESOLVED_REGIME_OR_EXCEPTION
e4b2edf571c6155fefb1e208dc6f5d75a5d0d50cc1597a5823f4b57752e6e423,002263.SZ,2025-06-27,4,4,READY_PROVISIONAL,UNRESOLVED_REGIME_OR_EXCEPTION
ee359e24c17c9ded1ddff2d8e86a27302ea39fd39e190307a09eb698717ca389,002263.SZ,2025-06-30,5,5,READY_PROVISIONAL,UNRESOLVED_REGIME_OR_EXCEPTION
5cc2359992a29da2ba7b84a3e45561b91607f95fae6e82a3b4682b55b8f33523,002263.SZ,2025-07-01,4,4,READY_PROVISIONAL,UNRESOLVED_REGIME_OR_EXCEPTION
b8051e3a2548fe794e25b208e8e9147906e22c8a73ac2d3ffd3bc8ed417ae2b8,002264.SZ,2025-11-26,4,4,READY_PROVISIONAL,UNRESOLVED_REGIME_OR_EXCEPTION
291a74651bc18477e101feda84b1ff7ec82837e7de658547db5bab39b4baa18a,002264.SZ,2025-11-27,4,4,READY_PROVISIONAL,UNRESOLVED_REGIME_OR_EXCEPTION
ccc819e6eccd7effdd1dc0cae3ab176e4aa9bc75d3b7c69c7f902d4a0d1619de,002264.SZ,2026-01-15,2,2,READY_PROVISIONAL,REJECTED_STRICT_PREDICATE
9ed416c45860f2b507edb1c03e4183a9e6e97f8c3ebf2262376cc7d5bb7b06b2,002265.SZ,2024-12-05,4,4,READY_PROVISIONAL,UNRESOLVED_REGIME_OR_EXCEPTION
060f0034cb5351bc13bdef94241b5089f165832f0faeef7ab453198e43fa7a35,002265.SZ,2024-12-06,5,5,READY_PROVISIONAL,UNRESOLVED_REGIME_OR_EXCEPTION
8382e41eb40cdc0432ad7e6b98481a4eeda6ac3c7c7edd885d4e3860307f0797,002265.SZ,2024-12-09,4,4,READY_PROVISIONAL,UNRESOLVED_REGIME_OR_EXCEPTION
debc7c22e26c609820a9a2527baaf5ce7b15a2027c3dc728cc52aabdbb5d2abc,002265.SZ,2024-12-10,4,4,READY_PROVISIONAL,UNRESOLVED_REGIME_OR_EXCEPTION
e16781b68191e86850897727b78ae3bdc873184e8c51b6b9e5b3803a3977628e,002265.SZ,2024-12-11,4,4,READY_PROVISIONAL,UNRESOLVED_REGIME_OR_EXCEPTION
01a5eb154366f21511d904bb65ddf899c4b48ef3858b8e844c2b8466fcfedcb6,002265.SZ,2024-12-12,4,4,READY_PROVISIONAL,UNRESOLVED_REGIME_OR_EXCEPTION
61ed3b59e78872a103321f03ed0be66f84e93efd8d628622df167c991e712625,002265.SZ,2024-12-13,4,4,READY_PROVISIONAL,UNRESOLVED_REGIME_OR_EXCEPTION
02e7b1b852e0496c650a216949fc9eeda203cd3435f5b86f514132c882aef6d9,002265.SZ,2024-12-16,4,4,READY_PROVISIONAL,UNRESOLVED_REGIME_OR_EXCEPTION
21cedeafcfa73b83817cdc3279f80edd8192e9b6e602094c4ce727c51476bfeb,002265.SZ,2025-06-26,2,2,READY_PROVISIONAL,REJECTED_STRICT_PREDICATE
3838c05959cdadb9c3d0098d1210b5c0a847c8272178713735511632ba5c5a7e,002265.SZ,2025-06-27,2,2,READY_PROVISIONAL,REJECTED_STRICT_PREDICATE
9d93d978dadcec5b42b33df7a86a2ba03d54cc9f604305f7f90f7e0e5c968d48,002265.SZ,2025-06-30,2,2,READY_PROVISIONAL,REJECTED_STRICT_PREDICATE
21baa62390a316914f7d2e772cd64466cfe3b9c180dc05a6a0be563a4f5abe54,002265.SZ,2025-07-22,3,3,READY_PROVISIONAL,REJECTED_STRICT_PREDICATE
1c7647d4b8c40a273bffaeebce0e51331d359c8d0c68f57412de28fc5f31156e,002265.SZ,2025-07-23,3,3,READY_PROVISIONAL,REJECTED_STRICT_PREDICATE
859c2193f46443c14d3d03b4fa65b2d7d557105cad0820310cf1631164e7a6f7,002271.SZ,2024-10-08,2,3,READY_PROVISIONAL,REJECTED_STRICT_PREDICATE
a59e2cb0efb662e5cf2fc04ba1fd95d965729c9d16c638421d3ae8d55af0badf,002272.SZ,2024-03-06,3,3,UNVERIFIED_WARMUP,REJECTED_STRICT_PREDICATE
5a701e6af5dd2b3a0f12a3c58f68acd796d73ff9c5b9124cb6e94a203d8ff68b,002272.SZ,2024-03-07,4,4,UNVERIFIED_WARMUP,UNRESOLVED_RSI_WARMUP
738640d5084fda53b86a3c9bd46eb30022ec3794f67343f1ff6ca3aae91d5d62,002272.SZ,2024-03-08,4,4,UNVERIFIED_WARMUP,UNRESOLVED_RSI_WARMUP
6d82f0c58a283b67fc1ca29d93020f883f689b267f0ca9754b98bb2e28a69c6f,002272.SZ,2024-03-11,4,4,UNVERIFIED_WARMUP,UNRESOLVED_RSI_WARMUP
7a2c123e97d3af1257839746cd7140073ae57e04b506e7183f21dad37c9c2cbf,002272.SZ,2024-10-18,4,4,READY_PROVISIONAL,UNRESOLVED_REGIME_OR_EXCEPTION
7502093183a9e5b8b1e797597e5ff37e33c11a95417ff1265a8f6a685464d4f7,002272.SZ,2024-10-21,4,4,READY_PROVISIONAL,UNRESOLVED_REGIME_OR_EXCEPTION
72b7e09e56d55b07ae40589d77ff37b705e99588784ae9e79bddb403a091bb0d,002272.SZ,2024-10-22,5,5,READY_PROVISIONAL,UNRESOLVED_REGIME_OR_EXCEPTION
35d7ee5f9e84a12fd94679aeea8294cdd5b27554b9005d01bb872a4dae2785da,002272.SZ,2024-10-23,5,5,READY_PROVISIONAL,UNRESOLVED_REGIME_OR_EXCEPTION
d83da44b8b07853053ca73d976b4fef7c4c895abc1531fc5954407d1e26ed742,002272.SZ,2024-10-24,5,5,READY_PROVISIONAL,UNRESOLVED_REGIME_OR_EXCEPTION
7c49864ea3adedfbaf96682e09e7eb1756058b0889631e840c973629813d106b,002272.SZ,2024-10-25,5,5,READY_PROVISIONAL,UNRESOLVED_REGIME_OR_EXCEPTION
1f0427b6806ca2f3e9eca6435b80bc9201132e4494aa5e1594d45042e58a8687,002272.SZ,2024-10-28,5,5,READY_PROVISIONAL,UNRESOLVED_REGIME_OR_EXCEPTION
ec07a714c6e959f8806cd3634bef62f08303d8a680537ef3712081599e754c83,002272.SZ,2024-10-29,4,4,READY_PROVISIONAL,UNRESOLVED_REGIME_OR_EXCEPTION
4b5aa657157c3185575b4a9f907032adb99b3c2e4002d0e205ad12d694d9c392,002272.SZ,2024-10-30,4,4,READY_PROVISIONAL,UNRESOLVED_REGIME_OR_EXCEPTION
82fecb57074a3a336b823069f3668be4c722c0940dceb83b74aa9ca012a3a2cb,002272.SZ,2024-10-31,4,4,READY_PROVISIONAL,UNRESOLVED_REGIME_OR_EXCEPTION
5fa1310d3b86cd96166d160c2b5f65f9aea5fb27278446fb278af04403322a8a,002272.SZ,2025-08-20,3,3,READY_PROVISIONAL,REJECTED_STRICT_PREDICATE
7e939a2e543b4934949deb6f4aabcdd548fa04a6991bac796e0b486ea00f83b9,002272.SZ,2025-08-22,3,3,READY_PROVISIONAL,REJECTED_STRICT_PREDICATE
d62d426378f7c04afa95fd56facd951d4cfb153fdf1f741b276294de997f6c63,002276.SZ,2025-02-28,3,3,READY_PROVISIONAL,REJECTED_STRICT_PREDICATE
b866d4618c044694ff5c8ab648439802f14edf9ea9447c2776ad9f92b4c778e3,002276.SZ,2025-03-04,4,4,READY_PROVISIONAL,UNRESOLVED_REGIME_OR_EXCEPTION
ea1a9b0247f92e9b0214cfa8b2eb356ebcdf73c07d3925ecaadec55db49027aa,002276.SZ,2025-03-05,3,3,READY_PROVISIONAL,REJECTED_STRICT_PREDICATE
d5b3d91af8f2c175b3caa10537c4cd486ca79be2bb392a4c0402cf4f1ab016dc,002276.SZ,2025-03-06,3,3,READY_PROVISIONAL,REJECTED_STRICT_PREDICATE
9663db1535077404778caeda2cc6a1a4b932a19fa7cdc72d57d746ae8eb25cdb,002277.SZ,2024-12-16,4,4,READY_PROVISIONAL,UNRESOLVED_REGIME_OR_EXCEPTION
20347aac0d90d24dbfcd6dfbaa22beeaa87bb4087986bd798212a8b7257fd276,002277.SZ,2024-12-17,5,5,READY_PROVISIONAL,UNRESOLVED_REGIME_OR_EXCEPTION
830e425e0efb4249b63c5d7b81d0dfbc57a7a4c177c75814fcb6ab95830c7e49,002277.SZ,2024-12-18,5,5,READY_PROVISIONAL,UNRESOLVED_REGIME_OR_EXCEPTION
ada7f25aa577dc35694adfef415a2648aae2501ff3aae3f4b5b140977a3969ad,002277.SZ,2024-12-19,5,5,READY_PROVISIONAL,UNRESOLVED_REGIME_OR_EXCEPTION
506b014220ece15c7003154a49d622f2f0f7bee238fb07f30f2007bdd2317b52,002277.SZ,2024-12-20,5,5,READY_PROVISIONAL,UNRESOLVED_REGIME_OR_EXCEPTION
eb688ad9f332eae4044f94eba04a6208a0b820017865c71a11dfe6fa1715a3df,002277.SZ,2024-12-23,4,4,READY_PROVISIONAL,UNRESOLVED_REGIME_OR_EXCEPTION
408a9bf9fd0c595edcf1267e691e11ff5f2af7a8bebbb1bc35852c7e5ac75eb6,002278.SZ,2025-03-18,4,4,READY_PROVISIONAL,UNRESOLVED_REGIME_OR_EXCEPTION
19c648f01a6adf5e18d88527a430101d4a2a9adb69a22efbf48d65f7ee2ca750,002278.SZ,2025-03-19,5,5,READY_PROVISIONAL,UNRESOLVED_REGIME_OR_EXCEPTION
fc355178b311cd124d62e7eb63200088106290e8323bc02c3eb051a4a8e2dead,002278.SZ,2025-03-20,5,5,READY_PROVISIONAL,UNRESOLVED_REGIME_OR_EXCEPTION
022579ae2e9a2e672711c84665186a97e03e48a350eeafa66c6f295e136b4819,002278.SZ,2025-03-21,5,5,READY_PROVISIONAL,UNRESOLVED_REGIME_OR_EXCEPTION
2fd99c6c97b850932b6dc1e18b12ca0eaec4f91b126012216051c4b1c16a94bf,002278.SZ,2025-03-24,4,4,READY_PROVISIONAL,UNRESOLVED_REGIME_OR_EXCEPTION
b8b937898674d3d5464494cf76771c5cb88e2a708a114268c277518632d3ec18,002278.SZ,2025-10-23,4,4,READY_PROVISIONAL,UNRESOLVED_REGIME_OR_EXCEPTION
8a8622b8215f17786bfa20b52313bf34bbf22f17b64dc8a961ec6b49611fd8e2,002278.SZ,2025-10-24,4,4,READY_PROVISIONAL,UNRESOLVED_REGIME_OR_EXCEPTION
789a83b29d2c14558d612071cbe4d0f82fa568a630f250c34de5a9d96c1b8af1,002278.SZ,2025-10-27,4,4,READY_PROVISIONAL,UNRESOLVED_REGIME_OR_EXCEPTION
d6f766fa13a255c031ba2bc079f56a4eb90183a5d7aa877e15ee345a1abdc405,002278.SZ,2025-10-28,3,3,READY_PROVISIONAL,REJECTED_STRICT_PREDICATE
0b44f4e576f009216ae69caab7c86d360db266dec4fefd10e575f9214130bf40,002281.SZ,2024-03-04,3,3,UNVERIFIED_WARMUP,REJECTED_STRICT_PREDICATE
7456330b2568d21bec7a635396d45ed36b232efbe393aa77ad96abef5737ffe5,002281.SZ,2024-03-06,3,3,UNVERIFIED_WARMUP,REJECTED_STRICT_PREDICATE
edb2c729bba5ff10d2fb44b8e83bcdb8b2db4feb779b434e9a018b4a0789fa09,002281.SZ,2026-05-11,2,2,READY_PROVISIONAL,REJECTED_STRICT_PREDICATE
b2d335350af98652f3a219157408702d94973fccab2f9e4f67183794ed2558b7,002285.SZ,2024-10-08,3,3,READY_PROVISIONAL,REJECTED_STRICT_PREDICATE
f695da560ffdd22e00f1e5b0e315735f2dd346dc801ead2593a640ab9d2ca192,002285.SZ,2024-11-06,2,2,READY_PROVISIONAL,REJECTED_STRICT_PREDICATE
ac68c39507979a33cdb83ea3d6d3a84b3a8a27e83b062de49f847617ac9f067b,002285.SZ,2024-11-07,3,3,READY_PROVISIONAL,REJECTED_STRICT_PREDICATE
97829abdd976e35e91c7b315c45fcb5c6db593ee59c7e8134a290d3eeb8005ba,002285.SZ,2026-09-21,4,4,READY_PROVISIONAL,UNRESOLVED_REGIME_OR_EXCEPTION
a013fe7b8f099ca5bd8950b523a00e06ab5580b96f4c38afa5e9236a615a753d,002285.SZ,2026-09-22,4,4,READY_PROVISIONAL,UNRESOLVED_REGIME_OR_EXCEPTION
294d53e1763516775a4a1d8741440822dd91cff9b7ac673180ff8ca44380b24c,002287.SZ,2025-08-01,3,3,READY_PROVISIONAL,REJECTED_STRICT_PREDICATE
3dfd54d19796e59c64f2a97f35865c2ae464025491050b41c7bd7ff1c684515f,002287.SZ,2025-08-04,3,3,READY_PROVISIONAL,REJECTED_STRICT_PREDICATE
8711933e228fe818db34e4b0616697d1bd38b3a618e891a4a95a37c504c7f0b1,002289.SZ,2025-08-07,0,0,READY_PROVISIONAL,REJECTED_STRICT_PREDICATE
a65883abb8e17a6d87cfae32e41bf014daafcf9a79bcf715835bbefe7c46a46e,002289.SZ,2025-08-08,0,0,READY_PROVISIONAL,REJECTED_STRICT_PREDICATE
b245cd4435ff66ce4d20200c92bc5bf384a10553c348141e1be042f316efdbd2,002289.SZ,2026-05-07,0,0,READY_PROVISIONAL,REJECTED_STRICT_PREDICATE
e4dcefe99831c32f10642fc5c5687233d2e3d26ec73ccd9aa093dd0f584df311,002289.SZ,2026-05-08,0,0,READY_PROVISIONAL,REJECTED_STRICT_PREDICATE
3b20b1b5bd0c6c5842463d38aec038713b6060779314ea2dfe16a8ae461815ad,002289.SZ,2026-05-11,0,0,READY_PROVISIONAL,REJECTED_STRICT_PREDICATE
6ee4c5395fff714e5423f2598551e50af05610b128aa08cba1e4fffa1a176869,002289.SZ,2026-05-12,0,0,READY_PROVISIONAL,REJECTED_STRICT_PREDICATE
a2c5af3d7379596bfee7b6bd764a09d574f77eaaf22d76d799ec5963aa2b493f,002290.SZ,2025-02-24,4,4,READY_PROVISIONAL,UNRESOLVED_REGIME_OR_EXCEPTION
e3f885701cf190eb7a26fcbece75c6fb7082860550c25a74e17aab355fec8394,002291.SZ,2024-12-18,3,3,READY_PROVISIONAL,REJECTED_STRICT_PREDICATE
e731a896b0291a68bac27c8d3b7a45eaac192907b541084dcd83e956f8af6a3c,002295.SZ,2025-09-30,4,4,READY_PROVISIONAL,UNRESOLVED_REGIME_OR_EXCEPTION
b3ade0b9dd5b202a6b9de21cf6810784a53c835d27f73e4cab35ce0aac8b0a04,002295.SZ,2025-10-09,4,4,READY_PROVISIONAL,UNRESOLVED_REGIME_OR_EXCEPTION
6352cd453ba6b8ed3a8a242bb4d5f9cc3ea37c56c8293ce0232946130a3ccdc5,002297.SZ,2026-04-16,4,4,READY_PROVISIONAL,UNRESOLVED_REGIME_OR_EXCEPTION
bb13b282acd547e52b33042448e34e4105914cb2fb2be79d9e38fe451ef6c435,002297.SZ,2026-04-17,5,5,READY_PROVISIONAL,UNRESOLVED_REGIME_OR_EXCEPTION
e9f594ee131d52a5b5a4a45d6c702801c66920974d5459cf7025ed3002cec95c,002297.SZ,2026-04-20,5,5,READY_PROVISIONAL,UNRESOLVED_REGIME_OR_EXCEPTION
00287ab9ea65ed39f6043499506b3e502315369b6e929b4bb1857209588ae9a2,002297.SZ,2026-04-21,4,4,READY_PROVISIONAL,UNRESOLVED_REGIME_OR_EXCEPTION
276459470f87ab1a2a69a43466253243c8c964ea202ef79a3da8ad32b5374db7,002297.SZ,2026-04-22,3,3,READY_PROVISIONAL,REJECTED_STRICT_PREDICATE
8c192e2c94dc352eb482b72555c6fe9c66c9525a1833f08559a71f9eb0cb12f5,002297.SZ,2026-04-23,2,2,READY_PROVISIONAL,REJECTED_STRICT_PREDICATE
d34cc14a9af2dccc6cac1c1bf70b11996c018ce7b28bcb5836642539e111fe3c,002297.SZ,2026-06-23,2,2,READY_PROVISIONAL,REJECTED_STRICT_PREDICATE
820c8a9ed582f63e4b9a3d85387efbbd880f6d1c8094d127e593b30ec0e6d6d2,002297.SZ,2026-06-24,2,2,READY_PROVISIONAL,REJECTED_STRICT_PREDICATE
43403bcd3876482f8a633498a703f84e11ca696b49e090533e3e093502bedab6,002298.SZ,2024-03-13,4,4,UNVERIFIED_WARMUP,UNRESOLVED_RSI_WARMUP
d691dc29bd65e4ac26000d00bb7e07f6e216ccf902c0d2150ffe56a0b013dc19,002298.SZ,2024-03-14,5,5,UNVERIFIED_WARMUP,UNRESOLVED_RSI_WARMUP
3f16f00b9afc31777e39b671e6ce1e4beb08c9183b318eddcdb43cb1048b38b7,002298.SZ,2024-03-15,4,4,UNVERIFIED_WARMUP,UNRESOLVED_RSI_WARMUP
5c2e9be7186ad518f062d7fe593c0352593d42d9dcb430fed0c5e8a53720cd82,002298.SZ,2025-06-10,4,4,READY_PROVISIONAL,UNRESOLVED_REGIME_OR_EXCEPTION
c9e00c9bd90a7f587392d10245227eed3ead8e65dfa6ed984cf92f27bcb61785,002298.SZ,2025-08-18,3,3,READY_PROVISIONAL,REJECTED_STRICT_PREDICATE
830103f9f159640851efec53d3ad823b08af0319ccfb149d8ae882bb3133922b,002298.SZ,2025-08-19,3,3,READY_PROVISIONAL,REJECTED_STRICT_PREDICATE
0dbdb354e7cd3804742d59dda7d1c9dc6bf35ef48d7de2df09c42364a697c4ae,002299.SZ,2024-09-30,1,1,READY_PROVISIONAL,REJECTED_STRICT_PREDICATE
406869a0d8cb80077e526c8ea83ee5b0cbbdea7c6e33e25c9306a02a55151cd5,002300.SZ,2025-03-26,4,4,READY_PROVISIONAL,UNRESOLVED_REGIME_OR_EXCEPTION
e2c41b7fda1ed529e45403e6a86af0de83324da3b190966678894eb59687a333,002300.SZ,2025-03-27,4,4,READY_PROVISIONAL,UNRESOLVED_REGIME_OR_EXCEPTION
19f96b1c84de14d1bea6ad57e98ffda28b32ed8adf6372a132f2345ebd2c97f2,002300.SZ,2025-12-05,4,4,READY_PROVISIONAL,UNRESOLVED_REGIME_OR_EXCEPTION
ba1a45dbc41bc5cc13cb955c2040f286c3689b7977a0e46a8612a10fc69b8b1f,002300.SZ,2025-12-08,4,4,READY_PROVISIONAL,UNRESOLVED_REGIME_OR_EXCEPTION
255cda3b8c71c5029ec5e5d520981c68dc407b91a635d4cb56dba9e62ed4d166,002301.SZ,2024-11-29,4,4,READY_PROVISIONAL,UNRESOLVED_REGIME_OR_EXCEPTION
7bb89d1171db064cab165322385aa086f6de6a52055ab48e8cb9c4879c8929a7,002301.SZ,2024-12-02,5,5,READY_PROVISIONAL,UNRESOLVED_REGIME_OR_EXCEPTION
0697bdd8a31b45dacdcd89dfbf688faa8e231a2288c213cf6cdb6e8a6aa603c0,002301.SZ,2024-12-03,4,4,READY_PROVISIONAL,UNRESOLVED_REGIME_OR_EXCEPTION
0f4fd4d87ec8ab6739e01cd58d7b94f8de843007f381a00e32bf7b6e596daf48,002302.SZ,2024-08-28,4,4,READY_PROVISIONAL,UNRESOLVED_REGIME_OR_EXCEPTION
3a1c959ae4dd873adf4bcb6f5785c0cee55f1f610adcd0241f8e2db757b1c7a3,002302.SZ,2024-08-29,5,5,READY_PROVISIONAL,UNRESOLVED_REGIME_OR_EXCEPTION
1b5373f0c850d8f8f9f1a00c62992c787107014e4bbc829e15f225c1b712e25d,002302.SZ,2024-08-30,4,4,READY_PROVISIONAL,UNRESOLVED_REGIME_OR_EXCEPTION
36ba49b5cbb0a25847afd1c186cb26a617327c32c5b6287cca4da45a115d113f,002303.SZ,2026-08-06,1,1,READY_PROVISIONAL,REJECTED_STRICT_PREDICATE
b1b589814139c0a82ac21edbc360645b77374fd64d1ccd3ea535956e984928bd,002305.SZ,2024-04-30,4,4,UNVERIFIED_WARMUP,UNRESOLVED_RSI_WARMUP
4bcf54d8ea53aff53b8f4a1a76060e84d0034a2de893643b1d6e282d8a5a3f89,002305.SZ,2024-05-06,5,5,UNVERIFIED_WARMUP,UNRESOLVED_RSI_WARMUP
64805f9d33350b31065b02da7645a3e1a628fe61e3953ad11e05a4a8bc9af4c6,002305.SZ,2024-05-07,5,5,UNVERIFIED_WARMUP,UNRESOLVED_RSI_WARMUP
34d83cd55790aa62a263f8fc23333fdce7930f6a08138ca71ec0a4618cf21c79,002305.SZ,2024-05-08,4,4,UNVERIFIED_WARMUP,UNRESOLVED_RSI_WARMUP
5c5c6c96d170735ed6783f67470d1aca35bc9972d7c640d7076732ced819a08e,002305.SZ,2025-08-18,0,0,READY_PROVISIONAL,REJECTED_STRICT_PREDICATE
aea72b0ca5db230c218c9be02754082f55b42723c61c7364e839cf6481f00064,002305.SZ,2025-08-19,0,0,READY_PROVISIONAL,REJECTED_STRICT_PREDICATE
9eb381330ee5aff2b5b442c0cf7a5a7e7e1f6fd3d4da7ec20c86140c19e0c90d,002309.SZ,2026-03-25,4,4,READY_PROVISIONAL,UNRESOLVED_REGIME_OR_EXCEPTION
4dcdab7430ac8f82532ce01adb7d24bcfa5e069eac0fb75c83936681b982c0e4,002309.SZ,2026-03-26,4,4,READY_PROVISIONAL,UNRESOLVED_REGIME_OR_EXCEPTION
fcbe010f5324a525a1c64a4476769d35d861f6f780c5e88026a3dd8148c29c38,002312.SZ,2024-10-29,3,3,READY_PROVISIONAL,REJECTED_STRICT_PREDICATE
0d066a69589f9bbeeb3bee06d95d343df362918498168c54b0846de23e354ac3,002312.SZ,2024-10-30,3,3,READY_PROVISIONAL,REJECTED_STRICT_PREDICATE
7138eca8855d47d9160673dce8918f7b94caf7d240d029ba661911c894ddd4d6,002312.SZ,2024-10-31,4,4,READY_PROVISIONAL,UNRESOLVED_REGIME_OR_EXCEPTION
f4806b77f0a2905e6568728feca4a8e24c40bd0c0711cc8fbc56886106a35531,002312.SZ,2024-11-01,4,4,READY_PROVISIONAL,UNRESOLVED_REGIME_OR_EXCEPTION
40b384081723cf254d2dda77d32ec47b239cb422c4feb39eb9b90261af917be9,002312.SZ,2024-11-04,4,4,READY_PROVISIONAL,UNRESOLVED_REGIME_OR_EXCEPTION
d413a719efde4ac59c5a498b7d0035c5ccd58e80b24b6a3a0531c75279ad0209,002312.SZ,2024-11-05,3,3,READY_PROVISIONAL,REJECTED_STRICT_PREDICATE
ae3bdc16a89b8dd1599f6ed3ba2262fa975f181f3ee30c0aab5a8067db444bcd,002313.SZ,2024-02-27,4,4,UNVERIFIED_WARMUP,UNRESOLVED_RSI_WARMUP
0c7f5380ca300582baa2765553547beaa26c4c802fd3e750fdcc22e16b326719,002313.SZ,2024-02-28,4,4,UNVERIFIED_WARMUP,UNRESOLVED_RSI_WARMUP
4e8d1b46a0510001e751ba0467ee8b5d1b4444796118e2c37cc8b85eb0c6c32d,002313.SZ,2025-08-08,4,4,READY_PROVISIONAL,UNRESOLVED_REGIME_OR_EXCEPTION
1c80fd861cbf27c2d7491efcb6fd9cd25b47c6dd5d69b652189bf0eed78bf674,002313.SZ,2025-08-11,4,4,READY_PROVISIONAL,UNRESOLVED_REGIME_OR_EXCEPTION
dfd8d041d5c2bfe3cb69cc58bfc86d1a77bea00dc049e70d1423d94b5d6e359e,002315.SZ,2024-02-19,1,1,UNVERIFIED_WARMUP,REJECTED_STRICT_PREDICATE
645e4a88b63946a453919e6066c1fd0d2c676928943362dad830156b0bc509b3,002315.SZ,2024-02-20,1,1,UNVERIFIED_WARMUP,REJECTED_STRICT_PREDICATE
1dc0a8d915d74266b44d0322e6aea88b5237269f477891f0765e4943a6a421fc,002316.SZ,2024-02-22,1,1,UNVERIFIED_WARMUP,REJECTED_STRICT_PREDICATE
4ecd318d4ba72c645e3be525c9e18ba71c7f0711ec06e1ebfca26d41d169edbe,002316.SZ,2024-02-28,3,3,UNVERIFIED_WARMUP,REJECTED_STRICT_PREDICATE
44f41d02636929a7069e9e51b1f2cac8dee2844efdf24053e08427b11ef04919,002323.SZ,2024-11-06,4,4,READY_PROVISIONAL,UNRESOLVED_REGIME_OR_EXCEPTION
d8aea33b5910354d4ae7e994f650012794264c51f1b6328a33cf835a82e1f438,002323.SZ,2026-02-12,4,4,READY_PROVISIONAL,UNRESOLVED_REGIME_OR_EXCEPTION
f13265284988fbc56f5ea6ded68f9fab78d897b69c8cd7d955a9284d4bc8276f,002324.SZ,2026-01-08,4,4,READY_PROVISIONAL,UNRESOLVED_REGIME_OR_EXCEPTION
1dbe002b3235a42a00d0002420383042b2f2388f494528726ddce1071622f4da,002324.SZ,2026-01-09,4,4,READY_PROVISIONAL,UNRESOLVED_REGIME_OR_EXCEPTION
377097876ef712221a874f8e6e1d2b5905eb3cfbeb7c52483f88bd7c1a5da936,002326.SZ,2025-03-06,2,2,READY_PROVISIONAL,REJECTED_STRICT_PREDICATE
50605abcc9a9b71dd8fe178ca70544b02ab040cd449c64cd2d7087b9628dac04,002326.SZ,2025-11-12,2,2,READY_PROVISIONAL,REJECTED_STRICT_PREDICATE
b09f24cab2abd17569dcd3008013d5ba8e004c274f7d0d3f58c2a6aa596c00b0,002326.SZ,2025-11-13,3,3,READY_PROVISIONAL,REJECTED_STRICT_PREDICATE
a275efc6cbb88feb2eb444fbe66fd66f5d1d9a3329694c45125df9bb50dffa5a,002326.SZ,2025-11-14,2,2,READY_PROVISIONAL,REJECTED_STRICT_PREDICATE
a539e1681c4c726ee6984ceefe9fb8d82615e9859be829961b7476cd304b572b,002326.SZ,2025-11-17,3,3,READY_PROVISIONAL,REJECTED_STRICT_PREDICATE
70cbc9590dc03706108dd963b3c211cdf8659cd494f084e132f6c1d5571d7241,002328.SZ,2026-04-14,3,3,READY_PROVISIONAL,REJECTED_STRICT_PREDICATE
4f3e349f069af70ad8b92d8efe12bfb40caea36186b36b1d552690bb899bc6db,002328.SZ,2026-04-15,3,3,READY_PROVISIONAL,REJECTED_STRICT_PREDICATE
6d8efdeeffc2d19f173f73a14f0afe9cb1c1ae7a07ed151d587b8adc6380bb9c,002328.SZ,2026-04-16,2,2,READY_PROVISIONAL,REJECTED_STRICT_PREDICATE
06a47614a3eecb9b39aedf0954c8ea9fc1b916fddbc35a107733e926ba26fa95,002328.SZ,2026-04-17,1,1,READY_PROVISIONAL,REJECTED_STRICT_PREDICATE
00c73893228747e89dc01f13d8a72489e620d2456f53325b57781faf8e9384a0,002329.SZ,2026-08-13,4,4,READY_PROVISIONAL,UNRESOLVED_REGIME_OR_EXCEPTION
c08bf91b1aea1e6fa1d51b0094e712632c47ede31baffc87aa9f9703fdc8f176,002339.SZ,2024-05-14,4,4,UNVERIFIED_WARMUP,UNRESOLVED_RSI_WARMUP
1073058924c87750783ecef38cab8bb40ebc3eccb4b0b671c45631ec4805e39f,002339.SZ,2024-05-15,4,4,UNVERIFIED_WARMUP,UNRESOLVED_RSI_WARMUP
94a4fe7485fd73c3cd906a3df9c6d7ce570a88b17364e6582ff7d386f8aeb17b,002342.SZ,2025-03-18,4,4,READY_PROVISIONAL,UNRESOLVED_REGIME_OR_EXCEPTION
eb301b7fe8515dd566b258be7f3c398d0ae9c260190e79aa2a031ec4c56cf79e,002342.SZ,2025-03-19,5,5,READY_PROVISIONAL,UNRESOLVED_REGIME_OR_EXCEPTION
a57641a319ea0c759dfa72715dfa3752ca88be6c71e8541b1db68c863564d374,002342.SZ,2025-03-20,5,5,READY_PROVISIONAL,UNRESOLVED_REGIME_OR_EXCEPTION
41774629e7f0d5615ebb61dd46bdfbbe110149852ef8e0e7103d474127bc4c2f,002342.SZ,2025-03-21,4,4,READY_PROVISIONAL,UNRESOLVED_REGIME_OR_EXCEPTION
d6cf1417ccf274eb33a746a787fcc15f48202b36b04f194f7fa3d62defe47ef0,002342.SZ,2025-03-24,3,3,READY_PROVISIONAL,REJECTED_STRICT_PREDICATE
0d9a3d2c467ecfb2bef5b642fceb94e52e4f80f480035538ab36a8b5b8c52792,002342.SZ,2026-01-12,3,3,READY_PROVISIONAL,REJECTED_STRICT_PREDICATE
0d6d576841c33fee74ff8e8f2dbb368ed6d0244284488e5afdd8ddc1ff339de7,002342.SZ,2026-01-13,4,4,READY_PROVISIONAL,UNRESOLVED_REGIME_OR_EXCEPTION
93d56db40cc47a916658bab33fbd576611b751770e3ae4251e3cafa74aa21227,002342.SZ,2026-01-14,4,4,READY_PROVISIONAL,UNRESOLVED_REGIME_OR_EXCEPTION
545cb1c10964002375085b1490425471baef44d7d67b56d7f6ea4b04bccd6da6,002342.SZ,2026-01-15,3,3,READY_PROVISIONAL,REJECTED_STRICT_PREDICATE
8863cd1daa054fbfd3acbbd2f17d09e48e2225e6f627a92a9c871b0e67fd1de7,002342.SZ,2026-02-06,2,2,READY_PROVISIONAL,REJECTED_STRICT_PREDICATE
122e0b893a4d478a953b68ce9939a2647579698a55fbc1a5bc4ca92d9b916720,002342.SZ,2026-02-09,2,2,READY_PROVISIONAL,REJECTED_STRICT_PREDICATE
eba41cfe8c907822fe0b19bae55e494fd7fa7668ae6d5cfb5a760db4efd8545c,002343.SZ,2024-03-04,0,0,UNVERIFIED_WARMUP,REJECTED_STRICT_PREDICATE
31b984f74aba0f25f1f37cb37343ddfa99121554859e69842860e7209a97c8b0,002343.SZ,2024-10-08,0,0,READY_PROVISIONAL,REJECTED_STRICT_PREDICATE
2938bf19ce4052b25fd3118e0c80c266ca3c67bc584209b07ab5d1347021ae95,002344.SZ,2024-11-20,4,4,READY_PROVISIONAL,UNRESOLVED_REGIME_OR_EXCEPTION
048442b78d348813315c91797cbb9e3176924a115a9d04fc63c6588c10f5bd66,002344.SZ,2024-11-21,5,5,READY_PROVISIONAL,UNRESOLVED_REGIME_OR_EXCEPTION
30ca1b323a0e72bdbb9b52bdbbf394e3eb16021eb82b6a68186451a4f741f326,002344.SZ,2024-11-22,4,4,READY_PROVISIONAL,UNRESOLVED_REGIME_OR_EXCEPTION
8e2c151ec31dcfddfa2fef4f8a87c4dbb0d49c8b1ae25698bc0005becc5f9658,002345.SZ,2025-06-03,1,1,READY_PROVISIONAL,REJECTED_STRICT_PREDICATE
3a5589696152b11af7744568613debcd5c39a724937adc0c492e1fa691fb46cc,002345.SZ,2025-06-04,2,2,READY_PROVISIONAL,REJECTED_STRICT_PREDICATE
e43fd019dbc578b7f713908d5462917b978b0d423d1a218c30fe75123a4cb642,002347.SZ,2024-12-03,4,4,READY_PROVISIONAL,UNRESOLVED_REGIME_OR_EXCEPTION
aa83808777e96990de9571301b339b71512aebcec26b7e886808c222e2ba775d,002347.SZ,2024-12-04,5,5,READY_PROVISIONAL,UNRESOLVED_REGIME_OR_EXCEPTION
9e9495196cf3e44326799cfa902957d7045deccf27e509a2ff489fc8ad4a7801,002347.SZ,2024-12-05,5,5,READY_PROVISIONAL,UNRESOLVED_REGIME_OR_EXCEPTION
3e1675382285fd8211c812a86130dcea4224bf4db7fd6422bd6f0a681632628f,002347.SZ,2024-12-06,5,5,READY_PROVISIONAL,UNRESOLVED_REGIME_OR_EXCEPTION
ac7ca100c3e9863bb131068039e2e3bb2192d5e730bf6ee8b9ae78b4dbb9a5c5,002347.SZ,2024-12-09,5,5,READY_PROVISIONAL,UNRESOLVED_REGIME_OR_EXCEPTION
ca64356f473018adae63c62ee6632dff21a6bef8626f517f7f522070a9968b19,002347.SZ,2024-12-10,5,5,READY_PROVISIONAL,UNRESOLVED_REGIME_OR_EXCEPTION
e8eb98673b86647142d36e13e31994aa9890795f40c89b4efc8e02a49dca5a1c,002347.SZ,2024-12-11,4,4,READY_PROVISIONAL,UNRESOLVED_REGIME_OR_EXCEPTION
5c8313f8d4793af7a3e0d082ec3404957afb3ae49ddc2e5db3a3c27421583677,002347.SZ,2025-12-30,4,4,READY_PROVISIONAL,UNRESOLVED_REGIME_OR_EXCEPTION
08452de37463ff7592c5f38ffc8943714efe82c61a684ddd36e7a07c396caaae,002347.SZ,2025-12-31,5,5,READY_PROVISIONAL,UNRESOLVED_REGIME_OR_EXCEPTION
77fdd99627a891ddcee79c8b0815838e379df6867847dc776777da13da18f974,002347.SZ,2026-01-05,4,4,READY_PROVISIONAL,UNRESOLVED_REGIME_OR_EXCEPTION
e655e57b172ae79372e637bfc22868ca277c3f0a642bfbb3003289fa87849c7e,002347.SZ,2026-01-06,3,3,READY_PROVISIONAL,REJECTED_STRICT_PREDICATE
55268aba827f6fb33bad75927e2593afdf84e8494525a53ab85861735b1c1290,002348.SZ,2025-12-04,4,4,READY_PROVISIONAL,UNRESOLVED_REGIME_OR_EXCEPTION
9bcae5a3462112d5b9b7d6b4569958cab0ff540f29b37e0d0e853966fbd7b3b4,002348.SZ,2025-12-05,4,4,READY_PROVISIONAL,UNRESOLVED_REGIME_OR_EXCEPTION
0fe2a71bb985df7ecaaf37e12f46afd88189b522e607c24134dc71236060141e,002348.SZ,2025-12-08,3,3,READY_PROVISIONAL,REJECTED_STRICT_PREDICATE
ad6f84d2ef0a24203fa0992ad88b839ba8b6365fa895f00fb1edb2bea1886593,002348.SZ,2026-05-07,1,1,READY_PROVISIONAL,REJECTED_STRICT_PREDICATE
aa88d0e19c1019d6877b262bf746e687917ab1f297c6c90e2d97959e6954b5ed,002348.SZ,2026-05-08,1,1,READY_PROVISIONAL,REJECTED_STRICT_PREDICATE
7aed91d6f2b8d6265c55ee7b4c35710c95698f75b90de5f1d5a272ebc7dff49e,002348.SZ,2026-05-11,0,0,READY_PROVISIONAL,REJECTED_STRICT_PREDICATE
80af53977e343720ae3ac8bad981aedf0bf9614046906b869386acbfcb809a41,002351.SZ,2024-10-10,0,0,READY_PROVISIONAL,REJECTED_STRICT_PREDICATE
40dcd3512fd637d27b9be91ed12297c9f088eb93742a001be1fae64a3b104acc,002353.SZ,2026-03-02,0,0,READY_PROVISIONAL,REJECTED_STRICT_PREDICATE
0421dda7d7c3d350656a9b1267d9676c67a1ddefa87a52559c1688573d292a91,002354.SZ,2024-02-22,1,1,UNVERIFIED_WARMUP,REJECTED_STRICT_PREDICATE
478124e516a79f4ec195204927f3f7094dddc8d1463fc5895e1afd7d3ca12bd0,002354.SZ,2024-12-10,4,4,READY_PROVISIONAL,UNRESOLVED_REGIME_OR_EXCEPTION
fdb5062daf7d8fd85aa46bda7eb9cc2846714f5af4cf809f43f990974112db1d,002354.SZ,2024-12-11,4,4,READY_PROVISIONAL,UNRESOLVED_REGIME_OR_EXCEPTION
e8288e57ae474a18fa2e7156ce976dbc01f5b1d930cfd7f4d57097f53c4eb62d,002354.SZ,2026-06-10,4,4,READY_PROVISIONAL,UNRESOLVED_REGIME_OR_EXCEPTION
174e353aea2bccd046d5e42781cc7a71b10212c22416c58e5f815bfab008d377,002361.SZ,2025-01-03,4,4,READY_PROVISIONAL,UNRESOLVED_REGIME_OR_EXCEPTION
92a6706d800950ebfb13403f911f83fd73f686de8919ce00804d726b5af19a58,002361.SZ,2025-12-23,4,4,READY_PROVISIONAL,UNRESOLVED_REGIME_OR_EXCEPTION
3be33f811dab5ad81e1b66c1b58ac3c9b889ae5a3193efd826e848f286cca0ea,002361.SZ,2025-12-24,5,5,READY_PROVISIONAL,UNRESOLVED_REGIME_OR_EXCEPTION
3b449f458d2a39dbd2ce8083233f84caa26cb63f29677a4f3e1ff6dfe42fa9c8,002361.SZ,2025-12-25,5,5,READY_PROVISIONAL,UNRESOLVED_REGIME_OR_EXCEPTION
843b60ba4cee9e56c43477ab05abbad3a5a73b76e5074bfb5a8f64f1001d3e8b,002361.SZ,2025-12-26,5,5,READY_PROVISIONAL,UNRESOLVED_REGIME_OR_EXCEPTION
90ec6e3d56e306aff3304c9dc141351bc955b520dd5cb2e5f3c8687dc5d85301,002361.SZ,2025-12-29,5,5,READY_PROVISIONAL,UNRESOLVED_REGIME_OR_EXCEPTION
221ed5ad0a0e60121b5e70565af0b58ef51d5162c47a3ceb655f3f6b5dd37670,002361.SZ,2025-12-30,4,4,READY_PROVISIONAL,UNRESOLVED_REGIME_OR_EXCEPTION
58435086e038d04ab5cea15f9b2b858b019d8870902e325c025acb9ed935bdfd,002361.SZ,2025-12-31,4,4,READY_PROVISIONAL,UNRESOLVED_REGIME_OR_EXCEPTION
c00a2a4c886d76762c2114be1b5ec2c1785fecbddd577e91f6ad22b3cb32350a,002361.SZ,2026-04-01,4,4,READY_PROVISIONAL,UNRESOLVED_REGIME_OR_EXCEPTION
df097c4ab60b0772994c65543a346c615e8fe2ab7b9aa84d18aa35a2f22e0a7c,002362.SZ,2024-12-10,4,4,READY_PROVISIONAL,UNRESOLVED_REGIME_OR_EXCEPTION
32be28d9a48810b793481894e82f4979fa75a3f0938d5d2ef048f7213577a265,002364.SZ,2025-01-08,4,4,READY_PROVISIONAL,UNRESOLVED_REGIME_OR_EXCEPTION
1e5e9a617f9dab95cb3e4f50adf9d132aa14098d3cfc4c196689a98e70ffc9b2,002364.SZ,2025-02-13,2,2,READY_PROVISIONAL,REJECTED_STRICT_PREDICATE
d73e951e21df4452c697b23b79148f370d87e0072bbd2eeb16f3157d5d579213,002364.SZ,2026-04-13,3,3,READY_PROVISIONAL,REJECTED_STRICT_PREDICATE
07337ed8c0e875dac3e0ad1ce8086cff98a1f590243c226db2795157ce0f7ee9,002364.SZ,2026-04-14,4,4,READY_PROVISIONAL,UNRESOLVED_REGIME_OR_EXCEPTION
b69ca4b26a9cbfcd23ae8567bd11192e1e4b5297e493d543a627fcf33e30c9c7,002364.SZ,2026-04-15,4,4,READY_PROVISIONAL,UNRESOLVED_REGIME_OR_EXCEPTION
31d15f13776d4f155d8cd6d28e8dc3f30ea416b1444ba503453f3f97070ce3d5,002365.SZ,2025-04-29,4,4,READY_PROVISIONAL,UNRESOLVED_REGIME_OR_EXCEPTION
d3e46c485ff650b0815b5beca3de341e4e2b638d25268101d4a6e1465d6b5cd8,002365.SZ,2025-05-23,4,4,READY_PROVISIONAL,UNRESOLVED_REGIME_OR_EXCEPTION
71e255a20cf4e693cd8623c997ba2b964d7fddcfeac4fb3a3faaae3191e675a9,002365.SZ,2025-05-26,3,3,READY_PROVISIONAL,REJECTED_STRICT_PREDICATE
e1fa73f5d6322b58614072e50a40728121fe6f38159335a57274c87fd1e29c1f,002365.SZ,2025-05-27,3,3,READY_PROVISIONAL,REJECTED_STRICT_PREDICATE
15784413a67881fba6bcaffc53f1f9953e57051440211a16e5a1722b06984a77,002365.SZ,2025-05-28,3,3,READY_PROVISIONAL,REJECTED_STRICT_PREDICATE
d646e3004b0e7b7471b6727186f8d6691b9b2aecc1838dadf0b9d3d5ba9bc710,002365.SZ,2025-06-18,3,3,READY_PROVISIONAL,REJECTED_STRICT_PREDICATE
c50244d3fc58a82ece99c8d06e2e68b315a78bec75cafbefed18533b3a131b5a,002365.SZ,2026-08-21,2,2,READY_PROVISIONAL,REJECTED_STRICT_PREDICATE
127baa97f2177c61896f311fdb5b4aabe4c3e335a25740f943c2a7944cb2dbba,002366.SZ,2025-05-28,4,4,READY_PROVISIONAL,UNRESOLVED_REGIME_OR_EXCEPTION
58051da78a3be9e1cd3424596c7d994de95f72c9ef9bb659e2cedf7128759c32,002366.SZ,2025-05-29,5,5,READY_PROVISIONAL,UNRESOLVED_REGIME_OR_EXCEPTION
616895476c73612d996ac2fff12b8f1732d927b4de17fa6066b4e6eb3e9983ef,002366.SZ,2025-05-30,4,4,READY_PROVISIONAL,UNRESOLVED_REGIME_OR_EXCEPTION
b44155a5ab97295ed2b1208370e78b6a22a0405f266218407e5b081859cfd433,002369.SZ,2025-02-24,4,4,READY_PROVISIONAL,UNRESOLVED_REGIME_OR_EXCEPTION
a3d0daed9ec15c3f78d29f86db4ecbaf4c6d0dc46eaacfc17251c1d2f5cae360,002369.SZ,2025-02-25,5,5,READY_PROVISIONAL,UNRESOLVED_REGIME_OR_EXCEPTION
301d6f41145cc3aa0fd689e70adf64f2aa4f924d06d50b090aaeba88674c94b5,002369.SZ,2025-02-26,4,4,READY_PROVISIONAL,UNRESOLVED_REGIME_OR_EXCEPTION
7c13102c1fdb9aa0a807cf686be4476f58a8fcc7221c58ee4fe0801469114ece,002369.SZ,2025-02-27,4,4,READY_PROVISIONAL,UNRESOLVED_REGIME_OR_EXCEPTION
8f61f62535b48b11887b7053ece23782480dae31dfd4b6bf6c1b6258e31cabcc,002370.SZ,2025-07-30,2,2,READY_PROVISIONAL,REJECTED_STRICT_PREDICATE
ef2e06b57fb1bc00eb5684c4cce8036458bb9f71c572fd27ee841fe481a22e7b,002370.SZ,2025-07-31,2,2,READY_PROVISIONAL,REJECTED_STRICT_PREDICATE
5071328e39bf7fe9f43625e13b856078e62b7d06e96c1f15535be6c14e2598cb,002370.SZ,2025-08-01,3,3,READY_PROVISIONAL,REJECTED_STRICT_PREDICATE
e51d453a51ed3c40ed1388efa013b959ba800fed6e54e1381faaa2971ec0f210,002370.SZ,2025-08-04,2,2,READY_PROVISIONAL,REJECTED_STRICT_PREDICATE
8463ce669ae608fbaa32983074845e13943c78169ceb4dbfc01e9cbc49368223,002372.SZ,2024-09-30,1,2,READY_PROVISIONAL,REJECTED_STRICT_PREDICATE
dd6a1f5f9c6d13d0764a6ee4c3e77480f508f1eb806ca1dbd6a2df9432cdd8bd,002374.SZ,2024-11-11,3,3,READY_PROVISIONAL,REJECTED_STRICT_PREDICATE
bde6c6b543097f0623c8272d4508760b6fe99a4f4bc71a4ee242011aa6f874ba,002378.SZ,2025-08-26,2,2,READY_PROVISIONAL,REJECTED_STRICT_PREDICATE
c47f9427592a8aff5674d0824cfb048b58ffac0dda32619d0f945ce93492ebab,002378.SZ,2025-08-27,2,2,READY_PROVISIONAL,REJECTED_STRICT_PREDICATE
c01ebaaf4adb2967bcc3073a70b7fc43e4229f100ca1d03e5fcdd6bdbb737710,002378.SZ,2025-08-28,2,2,READY_PROVISIONAL,REJECTED_STRICT_PREDICATE
40566c82ddc7a7d93b08c14ec9b5745a2305001869ea6304374b42de872fec0a,002378.SZ,2026-03-02,3,3,READY_PROVISIONAL,REJECTED_STRICT_PREDICATE
433f5f30871265e016ffaa1e75da44a1c93e2ac7fd95b97396d50f2e21e76a01,002378.SZ,2026-03-03,3,3,READY_PROVISIONAL,REJECTED_STRICT_PREDICATE
2ee885f7526e65cf2e8e84652bf8fbf3432e77baa70cab0883fa1f7c4f51e989,002378.SZ,2026-03-04,2,2,READY_PROVISIONAL,REJECTED_STRICT_PREDICATE
a09567248a6c65102f1d9bddab8cb647401c87adb130c3d4c9962aed757463f6,002387.SZ,2024-11-07,3,3,READY_PROVISIONAL,REJECTED_STRICT_PREDICATE
068f7226a26fe6560ca970fa89701bba5cf38d20c4faf33296e43ed33b5433aa,002387.SZ,2024-11-08,3,3,READY_PROVISIONAL,REJECTED_STRICT_PREDICATE
bcdaf4d6c7a12bfcdab8b940c06df01ea0d7152a659051563e0961c069d62536,002388.SZ,2024-09-05,4,4,READY_PROVISIONAL,UNRESOLVED_REGIME_OR_EXCEPTION
681c82690d5f83675ad033e202dde1877bef0537123c745047e37acaf9158b7f,002388.SZ,2024-09-06,4,4,READY_PROVISIONAL,UNRESOLVED_REGIME_OR_EXCEPTION
4dfcb0d861ef8dbb08922d86926df43d00379284aa88a0c7dc91e12461cc1534,002388.SZ,2024-09-09,3,3,READY_PROVISIONAL,REJECTED_STRICT_PREDICATE
6049a45e16c9691ef2cb537488acc70ae3cf8625016bef5cab4f168931c5b7e1,002396.SZ,2026-07-06,4,4,READY_PROVISIONAL,UNRESOLVED_REGIME_OR_EXCEPTION
38e45c5b4a0df0a7f5ebf797bde5c5076df32aa1c614b1190cae657e4adce06d,002397.SZ,2025-01-07,4,4,READY_PROVISIONAL,UNRESOLVED_REGIME_OR_EXCEPTION
1dafb780ba7177954c3e5dd656b6f39613a3ab3b7a0d99265ff636584aaf337f,002397.SZ,2025-01-08,3,3,READY_PROVISIONAL,REJECTED_STRICT_PREDICATE
eb687958983fae00004dedb0f74a307344ae425e59896d690522a3abaf867e45,002400.SZ,2024-12-13,3,3,READY_PROVISIONAL,REJECTED_STRICT_PREDICATE
c98cccaf7ba31e0a56ffdaf1baa743e0afed48d00be7207bf71a6550f43c383e,002400.SZ,2026-01-14,4,4,READY_PROVISIONAL,UNRESOLVED_REGIME_OR_EXCEPTION
41421b80e809c422753cbdf9cb563dbc18fcfafa816169bd39ffe7ac7633b7dc,002400.SZ,2026-01-15,4,4,READY_PROVISIONAL,UNRESOLVED_REGIME_OR_EXCEPTION
e3b1664e66a4902fda7222e5277c2729f5e79ce0b0a9e705d3b53d72509a9209,002401.SZ,2024-10-08,0,0,READY_PROVISIONAL,REJECTED_STRICT_PREDICATE
dbe81a05167c749a39d422679462c21ae5a61d07353d831ba5046100241a476d,002402.SZ,2024-11-14,4,4,READY_PROVISIONAL,UNRESOLVED_REGIME_OR_EXCEPTION
098bac9b4ded51e6a9557602406a8edbb0e13c5033bc5f37b9feadc8e501472c,002402.SZ,2024-11-15,4,4,READY_PROVISIONAL,UNRESOLVED_REGIME_OR_EXCEPTION
d5881fa98c1cff19e8fc3fd1a39b1c4a4f28d9bd32f33c1305f5eec921e418f7,002402.SZ,2024-11-18,4,4,READY_PROVISIONAL,UNRESOLVED_REGIME_OR_EXCEPTION
ef7df6ed16adfdb01c8d9e0c5b3e7d4f1b3da052c0dc641818cac53091a0b37d,002403.SZ,2024-01-10,4,4,UNVERIFIED_WARMUP,UNRESOLVED_RSI_WARMUP
61241286bb9c4ce099f33bf18e6577fd60ec68d24db96491658049b1baf43bca,002403.SZ,2024-01-11,4,4,UNVERIFIED_WARMUP,UNRESOLVED_RSI_WARMUP
6f5ce61255407426a854fb9eaf7699ecf14d42403256ee8a8d1ed845102f9e8e,002403.SZ,2024-02-27,4,4,UNVERIFIED_WARMUP,UNRESOLVED_RSI_WARMUP
c66193d3afaa619a81ce2a6fe1aea2965e767dd6c73300e0bcf7215f4a7e82d3,002403.SZ,2024-02-28,4,4,UNVERIFIED_WARMUP,UNRESOLVED_RSI_WARMUP
c5c68b9c5db9894357ae3783c9f3ff952a52afd24bf8eb5e0661868f4c48ed9c,002403.SZ,2024-02-29,4,4,UNVERIFIED_WARMUP,UNRESOLVED_RSI_WARMUP
f14c9d1e5bf1444b7e6a84b3c18632fe89d7d36213c84df5b79e3d1797a9ac6f,002403.SZ,2024-03-01,4,4,UNVERIFIED_WARMUP,UNRESOLVED_RSI_WARMUP
82a3e07246bbae5b7403d5b26591a4dddd7b91df6e8ae7292ac64c4a75976802,002403.SZ,2024-11-21,4,4,READY_PROVISIONAL,UNRESOLVED_REGIME_OR_EXCEPTION
d1baa58204f22e8dadb7180e192f482bc50bddc02df62f8aed14922b11b4ab65,002403.SZ,2024-11-22,4,4,READY_PROVISIONAL,UNRESOLVED_REGIME_OR_EXCEPTION
e7530b674bdaf20c0f4196f8131e86b56dff8a5c484955871925922cae780363,002403.SZ,2024-11-25,5,5,READY_PROVISIONAL,UNRESOLVED_REGIME_OR_EXCEPTION
e51bd306ce7a8e2aff27b92f4753fa5715eae8230836cc378d9c493c9e654a16,002403.SZ,2024-11-26,4,4,READY_PROVISIONAL,UNRESOLVED_REGIME_OR_EXCEPTION
a1a052ea6631f3a1cfe67247c055476d7fdd679c016edc663611c7afa6ca0d7a,002403.SZ,2024-12-11,4,4,READY_PROVISIONAL,UNRESOLVED_REGIME_OR_EXCEPTION
a8d6b0fbc7fe393282821ec8a2c5660fae808201219153375008d8c61a8fcc36,002403.SZ,2024-12-12,4,4,READY_PROVISIONAL,UNRESOLVED_REGIME_OR_EXCEPTION
2616653a6223b5c02777451a7f83de793da752d6f7c69829848c624992ec1857,002403.SZ,2024-12-13,4,4,READY_PROVISIONAL,UNRESOLVED_REGIME_OR_EXCEPTION
3a5d3fc5d3c6693eca13179765369de6731c5eaed2b8f06f8ad406b0963fa603,002403.SZ,2026-09-08,4,4,READY_PROVISIONAL,UNRESOLVED_REGIME_OR_EXCEPTION
ca7aa589764c884ca086101f239115684bc1246804f78a0e2ecb1a17702c5a78,002405.SZ,2024-10-08,1,1,READY_PROVISIONAL,REJECTED_STRICT_PREDICATE
24977919c1a0e43034b48a0fedc497f3a980986d1c5a4220b00ae90aee766960,002405.SZ,2024-10-09,1,1,READY_PROVISIONAL,REJECTED_STRICT_PREDICATE
096567fd5fb2e670ba903e049e1a22143ad1bd4f04ab6ecadb9b672e01f89646,002406.SZ,2025-03-21,3,3,READY_PROVISIONAL,REJECTED_STRICT_PREDICATE
b304ee51da191df152a3731ab652b98108405ae69443640bdb29838704a9329a,002407.SZ,2025-09-30,1,1,READY_PROVISIONAL,REJECTED_STRICT_PREDICATE
6688752c2f75775c50530ebe1b159afc044d0fade1724ead3db5617e308dc421,002410.SZ,2024-10-08,4,4,READY_PROVISIONAL,UNRESOLVED_REGIME_OR_EXCEPTION
22320bf9b1e72e9aed71a606e7f87f809ece0967352e2b69babe6ee04325baf1,002410.SZ,2024-10-09,4,4,READY_PROVISIONAL,UNRESOLVED_REGIME_OR_EXCEPTION
2df05000ea86529251e99da9e2656cd84975d7e372c9632866c65d6bc3cc770a,002412.SZ,2026-08-24,4,4,READY_PROVISIONAL,UNRESOLVED_REGIME_OR_EXCEPTION
c272fd8c27a5beb14580d871971da4194760bae8b85b624d9db5b56009955d43,002412.SZ,2026-08-25,5,5,READY_PROVISIONAL,UNRESOLVED_REGIME_OR_EXCEPTION
62ab43707fe861a8d5d817de703688ffa0adc4043b2ab78f3175bfb760e0d7ec,002412.SZ,2026-08-26,4,4,READY_PROVISIONAL,UNRESOLVED_REGIME_OR_EXCEPTION
3bf081739766061023d38f3b080806e67850cde29085d9d5fafdbe5772699723,002412.SZ,2026-08-27,3,3,READY_PROVISIONAL,REJECTED_STRICT_PREDICATE
93ca2491b05d4db5221ff1116b1f32dba9c46179b93f47ba63fc04a1b781c2a5,002412.SZ,2026-08-28,2,2,READY_PROVISIONAL,REJECTED_STRICT_PREDICATE
52edf5736cffc7173e0d2591605af9d350d87879625b34b4be52bb367f42ba21,002413.SZ,2025-11-28,4,4,READY_PROVISIONAL,UNRESOLVED_REGIME_OR_EXCEPTION
6393ac0708d4254ce11ca20591c723426f8730f601b31935b9329d8e0b33a6ac,002413.SZ,2025-12-01,4,4,READY_PROVISIONAL,UNRESOLVED_REGIME_OR_EXCEPTION
5a35a87838952a409c2123c44e945e9d2d0e89d21f259e7628edeab28ea617ef,002413.SZ,2025-12-02,4,4,READY_PROVISIONAL,UNRESOLVED_REGIME_OR_EXCEPTION
0658235e74a42db6eab822095b9429ccfeeb9dc2de3c79b0e48e8fd036f12229,002413.SZ,2025-12-31,3,3,READY_PROVISIONAL,REJECTED_STRICT_PREDICATE
3e6972987dca84d49be8e3091bd2011a48a58733112a7ec5d944b5884008aab3,002413.SZ,2026-01-05,4,4,READY_PROVISIONAL,UNRESOLVED_REGIME_OR_EXCEPTION
e85e8e1f31adec2bcb314d7c2cfe0d979df96f99fae64fa0bc5100c7e957fb54,002413.SZ,2026-01-06,5,5,READY_PROVISIONAL,UNRESOLVED_REGIME_OR_EXCEPTION
74468ea1a163ea4a55436c094a60f560c75b1426a2e363276414038009c836f1,002413.SZ,2026-01-07,5,5,READY_PROVISIONAL,UNRESOLVED_REGIME_OR_EXCEPTION
adcdde09688ad26944941eeb138f0adc6b424b53b0732bda3c250ddcedc3462b,002413.SZ,2026-01-08,4,4,READY_PROVISIONAL,UNRESOLVED_REGIME_OR_EXCEPTION
20f71b3d3a5b20ab3e37080bed1c9b6359236d8fdc8d569de3db1dbb28af7c8c,002413.SZ,2026-01-09,3,3,READY_PROVISIONAL,REJECTED_STRICT_PREDICATE
a980f5ce9e1fc601479bd85d9c1b06fae426067588b40ef0c28d9243eaa6e88b,002413.SZ,2026-01-12,3,3,READY_PROVISIONAL,REJECTED_STRICT_PREDICATE
62ea6e4ace0b3100268abba7a0eb0b8f76cb08a27f5843fad32d4d355a01b260,002416.SZ,2024-10-31,3,3,READY_PROVISIONAL,REJECTED_STRICT_PREDICATE
ae51b27102b1c914f47a8c892b63faa35405835ff68e402a16d8f05908cd43f0,002416.SZ,2024-11-01,4,4,READY_PROVISIONAL,UNRESOLVED_REGIME_OR_EXCEPTION
2eab31edbc240009c95bef3e42f4c33a99bc3fe3e9fa09d7dd9cf625cdc5a104,002416.SZ,2024-11-04,5,5,READY_PROVISIONAL,UNRESOLVED_REGIME_OR_EXCEPTION
ba921aa2566679f91f91ff9f0bb2d335a1e6361aa034ed20393c8d3bc39ec99c,002416.SZ,2024-11-05,5,5,READY_PROVISIONAL,UNRESOLVED_REGIME_OR_EXCEPTION
7708a60e17d1344775e885f5d8050a83b7210da2a2aef004b436a4f007fbe582,002416.SZ,2024-11-06,5,5,READY_PROVISIONAL,UNRESOLVED_REGIME_OR_EXCEPTION
702cd794f86577a156b038594d1cc4f49804db3b5a2528643e15cd09e1cd289e,002416.SZ,2024-11-07,4,4,READY_PROVISIONAL,UNRESOLVED_REGIME_OR_EXCEPTION
14b130403c71c04c9cefaa1bf9fbc7c7e3406601d653f45d589b00b3c93e108d,002418.SZ,2025-01-09,4,4,READY_PROVISIONAL,UNRESOLVED_REGIME_OR_EXCEPTION
1247c2cc816304602eef4ab0b05e1e9e1d97b027f078a9150b9321d35d9adc10,002418.SZ,2025-01-14,4,4,READY_PROVISIONAL,UNRESOLVED_REGIME_OR_EXCEPTION
1977bf2245405b99c5c11c361d191d95873e950e69084d7108e8d477a10d880c,002418.SZ,2026-08-31,4,4,READY_PROVISIONAL,UNRESOLVED_REGIME_OR_EXCEPTION
aefc9de0d4c8bbf38de8a74aefb4046211345810ec9df8e1afcafcb2905c784d,002418.SZ,2026-09-01,3,3,READY_PROVISIONAL,REJECTED_STRICT_PREDICATE
6923db81e3723057294a24e3daf650080e4f3eae27612650e05b9f8111568d5b,002421.SZ,2026-05-20,4,4,READY_PROVISIONAL,UNRESOLVED_REGIME_OR_EXCEPTION
0a0997590358b243c42b592e35829470fb80e75f56428d9eea9ebf0b98bc5fa6,002421.SZ,2026-05-21,4,4,READY_PROVISIONAL,UNRESOLVED_REGIME_OR_EXCEPTION
d719688879554066b6ea316300de76edd78a350e48639ff332f95627d8f0b97e,002421.SZ,2026-05-22,4,4,READY_PROVISIONAL,UNRESOLVED_REGIME_OR_EXCEPTION
47e89e3d70207506530a23ea5585060ceec0a799cff6e4a7aaf478f5aecc46ab,002421.SZ,2026-05-25,4,4,READY_PROVISIONAL,UNRESOLVED_REGIME_OR_EXCEPTION
e4ce43ead39300317af2ca5d6d35d8f6f06693292dfbef399f7d246ce5237ab4,002422.SZ,2026-07-03,1,1,READY_PROVISIONAL,REJECTED_STRICT_PREDICATE
5416e547e69e213b9cd7272528ca8c3f7504a2f46bfd5c28ad5b3cde59689f7a,002423.SZ,2024-01-30,3,3,UNVERIFIED_WARMUP,REJECTED_STRICT_PREDICATE
30e842ef94a0e846d880d5fe9d58d7c1946104432c888abc51dc9a1430172a86,002423.SZ,2024-01-31,3,3,UNVERIFIED_WARMUP,REJECTED_STRICT_PREDICATE
aa990f3d4ac9e08179a1306e2ccc3edf767f6c9e041872783dd94a208bc4a586,002423.SZ,2024-09-27,4,4,READY_PROVISIONAL,UNRESOLVED_REGIME_OR_EXCEPTION
de6d0d3090df63550e86a2b5bc293561794641afbcec9fabfdceab5376036e37,002423.SZ,2024-09-30,5,5,READY_PROVISIONAL,UNRESOLVED_REGIME_OR_EXCEPTION
4435e2bf1a0b0b371e1b136ae6eec056a8579f7701a298d8a053e4609ea42c07,002423.SZ,2024-10-08,5,5,READY_PROVISIONAL,UNRESOLVED_REGIME_OR_EXCEPTION
deeb574641584c68bca1a9bb085f99d58bbad77981b3e5920393d09775762131,002423.SZ,2024-10-09,5,5,READY_PROVISIONAL,UNRESOLVED_REGIME_OR_EXCEPTION
3146891b33e0c8d14ccbd34658f02ec39d43aceb1aeecb17540d8b93629bea25,002423.SZ,2024-10-10,5,5,READY_PROVISIONAL,UNRESOLVED_REGIME_OR_EXCEPTION
b9260e9775ef682977349ab59096635bbe37e752df302c54d3b0659e5de9ff20,002423.SZ,2024-10-11,4,4,READY_PROVISIONAL,UNRESOLVED_REGIME_OR_EXCEPTION
7350f7d4cb86370e47b55884b1e4943ca49207a8490a1b540fa7a6296654da80,002423.SZ,2024-10-14,4,4,READY_PROVISIONAL,UNRESOLVED_REGIME_OR_EXCEPTION
3f2a7a42320b5a01b417773669c2dbe22687c2228be96815a77e62a40cdaa18d,002426.SZ,2024-12-12,3,3,READY_PROVISIONAL,REJECTED_STRICT_PREDICATE
a203cd10c7e78b5967d9b5e96bcbd74d1f94cd72687c3b745e15992559abecdc,002427.SZ,2025-03-26,4,4,READY_PROVISIONAL,UNRESOLVED_REGIME_OR_EXCEPTION
67f2da99089d9fc779710f934db59a9368e0225f429355698ce986c21c7e4227,002427.SZ,2025-03-27,5,5,READY_PROVISIONAL,UNRESOLVED_REGIME_OR_EXCEPTION
9e3cf3b88d1116752c763d2f7cfd8d1ef2caf62fbbfc94d1632d63e3121df010,002427.SZ,2025-03-28,4,4,READY_PROVISIONAL,UNRESOLVED_REGIME_OR_EXCEPTION
f1a540414009e4c2c15597259dc1b163231a4407817f1f40d7617bd868cd71e7,002427.SZ,2025-04-23,4,4,READY_PROVISIONAL,UNRESOLVED_REGIME_OR_EXCEPTION
1be1eecf55e5ed8dfe6e7a2b8fa680342c294e10f63b972e85da2e3a073067de,002427.SZ,2025-04-24,4,4,READY_PROVISIONAL,UNRESOLVED_REGIME_OR_EXCEPTION
bafcf11e7e8721d25cdaad4aad30ea6289ee2defa75da0334b2d6c4fd82ef11b,002427.SZ,2025-05-19,4,4,READY_PROVISIONAL,UNRESOLVED_REGIME_OR_EXCEPTION
2e1a0667324d7f3c3707e3cd7ab749747ec6e65be24f3440eee46ddfd22c340d,002427.SZ,2025-05-28,3,3,READY_PROVISIONAL,REJECTED_STRICT_PREDICATE
d8fd07dde3d9b1f7473b34e7e2ba0e0f317002e34aa4229c8e8e1808f60d77b1,002428.SZ,2024-11-05,4,4,READY_PROVISIONAL,UNRESOLVED_REGIME_OR_EXCEPTION
571b3993fb901182770bc8d40d3bbf4ade6a5d9ee10dc5ee9811cf62846d2fee,002428.SZ,2024-11-06,4,4,READY_PROVISIONAL,UNRESOLVED_REGIME_OR_EXCEPTION
5bebf7debc1b166faa4fb3f409e34824f7277f668bbd734bdb0e3826bfcdce7c,002428.SZ,2024-11-07,4,4,READY_PROVISIONAL,UNRESOLVED_REGIME_OR_EXCEPTION
7d7b2f1cc17ad3e24a038c8601b58fb72e37caa0adcc1cb6a80e2616cf43afe1,002428.SZ,2026-05-12,2,2,READY_PROVISIONAL,REJECTED_STRICT_PREDICATE
0cad118f3728b571998704cb5801e525b052ffdff7de60902999a12c53c6f6c4,002430.SZ,2024-09-30,2,2,READY_PROVISIONAL,REJECTED_STRICT_PREDICATE
0c96b5a537ca22a797e7f1e912e2eeaadaa9f38d25342761e48e4a93b62fef2b,002431.SZ,2025-05-22,4,4,READY_PROVISIONAL,UNRESOLVED_REGIME_OR_EXCEPTION
be183f90f4ec69f6bb2c99cf39a1c2ba60a98162241eba26ec9fe79279b98841,002431.SZ,2025-05-26,4,4,READY_PROVISIONAL,UNRESOLVED_REGIME_OR_EXCEPTION
c7fe393bc69f483280601bb760e2de64862a5b1bc0c40680a9ab2c308587f324,002436.SZ,2024-10-08,1,1,READY_PROVISIONAL,REJECTED_STRICT_PREDICATE
8f50eae93a262bf2945c0adf3ddc7b87a855f3953824ea4eefcc733f667f2897,002436.SZ,2026-06-18,1,1,READY_PROVISIONAL,REJECTED_STRICT_PREDICATE
4dfe4388b2f01265f9a7a1466e5279e44ffc7a68d0013ab2595c80c3ed6081ff,002436.SZ,2026-06-22,1,1,READY_PROVISIONAL,REJECTED_STRICT_PREDICATE
5c27ff35eb7c1f10a951ecddfe6f8d59fed1517cb0b17727a273914b977005c0,002437.SZ,2026-08-13,4,4,READY_PROVISIONAL,UNRESOLVED_REGIME_OR_EXCEPTION
5d73c51d4aaec470b567c54e0901e0d5cf3612ccae9dfb87f834d77dfda5941a,002437.SZ,2026-08-14,3,3,READY_PROVISIONAL,REJECTED_STRICT_PREDICATE
b47567e183c0973b58aac3c04a34d282b00e1cd82cc656e701dad2c67fc7bc10,002437.SZ,2026-08-17,3,3,READY_PROVISIONAL,REJECTED_STRICT_PREDICATE
adc78dadfefd110dd0bb94989395abcc4fa654c4b322a1987d0199cc1d551d49,002437.SZ,2026-08-18,3,3,READY_PROVISIONAL,REJECTED_STRICT_PREDICATE
d780caa64b78cf439a8b3024d63db84069d927885111b65098d0c7b246981399,002445.SZ,2026-03-12,4,4,READY_PROVISIONAL,UNRESOLVED_REGIME_OR_EXCEPTION
409afbb49a1f9fb25b8e33b6043da5775740f9940df484b02766233c019f781e,002445.SZ,2026-03-13,5,5,READY_PROVISIONAL,UNRESOLVED_REGIME_OR_EXCEPTION
f9f30be5c45bf84ed482b13385871b9aa26f8d44adb6d3650d5dbd866eec561c,002445.SZ,2026-03-16,4,4,READY_PROVISIONAL,UNRESOLVED_REGIME_OR_EXCEPTION
5379ab8f1ce1990c56b78aa3b678886eb35c9b170df707e1394f985001bb4ebe,002446.SZ,2026-01-15,3,3,READY_PROVISIONAL,REJECTED_STRICT_PREDICATE
01323e51d7f1d276efbb18e72b623542027a9edca24723bc263a3f0fb318b728,002449.SZ,2024-12-25,4,4,READY_PROVISIONAL,UNRESOLVED_REGIME_OR_EXCEPTION
c5643bc875279300a0410e7a24f2e80eae79e91d1ee2d99988838f88094f4448,002451.SZ,2025-11-07,4,4,READY_PROVISIONAL,UNRESOLVED_REGIME_OR_EXCEPTION
af6866e131bd66795805d0374a1c7f1fa7fc3827813f3a3deb2278a73998c927,002451.SZ,2025-11-10,5,5,READY_PROVISIONAL,UNRESOLVED_REGIME_OR_EXCEPTION
ac1b47f567fb33c735dde05cb5f9c700df7e764aedf879c11aa73dda0f8ba363,002451.SZ,2025-11-11,5,5,READY_PROVISIONAL,UNRESOLVED_REGIME_OR_EXCEPTION
73e409739b71cbc8a5aeee6ae469a05679ecba1c2dc3417c53127a8fe6adaddd,002451.SZ,2025-11-12,5,5,READY_PROVISIONAL,UNRESOLVED_REGIME_OR_EXCEPTION
ecef3cb1738c596a9542b2b70be2ff0cb8d678d5fb9e77af855b0bc2c0e98264,002451.SZ,2025-11-13,5,5,READY_PROVISIONAL,UNRESOLVED_REGIME_OR_EXCEPTION
9851699f2636ddf6f538ff4ae7b773951c9105b658c258ed0f9f389978eec521,002451.SZ,2025-11-14,4,4,READY_PROVISIONAL,UNRESOLVED_REGIME_OR_EXCEPTION
2e6e8d5ed8fbbf2faa8118052db44a9899b21cbf2dfbb325d6fd80bc50a706a9,002451.SZ,2025-11-17,3,3,READY_PROVISIONAL,REJECTED_STRICT_PREDICATE
480bdaac3105f8b5871dff66b4e3f7a417e98867b0de6bc5c6c3debdee30329a,002453.SZ,2024-09-24,3,3,READY_PROVISIONAL,REJECTED_STRICT_PREDICATE
ad6df07343ec16a485b22deca8f7c598eebd271deb5801879b2bbc7e6f31fcf1,002453.SZ,2024-09-25,3,3,READY_PROVISIONAL,REJECTED_STRICT_PREDICATE
b833f939fee2eab3b2a49109a6e5df3e006d566e9827e92f215ac736ed1ce86f,002453.SZ,2024-11-04,3,3,READY_PROVISIONAL,REJECTED_STRICT_PREDICATE
6e368f212307481126e79edbfe5afca2143681fa9b3d6cd06bf9314804deec0e,002453.SZ,2024-11-05,3,3,READY_PROVISIONAL,REJECTED_STRICT_PREDICATE
6bafdae213e34583d3b317105084c4b9924534f19e1677d6701c8ba62f90799b,002453.SZ,2025-09-24,4,4,READY_PROVISIONAL,UNRESOLVED_REGIME_OR_EXCEPTION
f191609db0dd7f90094f17a0019603db3873ea6e4df5e8bb7a8671aca9326a92,002453.SZ,2025-09-25,5,5,READY_PROVISIONAL,UNRESOLVED_REGIME_OR_EXCEPTION
c179a4d30e181c8ac94d77526fc3e1d257a529396387f6fb7618433c46cd448d,002453.SZ,2025-09-26,4,4,READY_PROVISIONAL,UNRESOLVED_REGIME_OR_EXCEPTION
e6b902771dbcf48a2d0ab166b4611d8a6233372cb291de368457936c9a8b287a,002455.SZ,2024-05-07,3,3,UNVERIFIED_WARMUP,REJECTED_STRICT_PREDICATE
daf6f4c6e2e3883d48ef6177ea12fad25ddd0e1de561993a15abafc04ff98088,002455.SZ,2024-05-08,4,4,UNVERIFIED_WARMUP,UNRESOLVED_RSI_WARMUP
2e71d464cf629f450dc07319b7a080c08641d89dd9cad43403cc24f6d77d3ac9,002455.SZ,2024-05-09,5,5,UNVERIFIED_WARMUP,UNRESOLVED_RSI_WARMUP
67315f24ebc76d9fb22ba32554331e0f772777f738c3eedfa50873e5eff90a80,002455.SZ,2024-05-10,4,4,UNVERIFIED_WARMUP,UNRESOLVED_RSI_WARMUP
5e198b39d08a096580ac360919d6dbbfb058da619c27bfb4abf5e285b515cca5,002455.SZ,2026-02-03,4,4,READY_PROVISIONAL,UNRESOLVED_REGIME_OR_EXCEPTION
19929a0297a11b7b46667ab547c880497fd45fcb36591f530a0edf79bfb1d03a,002455.SZ,2026-02-11,4,4,READY_PROVISIONAL,UNRESOLVED_REGIME_OR_EXCEPTION
9f41b5fdf3aa28df6dee1bf038a932911bed523f696c0a0df13ca5aff1c5125e,002455.SZ,2026-02-12,4,4,READY_PROVISIONAL,UNRESOLVED_REGIME_OR_EXCEPTION
886f4ead60961215287f1232cd97c5ee6125edb411f169eace29da379df11b7b,002456.SZ,2024-11-04,4,4,READY_PROVISIONAL,UNRESOLVED_REGIME_OR_EXCEPTION
22686aef9a3a7d5c93f98e9161262ce0e2e77e9a18f499159d86db704ab4de84,002457.SZ,2024-10-11,2,2,READY_PROVISIONAL,REJECTED_STRICT_PREDICATE
13b0e57b0d6989aa8b33b4b4475080e0bba74330344277b4665a5919ccda5c34,002457.SZ,2024-10-14,3,3,READY_PROVISIONAL,REJECTED_STRICT_PREDICATE
1ade43489a745a67078cc6a4643f6e0825662a5f2649840774720e97eda01fdb,002457.SZ,2024-10-15,3,3,READY_PROVISIONAL,REJECTED_STRICT_PREDICATE
061971f73aa85f2051268fcdfc648e6c92d570734fd07980cdade82679f7676e,002457.SZ,2024-10-16,3,3,READY_PROVISIONAL,REJECTED_STRICT_PREDICATE
97463452eeba95cd7ae49f923f05349489a8079614fe943b55791f02a617af54,002457.SZ,2024-10-17,3,3,READY_PROVISIONAL,REJECTED_STRICT_PREDICATE
61f38def54b319f38745cf544eaabc66dbfd7fe935c00d374229fea65113cde2,002459.SZ,2024-09-30,2,2,READY_PROVISIONAL,REJECTED_STRICT_PREDICATE
d501096fcc8e812608bd46b5c3ca37c49eeb5e62e30db7034d07183d739bcf75,002459.SZ,2024-10-08,2,2,READY_PROVISIONAL,REJECTED_STRICT_PREDICATE
42c90979a14ab9e310f0cfab9ef53f571daa240d42d0980509b7bf97a88f2296,002459.SZ,2024-10-25,3,3,READY_PROVISIONAL,REJECTED_STRICT_PREDICATE
fdf0f35713daac421616b677afd6416aa73441b94dd8fbd0edc6708a1775a7ea,002467.SZ,2024-02-21,4,4,UNVERIFIED_WARMUP,UNRESOLVED_RSI_WARMUP
6cac2249d8091763008501b63a5c2edb7d08737859c0316d3183e37f4418eee0,002467.SZ,2024-02-22,5,5,UNVERIFIED_WARMUP,UNRESOLVED_RSI_WARMUP
ac8fe7756316c69593bebe60e8eeba3e93340cc425fe45b1a9e10499e9424102,002467.SZ,2024-02-23,5,5,UNVERIFIED_WARMUP,UNRESOLVED_RSI_WARMUP
cc2895e86e216ab981f98623da395e6d9f758b6acfd45b8ac340c5d7eb7e6992,002467.SZ,2024-02-26,4,4,UNVERIFIED_WARMUP,UNRESOLVED_RSI_WARMUP
44e9aba5752589806570987a5996d99579470c83a06ce437d15a7f71a16373fd,002467.SZ,2024-02-27,3,3,UNVERIFIED_WARMUP,REJECTED_STRICT_PREDICATE
996ae0ba471bbae477341c0f9f3eec456b89c8bf6d804f9c6c265dcc497a40f6,002467.SZ,2024-11-25,4,4,READY_PROVISIONAL,UNRESOLVED_REGIME_OR_EXCEPTION
76d835a5fdf7738656d9d153f795e3c6a643306048dcba5a40b9ab5a24bea41a,002467.SZ,2024-11-26,5,5,READY_PROVISIONAL,UNRESOLVED_REGIME_OR_EXCEPTION
2344d7280c4e568ca24db072b0476f5ac42d6ec79f574ef88f6353689cff4fd7,002467.SZ,2024-11-27,5,5,READY_PROVISIONAL,UNRESOLVED_REGIME_OR_EXCEPTION
3684798d082c6574dbe68cb4224f070d1c941c100cdf9c5b8e22d81379c5945f,002467.SZ,2024-11-28,5,5,READY_PROVISIONAL,UNRESOLVED_REGIME_OR_EXCEPTION
eb6298bbf2a85d627b3aa5d24af20f613159be715362ea37a38d03abeb3f44ea,002467.SZ,2024-11-29,4,4,READY_PROVISIONAL,UNRESOLVED_REGIME_OR_EXCEPTION
ac4a4f987ec3967a6485255caab766d457abf4a24e027db5bafe86947358d33d,002469.SZ,2024-11-18,4,4,READY_PROVISIONAL,UNRESOLVED_REGIME_OR_EXCEPTION
28da28dd2d7b33b5e113d89cc747a8387579b7f5ddbb3a3ac9daf99c41536756,002469.SZ,2024-11-19,4,4,READY_PROVISIONAL,UNRESOLVED_REGIME_OR_EXCEPTION
82a6f8c31287b64f456ec3764ba0c8c0c37ca84201a669c370c9373969340a62,002469.SZ,2024-11-20,4,4,READY_PROVISIONAL,UNRESOLVED_REGIME_OR_EXCEPTION
02506e7157c2e91440f09d8085c42ce05fb1fe5db487a2e49d0f51660eae24c6,002469.SZ,2024-11-21,4,4,READY_PROVISIONAL,UNRESOLVED_REGIME_OR_EXCEPTION
3f0277b068493bb061f4e6264e45bf9d6b565cc520d7976c393777ddceef40e4,002469.SZ,2024-11-22,3,3,READY_PROVISIONAL,REJECTED_STRICT_PREDICATE
e8042cd095631c30f044b92fcfff8a8a8ae1e8a3ef6099e1af46ff785c636c2d,002469.SZ,2024-11-25,3,3,READY_PROVISIONAL,REJECTED_STRICT_PREDICATE
365406de9e2afd3f03c253bfc396b948e04712048425e14108a864d07cfd0589,002469.SZ,2024-11-26,3,3,READY_PROVISIONAL,REJECTED_STRICT_PREDICATE
2a830b30061308f3eefbc6c392268a9f3c14767622717ed38f15f479344dccad,002470.SZ,2026-02-27,4,4,READY_PROVISIONAL,UNRESOLVED_REGIME_OR_EXCEPTION
1be9b8d4d827535cd858ca6da71b8c2914ffdf81209bc8a13f2fccc2c7885308,002470.SZ,2026-03-02,4,4,READY_PROVISIONAL,UNRESOLVED_REGIME_OR_EXCEPTION
fb64866698f1b38bc552123a64feb33c943504b606afbc161c3b514a069ec608,002471.SZ,2025-05-08,4,4,READY_PROVISIONAL,UNRESOLVED_REGIME_OR_EXCEPTION
6e69cee573b4e1a815e8d806096285e72a3d220c9902933c6cce964b298b7157,002471.SZ,2025-05-12,4,4,READY_PROVISIONAL,UNRESOLVED_REGIME_OR_EXCEPTION
c192ef117aa8051abc5043f13a373e9ccf6159f0bd255978e5fd8cd30faa7926,002471.SZ,2025-05-27,4,4,READY_PROVISIONAL,UNRESOLVED_REGIME_OR_EXCEPTION
12952312ea266bdeb8abd27f83c291d65c20ff0d5f4c15b9b207c5057ed1622e,002471.SZ,2025-05-28,4,4,READY_PROVISIONAL,UNRESOLVED_REGIME_OR_EXCEPTION
f54e389b8f4655b49e8a2856f7c8ad9ecf719a97e021f6d64ab950df4912bf79,002471.SZ,2025-05-29,4,4,READY_PROVISIONAL,UNRESOLVED_REGIME_OR_EXCEPTION
8d58aaafb62b3fd782ce530440bd259704ebee48869721c76371c287818630e8,002471.SZ,2025-12-16,3,3,READY_PROVISIONAL,REJECTED_STRICT_PREDICATE
14ba8e2a31dda57abb8e9ac8d9a516e69c36631ae7defef6ed767007e7b9f5ef,002471.SZ,2025-12-30,3,3,READY_PROVISIONAL,REJECTED_STRICT_PREDICATE
a56ef57412a733662e7016d77871a4870f2ab3f900626a94e084539b137dde70,002471.SZ,2025-12-31,2,2,READY_PROVISIONAL,REJECTED_STRICT_PREDICATE
0f5a0194f921c6868b67f9b8f18e830b2d5b67a03487b8872a4411ad2e4c31ea,002471.SZ,2026-01-06,2,2,READY_PROVISIONAL,REJECTED_STRICT_PREDICATE
0d4927b44f473cce2a2373ee9964e7d1313749e4bff24566a1ee0913be745378,002472.SZ,2024-10-08,1,1,READY_PROVISIONAL,REJECTED_STRICT_PREDICATE
38aa3b0a013ac10d5241f1908b73f7e8ed3c0142f43f661160912e1ea7657f97,002472.SZ,2024-10-09,1,1,READY_PROVISIONAL,REJECTED_STRICT_PREDICATE
d1ccaea6682ac78d91366ee7a46515a3e5c7908bf9563eee0f7bef0805222edd,002472.SZ,2025-09-22,1,1,READY_PROVISIONAL,REJECTED_STRICT_PREDICATE
0dbd6ce8d83ac87d380b5881a654aaa338581a0688cac625d72b2a89375cea54,002474.SZ,2024-10-08,0,0,READY_PROVISIONAL,REJECTED_STRICT_PREDICATE
75ab516f806c38098c8c93cb538877e02b099b54971aac242891ea26c29b768d,002474.SZ,2025-11-20,4,4,READY_PROVISIONAL,UNRESOLVED_REGIME_OR_EXCEPTION
3aaaaac7e1c9c51e5086fd99f26f462e5c73bee733c5dd2161f3adc23e132250,002474.SZ,2025-11-21,5,5,READY_PROVISIONAL,UNRESOLVED_REGIME_OR_EXCEPTION
9858c9fd877082600c3f9986ec8edaf1b32d7920d67b0e8b1ca9c525b44283fd,002474.SZ,2025-11-24,4,4,READY_PROVISIONAL,UNRESOLVED_REGIME_OR_EXCEPTION
390164ebdb5348ccbeea86151f1bee37091b28088a001f147f5f017b4c2f48b5,002474.SZ,2025-11-25,4,4,READY_PROVISIONAL,UNRESOLVED_REGIME_OR_EXCEPTION
bb2839b50b7ac61f84d8be72b294efbe2ece3b723bc11defea2eaf60b45ce610,002482.SZ,2024-12-03,4,4,READY_PROVISIONAL,UNRESOLVED_REGIME_OR_EXCEPTION
ab685fd48668238b32b4b227c4fc8070164bd3128865b21ab042a472c525cc3b,002482.SZ,2024-12-04,5,5,READY_PROVISIONAL,UNRESOLVED_REGIME_OR_EXCEPTION
0e414fd50835148fd9ccbf8ed37d422481b426e2ba5e2e9ac178cfe0f340d59a,002482.SZ,2024-12-05,4,4,READY_PROVISIONAL,UNRESOLVED_REGIME_OR_EXCEPTION
2dd3f3ee237905e5f71db880312b265e23f6e4bf063530c70e66e47ba1c3fc38,002484.SZ,2025-01-13,2,2,READY_PROVISIONAL,REJECTED_STRICT_PREDICATE
02f25ae690306e55274aa162ad45ce0659ea3648658b0ded374caff33ab3c872,002484.SZ,2026-05-19,1,1,READY_PROVISIONAL,REJECTED_STRICT_PREDICATE
576fd99b29ad1ae80de6c12c848b89f954efc035b0083e70b478b7deef028436,002484.SZ,2026-06-02,1,2,READY_PROVISIONAL,REJECTED_STRICT_PREDICATE
62326e254e21f439d4086c4e5e3d9d4f1c721735b84577ada56cba9b9046c57f,002485.SZ,2025-06-12,0,0,READY_PROVISIONAL,REJECTED_STRICT_PREDICATE
82d3401366f1c81ceeef1e13e0d85a86ef4582ab001ad92a70adeddb72edba9c,002485.SZ,2025-06-13,0,0,READY_PROVISIONAL,REJECTED_STRICT_PREDICATE
dfd762b5ce81502d8a980ee64a462247bcb1da96240d68d0569665a47800988d,002490.SZ,2025-06-18,4,4,READY_PROVISIONAL,UNRESOLVED_REGIME_OR_EXCEPTION
b5d43c824d53fed9041babb82839cb2974acbd06f3cd7846dd509d37600d534d,002490.SZ,2025-06-19,5,5,READY_PROVISIONAL,UNRESOLVED_REGIME_OR_EXCEPTION
2cb86bc1d34c7a0f93b00df80b78b7b2b63847ca2532516e73661b03b47bafbf,002490.SZ,2025-06-20,5,5,READY_PROVISIONAL,UNRESOLVED_REGIME_OR_EXCEPTION
71e8ad8531e501b655d95ed87ab832a8f028264e927f000eea9e212a9a6991fe,002490.SZ,2025-06-23,5,5,READY_PROVISIONAL,UNRESOLVED_REGIME_OR_EXCEPTION
052243427391a28462fc03bea3e03f4f47cd961472af50d82acaaffd1cffbd84,002490.SZ,2025-06-24,4,4,READY_PROVISIONAL,UNRESOLVED_REGIME_OR_EXCEPTION
ce4ad9456c2a177a850af8df5cb63333532bdaa1cfdac17822f3f23c52ef84d2,002490.SZ,2025-10-23,4,4,READY_PROVISIONAL,UNRESOLVED_REGIME_OR_EXCEPTION
60752e15a60b59549e691d2f3dc7c2a9b26c8d3fb1e4c50444636bb9d7f770fe,002490.SZ,2026-03-05,3,3,READY_PROVISIONAL,REJECTED_STRICT_PREDICATE
5c15a6957db0de313dc859f169530dae1284d47af5912d84a4c7bbef169c6ded,002490.SZ,2026-03-06,3,3,READY_PROVISIONAL,REJECTED_STRICT_PREDICATE
a935b6bae79358fd295f10c2cf486442b7f4f55dd1570624c76aa01b093286e1,002491.SZ,2026-02-02,2,2,READY_PROVISIONAL,REJECTED_STRICT_PREDICATE
6159c89afdc664c6a6e5144f59074f417781ba99cc78ee3bdd3bc76f08b29965,002491.SZ,2026-02-03,2,2,READY_PROVISIONAL,REJECTED_STRICT_PREDICATE
5348a66057fed9e5cf50c22f213a3d56ab25b9320fb4a6de2f98095a15113a07,002491.SZ,2026-02-04,2,2,READY_PROVISIONAL,REJECTED_STRICT_PREDICATE
fd3e43e607081bec91ca90d9fb0182a244a1831d78b79113fe4afc93286f2087,002491.SZ,2026-05-11,3,3,READY_PROVISIONAL,REJECTED_STRICT_PREDICATE
c0754f4934229e55cc16c9cfeec72e01aeb313bc193f27d2967d50f2d75b4c04,002491.SZ,2026-05-12,4,4,READY_PROVISIONAL,UNRESOLVED_REGIME_OR_EXCEPTION
5e26ed79d077c82bbad347369fdf16feef78e734a2e0d898693cf42f7377580f,002491.SZ,2026-05-13,4,4,READY_PROVISIONAL,UNRESOLVED_REGIME_OR_EXCEPTION
4eaadafbf74e090c689811815357a602ed488270eb3732c5585a6518d229f40d,002491.SZ,2026-05-14,3,3,READY_PROVISIONAL,REJECTED_STRICT_PREDICATE
d4061699a14d2e9d488b0d6432c8af156fc1e9ae57eea574b174fe6cab3ab2f3,002491.SZ,2026-06-22,2,2,READY_PROVISIONAL,REJECTED_STRICT_PREDICATE
2854ee4e0ec98a648aac17ce6c405939d2ebf3078c32c43b4d8fbf629707742c,002491.SZ,2026-06-23,2,2,READY_PROVISIONAL,REJECTED_STRICT_PREDICATE
9a62bc61585a7346d140054358b35da8f94b063595ada382d09aa1ac0e87651a,002491.SZ,2026-06-24,3,3,READY_PROVISIONAL,REJECTED_STRICT_PREDICATE
928f8082c9c9aa56919e6843ab2d14bebff39ff4a72b9de1a7ef2fc82dc1a24b,002497.SZ,2025-07-25,2,2,READY_PROVISIONAL,REJECTED_STRICT_PREDICATE
b6cec960677498b7b9fdf51848651b962dff6a49998d7593123d429df2f4ce5d,002498.SZ,2026-01-21,3,3,READY_PROVISIONAL,REJECTED_STRICT_PREDICATE
a36c7401c876a78aef71f1c07ad334fb23b4ec68830967a02629b379e1deac2f,002498.SZ,2026-01-22,3,3,READY_PROVISIONAL,REJECTED_STRICT_PREDICATE
2c7d9a9bf03b7a2cb835b396bfe2b89fb6409514d65707c4c9eefdb5dec8d497,002498.SZ,2026-01-23,2,2,READY_PROVISIONAL,REJECTED_STRICT_PREDICATE
165e779d10f9a48cecb15f78b77d7a58d0d50b6013994659344ded4e77a6fb9c,002498.SZ,2026-02-25,4,4,READY_PROVISIONAL,UNRESOLVED_REGIME_OR_EXCEPTION
cda1554f0372e492fd1dc0c8bdd0ecf9628f3b7841ef632c4b916fadaac9e429,002498.SZ,2026-02-26,4,4,READY_PROVISIONAL,UNRESOLVED_REGIME_OR_EXCEPTION
302428e31efbf78924b20b23a85e9e1b5b5abfd0573f894777b4fe8c4bc98801,002501.SZ,2024-11-11,3,3,READY_PROVISIONAL,REJECTED_STRICT_PREDICATE
a73b882c5d420afd17f15ccec66b5dec6feb34037ad6751efbc23479df02d561,002501.SZ,2025-02-26,4,4,READY_PROVISIONAL,UNRESOLVED_REGIME_OR_EXCEPTION
89ceadb663d5f487a90de2ac7017cfd0c3abae210a3871a4e93d924801e9e21b,002506.SZ,2026-02-09,4,4,READY_PROVISIONAL,UNRESOLVED_REGIME_OR_EXCEPTION
5726a92c7c6fe16edd007be5409c71884ba71f19c3ead63ca83498b32d6edd2f,002506.SZ,2026-02-10,4,4,READY_PROVISIONAL,UNRESOLVED_REGIME_OR_EXCEPTION
9cad750980ba6798cbadeb0b90a5ba234cae47c5b4a2848316910c66e972cb33,002510.SZ,2024-11-08,3,3,READY_PROVISIONAL,REJECTED_STRICT_PREDICATE
d1392c77c5e60c327eecb8e792f80c1c88d4365fc38bbe25acb6cc8862c55605,002510.SZ,2024-11-11,4,4,READY_PROVISIONAL,UNRESOLVED_REGIME_OR_EXCEPTION
3fc6bacad7c336c1b1331218d5f104656a72d8db859c6770459d0c816c8548e9,002510.SZ,2024-11-12,5,5,READY_PROVISIONAL,UNRESOLVED_REGIME_OR_EXCEPTION
6c0701360b89042a5e1c048f4b01a29e4e68151f9e5a6e889c59fc8945d2e312,002510.SZ,2024-11-13,4,4,READY_PROVISIONAL,UNRESOLVED_REGIME_OR_EXCEPTION
07483c3e0065c0d55f3907af578f4f8aa4fa0f9e96c112080a5f7377407a678a,002510.SZ,2025-05-21,4,4,READY_PROVISIONAL,UNRESOLVED_REGIME_OR_EXCEPTION
0a75bf63d715a79521110510db3778f823f51aebb9a9e600a543018370ce537f,002510.SZ,2025-05-22,4,4,READY_PROVISIONAL,UNRESOLVED_REGIME_OR_EXCEPTION
ef2590b45e93574967ac65b5695bc4061defc96199fe6a4587ca56622163bfe3,002512.SZ,2025-10-28,4,4,READY_PROVISIONAL,UNRESOLVED_REGIME_OR_EXCEPTION
206b34cb3264d23f5534f743ab8fa74452ce4601280f398baab9a723df93673d,002512.SZ,2025-10-29,4,4,READY_PROVISIONAL,UNRESOLVED_REGIME_OR_EXCEPTION
216447c2ef2f8a2737e93ca08caaf8aa653d106780dc8d8455cdb5e79c84f14f,002513.SZ,2024-11-05,4,4,READY_PROVISIONAL,UNRESOLVED_REGIME_OR_EXCEPTION
4f5a8a1c7f99dc0580ed024d5ac2c68ec38dd7fa58fcc459da9f44b853eedcd5,002513.SZ,2024-11-06,5,5,READY_PROVISIONAL,UNRESOLVED_REGIME_OR_EXCEPTION
0e41efd1ed397e4576f1d63d814c38fa3140e6646ddf2dde3aea5e3bf8538e68,002513.SZ,2024-11-07,5,5,READY_PROVISIONAL,UNRESOLVED_REGIME_OR_EXCEPTION
26468d81d8e634c7ab934941e0b7001ce589be7b778debbf77c2ad0ba94d968c,002513.SZ,2024-11-08,4,4,READY_PROVISIONAL,UNRESOLVED_REGIME_OR_EXCEPTION
311e80274719853aa4dcbb264aca5b702be0cbd98cca8ad5a91ad8d654b56b8f,002513.SZ,2025-09-25,4,4,READY_PROVISIONAL,UNRESOLVED_REGIME_OR_EXCEPTION
5a0c4427ffb3606109a695e0d5eed9d81223f2a4d7f4208880f8e3c4c95eefd1,002513.SZ,2025-09-26,5,5,READY_PROVISIONAL,UNRESOLVED_REGIME_OR_EXCEPTION
85e991cdd293757f4b25b77bb650b90f301bf22256ea958b0718b3e44b1deca1,002513.SZ,2025-09-29,5,5,READY_PROVISIONAL,UNRESOLVED_REGIME_OR_EXCEPTION
43873d05d7bca6590a140c17152bda52bc184bca95ef737f458a4b956f6f0401,002513.SZ,2025-09-30,5,5,READY_PROVISIONAL,UNRESOLVED_REGIME_OR_EXCEPTION
f2707c75db0cb48ed9d0131c807ced0688e6ea1c1294cfb0e694bc1a4682de48,002513.SZ,2025-10-09,4,4,READY_PROVISIONAL,UNRESOLVED_REGIME_OR_EXCEPTION
a3e6562c512148616be8bd76a2a95e322bba09e2bc137dc041f0f00a8db2ee65,002514.SZ,2024-09-02,4,4,READY_PROVISIONAL,UNRESOLVED_REGIME_OR_EXCEPTION
d55f9f54f0257a79542501f96f2d902ea4a6c4ba96b7f10b75158fa57b5185ff,002514.SZ,2024-10-25,4,4,READY_PROVISIONAL,UNRESOLVED_REGIME_OR_EXCEPTION
619b3759af7050d47f545775a01e1b1b087db72f6bd124b42c4f66a853d85adb,002514.SZ,2024-10-28,4,4,READY_PROVISIONAL,UNRESOLVED_REGIME_OR_EXCEPTION
079fb3aa21d6b569011d7419e12b83b850525db07489c0db96abe48b6b2c62d8,002514.SZ,2024-10-29,4,4,READY_PROVISIONAL,UNRESOLVED_REGIME_OR_EXCEPTION
da0f10070e589c3206f8728fccf3e91cb8ce59e3c2eb0eac7f971d99b6cf58df,002514.SZ,2024-10-30,3,3,READY_PROVISIONAL,REJECTED_STRICT_PREDICATE
5c538d714075e9d93f7fcda7decf888187ab8502d110bb74495b98fbd6a66e23,002514.SZ,2024-10-31,3,3,READY_PROVISIONAL,REJECTED_STRICT_PREDICATE
759873d721ed9ac7c09e7ff0b55d0a0836f4d8761723e2902bcee85abd6740b7,002514.SZ,2026-09-04,2,2,READY_PROVISIONAL,REJECTED_STRICT_PREDICATE
e9f3ab264d31589c03a07742302f6535cd4068fb5b339472ddd2e766dbd54bbe,002517.SZ,2024-10-08,1,1,READY_PROVISIONAL,REJECTED_STRICT_PREDICATE
dcd75b24db9fc8152aeabb3b66d14aa11fa3d3fc9197e40529bfc220690c71ca,002518.SZ,2025-08-21,2,2,READY_PROVISIONAL,REJECTED_STRICT_PREDICATE
e203806e7985012e8874339d2db2647b588f4f06a0040d52054f72064b9da015,002519.SZ,2026-01-08,4,4,READY_PROVISIONAL,UNRESOLVED_REGIME_OR_EXCEPTION
3922ae7046ce5cbcbb0fac5159bae9dd8b4cd4072539c444496fcf5d8fb2464c,002519.SZ,2026-01-09,5,5,READY_PROVISIONAL,UNRESOLVED_REGIME_OR_EXCEPTION
cbd07988c7f4de56e991660cc19623600bb9f11f232544e50c332b6d823d45eb,002519.SZ,2026-01-12,5,5,READY_PROVISIONAL,UNRESOLVED_REGIME_OR_EXCEPTION
24b21d7ee56e8d6750ecdde432baa7e0016532d5d7b697e41b8740f78e53e56c,002519.SZ,2026-01-13,4,4,READY_PROVISIONAL,UNRESOLVED_REGIME_OR_EXCEPTION
011cc78890129e8029a40ae727beef973da1da6e2bf2b49956e7bfa198fc6298,002519.SZ,2026-01-14,4,4,READY_PROVISIONAL,UNRESOLVED_REGIME_OR_EXCEPTION
03209882fbbbf28700709389ed3e739b4c96004a191a11ee74b99ac7946a6d03,002520.SZ,2024-09-06,4,4,READY_PROVISIONAL,UNRESOLVED_REGIME_OR_EXCEPTION
088f570ec49b7568e5c694e88d97c142c2af64e1a062979602b16d2fa1d7b16f,002520.SZ,2024-09-09,5,5,READY_PROVISIONAL,UNRESOLVED_REGIME_OR_EXCEPTION
3b44e4513941b9d8d308090498996f9a428c5b90575e51ac43c7dde4342575b6,002520.SZ,2024-09-10,4,4,READY_PROVISIONAL,UNRESOLVED_REGIME_OR_EXCEPTION
933f7173906d247b47f125abce26d6ee998e0c95364d846dc2ef4a3f2ddc897b,002520.SZ,2024-12-04,4,4,READY_PROVISIONAL,UNRESOLVED_REGIME_OR_EXCEPTION
d7a4e37ddcf55dffcc347b750426a99604a273a65cdeeb4d2762164b53af8ec1,002520.SZ,2024-12-05,5,5,READY_PROVISIONAL,UNRESOLVED_REGIME_OR_EXCEPTION
54e28de8c4023d1437bc422068ce86e2224dd347d98f5e9f4b1455f8b2502a3f,002520.SZ,2024-12-06,5,5,READY_PROVISIONAL,UNRESOLVED_REGIME_OR_EXCEPTION
fa6bbc0131ce5ac9052bc2defc1db7a99816152676b57a4df5074160232c1658,002520.SZ,2024-12-09,4,4,READY_PROVISIONAL,UNRESOLVED_REGIME_OR_EXCEPTION
fb8171daf36a21a7d3405980a704ddb14b077ff4ff95290832e4666bc8ebccab,002522.SZ,2025-02-24,4,4,READY_PROVISIONAL,UNRESOLVED_REGIME_OR_EXCEPTION
8749b4338518d26d19b5c3f891607b60779a72c02c51a3411d52bd697280388a,002522.SZ,2025-02-25,4,4,READY_PROVISIONAL,UNRESOLVED_REGIME_OR_EXCEPTION
329ea734afc576e52e061ddd63fb8e1d83cf3cc5d419f8032cb6ea4968ed5d95,002522.SZ,2025-02-26,4,4,READY_PROVISIONAL,UNRESOLVED_REGIME_OR_EXCEPTION
4538aaf9bf48563d0e4991717dfa68df2a4a8cdab756197adacda2bca0e77636,002523.SZ,2024-12-10,4,4,READY_PROVISIONAL,UNRESOLVED_REGIME_OR_EXCEPTION
d3e4a32a67591292552da88ea598f0d7cf3bbae48f7586cf25bd07fb9d5d00da,002526.SZ,2024-12-02,4,4,READY_PROVISIONAL,UNRESOLVED_REGIME_OR_EXCEPTION
819c73a5ba6ef292d1c3fef765f56b22f5ccc5f51c84b3a4f179a26ab5ac5388,002526.SZ,2024-12-03,5,5,READY_PROVISIONAL,UNRESOLVED_REGIME_OR_EXCEPTION
15c0cb81f4f64b436f5981078eea32406308c848e139310d7bf34af6af341de6,002526.SZ,2024-12-04,5,5,READY_PROVISIONAL,UNRESOLVED_REGIME_OR_EXCEPTION
6548900dec20b79f3c142cd6498aee8adf4dc116a378d3e3705764c9645a9dcd,002526.SZ,2024-12-05,5,5,READY_PROVISIONAL,UNRESOLVED_REGIME_OR_EXCEPTION
242b845d51ce5c4c1b255d4448109dcc139f9d0fdcdcacfc9b77b795189c5aa0,002526.SZ,2024-12-06,5,5,READY_PROVISIONAL,UNRESOLVED_REGIME_OR_EXCEPTION
8b0bb3c46125433dde5a4f45d8568c94f5bd900005421bb3f2dfd30acc10bdbd,002526.SZ,2024-12-09,4,4,READY_PROVISIONAL,UNRESOLVED_REGIME_OR_EXCEPTION
7601d2bfbb1819b4319eb348d609e2318033bed53e39d4c61b59b928e897940b,002526.SZ,2024-12-10,3,3,READY_PROVISIONAL,REJECTED_STRICT_PREDICATE
8f02201ff5fb17b233d98e6677fff3826284255a197b24fbf1150c7b786c5b2e,002527.SZ,2025-02-20,4,4,READY_PROVISIONAL,UNRESOLVED_REGIME_OR_EXCEPTION
74d1962e8605c5ad8eb90ad61fb00dbfcb4db892167ac6334788114499e94940,002527.SZ,2025-02-21,5,5,READY_PROVISIONAL,UNRESOLVED_REGIME_OR_EXCEPTION
f5c3b7372ce84d56194d1584df75d9fb9b4fc645df2dcfadfe4536a78a6af124,002527.SZ,2025-02-24,5,5,READY_PROVISIONAL,UNRESOLVED_REGIME_OR_EXCEPTION
4df8d030291fa50aa9e81d4878815cf4d50bd13b87f426360076d830db8ccd92,002527.SZ,2025-02-25,4,4,READY_PROVISIONAL,UNRESOLVED_REGIME_OR_EXCEPTION
94072c3ba24cd3eb134368624a5f70c56e0598620d03da74b5197dad57a2ba40,002528.SZ,2024-10-30,0,0,READY_PROVISIONAL,REJECTED_STRICT_PREDICATE
cda436ef28ff9d94b4c68421b387b4ed9d40d4cb06a41fe7dd34993887a26420,002529.SZ,2024-10-25,4,4,READY_PROVISIONAL,UNRESOLVED_REGIME_OR_EXCEPTION
a0d6a31b14e91bf4426cfb857f84a0af1eee1b2b9375d1c0b91b92df6d97a091,002529.SZ,2024-10-28,5,5,READY_PROVISIONAL,UNRESOLVED_REGIME_OR_EXCEPTION
c0ff3acc87c2f904ede1b3cdf02ab6256195f738e139493e9283b661062b2366,002529.SZ,2024-10-29,4,4,READY_PROVISIONAL,UNRESOLVED_REGIME_OR_EXCEPTION
100e6d62babf7fc36791128fc659d515ffb93e4332f389a4db0039ed16629604,002530.SZ,2024-12-10,4,4,READY_PROVISIONAL,UNRESOLVED_REGIME_OR_EXCEPTION
e7cb40ca5156b894eb0361214e55f1d7ac5cfc421fd8f037fad49df1f106e2d1,002536.SZ,2025-08-14,2,2,READY_PROVISIONAL,REJECTED_STRICT_PREDICATE
8b6a8861b88d8db8e73b9475a3f681bb6eb7edf73cf0e1b288c49489e9d3b0a8,002536.SZ,2025-08-15,3,3,READY_PROVISIONAL,REJECTED_STRICT_PREDICATE
0247df1ee27ce5a1766d669017f4285e61501cdab235c84bd4f552364cbe2eff,002536.SZ,2025-08-18,4,4,READY_PROVISIONAL,UNRESOLVED_REGIME_OR_EXCEPTION
e2a8e15b22d7feda5d14d4279cae390f18fd93215dd6ca0f51d651f376f46d7d,002536.SZ,2025-08-19,4,4,READY_PROVISIONAL,UNRESOLVED_REGIME_OR_EXCEPTION
87f47c3f7acfce8066fa03462c698821468d8fd383c9229823f28de1571b3f83,002536.SZ,2025-12-22,1,1,READY_PROVISIONAL,REJECTED_STRICT_PREDICATE
51c6f318973b6bffdcdc0f2af439fbe535e37cc87c4bf5730eaf233bc07f30b7,002537.SZ,2025-04-24,4,4,READY_PROVISIONAL,UNRESOLVED_REGIME_OR_EXCEPTION
391fa49f43880362f143f7ecd24c9eacc6cdf09b393e86ef3d504cc90cdf5d9a,002537.SZ,2025-04-25,4,4,READY_PROVISIONAL,UNRESOLVED_REGIME_OR_EXCEPTION
dd15997038bcd2740b3f9557cdd4ac7c4ece6991e114704432c47503d289cc6c,002541.SZ,2024-09-30,2,2,READY_PROVISIONAL,REJECTED_STRICT_PREDICATE
f096759612c50ba47c8a03da75f0c5747d4e17d6a5adafd42d6ed9444adaafb3,002541.SZ,2024-10-08,2,2,READY_PROVISIONAL,REJECTED_STRICT_PREDICATE
2388bbb1b20d9526d28422787a376143b82320943571d03eae85ae677c7581c7,002542.SZ,2024-10-22,4,4,READY_PROVISIONAL,UNRESOLVED_REGIME_OR_EXCEPTION
fe8a2c9c9d736a583b8b47cb466500acc4da128575ee856acba884b22a8e47c5,002542.SZ,2024-10-24,4,4,READY_PROVISIONAL,UNRESOLVED_REGIME_OR_EXCEPTION
934cacfab2776250da496ba39747634852b77a24515789e727a3b382f7f3c3bb,002542.SZ,2024-10-25,4,4,READY_PROVISIONAL,UNRESOLVED_REGIME_OR_EXCEPTION
4c2fd511c15b2af1475de27d67b724421ac05adf458f6f9fa5fe9a7f4e5b1909,002542.SZ,2024-10-28,4,4,READY_PROVISIONAL,UNRESOLVED_REGIME_OR_EXCEPTION
75e0cb3882a7c15adff7c9114741659f33712d271f31e12e7b1ab380f4d3208f,002542.SZ,2024-10-29,4,4,READY_PROVISIONAL,UNRESOLVED_REGIME_OR_EXCEPTION
e532b251510cb68ef816403d205815447fad0c7bb065e88760e6bb96d31a6cdd,002542.SZ,2024-10-30,5,5,READY_PROVISIONAL,UNRESOLVED_REGIME_OR_EXCEPTION
d43c7767029569bb668b6c2595373adb590f0464fddf4be6677e3a0d0906afd7,002542.SZ,2024-10-31,5,5,READY_PROVISIONAL,UNRESOLVED_REGIME_OR_EXCEPTION
9cd823667b69db2285036949ca888b6c1076458be2b6f7a8a19af5f63187c8df,002542.SZ,2024-11-01,5,5,READY_PROVISIONAL,UNRESOLVED_REGIME_OR_EXCEPTION
b809f6e39112606597fea2f81c53f73e5e117b7e4bf165530700a77143d238d4,002542.SZ,2024-11-04,5,5,READY_PROVISIONAL,UNRESOLVED_REGIME_OR_EXCEPTION
4462a1d9ce404f0db2b5baecb662b5213745b3e1f602c8c72decefbfcb8d553e,002542.SZ,2024-11-05,5,5,READY_PROVISIONAL,UNRESOLVED_REGIME_OR_EXCEPTION
8b912b5f1424bfb6c6adc0ad7bd7cf072dec4d5a807fe0f7de6661a3ad3d936b,002542.SZ,2024-11-06,5,5,READY_PROVISIONAL,UNRESOLVED_REGIME_OR_EXCEPTION
1e2ba1ba83b3b6ee01b4bb1a8a12a48efe88a91dc7ef9eab2022c3df61ad4710,002542.SZ,2024-11-07,5,5,READY_PROVISIONAL,UNRESOLVED_REGIME_OR_EXCEPTION
cbb3b70f2692341b3d65cda732bd62d5a620641af93eabd9d11ee967ee6f8eab,002542.SZ,2024-11-08,4,4,READY_PROVISIONAL,UNRESOLVED_REGIME_OR_EXCEPTION
823419cd1d01d1cb157c357f43e5894a42c0066d79cee54080f40e5d3c3d4ef5,002545.SZ,2025-09-12,1,1,READY_PROVISIONAL,REJECTED_STRICT_PREDICATE
5b2aaa101b5ecef1e31475d1cb7f2d22d158f6c6a398dda5280527247aa8160f,002546.SZ,2026-01-20,3,3,READY_PROVISIONAL,REJECTED_STRICT_PREDICATE
c0f82fa7f3ef5fe738071f8c99dac8a9ce53be3534716992f8c9365e344ae25b,002546.SZ,2026-01-21,3,3,READY_PROVISIONAL,REJECTED_STRICT_PREDICATE
d0ea0bba2c071dbdca439836aba10a15586d1394cd258f3b034c579473259561,002547.SZ,2024-11-11,4,4,READY_PROVISIONAL,UNRESOLVED_REGIME_OR_EXCEPTION
087bcc5d2c62e3e53e411ac4380d7d223c589b98fc21d1b7336c58ad62c7e7a9,002547.SZ,2024-11-12,4,4,READY_PROVISIONAL,UNRESOLVED_REGIME_OR_EXCEPTION
588121a815a1d1636c0fa24096945608f3e3d3d6373ecabfa42739ec419643c1,002549.SZ,2025-04-01,4,4,READY_PROVISIONAL,UNRESOLVED_REGIME_OR_EXCEPTION
8ab5dac1c1e8c7f5d2fb4fea4cf06ca4ace768347e7a11c94714dcd8a0b42184,002549.SZ,2025-04-02,5,5,READY_PROVISIONAL,UNRESOLVED_REGIME_OR_EXCEPTION
8a53dfb9862c2e944b29884747358e5df641ab5b23de5446981a0bc583170412,002549.SZ,2025-04-03,4,4,READY_PROVISIONAL,UNRESOLVED_REGIME_OR_EXCEPTION
0925e124ed144f744c3e3ef79ce944ac249925c51b6686f4447ed75f522f52a7,002549.SZ,2025-04-07,4,4,READY_PROVISIONAL,UNRESOLVED_REGIME_OR_EXCEPTION
1d62634915ecf61415753fe8e6d63a4c6bf9e0fec31847e93b59e0f1a6ed6872,002549.SZ,2025-04-08,4,4,READY_PROVISIONAL,UNRESOLVED_REGIME_OR_EXCEPTION
8e251c5aa9b63bc1ab07696d15b47b6d194ec5b78e3bbc36cac0c73b01511f2b,002549.SZ,2025-07-03,3,3,READY_PROVISIONAL,REJECTED_STRICT_PREDICATE
33f754442303c4e3ce61d0d9ac0e18ecf70dd640d1bbf789b612e1a62e600544,002549.SZ,2025-09-23,4,4,READY_PROVISIONAL,UNRESOLVED_REGIME_OR_EXCEPTION
85d31d8879cb3bf0065cfdc99a2ef83c95e31357a32830e1def55ce13043c1f4,002549.SZ,2025-09-25,3,3,READY_PROVISIONAL,REJECTED_STRICT_PREDICATE
b709878a8cd0de571f6ed9d81eafe258ca01ba2215235180dbde047f25708f5b,002550.SZ,2025-06-03,2,3,READY_PROVISIONAL,REJECTED_STRICT_PREDICATE
fdf309231ca9a65951506610db1bef4a39fe929dfcd3022c83698276bb180871,002550.SZ,2025-06-04,2,3,READY_PROVISIONAL,REJECTED_STRICT_PREDICATE
5ef001e1f2e7867fe07d773dc10ec9896410e118045ae299c3e3a598e9bd14ff,002550.SZ,2025-06-05,1,2,READY_PROVISIONAL,REJECTED_STRICT_PREDICATE
6a775020836a91c216b1ecc93f235f9c7f5794c4eb8bad75492ae559063e511f,002552.SZ,2026-05-12,4,4,READY_PROVISIONAL,UNRESOLVED_REGIME_OR_EXCEPTION
d99add1c0482fa984b63a585501629ffed4d9e290a8da227ed5a2c8c723ba44e,002552.SZ,2026-05-13,4,4,READY_PROVISIONAL,UNRESOLVED_REGIME_OR_EXCEPTION
e31ee8b875bcaca3023f1ae5bed9442a668d158a52dba5e4ad625894321a6a8f,002552.SZ,2026-05-28,4,4,READY_PROVISIONAL,UNRESOLVED_REGIME_OR_EXCEPTION
24a24556a6088aa57ffc5f027f7c940e9feec0d251c6c8b6f6b5cbaa02b1f8b4,002553.SZ,2024-11-21,2,2,READY_PROVISIONAL,REJECTED_STRICT_PREDICATE
577f7ce2228d9408136ca018fe8418a8d5aaf6a2f483ac5e8b94ad52c12f7c9d,002553.SZ,2024-11-22,2,2,READY_PROVISIONAL,REJECTED_STRICT_PREDICATE
3d0ca461b59096a64462b9c11290f21e2f0820dd9558f428e24d054a6efcd5f2,002553.SZ,2025-03-20,3,3,READY_PROVISIONAL,REJECTED_STRICT_PREDICATE
6627115a5c44fba3c70f9d0a0af821c75049ef335742acf45084fecc9097e7bc,002553.SZ,2025-03-21,4,4,READY_PROVISIONAL,UNRESOLVED_REGIME_OR_EXCEPTION
df1dd5da2e806146fb0d8d7b0b1df2bf10025f735391b4a4158c693040233a14,002553.SZ,2025-03-25,4,4,READY_PROVISIONAL,UNRESOLVED_REGIME_OR_EXCEPTION
2884ccd1ec1172ebe837eb1d8ceec3d5a6ca3fafb89b09b1f45cbdd38d1d8366,002553.SZ,2025-03-26,4,4,READY_PROVISIONAL,UNRESOLVED_REGIME_OR_EXCEPTION
0772dec71713f0553922808837cd32068b4be2488fc8acbad78d6dcc2bc8d1e6,002555.SZ,2024-09-30,1,1,READY_PROVISIONAL,REJECTED_STRICT_PREDICATE
09ce84f0bf00a61d161f83f379bc2dfa7ddd94c25e632c7d8adacb21a095f055,002555.SZ,2024-10-08,1,1,READY_PROVISIONAL,REJECTED_STRICT_PREDICATE
062407e52f10b73b2d718faeda19098924067f5482c2c2d1ae678bd7fab59383,002559.SZ,2026-07-02,3,3,READY_PROVISIONAL,REJECTED_STRICT_PREDICATE
4c88b8b073458db15682f458c1256a3086f645db780d2aef9e7cc809fb2c652f,002563.SZ,2024-09-30,1,1,READY_PROVISIONAL,REJECTED_STRICT_PREDICATE
5c317b689f7bca3bf49889f466599a98a99c423ed69256f9a56adddbeba0ff8c,002563.SZ,2024-10-08,1,1,READY_PROVISIONAL,REJECTED_STRICT_PREDICATE
b22c8fe1aba2f2cd8a5696a250382bbcd2040e8c82623781ca91a06dc56d7b30,002563.SZ,2024-10-09,1,1,READY_PROVISIONAL,REJECTED_STRICT_PREDICATE
2b243f725e79cd28664a0b7886ec746fc78f14e068ff63ccdb00943ca53b0996,002563.SZ,2024-10-10,1,1,READY_PROVISIONAL,REJECTED_STRICT_PREDICATE
4968a511c3f1014457fda14da7e08b53c860f49e8c57230d71091a0fca482086,002564.SZ,2025-04-18,3,3,READY_PROVISIONAL,REJECTED_STRICT_PREDICATE
dcaa43fbd926a87e095a41a9b8e26550b51d63c78b1f9d3649e3a510cdccdf36,002564.SZ,2025-07-31,1,1,READY_PROVISIONAL,REJECTED_STRICT_PREDICATE
49b42955576a111b7fed9f4d9f9126f1ec1d5990ec315f7aa20fa3e02c38678f,002565.SZ,2025-12-03,4,4,READY_PROVISIONAL,UNRESOLVED_REGIME_OR_EXCEPTION
16e8fa41c36c90d8efb4e790d7cd8419422e2c8f042a5e4f2691423b6e9c58e8,002565.SZ,2025-12-04,4,4,READY_PROVISIONAL,UNRESOLVED_REGIME_OR_EXCEPTION
4700f3642b63dafea8946b328e33c174db860185ab5b00dabda7ca2f4028ce0c,002565.SZ,2025-12-05,4,4,READY_PROVISIONAL,UNRESOLVED_REGIME_OR_EXCEPTION
dcd511209e519a2afb0162086f782c9b6a93a9a0765b0dfe33625fded78adb84,002565.SZ,2025-12-08,4,4,READY_PROVISIONAL,UNRESOLVED_REGIME_OR_EXCEPTION
19353920a29dfda4946328361dd6f75947555bf8ec048f7376a244b5098fe4b8,002568.SZ,2024-09-30,1,1,READY_PROVISIONAL,REJECTED_STRICT_PREDICATE
897bf30c69fbce815bc23321752c1e17db5c32dfc784c6c448041985c8881e15,002570.SZ,2024-10-30,4,4,READY_PROVISIONAL,UNRESOLVED_REGIME_OR_EXCEPTION
60ce97a1997c645f03b7e05ad873acbe72958345ab68dc9702cb7d93c371abb8,002570.SZ,2025-04-11,4,4,READY_PROVISIONAL,UNRESOLVED_REGIME_OR_EXCEPTION
26426eb0fdfacd5329e339a47b23c8db025b37b41a34c51a8e2c0adef0654b72,002570.SZ,2025-04-14,4,4,READY_PROVISIONAL,UNRESOLVED_REGIME_OR_EXCEPTION
bb0918696527ba509cf50194a395f0b5e44ec21b74a4f0a8586a2ce18ea830fd,002574.SZ,2025-03-14,4,4,READY_PROVISIONAL,UNRESOLVED_REGIME_OR_EXCEPTION
91d847d778dd215b7bcdf9b6b99fa693e2cd7fdeb932e36ce243e63b693c977d,002574.SZ,2025-03-17,5,5,READY_PROVISIONAL,UNRESOLVED_REGIME_OR_EXCEPTION
d2eebbf5f9046f3884196a4fcb1df5e48ee5b2c2f56c5320530dac9edd6c86ef,002574.SZ,2025-03-18,5,5,READY_PROVISIONAL,UNRESOLVED_REGIME_OR_EXCEPTION
8a5510052978b19ad2eb22d444a066f05f0b6e19dad2ed687a25dc655bcb3dc9,002574.SZ,2025-03-19,4,4,READY_PROVISIONAL,UNRESOLVED_REGIME_OR_EXCEPTION
e149dc597eeff4b5a8dd753373cba4179233b81be007b6130489187be252b605,002579.SZ,2025-06-23,3,3,READY_PROVISIONAL,REJECTED_STRICT_PREDICATE
2f8b868ebc9694f8a0e59dbc6f33eb5b43a0f6a84f93d4aa5ec119df62c9eb6d,002579.SZ,2025-06-24,4,4,READY_PROVISIONAL,UNRESOLVED_REGIME_OR_EXCEPTION
f222f520976dd3a22796525c2cc51bb6b1e1335192382d25fbfc9e4e30221064,002579.SZ,2025-06-25,3,3,READY_PROVISIONAL,REJECTED_STRICT_PREDICATE
e11b6bdf9c13bf9de572a587b89cea8c5d1560bdd86001d4cb9baa9241484053,002579.SZ,2025-06-26,2,2,READY_PROVISIONAL,REJECTED_STRICT_PREDICATE
cf4c31ae4a7f5f2a6cf9049559594fddce3578ce2c3a5e855b6461b035ce728f,002579.SZ,2025-06-27,2,2,READY_PROVISIONAL,REJECTED_STRICT_PREDICATE
5f01c88d9c8e2fd631349b63cc19b16307eda0400db2d2c8b10873f8fd28f1a3,002579.SZ,2025-06-30,3,3,READY_PROVISIONAL,REJECTED_STRICT_PREDICATE
f7dfab303fb3b7b6f41a11d7c2a9b1ca5726f5cc619ce0cb78df9ec198b7736d,002579.SZ,2026-05-28,3,3,READY_PROVISIONAL,REJECTED_STRICT_PREDICATE
88be285ae33de532c6dc2b3036e2aa8acddb2e47ddc32f730201993bfe7cc7ff,002579.SZ,2026-06-01,4,4,READY_PROVISIONAL,UNRESOLVED_REGIME_OR_EXCEPTION
e6cd4b0bf250264cf8f4167ead3abdf590749f137da6f20263c0b09aed7cdcd4,002579.SZ,2026-06-02,4,4,READY_PROVISIONAL,UNRESOLVED_REGIME_OR_EXCEPTION
d3b66ba5554271efb8912018dbebfeae912c3638dce57cdcafa8b1fff1a58a24,002580.SZ,2025-02-26,4,4,READY_PROVISIONAL,UNRESOLVED_REGIME_OR_EXCEPTION
5d2afe33656d60297a55c31ededd48c50fb62958e16f91127901a4bd17936f01,002580.SZ,2025-02-27,5,5,READY_PROVISIONAL,UNRESOLVED_REGIME_OR_EXCEPTION
1ba5498cef9c899855d2977889a8b6731904054346d889a6f68f9ac74a3ff570,002580.SZ,2025-02-28,4,4,READY_PROVISIONAL,UNRESOLVED_REGIME_OR_EXCEPTION
645e0869d7fab2f3b33844b69ff6feff0eb0838a109c2a6a0b5d9ef4fb393e32,002580.SZ,2026-04-14,4,4,READY_PROVISIONAL,UNRESOLVED_REGIME_OR_EXCEPTION
60dcc7ccc6edee59315227b4297d512c6f634d3c2d7d202698ff7bca8143e2b7,002580.SZ,2026-04-15,5,5,READY_PROVISIONAL,UNRESOLVED_REGIME_OR_EXCEPTION
f6a6de6d2ef1d43ea3816f18268411f403548f4c8ae12a7ecbcda3b765135c1f,002580.SZ,2026-04-16,5,5,READY_PROVISIONAL,UNRESOLVED_REGIME_OR_EXCEPTION
b95b297cb2e57846bf503bc343253a2372dbf06386d654aaaa29fcab3a051893,002580.SZ,2026-04-17,5,5,READY_PROVISIONAL,UNRESOLVED_REGIME_OR_EXCEPTION
c2037bec3eb5a80980368daca82eec847da2d333e721fd67a0389034e6a97bab,002580.SZ,2026-04-20,4,4,READY_PROVISIONAL,UNRESOLVED_REGIME_OR_EXCEPTION
bcae1ab02f47254578ab6a9f4cf369b3640eaf5349ea396d62d22bfe1501cf88,002580.SZ,2026-04-21,3,3,READY_PROVISIONAL,REJECTED_STRICT_PREDICATE
3d074312bbf5f404bfc103523dcfd6d87a49c73d9c17fd0617be12f0d3e90877,002581.SZ,2024-10-08,2,2,READY_PROVISIONAL,REJECTED_STRICT_PREDICATE
b545b801b3b53675c63e61ecec9361ba40ba9c4d88c8369954dfde6d6ddf57a4,002581.SZ,2024-10-09,2,2,READY_PROVISIONAL,REJECTED_STRICT_PREDICATE
c5cdb0d4ae5cb278feb0b30b3ed348a005bd2bfff12d4d3729f694d6c193870b,002582.SZ,2024-09-30,1,1,READY_PROVISIONAL,REJECTED_STRICT_PREDICATE
58ee67826332301b82643a9a15c7d0f7bb0a4ae8d3df66e4fce3d33116b64c22,002582.SZ,2024-12-02,2,2,READY_PROVISIONAL,REJECTED_STRICT_PREDICATE
e4ee98ea5931d446d7245b63a9a6a4c0ff0154b8712ed63a6c4b01886c47b00a,002583.SZ,2024-09-24,4,4,READY_PROVISIONAL,UNRESOLVED_REGIME_OR_EXCEPTION
f6e0e3a715291c113d4b07fd3e1eb2d824244fb26b7a783c070a6644ea85b04f,002583.SZ,2024-09-25,5,5,READY_PROVISIONAL,UNRESOLVED_REGIME_OR_EXCEPTION
22bb690952736005f3d800018832aa23ff780400962f97ed8b7b19491512cebf,002583.SZ,2024-09-26,5,5,READY_PROVISIONAL,UNRESOLVED_REGIME_OR_EXCEPTION
ea8134480a15be3e9b11e667a1b60d0e4483201308b8ee76356fdb6e2a5e424c,002583.SZ,2024-09-27,4,4,READY_PROVISIONAL,UNRESOLVED_REGIME_OR_EXCEPTION
4320f8f053f36131e5dd104e9e15589de8db32c301914c9766974f303f78165c,002583.SZ,2024-09-30,4,4,READY_PROVISIONAL,UNRESOLVED_REGIME_OR_EXCEPTION
f1b3abb1aec8b3efd0079e86b8f29a5d431120948f15115c840fbe519f9d3579,002583.SZ,2024-10-08,4,4,READY_PROVISIONAL,UNRESOLVED_REGIME_OR_EXCEPTION
af54ed1c1ba6cfaf0e4721b9aa9c31c0189d3163dd55ec981febc3a84886d8d1,002583.SZ,2024-10-09,4,4,READY_PROVISIONAL,UNRESOLVED_REGIME_OR_EXCEPTION
1cd511650666ff1bf5f8647fe8b931b0f7bccff291fd875ef81aac8d933701fc,002583.SZ,2024-10-11,4,4,READY_PROVISIONAL,UNRESOLVED_REGIME_OR_EXCEPTION
7e5cda5338c29e934cc9895a82485125d5215e7f45d8da3d63cf2096a7d1888a,002583.SZ,2024-10-14,3,3,READY_PROVISIONAL,REJECTED_STRICT_PREDICATE
782f5616454333f1fc1e43a53a9aaa2190bccf79d1c3a21167042e1c60d961e9,002583.SZ,2024-10-15,3,3,READY_PROVISIONAL,REJECTED_STRICT_PREDICATE
55ea753d53e180519d5ee6e1838f22af3ff9d84830c7f6f66de65e9bff6e8245,002583.SZ,2024-10-16,3,3,READY_PROVISIONAL,REJECTED_STRICT_PREDICATE
f4921578d4c077a2afb0face8441191ce18f199134395f161482780e360ed070,002583.SZ,2024-10-17,3,3,READY_PROVISIONAL,REJECTED_STRICT_PREDICATE
929c35b7181d622b8782fe68ef6f1b2770b68bade36c549ede0224c5441e47d2,002583.SZ,2024-10-18,3,3,READY_PROVISIONAL,REJECTED_STRICT_PREDICATE
f874a2a6b5128a3309b6752a2bf9bae51286e63421546ef516fec81511772820,002583.SZ,2024-10-21,4,4,READY_PROVISIONAL,UNRESOLVED_REGIME_OR_EXCEPTION
dfaf17cc7408e9712a0bdb94d79562dc897fc4306257912a6496382df96c493c,002583.SZ,2024-10-22,4,4,READY_PROVISIONAL,UNRESOLVED_REGIME_OR_EXCEPTION
855b68c3c7062f95815deabdd72652c1110852f1495811f9f761bdc1d910e94d,002583.SZ,2024-10-23,4,4,READY_PROVISIONAL,UNRESOLVED_REGIME_OR_EXCEPTION
ee2f8248bd77f23ef54d793068340080c0d979a7cca24a6c6456720d4eb7d0b1,002583.SZ,2024-10-24,5,5,READY_PROVISIONAL,UNRESOLVED_REGIME_OR_EXCEPTION
1af9f51d8394178071424bfb07afd10eea7ac346967ba601667993c204b83c3f,002583.SZ,2024-10-25,5,5,READY_PROVISIONAL,UNRESOLVED_REGIME_OR_EXCEPTION
e8c897b02e83f642731d28b90e35650c4cd2a5c1cf2671c9cdc0d55061590975,002583.SZ,2024-10-28,5,5,READY_PROVISIONAL,UNRESOLVED_REGIME_OR_EXCEPTION
483fd54ae54efcbce5d10eb1be44ece0b7e6c8eb2ac48e21057bec2f0adacf5b,002583.SZ,2024-10-29,5,5,READY_PROVISIONAL,UNRESOLVED_REGIME_OR_EXCEPTION
8b0058cf4364fd92e7ae84c1a914b50436e1fe1a5e1a48593c4b5ab4760751c5,002583.SZ,2024-10-30,5,5,READY_PROVISIONAL,UNRESOLVED_REGIME_OR_EXCEPTION
529cbe30ecc66ea849f83a855a15988b44ae589130e565bc29888673ac1b5676,002583.SZ,2024-10-31,5,5,READY_PROVISIONAL,UNRESOLVED_REGIME_OR_EXCEPTION
1c90f924d305f70d80ec6d42fd49b880a3304a37a0f6164b286853a136395ce6,002583.SZ,2024-11-01,4,4,READY_PROVISIONAL,UNRESOLVED_REGIME_OR_EXCEPTION
9068888a62d3b738eb1ab4e93872837b84dbaec50a50e3abc0148579e10331f1,002584.SZ,2024-02-22,0,0,UNVERIFIED_WARMUP,REJECTED_STRICT_PREDICATE
4668e2fd91897f606fcde85195fe5faada8b71820ef6fb72b137b5cee76fb12a,002585.SZ,2026-05-28,3,3,READY_PROVISIONAL,REJECTED_STRICT_PREDICATE
8ff767146694463733ee5f21643133487abf4e388f2db3d83a8403a89882a3f3,002589.SZ,2025-12-08,4,4,READY_PROVISIONAL,UNRESOLVED_REGIME_OR_EXCEPTION
ed1cd671991d7523b67918b5d99342e69527d132349db785acd13b5643bdd760,002589.SZ,2025-12-09,4,4,READY_PROVISIONAL,UNRESOLVED_REGIME_OR_EXCEPTION
20187e3be9c05a9aa68467d63521db08b3ff2145b20245a5d8fbc799d35e0c84,002590.SZ,2024-04-23,4,4,UNVERIFIED_WARMUP,UNRESOLVED_RSI_WARMUP
efec281684b868756ac1c05e23a70999b3ed63c3a938c72a4cb0888edd29b40b,002590.SZ,2024-04-24,4,4,UNVERIFIED_WARMUP,UNRESOLVED_RSI_WARMUP
0299865d40b34309e1ded7ba507c239c3e9acb66525e75bdab0724e0a2af4962,002592.SZ,2025-12-30,0,0,READY_PROVISIONAL,REJECTED_STRICT_PREDICATE
5000245ded454fc6315070a25128c6becd9b3f3b060cfca4c86b6cded706e50f,002592.SZ,2026-01-06,0,0,READY_PROVISIONAL,REJECTED_STRICT_PREDICATE
367f3c434acbbacc9f517129325664b7ad16e32968f090ea566bc4a462a4110d,002592.SZ,2026-01-07,0,0,READY_PROVISIONAL,REJECTED_STRICT_PREDICATE
242a78691e872b0c51e6e7a8cca395ccff1329c7f6ab658c4c41a5ced5f4e556,002592.SZ,2026-01-23,0,0,READY_PROVISIONAL,REJECTED_STRICT_PREDICATE
bd8c2f881f0601595fb8b44a6a197a36f6a6adfcb7d89eee6d0be288dd0a1140,002593.SZ,2024-12-02,4,4,READY_PROVISIONAL,UNRESOLVED_REGIME_OR_EXCEPTION
a05b307e48070ad892a97a771a56e1198e3b6e4234f388bf5b1b481801216918,002593.SZ,2024-12-03,4,4,READY_PROVISIONAL,UNRESOLVED_REGIME_OR_EXCEPTION
a3abfa6a79577333e925a896eb8e8ada4e4b9a30e72369848d14a88b6063bb52,002593.SZ,2024-12-04,4,4,READY_PROVISIONAL,UNRESOLVED_REGIME_OR_EXCEPTION
ae9ffc6cb01d843d7f1defaebcd3443fe95bbba60a70d09bfd62b85810372065,002593.SZ,2024-12-05,4,4,READY_PROVISIONAL,UNRESOLVED_REGIME_OR_EXCEPTION
3f6061630c90f40524e4224b8efbb755e3e78dbf7a73ce46513cd23842913570,002593.SZ,2024-12-06,4,4,READY_PROVISIONAL,UNRESOLVED_REGIME_OR_EXCEPTION
6e280ef2fd80c40b3316223de7eee66e16a5a501dd534cc0fa2ac5bd4c3b4edb,002593.SZ,2024-12-09,4,4,READY_PROVISIONAL,UNRESOLVED_REGIME_OR_EXCEPTION
df1215aa28b4dce381ce6b1112202be0445a4bd6693fcbe3f645b9775f05ef6d,002593.SZ,2024-12-10,5,5,READY_PROVISIONAL,UNRESOLVED_REGIME_OR_EXCEPTION
526b4348a3946562614c612995a43450f07abd50b7e01093ce0c6fc9f8b93e8b,002593.SZ,2024-12-11,5,5,READY_PROVISIONAL,UNRESOLVED_REGIME_OR_EXCEPTION
982c4b86633eb2bc48e7f5a5a03fef39247a7855b4cb4a09de15d35989b377fd,002593.SZ,2024-12-12,5,5,READY_PROVISIONAL,UNRESOLVED_REGIME_OR_EXCEPTION
3c9c5ba083ff7831eda5a3ba39dcb68871c8cc4a9448638b922bdd248fc41613,002593.SZ,2024-12-13,4,4,READY_PROVISIONAL,UNRESOLVED_REGIME_OR_EXCEPTION
8d59f3f4a520203ac0b1f89d4383f3d91cd12f1ac0f5b361894fc170a4f66426,002596.SZ,2025-12-01,3,3,READY_PROVISIONAL,REJECTED_STRICT_PREDICATE
d174ca7a163d27e6023e3b8fe741ebf70d7113ce989bc27f5fa9783940bcfd2b,002599.SZ,2025-02-21,3,3,READY_PROVISIONAL,REJECTED_STRICT_PREDICATE
6d3659a095d54e42ecce58276538a74a5d95dfba472f86c29ce09af1d35426d8,002599.SZ,2025-02-24,4,4,READY_PROVISIONAL,UNRESOLVED_REGIME_OR_EXCEPTION
27a5e9c39ac41d9178f2345f0e5ccb9266331a1878b6bca812735eeb46084232,002599.SZ,2025-02-25,4,4,READY_PROVISIONAL,UNRESOLVED_REGIME_OR_EXCEPTION
d5afe5b3165cf1fb8bd7666a04f154e9d0d154f48688cb45c66e8ee6dc4d32fa,002607.SZ,2024-08-05,4,4,READY_PROVISIONAL,UNRESOLVED_REGIME_OR_EXCEPTION
3f628b841a438bf9533a48c36e79e538d22dabcaf37b68961aa4d08401e1dd06,002607.SZ,2024-08-06,4,4,READY_PROVISIONAL,UNRESOLVED_REGIME_OR_EXCEPTION
0fe54e26b8c32e093eeecd699f0add76bb56e40f6f6aba147d99472502968be2,002607.SZ,2024-08-07,5,5,READY_PROVISIONAL,UNRESOLVED_REGIME_OR_EXCEPTION
7b5cbc459dfb0a3ced79a5a7df6ce759a3e7cb84414e73e9b97f022389fb6707,002611.SZ,2024-02-28,4,4,UNVERIFIED_WARMUP,UNRESOLVED_RSI_WARMUP
e02cc47801ac1fae9e784d77e0e981cd1a56b72a7c8b4d4ec9e4b08a74ed258c,002611.SZ,2024-02-29,5,5,UNVERIFIED_WARMUP,UNRESOLVED_RSI_WARMUP
9ef746a1c3c21c0e78e10c00a3368dfa47d65c3c46a7b68c5595ffe77e2d94ed,002611.SZ,2024-03-01,5,5,UNVERIFIED_WARMUP,UNRESOLVED_RSI_WARMUP
e998e81ac5c2088f34441afe7e51b18c1357955a5019d95848d387cc0c400643,002611.SZ,2024-03-04,4,4,UNVERIFIED_WARMUP,UNRESOLVED_RSI_WARMUP
7640a961de74c47356c90dc413408ff0de40c87aa4665415d494c48e54ef0fcd,002611.SZ,2024-03-05,4,4,UNVERIFIED_WARMUP,UNRESOLVED_RSI_WARMUP
d7cf79faa3d912ce59134ca0639a8f3a82aaa9722514690071a76d7a1733f90f,002611.SZ,2024-11-19,4,4,READY_PROVISIONAL,UNRESOLVED_REGIME_OR_EXCEPTION
bd73f3976921bffd5017d802c4ecd026b4478c0b5d94ace790a0a4d8908c2dcd,002611.SZ,2024-11-20,5,5,READY_PROVISIONAL,UNRESOLVED_REGIME_OR_EXCEPTION
69169d28c017bdc2b9e70c6ddeef2df6aa3e7882290e5ca168fae81a749a45e2,002611.SZ,2024-11-21,5,5,READY_PROVISIONAL,UNRESOLVED_REGIME_OR_EXCEPTION
bff89a02ddaec6c2a80de54ff86f2cdf487b374eec516cd63ef71f034d122118,002611.SZ,2024-11-22,5,5,READY_PROVISIONAL,UNRESOLVED_REGIME_OR_EXCEPTION
a0ea2bd4b990b389ac7344c82b0f4ff3c295a3ebf85dc5a75ff31f6bfdcc0449,002611.SZ,2024-11-25,5,5,READY_PROVISIONAL,UNRESOLVED_REGIME_OR_EXCEPTION
88198fbd9b88f5cc7112f26d491a3854382c8400c8124ae872e6a5e9ddb18f66,002611.SZ,2024-11-26,4,4,READY_PROVISIONAL,UNRESOLVED_REGIME_OR_EXCEPTION
069f0f552d8c985133f504e5875c4ad569abc3885c301b23606021143b17638c,002612.SZ,2026-07-30,1,1,READY_PROVISIONAL,REJECTED_STRICT_PREDICATE
026286d5327aa01b323c8c2360bf7effd6403b4021ccfdf1a7e9bb8c85c6e4a5,002620.SZ,2025-05-12,0,0,READY_PROVISIONAL,REJECTED_STRICT_PREDICATE
e4b067fecd0b0e11a7409be2c0e8f278ecf1c1ae1757ecd4c3a0f317f87fa606,002623.SZ,2025-07-07,3,3,READY_PROVISIONAL,REJECTED_STRICT_PREDICATE
633d155a37f90b94a4fc02d869fb1f046954d8ea46e5b59ceea382c1b7a7b247,002623.SZ,2025-07-08,4,4,READY_PROVISIONAL,UNRESOLVED_REGIME_OR_EXCEPTION
882f2bed9ee2ab966ee65d17c9874aae73cad1574d5c8c318408faecae362337,002623.SZ,2025-07-09,3,3,READY_PROVISIONAL,REJECTED_STRICT_PREDICATE
3de2b2375ece670f760743b036658d2061fa2d62e33ed72581041c94535d393c,002625.SZ,2024-10-08,2,2,READY_PROVISIONAL,REJECTED_STRICT_PREDICATE
301176c9ac0128006c507c90da98a4deeaa2cbd4cd68ad5171c1715a6e187fa1,002625.SZ,2024-10-09,2,2,READY_PROVISIONAL,REJECTED_STRICT_PREDICATE
9faf7fec4c693f927c2758648a02de28c76ca4ca450d65638e7d34630315e6b0,002625.SZ,2024-10-21,1,2,READY_PROVISIONAL,REJECTED_STRICT_PREDICATE
f317a8a2bb662f4a67483bbbe2270a38446de5c1dd92d2c66d34817c64bfd525,002625.SZ,2024-10-23,2,3,READY_PROVISIONAL,REJECTED_STRICT_PREDICATE
133c80c3c7007376c825cf812f8b25db3e3c31540e2fd88d112dfad4fe8d9790,002628.SZ,2024-10-16,3,3,READY_PROVISIONAL,REJECTED_STRICT_PREDICATE
8f5bc8771a330cfb0ec3e250b1b6150b18493f42f577ea62a095c2c72b00c64c,002628.SZ,2024-10-17,4,4,READY_PROVISIONAL,UNRESOLVED_REGIME_OR_EXCEPTION
703db2d8ba6497f53497a58c7b82b9b5d758c9b1071c5392aeb6ed4c2ecff9d0,002628.SZ,2024-10-18,5,5,READY_PROVISIONAL,UNRESOLVED_REGIME_OR_EXCEPTION
a7ee2984296647c19fc1989adc7fb0df483ab949ca0a6284d91b1a07d88e152c,002628.SZ,2024-10-21,5,5,READY_PROVISIONAL,UNRESOLVED_REGIME_OR_EXCEPTION
094228b198b05f77adb6719596c3c0cd77cbc7809ded47dc91eb9271aa63c7a8,002628.SZ,2024-10-22,5,5,READY_PROVISIONAL,UNRESOLVED_REGIME_OR_EXCEPTION
5df48bef13723dabecdd2dd7283de0c19266f9a544468b0cac00b52890029c0a,002628.SZ,2024-10-23,5,5,READY_PROVISIONAL,UNRESOLVED_REGIME_OR_EXCEPTION
6f979fb5f3d29aa04227cec955510a31b627e3d06a3a6b7a7c84d36c2aba8108,002628.SZ,2024-10-24,4,4,READY_PROVISIONAL,UNRESOLVED_REGIME_OR_EXCEPTION
6852b3028e6d327527f66263318642d579086fd2e9b9112f3df0b89ef3372c87,002628.SZ,2024-10-31,3,3,READY_PROVISIONAL,REJECTED_STRICT_PREDICATE
28d7835a9f3ab8af6983b7a3909c0c7c5ce9d7cf8500419e392813ef5ad0110d,002628.SZ,2024-11-01,3,3,READY_PROVISIONAL,REJECTED_STRICT_PREDICATE
41e38f0b2af7cf18428da998fb6f0de39d8835b93cb586142fb6df8cbab3f5cb,002631.SZ,2026-09-18,3,3,READY_PROVISIONAL,REJECTED_STRICT_PREDICATE
4e208c747b429f67e572597b0a8ae2f19d9c6cccb10f454ea799035a99e6d168,002631.SZ,2026-09-21,3,3,READY_PROVISIONAL,REJECTED_STRICT_PREDICATE
09fe05fdb95a98a3550f1dd105faab1d2bb92e653ad674612e329970cda81909,002631.SZ,2026-09-22,2,2,READY_PROVISIONAL,REJECTED_STRICT_PREDICATE
226a0456b9043e92f8f24adaa79ce15414fd3b663b2a93f2b895cedab1765372,002632.SZ,2025-12-02,4,4,READY_PROVISIONAL,UNRESOLVED_REGIME_OR_EXCEPTION
3952d472ee2cfdf7e00c67f0c0f7d195262a92efc232c441ec6eba6c15ec3ec5,002632.SZ,2025-12-03,5,5,READY_PROVISIONAL,UNRESOLVED_REGIME_OR_EXCEPTION
251f7f8f5a6535c1ff3cd5694ab9d1fd08a2e8cd24134abbdd9d29428a13eaca,002633.SZ,2024-10-30,4,4,READY_PROVISIONAL,UNRESOLVED_REGIME_OR_EXCEPTION
e57ef0c49e9d812fcdc9d58d978583958933bfb6bc56ed49239a074e59ae3739,002633.SZ,2024-10-31,4,4,READY_PROVISIONAL,UNRESOLVED_REGIME_OR_EXCEPTION
0bf70c81f344964058ca88bb0ba130e64a0155feb749d83111d59ed21e11676a,002633.SZ,2024-11-01,3,3,READY_PROVISIONAL,REJECTED_STRICT_PREDICATE
4170d9565b024185986ce73a6784674e047b7da6bf2c198f27443685d53fa5a9,002634.SZ,2024-10-30,4,4,READY_PROVISIONAL,UNRESOLVED_REGIME_OR_EXCEPTION
017d9de91719476649bb388f75e8a03474dcbdbbb737f9431daddeedc22a50fb,002634.SZ,2024-10-31,4,4,READY_PROVISIONAL,UNRESOLVED_REGIME_OR_EXCEPTION
5d2dc2e3fcd5ecf6ab59ce403dfb97c266d165b956dc9f0eb1277f24e56dc71e,002634.SZ,2026-03-31,2,2,READY_PROVISIONAL,REJECTED_STRICT_PREDICATE
6756af064d885d5abbeee631944f02aa17a1c20969517c147bf2166b32507cc3,002635.SZ,2024-10-08,1,1,READY_PROVISIONAL,REJECTED_STRICT_PREDICATE
4fb878e7ad6732c33b11147212cf05c1b720d2ee97f5fa21613b41862bd6f067,002636.SZ,2025-01-17,4,4,READY_PROVISIONAL,UNRESOLVED_REGIME_OR_EXCEPTION
71c326befd0c10769168ec9b00ee651231add9ea17dc9fc9b3184efca2fcac91,002636.SZ,2025-01-20,5,5,READY_PROVISIONAL,UNRESOLVED_REGIME_OR_EXCEPTION
743181c688fff94aca46c8db6a7b3fc31df9f98b68ed7d4f027638065e82cbd5,002636.SZ,2025-01-21,4,4,READY_PROVISIONAL,UNRESOLVED_REGIME_OR_EXCEPTION
d5c35ee8d0b0a342af690a1c76bd06c140e00c31659d81c4769433810ad76fda,002636.SZ,2025-07-08,4,4,READY_PROVISIONAL,UNRESOLVED_REGIME_OR_EXCEPTION
320e391734d390867428ddb2b50f8bd58d9d39f85ce5f07920e9355622093264,002636.SZ,2025-07-09,5,5,READY_PROVISIONAL,UNRESOLVED_REGIME_OR_EXCEPTION
042cad9ff2bcc85d65a59cb2702c1f42157afd405c0ef4c3ed07b105e120f22c,002636.SZ,2025-07-10,4,4,READY_PROVISIONAL,UNRESOLVED_REGIME_OR_EXCEPTION
fc2e98075e96bc7cac0055ac9808729e6687feb620ccf776f1e5e6adb17cc608,002636.SZ,2026-06-10,3,3,READY_PROVISIONAL,REJECTED_STRICT_PREDICATE
7b583136fbf3a346b2888a0a118ea6a2167c55c8d509b20b432ef49331d73b4f,002636.SZ,2026-06-11,3,3,READY_PROVISIONAL,REJECTED_STRICT_PREDICATE
1cdb19547eb6091731c1c2c09d7038333a29e4044c354ad32284dc1fbfb6ebf6,002636.SZ,2026-06-12,3,3,READY_PROVISIONAL,REJECTED_STRICT_PREDICATE
4f815bfd02e578a40e981d03a5cbe8268d09c936746ffd1a0a281d1b43ed2c96,002636.SZ,2026-06-15,2,2,READY_PROVISIONAL,REJECTED_STRICT_PREDICATE
2a0fb7846c5b7673ccbb3325aa2775d255d050f5d3c05b3ff1a0b82218fbd3ec,002636.SZ,2026-06-16,1,1,READY_PROVISIONAL,REJECTED_STRICT_PREDICATE
b1398f2bc10f99739b8fe8d0a35f11ef0e2babec52947bbf099d7c873ea879bb,002638.SZ,2024-02-21,2,2,UNVERIFIED_WARMUP,REJECTED_STRICT_PREDICATE
26a3ab3be4d7cc03b12616eab3587b0d74f93644d020876728cd146ad6bf4027,002638.SZ,2024-02-22,2,2,UNVERIFIED_WARMUP,REJECTED_STRICT_PREDICATE
1e98d736a41ab2cd91d123d68ea41e792169d61799a5f20636f770382be877a9,002638.SZ,2024-02-23,3,3,UNVERIFIED_WARMUP,REJECTED_STRICT_PREDICATE
8149ef67a3a72140d62ea979a71fe2c418d271e4061ce4aa1c770d4c00342b35,002640.SZ,2024-09-10,4,4,READY_PROVISIONAL,UNRESOLVED_REGIME_OR_EXCEPTION
430872360ee92e6fb3db33d53b179f31f37b5a4c3976ae91a48e8784321f819c,002640.SZ,2024-09-12,4,4,READY_PROVISIONAL,UNRESOLVED_REGIME_OR_EXCEPTION
8d77b81b27dac30107370539e39d16aaf4fd98003d4dc8f391b14c2a71a9212f,002640.SZ,2024-09-26,3,3,READY_PROVISIONAL,REJECTED_STRICT_PREDICATE
c2ca172dde94185dd89e6f399b3768ecda4813e31de9276e2354e09885b52639,002640.SZ,2024-09-27,3,3,READY_PROVISIONAL,REJECTED_STRICT_PREDICATE
218cf12abd2e9d44e21eb5e512031ed1150c8b122fc1e15f5e74396f510fc93c,002640.SZ,2024-09-30,4,4,READY_PROVISIONAL,UNRESOLVED_REGIME_OR_EXCEPTION
cf6bccf4b7629aec8ed5c041b93ce05b8dc9bd082266e15580276cb69954822e,002640.SZ,2024-10-08,4,4,READY_PROVISIONAL,UNRESOLVED_REGIME_OR_EXCEPTION
6bc757376513793a3438c5bfb26710a2c0efe9a5b0e895b77e76febfa8fd4bc1,002640.SZ,2024-11-28,4,4,READY_PROVISIONAL,UNRESOLVED_REGIME_OR_EXCEPTION
bcb29c9d18cb96cb5d1c20d28a863eb7624f14ae658f200190f6b299daa06e32,002640.SZ,2024-11-29,4,4,READY_PROVISIONAL,UNRESOLVED_REGIME_OR_EXCEPTION
07a75036408fcc26c48ee9721575151961e0a8ccc1475741afa729b46d55a7b8,002640.SZ,2024-12-02,4,4,READY_PROVISIONAL,UNRESOLVED_REGIME_OR_EXCEPTION
76b3f8e77d779918561b5b2a3df77930af9eeff44c5048212120ca9c1f7e2d02,002640.SZ,2024-12-03,5,5,READY_PROVISIONAL,UNRESOLVED_REGIME_OR_EXCEPTION
2aeeaf88678f31ad040d880f6e20d636ca7fbcf8b0268e56bbc385964813f049,002640.SZ,2024-12-04,5,5,READY_PROVISIONAL,UNRESOLVED_REGIME_OR_EXCEPTION
37e3bd8b809ea76c0d5e3463db98bf0c9a0438e422ae9089b85caef9cdb82f5d,002640.SZ,2024-12-05,5,5,READY_PROVISIONAL,UNRESOLVED_REGIME_OR_EXCEPTION
3bea691047d94c1691acd4057ff3632423b9f033df882004cd1e973368f59915,002640.SZ,2024-12-06,4,4,READY_PROVISIONAL,UNRESOLVED_REGIME_OR_EXCEPTION
446d8a4fef782337fffc89d186b2032b820f2df7ab2e61117ae881a1b0f657d9,002641.SZ,2024-01-12,4,4,UNVERIFIED_WARMUP,UNRESOLVED_RSI_WARMUP
fd72bfbd61a872c0be15f2c5ae452983d2e4dd869640b1dc600c76ca11a2b387,002641.SZ,2024-01-15,4,4,UNVERIFIED_WARMUP,UNRESOLVED_RSI_WARMUP
f3a6bf614e15a6ea8dac578e63b97a05552cc98fbda12b3f76dfd773bdd489d8,002643.SZ,2024-09-30,1,1,READY_PROVISIONAL,REJECTED_STRICT_PREDICATE
d4f7748dcc42f54fa380434f6fbebc66743cc52691764b12b63d16c03f69b0b4,002643.SZ,2024-10-08,2,2,READY_PROVISIONAL,REJECTED_STRICT_PREDICATE
b8ff6e3e6a560cd5659557f78d7fc00f92596bc3058bee1620b5ed062ed5b931,002643.SZ,2024-10-09,2,2,READY_PROVISIONAL,REJECTED_STRICT_PREDICATE
223f32f0700eb13cd6cf1fb80591183a2596df92472af53317972e1521b75df2,002645.SZ,2025-07-16,4,4,READY_PROVISIONAL,UNRESOLVED_REGIME_OR_EXCEPTION
1a933e0141a3cc662ba8f41680985bbb1e54231b1cc63c3d0d27ce4516290285,002645.SZ,2025-07-17,4,4,READY_PROVISIONAL,UNRESOLVED_REGIME_OR_EXCEPTION
89d2939172afb1742e5e7edbad11d0006c678a6d71024127b6e0b58fe9a8d023,002645.SZ,2025-07-18,4,4,READY_PROVISIONAL,UNRESOLVED_REGIME_OR_EXCEPTION
2f50c49b5e6f9c6be97e641f13865b81c9e92c3e62091212af589a94adb48d91,002645.SZ,2025-07-21,4,4,READY_PROVISIONAL,UNRESOLVED_REGIME_OR_EXCEPTION
584802a7728ffad3772be8f9e8de1d8380aef4cda796eb3e8a230fbfbfa769a0,002645.SZ,2026-06-05,1,2,READY_PROVISIONAL,REJECTED_STRICT_PREDICATE
eba9b364fb0cfb0f23c34cf68691b6b46e64c8b7e461f359c637ebda2b079d5b,002645.SZ,2026-06-08,1,2,READY_PROVISIONAL,REJECTED_STRICT_PREDICATE
1ce9db8b48677884f5a3ff1d1067ae1406b222e3c18a5637fa787ab47c99b2fa,002647.SZ,2024-10-09,3,3,READY_PROVISIONAL,REJECTED_STRICT_PREDICATE
4e6cbd689c2c71763d49dfa4d5321d82b1d36a81506ed74e2f27893777781845,002647.SZ,2024-10-10,3,3,READY_PROVISIONAL,REJECTED_STRICT_PREDICATE
641e8b82cb80e0e2a15c060e9ffa5535239ef7d27e585516faa78ec16053eced,002649.SZ,2024-02-19,0,0,UNVERIFIED_WARMUP,REJECTED_STRICT_PREDICATE
965f187337fb9fc73283c7ea7a8658d36623f45b667ce819fb8cedaf2f16aed1,002649.SZ,2024-02-20,0,0,UNVERIFIED_WARMUP,REJECTED_STRICT_PREDICATE
9ad240a1910066ee8f08c1ed2238756aa45a5582f30de9900e147704c18cd463,002649.SZ,2024-10-09,2,2,READY_PROVISIONAL,REJECTED_STRICT_PREDICATE
67048f2e8bed8e6138c9f1d4123fe5a5c4124ffbca8e7982ccc5088e5d8d0aff,002649.SZ,2024-10-10,2,2,READY_PROVISIONAL,REJECTED_STRICT_PREDICATE
a55714bfac31cd9e0310b8277d1e6fca661d48d059b6a5a827a558ab46105826,002650.SZ,2024-10-28,0,0,READY_PROVISIONAL,REJECTED_STRICT_PREDICATE
3e134b406a66d64ce46ac9906e158d825fed0c340bbc099cd286c9f3a9c78718,002650.SZ,2024-11-05,0,0,READY_PROVISIONAL,REJECTED_STRICT_PREDICATE
9a26fc65426e9e6e951ca349e435ad9f719cf367062f46074aa562eb2d87d560,002650.SZ,2024-11-06,0,0,READY_PROVISIONAL,REJECTED_STRICT_PREDICATE
ebd4fca5ca235a90a5cc1066127310c161664322b3fc49e3a662f86868b10e15,002650.SZ,2024-11-07,0,0,READY_PROVISIONAL,REJECTED_STRICT_PREDICATE
c6821d3f3b5cf0041017d107536ff5c6bc902ca5ff754c34aedd1704008d4dd1,002650.SZ,2024-11-08,0,0,READY_PROVISIONAL,REJECTED_STRICT_PREDICATE
edaefe30d84feaebfe1dd9947bbb698b6f781c3187d157324e846f0ca56e8a2c,002650.SZ,2024-11-11,0,0,READY_PROVISIONAL,REJECTED_STRICT_PREDICATE
bdcb4714d661ae3989395eec50975a618ff73a98f3b5e5a605e58607b58e9379,002650.SZ,2024-11-12,0,0,READY_PROVISIONAL,REJECTED_STRICT_PREDICATE
2fc11f404d963c59f4ee1166d8a950f6daad58a9c53f4e9636afc508ed73f909,002651.SZ,2024-11-08,3,3,READY_PROVISIONAL,REJECTED_STRICT_PREDICATE
bd2218f3c2edf25585c5add278386ec9721264f4ab18accc9531dfa672cdf7c9,002651.SZ,2025-05-12,4,4,READY_PROVISIONAL,UNRESOLVED_REGIME_OR_EXCEPTION
0cd4d9dbc363236c89021d83df04fac66da187e6bca708ed33328b49a905c540,002651.SZ,2025-05-13,5,5,READY_PROVISIONAL,UNRESOLVED_REGIME_OR_EXCEPTION
4c7d36cb7e1756c4f94124e41e299ebb9962964965637c7e1fc7dcd4b725ab7a,002651.SZ,2025-05-14,5,5,READY_PROVISIONAL,UNRESOLVED_REGIME_OR_EXCEPTION
2530190b26469d0e3cfb21a5954ec8fabb10ddc08273c24acc0befe49c7ca322,002651.SZ,2025-05-15,4,4,READY_PROVISIONAL,UNRESOLVED_REGIME_OR_EXCEPTION
b731675b243720b0dff5ceffd072fa6b61b8ec4a71eb48b67c6c3aefd416f90f,002651.SZ,2025-05-16,4,4,READY_PROVISIONAL,UNRESOLVED_REGIME_OR_EXCEPTION
c473beb06615f0167df2d361dfc7ce1561b700afa6fd54fdaf1c95c16da033ee,002651.SZ,2025-05-19,4,4,READY_PROVISIONAL,UNRESOLVED_REGIME_OR_EXCEPTION
bb761a462717ca911ed5ca6dd7189d14fec4c25628193b9b6e2a6f484aa494f0,002651.SZ,2025-05-20,3,3,READY_PROVISIONAL,REJECTED_STRICT_PREDICATE
1076db305044287f1a6e2cc1e9875329cafbafeee90af6481d76918d5c842ca1,002653.SZ,2026-07-02,1,1,READY_PROVISIONAL,REJECTED_STRICT_PREDICATE
29f033482da53916ea6b508495b6281162ee5a258a037681add71d9409407f7e,002653.SZ,2026-07-03,1,1,READY_PROVISIONAL,REJECTED_STRICT_PREDICATE
7100d6848e182c3fb3172eec6cfa57085f04c4fb5445e95014ad16d1d6352320,002654.SZ,2024-10-08,0,0,READY_PROVISIONAL,REJECTED_STRICT_PREDICATE
6de1b254856355c0874145ffab05451a857fe498805a73422330852ba122e1c6,002654.SZ,2024-10-29,4,4,READY_PROVISIONAL,UNRESOLVED_REGIME_OR_EXCEPTION
14190f759106e6e97f202a9405e47e02e40f4823e3e74c21c3b43c39cd3fa329,002654.SZ,2024-10-30,5,5,READY_PROVISIONAL,UNRESOLVED_REGIME_OR_EXCEPTION
23caa4ad22f6291b398ca4f7e1039905d8d5a675943de970bdd09411bafbcea7,002654.SZ,2024-10-31,4,4,READY_PROVISIONAL,UNRESOLVED_REGIME_OR_EXCEPTION
165be10db543bc5bb7f376f32f5104315a8770ff1da5abb67c0e659f00c5d8a5,002654.SZ,2024-11-01,3,3,READY_PROVISIONAL,REJECTED_STRICT_PREDICATE
d9c46e4e5b1ded0e893f527422dd4961aac3927eeb29ac0c8fba9b7082e5e2e4,002657.SZ,2024-02-21,2,2,UNVERIFIED_WARMUP,REJECTED_STRICT_PREDICATE
d80b22cad2791f0cc41e507bc9af77eac3235f3b999e471514ff37056a17837b,002657.SZ,2024-02-22,3,3,UNVERIFIED_WARMUP,REJECTED_STRICT_PREDICATE
dad24077665d9372bb6333d4855de22066e7f85e0262ee00638a151af9287cb9,002657.SZ,2024-02-23,3,3,UNVERIFIED_WARMUP,REJECTED_STRICT_PREDICATE
1f6f67fd9c09e57c35f9f4bc74b490a2f0005a3d44c3a6819899e4277249bfaf,002657.SZ,2024-09-30,1,1,READY_PROVISIONAL,REJECTED_STRICT_PREDICATE
40f34b01f03701d0a1a8662442918a3b7dffaa48481a056bfe26a9ec8bdb8cf7,002657.SZ,2024-10-08,2,2,READY_PROVISIONAL,REJECTED_STRICT_PREDICATE
0992db499b585c5ef8c00b7d63610f3d11c356f5d8a86adbc9ae3ae8022068e7,002657.SZ,2024-10-09,2,2,READY_PROVISIONAL,REJECTED_STRICT_PREDICATE
6dedcb0031fd8846113b38956b2c69b7fe76a74731e6df2413a676d31c336cf4,002657.SZ,2024-11-15,4,4,READY_PROVISIONAL,UNRESOLVED_REGIME_OR_EXCEPTION
3fbc07811650a0ba946a4c3d918ac0c6b6154fb1460e93bcc60d6a616e193b58,002657.SZ,2024-11-18,4,4,READY_PROVISIONAL,UNRESOLVED_REGIME_OR_EXCEPTION
cd4af63204a1403b845a0d2cae233865acd73cbed6a874e7a909535acf9ac6e8,002657.SZ,2024-11-20,4,4,READY_PROVISIONAL,UNRESOLVED_REGIME_OR_EXCEPTION
50deac512360b9856f8e901a7140f8bfe9ae6721479a1826bcc7a15b4039ed19,002658.SZ,2025-07-03,4,4,READY_PROVISIONAL,UNRESOLVED_REGIME_OR_EXCEPTION
dab82184d88c9bb637eafa913a954e2fed138f19b1494b2738c9e6d12739ee7e,002667.SZ,2024-02-22,0,0,UNVERIFIED_WARMUP,REJECTED_STRICT_PREDICATE
7482c06ff8be8de9f925e69a5897afd791300c76438f36fa5fa326bb7f77b6f3,002667.SZ,2024-02-23,0,0,UNVERIFIED_WARMUP,REJECTED_STRICT_PREDICATE
0261ac6c813816cb398d29d567009de240e79a34cf3b498c796ac073f9ec0406,002667.SZ,2026-01-29,3,3,READY_PROVISIONAL,REJECTED_STRICT_PREDICATE
187c318966882da936a6dd21eae6a487d61645aac2914ba702d79401f10b7287,002667.SZ,2026-08-25,3,3,READY_PROVISIONAL,REJECTED_STRICT_PREDICATE
b8d29dd7c026de7f00e75d23aa44d5a51532755cd9703d3296db47ea6c60ced4,002670.SZ,2024-05-06,3,3,UNVERIFIED_WARMUP,REJECTED_STRICT_PREDICATE
548388b4a7489cc9639ee8bd8b0a3c4732eb000043b162a8623179b38b3de800,002670.SZ,2024-05-07,3,3,UNVERIFIED_WARMUP,REJECTED_STRICT_PREDICATE
5e4bd4221fd75a336ee8e5077409a0c6c4d303013572153e732531c2b4e712e3,002670.SZ,2024-09-30,2,2,READY_PROVISIONAL,REJECTED_STRICT_PREDICATE
3313cb532be1281ab52e8e8bc7cd1ae80ab10a25cf7bb50053a7286b0e436fc0,002670.SZ,2024-10-08,3,3,READY_PROVISIONAL,REJECTED_STRICT_PREDICATE
dc3d5e55af823ab34812a84863c0daddab28cb2a22913f827168f0d7ec3ee256,002670.SZ,2024-12-13,4,4,READY_PROVISIONAL,UNRESOLVED_REGIME_OR_EXCEPTION
70b8da7b469233e41eba62b92256561c17eecf4a4880d30e6f2af5da8f9fa567,002670.SZ,2024-12-16,4,4,READY_PROVISIONAL,UNRESOLVED_REGIME_OR_EXCEPTION
8c9645ca75b9a803609e69b4a311b3c76da4b304542611f6c0b1e5e062620999,002674.SZ,2026-06-24,4,4,READY_PROVISIONAL,UNRESOLVED_REGIME_OR_EXCEPTION
d4d29ddf7542d593c04b7ecc9a4f97151a9e3df6529395c603991164b6360049,002674.SZ,2026-06-25,5,5,READY_PROVISIONAL,UNRESOLVED_REGIME_OR_EXCEPTION
fcf6d368117b30b4af3e8eb67464d91efbeaf5dbdb6a5fa3634b8325fb09394f,002674.SZ,2026-06-26,5,5,READY_PROVISIONAL,UNRESOLVED_REGIME_OR_EXCEPTION
de816a9474fcc60e6774f8a294c97014c457fe3ad8233f2efd225cf1171218a9,002674.SZ,2026-06-29,4,4,READY_PROVISIONAL,UNRESOLVED_REGIME_OR_EXCEPTION
129cfe0d794e5c80aa5e968a4e88b4bc3ce17f5d6b95ac6ae8051b8917ab786f,002674.SZ,2026-06-30,3,3,READY_PROVISIONAL,REJECTED_STRICT_PREDICATE
3675dc6a0427a6d491ee3bd395268b2dafc7d3cbb3340fc335470f7aa53ee847,002676.SZ,2024-10-28,4,4,READY_PROVISIONAL,UNRESOLVED_REGIME_OR_EXCEPTION
73dd08ada8396e2c428206a2d8c82b61fe7c1fce04126af061ebf31992cd0c1a,002681.SZ,2024-12-10,4,4,READY_PROVISIONAL,UNRESOLVED_REGIME_OR_EXCEPTION
5fa143a99e7509f60f2ee646fa6564b94cf0bd8f9c6dfd5b4ce88f943828b7b7,002681.SZ,2024-12-11,4,4,READY_PROVISIONAL,UNRESOLVED_REGIME_OR_EXCEPTION
0abb748e8af42d192c13243cfbfd25b98a3454189bfb2c630207fb6056412b72,002682.SZ,2025-11-18,4,4,READY_PROVISIONAL,UNRESOLVED_REGIME_OR_EXCEPTION
ae6bebc10a61cd7e9162ae9e84378800c1d63f1de2b9fd03606d8a45e712e766,002682.SZ,2025-11-19,4,4,READY_PROVISIONAL,UNRESOLVED_REGIME_OR_EXCEPTION
e91a7e8ae2991e1a81b88a78772994bb972de02b153f101e4e1bb18b0481b45f,002682.SZ,2025-12-08,4,4,READY_PROVISIONAL,UNRESOLVED_REGIME_OR_EXCEPTION
c589db06c589dcd7a941574081a0ae2899095b1e55a93f5cec1be0e6e9495a0d,002682.SZ,2025-12-09,5,5,READY_PROVISIONAL,UNRESOLVED_REGIME_OR_EXCEPTION
ef59e95ca890e73cb4296be3c96c8c57a31e7d60b36318fb2288cd5db308af30,002682.SZ,2025-12-10,5,5,READY_PROVISIONAL,UNRESOLVED_REGIME_OR_EXCEPTION
ddc59f30bb3dac1532e2ce4f3f7ab6a4ae68a70398d986d83e18829bedfd6c73,002682.SZ,2025-12-11,4,4,READY_PROVISIONAL,UNRESOLVED_REGIME_OR_EXCEPTION
59abb72f4cb83814e679376bdf5961f067579076ae89d2a4e3c04bebc7c632fd,002682.SZ,2025-12-12,4,4,READY_PROVISIONAL,UNRESOLVED_REGIME_OR_EXCEPTION
67590f5df1b67f380cc6dcae0b09168e49361a3dbd49bebbe22dd11ae1d078be,002682.SZ,2025-12-15,3,3,READY_PROVISIONAL,REJECTED_STRICT_PREDICATE
ab9633669a3568da1b109dab3bf7f4523f82033cda43ad5689918f39c461f734,002685.SZ,2024-08-01,4,4,READY_PROVISIONAL,UNRESOLVED_REGIME_OR_EXCEPTION
f86308709fea09f04224ab2e6af10860eb540d96690223554991ee849dbf1dbc,002685.SZ,2024-10-21,3,3,READY_PROVISIONAL,REJECTED_STRICT_PREDICATE
e1ad3b6a1f1341c59e3b3ba11780d4333c44adffbaa70463585f48670fe27d26,002685.SZ,2024-10-22,3,3,READY_PROVISIONAL,REJECTED_STRICT_PREDICATE
9d7e8e6079acc8ba6906addde566f09850f06b5171c7f4e73b94f098292bd298,002685.SZ,2024-10-23,4,4,READY_PROVISIONAL,UNRESOLVED_REGIME_OR_EXCEPTION
c22b176645673e68e1d61acb5c0499ef7d738d592f602ecb2b0aabb2dcb5fa80,002685.SZ,2024-10-24,4,4,READY_PROVISIONAL,UNRESOLVED_REGIME_OR_EXCEPTION
f8210e10cd25b8dab57262588c2e64b8ee420838723c021a226647d1dd726017,002685.SZ,2024-10-25,4,4,READY_PROVISIONAL,UNRESOLVED_REGIME_OR_EXCEPTION
e8f84af05aaa5ad7a828727c7e25f067784a15622b210838a35dca20c5eebaae,002685.SZ,2024-10-28,4,4,READY_PROVISIONAL,UNRESOLVED_REGIME_OR_EXCEPTION
142bc60901ebff9b89e95ae16618008b6eb11495fed9612c59a13c38eddbf121,002685.SZ,2024-10-31,3,3,READY_PROVISIONAL,REJECTED_STRICT_PREDICATE
333dce9943badf9ac8294bfaad6bf322e41e4038cc12218370caf5fd374e8a7d,002688.SZ,2025-04-08,4,4,READY_PROVISIONAL,UNRESOLVED_REGIME_OR_EXCEPTION
caac0d2e351539b61025d45a1c8c4a21e136cd6803b37e7a953f7f13deea759a,002688.SZ,2025-04-09,4,4,READY_PROVISIONAL,UNRESOLVED_REGIME_OR_EXCEPTION
bb91e1a2a2e4a3cff998e6f1891975990fe94e7ff77e01f3b9124e619ed771a0,002688.SZ,2025-04-10,4,4,READY_PROVISIONAL,UNRESOLVED_REGIME_OR_EXCEPTION
aa4ed184d6c325020c881cac05fd36da3e73145341137dfaae699ea57b112c37,002688.SZ,2025-04-11,3,3,READY_PROVISIONAL,REJECTED_STRICT_PREDICATE
0d164f4f83779ff7cde80d40e7894dd6b6b7b48b404fe93adc8972a0410c0466,002690.SZ,2024-10-08,1,1,READY_PROVISIONAL,REJECTED_STRICT_PREDICATE
938f3c450df42e5c47e95e6c4e89ed3b42eb95d807ede0bcfeffc52892d30747,002691.SZ,2025-01-17,4,4,READY_PROVISIONAL,UNRESOLVED_REGIME_OR_EXCEPTION
af1b1e724ac3269c07a262d2f0e9a8ca36027409eac9d8aa34e3c258a6a2e643,002691.SZ,2025-01-20,5,5,READY_PROVISIONAL,UNRESOLVED_REGIME_OR_EXCEPTION
d635cd55b89280213d819b3fb7e2785d778b9544e8dcbd7b8969b8f753449fa1,002691.SZ,2025-01-21,5,5,READY_PROVISIONAL,UNRESOLVED_REGIME_OR_EXCEPTION
2c094dcf752fd8f7f956f2660949645c6df65aa421b06184dfc8025b36f6d3e1,002691.SZ,2025-01-22,5,5,READY_PROVISIONAL,UNRESOLVED_REGIME_OR_EXCEPTION
d7e9ed7e6339bf4616b4a3784a02198a136df214d455f224314b1e56822840fc,002691.SZ,2025-01-23,4,4,READY_PROVISIONAL,UNRESOLVED_REGIME_OR_EXCEPTION
876f0121afb43a37a2f39836b657e31e251e2f4019dc7a16c0498c32b80d3fcb,002691.SZ,2025-02-07,4,4,READY_PROVISIONAL,UNRESOLVED_REGIME_OR_EXCEPTION
9e34f7a7f144cbcdff0db964be2b52863a8009fb5a855870118394a41ca0a481,002691.SZ,2025-02-10,4,4,READY_PROVISIONAL,UNRESOLVED_REGIME_OR_EXCEPTION
eefacf837c9c58f71673f6f177f504613bdd32e4c8163af5dac9d30d718a1fb9,002691.SZ,2025-02-11,4,4,READY_PROVISIONAL,UNRESOLVED_REGIME_OR_EXCEPTION
9088990da76908d06bf5dccf75cd0a6b8fe4c9b87e9911ee17514b788029ae4b,002691.SZ,2025-02-12,4,4,READY_PROVISIONAL,UNRESOLVED_REGIME_OR_EXCEPTION
ea22cdbfe1523eafccd11c20b0d6a51b98bc08fbdc4b6aa1b725dff063b96072,002691.SZ,2025-02-13,4,4,READY_PROVISIONAL,UNRESOLVED_REGIME_OR_EXCEPTION
0571c163ba8fed326fc042f3efa5410f74bc0c10976f87daabac7bca8e283d5e,002691.SZ,2025-02-17,3,3,READY_PROVISIONAL,REJECTED_STRICT_PREDICATE
a1c561d8e79c3deb65195c75d9d13df1f5830ede7e6070457a497b1a3eb8b60b,002693.SZ,2024-09-13,3,3,READY_PROVISIONAL,REJECTED_STRICT_PREDICATE
90f11e3be9f93c35e8af9c48b806e36717875825588fd9905e04252569209f1f,002693.SZ,2024-09-18,4,4,READY_PROVISIONAL,UNRESOLVED_REGIME_OR_EXCEPTION
9607d2a6ee1421e6d8568d41aa9a51fa0eb634997afcdab87fcf6936434db720,002693.SZ,2024-09-19,5,5,READY_PROVISIONAL,UNRESOLVED_REGIME_OR_EXCEPTION
da0539d680e2ada41f620b76c159ec5b935377ea689d46e74dd9520fefeec5cd,002693.SZ,2024-09-20,5,5,READY_PROVISIONAL,UNRESOLVED_REGIME_OR_EXCEPTION
669af28bea86fcbfe889e1eacfc4052f4160fe900cce4ab7b647e61e5c9b3312,002693.SZ,2024-09-23,5,5,READY_PROVISIONAL,UNRESOLVED_REGIME_OR_EXCEPTION
1b085124951a4c2aeeed00491a9b3a806f54da1d3cee9978fff7fb3fb5d29cf9,002693.SZ,2024-09-24,5,5,READY_PROVISIONAL,UNRESOLVED_REGIME_OR_EXCEPTION
e16d8a27525851588e78641933905d82ad367e83059b8559b165853089a50840,002693.SZ,2024-09-25,5,5,READY_PROVISIONAL,UNRESOLVED_REGIME_OR_EXCEPTION
1b98e5ac90d841a8a50b94ba403ca0bf09a0f664f6311d14a3aa3cb746e230ea,002693.SZ,2024-09-26,5,5,READY_PROVISIONAL,UNRESOLVED_REGIME_OR_EXCEPTION
e57702546f20b2d669652b1d55fd9ec099181fb5c4621b5b1e02aceb098b069f,002693.SZ,2024-09-27,5,5,READY_PROVISIONAL,UNRESOLVED_REGIME_OR_EXCEPTION
da1102384756251dc6fc63efb90fa34f990f1ab83ecbf6d266ca995d7d6572e8,002693.SZ,2024-09-30,5,5,READY_PROVISIONAL,UNRESOLVED_REGIME_OR_EXCEPTION
aba07b6e60d7465666ab61e9f94a1abba2cca5537ecbc13da71e396d88cdcf1d,002693.SZ,2024-10-08,5,5,READY_PROVISIONAL,UNRESOLVED_REGIME_OR_EXCEPTION
f980e03eed2d0c4a73b6a072293a1a6f5fe73c7f2dd8cc8fe6a10c8768e49fca,002693.SZ,2024-10-09,5,5,READY_PROVISIONAL,UNRESOLVED_REGIME_OR_EXCEPTION
e0c2d9b5e80eff365394587ad03761f8170b13890aa71c81d9af92615e200440,002693.SZ,2024-10-10,4,4,READY_PROVISIONAL,UNRESOLVED_REGIME_OR_EXCEPTION
609d6385ed15d9369e1c8ba95d75cc4e874fe40d70639e15eae65c7606d552fa,002693.SZ,2024-10-17,4,4,READY_PROVISIONAL,UNRESOLVED_REGIME_OR_EXCEPTION
8225f04a1983cb77d404cc821c160bbdb4d79c9409b26a603d6718c7e3aa27ee,002693.SZ,2024-10-18,5,5,READY_PROVISIONAL,UNRESOLVED_REGIME_OR_EXCEPTION
ade0b6ec9c14bc03965826aa3edfd5fbb8f561d872ec602c65d4813edcd115f0,002693.SZ,2024-10-21,5,5,READY_PROVISIONAL,UNRESOLVED_REGIME_OR_EXCEPTION
02323943e4fae0e94bfa99b8414c3cd6db4bf948ee6d46d90a24bec3141dbc1f,002693.SZ,2024-10-22,5,5,READY_PROVISIONAL,UNRESOLVED_REGIME_OR_EXCEPTION
eb2d246853a0ffedaa7024863acdd3e3b5833c2e141cb503afdab2f6e11f5f9c,002693.SZ,2024-10-23,4,4,READY_PROVISIONAL,UNRESOLVED_REGIME_OR_EXCEPTION
3f23ed2ae3a148a89ff242a12b1ba1b5eb57109ece1d474ec4b963c005352fe6,002693.SZ,2024-10-24,4,4,READY_PROVISIONAL,UNRESOLVED_REGIME_OR_EXCEPTION
bf2ac4bb75b0752123b144638d52402f177ec7f3ae1da1bf01cc602739ec7a60,002693.SZ,2024-10-25,4,4,READY_PROVISIONAL,UNRESOLVED_REGIME_OR_EXCEPTION
493afe2cf251b61d912acaea47c25fab7565ae4709f7dfe973aab88db80f4d0e,002693.SZ,2024-10-28,4,4,READY_PROVISIONAL,UNRESOLVED_REGIME_OR_EXCEPTION
dacb3cc270cd46f2d1566ae18275740c784f9ccd82763891b6c02134390e0fdf,002694.SZ,2024-10-31,3,3,READY_PROVISIONAL,REJECTED_STRICT_PREDICATE
e8b4e20816b380e1290e47e1e3e35ea1901be1d927b5cc7ac11a55208ce2fb45,002694.SZ,2024-11-01,3,3,READY_PROVISIONAL,REJECTED_STRICT_PREDICATE
d554ef88b2a9fc46acc752df28051326e3a981cd979064cd6511a6ebd9e18056,002694.SZ,2024-11-04,3,3,READY_PROVISIONAL,REJECTED_STRICT_PREDICATE
c3b792c1db24f35344f8980e6e3ebd96e225f0d36ea1c9881e385486fe0f9ea3,002702.SZ,2024-12-12,3,3,READY_PROVISIONAL,REJECTED_STRICT_PREDICATE
2ea8e5b694a809aa436106df99cf32d443c0e75502a9a88e6c20e69ee8e07698,002702.SZ,2025-11-28,3,3,READY_PROVISIONAL,REJECTED_STRICT_PREDICATE
fdf55f5fc02de0ddea3e33dedee60a2264c766c65fb408c28f745ecdada1eb26,002702.SZ,2025-12-01,4,4,READY_PROVISIONAL,UNRESOLVED_REGIME_OR_EXCEPTION
37f0927a0f33a0bf0738937a0382d77244e5448259912beecb803337c737eb2f,002702.SZ,2025-12-02,5,5,READY_PROVISIONAL,UNRESOLVED_REGIME_OR_EXCEPTION
fefb2164d7774630e322f7a90ca74afbc4d5adce9e36686a467d28c4740efe63,002702.SZ,2025-12-03,5,5,READY_PROVISIONAL,UNRESOLVED_REGIME_OR_EXCEPTION
fc5e39de6e3499a26184a9c7a1c1fc08f9d5ab22034c58af07cdde3b631eabdc,002702.SZ,2025-12-04,4,4,READY_PROVISIONAL,UNRESOLVED_REGIME_OR_EXCEPTION
0094e34c307a50cfa41f4bee679c70693ca759e87c74e8dd4f63594f7ce1021c,002702.SZ,2025-12-05,4,4,READY_PROVISIONAL,UNRESOLVED_REGIME_OR_EXCEPTION
ac2336638503758e06da7a20a80b7d1f707ee894bd52118f5accb079bec8f562,002702.SZ,2025-12-08,3,3,READY_PROVISIONAL,REJECTED_STRICT_PREDICATE
4b5aa72784e9573a1c24fd9cbd477a0c78c687086a1245767ed572b2b3dda236,002702.SZ,2025-12-09,2,2,READY_PROVISIONAL,REJECTED_STRICT_PREDICATE
929be8d9c1a83be0ca095b51e264a0f3ee0f87027444db55d936278286bd8d42,002703.SZ,2025-12-19,4,4,READY_PROVISIONAL,UNRESOLVED_REGIME_OR_EXCEPTION
ec6224bcb10cb48621dc6bad7d91547d223743eae330de4c100c701af0280cfb,002703.SZ,2025-12-22,4,4,READY_PROVISIONAL,UNRESOLVED_REGIME_OR_EXCEPTION
86dd061a0db7cd0668d73c489fa9a2bcf39786c8f4f073875bada1a022930ebd,002703.SZ,2025-12-23,3,3,READY_PROVISIONAL,REJECTED_STRICT_PREDICATE
a4b6f58a4841b3dfd863b94555837736379b49e6e6395657e878b9de5a23aa61,002703.SZ,2025-12-24,3,3,READY_PROVISIONAL,REJECTED_STRICT_PREDICATE
96ba5422cae7a95ef85b1b0589095e7ec4893452a043ea310444bee88bdb2b91,002708.SZ,2024-01-16,4,4,UNVERIFIED_WARMUP,UNRESOLVED_RSI_WARMUP
303f0062f4e71575133890aafd3c4c7034d57885b62405bb66b39f87aeb4c0c3,002709.SZ,2024-09-30,1,1,READY_PROVISIONAL,REJECTED_STRICT_PREDICATE
dd2a97fe2b59335ac316ed3ce194ac87c6f962289fb65c9bf3fb6ddfb65d46a3,002709.SZ,2024-10-08,2,2,READY_PROVISIONAL,REJECTED_STRICT_PREDICATE
00cb9514235f3b01e552fc4c6532a39d2335349007e26689c2a7c1de86beaf48,002712.SZ,2024-10-31,4,4,READY_PROVISIONAL,UNRESOLVED_REGIME_OR_EXCEPTION
f2fc3e4fcf4b93515fd46789611a9686eb07c0b9b633fea7f468d44f6ba6be36,002713.SZ,2024-10-25,4,4,READY_PROVISIONAL,UNRESOLVED_REGIME_OR_EXCEPTION
d8e87d1b6ecdb31a3c071213a0822a35233e7c2c1adea6e01ff020fe699f8999,002713.SZ,2024-10-28,4,4,READY_PROVISIONAL,UNRESOLVED_REGIME_OR_EXCEPTION
19262a2a1145d971c3c6e68477bff0a2e5ccbd1da9b90fd2a94f861c156cc8cf,002713.SZ,2024-12-06,4,4,READY_PROVISIONAL,UNRESOLVED_REGIME_OR_EXCEPTION
ee3c67adffafc799788382afb8bacc0744529f73de479f7857122ab79b246276,002713.SZ,2025-03-21,3,3,READY_PROVISIONAL,REJECTED_STRICT_PREDICATE
743da709d6558be1441e4cd00363710779e094f552ebe116dacc5a51ebaf2d77,002713.SZ,2025-10-15,0,0,READY_PROVISIONAL,REJECTED_STRICT_PREDICATE
0a6602449fd04daf2f975054420d29a178f3e7428f08a9370876a6ff15b56d9e,002713.SZ,2025-11-05,0,0,READY_PROVISIONAL,REJECTED_STRICT_PREDICATE
b74762e2eae1e1d49e94a3d98cfaba59c5b90de1f603bafb9b733621458e775e,002713.SZ,2025-11-06,0,0,READY_PROVISIONAL,REJECTED_STRICT_PREDICATE
bb810684a9bdd1ffe150e35b6b1134e8b60e8ba660e315220fe19536d52f7b22,002713.SZ,2025-11-07,0,0,READY_PROVISIONAL,REJECTED_STRICT_PREDICATE
68902617c9d092ce81d229288b9bc01aee0019fea477941bccfc83c5ff4af1bf,002713.SZ,2025-11-10,0,0,READY_PROVISIONAL,REJECTED_STRICT_PREDICATE
6842559c697bf436b9e14d8a5503371a03ff95febfa22a983235f67b534944fa,002713.SZ,2026-01-08,0,0,READY_PROVISIONAL,REJECTED_STRICT_PREDICATE
7c9011818dc4f6dd43386094ca53f0765c3adcda4ee131f29978b0a4a67b1181,002713.SZ,2026-01-09,0,0,READY_PROVISIONAL,REJECTED_STRICT_PREDICATE
12e80ba8cc0d718cd92b9ad3850e8108ba3fa2720292847da5b70729825d92c9,002715.SZ,2024-04-12,1,1,UNVERIFIED_WARMUP,REJECTED_STRICT_PREDICATE
45bedd8fe37e4b7db34df1fd2f0a004544d6339dead3009164bb11429b600063,002715.SZ,2024-10-24,1,1,READY_PROVISIONAL,REJECTED_STRICT_PREDICATE
0f9acd53f6b8e00460f39d3e37c6dd7a494a3ff3d27d4792552ecc37cea1ccef,002715.SZ,2024-10-29,1,1,READY_PROVISIONAL,REJECTED_STRICT_PREDICATE
ca48b4c82b81368497d7d3f03b6742f7c39f3c1a6bb2f6d8c3c9653cbaebe2b5,002716.SZ,2026-01-15,1,1,READY_PROVISIONAL,REJECTED_STRICT_PREDICATE
29d04c5a4b23fca5fa1e29b157d97e9be0783fd961ddceeae34d0ff696229e2d,002716.SZ,2026-01-16,1,1,READY_PROVISIONAL,REJECTED_STRICT_PREDICATE
23fca5a284755ba8c10c101c9f73cddb33a1a04ad2d43f9521b9321635fe52c5,002716.SZ,2026-01-19,1,1,READY_PROVISIONAL,REJECTED_STRICT_PREDICATE
9fca04eaec3317e91851122eb82d329053c4bc9303fcfa5f5e0c34c2fa38d692,002716.SZ,2026-01-20,2,2,READY_PROVISIONAL,REJECTED_STRICT_PREDICATE
7426b12a31e9131e3c0ed940851b5578424c15b28e1695f62dba0863c73c1533,002716.SZ,2026-01-21,2,2,READY_PROVISIONAL,REJECTED_STRICT_PREDICATE
93ba667a07ea1de340151145cd5cb21d53040d18084d68f4c6ef39eac610f9d2,002716.SZ,2026-01-22,3,3,READY_PROVISIONAL,REJECTED_STRICT_PREDICATE
86d692943a8f7c35c722b10f36e5cba5861ebd2512a6ba6bc6b9897425dbccb1,002716.SZ,2026-01-23,3,3,READY_PROVISIONAL,REJECTED_STRICT_PREDICATE
769e344973ee506c504c742a7499ae80319b0748be44b4f2d0cbff9024fe7bef,002716.SZ,2026-01-26,4,4,READY_PROVISIONAL,UNRESOLVED_REGIME_OR_EXCEPTION
72928e7dfafed633f959d057824d8ae776d2ac86897dce041e1620bb069a13bb,002716.SZ,2026-01-27,3,3,READY_PROVISIONAL,REJECTED_STRICT_PREDICATE
ad4ace73c72ee7006a9ecd57f58256887ef1e32941658b6625d6378d6f2723b5,002716.SZ,2026-01-28,3,3,READY_PROVISIONAL,REJECTED_STRICT_PREDICATE
fa96e26a5f891915152027600b626475e5331c598698241de83a5f0d16fbb3bf,002716.SZ,2026-01-29,2,2,READY_PROVISIONAL,REJECTED_STRICT_PREDICATE
32ce52808173cbf244e023ad32000daef4973eb19daba30f652ee990673bfd04,002717.SZ,2024-09-20,3,3,READY_PROVISIONAL,REJECTED_STRICT_PREDICATE
7bf2d18e4de259b025690fbcbaa62c265a4a23ba2e8c1d5559c6795c6957466e,002717.SZ,2024-09-23,3,3,READY_PROVISIONAL,REJECTED_STRICT_PREDICATE
51aba00e23510408159fac827deef4f9ad703d827960c35653b7804a55c0bf95,002717.SZ,2024-09-25,3,3,READY_PROVISIONAL,REJECTED_STRICT_PREDICATE
bab6fb0d7c4988955303fca9699eb8de286390c9153e730661b60827dc2af601,002717.SZ,2024-09-26,3,3,READY_PROVISIONAL,REJECTED_STRICT_PREDICATE
6b4ffc403eb2a8a1f446c81dfab61918ba70605e91d1b576e6f6d6dc7d324499,002717.SZ,2024-10-28,4,4,READY_PROVISIONAL,UNRESOLVED_REGIME_OR_EXCEPTION
f1fe8fb5d51782394863f700949cae2bd183472323dad2571e9358ef5bbfdeea,002717.SZ,2024-10-29,4,4,READY_PROVISIONAL,UNRESOLVED_REGIME_OR_EXCEPTION
2ad978cb7517757471563fec155a445ae72432b201df009c65347442e8a40d1c,002717.SZ,2024-10-30,5,5,READY_PROVISIONAL,UNRESOLVED_REGIME_OR_EXCEPTION
c35033034d5ea38bf75cc757e091b5c82b841ba4efde07b64501a6b00008d08b,002717.SZ,2024-10-31,5,5,READY_PROVISIONAL,UNRESOLVED_REGIME_OR_EXCEPTION
4d2e3f8038dbd02b60ad5f831194685c5e9c358c57e94c0a44aeb230578ccdc2,002717.SZ,2024-11-01,4,4,READY_PROVISIONAL,UNRESOLVED_REGIME_OR_EXCEPTION
aed4cf85c96a581dfb3224d296a649e21351901c7f880994d58f44a6d9931ace,002717.SZ,2024-12-05,4,4,READY_PROVISIONAL,UNRESOLVED_REGIME_OR_EXCEPTION
0aedd3f965914164ed05a5ccdcc655a87dfc0f3a19740ee979798b626a6e0d94,002717.SZ,2024-12-06,4,4,READY_PROVISIONAL,UNRESOLVED_REGIME_OR_EXCEPTION
276d171a33fb5372cfc460c07ed711e9f497568e9b892871baa2417bdbe7e4b4,002718.SZ,2025-09-22,2,2,READY_PROVISIONAL,REJECTED_STRICT_PREDICATE
25c860fbfa1406b2f95b0631e6cd89a0f23fc7441acb24d41508e28151e191f6,002718.SZ,2026-01-06,4,4,READY_PROVISIONAL,UNRESOLVED_REGIME_OR_EXCEPTION
c202a839cf771b8bba0cc4d7c7bfa7bee4a9ff8c7271b764ecd8631fd687f058,002718.SZ,2026-01-07,5,5,READY_PROVISIONAL,UNRESOLVED_REGIME_OR_EXCEPTION
157d5ee7ab8841c2fa3793936904eefdb3b7c0ec923143bd2057903841314c80,002718.SZ,2026-01-08,4,4,READY_PROVISIONAL,UNRESOLVED_REGIME_OR_EXCEPTION
84cf8ed3a811412ebd717b5a7b9f27b865c4165fba6aa5df0ba09e1dd24ca98d,002721.SZ,2025-07-08,3,3,READY_PROVISIONAL,REJECTED_STRICT_PREDICATE
64be31cc23e791ae82c787717e0df374a789d0948e8b412eac779ca124497874,002721.SZ,2025-07-09,3,3,READY_PROVISIONAL,REJECTED_STRICT_PREDICATE
bcb0076a7e8ab8ea2ff53cbe60ca5f987f3d1245fa206b0fe0d57e3ee92ef808,002723.SZ,2024-02-22,1,1,UNVERIFIED_WARMUP,REJECTED_STRICT_PREDICATE
d5830e7273006eba7a9c58e13d7704dacb8cb7754126722b67b13f1820874aa4,002723.SZ,2024-02-23,0,0,UNVERIFIED_WARMUP,REJECTED_STRICT_PREDICATE
f541641b9623ad4bcdc46789b66b85baac0556d9cc444627514c6c9c848a22d8,002724.SZ,2025-03-18,4,4,READY_PROVISIONAL,UNRESOLVED_REGIME_OR_EXCEPTION
33fe9df8d4d3dbaa8571d1c7eb74db2d42948c6e65589c37b9b840cd68dc97b8,002724.SZ,2025-03-19,4,4,READY_PROVISIONAL,UNRESOLVED_REGIME_OR_EXCEPTION
5080576f85ad0ca8206f630b545899a486654b3c5e39fbe8647069afe1592811,002724.SZ,2025-03-20,4,4,READY_PROVISIONAL,UNRESOLVED_REGIME_OR_EXCEPTION
ef784ffa923b84596927222615f28adeb565e4c0fd5606332a38698d87e24d7b,002724.SZ,2025-03-21,3,3,READY_PROVISIONAL,REJECTED_STRICT_PREDICATE
07df90a7c7908cc85e5ed0a5b8426be4cd7eaff86b3f52d43060e18bf980b10b,002724.SZ,2025-03-24,3,3,READY_PROVISIONAL,REJECTED_STRICT_PREDICATE
d826b3123a5fff95210f05e1db0bd95fae358fd332e2bc820ff71e92a41d11db,002725.SZ,2024-10-29,4,4,READY_PROVISIONAL,UNRESOLVED_REGIME_OR_EXCEPTION
42cfd4ac8a3e9e0a20837284ffcd4751de896fe393243ab62c362652773089f5,002725.SZ,2024-10-30,5,5,READY_PROVISIONAL,UNRESOLVED_REGIME_OR_EXCEPTION
a9200943748ec148506dae423e22f4db2ae50a716ef9909ed36e4a7be73a39a5,002725.SZ,2024-10-31,4,4,READY_PROVISIONAL,UNRESOLVED_REGIME_OR_EXCEPTION
d7454fedf10322361997c10dfa72e7cfb5ce9f7f313a67737df650b08205a091,002726.SZ,2026-08-20,2,2,READY_PROVISIONAL,REJECTED_STRICT_PREDICATE
5c655675ff8cb928b57028b0d3bf3d0c0349ebf8a55aa3138dcac161206acc37,002727.SZ,2024-09-30,1,1,READY_PROVISIONAL,REJECTED_STRICT_PREDICATE
949081d3219642dcd7274217105d80b354edd64331915bf4c07918062405617f,002730.SZ,2024-12-25,4,4,READY_PROVISIONAL,UNRESOLVED_REGIME_OR_EXCEPTION
172e44d42771599aa8fac90c71e9353fc4691d98ba27244a457a28a32babfbbf,002730.SZ,2024-12-26,5,5,READY_PROVISIONAL,UNRESOLVED_REGIME_OR_EXCEPTION
460d7ba126def0d3416209bec45cf9b3e2d31d6c7bae4ae53c25bc3ad3f792a9,002730.SZ,2024-12-27,5,5,READY_PROVISIONAL,UNRESOLVED_REGIME_OR_EXCEPTION
2e60525f7a2d1b7e76a5d202d91540764ed155795fb346f9338944e4f95d8108,002730.SZ,2024-12-30,4,4,READY_PROVISIONAL,UNRESOLVED_REGIME_OR_EXCEPTION
a14e1113a9c764924ec3e77f8ce636163160ac3b626d67fcc1106573087a53a9,002730.SZ,2024-12-31,3,3,READY_PROVISIONAL,REJECTED_STRICT_PREDICATE
a9592e12f2bae71f2cedc78a1a8f9570108b3b0369704f8f20a38c534a5cebe7,002730.SZ,2025-01-02,3,3,READY_PROVISIONAL,REJECTED_STRICT_PREDICATE
2cea22c310d5232f1d127b7d9171bd913db69313b91f0b795676ff8f84fd0a4b,002730.SZ,2025-01-03,3,3,READY_PROVISIONAL,REJECTED_STRICT_PREDICATE
2bb75785dd57834b4ec3c5ad2238116add1076c96f458c03536f6d9007132c45,002730.SZ,2025-01-20,3,3,READY_PROVISIONAL,REJECTED_STRICT_PREDICATE
b0320060b399a95069472029dcae4ffa2c0e6c748c3f4233b1d12941b8b1f7b2,002730.SZ,2025-01-21,4,4,READY_PROVISIONAL,UNRESOLVED_REGIME_OR_EXCEPTION
06ff4b243cb460b963d32eab7fb65ce1d378882733b9f86364ec42c6d13e521e,002730.SZ,2025-01-22,4,4,READY_PROVISIONAL,UNRESOLVED_REGIME_OR_EXCEPTION
8585870dfe23f72f48b823164858f71f196f69a2bcdf6ab76a41180454a96834,002730.SZ,2025-01-23,5,5,READY_PROVISIONAL,UNRESOLVED_REGIME_OR_EXCEPTION
03ffde18924eda83ec627cb145e35612d92c8ce97d6ff9e8036bc8b13e9b7478,002730.SZ,2025-01-24,4,4,READY_PROVISIONAL,UNRESOLVED_REGIME_OR_EXCEPTION
260c14ceb7b9f4463e87fd64e80e344826b91faa7f2d26be2bbfa4d38604d22b,002733.SZ,2025-01-07,3,3,READY_PROVISIONAL,REJECTED_STRICT_PREDICATE
7ceb45ecceb4e41f53c6085b54d01d2f5adce7b744167034784e01a84e0c9b62,002733.SZ,2025-01-08,4,4,READY_PROVISIONAL,UNRESOLVED_REGIME_OR_EXCEPTION
2c896b59d6cc344821c1fd47b0aa499eab9753bee4b67fc7b57036ee2ddb10f0,002733.SZ,2025-01-09,5,5,READY_PROVISIONAL,UNRESOLVED_REGIME_OR_EXCEPTION
e9a3d8f7894bf6bf5247784c039c0bd2459ba70807e642717aacc1e7e7443b85,002733.SZ,2025-01-10,4,4,READY_PROVISIONAL,UNRESOLVED_REGIME_OR_EXCEPTION
ac5c2079b2ee8d1b24e24c65bd12e869055c1a8b9ce6fe3fc3437ae97bbca961,002735.SZ,2025-05-20,3,3,READY_PROVISIONAL,REJECTED_STRICT_PREDICATE
140d6b5239f9280bdc61ebb7f276ee2b0ad87b265c4f97c4471eb4762085ec06,002735.SZ,2025-05-21,3,3,READY_PROVISIONAL,REJECTED_STRICT_PREDICATE
ccf99d30cb41207e566b36bcc171db1ca216043e1613b92da458d0576c149b05,002735.SZ,2025-05-22,4,4,READY_PROVISIONAL,UNRESOLVED_REGIME_OR_EXCEPTION
6cc54b110c69a959bc9cecc2e28d260e2252dd47032d4d9eab059a0c70189765,002735.SZ,2025-05-23,4,4,READY_PROVISIONAL,UNRESOLVED_REGIME_OR_EXCEPTION
673e6998ac68a4cd6b6330ad620c75842f36b7bbb7abe64f79e5d46cbcc9cbfa,002741.SZ,2024-10-08,0,0,READY_PROVISIONAL,REJECTED_STRICT_PREDICATE
9b5197880d34f16ac111963ea3defa748ba7b41473d0441006e2370e46d2e8a8,002741.SZ,2024-11-25,4,4,READY_PROVISIONAL,UNRESOLVED_REGIME_OR_EXCEPTION
4bc49f1de2c0b8d49d24468dd664fac89deeb82816a8b961f0720c90c4d977ba,002741.SZ,2024-11-26,5,5,READY_PROVISIONAL,UNRESOLVED_REGIME_OR_EXCEPTION
272a55ded7ec11661e9fa37c6aedf2eb26a657cf9b5320ce4a36f4e5736a6ce4,002741.SZ,2024-11-27,4,4,READY_PROVISIONAL,UNRESOLVED_REGIME_OR_EXCEPTION
68916325c4ef5740a6cc3db75fe3ccf9a9742a7c8cff418acf4112651de9b6de,002741.SZ,2026-06-17,3,3,READY_PROVISIONAL,REJECTED_STRICT_PREDICATE
8445e82ac1ffa7d79e27c478e6393ee2b5ae67015afe60307f95ac19327caf94,002741.SZ,2026-06-18,3,3,READY_PROVISIONAL,REJECTED_STRICT_PREDICATE
b3fbbec54bfad97895b1f9e6201df71d6081a69c6e40610f577ff9a691e0936f,002742.SZ,2024-11-12,0,0,READY_PROVISIONAL,REJECTED_STRICT_PREDICATE
22c0a557f78fbfd3fe2fd533a6a023552a56c257b8d9e795ba50e949262c45a6,002742.SZ,2024-11-13,0,0,READY_PROVISIONAL,REJECTED_STRICT_PREDICATE
231633bd84e5b7b4c79e7120ad3556780040d7d6b4f64912f23d1b32a38fc0d0,002742.SZ,2024-11-14,0,0,READY_PROVISIONAL,REJECTED_STRICT_PREDICATE
98756f582d81fc7210811376ec7103591e21f2d4d03712df4e048a1e2d2d3563,002742.SZ,2026-08-28,4,4,READY_PROVISIONAL,UNRESOLVED_REGIME_OR_EXCEPTION
1bf55ce61aa3db58b512156ff4fe3bc0bf631506043b4c8ef56fe39defa0ee8b,002743.SZ,2024-10-30,3,3,READY_PROVISIONAL,REJECTED_STRICT_PREDICATE
3598c0f7e3a4bdfca71fef58f245396c32aa3d9742a212eed768fd3e968c0d10,002747.SZ,2024-09-30,1,1,READY_PROVISIONAL,REJECTED_STRICT_PREDICATE
f08fa3a7ff1106e16a1d442380547371080aea31104a0cf0752f2d90932026d5,002747.SZ,2024-10-08,1,1,READY_PROVISIONAL,REJECTED_STRICT_PREDICATE
31690e53c1a372b44739f0c45846582e16ba4e11686ca3e2e0a65b2df194ea46,002747.SZ,2026-06-09,2,2,READY_PROVISIONAL,REJECTED_STRICT_PREDICATE
c384a9a583ffc10470f11ee59f857566bc92eef518a4d7e3b84555aeb34515b6,002748.SZ,2025-10-24,4,4,READY_PROVISIONAL,UNRESOLVED_REGIME_OR_EXCEPTION
7deda923552551fecadf7b2fa2dbb35111373f880ba0ff8cfdb0401a6cf654c5,002748.SZ,2025-10-27,5,5,READY_PROVISIONAL,UNRESOLVED_REGIME_OR_EXCEPTION
d33202e5a6968ceb75e2c3d5341ff7e7ea76284aaa0a74609aac5a86c1c2b7e2,002748.SZ,2025-10-28,4,4,READY_PROVISIONAL,UNRESOLVED_REGIME_OR_EXCEPTION
8ff5642330bed9f651f4898a3b789b61c7f135d745da2b64346e271fc2927d77,002757.SZ,2024-11-20,4,4,READY_PROVISIONAL,UNRESOLVED_REGIME_OR_EXCEPTION
838742469335c98410dac4043240468105bbd720866c79208d4fd95d0c0da0a4,002757.SZ,2026-01-06,4,4,READY_PROVISIONAL,UNRESOLVED_REGIME_OR_EXCEPTION
4cb90e3741cb7f6c3da5019a6760d7a356f6df818ab486bbfacb5ca8508081d6,002757.SZ,2026-01-07,4,4,READY_PROVISIONAL,UNRESOLVED_REGIME_OR_EXCEPTION
7fc7d80cefe7955f2daf983901d52759af0b30e27a9b8e5fce6bfddd7696d9c2,002757.SZ,2026-01-08,4,4,READY_PROVISIONAL,UNRESOLVED_REGIME_OR_EXCEPTION
583fae67983bd61129654a1029e1353e670a6a66617d1ad7eb1a515ae6712501,002757.SZ,2026-01-09,3,3,READY_PROVISIONAL,REJECTED_STRICT_PREDICATE
9d0ba99011366f4926bf3a2e96067baab3be468c39f0b04a5f5215eea594b74a,002757.SZ,2026-01-12,2,2,READY_PROVISIONAL,REJECTED_STRICT_PREDICATE
654cb3a60ea593615ab1b74cef78d5d3987ee0c4eedda7050c617ac36fe80d82,002757.SZ,2026-01-14,1,1,READY_PROVISIONAL,REJECTED_STRICT_PREDICATE
d975de6e5528b23c1635c40b61cb6704c1a753204dd0f078fcaa7e379f774694,002759.SZ,2024-09-30,2,2,READY_PROVISIONAL,REJECTED_STRICT_PREDICATE
f8b17a05a69cad337c13538190985fa45b502ca782fe6f0e613986e46980406e,002759.SZ,2024-10-08,2,2,READY_PROVISIONAL,REJECTED_STRICT_PREDICATE
633ec13a41703589c2901b857c96fdc8c032608ff7ac6723392d804447739472,002759.SZ,2024-11-22,2,2,READY_PROVISIONAL,REJECTED_STRICT_PREDICATE
c65da70614a4e3a13c360b79eacc98bd2d60c6bc3bb447d6f29fc49facd78c0e,002759.SZ,2024-11-25,2,2,READY_PROVISIONAL,REJECTED_STRICT_PREDICATE
22ec54c7a193ff29f3dcc509ce93aa82204e3be471f96325a946b4ae42ddfa18,002759.SZ,2025-09-09,4,4,READY_PROVISIONAL,UNRESOLVED_REGIME_OR_EXCEPTION
5a134ec91ec7ae107f5883cb493eccb5e7f131f6768d27f5f44f99935055ebcc,002759.SZ,2025-09-10,4,4,READY_PROVISIONAL,UNRESOLVED_REGIME_OR_EXCEPTION
54b3e74120bc1286bf7df50e8e1d41454f8aed1add2e1cfe1eb2268a6e29b4cf,002759.SZ,2025-09-30,3,3,READY_PROVISIONAL,REJECTED_STRICT_PREDICATE
701e030898cfa1e0c6b6f120109f6ea0cdfb1290616fdacdcfae539dad5a2e4d,002759.SZ,2025-10-09,4,4,READY_PROVISIONAL,UNRESOLVED_REGIME_OR_EXCEPTION
fdbd9e5cd50c2b87ab5771d66d8726b5dc8af16d665352c1a44054dfe313a2f8,002759.SZ,2025-10-13,4,4,READY_PROVISIONAL,UNRESOLVED_REGIME_OR_EXCEPTION
8b1648da3d70dd43aace3510f30e82ea5e607ce52da74b2109ca01ed092bb331,002759.SZ,2025-11-11,2,2,READY_PROVISIONAL,REJECTED_STRICT_PREDICATE
ba9f725aff8574036c3eeb4706c8e921fa91f50a69653c470095b6c3d383a3f0,002759.SZ,2025-11-12,3,3,READY_PROVISIONAL,REJECTED_STRICT_PREDICATE
65d7b6959b990505e167fd6704078f075a6e0b7ed4f1f720f2d11d0281db84f4,002759.SZ,2025-11-13,3,3,READY_PROVISIONAL,REJECTED_STRICT_PREDICATE
ed793bbb5403b12498555b3a29b6941b71dd6cb262f18634290707a3b7272b20,002759.SZ,2025-12-26,3,3,READY_PROVISIONAL,REJECTED_STRICT_PREDICATE
136fb431a844a5bc7ab64d8001921f138e9e57f2b7b917143d9bcf243858c614,002759.SZ,2025-12-29,3,3,READY_PROVISIONAL,REJECTED_STRICT_PREDICATE
781083622bdeb11995457e6218b53a6482d2b2f12d6d2cc41655ceb0c3c68996,002760.SZ,2025-03-11,4,4,READY_PROVISIONAL,UNRESOLVED_REGIME_OR_EXCEPTION
e4be56e88e17c27878fd2d78d280109e746d3395474e5179574bf4a6541e1482,002760.SZ,2025-03-12,4,4,READY_PROVISIONAL,UNRESOLVED_REGIME_OR_EXCEPTION
5eefc0d43ebf6c966f890f26b19bf3363432342b37c0132ead073804947cd7d3,002765.SZ,2024-11-05,4,4,READY_PROVISIONAL,UNRESOLVED_REGIME_OR_EXCEPTION
5a09ba0ad8af6d2bf09fe43f6734c9a4a73bf79a880133a6d9cb7f2b510a4da5,002765.SZ,2024-11-06,5,5,READY_PROVISIONAL,UNRESOLVED_REGIME_OR_EXCEPTION
821e72fc408ad23a5863f4a11f36855b43493edd82f88d8728acb81454d92abe,002765.SZ,2024-11-07,5,5,READY_PROVISIONAL,UNRESOLVED_REGIME_OR_EXCEPTION
626c4ddd628ab7335266c4c6e618f246b12daca07c1ce2d0d18bc1421fadf49f,002765.SZ,2024-11-08,5,5,READY_PROVISIONAL,UNRESOLVED_REGIME_OR_EXCEPTION
258c05dd0483ec18c427341101ab42492eabee924a4d24c8cab6bc1ba2eb8c10,002765.SZ,2024-11-11,4,4,READY_PROVISIONAL,UNRESOLVED_REGIME_OR_EXCEPTION
1bcd2e8933fb77f518e59ac10389e795883a088fb8358678b24366efafbcad5b,002766.SZ,2024-06-20,4,4,UNVERIFIED_WARMUP,UNRESOLVED_RSI_WARMUP
4303722bcea6d474d4807f5bcd44e3539057c945523e21ff6ff4094b908c3be3,002766.SZ,2024-06-21,5,5,UNVERIFIED_WARMUP,UNRESOLVED_RSI_WARMUP
9320dae13cca7aff2b84f509496606ce82e69953f5e1a9c937bf9ac38c4c9c0b,002766.SZ,2024-06-24,4,4,UNVERIFIED_WARMUP,UNRESOLVED_RSI_WARMUP
28c3977f29249ca5ef12e60a0b6b4180b1ed6fee331f4de47db0d85321eb4e16,002767.SZ,2024-06-14,2,2,UNVERIFIED_WARMUP,REJECTED_STRICT_PREDICATE
7ba370b7f28829056e03e67a40a9706dcb81af2db3c72dceaf76251834866018,002767.SZ,2025-01-21,4,4,READY_PROVISIONAL,UNRESOLVED_REGIME_OR_EXCEPTION
9fa7a66df42c701ab6938f653ed5f8c5fda93b55b53e6d7e1a4898f4f7752f99,002769.SZ,2024-02-21,2,2,UNVERIFIED_WARMUP,REJECTED_STRICT_PREDICATE
6ccad563e1a56f7c8cac03688078a32e43a66790933040763f934dedb52b0a18,002769.SZ,2024-02-22,2,2,UNVERIFIED_WARMUP,REJECTED_STRICT_PREDICATE
da7328cd0c78d3ba84735087e300ab15de5b1e22a9c22b067aeb3da68c6cd5bf,002769.SZ,2024-04-01,4,4,UNVERIFIED_WARMUP,UNRESOLVED_RSI_WARMUP
fe3f74526edfb1e3927f3118b7cb9a74205c290c045b43bc9203e0e729055522,002769.SZ,2024-04-02,5,5,UNVERIFIED_WARMUP,UNRESOLVED_RSI_WARMUP
b24237e0ae9ed13f2af6459018ded04a02df70945dbc40710ae9413127b681c0,002769.SZ,2024-04-03,4,4,UNVERIFIED_WARMUP,UNRESOLVED_RSI_WARMUP
7519aad26252cee4c62e5270c9e778f8ba5efa2b090f6c86a28e984617ce248f,002773.SZ,2025-07-22,0,0,READY_PROVISIONAL,REJECTED_STRICT_PREDICATE
ce91891281d8584eb9e7c47c921f1c08d282cb433a4cac7549d7d1fdf2ea76dc,002773.SZ,2025-07-23,0,0,READY_PROVISIONAL,REJECTED_STRICT_PREDICATE
de80253a27a3fe2f1fa345d5df00e7757c23781f9d4c2a0772dc4c2b64d7ed0a,002774.SZ,2026-01-08,4,4,READY_PROVISIONAL,UNRESOLVED_REGIME_OR_EXCEPTION
5100beb6451a456cf88f829bcb71313374f690f36a8a18d72cf7a9600dc0b540,002774.SZ,2026-01-09,5,5,READY_PROVISIONAL,UNRESOLVED_REGIME_OR_EXCEPTION
a8c9e6861bfe75f485d7a3b77734204a4d3edc63b53e8f5437ca49181b3a4479,002774.SZ,2026-01-12,4,4,READY_PROVISIONAL,UNRESOLVED_REGIME_OR_EXCEPTION
dc3554e14ae0a652d735ac4ebf8156de98d8e181e6831e27b427568066b09a43,002775.SZ,2025-08-05,4,4,READY_PROVISIONAL,UNRESOLVED_REGIME_OR_EXCEPTION
2435125f7ee08b83241f4c373e2c049733c6411fea2353710de92167785c2552,002775.SZ,2025-08-06,4,4,READY_PROVISIONAL,UNRESOLVED_REGIME_OR_EXCEPTION
3793a42638930f94dccdd27a07143e66a9b7272225f166bd8b6780871035eba8,002777.SZ,2024-10-09,2,2,READY_PROVISIONAL,REJECTED_STRICT_PREDICATE
ee582549fd1588130078df017f0ac68d92cd639472905e7eb9da4a29fe7e52d3,002779.SZ,2024-02-20,3,3,UNVERIFIED_WARMUP,REJECTED_STRICT_PREDICATE
cb1d524659c50070b0ffa2cbf89597440b2ccc3120615970204cebf6d64c8f8b,002779.SZ,2024-02-21,4,4,UNVERIFIED_WARMUP,UNRESOLVED_RSI_WARMUP
4591371e0ca67604c84d7452d82e912a8ffb616966cf3e351aa50ae56288f298,002779.SZ,2024-02-22,4,4,UNVERIFIED_WARMUP,UNRESOLVED_RSI_WARMUP
08312dfa13066e3ecbcc4b225fa440f3736b886fdfdb0635dfbd8854e7362c8b,002779.SZ,2025-02-21,1,1,READY_PROVISIONAL,REJECTED_STRICT_PREDICATE
000077332f3be367beec25471922a7d9b4128b5158b687108a5d87e7e46e78be,002782.SZ,2026-05-20,3,4,READY_PROVISIONAL,UNRESOLVED_REGIME_OR_EXCEPTION
79ce5a89f8adc7c84922fbc32845f9b99e3f07e45a53f8a888474a55b818329e,002786.SZ,2024-02-23,2,2,UNVERIFIED_WARMUP,REJECTED_STRICT_PREDICATE
9dffe2d7c7d7fdea520ecdbef65a40270f77dcd64d676b606a01d7b9c909aad8,002786.SZ,2024-02-27,2,2,UNVERIFIED_WARMUP,REJECTED_STRICT_PREDICATE
7be4c2df8a4eb4e2f9c2f5e6f5d2f4f8147a5b6e8918659ef07e18fcbb72b3e4,002788.SZ,2025-12-22,4,4,READY_PROVISIONAL,UNRESOLVED_REGIME_OR_EXCEPTION
b4582e35a725b61efbd6bfe1c0067751c07d48766cdfe612e31fd63d6df4a192,002788.SZ,2025-12-23,5,5,READY_PROVISIONAL,UNRESOLVED_REGIME_OR_EXCEPTION
e661c173dc0678348861c7c001ca0830d84e7c59adad2401887b30e44c421e59,002788.SZ,2025-12-24,4,4,READY_PROVISIONAL,UNRESOLVED_REGIME_OR_EXCEPTION
6362c1e74209dddb04a58f967f5f3e5616f2ab733d033f28c6608aca7652a80e,002788.SZ,2025-12-25,3,3,READY_PROVISIONAL,REJECTED_STRICT_PREDICATE
faae8fd94a66ac10e5f5ce3708614a2e6062c67ba4fb98c8763c05d28886a52f,002789.SZ,2025-03-21,4,4,READY_PROVISIONAL,UNRESOLVED_REGIME_OR_EXCEPTION
af28e1a0c603942ef594fbc9371e05ea3a59ac5bf4c4526eb053ede87b9fbde8,002790.SZ,2025-10-31,4,4,READY_PROVISIONAL,UNRESOLVED_REGIME_OR_EXCEPTION
852446f9ef4f3f152e159ccfe828c6e6862a38c7356eb46b1710929b415515b9,002790.SZ,2025-11-03,4,4,READY_PROVISIONAL,UNRESOLVED_REGIME_OR_EXCEPTION
ef00859f08e66bc030f2660741985da25fe169a56ff4c6f10477e11ff9e60062,002790.SZ,2026-09-11,4,4,READY_PROVISIONAL,UNRESOLVED_REGIME_OR_EXCEPTION
84da5301e0ab2e666ffe26990d44182e7e6c658d7135dd74de30a5f41ba6a9bc,002790.SZ,2026-09-14,4,4,READY_PROVISIONAL,UNRESOLVED_REGIME_OR_EXCEPTION
df11ce5b6279a8d87e3ce91e9312cc3ed3f99d0b2c9210f25b9687eb5fc18f6a,002791.SZ,2024-09-30,3,3,READY_PROVISIONAL,REJECTED_STRICT_PREDICATE
6101282588f5b8c6cf5bfdf03df1dccbaa517c158d63d018ee7d89efbeb84397,002791.SZ,2024-10-08,3,3,READY_PROVISIONAL,REJECTED_STRICT_PREDICATE
a0b7df329b9eabc74c99e89931f4718748c56c1d7dbe2e5112888300964df1c2,002792.SZ,2025-11-28,2,2,READY_PROVISIONAL,REJECTED_STRICT_PREDICATE
a85d6ea7d43153710e62a129965385c0b29131fbc6760b04b9f0e141c134be25,002792.SZ,2025-12-01,3,3,READY_PROVISIONAL,REJECTED_STRICT_PREDICATE
8028fa3c251c052beb370060e67b3f4a8a83931ce97f2fd161df79f959c863dc,002792.SZ,2025-12-02,4,4,READY_PROVISIONAL,UNRESOLVED_REGIME_OR_EXCEPTION
99c5baae0a9c850978baa7522f1910d4a0f4857877c5857a49f3ce2b63162013,002792.SZ,2025-12-03,4,4,READY_PROVISIONAL,UNRESOLVED_REGIME_OR_EXCEPTION
2270a5eea646aed1e0b4843a51f1d7f83150e0bba4b2d971c23bc064db3471ee,002792.SZ,2025-12-26,3,3,READY_PROVISIONAL,REJECTED_STRICT_PREDICATE
2e54b97aa2a283ca0c0b5f7e71c6115de3f9c310b0940abef8fc7378045a3187,002792.SZ,2026-01-08,2,2,READY_PROVISIONAL,REJECTED_STRICT_PREDICATE
6125f96ebec6a6465540c9ddca3c174c25c6b40b38b33dac5f4e96625fd37b08,002792.SZ,2026-01-09,2,2,READY_PROVISIONAL,REJECTED_STRICT_PREDICATE
68549604b770f18cd59bde89ffd81ae201c3e9fbc8f7ade68d6490c85ca938d9,002792.SZ,2026-01-12,3,3,READY_PROVISIONAL,REJECTED_STRICT_PREDICATE
fe9632f82095233a89d08182ad5bc23058e3718d2d50ec0fada25ba2f7b94e33,002792.SZ,2026-01-13,3,3,READY_PROVISIONAL,REJECTED_STRICT_PREDICATE
91ea4cc5ef70634788c36b3c1aa75d2b5512fbfe38bca280e8d05a63cb894e88,002796.SZ,2024-04-03,4,4,UNVERIFIED_WARMUP,UNRESOLVED_RSI_WARMUP
51a6f75a02ffd909c14d038eda232b3fecff6565b9270cf0218ced18cfcd6493,002796.SZ,2024-04-08,5,5,UNVERIFIED_WARMUP,UNRESOLVED_RSI_WARMUP
643e71d6fb89bb39abec7a82fd90a146cf30961f6f0a4b3d1426f9fc2f0f3138,002796.SZ,2024-04-09,4,4,UNVERIFIED_WARMUP,UNRESOLVED_RSI_WARMUP
4b9c9e9c8108bd423fa46a8729a5d9e1048adf12b54cb43313ba4319260e5770,002800.SZ,2025-04-10,4,4,READY_PROVISIONAL,UNRESOLVED_REGIME_OR_EXCEPTION
993099c92b6afca5da2b0cd07d0a93131750dcb5c9ac56ebd1be5521fa0893d7,002809.SZ,2025-04-22,4,4,READY_PROVISIONAL,UNRESOLVED_REGIME_OR_EXCEPTION
3dee35e3ed553f59db8097bc494da7db7c7b6b505470061055cb340d92d66701,002809.SZ,2025-04-24,4,4,READY_PROVISIONAL,UNRESOLVED_REGIME_OR_EXCEPTION
aec6742aabd1080eb321d7ada19f2b882e901d3bfba2c5ca144d6f7683b317ca,002809.SZ,2025-05-12,3,3,READY_PROVISIONAL,REJECTED_STRICT_PREDICATE
e7dd015e378e6b4e0d45dce0c8be0c960c95815c7446ee53f765dc9e7f54580b,002809.SZ,2025-05-13,4,4,READY_PROVISIONAL,UNRESOLVED_REGIME_OR_EXCEPTION
4807c072c73bb59c7781524aabfc59ad199e0e8a6d0c18384b2ddbeea3995182,002809.SZ,2025-05-14,3,3,READY_PROVISIONAL,REJECTED_STRICT_PREDICATE
05806db815dfb6156db5c1cad81e1a9800e3c002f1d0802058fb5dd0bf559325,002811.SZ,2025-05-20,4,4,READY_PROVISIONAL,UNRESOLVED_REGIME_OR_EXCEPTION
7b6ad6846fd6d345392d233e63ce6b185a4e7d2129df08ddf63aa73b8f37bb66,002811.SZ,2025-05-21,5,5,READY_PROVISIONAL,UNRESOLVED_REGIME_OR_EXCEPTION
f779bdbf267f62203c593599f4f110230c679d6cdf2ef3eb78b5058e2f4d31fc,002811.SZ,2025-05-22,4,4,READY_PROVISIONAL,UNRESOLVED_REGIME_OR_EXCEPTION
35484706e10dced5743f3391c94cc4ebfec39d9965de4ad3c91cb2cee7e3d49e,002815.SZ,2026-09-11,2,2,READY_PROVISIONAL,REJECTED_STRICT_PREDICATE
ceb1590bb40901f80c7bf6eb6ba9948100358a808dea7a6f34888e5b5f498d08,002815.SZ,2026-09-14,1,1,READY_PROVISIONAL,REJECTED_STRICT_PREDICATE
550dec5a6aca028b73beba6a522dea96b521e9d53c8d8c55d7f888a8734cf03a,002816.SZ,2024-10-10,3,3,READY_PROVISIONAL,REJECTED_STRICT_PREDICATE
0188e76f126b58ecb7427ad0e7620890be0bf44a8dda0f74d503fcef078b1999,002816.SZ,2024-10-11,3,3,READY_PROVISIONAL,REJECTED_STRICT_PREDICATE
3619bb93df30141f87c2f88a937665e9d90fd0966688932208ba0552f5f87f4d,002816.SZ,2024-10-14,2,2,READY_PROVISIONAL,REJECTED_STRICT_PREDICATE
fd2322a89dc5183270c18f58e3ad1aa1fae9d93ac24f6436e3e8269b143867be,002819.SZ,2024-01-08,4,5,UNVERIFIED_WARMUP,UNRESOLVED_RSI_WARMUP
a2797657feff960885507341e4e157331e0e62fbd54dfcdd7eda4477f024acda,002819.SZ,2024-01-09,4,4,UNVERIFIED_WARMUP,UNRESOLVED_RSI_WARMUP
2251d555c8307d08ba0d4d89ba59fd2d0034558432cf5a479b9befbd1e7c2ac6,002820.SZ,2024-11-27,4,4,READY_PROVISIONAL,UNRESOLVED_REGIME_OR_EXCEPTION
1d9b72d3c97feb9d3ec840bb906504d614e41aaab31c48c7435e9b860475a203,002820.SZ,2024-11-28,5,5,READY_PROVISIONAL,UNRESOLVED_REGIME_OR_EXCEPTION
f0a4751c20b69721f957ac28df3ece18b6f513ee58791c94d5ea750b7f9ddbce,002820.SZ,2024-11-29,5,5,READY_PROVISIONAL,UNRESOLVED_REGIME_OR_EXCEPTION
c990bfaf3bcf24a6728cbf6da1642c6cd991632491be85023ba36aea67390de7,002820.SZ,2024-12-02,5,5,READY_PROVISIONAL,UNRESOLVED_REGIME_OR_EXCEPTION
973ec84a6c7abf5e2683bd8f775be23e4e27c6aa726dce9fe4a4e7fa2f189d31,002820.SZ,2024-12-03,5,5,READY_PROVISIONAL,UNRESOLVED_REGIME_OR_EXCEPTION
184f5f0da9805a3a40fd9914e88a47ef6de80e9ced041edfe06b6de2c402e7a0,002820.SZ,2024-12-04,5,5,READY_PROVISIONAL,UNRESOLVED_REGIME_OR_EXCEPTION
9e45613102e845cf418dc29564f4c79153abc7c654a45ed4c18764c9aedfa3d0,002820.SZ,2024-12-05,4,4,READY_PROVISIONAL,UNRESOLVED_REGIME_OR_EXCEPTION
d35f2c2d67439a7313b9e2c71d53ce1cfb6f72c72c6ed32bedb6a5b10e8caf27,002821.SZ,2026-06-29,2,3,READY_PROVISIONAL,REJECTED_STRICT_PREDICATE
cf12e9d1742d1f42e3588ecdac57d68b82ebe40f4b8098fa02d08621473fa5c9,002821.SZ,2026-06-30,2,3,READY_PROVISIONAL,REJECTED_STRICT_PREDICATE
1645c2f625bb94800977a6106c253c2c7b9a40e496f6566b3dc0a7dc0c2631d2,002822.SZ,2024-11-08,0,0,READY_PROVISIONAL,REJECTED_STRICT_PREDICATE
73548e36ef4033bc3a8783b9b73a15f84cfccce3f1b5e62d88625dac2b7a2b9a,002823.SZ,2024-07-01,4,4,UNVERIFIED_WARMUP,UNRESOLVED_RSI_WARMUP
88fedc1d4c4c6c092b0612e4648a7618f25b2ed5705a1f052178ee9d6bd713e4,002824.SZ,2026-01-22,0,0,READY_PROVISIONAL,REJECTED_STRICT_PREDICATE
082e361e23fbf2675b795ac56c015c5d98dba99651e5c7390927e7dbecb6f928,002824.SZ,2026-04-13,2,2,READY_PROVISIONAL,REJECTED_STRICT_PREDICATE
cf9a4b582fdb5be64d3cbf23a19bbcb4fc0a7c229eb36ab1a8efddb4aaee7aec,002824.SZ,2026-04-14,2,2,READY_PROVISIONAL,REJECTED_STRICT_PREDICATE
77a7c4d69f56191ea5ba691733c17704d9c3c2f36a19a7906107050e7fad267c,002824.SZ,2026-04-15,3,3,READY_PROVISIONAL,REJECTED_STRICT_PREDICATE
c45005ef7e8396fe06084b25c28af1680ad725112f56444e969f5c1efd2054b1,002826.SZ,2025-06-09,4,4,READY_PROVISIONAL,UNRESOLVED_REGIME_OR_EXCEPTION
a4e0f5b9a5d33d1e2682b9da4323e7e0b646ac498c55b7ec600f01d3a133e935,002826.SZ,2025-06-10,5,5,READY_PROVISIONAL,UNRESOLVED_REGIME_OR_EXCEPTION
423fc1a5a48de838df2d94487c31bcbed31e48cbad7bef6369f934e50482c218,002826.SZ,2025-06-11,5,5,READY_PROVISIONAL,UNRESOLVED_REGIME_OR_EXCEPTION
b6e4d301233999706f24f43c848c033e319a5e4926604aba298a6bf966a15e84,002826.SZ,2025-06-12,5,5,READY_PROVISIONAL,UNRESOLVED_REGIME_OR_EXCEPTION
fbfa725e22e845ae0c664591bec3b1040618f5a81c8b4bc07e2f227d0e494593,002826.SZ,2025-06-13,4,4,READY_PROVISIONAL,UNRESOLVED_REGIME_OR_EXCEPTION
6b3f9e22bb7cf0529d97706fa4935eac253e6b326946bda4d7366f00b14327f5,002827.SZ,2024-10-16,1,1,READY_PROVISIONAL,REJECTED_STRICT_PREDICATE
161f54001aeafea81a27c9ef13471c7c9475c5ee1b5680dd95c1ee03e3521dc1,002827.SZ,2025-07-24,4,4,READY_PROVISIONAL,UNRESOLVED_REGIME_OR_EXCEPTION
1bf764aba76e4189c958013e61541c9de3500fb2b5bfc3989f234db1e31006fa,002827.SZ,2025-07-25,4,4,READY_PROVISIONAL,UNRESOLVED_REGIME_OR_EXCEPTION
9656557fd8b89baa9666d05feb10fb2fd8183a06391992ffc50b04f3def50ce7,002827.SZ,2026-07-31,3,3,READY_PROVISIONAL,REJECTED_STRICT_PREDICATE
a2c9dcad1845690c280d978c8b52f816e17704c7188587aec4513f29be67cf12,002827.SZ,2026-08-03,4,4,READY_PROVISIONAL,UNRESOLVED_REGIME_OR_EXCEPTION
5d44b93673107b7ff08479f371e87470a05f85688d37860e079b3aa804a3cbc8,002827.SZ,2026-08-04,5,5,READY_PROVISIONAL,UNRESOLVED_REGIME_OR_EXCEPTION
a4f2b10b71baa328a140f981db552132d26324383eee06117734c9b918873871,002827.SZ,2026-08-05,4,4,READY_PROVISIONAL,UNRESOLVED_REGIME_OR_EXCEPTION
b4be0b8903c427dbcf495a38985e7a432405ce46d1b57368a4038937b80ebcee,002827.SZ,2026-08-06,4,4,READY_PROVISIONAL,UNRESOLVED_REGIME_OR_EXCEPTION
3cf68dc906725f9543b58a37a795b7a99ae38fa0e73208b2533598d068f7a616,002827.SZ,2026-08-07,4,4,READY_PROVISIONAL,UNRESOLVED_REGIME_OR_EXCEPTION
7776197bfb345876f74271fdd5f830cf25eccfd130559554d39739ccee671469,002827.SZ,2026-08-10,4,4,READY_PROVISIONAL,UNRESOLVED_REGIME_OR_EXCEPTION
0380a4349b614105eaf250cd4a7241c918ab61961146f074b98c76a0f997cfc7,002827.SZ,2026-08-11,3,3,READY_PROVISIONAL,REJECTED_STRICT_PREDICATE
5b43acd71853f898e4b2cd18fe0c6aefc6808e5e9e7032a62b5e0d02f8cb26da,002828.SZ,2025-06-18,4,4,READY_PROVISIONAL,UNRESOLVED_REGIME_OR_EXCEPTION
2cd14fcb26c11714baad85941cc483c145472d0de1a208b1c767d478a31686e7,002828.SZ,2025-06-19,4,4,READY_PROVISIONAL,UNRESOLVED_REGIME_OR_EXCEPTION
ab68f98f43c01f8a4c40c56baffdab5ce45e4f37c902b1482c0512bf0da00172,002829.SZ,2024-07-15,5,5,READY_PROVISIONAL,UNRESOLVED_REGIME_OR_EXCEPTION
5a78a9417dfdb391b3e06511cd49260d76587d28608a3cf91840c8ecd3ad0764,002829.SZ,2024-07-16,4,4,READY_PROVISIONAL,UNRESOLVED_REGIME_OR_EXCEPTION
9eed805e0c45295d1b66b93ef6ca7c5c0c6439347387483c6510423831e82ee5,002830.SZ,2026-02-04,4,4,READY_PROVISIONAL,UNRESOLVED_REGIME_OR_EXCEPTION
27e603a299ae38a8d7e15fac33ed50a55af9b3f5d5a979b5956bdb4a1b2da1bf,002830.SZ,2026-02-06,4,4,READY_PROVISIONAL,UNRESOLVED_REGIME_OR_EXCEPTION
2e96c008886c8ae3b6dc93351a112d770f8a255450eeb2790d377236c13e4d42,002830.SZ,2026-02-09,4,4,READY_PROVISIONAL,UNRESOLVED_REGIME_OR_EXCEPTION
1a36c7c818b1e91a6ad4d270502222b4abe807c414f752bb2966b9e7feea16b6,002832.SZ,2024-09-30,2,2,READY_PROVISIONAL,REJECTED_STRICT_PREDICATE
4cfb82d1db08f823e76f433977251ce01910236e0db4b0fbc2475247c0eb0530,002835.SZ,2024-04-17,4,4,UNVERIFIED_WARMUP,UNRESOLVED_RSI_WARMUP
7bef257930e4a9990f99956a45395a9ea3a44e31f9d4c2060a0654c22cde9dff,002835.SZ,2024-04-18,5,5,UNVERIFIED_WARMUP,UNRESOLVED_RSI_WARMUP
6ce521d8bdb83170089ef2379ab496fc355bd4dcaa5490e703bcce8df6d1a7b7,002835.SZ,2024-04-19,5,5,UNVERIFIED_WARMUP,UNRESOLVED_RSI_WARMUP
fd69168ae1c8af6f6fea2f7ce6395bb906e239519ff445956eabbeae6117385a,002835.SZ,2024-04-22,4,4,UNVERIFIED_WARMUP,UNRESOLVED_RSI_WARMUP
6b7ec9ec60221d94c62c1d54ef4dd2738958cac4c8e20e4e437555b7dffdc942,002836.SZ,2024-02-27,0,0,UNVERIFIED_WARMUP,REJECTED_STRICT_PREDICATE
6abe1e1ef3d9d925c45c9eae544b691be493d79e8d3d9df4b758dbfe2321ade8,002837.SZ,2025-08-12,1,1,READY_PROVISIONAL,REJECTED_STRICT_PREDICATE
863dd635a88cacaf7d70dc8b415f13593e293295e2bf8621516fb83f68a323a9,002841.SZ,2026-07-09,3,3,READY_PROVISIONAL,REJECTED_STRICT_PREDICATE
cf4da222955cd01446b8442a9f7160be68622c4d932bb603b1e179550cb6d106,002842.SZ,2026-02-11,2,2,READY_PROVISIONAL,REJECTED_STRICT_PREDICATE
f3faafdad401ece5db95d497227a55ec869eecf19a186403afef120ca7039cca,002842.SZ,2026-02-12,3,3,READY_PROVISIONAL,REJECTED_STRICT_PREDICATE
6a6b836c0304439cf5183d5a2708ce65c44d7895e3ff80004bb1cecab705c270,002842.SZ,2026-02-13,2,2,READY_PROVISIONAL,REJECTED_STRICT_PREDICATE
eecf4db2c07c919d1aeac554fc4b6d343efc866458380061f227656ddec2ad21,002842.SZ,2026-06-22,2,3,READY_PROVISIONAL,REJECTED_STRICT_PREDICATE
24b705a5564ef7c45f06552fca271b8080be73ffd1eb5243605e9d1be755f90e,002846.SZ,2025-06-25,4,4,READY_PROVISIONAL,UNRESOLVED_REGIME_OR_EXCEPTION
cf509afce2d6a49053e24792fe4ef5e5da9f0344ef8d2cc8d4f127af6ac74523,002846.SZ,2025-06-26,4,4,READY_PROVISIONAL,UNRESOLVED_REGIME_OR_EXCEPTION
b5d3d8646b8853b3a01b5419bc2aceb2c36ddd1d82940f5a34c3f187036513be,002849.SZ,2024-10-08,1,1,READY_PROVISIONAL,REJECTED_STRICT_PREDICATE
43d7f976ca61870d30609f02e55076ebac0032bc391342f8b3c7bb7f28d49b57,002851.SZ,2024-10-22,3,3,READY_PROVISIONAL,REJECTED_STRICT_PREDICATE
27a14e355f711b71eac68c21f8a557e3661503c6706f8e353d3d436352b01fc5,002851.SZ,2024-10-23,4,4,READY_PROVISIONAL,UNRESOLVED_REGIME_OR_EXCEPTION
50cad11e4209bf5a1bba9ce20a65e5208e401e7ea9dc3a8e87f25633b9caf27a,002851.SZ,2024-10-24,4,4,READY_PROVISIONAL,UNRESOLVED_REGIME_OR_EXCEPTION
c9dca6d66cb897dc2c68bc1a7b11f00e7ae1e03d936bc33b774fd4e282f9ecf2,002851.SZ,2026-06-22,2,2,READY_PROVISIONAL,REJECTED_STRICT_PREDICATE
7976a4e75af4f19ea1f16f6289c81c5648f82e844b50c9828fcc4e4d919a5987,002853.SZ,2025-12-18,4,4,READY_PROVISIONAL,UNRESOLVED_REGIME_OR_EXCEPTION
1f1c02093ad4ce0cd947f77e2266e0520df2faad486f9e57cd4c1684187dba15,002853.SZ,2025-12-19,4,4,READY_PROVISIONAL,UNRESOLVED_REGIME_OR_EXCEPTION
5b1862e1fa0d2cc975af27337950e88662fb37f25a67b243b1b7359ace5171cf,002853.SZ,2025-12-22,3,3,READY_PROVISIONAL,REJECTED_STRICT_PREDICATE
26b62cdb11344d072d68d76625d1ae4b5edf67c758294c0b9ef211ef5779e97d,002855.SZ,2026-08-28,4,4,READY_PROVISIONAL,UNRESOLVED_REGIME_OR_EXCEPTION
4c6aa2ca682ed083984f8e9faf045991c97265791111146b3b63432a376751c9,002855.SZ,2026-08-31,5,5,READY_PROVISIONAL,UNRESOLVED_REGIME_OR_EXCEPTION
af7e745eba4a7d19d0091b43ad160d57f9e5568c121feb8ecd3703390e5de99d,002855.SZ,2026-09-01,5,5,READY_PROVISIONAL,UNRESOLVED_REGIME_OR_EXCEPTION
fbe2471cb5de78d0a70a598248d12b1184e0d800075c1a854af51371731c9e0a,002855.SZ,2026-09-02,4,4,READY_PROVISIONAL,UNRESOLVED_REGIME_OR_EXCEPTION
4bf8ba99e0fca7225068ad6b8dc4ffb97aa54a57ebf596325ccdfed07b40b01b,002855.SZ,2026-09-03,3,3,READY_PROVISIONAL,REJECTED_STRICT_PREDICATE
0576673268925987b91c9581e94f17fd14355f129bfceb1cf42d85cd7f65dd99,002856.SZ,2024-06-17,0,0,UNVERIFIED_WARMUP,REJECTED_STRICT_PREDICATE
fe22e653cb33f98f93b02a024a5ba75aab517878471f3e847995dac7961b9a8e,002856.SZ,2026-05-06,0,0,READY_PROVISIONAL,REJECTED_STRICT_PREDICATE
1a56e89327e5bd0e034269b0eb0962d84b74e9c1ea5c3a5e31436d11f85d6231,002856.SZ,2026-05-15,0,0,READY_PROVISIONAL,REJECTED_STRICT_PREDICATE
38d6261ab8b897272f05f15d27ee731202645545fec7a530835dc9f89cf58002,002856.SZ,2026-05-18,0,0,READY_PROVISIONAL,REJECTED_STRICT_PREDICATE
932a713fb8b47d195b9088b7f9dadf75779aaef15954e091b9878b9eddf043a6,002856.SZ,2026-05-19,0,0,READY_PROVISIONAL,REJECTED_STRICT_PREDICATE
a55faa2ce75e023cb846fefb9f93b77114583e273d075f6c3017e83ac9c54325,002857.SZ,2024-07-01,4,4,UNVERIFIED_WARMUP,UNRESOLVED_RSI_WARMUP
38a9e11d3800aabca32e2418c42ffc32b7327637d202b0eb80d46b445dc1423d,002857.SZ,2024-07-02,5,5,UNVERIFIED_WARMUP,UNRESOLVED_RSI_WARMUP
b89ce51b5e4fcb414b4bb9410eb6da70b78e373080c9e4f51183f8cc45afe469,002859.SZ,2026-06-03,0,1,READY_PROVISIONAL,REJECTED_STRICT_PREDICATE
0e8c8ab31240c852e7556ba049eed34cbd3c3c75237178f265036ca45a8dd022,002859.SZ,2026-06-04,0,0,READY_PROVISIONAL,REJECTED_STRICT_PREDICATE
45fabfe7c0924391b882d5a125ca5fd6cfcb2f57f7e97b66f8b6214f251577f4,002859.SZ,2026-06-05,0,0,READY_PROVISIONAL,REJECTED_STRICT_PREDICATE
d75c0e0b40f52e7c11d49d19748f9311a471a6a45dbd1732f1ac57616ac8adec,002860.SZ,2025-05-08,1,1,READY_PROVISIONAL,REJECTED_STRICT_PREDICATE
cbcb9ff3b1ccfb49a0f15f6c6cc5078aeac1e9d004b830ce300febe3b243c54d,002861.SZ,2024-07-01,4,4,UNVERIFIED_WARMUP,UNRESOLVED_RSI_WARMUP
ac0f16db084e2ef0c7b3e9a7eae7620c988dd4510ce7b71af5e4d05be57d1372,002861.SZ,2024-07-02,4,4,UNVERIFIED_WARMUP,UNRESOLVED_RSI_WARMUP
8443f68550fb5a66f9ce91e26332e8d06f2ed62680b78b481db45804290da544,002861.SZ,2025-01-22,5,5,READY_PROVISIONAL,UNRESOLVED_REGIME_OR_EXCEPTION
a33715f247690d83570ba93221c0787a2e3b8dcd8434a6f06d073eecb37dfe19,002862.SZ,2024-11-22,3,3,READY_PROVISIONAL,REJECTED_STRICT_PREDICATE
a7d1f1e27d412f3921b2ea298a76e31158ea0747a02790f4c44c588b9c918954,002862.SZ,2024-11-25,4,4,READY_PROVISIONAL,UNRESOLVED_REGIME_OR_EXCEPTION
b3277d96e34bcbde00173ac8680356f98f9f0c43dbb5d86a1a809f5940196700,002862.SZ,2024-11-26,5,5,READY_PROVISIONAL,UNRESOLVED_REGIME_OR_EXCEPTION
5924de0cb0e1e17f6098f5fc72812ae8f763999dab856edc0a1f912f7176a5f9,002862.SZ,2024-11-27,5,5,READY_PROVISIONAL,UNRESOLVED_REGIME_OR_EXCEPTION
7664d898c3e5c3154fd151a7502de31b55faf425183b592b97d67e41378999b8,002862.SZ,2024-11-28,4,4,READY_PROVISIONAL,UNRESOLVED_REGIME_OR_EXCEPTION
fba02cc237a7618ca833b33eccd3b860ff816c45b5342161a7fb31924df230ed,002865.SZ,2024-09-30,0,0,READY_PROVISIONAL,REJECTED_STRICT_PREDICATE
fe845f9b6bc9b647ebbd0226d53df44a610064e2a93b5d31b373b20e669d770c,002865.SZ,2024-10-08,0,0,READY_PROVISIONAL,REJECTED_STRICT_PREDICATE
8bdfd1f2ac9547ddb99ea39f5e8f32b4062a3b7e38c216fb479cbb3027251d8e,002865.SZ,2024-10-31,3,3,READY_PROVISIONAL,REJECTED_STRICT_PREDICATE
f8dffdbcf4530f15528309e65e08870d006a6571363dcbc5cc95ae0f48987b3a,002868.SZ,2024-01-16,4,4,UNVERIFIED_WARMUP,UNRESOLVED_RSI_WARMUP
2606891ab4a97e9d3bb0d2aa2c113ee7c2b040b06c4dc22dcfa857f2d6193958,002868.SZ,2024-01-17,4,4,UNVERIFIED_WARMUP,UNRESOLVED_RSI_WARMUP
96305268dfb5e67ff6db9fd3a4b4198a2c2ae16f24f9dcc45f3624e238abdb2a,002868.SZ,2025-05-07,2,2,READY_PROVISIONAL,REJECTED_STRICT_PREDICATE
d74639e7ab19246ea497b65c730edfdfa0341719e43e43199f81731effe794af,002869.SZ,2024-06-20,3,3,UNVERIFIED_WARMUP,REJECTED_STRICT_PREDICATE
b678ec9d16ac5ce9fcece5fa1fd943342669b5afd4d02729bd1cc44fb49b1c48,002869.SZ,2024-06-21,3,3,UNVERIFIED_WARMUP,REJECTED_STRICT_PREDICATE
82656a01f6f4105d7594a02ea046d8c4a3dd3d5d7149ad43572d321f55103289,002871.SZ,2025-08-19,3,3,READY_PROVISIONAL,REJECTED_STRICT_PREDICATE
d3f7c1968fc1e9c516828ab8e02abd58da9df77b2e0f348ac31da98e0da4555e,002871.SZ,2025-08-20,3,3,READY_PROVISIONAL,REJECTED_STRICT_PREDICATE
678493dbd9e94f031d21e7f0f87159a0870b527d6312b85d9ff5f03a35be1b01,002875.SZ,2024-03-01,4,4,UNVERIFIED_WARMUP,UNRESOLVED_RSI_WARMUP
43fe45b3622d582db1daa3e26087e6b124eaafd5baa3df058e4d48f527e4cb44,002875.SZ,2024-03-04,5,5,UNVERIFIED_WARMUP,UNRESOLVED_RSI_WARMUP
e75a7a6d8cf375f9d83ea149959ff4edfbd78cad09445f31ed7f13a63b42f837,002875.SZ,2024-03-05,5,5,UNVERIFIED_WARMUP,UNRESOLVED_RSI_WARMUP
09566932200f63e08933be3a45773e11946072c13c0d61316d9d0493ee615021,002875.SZ,2024-03-06,5,5,UNVERIFIED_WARMUP,UNRESOLVED_RSI_WARMUP
097580634e3a206796596c902de79d61e7e924ddf1b2879b91405d66d20376b6,002875.SZ,2024-03-07,4,4,UNVERIFIED_WARMUP,UNRESOLVED_RSI_WARMUP
4c24cecdf9ecd9d11c07cc8700d944cb2b44eb3acd3dce0937e6e3aacd57f9db,002875.SZ,2024-10-09,3,3,READY_PROVISIONAL,REJECTED_STRICT_PREDICATE
5b7190345250c1b274c8d2491f438349a40cf0cece262899ddf394420926d5f2,002878.SZ,2025-06-13,4,4,READY_PROVISIONAL,UNRESOLVED_REGIME_OR_EXCEPTION
d9eab5516fca93ca6643a816e374a4f610a3a5b709ec4e51f1bcfcced0db1e97,002878.SZ,2025-06-16,4,4,READY_PROVISIONAL,UNRESOLVED_REGIME_OR_EXCEPTION
aa71ff4270686a7970213c007f295fab00617ac98420315a51de61e1c421f9b2,002878.SZ,2025-06-17,4,4,READY_PROVISIONAL,UNRESOLVED_REGIME_OR_EXCEPTION
9bef9993e3f3bc1f6cf4dbffe40e5aaee830fd8d7bc8bf71a00120916f7c67c7,002879.SZ,2026-07-24,4,4,READY_PROVISIONAL,UNRESOLVED_REGIME_OR_EXCEPTION
ca4de9c8820496a3aeca2f0dc013ea2038e21aa6285f8429374bae605e4e3672,002879.SZ,2026-07-27,5,5,READY_PROVISIONAL,UNRESOLVED_REGIME_OR_EXCEPTION
d119531d09b16ed35ebec92e68b73e50fca9e1e098524f20f21a247952de44f2,002879.SZ,2026-07-28,4,4,READY_PROVISIONAL,UNRESOLVED_REGIME_OR_EXCEPTION
791cb83a3d0e9314eab43c256e04138f2a987fcf95189e4c89035b3fba1303ad,002881.SZ,2025-02-06,4,4,READY_PROVISIONAL,UNRESOLVED_REGIME_OR_EXCEPTION
aba1760430c9dd5b616d25429ca7777c726e37858e80499e071ee251cefa3788,002881.SZ,2025-02-07,5,5,READY_PROVISIONAL,UNRESOLVED_REGIME_OR_EXCEPTION
b60d95360d921a918991403b075b966f0581653b3a3fce840941ac45db11cebe,002881.SZ,2025-02-10,5,5,READY_PROVISIONAL,UNRESOLVED_REGIME_OR_EXCEPTION
c9df2cfbe4a9fececc05ba6460987e1f6b9bb2110db43277897f291c8e1c8d21,002881.SZ,2025-02-11,5,5,READY_PROVISIONAL,UNRESOLVED_REGIME_OR_EXCEPTION
d19d40dec27c59f489d74796530e1e12a72f483060c65800f10ae2b23e39ee2f,002881.SZ,2025-02-12,5,5,READY_PROVISIONAL,UNRESOLVED_REGIME_OR_EXCEPTION
496178dd071e5ceebc1e860e89ee0ab9b3a9ea46b6b2202a05c7fb3e68baf973,002881.SZ,2025-02-13,4,4,READY_PROVISIONAL,UNRESOLVED_REGIME_OR_EXCEPTION
74ec48ed3f982d620e5c7d5424c65801ae0f8bed584093f4fc5ab112e58b39ea,002882.SZ,2024-01-11,4,4,UNVERIFIED_WARMUP,UNRESOLVED_RSI_WARMUP
3e33e1b51caca01e39968378f9551ddc641d8c4b0d4a513e1dc5ddbaae1b9bab,002883.SZ,2025-07-24,4,4,READY_PROVISIONAL,UNRESOLVED_REGIME_OR_EXCEPTION
54b44621e25f02234153e87ad6912c505174b04554ab99cc832cb6bd5acc7206,002885.SZ,2025-11-06,3,3,READY_PROVISIONAL,REJECTED_STRICT_PREDICATE
e91b36970a324576b7c4f0d68e84fa6c00e7fc4b3e79399547481ff728a6e64c,002885.SZ,2025-11-07,3,3,READY_PROVISIONAL,REJECTED_STRICT_PREDICATE
316607149ef573f9c7abe7b596eeb6372c7a613c0f74aefb4781aaae2b7b7aa3,002885.SZ,2025-11-10,2,2,READY_PROVISIONAL,REJECTED_STRICT_PREDICATE
f0e08185d8c0fa835faf591aee642925d12c96cad615496a7f6fcb88e331c6ff,002886.SZ,2026-09-02,4,4,READY_PROVISIONAL,UNRESOLVED_REGIME_OR_EXCEPTION
1d38cd4f644dd51d45c2398185c65c090c3818048088d9de22051be1fc89b167,002892.SZ,2024-11-06,3,3,READY_PROVISIONAL,REJECTED_STRICT_PREDICATE
05c7b1d0c53af6d1ee41a11365cdaad15548025a4d788dc2dd3f13b3d3861ed9,002892.SZ,2024-11-08,4,4,READY_PROVISIONAL,UNRESOLVED_REGIME_OR_EXCEPTION
c55dc6db98dbfbcb04a63925a7c21fec0683572903669220daebcb3649cc4a67,002896.SZ,2025-02-06,2,2,READY_PROVISIONAL,REJECTED_STRICT_PREDICATE
3bb9e8247deaaa60b788530dca1c060b206de4d6c879521bd1023ced9571dae3,002896.SZ,2025-02-21,3,3,READY_PROVISIONAL,REJECTED_STRICT_PREDICATE
9a95ef55d733b3fd35abf873c391d550a2f7f74671c9cb2ee3e8dd30d573a6b3,002896.SZ,2025-02-25,3,3,READY_PROVISIONAL,REJECTED_STRICT_PREDICATE
a47f53364bd1cde476aa48a6cb3f0cf911f3d96b1993c2efb85814e1ec42e672,002896.SZ,2025-02-26,3,3,READY_PROVISIONAL,REJECTED_STRICT_PREDICATE
38c6096dfd9c4a51296e6b5ef2712285b7180f15fa4d1aef61d85af38b8fd141,002896.SZ,2025-02-27,3,3,READY_PROVISIONAL,REJECTED_STRICT_PREDICATE
a51e30817b378494f4d13fea909479af52a65c566a0c587aee5ac2eb0b743334,002900.SZ,2025-04-08,4,4,READY_PROVISIONAL,UNRESOLVED_REGIME_OR_EXCEPTION
9d139d9ec53b56bf9138918a5d68ec34d65a47b4c314bbf7741c951bea8fc80d,002900.SZ,2025-04-09,4,4,READY_PROVISIONAL,UNRESOLVED_REGIME_OR_EXCEPTION
3d044a29c160872f25c2fca903d5a0419038ea14ceb3d0756eb266b3969549ed,002902.SZ,2024-03-12,3,3,UNVERIFIED_WARMUP,REJECTED_STRICT_PREDICATE
c4dee4951929d85bd5c559437152f2e8e00218e35236afc3337bf40346fe437e,002902.SZ,2024-03-13,4,4,UNVERIFIED_WARMUP,UNRESOLVED_RSI_WARMUP
feb8986b02f908c8ab14331410a5a0573708b884fe2befd507548bfc6f0ebae3,002902.SZ,2024-03-14,4,4,UNVERIFIED_WARMUP,UNRESOLVED_RSI_WARMUP
0a0baa1839cc3fcc9fffad1736d45f1d415babd94bfde1385b9f904750a8b05b,002902.SZ,2024-03-15,3,3,UNVERIFIED_WARMUP,REJECTED_STRICT_PREDICATE
c5cee99fc7912f2ae1a86cf8ffc4bf87504701d1dd7284eaa35070852fd1de4e,002905.SZ,2025-03-17,4,4,READY_PROVISIONAL,UNRESOLVED_REGIME_OR_EXCEPTION
ba8b5fc8b6ca9db47b1d8a4298c2b66f2ae1dbd8be8986907254bd799b1a33b8,002907.SZ,2025-05-30,3,4,READY_PROVISIONAL,UNRESOLVED_REGIME_OR_EXCEPTION
2744845158e99bb21598c47f8ff7915f8654a0dec2d570f12307ce00c7f846d4,002907.SZ,2025-06-03,3,4,READY_PROVISIONAL,UNRESOLVED_REGIME_OR_EXCEPTION
d56d7c6406105633b26749eed0d39d9eefc7a14ba5fbdea4e99bbdd04c565e7a,002907.SZ,2025-06-04,2,3,READY_PROVISIONAL,REJECTED_STRICT_PREDICATE
2417eafc773cf015c46cfc94caa067446b0f9452ce9914a2db74e5d5113e6513,002909.SZ,2025-05-15,3,4,READY_PROVISIONAL,UNRESOLVED_REGIME_OR_EXCEPTION
b1dcfc6816be3040e9f5be7fef5092b4acaa8216a4e6c5143d9aaebe0f6477c4,002909.SZ,2025-05-16,4,5,READY_PROVISIONAL,UNRESOLVED_REGIME_OR_EXCEPTION
6763ca2a2c5270ad1c123277aec39ea2de6f775c03e1f8522182d9535c54074d,002909.SZ,2026-09-03,4,4,READY_PROVISIONAL,UNRESOLVED_REGIME_OR_EXCEPTION
f1138095cef55fb8853d791cf45d5bce7295716f684964b9410513061368e2bc,002909.SZ,2026-09-04,4,4,READY_PROVISIONAL,UNRESOLVED_REGIME_OR_EXCEPTION
b1554c3dd93d54d9de6bbdd7fe259b592174092f8a3a845f200b95da5bfb56b9,002909.SZ,2026-09-07,4,4,READY_PROVISIONAL,UNRESOLVED_REGIME_OR_EXCEPTION
c20256bb7ef444d4b099a9acb25bbcc9a20814e71d42a5d42361283c04c06877,002909.SZ,2026-09-08,4,4,READY_PROVISIONAL,UNRESOLVED_REGIME_OR_EXCEPTION
9833df2686f849f60c98ba7cc14aa3a517b006ffc38dc5bb8b356a352a824239,002910.SZ,2025-02-26,4,4,READY_PROVISIONAL,UNRESOLVED_REGIME_OR_EXCEPTION
4aa0585c3667315429b37ecda1e8533075d6d358eb89bd45c59995cea11bc14a,002910.SZ,2025-02-27,5,5,READY_PROVISIONAL,UNRESOLVED_REGIME_OR_EXCEPTION
ccf2f7727c76b7d9aa426b95add77e4266911498925a43fc693dd11bfbf43b5e,002910.SZ,2025-02-28,4,4,READY_PROVISIONAL,UNRESOLVED_REGIME_OR_EXCEPTION
c649797c3d52f4032d1e991878faed8898bc4fb07fd08817a6eb9109bdfdf9f1,002910.SZ,2025-12-22,4,4,READY_PROVISIONAL,UNRESOLVED_REGIME_OR_EXCEPTION
4b1c4c64810de54ba577d4825185117a92604516cc0807cfa704694f049d5655,002912.SZ,2024-10-30,4,4,READY_PROVISIONAL,UNRESOLVED_REGIME_OR_EXCEPTION
c7aea7cf9efe91cfa1c3627c4d517be9c9b11b1c7867292979c67fa6745afd70,002912.SZ,2024-10-31,5,5,READY_PROVISIONAL,UNRESOLVED_REGIME_OR_EXCEPTION
1a7e670a09b4e79ee4b622ec55fc2dc1ecb547eba70f2e2ec3322742b43a9985,002912.SZ,2024-11-01,4,4,READY_PROVISIONAL,UNRESOLVED_REGIME_OR_EXCEPTION
498b79c7f0d0e8587ae52a2ec1b6ab5cf6e9d4723f0da373b932f91b76ff04c4,002912.SZ,2026-09-15,4,4,READY_PROVISIONAL,UNRESOLVED_REGIME_OR_EXCEPTION
184e76fc40d68622b1161b5c98078dda99194046a54bf1ed3b7219419ab2bd2a,002915.SZ,2025-04-28,3,3,READY_PROVISIONAL,REJECTED_STRICT_PREDICATE
76f757a6e06de5176c77465dd7d746797e00c1afa94a0377ddd6350bb7b42677,002915.SZ,2025-04-29,3,3,READY_PROVISIONAL,REJECTED_STRICT_PREDICATE
0ef67d803efbf91d64321ac4b0924a407528c508392f63c03f5327c49bb915ed,002915.SZ,2025-04-30,3,3,READY_PROVISIONAL,REJECTED_STRICT_PREDICATE
8cba41377b65dc1a9d35bf5bfcf838b84ae0ad78ca2a78103b9a2504e9c669cf,002915.SZ,2025-05-07,3,3,READY_PROVISIONAL,REJECTED_STRICT_PREDICATE
d97018d7e96af816f52f7f339cf9a624f2fe6ad6f4da94c23ff5853d7cf39e69,002915.SZ,2025-08-11,4,4,READY_PROVISIONAL,UNRESOLVED_REGIME_OR_EXCEPTION
8b0f92000af5fce5281e21816442516b3729947e654ba03f2bcdefb69ccfe925,002917.SZ,2025-01-14,4,4,READY_PROVISIONAL,UNRESOLVED_REGIME_OR_EXCEPTION
3b432d3eca664707974bc8f23f3cded02c484ba36b26bc82c557c33117541f0a,002917.SZ,2025-01-15,5,5,READY_PROVISIONAL,UNRESOLVED_REGIME_OR_EXCEPTION
0ce26d8f45fc6037cf68f6ddceeddc10e8a4fe8c12461992a3d296379c4d61d3,002917.SZ,2025-01-16,5,5,READY_PROVISIONAL,UNRESOLVED_REGIME_OR_EXCEPTION
68efd8a3e63fc8f3cf61de59658d41104440311a603f3289546c2b2334ab2c21,002917.SZ,2025-01-17,5,5,READY_PROVISIONAL,UNRESOLVED_REGIME_OR_EXCEPTION
24bf4e5b11947963a66f8738aa29914d28674bfdeb5567b04a6aa9a80c136c99,002917.SZ,2025-01-20,4,4,READY_PROVISIONAL,UNRESOLVED_REGIME_OR_EXCEPTION
ecebc38602f30aa149eddb9e4c8f40b80237d2892d126eefe033bd553462e3ac,002917.SZ,2025-01-21,3,3,READY_PROVISIONAL,REJECTED_STRICT_PREDICATE
ecbbd08aa56402f48cd909456e59dcc6ebb82a4bdc595655ab7cfe26396473d7,002917.SZ,2025-01-22,3,3,READY_PROVISIONAL,REJECTED_STRICT_PREDICATE
4d7d4a744541ca77f8505227b20ae63c758d5afa0da32a5dba0d831323971d8a,002918.SZ,2026-05-13,4,4,READY_PROVISIONAL,UNRESOLVED_REGIME_OR_EXCEPTION
2d8535389284976543ff49dd7dcd60c9c08f9110a0791407bab33f1f5c80e536,002918.SZ,2026-05-14,5,5,READY_PROVISIONAL,UNRESOLVED_REGIME_OR_EXCEPTION
812265ad02f45c0efe3f062a33805bfde7ab7862cd75921a85b02d98b7b95961,002918.SZ,2026-05-15,5,5,READY_PROVISIONAL,UNRESOLVED_REGIME_OR_EXCEPTION
dead2d4781bca5b94fc385a100e7bdd481d95ea997ee7f975c11166e045b3259,002923.SZ,2025-04-02,3,3,READY_PROVISIONAL,REJECTED_STRICT_PREDICATE
80862429934e470c4dba1e67f97142f4fe6beb718fffe02f2e87a7e349a6658f,002923.SZ,2025-04-03,3,3,READY_PROVISIONAL,REJECTED_STRICT_PREDICATE
f4d1f5bdfd74e647f33b5eb71731c38252c3cabc2f360c0221cc76b1d25d5ba2,002929.SZ,2025-02-13,3,3,READY_PROVISIONAL,REJECTED_STRICT_PREDICATE
b8b2559004acd26ef063144d8f3a55048a3435f2a98c96534bd4d277d108b31d,002929.SZ,2025-02-14,4,4,READY_PROVISIONAL,UNRESOLVED_REGIME_OR_EXCEPTION
429513f042477cb9c596bf4180c7d9121a7789f30fbb99ee2f6353bed98cbf8e,002929.SZ,2025-02-17,3,3,READY_PROVISIONAL,REJECTED_STRICT_PREDICATE
20b1dfc048e947864cbdeb0b625648b7977302faa485d21678daa02fdcf35a33,002929.SZ,2026-05-08,3,3,READY_PROVISIONAL,REJECTED_STRICT_PREDICATE
314ff9356bf88f36eec17a6a1e9ad0a0ee5c9d9a97adfafcdf976d0624b9d8e3,002929.SZ,2026-05-11,3,3,READY_PROVISIONAL,REJECTED_STRICT_PREDICATE
22f65c717a8136d0ccdb900e30da5962e56d11f8874333802de71520d892a955,002931.SZ,2025-12-29,4,4,READY_PROVISIONAL,UNRESOLVED_REGIME_OR_EXCEPTION
9e9fbc8653edbd78cccace262a48d9f6c2337b764d3e94235a8183a3d324706c,002931.SZ,2025-12-30,5,5,READY_PROVISIONAL,UNRESOLVED_REGIME_OR_EXCEPTION
09bcb79caa7e085ae6d02b19d38110b13f6370d313cd7d44f8af923bbbf7623e,002931.SZ,2025-12-31,5,5,READY_PROVISIONAL,UNRESOLVED_REGIME_OR_EXCEPTION
09f67f0add2285f8ff9b7247696985720d4fd88f45c94e8a69870313433de934,002931.SZ,2026-01-05,5,5,READY_PROVISIONAL,UNRESOLVED_REGIME_OR_EXCEPTION
e7f3af653c852c17f687b9778c8866945d30fe6cce471e7052d028184c82d85d,002931.SZ,2026-01-06,5,5,READY_PROVISIONAL,UNRESOLVED_REGIME_OR_EXCEPTION
ae3b76216ca35d73be071a6212d4fb128941788cea7deeedaf782603125775bc,002931.SZ,2026-01-07,5,5,READY_PROVISIONAL,UNRESOLVED_REGIME_OR_EXCEPTION
552145d371289622638757e11541ff158c4f7937d5d3c1ae41d65c94f83197e4,002931.SZ,2026-01-08,5,5,READY_PROVISIONAL,UNRESOLVED_REGIME_OR_EXCEPTION
d600316f0cf4079d6cca0b222231b374412b4e499442883675fd8131c42ad7ce,002931.SZ,2026-01-09,5,5,READY_PROVISIONAL,UNRESOLVED_REGIME_OR_EXCEPTION
ccf23ce09f7f15bb0438c686494b56636a3006d9ba3392954d5591d9a42d9ce0,002931.SZ,2026-01-12,5,5,READY_PROVISIONAL,UNRESOLVED_REGIME_OR_EXCEPTION
ed4aa56dbf7ead3fc5624e60f8a56316a8ef08d9c37e85cdbc6566614eea537d,002931.SZ,2026-01-13,5,5,READY_PROVISIONAL,UNRESOLVED_REGIME_OR_EXCEPTION
521697cfb1b1eca0c40776ef258bb8f09559ce662c506dc39f954f7e7aca2de0,002931.SZ,2026-01-19,5,5,READY_PROVISIONAL,UNRESOLVED_REGIME_OR_EXCEPTION
d57f2b151fefa836031924e243bfb04fbca23bbf5dea92c1f5a8db4545e25985,002931.SZ,2026-01-20,5,5,READY_PROVISIONAL,UNRESOLVED_REGIME_OR_EXCEPTION
bb98ae9cc2867d0c931d9d03bff5ca3538c6233f244757bc743869aa549b8c0d,002931.SZ,2026-01-21,5,5,READY_PROVISIONAL,UNRESOLVED_REGIME_OR_EXCEPTION
1c78e321d066bf6143582fce29798b7679888f8d81976ea23005a3ac11c72221,002931.SZ,2026-01-22,5,5,READY_PROVISIONAL,UNRESOLVED_REGIME_OR_EXCEPTION
cb42811232499b11142fe5ace8caca491c0918ad6afcf451ec2eab5b8e52ed85,002931.SZ,2026-01-23,5,5,READY_PROVISIONAL,UNRESOLVED_REGIME_OR_EXCEPTION
2652ab3fb06a4dea97b5eb09fbc39a6cfcd66ce79001a6704d406b0f86311dd8,002931.SZ,2026-02-02,4,4,READY_PROVISIONAL,UNRESOLVED_REGIME_OR_EXCEPTION
6ff107b9b7145a142ccd959141fe210e50aec64f929ca4ca57f4004e6fd24469,002931.SZ,2026-02-03,3,3,READY_PROVISIONAL,REJECTED_STRICT_PREDICATE
1f166ee8e77a10756ea334d05c56d6ed43eb898c02e73a60b18f19453b111531,002931.SZ,2026-02-04,2,2,READY_PROVISIONAL,REJECTED_STRICT_PREDICATE
bc79f3386893ace0024d36372e61242174345fc97125a886ba133cc92294a1fc,002931.SZ,2026-02-05,1,1,READY_PROVISIONAL,REJECTED_STRICT_PREDICATE
97ca75bbef18d92d9b2c4af64413991e317fa478385ea12660f003d6043fdab0,002938.SZ,2024-06-17,1,2,UNVERIFIED_WARMUP,REJECTED_STRICT_PREDICATE
c322975663221a9b370a92eced18681c35aeb1f2afadbedf35f818770bd767c7,002938.SZ,2024-06-18,1,2,UNVERIFIED_WARMUP,REJECTED_STRICT_PREDICATE
0dfcfc1f04b1365646b9a3f131ab85199763ae8f359bdd5ee35828debf3bf980,002939.SZ,2025-08-18,4,4,READY_PROVISIONAL,UNRESOLVED_REGIME_OR_EXCEPTION
7ff015fdbd2c03182cade47c8031e7bc9834acd4ba7875faa56f6dc2e2e98a4e,002939.SZ,2025-08-19,4,4,READY_PROVISIONAL,UNRESOLVED_REGIME_OR_EXCEPTION
415d9152b933614e01eea9d27150f939e1a09389790ec2c5200824d6aabed4f8,002940.SZ,2025-06-09,3,3,READY_PROVISIONAL,REJECTED_STRICT_PREDICATE
3280c31b5f039b37d5ed7b7dc766167d3eb091ee6e9aa874abf8acda7df88daf,002940.SZ,2025-06-10,3,3,READY_PROVISIONAL,REJECTED_STRICT_PREDICATE
bd136b75faca54bfe6df4429aefb1a220eee05ecc6a464b707ac54dacd13bdd0,002940.SZ,2025-06-11,4,4,READY_PROVISIONAL,UNRESOLVED_REGIME_OR_EXCEPTION
555b78aceb58053d132a74a01d997cbd0fd3a48e4e76cdb2e9aa252c2e7df091,002940.SZ,2025-06-12,4,4,READY_PROVISIONAL,UNRESOLVED_REGIME_OR_EXCEPTION
93eb28c9720baf011186ec492dddf845a935bb311c9fa5e740cb0e532b92cfbd,002940.SZ,2025-07-02,3,3,READY_PROVISIONAL,REJECTED_STRICT_PREDICATE
4c8a3abb57bddcf8823afe0550b949c2b653cb1157d64e176e867953131fa8a6,002940.SZ,2025-07-03,3,3,READY_PROVISIONAL,REJECTED_STRICT_PREDICATE
ce00bb8d04b61f590186a03b8f93cbaccbc32e8f63b288dd7866f039fc8c1e6f,002940.SZ,2025-07-24,2,2,READY_PROVISIONAL,REJECTED_STRICT_PREDICATE
43eb8f0b51959ecaff27c9a85c3a93b1d2be2a08f9165271670e071ef3455882,002941.SZ,2025-08-13,4,4,READY_PROVISIONAL,UNRESOLVED_REGIME_OR_EXCEPTION
045a7ba892061e1e630aa6669234b83087f6de3f3a0b4d9edac7315b010a9ea7,002941.SZ,2025-08-14,4,4,READY_PROVISIONAL,UNRESOLVED_REGIME_OR_EXCEPTION
668e7aa1a14bc2d32b55da48be2846bceb27c145a28bdfdf27ff117161ff552c,002942.SZ,2026-08-31,3,3,READY_PROVISIONAL,REJECTED_STRICT_PREDICATE
9f550059eb9b23eefaea9bbe6ab7e2e55f2dc04ccfd513c5cd05e334c5b8ecfb,002942.SZ,2026-09-01,3,3,READY_PROVISIONAL,REJECTED_STRICT_PREDICATE
a8a9c4c8facf0bef4aceaa34dfcc5a246b88094c3d1d49e4706beaafadde11e5,002943.SZ,2024-10-08,0,0,READY_PROVISIONAL,REJECTED_STRICT_PREDICATE
d0d4d071574d0262c6c5f1c2fc0668f822325c306dd1eed0055ed36862c408ff,002943.SZ,2026-01-07,1,1,READY_PROVISIONAL,REJECTED_STRICT_PREDICATE
a00ad51bd74e8b684f506e889f42a228800f279c6ec6ab5e544a569a3e8bd0d9,002943.SZ,2026-01-08,1,1,READY_PROVISIONAL,REJECTED_STRICT_PREDICATE
8bbee1e2e71f7de31f526e653fba1c638afb21bb3971f826ad33df6fb1f1ab89,002943.SZ,2026-01-09,1,1,READY_PROVISIONAL,REJECTED_STRICT_PREDICATE
808906d4bd7060c9e80d720811bd88679b35eb400191d501a9b2b7c82932fbcf,002943.SZ,2026-01-12,0,0,READY_PROVISIONAL,REJECTED_STRICT_PREDICATE
7087b7bc3f5e4bc5378104dfea8a3f13f8a0c3197d88d9108fe64c32026f399f,002943.SZ,2026-01-27,3,3,READY_PROVISIONAL,REJECTED_STRICT_PREDICATE
88df747d7996ee64050ca891ee17c61aab163e2dfeaa2bfb995d7760f66ba878,002943.SZ,2026-01-28,3,3,READY_PROVISIONAL,REJECTED_STRICT_PREDICATE
7de3930f15ea69ce23d85478eb521c7fd07907bef2e62beb6313ff46d2c425e4,002945.SZ,2024-09-30,2,2,READY_PROVISIONAL,REJECTED_STRICT_PREDICATE
68493b19df46ed3f8326e1355e0384e55d1276c96ec4ae958e152220f5813e0d,002945.SZ,2024-10-08,3,3,READY_PROVISIONAL,REJECTED_STRICT_PREDICATE
8d5a87e6a88777cdb4f6e795e6d62bfa6e8d7c09539cc3791224cc950a606629,002945.SZ,2024-10-09,3,3,READY_PROVISIONAL,REJECTED_STRICT_PREDICATE
bcc33ecd4b90777013b447d917e8a74c43941b7f15eecc120c8557d327df2815,002945.SZ,2024-11-08,3,3,READY_PROVISIONAL,REJECTED_STRICT_PREDICATE
faba39531ab60a4e5b35915540b6dd6c0ecfd18590a351e9508ec14ef124e9ee,002951.SZ,2025-06-06,4,4,READY_PROVISIONAL,UNRESOLVED_REGIME_OR_EXCEPTION
8182c8d41895a380f309919dafa76a307542cce32dde3e17ef9954cb47ad327e,002951.SZ,2025-06-09,5,5,READY_PROVISIONAL,UNRESOLVED_REGIME_OR_EXCEPTION
dbe02a6074b1f39267982d36f0c816b6a4d8c70421251f3f4c718635755d90df,002951.SZ,2025-06-10,4,4,READY_PROVISIONAL,UNRESOLVED_REGIME_OR_EXCEPTION
b7bcb8a52c1d904cddd2538d837e10ee1a5c42c63df31dcfd1d89ec95272db80,002951.SZ,2025-06-11,3,3,READY_PROVISIONAL,REJECTED_STRICT_PREDICATE
25105df3e7799519ba5c5c76ecd61516a783ea333fc42c01d5aa2239229d96d4,002951.SZ,2025-07-10,3,3,READY_PROVISIONAL,REJECTED_STRICT_PREDICATE
bcd3b316f6fd254da6253cf3732d1cb161812a8888d25f70fbf2987beee04262,002951.SZ,2026-06-03,3,3,READY_PROVISIONAL,REJECTED_STRICT_PREDICATE
82088af8cd25239f0e8661852c32d2620d20d77cea1d6633dc24acbf3776b64e,002951.SZ,2026-06-04,3,3,READY_PROVISIONAL,REJECTED_STRICT_PREDICATE
81cc532b210bfedb14cdb4bae5293611a3d534b7f5af17daa48186034cb290e3,002952.SZ,2024-02-23,3,3,UNVERIFIED_WARMUP,REJECTED_STRICT_PREDICATE
66a23806e8938e45e12fe7b7c27ac74f5b313527a386426a44e4f41709158386,002952.SZ,2024-02-26,4,4,UNVERIFIED_WARMUP,UNRESOLVED_RSI_WARMUP
20f4223f212fbb0c89117fdb4bd0e7a1da6da35c5fa1e6233c1b1a0bf14efe5f,002952.SZ,2024-02-27,5,5,UNVERIFIED_WARMUP,UNRESOLVED_RSI_WARMUP
e519914a37a5914251a4adc273e842f2b1d349e6021db2e75f5906c982de9e4c,002952.SZ,2024-02-28,4,4,UNVERIFIED_WARMUP,UNRESOLVED_RSI_WARMUP
6e40a38dd7ad0e8c2d894d3a3a7a229c7a62135c1ba990a0986f5ab99ecded36,002952.SZ,2024-08-16,4,4,READY_PROVISIONAL,UNRESOLVED_REGIME_OR_EXCEPTION
36ef25ad2c427d1aa4a24804616d9f95c7615f34267bf857416e829f1046892f,002953.SZ,2024-12-17,4,4,READY_PROVISIONAL,UNRESOLVED_REGIME_OR_EXCEPTION
1b5596f1f5e0b810cf0da1b1a71266affb9875fec0355bc2f0117df4369725bb,002953.SZ,2024-12-18,5,5,READY_PROVISIONAL,UNRESOLVED_REGIME_OR_EXCEPTION
0408cd862c1b0c0979d00be997c0975d9b75028d575cb0cd27bea8886fc8cba9,002953.SZ,2024-12-19,4,4,READY_PROVISIONAL,UNRESOLVED_REGIME_OR_EXCEPTION
d41168a173cde2fb8e99b1932f3436d9eac2de5ef00a546f9f6d67579eed8ea7,002957.SZ,2026-05-28,3,3,READY_PROVISIONAL,REJECTED_STRICT_PREDICATE
b92801021f9026efe55fb026d6df249908efcc585512f1bc84be523e80df5194,002957.SZ,2026-05-29,3,3,READY_PROVISIONAL,REJECTED_STRICT_PREDICATE
625dec1bebc6302a8d99c5486bbf3248f100f220774abc59b1f08e2914b73f60,002959.SZ,2024-10-08,1,1,READY_PROVISIONAL,REJECTED_STRICT_PREDICATE
e904457e9a309f3d7816d484bc6ea9ace981dfea9be0185a92c4a95ebe192269,002962.SZ,2024-02-22,3,3,UNVERIFIED_WARMUP,REJECTED_STRICT_PREDICATE
bc36fea3e2918391a45e1a64430c8339ea23b3d2fdd19ed77baafaae14dd6346,002967.SZ,2024-03-21,1,1,UNVERIFIED_WARMUP,REJECTED_STRICT_PREDICATE
bf26bb449ca0eb98c8ecefa1a6499542737e10f261ebe506e83fb950f86e39e5,002969.SZ,2025-12-18,3,3,READY_PROVISIONAL,REJECTED_STRICT_PREDICATE
bf6f078d1080de0d531f1c2afd5aa000591731494088ade6b9e6ab46073baddc,002969.SZ,2025-12-19,3,3,READY_PROVISIONAL,REJECTED_STRICT_PREDICATE
9fc7b7882e17f8047a1f496a61dc6ea25a2c20791602dbd7642fcdccc4adad7a,002969.SZ,2025-12-22,4,4,READY_PROVISIONAL,UNRESOLVED_REGIME_OR_EXCEPTION
2fb15d3e3ae01fc8b1ba69287c8c86bedca7ceb907b1eb75972939560c8f64c5,002969.SZ,2025-12-23,5,5,READY_PROVISIONAL,UNRESOLVED_REGIME_OR_EXCEPTION
cfa21c3883f4a7fc511c0c26a43c541916ec6319119d595faa2fafc2152b2c7e,002969.SZ,2025-12-24,5,5,READY_PROVISIONAL,UNRESOLVED_REGIME_OR_EXCEPTION
de68a3e960b502fe7162e97a24ef8782515cb7f79580fc83a1966d3e72336b29,002969.SZ,2025-12-25,5,5,READY_PROVISIONAL,UNRESOLVED_REGIME_OR_EXCEPTION
5045992e4cf5286f043202c71341a6807800bac6f83645179a86e7b493df468d,002969.SZ,2025-12-26,5,5,READY_PROVISIONAL,UNRESOLVED_REGIME_OR_EXCEPTION
3f8cc292ee654b49717daeeeffa05087d35a284ae4f83ec637830b2f71420e97,002969.SZ,2025-12-29,5,5,READY_PROVISIONAL,UNRESOLVED_REGIME_OR_EXCEPTION
53c0ef6c0c85ee79cc622232f190167444d2d4c4666ee1e6fb87ca5c766560fc,002969.SZ,2025-12-30,5,5,READY_PROVISIONAL,UNRESOLVED_REGIME_OR_EXCEPTION
3659392391e337cdfa364411c9e347eacdc25fc6b3de6816e883d812ba62f02f,002969.SZ,2025-12-31,4,4,READY_PROVISIONAL,UNRESOLVED_REGIME_OR_EXCEPTION
3d34e6c65c8b0ae15ba3614f6c7cf02581253fc06fb74604be70710fa80c3ece,002969.SZ,2026-01-05,3,3,READY_PROVISIONAL,REJECTED_STRICT_PREDICATE
29288223b546e18626470ba318ed08f7cd6c515085c6cabd226dd2ed83b9c2f9,002969.SZ,2026-01-06,3,3,READY_PROVISIONAL,REJECTED_STRICT_PREDICATE
339ce47ef53da34f2e2679c7fb7f3fe7375c42d8bf4e366aa30a9d8bb0f07f7b,002969.SZ,2026-01-12,3,3,READY_PROVISIONAL,REJECTED_STRICT_PREDICATE
e19e63ba738c2cdc0b8f4d4c172283540ea69a731c5991d8a06779b3e7a02877,002969.SZ,2026-01-13,2,2,READY_PROVISIONAL,REJECTED_STRICT_PREDICATE
e6c77570723be562f5eed79f67bfa1a0b48a6c5a55034882a370ccca0550f098,002969.SZ,2026-01-14,3,3,READY_PROVISIONAL,REJECTED_STRICT_PREDICATE
7cda9ad40360d181f6c3a6e7c28614d07dffdda8b2b000940df65bca8a0d13cf,002969.SZ,2026-01-15,3,3,READY_PROVISIONAL,REJECTED_STRICT_PREDICATE
a47e612eed7fb0cf69b25ede564b0cb35806e89530f7c398d8d6df54d0b5db7a,002969.SZ,2026-01-23,3,3,READY_PROVISIONAL,REJECTED_STRICT_PREDICATE
1b9f82e1da823a78f5537302ca545a0987f4558954e2dd21a9e3c78073412a3b,002971.SZ,2026-06-10,3,3,READY_PROVISIONAL,REJECTED_STRICT_PREDICATE
1dc0d4e10bb7af78bca80610d500e4f55bf5036cfddbcacbf92373209aa7e930,002971.SZ,2026-06-11,3,3,READY_PROVISIONAL,REJECTED_STRICT_PREDICATE
63fbe9106c639583980feca65dce551b4340e13adf0df0a5367f96c24ab373b1,002971.SZ,2026-06-12,4,4,READY_PROVISIONAL,UNRESOLVED_REGIME_OR_EXCEPTION
8697d9bacf1eacfbe76ac85d76c92da0c5d1d4bcccd95fb84e31abe9005cf355,002971.SZ,2026-06-15,4,4,READY_PROVISIONAL,UNRESOLVED_REGIME_OR_EXCEPTION
30ac180b54224557263d1ed3543f3920a9f82f1027bead9e2f524702354b55cc,002975.SZ,2024-02-28,4,4,UNVERIFIED_WARMUP,UNRESOLVED_RSI_WARMUP
66630128b8767f954fcc63c9c29b074609b67ab32e80030427eaf77fce81e811,002975.SZ,2024-02-29,4,4,UNVERIFIED_WARMUP,UNRESOLVED_RSI_WARMUP
d5a9518b764ad3babf9cb9c9fa8562f59a70196a3d82dcd3d84a1e3c7a1463a0,002977.SZ,2025-05-12,4,4,READY_PROVISIONAL,UNRESOLVED_REGIME_OR_EXCEPTION
b6888b886d04c4279c67aa7dd65f42bcfa1182339afe3203b532ae9b1a349b6d,002977.SZ,2025-05-13,5,5,READY_PROVISIONAL,UNRESOLVED_REGIME_OR_EXCEPTION
4c0c04281342a5c6d036b69c55d4e3c9cce2cb2a77a648a9d997258c7ae913cd,002977.SZ,2025-05-14,4,4,READY_PROVISIONAL,UNRESOLVED_REGIME_OR_EXCEPTION
7e9d78bba1bae6c7bf7c625b099a253d8c047f8a36fcb22ca89f3d474335cb21,002979.SZ,2026-07-06,2,2,READY_PROVISIONAL,REJECTED_STRICT_PREDICATE
27029699a69bd522b107c5a48030d0c986f7ac7b2669743513f72266209d664c,002980.SZ,2026-03-03,3,3,READY_PROVISIONAL,REJECTED_STRICT_PREDICATE
b64a5021265dac537055c83c9d3bde4ae18c083b3b3af2ec84e3ede52f50a941,002980.SZ,2026-04-15,2,2,READY_PROVISIONAL,REJECTED_STRICT_PREDICATE
ae907ef767f4b618b5f02259de26485c2a9d1fefde508d6398a51c75504ab270,002980.SZ,2026-04-17,3,3,READY_PROVISIONAL,REJECTED_STRICT_PREDICATE
5ca526a59fc4eecb9833fc12261bc237e59875e64bfa3b9006aff49d9d43cbfc,002980.SZ,2026-04-20,2,2,READY_PROVISIONAL,REJECTED_STRICT_PREDICATE
9309a28bc92ecbd2722f765705f6208ef279fe0bcb38553c1f4d07adec89e0b9,002980.SZ,2026-04-21,1,1,READY_PROVISIONAL,REJECTED_STRICT_PREDICATE
dff1bfb4e62db5cb2752b14a5533964a5a1159944f76a346f954b69b8b7e6824,002981.SZ,2024-07-11,4,4,READY_PROVISIONAL,UNRESOLVED_REGIME_OR_EXCEPTION
34ef28d7bf4f54f4d6f5829ef5a3841c73e1ceef77c76f335cbe6a88d0a8c3a1,002987.SZ,2024-10-08,2,2,READY_PROVISIONAL,REJECTED_STRICT_PREDICATE
672f055a7113da0ff72914d35fb3325e545ffe45766ac615a560a1e4ddab5df0,002987.SZ,2025-02-20,1,1,READY_PROVISIONAL,REJECTED_STRICT_PREDICATE
86d4fb6f7b094c7ea1c79a8b905a018b959713d8ce26ae64e267d4d225f846ec,002987.SZ,2025-06-26,2,2,READY_PROVISIONAL,REJECTED_STRICT_PREDICATE
2a90fdfaeb1faab5ce3870ea91c1f71c0808f39d5c9e2b5e52a23fe753ad8718,002987.SZ,2025-06-27,2,2,READY_PROVISIONAL,REJECTED_STRICT_PREDICATE
009bce9b1848c402f38dd7789328e48e071087f01aff57b73b6be07f93887b0b,002987.SZ,2025-07-09,2,2,READY_PROVISIONAL,REJECTED_STRICT_PREDICATE
7d53917840260cc24249f15bc3f66d99a0cb9c8e8d32e25538ed5d685b078d11,002990.SZ,2026-04-17,4,4,READY_PROVISIONAL,UNRESOLVED_REGIME_OR_EXCEPTION
928ec52300ef967a715a6a4cae9e52234ea3aa337b5130b8746a67062f3e91ec,002990.SZ,2026-04-20,4,4,READY_PROVISIONAL,UNRESOLVED_REGIME_OR_EXCEPTION
d494c6f15a16263e5037693c5510b5c41ee957a523f47e47e304be36a349dc2a,002995.SZ,2024-02-22,1,1,UNVERIFIED_WARMUP,REJECTED_STRICT_PREDICATE
e2ebbd70adce75252acf732712f7ce1f302c3416c32a3d88036307b8ef1d88ee,002995.SZ,2024-02-23,1,1,UNVERIFIED_WARMUP,REJECTED_STRICT_PREDICATE
1035ccdcec7e4097234824fb0e29decba20a82de61846a9772907b49b692befb,002995.SZ,2026-01-27,3,3,READY_PROVISIONAL,REJECTED_STRICT_PREDICATE
b1c8232ce870f7141e6eb4f8cfc800a18a0333c8f16974476d954bf2629a9c4c,002995.SZ,2026-01-29,3,3,READY_PROVISIONAL,REJECTED_STRICT_PREDICATE
3d8f1766a5aad643a65fba2db5afe50384f1c909a307a134c0754d1dbc29e97a,002995.SZ,2026-01-30,4,4,READY_PROVISIONAL,UNRESOLVED_REGIME_OR_EXCEPTION
8a21a115796d42e2ae4256a2af0976fc5bbe4a1d57bd525092ff1b54db8f3c12,003001.SZ,2024-10-29,1,1,READY_PROVISIONAL,REJECTED_STRICT_PREDICATE
9f5242b84b282eb221407101feb6192907273676027862e46dc7b785cd7e7479,003002.SZ,2024-10-09,0,0,READY_PROVISIONAL,REJECTED_STRICT_PREDICATE
d57e720829c0baa586186f360b57398febbb1dff8cb027dee90a75c2f1722fa5,003002.SZ,2024-10-10,0,0,READY_PROVISIONAL,REJECTED_STRICT_PREDICATE
782df97d0801317ad4ce34b9fe520d581edb0db88cfe8202d847da25a37c6068,003002.SZ,2024-10-11,0,0,READY_PROVISIONAL,REJECTED_STRICT_PREDICATE
73f3f2d247638d45908d46086b1abdc60cd02ddd9b56f7803ef5a81bfe5ebcc4,003002.SZ,2024-10-14,0,0,READY_PROVISIONAL,REJECTED_STRICT_PREDICATE
848c0fc272673d7c79b57b0e4aa154a9f38779827b909d5a6a57ba7682522ad5,003003.SZ,2025-04-23,4,4,READY_PROVISIONAL,UNRESOLVED_REGIME_OR_EXCEPTION
651b530b5b66976951c6c22f296e5a62ad5fb37f4a08f45235206aca9bbb1910,003003.SZ,2025-04-24,5,5,READY_PROVISIONAL,UNRESOLVED_REGIME_OR_EXCEPTION
6f29c84b89196cad8a25212a787e7ba77b350534a9a4d1863a074a2a0ee84f32,003003.SZ,2025-04-25,5,5,READY_PROVISIONAL,UNRESOLVED_REGIME_OR_EXCEPTION
77948c48bd513d8b559a2f667551861f2da088e499586cf02ee2fccd89caac26,003003.SZ,2025-04-28,4,4,READY_PROVISIONAL,UNRESOLVED_REGIME_OR_EXCEPTION
db40934440e15a288f53ed1943917592f0a4526c54fb02c8e58d262a0c3002b0,003004.SZ,2026-01-09,0,0,READY_PROVISIONAL,REJECTED_STRICT_PREDICATE
320cdb815999961dc877d229f4b0f3f81381d1931084a61cde8c39b3be062938,003004.SZ,2026-05-11,0,0,READY_PROVISIONAL,REJECTED_STRICT_PREDICATE
bd2ea58ee11905f259962a6f04b082347985f3de1933b216795bd3d488468375,003004.SZ,2026-05-12,0,0,READY_PROVISIONAL,REJECTED_STRICT_PREDICATE
06f78410f0b8ef037a89a480c9c431014534bc9ffff1906dc081bac8ccda8236,003005.SZ,2024-02-22,2,2,UNVERIFIED_WARMUP,REJECTED_STRICT_PREDICATE
5331c99c4f912139e2c6f93cea47b8c0957388eba44235fe6eedfec07e0d8709,003005.SZ,2024-02-23,2,2,UNVERIFIED_WARMUP,REJECTED_STRICT_PREDICATE
a29259534d24f6b3bff283abb6a6170f0d53ce2fa6db33796741dbf4fb4830a6,003005.SZ,2026-09-02,4,4,READY_PROVISIONAL,UNRESOLVED_REGIME_OR_EXCEPTION
f744c27063f6d2278488f9876f46a29a1d806a71a10bd59deb3bfe1d9775a0fb,003005.SZ,2026-09-03,4,4,READY_PROVISIONAL,UNRESOLVED_REGIME_OR_EXCEPTION
779e68a1a78df73a6af5e1e3421a53658d06a0a4e3b6a8f6068d653c01c9c79d,003007.SZ,2026-01-13,4,4,READY_PROVISIONAL,UNRESOLVED_REGIME_OR_EXCEPTION
63ff5046dd8416b34b4c909c76ebc4ff228bbef5a72aad1a11f9511213a9428d,003007.SZ,2026-01-14,5,5,READY_PROVISIONAL,UNRESOLVED_REGIME_OR_EXCEPTION
0f84a9dc50f694146d5525fc6da59e2df210e7e1e6891953fe8d1237b397eb41,003007.SZ,2026-01-15,4,4,READY_PROVISIONAL,UNRESOLVED_REGIME_OR_EXCEPTION
e7e6d3ac404408cff359fbdf86fe24c78a4fad540bfd9854c2f21d2ea2c62af7,003015.SZ,2024-01-08,3,4,UNVERIFIED_WARMUP,UNRESOLVED_RSI_WARMUP
7d6ff86979fcd59f56719254f2e55fefd21c2e544c29e71dded6002b05dace0c,003015.SZ,2024-09-02,2,2,READY_PROVISIONAL,REJECTED_STRICT_PREDICATE
2bd17631b6ca85901ff1d5b37e8b4b7622c0e95a4cba45deac7d6a8760eed762,003018.SZ,2025-11-27,4,4,READY_PROVISIONAL,UNRESOLVED_REGIME_OR_EXCEPTION
53fd4659259955a66a9d2b258c42406c02e4590c96ccc7bb39cba7fae7b02e3c,003018.SZ,2025-11-28,5,5,READY_PROVISIONAL,UNRESOLVED_REGIME_OR_EXCEPTION
320ac6ce16c8455ee0de95b21686e4f56c087d6616e5bd5536e4ac6c1ca8befc,003018.SZ,2025-12-01,5,5,READY_PROVISIONAL,UNRESOLVED_REGIME_OR_EXCEPTION
74b3f2b3a8807368e556c9c5af42277d32cff8233130958d4e2e7cb3766736a2,003018.SZ,2025-12-02,5,5,READY_PROVISIONAL,UNRESOLVED_REGIME_OR_EXCEPTION
318c490ffe5d5448a863f3e91b628cc27e2c6683b90e79a0bc5541cf5f44d58c,003018.SZ,2025-12-03,4,4,READY_PROVISIONAL,UNRESOLVED_REGIME_OR_EXCEPTION
537dcf7e4462da74a9d2a26316146d7fa6bf486b702adf55088fe420c72ee318,003018.SZ,2026-02-11,4,4,READY_PROVISIONAL,UNRESOLVED_REGIME_OR_EXCEPTION
9d6c8e9e1e7965bc7a6295ad493596256ec6de5e00f0fc864049246fee4eb8bf,003018.SZ,2026-04-22,4,4,READY_PROVISIONAL,UNRESOLVED_REGIME_OR_EXCEPTION
f6bf3e13d22f8f2a135b75c50ecc68a5bdfbfdfbd117d192e1c7481f6b93a972,003018.SZ,2026-04-23,4,4,READY_PROVISIONAL,UNRESOLVED_REGIME_OR_EXCEPTION
19e16c079e2ccffe5b281e430a77b68d2e42eb776bb10a4036585cfe6a94a6a1,003018.SZ,2026-05-20,3,3,READY_PROVISIONAL,REJECTED_STRICT_PREDICATE
b9fb681ba527b899538e997a8fe5021523c831a9d160efabcb04b9cb0dbb9a00,003020.SZ,2025-04-18,4,4,READY_PROVISIONAL,UNRESOLVED_REGIME_OR_EXCEPTION
1a66358dba49c83135ab58e6530050f1f701d29c8ec646ced6ac0415a0b455db,003020.SZ,2025-04-21,5,5,READY_PROVISIONAL,UNRESOLVED_REGIME_OR_EXCEPTION
e54de94c55fa1ba917d4daa7a240a0672953c81270824bc8ac3feb61950cc315,003020.SZ,2025-04-22,4,4,READY_PROVISIONAL,UNRESOLVED_REGIME_OR_EXCEPTION
d3557b3183d889e7fc3045b86c3a7d626010d09f4870e874f4a4e70d7f1f7bc9,003020.SZ,2026-07-15,3,3,READY_PROVISIONAL,REJECTED_STRICT_PREDICATE
27c5e126ccf5a06502d94c3c7219d45edae8b0495bba892e1b9196b7e7c18262,003021.SZ,2024-10-08,0,0,READY_PROVISIONAL,REJECTED_STRICT_PREDICATE
a866ece27fe740f329f796cd81d63aed7d69eecb409bee3e37d6197f1419e6d0,003021.SZ,2024-10-09,0,0,READY_PROVISIONAL,REJECTED_STRICT_PREDICATE
ca36b7ac536b7bea2996a6623af8777181b4d1689f4391bc10f983c3d9e70dcf,003021.SZ,2024-11-25,2,2,READY_PROVISIONAL,REJECTED_STRICT_PREDICATE
56fd7ab6aa0b1af694b1d819db09c8fd948f58cf3783cf0cc34d01a28e2a0c18,003022.SZ,2024-09-30,1,1,READY_PROVISIONAL,REJECTED_STRICT_PREDICATE
097308265ea1d9b54d6e7c1dc3375566b8b2647c9b25deb2bbb1f76ac7553190,003022.SZ,2024-10-08,1,1,READY_PROVISIONAL,REJECTED_STRICT_PREDICATE
62f642069070d876ec1c08137892c88e1898c4a7395b015591a02be2bda98170,003025.SZ,2024-01-08,3,4,UNVERIFIED_WARMUP,UNRESOLVED_RSI_WARMUP
34f12bc723217824c7d1daf3763e962a6971a5440d853e6ef931b03213614247,003025.SZ,2024-01-09,4,4,UNVERIFIED_WARMUP,UNRESOLVED_RSI_WARMUP
2c5de7de971dae6353b991bc01f40d2b8fa614933394481377ffbe0fb3c1ec1f,003025.SZ,2024-01-10,4,4,UNVERIFIED_WARMUP,UNRESOLVED_RSI_WARMUP
ec47590103d16620b65f748e5b33dbf3e63ad0d4772cb14988e8daf27ca273bc,003026.SZ,2024-06-11,4,4,UNVERIFIED_WARMUP,UNRESOLVED_RSI_WARMUP
e6c71ed4a101bc5ce79c499d15c157e0b1477abd6ee47c2240f3f5bcc1b2fee1,003026.SZ,2024-06-12,4,4,UNVERIFIED_WARMUP,UNRESOLVED_RSI_WARMUP
1b61bba3bf309329a256e615646434617cc6038a1c2e35e6c00d456ac2cacffb,003026.SZ,2024-08-02,3,3,READY_PROVISIONAL,REJECTED_STRICT_PREDICATE
12e956ffad0bacb27c23319f19852fc6f58352a22b0e8c6fc9c12a2cdefae851,003027.SZ,2024-01-22,4,4,UNVERIFIED_WARMUP,UNRESOLVED_RSI_WARMUP
6ae4363dfc4b391f8ebd7e1d455ba05b4410b8f80f8cfe53edb424733d6792ab,003027.SZ,2024-01-23,5,5,UNVERIFIED_WARMUP,UNRESOLVED_RSI_WARMUP
b47b71a7fb9aff696f02b8ba29297424e9d8e3525cea4c427f3b7c4019bdc0f1,003027.SZ,2024-01-24,4,4,UNVERIFIED_WARMUP,UNRESOLVED_RSI_WARMUP
85ffd517f152fc821f265f730c5841ccda8cecdda5ec4907b53637a246b50673,003029.SZ,2025-06-26,4,4,READY_PROVISIONAL,UNRESOLVED_REGIME_OR_EXCEPTION
0c9d8276ea945dc3c29d23e2d214e1ef231e633416c8074d5c28942ed294d8c1,003030.SZ,2025-01-20,3,3,READY_PROVISIONAL,REJECTED_STRICT_PREDICATE
970a79c9333284f572d8648d03ce2f6188adeb04109904173a16801aab48f87f,003030.SZ,2025-01-21,4,4,READY_PROVISIONAL,UNRESOLVED_REGIME_OR_EXCEPTION
f596dc7048d74bee1b5594b44df1f239dd091a3fc6f866b93c4184697251afca,003031.SZ,2025-12-12,3,3,READY_PROVISIONAL,REJECTED_STRICT_PREDICATE
a4ef51755a9266f63c9ca5f209ab45d9787467a138f18c8af6b057b471825870,003032.SZ,2026-07-30,4,4,READY_PROVISIONAL,UNRESOLVED_REGIME_OR_EXCEPTION
e0960d1b0126b7340a7f0516a027cc18bb8e536c320c63e478410d90a7d5a67c,003032.SZ,2026-07-31,5,5,READY_PROVISIONAL,UNRESOLVED_REGIME_OR_EXCEPTION
5c206986157533289007a51c9d8f90de940a5da147c63ee60ff0e83109bf6f0b,003032.SZ,2026-08-03,5,5,READY_PROVISIONAL,UNRESOLVED_REGIME_OR_EXCEPTION
4116cacbc8b9f59eb23c2df7a830c53bc789f3a3f068b5251efaeee6fc675fd0,003032.SZ,2026-08-04,5,5,READY_PROVISIONAL,UNRESOLVED_REGIME_OR_EXCEPTION
38e8939d3a6f344535ec224d5af32142436dd5efb0ee40f878e6f86a2caf3ece,003032.SZ,2026-08-05,5,5,READY_PROVISIONAL,UNRESOLVED_REGIME_OR_EXCEPTION
68a96c167ac905e327ea5485c73253512cfa86ea840880c5c8f73dd9bf3af4ed,003032.SZ,2026-08-06,4,4,READY_PROVISIONAL,UNRESOLVED_REGIME_OR_EXCEPTION
539884d9ffb0804c2cffcfb7a471e5af892e0cdc5a73f654f5de5031b6a3c041,003032.SZ,2026-08-07,3,3,READY_PROVISIONAL,REJECTED_STRICT_PREDICATE
b712eb011c2e0de9fc665c139f0ef8e4488680bacb04e6997656b6260f5a5a45,003033.SZ,2025-03-04,3,3,READY_PROVISIONAL,REJECTED_STRICT_PREDICATE
7b0af9886b916fa5991725d3c6706d47a2908dc0b828b8afe3fc2960d6dc5edf,003033.SZ,2025-03-06,3,3,READY_PROVISIONAL,REJECTED_STRICT_PREDICATE
9ce69fc866b44f2ce2a06ddc2921ae23827564eb62b00f953c6ce17afec9dafa,003033.SZ,2025-03-07,3,3,READY_PROVISIONAL,REJECTED_STRICT_PREDICATE
0cd4655cd765b59e51ca1cbf2b9a4b9ce26ea251572b79c8199c47115c007cb9,003036.SZ,2024-11-22,3,3,READY_PROVISIONAL,REJECTED_STRICT_PREDICATE
fa880cf82391f0de702ec8a29ed1820b99f878d217019e21f10b44d96ee64887,003036.SZ,2024-11-25,4,4,READY_PROVISIONAL,UNRESOLVED_REGIME_OR_EXCEPTION
f22ef60f2d0447e00042dbabecf00359a32151d1fb7ef4373be3cdfdb8a42e1c,003036.SZ,2026-05-26,3,3,READY_PROVISIONAL,REJECTED_STRICT_PREDICATE
027b7970def73a63dc0146fe689f5140a04b0cc262fd4a1ff54b9305b49222e6,003036.SZ,2026-05-27,2,2,READY_PROVISIONAL,REJECTED_STRICT_PREDICATE
05c72618a4256993ead5be4ecaa4c61c866e5fa868d1688f359d020056531cec,003036.SZ,2026-05-28,3,3,READY_PROVISIONAL,REJECTED_STRICT_PREDICATE
8a87e76e091317afb9b111584cc82323c1c7681aaaacbc32cd5b2c749098cf3b,003036.SZ,2026-05-29,3,4,READY_PROVISIONAL,UNRESOLVED_REGIME_OR_EXCEPTION
f0421a257e1ae1c2cc069a45b654272d797999f1b75159eebfef9ac785ed72aa,003036.SZ,2026-06-01,2,3,READY_PROVISIONAL,REJECTED_STRICT_PREDICATE
d5fccc5139061b6bea9fef39dd56a3f35d78ec21c9e987f2db5b646fb470279b,003040.SZ,2024-12-02,3,3,READY_PROVISIONAL,REJECTED_STRICT_PREDICATE
595926bbe2bc9c624bfb98c8c8f420a878c79bb4e310b278b0b1a2663bf9091d,003040.SZ,2025-06-23,2,2,READY_PROVISIONAL,REJECTED_STRICT_PREDICATE
9bc94792462d234c040da649bc0a9af02c91cc57ab40185a831bebcb7883b2d5,003040.SZ,2025-06-24,2,2,READY_PROVISIONAL,REJECTED_STRICT_PREDICATE
8879baa8685d8392ac3aa849c57c30a785ef8062bb0a492f9ef98b7b34dde7ba,003040.SZ,2026-08-25,3,3,READY_PROVISIONAL,REJECTED_STRICT_PREDICATE
c6cbaed2a00035683b9949be68cf5700143ef9d9989b2a765201a06bf9d3346c,003040.SZ,2026-08-26,4,4,READY_PROVISIONAL,UNRESOLVED_REGIME_OR_EXCEPTION
81a5bdebe242dae8d57b8ecf0d19bed2924409d23bf0131d6f0dad4049e3bf4a,003040.SZ,2026-08-27,5,5,READY_PROVISIONAL,UNRESOLVED_REGIME_OR_EXCEPTION
b12355ad7683f515be558456365f5fe117ef2bdbbfdf768b69ec02814953b885,003040.SZ,2026-08-28,4,4,READY_PROVISIONAL,UNRESOLVED_REGIME_OR_EXCEPTION
ebbe9757d017a8cf9ef5dde431812c8face5ebf002d11794b16e6ccf1d25e45a,003040.SZ,2026-09-07,2,2,READY_PROVISIONAL,REJECTED_STRICT_PREDICATE
cef1e19598fd3299fc7d8a7351c5e3457555bc7b4ef250b26744685df41d55c7,003041.SZ,2024-11-26,3,3,READY_PROVISIONAL,REJECTED_STRICT_PREDICATE
dac0ef2180c7ae7d25378c30b5fe1c4a1ac4b78870ca5bb4100747bc732931c7,003041.SZ,2024-11-27,3,3,READY_PROVISIONAL,REJECTED_STRICT_PREDICATE
4cb4e5f364305932ccb35a3c22e13f5e6c74690ebe506f5a17de24c33387e4c0,003041.SZ,2024-11-29,3,3,READY_PROVISIONAL,REJECTED_STRICT_PREDICATE
ec28b2ea9ac96041d6292814d56bb57fdba58bf4bc4ec3ab9997cfed68cc4f36,003041.SZ,2024-12-02,3,3,READY_PROVISIONAL,REJECTED_STRICT_PREDICATE
4567cc168f39cef7c70160128d5f0ccbd492dad19fa75771a848a9fb69cd9daf,003041.SZ,2024-12-03,2,2,READY_PROVISIONAL,REJECTED_STRICT_PREDICATE
4172f2607244293971e5efabe3484855d7595bd5f9370615f82c03890d4b26a8,003041.SZ,2024-12-04,3,3,READY_PROVISIONAL,REJECTED_STRICT_PREDICATE
444a69ca1298ef706daf0fe107de8d03e5f6655a88ddcbdfbf01cc7f6b32a09f,003041.SZ,2024-12-05,4,4,READY_PROVISIONAL,UNRESOLVED_REGIME_OR_EXCEPTION
2140575f8c0ac8659c7d7ba780129022c1d314026d4d27a87c1dc9f591a2588c,003041.SZ,2024-12-06,3,3,READY_PROVISIONAL,REJECTED_STRICT_PREDICATE
d948107163daddde09dfbfb4acbbbc5edb40fd6ad8302176b383edd1bc75b2a4,003041.SZ,2025-11-14,3,3,READY_PROVISIONAL,REJECTED_STRICT_PREDICATE
4682e6e85629e906fa976cd448b3e7f6f1d9cafc8380b71ad13bcc62af4d9d5b,003041.SZ,2025-11-17,4,4,READY_PROVISIONAL,UNRESOLVED_REGIME_OR_EXCEPTION
b927f92ac3ecf3bb049aaafef360033b134ca2ee0ff66f64d1c8f63da0589c61,003041.SZ,2025-11-18,5,5,READY_PROVISIONAL,UNRESOLVED_REGIME_OR_EXCEPTION
9963e5fcd15fe80c845c1c2105a207a3d731f09c2230497380622ed05649e411,003041.SZ,2025-11-19,5,5,READY_PROVISIONAL,UNRESOLVED_REGIME_OR_EXCEPTION
8bca4e31a5d468300bb71d6762f7faafaa7ef43519fc8aa110ae374d03ea2837,003041.SZ,2025-11-20,4,4,READY_PROVISIONAL,UNRESOLVED_REGIME_OR_EXCEPTION
310e900b42b857197ee06cd7db649e51bf0eb1714d22419eef99cf247677fd0e,003042.SZ,2026-01-28,4,4,READY_PROVISIONAL,UNRESOLVED_REGIME_OR_EXCEPTION
2654fee1a06947b45ce10d80c86092645699d0206d9a3209ce5c47ece3783c28,003042.SZ,2026-01-29,4,4,READY_PROVISIONAL,UNRESOLVED_REGIME_OR_EXCEPTION
1c1568874a4165e39cfb6b6dd8dfaaa44ee4b1cf7fd958da3fd87a8a823df5eb,600030.SH,2024-09-30,2,2,READY_PROVISIONAL,REJECTED_STRICT_PREDICATE
15e0ea1bd6c612ae83f98e2b3831dc0bda02dbf7d64ea2fc4320a94c625e7197,600030.SH,2024-10-08,3,3,READY_PROVISIONAL,REJECTED_STRICT_PREDICATE
c5fd185b33eb0f5e9c071a0afd6a01e72d37dd1043fe59e94b12735810314b83,600030.SH,2024-10-09,3,3,READY_PROVISIONAL,REJECTED_STRICT_PREDICATE
fa731bb542af924bcc9a94d87d856cac816ac426d6b0ba553df845ed2a84069e,600032.SH,2026-03-25,3,3,READY_PROVISIONAL,REJECTED_STRICT_PREDICATE
bd679733c6c0cc1405bf46d46814d14a7435811368afe0d0d59ef8fbbbb7601f,600032.SH,2026-03-26,3,3,READY_PROVISIONAL,REJECTED_STRICT_PREDICATE
2506e3b13c4ad160516a92234e3eb2d86f0a4dd33d8de551f5eede26a132116e,600053.SH,2024-01-23,2,2,UNVERIFIED_WARMUP,REJECTED_STRICT_PREDICATE
3c6ce5963f8eace7dccec6df475e4c34173c18ce5bd347de2506eede8e9bc99b,600053.SH,2024-01-24,2,2,UNVERIFIED_WARMUP,REJECTED_STRICT_PREDICATE
4c5af0ab47e9ccbbd35ca182f540c30f296b7abb03eb98b41b6482f93670ea61,600053.SH,2024-01-25,3,3,UNVERIFIED_WARMUP,REJECTED_STRICT_PREDICATE
c79bed3c0bdc0e4876d24ed885b972a46c723019ebc156c0fd2aeb294bf83ac8,600053.SH,2024-01-26,4,4,UNVERIFIED_WARMUP,UNRESOLVED_RSI_WARMUP
44f28b1cb4a071ae830e7a9de3a76bbf8c0cd75906922b20e36f12d751a8d305,600053.SH,2024-01-29,4,4,UNVERIFIED_WARMUP,UNRESOLVED_RSI_WARMUP
e875d6fdd53e6c9050c55bf79c78a0b90d4f9e0348b14758842e428171daba79,600057.SH,2024-09-30,0,0,READY_PROVISIONAL,REJECTED_STRICT_PREDICATE
089b380ba0e671eb4e91b2e90de3cdc8fa6ee36dde846f1eb4b46843f240ccb2,600058.SH,2026-01-16,3,3,READY_PROVISIONAL,REJECTED_STRICT_PREDICATE
e5c26603f4905bf53867b2933d15a7b58411a705fc81fc0d52e985edf83a11b1,600058.SH,2026-01-20,3,3,READY_PROVISIONAL,REJECTED_STRICT_PREDICATE
a581dce0489d742390c4ee7e791c5df7607b7d1e6f614818e751eac07e7dbcf3,600061.SH,2024-10-08,2,2,READY_PROVISIONAL,REJECTED_STRICT_PREDICATE
ff2b02ee6276b5fcec6bc219936f948a4c9ad2b89ce24b1db1d9499cad91227e,600076.SH,2024-07-02,3,3,UNVERIFIED_WARMUP,REJECTED_STRICT_PREDICATE
fd0ac899da240477825dd7c7886e41dd8e76ecf5efcd384c8f08af8a380d9158,600076.SH,2024-07-03,4,4,READY_PROVISIONAL,UNRESOLVED_REGIME_OR_EXCEPTION
9bab6760493ba895b7abe6e829726e7ba2c6e56a1d6cfb24427beef5796b8a8c,600078.SH,2025-10-14,4,4,READY_PROVISIONAL,UNRESOLVED_REGIME_OR_EXCEPTION
f50b9723d9d653b970296770687c04c0dc4bfc797f09ff9a1f262d11aab3c742,600078.SH,2025-10-15,4,4,READY_PROVISIONAL,UNRESOLVED_REGIME_OR_EXCEPTION
b1b2fb53db990acf159e649cdd0493fd5253f30b54689bd331ffafaae3f045ac,600078.SH,2025-11-10,3,3,READY_PROVISIONAL,REJECTED_STRICT_PREDICATE
45cf42c113a5f6a1691e0c45566635fb6c0a7796d8ce46a5a4de95095fee5d27,600078.SH,2025-11-11,3,3,READY_PROVISIONAL,REJECTED_STRICT_PREDICATE
a099477ad8f8d6114b81f6c8d6d637b5a14b16b03d8350b8edcfbdca1959e2cb,600088.SH,2024-01-25,4,4,UNVERIFIED_WARMUP,UNRESOLVED_RSI_WARMUP
5f543de113a6eb7b796a6a00abd82de90d07592e6502ed0c84653c12e21b8080,600088.SH,2024-01-26,4,4,UNVERIFIED_WARMUP,UNRESOLVED_RSI_WARMUP
d8faf28450667919bc160d4f54df4d940d72768d4eea96f26c5c10b835b00292,600088.SH,2024-01-29,5,5,UNVERIFIED_WARMUP,UNRESOLVED_RSI_WARMUP
a11afa28bf661c338b000d7961877723c064fd17fc7f902d83151fb39ddaeae8,600088.SH,2024-01-30,5,5,UNVERIFIED_WARMUP,UNRESOLVED_RSI_WARMUP
926d48d1f04c11f1d18b4d93404d5383bb6747c6b82b42ca4a37fd367cbf4cdb,600088.SH,2024-01-31,5,5,UNVERIFIED_WARMUP,UNRESOLVED_RSI_WARMUP
b0588d568a8d36cd997107ea8be62d10950cab50a924e99fb97e24a1fc28eb82,600088.SH,2024-02-01,5,5,UNVERIFIED_WARMUP,UNRESOLVED_RSI_WARMUP
b9796d5315873b40861189f6d661e40260382660d25d2f1cd6780ff3b96f5147,600088.SH,2024-02-02,4,4,UNVERIFIED_WARMUP,UNRESOLVED_RSI_WARMUP
a930a472db42e4d3ba669e50d5b7f16c69adf8b3a55aa3e3af028f10c38a4c38,600095.SH,2024-09-30,1,1,READY_PROVISIONAL,REJECTED_STRICT_PREDICATE
5c9dabff9f55eef3a6f3c2897cc7bc7ab9d35ede0221d9e33269884d3c044ef3,600095.SH,2024-10-08,2,2,READY_PROVISIONAL,REJECTED_STRICT_PREDICATE
c9f4c93bfc807049bb6f8045ef72f637ecfbe8f3874c7f189a24e4ecfe9f9f8e,600099.SH,2024-07-29,3,4,READY_PROVISIONAL,UNRESOLVED_REGIME_OR_EXCEPTION
4ca5e1e177374ad8322807451a1d764c6f4ab171e168b6a207600cab6427e305,600101.SH,2024-05-14,3,3,UNVERIFIED_WARMUP,REJECTED_STRICT_PREDICATE
4d0e2daaa110f0804c570619b71324580acdd13d1c1aea553c20b6bb7edc810b,600103.SH,2025-09-11,4,4,READY_PROVISIONAL,UNRESOLVED_REGIME_OR_EXCEPTION
e8667f9756904f731bdfa767e9aa3c18e724f6c19925869feb127d6c8a613d9f,600103.SH,2025-09-12,4,4,READY_PROVISIONAL,UNRESOLVED_REGIME_OR_EXCEPTION
db16e5f7f58074376729d8523701bdfaa73470e1d03328791ad24053dcc59241,600103.SH,2025-09-15,4,4,READY_PROVISIONAL,UNRESOLVED_REGIME_OR_EXCEPTION
2ce43ca62ed9310f2bf7c57d6a57dbde48853d0d1bc19ecfb556f441a30b6a62,600103.SH,2025-09-16,3,3,READY_PROVISIONAL,REJECTED_STRICT_PREDICATE
13e148e3a5c5d858d92ed40e4ba8003414a9f5bf4d9238045c190304d6753e8e,600103.SH,2026-04-22,2,2,READY_PROVISIONAL,REJECTED_STRICT_PREDICATE
ffd38be425a888982d37d9354a3ca761d61061634e1e425697f09e41c0317bc8,600103.SH,2026-04-23,2,2,READY_PROVISIONAL,REJECTED_STRICT_PREDICATE
ea707af2008d5af3e256ae79c6fd10d30bac7538e750ecb96a5aef5c3628a0a7,600105.SH,2025-10-14,2,3,READY_PROVISIONAL,REJECTED_STRICT_PREDICATE
337e7425539a075c30d4c3907cdee2581809f0c599f69052eadf568278834f3f,600105.SH,2025-12-11,2,2,READY_PROVISIONAL,REJECTED_STRICT_PREDICATE
a388613731819a2aa4938e8ccc69e912558aa2395284a273578739e0a405c3df,600106.SH,2024-09-20,1,1,READY_PROVISIONAL,REJECTED_STRICT_PREDICATE
322f650377f06784235df547a422d4307426e976ce864dcdcd2a1dafd1478722,600106.SH,2024-09-24,1,1,READY_PROVISIONAL,REJECTED_STRICT_PREDICATE
bd8c9d897a06a67810a497ef34a64d981e6e2a21275cbefbe7e4328b06c6f9f1,600106.SH,2024-10-16,0,0,READY_PROVISIONAL,REJECTED_STRICT_PREDICATE
8a3f5907a5e9bdef7cb30aaddcbaadfcd4ef4d6e3b1da948f3adac05aecff704,600107.SH,2025-08-20,0,0,READY_PROVISIONAL,REJECTED_STRICT_PREDICATE
df02f5812a46232582866b8622766a37e5caa4a5435adbdb996862abeb74cd9e,600107.SH,2025-10-15,0,0,READY_PROVISIONAL,REJECTED_STRICT_PREDICATE
46fa9091ed1c87a207fabc0d3ca2d3594eaaa19e2ea001167c6370cb57a96545,600107.SH,2025-10-17,0,0,READY_PROVISIONAL,REJECTED_STRICT_PREDICATE
3d5d03936a6168d2ae9b935079b926ae825bd569565f5952f11c9b5083bf9a30,600108.SH,2026-03-04,4,4,READY_PROVISIONAL,UNRESOLVED_REGIME_OR_EXCEPTION
3f469cd49410c9605c396060fbfb5680671f62bad656791949311f28dd90d160,600108.SH,2026-03-05,4,4,READY_PROVISIONAL,UNRESOLVED_REGIME_OR_EXCEPTION
42542f7c7d032eb071ef378197d64a96bdb663f37ebcf5d1963da867ccdf74d9,600108.SH,2026-03-06,4,4,READY_PROVISIONAL,UNRESOLVED_REGIME_OR_EXCEPTION
c4f770d0305a6e226aaa17c685a97cb7474f1fade9f63c00a6c8fcbe9ecb474c,600108.SH,2026-03-12,3,3,READY_PROVISIONAL,REJECTED_STRICT_PREDICATE
c5abdd652bffe2f64ad53774d1fa0ecd7ef78a451d4ef2b93c79a37a91c26200,600108.SH,2026-09-07,3,3,READY_PROVISIONAL,REJECTED_STRICT_PREDICATE
619ea3b5dd8b7cded20ea024de96e6520a43aadfe0bd46309ec34e607669ae22,600108.SH,2026-09-08,4,4,READY_PROVISIONAL,UNRESOLVED_REGIME_OR_EXCEPTION
2a084499f85e7b42f60020cf9a29e6f230a8c56456e43c9e07be59f1492381b2,600108.SH,2026-09-09,4,4,READY_PROVISIONAL,UNRESOLVED_REGIME_OR_EXCEPTION
4659655ba2008149edc5be24bd3758d96d48872bd38a75ce4c4c25a0c33ba567,600108.SH,2026-09-10,3,3,READY_PROVISIONAL,REJECTED_STRICT_PREDICATE
7f6a077f7d554177b54a7e45792e6dbc5ea37549e1f3e3cbb89312c85609f7fb,600109.SH,2024-09-30,1,1,READY_PROVISIONAL,REJECTED_STRICT_PREDICATE
5a278c72e1cff2bc21ccae44187fc619e49870931a120a780a5838663ac1423e,600109.SH,2024-10-08,2,2,READY_PROVISIONAL,REJECTED_STRICT_PREDICATE
0b71cd8cfe1170419a6eb442b0db8569e5b2b21d3122b89eaa7b8d188d046e75,600109.SH,2024-10-09,2,2,READY_PROVISIONAL,REJECTED_STRICT_PREDICATE
d6377e575b85571509ca5d2fbe32546ecc23b70c00c16966f0be0b82adfff3b4,600110.SH,2025-06-20,4,4,READY_PROVISIONAL,UNRESOLVED_REGIME_OR_EXCEPTION
86d9c0eb96366b0fdd7dc0be1c58ed08885299de881886c54909dc11f1d56f14,600110.SH,2025-06-23,5,5,READY_PROVISIONAL,UNRESOLVED_REGIME_OR_EXCEPTION
bffc2ee86f769044da528072e80a6801d4dd7c20045f53e5bc52251caea34607,600110.SH,2025-06-24,5,5,READY_PROVISIONAL,UNRESOLVED_REGIME_OR_EXCEPTION
50b07b1a24f780f7365f3d30709a5dbd63e205e43451b2d21f0cce778c6f6950,600110.SH,2025-06-25,5,5,READY_PROVISIONAL,UNRESOLVED_REGIME_OR_EXCEPTION
95a7a4e5abe8b0bb84fd873de694ef01608d0a75c4fd528512ed69039ca36974,600110.SH,2025-06-26,4,4,READY_PROVISIONAL,UNRESOLVED_REGIME_OR_EXCEPTION
f25f915f23536938fb9a336e131648e7836ff2b8d8124db1eedbfe0a8f296987,600110.SH,2026-06-17,3,3,READY_PROVISIONAL,REJECTED_STRICT_PREDICATE
e4a2d7243620064241cc48ba8834dcf629116ebe21d0bdc3f456d575a70b13fa,600110.SH,2026-06-18,3,3,READY_PROVISIONAL,REJECTED_STRICT_PREDICATE
660d2704393d6a782c49d0106fef02f1fe0ead2b66435ea72aca712e4ca3fa68,600111.SH,2025-08-28,0,0,READY_PROVISIONAL,REJECTED_STRICT_PREDICATE
ca29465bea54da51fcd50b2f4c05640df0774b72b91cdc947dad132a58b5dfc3,600113.SH,2025-06-20,3,3,READY_PROVISIONAL,REJECTED_STRICT_PREDICATE
501399c1bf4f036c2ad64353d21d81d2e5a5ccde55cb26379bd748b031299565,600113.SH,2025-06-23,4,4,READY_PROVISIONAL,UNRESOLVED_REGIME_OR_EXCEPTION
e6419a3a2104840cfff5502706cf7b94180f9eb0763012d77fd40631d427cf7e,600113.SH,2025-06-24,4,4,READY_PROVISIONAL,UNRESOLVED_REGIME_OR_EXCEPTION
280b07a759a32fbece82cf8cb24079477f26147502334bb30d749fef54b24d95,600113.SH,2025-06-25,3,3,READY_PROVISIONAL,REJECTED_STRICT_PREDICATE
d3ebc7a00f27539c2761211ce93db59d08c3d2ab8dd07202e3b146c225a655cb,600113.SH,2025-06-26,4,4,READY_PROVISIONAL,UNRESOLVED_REGIME_OR_EXCEPTION
e8d5d621f5402540056f0ddfd49f237603fdc025acf877679d882cf0e8269ac9,600113.SH,2025-08-14,3,3,READY_PROVISIONAL,REJECTED_STRICT_PREDICATE
2d904acb85c52a0942d7da9fb9bc45ab1aaaf9a55d9db9b2dad568094fc82ea7,600113.SH,2025-08-15,4,4,READY_PROVISIONAL,UNRESOLVED_REGIME_OR_EXCEPTION
3cb221d6c1bd5fb202adfabdfdf75ab22e3525b341dd455d95ab497182bccfe9,600113.SH,2025-08-18,3,3,READY_PROVISIONAL,REJECTED_STRICT_PREDICATE
9d527d38f6c4ac16d4e0e22a8e78a811781357cb249a7d99e8d44e652a2a1216,600114.SH,2026-05-25,0,1,READY_PROVISIONAL,REJECTED_STRICT_PREDICATE
aee04c4881809362f24786003a1ac9ee497e8c2c1d3443bb130525ced0377a0d,600117.SH,2024-09-30,2,2,READY_PROVISIONAL,REJECTED_STRICT_PREDICATE
3996d1e17b870171c864a34895265f5b52137fda44b3cd9a6222131b6c601e45,600117.SH,2025-07-24,4,4,READY_PROVISIONAL,UNRESOLVED_REGIME_OR_EXCEPTION
42389e064f61ff4a44803e8dc794ce26553f1204eb3ad81f9d3efa8ab15038ad,600117.SH,2025-07-25,5,5,READY_PROVISIONAL,UNRESOLVED_REGIME_OR_EXCEPTION
53f488982ecafd03c29c68cde2c4e86bf2e3ad982f249a8f8d1d2ed26c65e308,600117.SH,2025-07-28,4,4,READY_PROVISIONAL,UNRESOLVED_REGIME_OR_EXCEPTION
ea364a8345021d934f1828b55bf3b141851db35653798e5fe14205175816bcab,600117.SH,2025-07-29,4,4,READY_PROVISIONAL,UNRESOLVED_REGIME_OR_EXCEPTION
2e6f1c004198f77f00f5868d80616af6201126a199d72ba7fd1dd001b975d4c5,600117.SH,2025-07-30,4,4,READY_PROVISIONAL,UNRESOLVED_REGIME_OR_EXCEPTION
bdf4363eabddffef12b971b3105628dca2f7fa8e13ce9e409ae4866ef7ea7ae9,600117.SH,2025-07-31,3,3,READY_PROVISIONAL,REJECTED_STRICT_PREDICATE
5fe382a08c6b15542d8b96665fc908d68d4763a2089171c6319b34256a849a00,600117.SH,2025-08-04,2,2,READY_PROVISIONAL,REJECTED_STRICT_PREDICATE
f84d8f68c3fd5f1f062f75eb4d53de25e41895322bb91301518777cd4c63cfd4,600118.SH,2025-12-26,3,3,READY_PROVISIONAL,REJECTED_STRICT_PREDICATE
d5883051dcbe1276428c81ca3489b979bc6d10541eff3396b9b8c29927ab56ea,600118.SH,2025-12-29,4,4,READY_PROVISIONAL,UNRESOLVED_REGIME_OR_EXCEPTION
026c64df714b0d39af86d25332b45334368aba7e3aa72e3005cd6968ad0cd5d3,600118.SH,2025-12-30,4,4,READY_PROVISIONAL,UNRESOLVED_REGIME_OR_EXCEPTION
9fe415db846852a9d64a3d81c55055765ae52c38f33c2abdbe99a393e981e9cb,600118.SH,2025-12-31,4,4,READY_PROVISIONAL,UNRESOLVED_REGIME_OR_EXCEPTION
aae66ba4c525c592d9a7a781d3438ca55d2e0b0693eb86ffa47506a3ea809f1f,600119.SH,2024-01-26,4,4,UNVERIFIED_WARMUP,UNRESOLVED_RSI_WARMUP
1132fd90057ec8d2229bc29f434d4318c8fe991f00698503109d7f80a4ef2fb0,600119.SH,2024-01-29,5,5,UNVERIFIED_WARMUP,UNRESOLVED_RSI_WARMUP
5e139ffab352c5f26117bf921ba230e41c082755d2a10e656bcb3fd19089ec08,600119.SH,2024-01-30,5,5,UNVERIFIED_WARMUP,UNRESOLVED_RSI_WARMUP
cd43ce2890305210d241438302e6e8bccadabb9d653d8b224f76a5fcd24c9e2e,600119.SH,2024-01-31,4,4,UNVERIFIED_WARMUP,UNRESOLVED_RSI_WARMUP
554a80ba25aa760ac92b99f0e0984a3eb146a65f6c4f268cb030d5a5163fb78e,600120.SH,2025-02-07,4,4,READY_PROVISIONAL,UNRESOLVED_REGIME_OR_EXCEPTION
554284fff6ed688510c0fcfabc43277a4113674dc993c3a3a12628983b575591,600120.SH,2025-02-10,5,5,READY_PROVISIONAL,UNRESOLVED_REGIME_OR_EXCEPTION
3f74a645931221945d90c806f567e2dcdbd872807c50c480cb27e3d491fe527c,600120.SH,2025-02-11,5,5,READY_PROVISIONAL,UNRESOLVED_REGIME_OR_EXCEPTION
57bd58a1eb9224e0d2a92bdb95dd0ca4858354a38851fb3bdad403b4334302fe,600120.SH,2025-02-12,5,5,READY_PROVISIONAL,UNRESOLVED_REGIME_OR_EXCEPTION
f0703509bfdea59335bc22ee39597456bf493ea81634441ca9de25ff711b300c,600120.SH,2025-02-13,4,4,READY_PROVISIONAL,UNRESOLVED_REGIME_OR_EXCEPTION
d16fc93ce5fd130f08ea8719d870a62e44c1786633f69beb69a9eea277e9a253,600126.SH,2025-02-07,3,3,READY_PROVISIONAL,REJECTED_STRICT_PREDICATE
9ba38047dacc4b0ef5e97441ea77b9e631489e5b9ecd80454de757b6d6fd0ec6,600126.SH,2025-02-10,4,4,READY_PROVISIONAL,UNRESOLVED_REGIME_OR_EXCEPTION
f61b3f6d7f8d7f79778d5f46590d395469183086796f2a84f181131a52005ba1,600126.SH,2025-02-11,5,5,READY_PROVISIONAL,UNRESOLVED_REGIME_OR_EXCEPTION
3598039dbd28457c3d677875a48c84a486f0440c0a28d4580f74f3d612e7b588,600126.SH,2025-02-12,5,5,READY_PROVISIONAL,UNRESOLVED_REGIME_OR_EXCEPTION
140ee53a9183e11d02b16dec8e4e98aaedf5bc108db9177707425424918a949a,600126.SH,2025-02-13,5,5,READY_PROVISIONAL,UNRESOLVED_REGIME_OR_EXCEPTION
da350caafb725afaa52b0cd45a55b6e52bdaa8be8cc1b77d9bf370c4b31423fd,600126.SH,2025-02-14,5,5,READY_PROVISIONAL,UNRESOLVED_REGIME_OR_EXCEPTION
e8020080c8b3eee8e1eb36fdf0fc4c1c810b9652bcf00b6052ba250fadfade01,600126.SH,2025-02-17,5,5,READY_PROVISIONAL,UNRESOLVED_REGIME_OR_EXCEPTION
a32920f899c6311de079eaf650ffcf9c25fd64cf472848c6875f73fcf0470f21,600126.SH,2025-02-18,4,4,READY_PROVISIONAL,UNRESOLVED_REGIME_OR_EXCEPTION
574e5a1e941bbbf979b779852b7a73abf69600be134c0af40c9830ae40939ca3,600126.SH,2025-02-26,3,3,READY_PROVISIONAL,REJECTED_STRICT_PREDICATE
b01ccb7aa1fb6b4a17031c407e3d89851ae172f72b4f13dab2457cc35088d1a1,600126.SH,2025-02-27,4,4,READY_PROVISIONAL,UNRESOLVED_REGIME_OR_EXCEPTION
36aec6a8a7b0e8b54d40f966fc2a3aae895f55cdadf8ad3c032226bfaf630dda,600127.SH,2026-08-20,4,4,READY_PROVISIONAL,UNRESOLVED_REGIME_OR_EXCEPTION
47c8ccae889418b86f50dd27af810e8438ace467fa9066ec662c6513d99cc582,600127.SH,2026-08-21,4,4,READY_PROVISIONAL,UNRESOLVED_REGIME_OR_EXCEPTION
bab729492da9eaf7d24940a019560e5cada8c02c84078ff76c2d358fce719e42,600127.SH,2026-08-28,2,2,READY_PROVISIONAL,REJECTED_STRICT_PREDICATE
eb2c361de5050e39bb225aa16f727ad28aefae846288fbf5d4c5c139d1df6713,600127.SH,2026-08-31,2,2,READY_PROVISIONAL,REJECTED_STRICT_PREDICATE
6684be25a684a16c04e54999a986eb2ce051882d924d30c2444c8240de8e0313,600127.SH,2026-09-01,2,2,READY_PROVISIONAL,REJECTED_STRICT_PREDICATE
e3b5c7e83f4c3d8293d16f82297356690dcb3fd0c3fb1bf4ce28d1f4bc840fe0,600128.SH,2025-01-14,4,4,READY_PROVISIONAL,UNRESOLVED_REGIME_OR_EXCEPTION
17a2ca9f6391cafccf0724e207163e7633f602e931dace0b37d3c10208ae079b,600128.SH,2025-01-15,5,5,READY_PROVISIONAL,UNRESOLVED_REGIME_OR_EXCEPTION
e3fb1dc5ade52629c311d23aa2aaba55363c24597f2aaf6ccdfe51371f7f8497,600128.SH,2025-01-16,5,5,READY_PROVISIONAL,UNRESOLVED_REGIME_OR_EXCEPTION
8fcbf55698889e65c3c812b06c478e1c5da55687734544612fd0d4d6c47e06bf,600128.SH,2025-01-17,4,4,READY_PROVISIONAL,UNRESOLVED_REGIME_OR_EXCEPTION
cd01077a8c40556f2edfabc8543c011d657d303fc26fb8a2b4dcaee54911620d,600130.SH,2024-11-04,4,4,READY_PROVISIONAL,UNRESOLVED_REGIME_OR_EXCEPTION
b495d737262e0b42bc7bea07bacfb37eb56456e527b4a990f6f26348ad3901c7,600130.SH,2026-05-11,3,3,READY_PROVISIONAL,REJECTED_STRICT_PREDICATE
695e1c9cca630351c832785096525a22584fe419152c7acb75a6d562590bc731,600130.SH,2026-05-12,3,3,READY_PROVISIONAL,REJECTED_STRICT_PREDICATE
537424835e19b622b23dfbdf544cd889f4908bfdd72d40cf026e89c9c8fff0fe,600135.SH,2026-01-08,3,3,READY_PROVISIONAL,REJECTED_STRICT_PREDICATE
3528692e33f28163d27b8cc08c809c9e1a05a94b7b1b74fa55bb8ba2ef8697f4,600136.SH,2024-04-29,0,0,UNVERIFIED_WARMUP,REJECTED_STRICT_PREDICATE
f28eb1f27097150771771f1f5e17788f0399c5d6b9c67a0560fc111a3a1b1b17,600137.SH,2025-05-22,4,4,READY_PROVISIONAL,UNRESOLVED_REGIME_OR_EXCEPTION
b9f8b5ab07790c984094b2b2321a02d801f7132e545dd065a3a25786557b9e0b,600137.SH,2025-05-23,4,4,READY_PROVISIONAL,UNRESOLVED_REGIME_OR_EXCEPTION
f76c8dfc8213da12306327eff5addd900731c02a8ad092ccc0e7a996014adaff,600151.SH,2024-09-30,1,1,READY_PROVISIONAL,REJECTED_STRICT_PREDICATE
bf1dac83b58a1e94b2f61557ac0a5c36602d8dc103cb8c129e83bb883fff4c5a,600151.SH,2024-10-08,1,1,READY_PROVISIONAL,REJECTED_STRICT_PREDICATE
5080098f55db7b24b1b45dc52087e9df07c978eed4c1b8c608b63e8d0210ad58,600151.SH,2025-12-04,3,3,READY_PROVISIONAL,REJECTED_STRICT_PREDICATE
ebf2de8fa8506e1c0f14e87058b06cb593a63f023c5143ebe011f95a7f337f47,600151.SH,2025-12-05,3,3,READY_PROVISIONAL,REJECTED_STRICT_PREDICATE
555c45d151f8fc8345787b72599dd4e18e2ed69e0ecb86ebbd097f4debfdb2e5,600151.SH,2025-12-08,3,3,READY_PROVISIONAL,REJECTED_STRICT_PREDICATE
a204c3d019db3b74e4bd70651d892fcea58723cd182378beeff3443e24177252,600151.SH,2025-12-09,4,4,READY_PROVISIONAL,UNRESOLVED_REGIME_OR_EXCEPTION
04f4ea58890aa46b5be07d3f1a482fbc6bfeb3e5079dc7149220c0a7c165c9f5,600155.SH,2024-09-30,1,1,READY_PROVISIONAL,REJECTED_STRICT_PREDICATE
cd9e4f54addc953d36ffb8aae8fb9cf69b5199d52469f889a86634c9fe13f66a,600155.SH,2024-10-08,2,2,READY_PROVISIONAL,REJECTED_STRICT_PREDICATE
79619d05f90d008cf6c9df9658501b070694a6802e1cc640d59ad15d2f28ac16,600155.SH,2024-10-09,2,2,READY_PROVISIONAL,REJECTED_STRICT_PREDICATE
f9f0f9019eaa2790c243d3de2d0b89faa6c52de3b9858bb10edbefbe32eeb3b4,600156.SH,2024-01-22,4,4,UNVERIFIED_WARMUP,UNRESOLVED_RSI_WARMUP
496a4dc002cb278fe53ae4f4c789cea95e989a35c0871e9f4b15f41c6e0d8ded,600156.SH,2024-01-23,4,4,UNVERIFIED_WARMUP,UNRESOLVED_RSI_WARMUP
aa442b201bef4311b4a6cc4dc08d4692b1c2b80fdad28f4777afc50387a37466,600156.SH,2026-05-13,1,3,READY_PROVISIONAL,REJECTED_STRICT_PREDICATE
2d3becefebc037f968f0e851bc6d14d6419ae726e8cd6747aba1d98cffef52ad,600156.SH,2026-05-14,2,4,READY_PROVISIONAL,UNRESOLVED_REGIME_OR_EXCEPTION
45baa4549d31a05c811112973437552b389b8be08ba1ab24ce8d31774a625f7d,600162.SH,2024-11-06,2,2,READY_PROVISIONAL,REJECTED_STRICT_PREDICATE
ba6d995c9888b79f6769022a072b877df33f519266dfcde7bd06338ad5871f1f,600162.SH,2024-11-07,2,2,READY_PROVISIONAL,REJECTED_STRICT_PREDICATE
18c93467b1376751af4ad2d190710ba183ef0d92027a0d7b796352993f2b6be3,600162.SH,2025-09-17,4,4,READY_PROVISIONAL,UNRESOLVED_REGIME_OR_EXCEPTION
76b8c64fa4b929b541190776f81b58565f1cd53bd7ba42c30579984777903ccf,600162.SH,2025-09-18,5,5,READY_PROVISIONAL,UNRESOLVED_REGIME_OR_EXCEPTION
6e06874b14747a9012c4f5aee8b4976e5ce130b8fc54da77de84b31856187ec5,600162.SH,2025-09-19,4,4,READY_PROVISIONAL,UNRESOLVED_REGIME_OR_EXCEPTION
66c25b0a256bcc78117bf85eae76dc271d57672dce432c66548f54ef4a582ac6,600162.SH,2026-05-28,4,4,READY_PROVISIONAL,UNRESOLVED_REGIME_OR_EXCEPTION
974e723b2e45567ff4363e00a4d51cb296e3a0587bc1d329e1c7ee510c8a2957,600162.SH,2026-05-29,5,5,READY_PROVISIONAL,UNRESOLVED_REGIME_OR_EXCEPTION
8ca3a3d3e8a77384861c8261669c8a3aa540fdf15e4153120fa546e512bc73c6,600162.SH,2026-06-01,4,4,READY_PROVISIONAL,UNRESOLVED_REGIME_OR_EXCEPTION
799746f7558c63f8619ef5665fa63261ca04f0ab51737e1dc9b2c9bd509a2f50,600162.SH,2026-06-02,4,4,READY_PROVISIONAL,UNRESOLVED_REGIME_OR_EXCEPTION
c80391e1cb92e13b029aac9f0213a68f6142c9e091743875a5336dac7fddfeb8,600165.SH,2024-03-25,4,4,UNVERIFIED_WARMUP,UNRESOLVED_RSI_WARMUP
9eb505cd777011f6670ed22d734bc37f1d35e3319933e2f6952c88667dad90e5,600165.SH,2024-03-26,5,5,UNVERIFIED_WARMUP,UNRESOLVED_RSI_WARMUP
9733dd6fc9ed8aa14cc1dd742f20a2066a7639cc61e31744f93a0585ec967558,600165.SH,2024-03-27,5,5,UNVERIFIED_WARMUP,UNRESOLVED_RSI_WARMUP
7b6dd946fd4a76fcd290e0961a5b54ae481882fbf9d17fcaa8e66dea8a395c4d,600165.SH,2024-03-28,5,5,UNVERIFIED_WARMUP,UNRESOLVED_RSI_WARMUP
f38d7ac5a4d8c091a4be07c649e5847f4093ba8af5b4afea70d59756f70aca84,600165.SH,2024-03-29,4,4,UNVERIFIED_WARMUP,UNRESOLVED_RSI_WARMUP
5fca5005db187d05b6b2888f7f6aa3e7b578175658f8c0b74c992a53555492e7,600165.SH,2024-07-15,0,0,READY_PROVISIONAL,REJECTED_STRICT_PREDICATE
5c1a8b5b3190dc1d2611f7e03ee9f682fc72b24283ac4c597e29fff1dc8207aa,600167.SH,2025-09-24,3,3,READY_PROVISIONAL,REJECTED_STRICT_PREDICATE
7d10eeca93dec1e8fc7cfe5f077cf2b10f70e2fcafdda04d2f5fba69c8f7303f,600167.SH,2025-09-25,4,4,READY_PROVISIONAL,UNRESOLVED_REGIME_OR_EXCEPTION
6b56987ba8b21715b574c0f96b61f92aaef8855f189e15c2a28e2328e5e5641a,600167.SH,2025-09-26,4,4,READY_PROVISIONAL,UNRESOLVED_REGIME_OR_EXCEPTION
76b05e729dcfe8053ad5ffbb2df475f3b45de906ba1a08706c9651d003f93a67,600167.SH,2025-09-29,3,3,READY_PROVISIONAL,REJECTED_STRICT_PREDICATE
794bf4d406121fbf25141a10c44e9f33ab5d0beae82e1b9ba1a368dcc265d15e,600170.SH,2025-09-17,4,4,READY_PROVISIONAL,UNRESOLVED_REGIME_OR_EXCEPTION
aeda360358aca366bf5fd973ab861dde64d493e057ee22fd6653ff880f60b0ea,600170.SH,2025-09-18,5,5,READY_PROVISIONAL,UNRESOLVED_REGIME_OR_EXCEPTION
16c55b8cd1b1a704f115a08c75ed6745888fb656349db18c7367a58b19367a79,600170.SH,2025-09-19,4,4,READY_PROVISIONAL,UNRESOLVED_REGIME_OR_EXCEPTION
95a2926745c32a8747422e6f444c6cc2d877dd2e09f5523a8606a8e5b70f3f32,600171.SH,2024-10-09,2,2,READY_PROVISIONAL,REJECTED_STRICT_PREDICATE
1605d40e3f9bf3a7aa054f068a87fc11d575ea12b8b7f3d415d577c92e957af5,600171.SH,2024-10-24,4,4,READY_PROVISIONAL,UNRESOLVED_REGIME_OR_EXCEPTION
45c8cc38801b9ac3957ad575f423e9955373235f2dce4ecf2a785ed87a04c510,600171.SH,2024-10-25,3,3,READY_PROVISIONAL,REJECTED_STRICT_PREDICATE
e0447fcf204dfa67c04666e33098fc00843f3611d68395cd9ab223bf9a78573b,600171.SH,2024-10-28,3,3,READY_PROVISIONAL,REJECTED_STRICT_PREDICATE
f7b0145fa89ab8c282a14dd93306752aa431352d689ed84bd793a37cc950d2ae,600171.SH,2024-10-30,2,2,READY_PROVISIONAL,REJECTED_STRICT_PREDICATE
2552af9757659b027b065ad44a88fa2de9a6fcf578669e325a6587bbfdee2c99,600171.SH,2024-10-31,1,1,READY_PROVISIONAL,REJECTED_STRICT_PREDICATE
e2ce9d1bad62db4d02d982a122da8b87e5e09784f21d63239b7428c78af10cf5,600172.SH,2024-10-30,3,3,READY_PROVISIONAL,REJECTED_STRICT_PREDICATE
2aea7caeae38ea26d8a32d057f9e4e5408b2e15fb3ff17048748a070f0a31d82,600172.SH,2024-10-31,4,4,READY_PROVISIONAL,UNRESOLVED_REGIME_OR_EXCEPTION
f6cda6c34a6accf34bcfd8dc3df704bebff6253e490a3282b7ade38774d330c1,600172.SH,2024-11-01,3,3,READY_PROVISIONAL,REJECTED_STRICT_PREDICATE
8a005d6f5e9405f71991111d812e64140525797594ba21822c21075453369344,600172.SH,2024-12-05,3,3,READY_PROVISIONAL,REJECTED_STRICT_PREDICATE
966dc26359f7210985dfb2fd80b2714eef26eed509f4e161a380650db2cbc034,600172.SH,2024-12-06,4,4,READY_PROVISIONAL,UNRESOLVED_REGIME_OR_EXCEPTION
9ff48c8e0f8ca9bfd093b377d145f17afc7c1d6c7dbab2cf07e2dc6beaeb4085,600172.SH,2024-12-09,5,5,READY_PROVISIONAL,UNRESOLVED_REGIME_OR_EXCEPTION
c777bbc904ef77f3ae45c7cd36f9c381b305b0c2f763460690aea03fd6b5c5b6,600172.SH,2024-12-10,4,4,READY_PROVISIONAL,UNRESOLVED_REGIME_OR_EXCEPTION
5dd74c147c0fb8bd936ef768339fc51e1af4fb6b1da90fbcea7bf32637f96f23,600172.SH,2026-05-28,4,4,READY_PROVISIONAL,UNRESOLVED_REGIME_OR_EXCEPTION
2a4739b4090f8603710ff3495e9ff38e2ebc6f5af66de23de0b12e772ee30095,600172.SH,2026-06-25,2,2,READY_PROVISIONAL,REJECTED_STRICT_PREDICATE
9a5071225c5059d76dcf0361cc09bb8e1cdac86e6f617fbc3431059ae49871c7,600173.SH,2025-09-10,3,3,READY_PROVISIONAL,REJECTED_STRICT_PREDICATE
ae6660bbf904c41714cb05c97cfeb0f0df496d2de53e39bb1b21fbfe002049bb,600173.SH,2025-09-11,3,3,READY_PROVISIONAL,REJECTED_STRICT_PREDICATE
af8e89d5b7df0d7e2c72ba346b95217ebf43290ec47a8c2832256d8aac74a104,600173.SH,2025-09-15,3,3,READY_PROVISIONAL,REJECTED_STRICT_PREDICATE
f12ba85e62a63c67b7f89e375c5f61f18187d161cfd407022723affd6ed70a04,600173.SH,2025-09-16,2,2,READY_PROVISIONAL,REJECTED_STRICT_PREDICATE
3bdb90144883f8dec335e0693a1bfd7de7c40f9385b63ab0c3fa92985a2fdfa0,600176.SH,2026-06-22,2,2,READY_PROVISIONAL,REJECTED_STRICT_PREDICATE
cfa811756f13ec9fa4ed22205862fcaf8e280fcfec6cf64014a0c3ab1ae8c89a,600178.SH,2024-10-31,4,4,READY_PROVISIONAL,UNRESOLVED_REGIME_OR_EXCEPTION
9ea03c8af40524972ec8553c57b350e20295c526864578e91a92b24d3dc9cba7,600178.SH,2024-11-01,4,4,READY_PROVISIONAL,UNRESOLVED_REGIME_OR_EXCEPTION
0c232fa89d24d60eb88ca12bb7db4a9e9a282cb5ee4d6f05005ba6c89ff87891,600179.SH,2025-12-25,4,4,READY_PROVISIONAL,UNRESOLVED_REGIME_OR_EXCEPTION
ed0f708a44047da82290b57b978bab9db61130322a95a3feecb0bdd2905f8464,600179.SH,2025-12-26,5,5,READY_PROVISIONAL,UNRESOLVED_REGIME_OR_EXCEPTION
cf53b09fb0d8713e4e69a1c2f2ceb1f97093db6cf4412687886241b80e372313,600186.SH,2025-02-11,3,3,READY_PROVISIONAL,REJECTED_STRICT_PREDICATE
6a00b08b248369dfa222a9332e8e27cc92e3ba3a02f6e4dc4bb348187429df71,600186.SH,2025-02-12,3,3,READY_PROVISIONAL,REJECTED_STRICT_PREDICATE
75c1483d4867489cf4c49437f9af3d37f6fefb0f7ac8992d074833645162453e,600187.SH,2024-07-25,4,4,READY_PROVISIONAL,UNRESOLVED_REGIME_OR_EXCEPTION
c958b7dbb8aa1be982578edcedf775b51ed63bc68ea866762244c9f07344d73f,600187.SH,2024-07-26,5,5,READY_PROVISIONAL,UNRESOLVED_REGIME_OR_EXCEPTION
fea1fe13272115d47d203588729798721b33cfcfaa10880291d81870d84d5b69,600187.SH,2024-07-29,5,5,READY_PROVISIONAL,UNRESOLVED_REGIME_OR_EXCEPTION
46e8ba4dc0064823f19129ff04ed70a64d4a8a63c328744929bd1a05804ed42e,600187.SH,2024-07-30,5,5,READY_PROVISIONAL,UNRESOLVED_REGIME_OR_EXCEPTION
73e7e603e3f10ba4f77e4bd8a6e10d0679bcd1a71131eac94e5c647d10f98b0c,600187.SH,2024-07-31,4,4,READY_PROVISIONAL,UNRESOLVED_REGIME_OR_EXCEPTION
a53a9d2e257b7c8a56a4e105c7f449a225dfec9eebf775e4d6da3face05fded0,600192.SH,2024-08-13,3,3,READY_PROVISIONAL,REJECTED_STRICT_PREDICATE
4db3e47318576b2f33eec9f1cdd019c45833553492015f0fdec1f254ea96b3f9,600192.SH,2025-05-30,3,3,READY_PROVISIONAL,REJECTED_STRICT_PREDICATE
b8c93ed253fc4c3977f078e6a03c1224cec53ffae56c91e4303b0bc88b259cde,600198.SH,2024-09-20,4,4,READY_PROVISIONAL,UNRESOLVED_REGIME_OR_EXCEPTION
cbe4c909ce8b2b95ac017c715ed39355cb21ad8805487c4858797a568960dbab,600198.SH,2024-09-23,5,5,READY_PROVISIONAL,UNRESOLVED_REGIME_OR_EXCEPTION
5cd984d859f84e7287d062c1481d1544bff59d8520ff8e1e0ed562d69921ee25,600198.SH,2024-09-24,5,5,READY_PROVISIONAL,UNRESOLVED_REGIME_OR_EXCEPTION
3227f1192eeb1c101986ab086816c941aacb357b55156bd9685ed3f96895f4a9,600198.SH,2024-09-25,4,4,READY_PROVISIONAL,UNRESOLVED_REGIME_OR_EXCEPTION
b6322f9bace8822b17f4a5a0ec813fb62013f69a33d2b79928734e5c2e3e31de,600198.SH,2024-10-25,3,3,READY_PROVISIONAL,REJECTED_STRICT_PREDICATE
595485f96c4bef56326a8bd9cbf45226cefeab9793cb066119f053389201fa3f,600198.SH,2024-10-28,4,4,READY_PROVISIONAL,UNRESOLVED_REGIME_OR_EXCEPTION
4166d90f0fdf2a321b5b41f017032551dcb4307634296b24f03684a35f59af5c,600198.SH,2024-10-29,4,4,READY_PROVISIONAL,UNRESOLVED_REGIME_OR_EXCEPTION
46339d3262f20a695e6cbbdf9cebb2346de75d307c66f28c19f22fd6a6206395,600198.SH,2024-10-30,3,3,READY_PROVISIONAL,REJECTED_STRICT_PREDICATE
c9ea5598586cdf4d753afbe0bb93e0329825ec082d3e36d5f8c43b41a915db14,600198.SH,2024-10-31,2,2,READY_PROVISIONAL,REJECTED_STRICT_PREDICATE
21b8c2f7c9ce8f0fde0b8a3c75935015cb9b2425cff292586774d2406077bcba,600198.SH,2024-11-01,1,1,READY_PROVISIONAL,REJECTED_STRICT_PREDICATE
bc1cbd8e97da60dde41ca4ba2cf017befc505a09c4bd66e60f829f8b1c2220ff,600203.SH,2024-10-17,3,3,READY_PROVISIONAL,REJECTED_STRICT_PREDICATE
23d190ff2917f303524160ae9c3ffa909dc4af7d066ae399d63e778a11c52fb3,600203.SH,2024-10-18,3,3,READY_PROVISIONAL,REJECTED_STRICT_PREDICATE
2382f4a8513e563b0a662cbe3139086d66e531dd66d5cc87622aa0cf33be4493,600203.SH,2024-10-30,3,3,READY_PROVISIONAL,REJECTED_STRICT_PREDICATE
c3292ac082d24f3904dce59f843013ddf99fafd2f355881559d65e1c60117e1f,600203.SH,2024-10-31,4,4,READY_PROVISIONAL,UNRESOLVED_REGIME_OR_EXCEPTION
3d3008375caacf2366c75a33593a17df7b2717a4501b47025ad1eccbedc4cfe7,600203.SH,2024-11-04,4,4,READY_PROVISIONAL,UNRESOLVED_REGIME_OR_EXCEPTION
8fce56dd8ba50bc70eeaba2d31540caaa82a28217ae074477bce3e938e90b304,600203.SH,2025-08-06,3,4,READY_PROVISIONAL,UNRESOLVED_REGIME_OR_EXCEPTION
e44ffc15aca323205aea9ef399abb310e3dc163860768cd702a5385a63678e59,600203.SH,2025-08-07,4,4,READY_PROVISIONAL,UNRESOLVED_REGIME_OR_EXCEPTION
dd299cfb155be312f6deb90876d341cbb41378a6998e1140a39acd02bdb6a9c0,600203.SH,2025-08-08,4,4,READY_PROVISIONAL,UNRESOLVED_REGIME_OR_EXCEPTION
9be22cbc1bb20f8546788df8c2f7a7f1464c3072585ed3dbeb62bb9b8c645ad7,600206.SH,2024-11-12,4,4,READY_PROVISIONAL,UNRESOLVED_REGIME_OR_EXCEPTION
85a965d217c6735c34247f4423c3345a88412a2109620f6bfc6b1f2750d33df1,600206.SH,2024-11-13,5,5,READY_PROVISIONAL,UNRESOLVED_REGIME_OR_EXCEPTION
eba98690c9e15926b6b8609638e60981dfb0106f4c16cd24b33385711ee2170b,600206.SH,2024-11-14,4,4,READY_PROVISIONAL,UNRESOLVED_REGIME_OR_EXCEPTION
68cd99604f933804b036eec98319dbf61cdc606f7c44b24227415c825847f220,600206.SH,2024-11-15,4,4,READY_PROVISIONAL,UNRESOLVED_REGIME_OR_EXCEPTION
8920edd35a2246f4c80f3ad0494473ea09c269ab27f2f0ea7e249cdc50d13275,600206.SH,2026-06-16,2,2,READY_PROVISIONAL,REJECTED_STRICT_PREDICATE
415f995da67ece72210e117d86a74343ce42ad677342daa9735d42672fbe4443,600206.SH,2026-06-22,2,2,READY_PROVISIONAL,REJECTED_STRICT_PREDICATE
2b8595eadeaccc546b33485fa36b467158be26c4d5b9a7218b03993b9bd84593,600206.SH,2026-06-25,1,1,READY_PROVISIONAL,REJECTED_STRICT_PREDICATE
3af0e6c0a0224e8d51d67f84de21c0c47e5b958c79a9937f40de820aefc583b1,600206.SH,2026-06-26,1,1,READY_PROVISIONAL,REJECTED_STRICT_PREDICATE
b97bcc970d7713d4a45257587253d9507de7e13da140ab633b534d43be7f91d7,600206.SH,2026-06-29,0,0,READY_PROVISIONAL,REJECTED_STRICT_PREDICATE
18804f08862996cccc64b0dd241de350d1b5e3f288f71de86ff3a83259e0fb2e,600206.SH,2026-06-30,0,0,READY_PROVISIONAL,REJECTED_STRICT_PREDICATE
bf53284c7fd4cc9ef5c976144e2704a02972cbd4b89d7318aee2c0a8f7615d58,600207.SH,2024-03-08,4,4,UNVERIFIED_WARMUP,UNRESOLVED_RSI_WARMUP
ece657614f9fafd3828e2d9d5b2b187f1e107112a832b248e4adf61413e4397d,600207.SH,2024-03-11,5,5,UNVERIFIED_WARMUP,UNRESOLVED_RSI_WARMUP
2467feee7b5b5cd595923525547a33942a7c695938850e28bc746c6ecad8394a,600207.SH,2024-03-12,4,4,UNVERIFIED_WARMUP,UNRESOLVED_RSI_WARMUP
676ee6a8abf3c25b5ce03c94eda4658e01e819b35b7083823d1bafb01c6f4735,600208.SH,2024-10-08,4,4,READY_PROVISIONAL,UNRESOLVED_REGIME_OR_EXCEPTION
e87e6dfd12c4a52d4e6b7a62971c272ed5dacc8368f35517d41aa4486469f27e,600208.SH,2024-10-09,4,4,READY_PROVISIONAL,UNRESOLVED_REGIME_OR_EXCEPTION
0ee403549c776114fad6ab44d1f283fdbda34350f6f105e84b7ff2220ed74e2c,600208.SH,2025-08-15,3,3,READY_PROVISIONAL,REJECTED_STRICT_PREDICATE
fee9d4a479e0af2f5af8878baa0a8a2abaa135de823df49919ba2654c6583c46,600210.SH,2024-11-11,4,4,READY_PROVISIONAL,UNRESOLVED_REGIME_OR_EXCEPTION
aa8eade3ab9d6067325b149bdddd2e3b575cfb8c2db1188a7c861166708427e1,600210.SH,2024-11-12,4,4,READY_PROVISIONAL,UNRESOLVED_REGIME_OR_EXCEPTION
91414e80645da9bb6cd4fc84d5c91a00d96dc1bba9caf7f7d1d1312504edc80b,600212.SH,2024-10-25,3,3,READY_PROVISIONAL,REJECTED_STRICT_PREDICATE
70850d510eece5629f64d0249257feffab3259e5fb3752ef8aaea82f506d0b0a,600217.SH,2024-10-22,3,4,READY_PROVISIONAL,UNRESOLVED_REGIME_OR_EXCEPTION
0a6de03c30b01760ceea9948a7b255d5d000ede49ed3dd3c9260a7dd05c7cf7c,600217.SH,2024-10-23,3,4,READY_PROVISIONAL,UNRESOLVED_REGIME_OR_EXCEPTION
3d9422ba6b6710343af85435f261bd844270df3f01aaccf0d696bd2bcef7a1d3,600221.SH,2024-11-05,4,4,READY_PROVISIONAL,UNRESOLVED_REGIME_OR_EXCEPTION
a5b2879dd336bcfb42311713b50d6307ea66f62f0d4cd3ee5af2e3756474b99c,600221.SH,2024-11-06,5,5,READY_PROVISIONAL,UNRESOLVED_REGIME_OR_EXCEPTION
fb1e27f52bb22f79d837e8af46288a10805a4945b488a70d115d4acf384d1d68,600221.SH,2024-11-07,5,5,READY_PROVISIONAL,UNRESOLVED_REGIME_OR_EXCEPTION
a25b8cb3854509f1a882a7c6c5b0d0e7da6e017d4e4141abf53e2312b523941d,600221.SH,2024-11-08,4,4,READY_PROVISIONAL,UNRESOLVED_REGIME_OR_EXCEPTION
1a8fda591694e66b6a790575992ee157beb0f3396c49d7716f30e894b6d2cf81,600226.SH,2026-06-22,2,2,READY_PROVISIONAL,REJECTED_STRICT_PREDICATE
3255744d4103b8155bf3943f584055c27b25a022cf42213e2ca1693bb53be26c,600227.SH,2026-03-11,2,2,READY_PROVISIONAL,REJECTED_STRICT_PREDICATE
475a5fbe1aa43ea637f4976dbff8a9f924078156a7f8b759a5fd9250aff1a8dc,600227.SH,2026-03-12,2,2,READY_PROVISIONAL,REJECTED_STRICT_PREDICATE
1df603d78428c1bb3ccad0fa6aadbf4f9715a9e509a6272a6562169715179d42,600227.SH,2026-03-13,2,2,READY_PROVISIONAL,REJECTED_STRICT_PREDICATE
5974e0ceee0d6f3be80ad5ab6bf3db12ff7f6b111caca92a37d3e6445565f182,600227.SH,2026-03-16,2,2,READY_PROVISIONAL,REJECTED_STRICT_PREDICATE
eff22ade46de3b97aaa205a165b49bd536f19252d250d6a37ee30498d375a4c1,600227.SH,2026-03-17,3,3,READY_PROVISIONAL,REJECTED_STRICT_PREDICATE
5e1ba5f408d86c8222cc7654b4f58c58bf0e436694af326e118c7379801f24ff,600228.SH,2026-06-16,1,1,READY_PROVISIONAL,REJECTED_STRICT_PREDICATE
a39e9d19b8906146cf13926cf6970f03fd8740db49472303cf7a9993dc1ace1f,600228.SH,2026-06-25,2,2,READY_PROVISIONAL,REJECTED_STRICT_PREDICATE
566cbbb0c69f22064db36195a1ccbde50160bf67b1a60526eaa060ace62bac85,600228.SH,2026-06-26,3,3,READY_PROVISIONAL,REJECTED_STRICT_PREDICATE
56296866b310b55eac3a781f183f76e14bb49d8051b34212dfaf136c888be23b,600228.SH,2026-06-29,3,3,READY_PROVISIONAL,REJECTED_STRICT_PREDICATE
3fdbc6fa4d5ec2db94be5a185eafd802deb146ab34c6b08e6dbce5aa3ba3dfcf,600230.SH,2025-07-21,1,2,READY_PROVISIONAL,REJECTED_STRICT_PREDICATE
0c82eba91749c3a0d980ce299105a55887b19ecbe1710bfe6189779bd06150d5,600230.SH,2025-07-22,2,3,READY_PROVISIONAL,REJECTED_STRICT_PREDICATE
38557043ce8ca284985855de7af079d4e8b160930d2436930e1e89b2b1cec94a,600230.SH,2025-07-23,2,3,READY_PROVISIONAL,REJECTED_STRICT_PREDICATE
be47e35b41b8b6f2a7c2071acd24d848d013882a09296e1cd51d77bdd99fea86,600230.SH,2026-03-02,2,2,READY_PROVISIONAL,REJECTED_STRICT_PREDICATE
cb286f7069be714f1d06e7d8f311ae4ca00514b46b2e8895b4baf24f40a43edf,600232.SH,2025-06-11,4,4,READY_PROVISIONAL,UNRESOLVED_REGIME_OR_EXCEPTION
90e036e37ddde12b1cf45461a60093969e7238a6cfded5e7cdb94d649853c765,600232.SH,2025-06-12,4,4,READY_PROVISIONAL,UNRESOLVED_REGIME_OR_EXCEPTION
49326128481baf4097d46862130b478e44a7a51b2e24341c7fe2f8e9cfc8937b,600232.SH,2025-06-13,3,3,READY_PROVISIONAL,REJECTED_STRICT_PREDICATE
aebd62cadad1a2c18ee86f991048e8189686aa0ca9a4d0c91d26887a36a0a9e8,600234.SH,2024-02-23,2,2,UNVERIFIED_WARMUP,REJECTED_STRICT_PREDICATE
175e9b79d58717171c12179abcf13f8eb5bc811fb498a7ae9130e6e3d014e8c9,600239.SH,2024-09-30,3,3,READY_PROVISIONAL,REJECTED_STRICT_PREDICATE
9e7575d7205bf2cc67d1d231230d03b76c96dd23d4566d7f060eb6ff8f6250f9,600239.SH,2024-10-08,3,3,READY_PROVISIONAL,REJECTED_STRICT_PREDICATE
af5a7a9e50a94e29b68541a67417d3f8131f0bc614808e1b5ab6832c714d5272,600243.SH,2024-03-26,4,4,UNVERIFIED_WARMUP,UNRESOLVED_RSI_WARMUP
e6c326017c54c8249d28b3166a7e7133f0ad41f1d07f097920ed6e1b7fd4e31e,600243.SH,2024-03-27,4,4,UNVERIFIED_WARMUP,UNRESOLVED_RSI_WARMUP
82adc93ca9385934bf947f5500df2d243ec6f1f6acaaa5e60ca18982ab874ae5,600246.SH,2024-02-29,0,0,UNVERIFIED_WARMUP,REJECTED_STRICT_PREDICATE
103811174101a3be63e9143ea79792ac105737e1ecaae2b78edf1914704ee227,600246.SH,2024-10-29,3,3,READY_PROVISIONAL,REJECTED_STRICT_PREDICATE
2a3eb4e33d012da732e002b2d8cf50c97e1f17c34d5aa30b2ac0788386eb77c8,600246.SH,2024-10-30,4,4,READY_PROVISIONAL,UNRESOLVED_REGIME_OR_EXCEPTION
375325077e2cda5ef9c1e9c878b0c9bb6001a0346b45ea5293e6f11c880e0a4c,600246.SH,2024-10-31,4,4,READY_PROVISIONAL,UNRESOLVED_REGIME_OR_EXCEPTION
58f542fbb67ed558a7db4b34aaa8630a36b27b541a816840b1712b5fa9895ae0,600246.SH,2024-11-01,3,3,READY_PROVISIONAL,REJECTED_STRICT_PREDICATE
15100c0b3c1dc0ed585a7ce82de0b6541449e7de409fcedbcc69ccacb24fbda5,600246.SH,2024-11-04,2,2,READY_PROVISIONAL,REJECTED_STRICT_PREDICATE
de0ede8449545e6de50eaf6c9811f615b3ecda8828881fb40d759395bdfd09b3,600246.SH,2025-08-13,4,4,READY_PROVISIONAL,UNRESOLVED_REGIME_OR_EXCEPTION
f7e5a02b431614b28d80ad77aa01c27ebae5824ec930e01d4ba81e53a4f214fc,600246.SH,2025-08-14,4,4,READY_PROVISIONAL,UNRESOLVED_REGIME_OR_EXCEPTION
2052248bb40542e21ec4b13cb4ee8052489fed2cb1f36e44ce915157ff42cd18,600246.SH,2025-08-15,3,3,READY_PROVISIONAL,REJECTED_STRICT_PREDICATE
74c75a44f1834ad41dc2a073bab1fba51d3ceff9695ad47034b1a52e16749230,600246.SH,2025-08-25,3,3,READY_PROVISIONAL,REJECTED_STRICT_PREDICATE
f8bce4754c0bb75da9520728a5af95a3bae67987198bec01fbefc068da9c5ddc,600246.SH,2025-08-26,3,3,READY_PROVISIONAL,REJECTED_STRICT_PREDICATE
1005ce185126f7936abf91b3cdc6932c449afc52ba05dee34c03f04564c98e39,600246.SH,2025-08-28,3,3,READY_PROVISIONAL,REJECTED_STRICT_PREDICATE
cd36096b63ce44d9b92b475cd487acb63af0ef19a023e007fe63d56ea132d4c6,600246.SH,2025-09-03,2,2,READY_PROVISIONAL,REJECTED_STRICT_PREDICATE
9f7b9b5cf480f47ae6411e64f570b11db0e1600c3952757858751a8dcca91cfa,600249.SH,2025-04-16,4,4,READY_PROVISIONAL,UNRESOLVED_REGIME_OR_EXCEPTION
da338dca7c1e0c3ee7b5c930f758c5fd1a310ee3b740a9bb9b8c9ce35d341781,600249.SH,2025-04-17,4,4,READY_PROVISIONAL,UNRESOLVED_REGIME_OR_EXCEPTION
54ff3f3970c9d46c55b7e71c8cbc99b2c6dbedb9d37123f0afb8f4dfff67c204,600255.SH,2024-12-19,4,4,READY_PROVISIONAL,UNRESOLVED_REGIME_OR_EXCEPTION
ed2396ca439e31d0dee35945b15d13323d4ed938f7db4889b99de22a5c564b0d,600255.SH,2024-12-20,4,4,READY_PROVISIONAL,UNRESOLVED_REGIME_OR_EXCEPTION
1527bd9dccc30f22a4490b43e51b66f751531d1932b3e9f9c0ec147f33858d38,600266.SH,2024-05-23,1,1,UNVERIFIED_WARMUP,REJECTED_STRICT_PREDICATE
b7a19ada74975329f19988230d69d9658cdc7ca10827b49c81cea393ffd8e96e,600266.SH,2026-01-07,4,4,READY_PROVISIONAL,UNRESOLVED_REGIME_OR_EXCEPTION
9d1b1af2a3efe0f01839d07636d3f56c08cec178f5573e7526dfc178cc049244,600266.SH,2026-01-08,4,4,READY_PROVISIONAL,UNRESOLVED_REGIME_OR_EXCEPTION
4e75f583a7a42bf7f553271bcf37a11721cab13f9655dccdd695520d8d5d6adb,600272.SH,2024-01-26,4,4,UNVERIFIED_WARMUP,UNRESOLVED_RSI_WARMUP
764093834f80777eaa11301e67eb2b89d65938f833aac25862cd06f6bd8710f8,600272.SH,2024-01-29,4,4,UNVERIFIED_WARMUP,UNRESOLVED_RSI_WARMUP
3f10d781ea50e96df5aa562c61c1cad6c3e4b9c6014462dc1996329d98728b3a,600272.SH,2024-12-16,4,4,READY_PROVISIONAL,UNRESOLVED_REGIME_OR_EXCEPTION
9a4935cdbd8444d4f374bada1bb8b3e32110428c5c9dc5fceeb2b73777795f0c,600272.SH,2024-12-17,4,4,READY_PROVISIONAL,UNRESOLVED_REGIME_OR_EXCEPTION
b6b4923ea5a50004f58366ffa6bdd1aa895555df699bb1d21a0e1555a6b5aaa7,600272.SH,2024-12-18,3,3,READY_PROVISIONAL,REJECTED_STRICT_PREDICATE
f49c11c885565fd2f513bf404422e11a71acbe26f794a7b2b83f814c4d1a2c27,600272.SH,2026-08-11,4,4,READY_PROVISIONAL,UNRESOLVED_REGIME_OR_EXCEPTION
93157e95fb5e7c9da4d6005974572b9cde689057fa215210d27c78c8a0097651,600272.SH,2026-08-12,5,5,READY_PROVISIONAL,UNRESOLVED_REGIME_OR_EXCEPTION
1fe65cd612e3cab058ee02452cee516308c92adf7ba75357b0ab17f20618561e,600272.SH,2026-08-13,4,4,READY_PROVISIONAL,UNRESOLVED_REGIME_OR_EXCEPTION
25de762b20611b3dfa1e0ea1c7e72f89c29c072ec521f6f3d4533e500f69f45e,600272.SH,2026-08-14,4,4,READY_PROVISIONAL,UNRESOLVED_REGIME_OR_EXCEPTION
b53b19ba21a5c0acde9a40a4ee8e818138cd1f749c2d5365f9eedebcb5eb159e,600272.SH,2026-08-17,3,3,READY_PROVISIONAL,REJECTED_STRICT_PREDICATE
43acb6e3f496b87a74541d3552fdec784cc75a730295a709c93ff32bc5aa5a4b,600272.SH,2026-08-18,3,3,READY_PROVISIONAL,REJECTED_STRICT_PREDICATE
f044eea582b98f31edce775ac7ffbd4ba7f488db0538cac15c4b628d26328836,600280.SH,2024-08-07,4,4,READY_PROVISIONAL,UNRESOLVED_REGIME_OR_EXCEPTION
66efdf4f7fc1e2c14497485bf88975f69fcdb246b9988afdb7f0fb2a878ba9dd,600280.SH,2024-08-08,5,5,READY_PROVISIONAL,UNRESOLVED_REGIME_OR_EXCEPTION
4157e35d24f07432e0212354a88d34f923c91baeb8ba6bdd3707cbd0f24ca6c0,600280.SH,2024-08-09,4,4,READY_PROVISIONAL,UNRESOLVED_REGIME_OR_EXCEPTION
9a9d87ac05f8e6ea2264ede31bedbde01ca356471cfebc492ae8ec423696efda,600281.SH,2025-05-06,3,3,READY_PROVISIONAL,REJECTED_STRICT_PREDICATE
e30ec1d850960a3e8804766b9006bc92369dcd8660aab843f68fe6f34360eb5c,600281.SH,2025-05-07,3,3,READY_PROVISIONAL,REJECTED_STRICT_PREDICATE
1dd91f3766640a62fff496beb5f30f84d052de3e349764828bc5bd4f903fb22c,600281.SH,2025-05-08,2,2,READY_PROVISIONAL,REJECTED_STRICT_PREDICATE
2763166692cf60c3a2cc6c1de220c760fe90bc7b0097de5aa0af5e225e33a3f7,600281.SH,2025-05-20,2,2,READY_PROVISIONAL,REJECTED_STRICT_PREDICATE
3b2c1e983cb63a63d9c9b75443d3fb6c0b7d21fbd3f9077612eb95000b5602db,600281.SH,2025-06-13,3,3,READY_PROVISIONAL,REJECTED_STRICT_PREDICATE
c5b23b7e2994085f264506c9f8b89da90901b1b0eb3e718a60e45519325bf073,600281.SH,2025-06-16,3,3,READY_PROVISIONAL,REJECTED_STRICT_PREDICATE
1739aad7c58ff9a11498cc5184faf5c3248286b2cd03a6a2df93a160f9a16acd,600281.SH,2025-06-17,4,4,READY_PROVISIONAL,UNRESOLVED_REGIME_OR_EXCEPTION
6e3c6733c00f43a93f83311cadafbe42885d4d09da189992b6c9abc92256ac29,600284.SH,2025-08-27,1,1,READY_PROVISIONAL,REJECTED_STRICT_PREDICATE
63775616bcf515df0979be2b19fe9192581f4c86e6080add3091d580bde6bd1a,600288.SH,2024-11-22,4,4,READY_PROVISIONAL,UNRESOLVED_REGIME_OR_EXCEPTION
c6c839c2f3f550a8a4332c6161692cd60717ec7433b9ea1a6f105f89923d51e0,600289.SH,2024-05-07,0,0,UNVERIFIED_WARMUP,REJECTED_STRICT_PREDICATE
b1d8f0f6479ee9ae874fb014e13d7aa93a06b0a76d43ae031119df4bc9eb0150,600289.SH,2025-02-05,0,0,READY_PROVISIONAL,REJECTED_STRICT_PREDICATE
23f0a58c74789db9cb844e2f5e34b438b39a8f664f75b8a470b23bcd0159b9ba,600289.SH,2025-02-24,0,0,READY_PROVISIONAL,REJECTED_STRICT_PREDICATE
d834fb0e3e9468656b8056c037a77ac67dbeed8342f2e9bf7d96cae2e5e62ebb,600289.SH,2025-02-25,0,0,READY_PROVISIONAL,REJECTED_STRICT_PREDICATE
d8630512d02da6cc68d32b16ad79cfa473b7746fa2917544614fd8b65b33aa0f,600289.SH,2025-03-19,0,0,READY_PROVISIONAL,REJECTED_STRICT_PREDICATE
49ffd17cb7fc205fa508ef4e6af9de0034280af2571e8cef965c5e632cbed385,600289.SH,2025-03-20,0,0,READY_PROVISIONAL,REJECTED_STRICT_PREDICATE
aa7f459d20761bbfb5f8c0a3e1c28624a2baca82c88c5ed3e8cb4a188abc4d53,600289.SH,2025-03-21,0,0,READY_PROVISIONAL,REJECTED_STRICT_PREDICATE
0aea318ad9fe514c25f8e7383d429fe1a19a73fe5b506349f22046a39973f1e3,600289.SH,2025-03-24,0,0,READY_PROVISIONAL,REJECTED_STRICT_PREDICATE
ce1609f83900f804d8fdd94e6d3b435fc4f2e16f30a50c91e4b232620797e148,600292.SH,2024-10-24,4,4,READY_PROVISIONAL,UNRESOLVED_REGIME_OR_EXCEPTION
7b879bf12cee49d6fc4f668f7ed628e9549c9e1591e3ffafa0f02f499bfff791,600292.SH,2024-10-25,5,5,READY_PROVISIONAL,UNRESOLVED_REGIME_OR_EXCEPTION
23027a48e9bb9c3dd1013a7fe32e40bbdff463988a5de01769812eb97cb005cb,600292.SH,2024-10-28,5,5,READY_PROVISIONAL,UNRESOLVED_REGIME_OR_EXCEPTION
40cd6a43eea511a701007d86f5cdf5ebda0c59f4f5a0930463c4fccfd37d336c,600292.SH,2024-10-29,5,5,READY_PROVISIONAL,UNRESOLVED_REGIME_OR_EXCEPTION
ed515391f7499df4f595e8095a9eabb95f6c63e11b3e3edcadfbb05a5ea9f25c,600292.SH,2024-10-30,5,5,READY_PROVISIONAL,UNRESOLVED_REGIME_OR_EXCEPTION
b344c7956ba34e11727a9bf2f5e3c1b864cc85ac7b0cf7b1e2af41771e6d8fed,600292.SH,2024-10-31,5,5,READY_PROVISIONAL,UNRESOLVED_REGIME_OR_EXCEPTION
55bf25947c3bb9b20d1309edac2f7e55dc946d02b26d43d961762f1a2f3dc929,600292.SH,2024-11-01,4,4,READY_PROVISIONAL,UNRESOLVED_REGIME_OR_EXCEPTION
e61ca12316f1cfc42e8dac43e98d070753c8655708b4f7b435e4664ddd12caf2,600292.SH,2024-11-04,3,3,READY_PROVISIONAL,REJECTED_STRICT_PREDICATE
81b7be5d3e1cf175ffaa9d7845c640c5eefb1056322815987b19b2d9c813a454,600292.SH,2024-11-12,3,3,READY_PROVISIONAL,REJECTED_STRICT_PREDICATE
584ddc7f43ff2c222900bb968817683216e75ad41d6932256f99082eb225a105,600292.SH,2024-11-13,3,3,READY_PROVISIONAL,REJECTED_STRICT_PREDICATE
207064127d213096693415461ea1cd825e08fad5aaa0f892835a9461bde81ff5,600292.SH,2024-12-03,3,3,READY_PROVISIONAL,REJECTED_STRICT_PREDICATE
64b3a1dfab2fa298ca466cebcda8911eecf2a7ed02c82a4f25dd81a6fe329065,600302.SH,2025-11-03,1,1,READY_PROVISIONAL,REJECTED_STRICT_PREDICATE
0684854c492a9510c54466fefade5a54f891a93351e92d4924e8dd104c5232a1,600302.SH,2025-11-04,1,1,READY_PROVISIONAL,REJECTED_STRICT_PREDICATE
8cf31a47d34d228df9cb970daa3f4b9ea85fbbf02e937952acb783ba8d588aa6,600302.SH,2025-11-05,2,2,READY_PROVISIONAL,REJECTED_STRICT_PREDICATE
39bfb0ea1c4b1ec44bbc6c6ae81a32a0bf44fbd327914f19e4cced0b8d1d2ae5,600307.SH,2024-10-31,3,3,READY_PROVISIONAL,REJECTED_STRICT_PREDICATE
b66577bd4d99f18c3fbe5d45eb25835cfc2bd6873fe8a2bec7a43d095d376b36,600310.SH,2024-10-28,0,0,READY_PROVISIONAL,REJECTED_STRICT_PREDICATE
976d950a8fd782581fb0d032ed9ecc73f33773493d39bda0c4283fbaf85c41b2,600316.SH,2024-07-30,2,2,READY_PROVISIONAL,REJECTED_STRICT_PREDICATE
829c1cc26b9a1a17a66616aa3a9ad0d2e354256951b33bca098e220bdc3798f2,600318.SH,2024-01-18,3,3,UNVERIFIED_WARMUP,REJECTED_STRICT_PREDICATE
dc1fbdb20802993632970872e89bd189e92a1e8780b1fb4c6fdadc3acbbd9ea1,600318.SH,2024-01-19,3,3,UNVERIFIED_WARMUP,REJECTED_STRICT_PREDICATE
52ea2752e5fd438cfe4fa32c04ee36511c7869249aca06cf143d8c986bbafacd,600318.SH,2024-01-22,3,3,UNVERIFIED_WARMUP,REJECTED_STRICT_PREDICATE
a187d31b597ef22bc70399d15adc0cdfa526c7f3f07574662268b43f19a3197a,600326.SH,2025-07-23,3,3,READY_PROVISIONAL,REJECTED_STRICT_PREDICATE
19e9652e9382373a4ee0d43e0a033e90b78224b703b9ec2cc896b6faae0fea84,600326.SH,2025-07-24,4,4,READY_PROVISIONAL,UNRESOLVED_REGIME_OR_EXCEPTION
7dfc31665bf88eb53a565a177d78cbfbb62fe511517dc581f4eadc9fb6c2b4c6,600326.SH,2025-07-25,5,5,READY_PROVISIONAL,UNRESOLVED_REGIME_OR_EXCEPTION
ee21756b8089cf4e1647681b22ea5068f0b205ff8bcd91d3ec3f9949e1144631,600326.SH,2025-07-28,4,4,READY_PROVISIONAL,UNRESOLVED_REGIME_OR_EXCEPTION
bf54e2f1d9ce6ad70c659052e74a6d456085984a53e02ceb021292fae1e1dd2f,600326.SH,2025-07-29,4,4,READY_PROVISIONAL,UNRESOLVED_REGIME_OR_EXCEPTION
fc8f7252f987a38e62e0d43c1b7c71b5e74fbd828a1c7d2130b0f431b9b83a5c,600327.SH,2024-11-22,4,4,READY_PROVISIONAL,UNRESOLVED_REGIME_OR_EXCEPTION
6046daaa74e369dd9d14031038d12e7ead44dd3794cdde31d80f40601b0fc30d,600327.SH,2024-11-26,4,4,READY_PROVISIONAL,UNRESOLVED_REGIME_OR_EXCEPTION
2db86a90bdd0f97a53eabcce39f007464dbe08777ff86d82295a735f90efb5d8,600327.SH,2024-11-27,4,4,READY_PROVISIONAL,UNRESOLVED_REGIME_OR_EXCEPTION
34047030f59505324671c919d5d5d54bf27616ea610e46d525cf22e87a51c5e5,600327.SH,2024-11-28,4,4,READY_PROVISIONAL,UNRESOLVED_REGIME_OR_EXCEPTION
5eacb25be86855347f90774f3cdd556c7dca689e9792d721661ef34780960b81,600327.SH,2024-11-29,4,4,READY_PROVISIONAL,UNRESOLVED_REGIME_OR_EXCEPTION
6a3e0f255743c1aa9250f9a13b1cf214b61acd62d7a2e64e5df718782ce48244,600327.SH,2024-12-02,4,4,READY_PROVISIONAL,UNRESOLVED_REGIME_OR_EXCEPTION
6c48614ba6d0934a03db45cf2d0bb739ee30e2e75504f58b65be328a2e9b409c,600327.SH,2024-12-03,3,3,READY_PROVISIONAL,REJECTED_STRICT_PREDICATE
2c5e6b4e5030cebb05c3d59b85af10115bd7c1f69731ac686320c23bbc7a2ca6,600329.SH,2024-10-08,1,1,READY_PROVISIONAL,REJECTED_STRICT_PREDICATE
0cd48fecaee7d16b7be936fce5967830ec59775b62c08bd6d4b5c4aa042b84df,600336.SH,2024-10-21,2,2,READY_PROVISIONAL,REJECTED_STRICT_PREDICATE
d5c7d04ee451b696005bd04e39e010ee5818386f49ac06768a1c2bab69d705bd,600337.SH,2024-09-30,3,3,READY_PROVISIONAL,REJECTED_STRICT_PREDICATE
93b932d92e04f1aa4186b9b5f65ee57219cb4ba032e1ba8865b25eb84034fa06,600337.SH,2026-01-08,4,4,READY_PROVISIONAL,UNRESOLVED_REGIME_OR_EXCEPTION
5c81eb3c7116bbf155effb482f93b0198145d24304289a50b475612777889cbe,600340.SH,2024-10-08,4,4,READY_PROVISIONAL,UNRESOLVED_REGIME_OR_EXCEPTION
b6e65ca2d0a231be81a1fe457d1aceb9625c940b40eb05df0f2cce7e8f07831d,600340.SH,2024-10-09,4,4,READY_PROVISIONAL,UNRESOLVED_REGIME_OR_EXCEPTION
e0a1fc18c7ce08068ce3ac4134a65bd69d44594238f3332b55b1e3a967e7194e,600340.SH,2024-10-31,4,4,READY_PROVISIONAL,UNRESOLVED_REGIME_OR_EXCEPTION
08ad242068f184fcf4ad606f90794b39f7a04ad937e9fdf93257b1096f5cbd63,600340.SH,2024-11-01,5,5,READY_PROVISIONAL,UNRESOLVED_REGIME_OR_EXCEPTION
0a295f8bbd6e7fdd79790b2f180f232b80b224c98d7f5f7ede865024d27d923c,600340.SH,2024-11-04,5,5,READY_PROVISIONAL,UNRESOLVED_REGIME_OR_EXCEPTION
01a144185af8cae99775cb3783f6674549b06169e7fae5b5282cfaba06eb7e40,600340.SH,2024-11-05,5,5,READY_PROVISIONAL,UNRESOLVED_REGIME_OR_EXCEPTION
4d8fd0e91b999ef6c066fb8b3a57ff91d594da02811f6bc0086369fa0bc30109,600340.SH,2024-11-06,5,5,READY_PROVISIONAL,UNRESOLVED_REGIME_OR_EXCEPTION
9b95628d9b86276dc0168539d645f5c4b67f85776386b175d37416414d086c0e,600340.SH,2024-11-07,5,5,READY_PROVISIONAL,UNRESOLVED_REGIME_OR_EXCEPTION
92b1d5549747e198511ae24f760e6ee1758271dc2a54d2a6b83d712205e98288,600340.SH,2024-11-08,4,4,READY_PROVISIONAL,UNRESOLVED_REGIME_OR_EXCEPTION
d476d44d28cfdd678bf2a7ce30f851cc1d2759e8ebca318309a652736c6bb5a0,600340.SH,2024-11-11,3,3,READY_PROVISIONAL,REJECTED_STRICT_PREDICATE
6b13103eadaa25aad7658bbecfef801985d355c5b5a747255f625a8e7202aaf5,600340.SH,2025-11-18,4,4,READY_PROVISIONAL,UNRESOLVED_REGIME_OR_EXCEPTION
8db8bbb382705b892108b66dc9c102333b4dfb2660d479c7deb76a69811b2ce7,600340.SH,2025-11-19,4,4,READY_PROVISIONAL,UNRESOLVED_REGIME_OR_EXCEPTION
6d68aa27076a3cb9b97e14f535d56eafb25640ce1c098c0f0cb89c52a92b77a3,600345.SH,2024-02-19,4,4,UNVERIFIED_WARMUP,UNRESOLVED_RSI_WARMUP
d15de5131e23ced52db3830584cef2107fccab7ae9ff85939550472e64aa1539,600345.SH,2024-06-19,4,4,UNVERIFIED_WARMUP,UNRESOLVED_RSI_WARMUP
f0a10ec5a5b445c06ec7d69880b6a4eb48ed52d9ef7469531553048c3a056f0f,600345.SH,2024-06-20,4,4,UNVERIFIED_WARMUP,UNRESOLVED_RSI_WARMUP
18d62a7171a57824c6a78c2709069cb0fdfe0dab1811c5a4dd7f6b2843ad0fbc,600353.SH,2025-06-12,2,2,READY_PROVISIONAL,REJECTED_STRICT_PREDICATE
e380f8dbe75cd110a9045ee79166d0f079a092d5924e48b908c2d50abfcaabd5,600353.SH,2025-06-13,2,2,READY_PROVISIONAL,REJECTED_STRICT_PREDICATE
b92558cb9b833f13c86b9ee9b5e32a9a722697dd0d687fe1aede6ea1008ccc23,600353.SH,2025-06-16,1,1,READY_PROVISIONAL,REJECTED_STRICT_PREDICATE
2506637574d0f70ffdee3de3622c95bc1f4b5d6023ca18ea1fd9b7f0429f50fb,600353.SH,2026-06-17,4,4,READY_PROVISIONAL,UNRESOLVED_REGIME_OR_EXCEPTION
f49f434af3e44e32c5c25be37176ad27f5366e581d0c0a1e64dcce797dd3c5a5,600353.SH,2026-06-18,4,4,READY_PROVISIONAL,UNRESOLVED_REGIME_OR_EXCEPTION
f3207c52ed3a0d2ab7b58b21d29affc2371b3a865fbca2336ef60ff73783429b,600353.SH,2026-06-22,5,5,READY_PROVISIONAL,UNRESOLVED_REGIME_OR_EXCEPTION
c8d791f4ec7eaf6526ccf1a8bfac2a769dbcca1c9044231ee3bc5bf5e5acfa07,600353.SH,2026-06-23,4,4,READY_PROVISIONAL,UNRESOLVED_REGIME_OR_EXCEPTION
25a839576ae4e757e1e65968d5105600647366d6f1f8766c29c8b2a7ed46a7d6,600353.SH,2026-06-24,3,3,READY_PROVISIONAL,REJECTED_STRICT_PREDICATE
a9f385ff25f8d79e1b98d6d601f0c0d608f702f153cb0bbb47cb316d5b7866a8,600353.SH,2026-06-25,2,2,READY_PROVISIONAL,REJECTED_STRICT_PREDICATE
bffd393d98b92dea9d8ce3c700cb739dbbfb9124cfd8fe64e68c3f5d1331a357,600358.SH,2025-01-17,4,4,READY_PROVISIONAL,UNRESOLVED_REGIME_OR_EXCEPTION
a8034f849f683ce7e5d4440046b6da597096cad9000d03f74170ffcaa15a7c59,600363.SH,2024-11-04,4,4,READY_PROVISIONAL,UNRESOLVED_REGIME_OR_EXCEPTION
612384bf46ee028e986231dfde0e78dc64b237e9bf797862f98d5c04783ad9ab,600363.SH,2024-11-05,4,4,READY_PROVISIONAL,UNRESOLVED_REGIME_OR_EXCEPTION
19e7b7a8a0420b8b57edf3cf99e4d59ad6dd98effa0b06c112b654c6d9bd36cd,600363.SH,2024-11-06,4,4,READY_PROVISIONAL,UNRESOLVED_REGIME_OR_EXCEPTION
18cf9a05c8f55003ab2317bf4aa2a12b2619318ccd71f26300d3ab605c5f3cf0,600367.SH,2026-06-03,4,4,READY_PROVISIONAL,UNRESOLVED_REGIME_OR_EXCEPTION
c80f9a1a041555b77cd5481ae0ad8d3f04d2357990cd62a01ffd2bfd55cb2ef9,600367.SH,2026-06-04,3,4,READY_PROVISIONAL,UNRESOLVED_REGIME_OR_EXCEPTION
028e64454007c14e73a7038343103692918c36b60239667ebc982f9fa97f0c52,600367.SH,2026-06-05,3,4,READY_PROVISIONAL,UNRESOLVED_REGIME_OR_EXCEPTION
f7dcd85fd27d64b2d7d3f0278f21663940974189a5dfbeffe451a4313f42b2bb,600367.SH,2026-06-08,2,3,READY_PROVISIONAL,REJECTED_STRICT_PREDICATE
1b879902dccda7162697f1e6e90b1081c5233f5694b89515018a462d468bcbfd,600367.SH,2026-06-09,1,2,READY_PROVISIONAL,REJECTED_STRICT_PREDICATE
a581d447acd867951efdb5731839c68f21c51c6af55fc8bfa0e6ac750746eb0c,600367.SH,2026-06-10,0,1,READY_PROVISIONAL,REJECTED_STRICT_PREDICATE
78ef3ee8ce4fd6e63cd64a7c6b6485c3d260ca6414fabba9db36a92d6082f1fb,600367.SH,2026-06-11,0,0,READY_PROVISIONAL,REJECTED_STRICT_PREDICATE
f5a528665b167fcea9286e14d7214f9d729235ecb711cbf864123d91126f8d8f,600369.SH,2024-09-30,1,1,READY_PROVISIONAL,REJECTED_STRICT_PREDICATE
ca51146b8da772e4f7af45aa28798e3127d7c04e9b0db5f9f828e64c8ef97444,600369.SH,2024-10-08,2,2,READY_PROVISIONAL,REJECTED_STRICT_PREDICATE
7493a886eb92ceb539b242eb167eccd3b9ff4479fd50bc77bdc319d441362ac3,600369.SH,2024-10-09,2,2,READY_PROVISIONAL,REJECTED_STRICT_PREDICATE
df747ec36a4ea05019c78dc5e20b05725b69d08afb59b1efe04d386e15876d4e,600370.SH,2026-03-17,4,4,READY_PROVISIONAL,UNRESOLVED_REGIME_OR_EXCEPTION
8a2327614f24652b78e13819b7d507f6d49dbb9ec695a83473a7efa39a6723ae,600370.SH,2026-03-18,5,5,READY_PROVISIONAL,UNRESOLVED_REGIME_OR_EXCEPTION
0833f5db814e18b92ba5ef881b0f68f9d856ac4a331e49d9c5e1e003824938fd,600371.SH,2026-08-28,4,4,READY_PROVISIONAL,UNRESOLVED_REGIME_OR_EXCEPTION
1b2a7b0917ee351ba4f6cd5cd75ae7ec7d2624c17e80d87aa14762a1a3fe7681,600371.SH,2026-08-31,5,5,READY_PROVISIONAL,UNRESOLVED_REGIME_OR_EXCEPTION
f55408b860b25b2ffbe80a719a833058a5c03ebdb28eead0918fad0c5c89b776,600371.SH,2026-09-01,5,5,READY_PROVISIONAL,UNRESOLVED_REGIME_OR_EXCEPTION
12a03b8acef6f571e01cd9cb0b6c809425715e9e10cab4de06f432d1f225529e,600371.SH,2026-09-02,4,4,READY_PROVISIONAL,UNRESOLVED_REGIME_OR_EXCEPTION
2f239fbc52f6457e8f39bdc6ad1c5246d2874cb06dceba4dac1d2b7cc12c9a8e,600375.SH,2024-02-21,3,3,UNVERIFIED_WARMUP,REJECTED_STRICT_PREDICATE
a4cf734fb50ebeebc21c753c1a9cd8a88fdd3aaaa374cd1f99da235993aa2745,600375.SH,2024-02-22,4,4,UNVERIFIED_WARMUP,UNRESOLVED_RSI_WARMUP
cd24cbbc61ff56efc0f0916faead1d0c7b1767f38c2e48d73d7fe2634dc48d25,600375.SH,2024-02-23,4,4,UNVERIFIED_WARMUP,UNRESOLVED_RSI_WARMUP
90e00c688c2303e4cfbbb9b92e34680e328a73e951a4d0fed2099783790c86c9,600375.SH,2024-02-26,4,4,UNVERIFIED_WARMUP,UNRESOLVED_RSI_WARMUP
654222d88e15ad1a8c45019279bd4c2a73ff290639cb851e8f424f0e4bb8494b,600375.SH,2024-02-27,5,5,UNVERIFIED_WARMUP,UNRESOLVED_RSI_WARMUP
9d70c26717d42b12313a489671bdb94c22d1dc1e803d750428478b4bacb46352,600375.SH,2024-02-28,4,4,UNVERIFIED_WARMUP,UNRESOLVED_RSI_WARMUP
5ac5541f5e2cc3f62245c86f86bc442658882b240810fcde418d2398ba6ad69e,600375.SH,2024-02-29,4,4,UNVERIFIED_WARMUP,UNRESOLVED_RSI_WARMUP
c5c81969908535539d3bf255a58a97b646ad4e88ece95cb623fc8f370b8a1d6e,600376.SH,2025-09-08,4,4,READY_PROVISIONAL,UNRESOLVED_REGIME_OR_EXCEPTION
ebd0800d59501f0053060c0ed66d59ec7da3f47bdca12b3a9eb2bb3e35032acf,600376.SH,2025-09-09,5,5,READY_PROVISIONAL,UNRESOLVED_REGIME_OR_EXCEPTION
9e66f36073fc8132b1cab90c9032e55a4a053793edd8281823c4d3df97aff5af,600376.SH,2025-09-10,5,5,READY_PROVISIONAL,UNRESOLVED_REGIME_OR_EXCEPTION
24081c6ca66cd6776636db708fce08619944deef9dff17764e32b30b7adb327f,600376.SH,2025-09-11,4,4,READY_PROVISIONAL,UNRESOLVED_REGIME_OR_EXCEPTION
7c7f76439a7cb50b5a114f71182a5be8286972f85b5840ee7d1e2c1431a4224b,600376.SH,2025-09-12,4,4,READY_PROVISIONAL,UNRESOLVED_REGIME_OR_EXCEPTION
e5d22cf16bd8f0ac5546175d228fbbd8a73f8ffcb539647cd63afceab1112c83,600376.SH,2025-09-15,4,4,READY_PROVISIONAL,UNRESOLVED_REGIME_OR_EXCEPTION
cdb4a643c2d802b3964668596e9fa19bd2e85e49eeb986324d9d2ab499e19f34,600376.SH,2025-09-16,4,4,READY_PROVISIONAL,UNRESOLVED_REGIME_OR_EXCEPTION
db67b1ebe860a842b6d6d431ee20f01b8acc05262477e57260a429ecc3ace7b2,600376.SH,2025-09-17,4,4,READY_PROVISIONAL,UNRESOLVED_REGIME_OR_EXCEPTION
b67bbd4d6a1d5ae813be51c1123ad63d0cf7b69e75f46b2ac3a5da8d10f98fff,600376.SH,2025-09-18,5,5,READY_PROVISIONAL,UNRESOLVED_REGIME_OR_EXCEPTION
2b0f32de5259648b49b2ce9816ae27168821ff94a6fc217ad4e1ba0fe8fe321a,600376.SH,2025-09-19,4,4,READY_PROVISIONAL,UNRESOLVED_REGIME_OR_EXCEPTION
f59dcbdd266533c39ff1b863db1db997eae9f21c48c7c31cd1773d450ee2d42f,600376.SH,2025-09-22,4,4,READY_PROVISIONAL,UNRESOLVED_REGIME_OR_EXCEPTION
9c2ee053e723e1d8a63445de06d92b9023ce41bf57d1296663a9327cc82f535e,600378.SH,2026-06-10,1,1,READY_PROVISIONAL,REJECTED_STRICT_PREDICATE
0f270969dc8eef38a3fd2095d1a372f6dd7edf4ec1942ff4be1facf796dc5fde,600378.SH,2026-06-11,2,2,READY_PROVISIONAL,REJECTED_STRICT_PREDICATE
133f714319758815f16c3ab91902c2961a34f947efdb4d4646ec3b7df3bbb7aa,600378.SH,2026-06-12,2,3,READY_PROVISIONAL,REJECTED_STRICT_PREDICATE
ebe009fd1957762af93c223b6cea7f42841b1999403ab7a0022027dd244e2717,600379.SH,2026-04-30,3,3,READY_PROVISIONAL,REJECTED_STRICT_PREDICATE
644e78b8e74e11c771a9c0f154fa71d5336fcf3ef8e7d80bcdbd1f68a364517f,600379.SH,2026-05-06,4,4,READY_PROVISIONAL,UNRESOLVED_REGIME_OR_EXCEPTION
a00e23ec36455345d9f1365c23ea0fbd818406cc81337f159338c09d63b95a6e,600379.SH,2026-05-07,4,4,READY_PROVISIONAL,UNRESOLVED_REGIME_OR_EXCEPTION
e3a86d7804611574f7c67d80cb9a7bfd9a3ac2de8ab990cbeb1db620efab0764,600381.SH,2026-05-11,0,0,READY_PROVISIONAL,REJECTED_STRICT_PREDICATE
44efa1ea36e925f967e886b39559ffd1b33a700e6af5cda520fe24f003868dce,600381.SH,2026-05-12,0,0,READY_PROVISIONAL,REJECTED_STRICT_PREDICATE
f2061e0e2e29f5a8cef58e9450a19c533ecdc3a5394c1e789b9c050acb00f3d1,600381.SH,2026-05-13,0,0,READY_PROVISIONAL,REJECTED_STRICT_PREDICATE
5cfcccc8b0a97e07eec85278a1bfd0fe82c1008a3decc6e366d4cfe691d5670a,600381.SH,2026-05-14,0,0,READY_PROVISIONAL,REJECTED_STRICT_PREDICATE
65aeb42443a3b672d69e8a8daa4e41a11f99e76837060d045ab34439a888afcc,600386.SH,2024-08-01,4,4,READY_PROVISIONAL,UNRESOLVED_REGIME_OR_EXCEPTION
44ae0a348aee84b006b8077c96315f04437b045c7ff90024ba29df68f5397b95,600386.SH,2024-08-02,5,5,READY_PROVISIONAL,UNRESOLVED_REGIME_OR_EXCEPTION
704038e5238cd41d0e5a73c28fbe2fc92704f674c2c5738701913b23139e8ebf,600386.SH,2024-08-05,4,4,READY_PROVISIONAL,UNRESOLVED_REGIME_OR_EXCEPTION
13e989f7d32f12017b3cdbf1d41eda9f29043d604a3536273426a784f5166c2a,600390.SH,2024-09-27,4,4,READY_PROVISIONAL,UNRESOLVED_REGIME_OR_EXCEPTION
bfa71b94ce92b7ffc43258012d7787bdaddf2250a922a2de7adffcdfa4d4fd8e,600390.SH,2024-09-30,5,5,READY_PROVISIONAL,UNRESOLVED_REGIME_OR_EXCEPTION
50eb6953ae05cb19821a8bd4f94c0dbd8e267c7d036fde609242f11aeb689b50,600390.SH,2024-10-08,5,5,READY_PROVISIONAL,UNRESOLVED_REGIME_OR_EXCEPTION
7eb4e04a4490b5cd0d8487a2b038f1e17da8397ed1d531a479a53fc4ada21341,600390.SH,2024-10-09,5,5,READY_PROVISIONAL,UNRESOLVED_REGIME_OR_EXCEPTION
1cf27f7ac7c2074653db1cb259b6a5bf9689efae22ee9888b55b4fab2df08bd8,600390.SH,2024-10-10,4,4,READY_PROVISIONAL,UNRESOLVED_REGIME_OR_EXCEPTION
3bd7f405643c4d7ee53730f3284107af8d907c2508a81b15c8cc258fdded6099,600396.SH,2026-03-18,3,3,READY_PROVISIONAL,REJECTED_STRICT_PREDICATE
dc91d2254484f9ee950eaa890ede0a9b8be409e6c65a494a6b8bc332ca5da60d,600396.SH,2026-03-19,4,4,READY_PROVISIONAL,UNRESOLVED_REGIME_OR_EXCEPTION
d67accfb88c7d1d1faba73da5419d29a088a20cff0860ba33565415edb791bb6,600396.SH,2026-03-20,5,5,READY_PROVISIONAL,UNRESOLVED_REGIME_OR_EXCEPTION
550d1194c6b770e94f00aa94099de4e6c2c66eab4c7ecd4b0700fea8332f021c,600396.SH,2026-03-23,5,5,READY_PROVISIONAL,UNRESOLVED_REGIME_OR_EXCEPTION
6b5bf0843b4e4d0cc5ddb4ba6beca9bbfe2324d7e8a3cac48e15f9a5ba3c1220,600396.SH,2026-03-24,5,5,READY_PROVISIONAL,UNRESOLVED_REGIME_OR_EXCEPTION
e8e6447abfce297269dbbf65798a9f8f5e0ce9c674a8d227882e092cd5f063d4,600396.SH,2026-03-25,5,5,READY_PROVISIONAL,UNRESOLVED_REGIME_OR_EXCEPTION
4d74e8b5a79c0b595ae4b8886ae1c379462e1ee02a3ab7090e2da3c693d7fd96,600396.SH,2026-03-26,4,4,READY_PROVISIONAL,UNRESOLVED_REGIME_OR_EXCEPTION
c14bed54d7e0447817f75e9458af73606281725ce434ed9e8fbb54c67772c580,600396.SH,2026-03-27,3,3,READY_PROVISIONAL,REJECTED_STRICT_PREDICATE
6866b1aaa1a1105d7b48d0ea6e1d3653d5c6b049b7f1d4752ec79591e9280c73,600396.SH,2026-04-28,3,3,READY_PROVISIONAL,REJECTED_STRICT_PREDICATE
f97238c559d2843096b0b6a1f10d22feee036641fb0da149277c3ae58b6b6283,600396.SH,2026-05-12,4,4,READY_PROVISIONAL,UNRESOLVED_REGIME_OR_EXCEPTION
9af631c4f7e10e7fe931b9aaddaef1cda8793459e079c1d98e1dd848b96889c3,600396.SH,2026-05-13,4,4,READY_PROVISIONAL,UNRESOLVED_REGIME_OR_EXCEPTION
0cadf78b0659cb04c734b31e92483f68fc4b84d82be08576f18fae93305208c2,600397.SH,2024-12-30,3,3,READY_PROVISIONAL,REJECTED_STRICT_PREDICATE
2829cc9ba06c3789085927705a0d6e71f517674665ea3279702770a0bb01ec1d,600397.SH,2024-12-31,4,4,READY_PROVISIONAL,UNRESOLVED_REGIME_OR_EXCEPTION
fe6cc20e937c2358e8212b2ccc2c23813de30c7c46ae82474c62ffd2e83f7879,600397.SH,2025-01-03,4,4,READY_PROVISIONAL,UNRESOLVED_REGIME_OR_EXCEPTION
d26b21b41f340ac542ef49e74d7f969948b81b3cb976f769ab8e4e3f3bb77e70,600397.SH,2025-01-06,3,3,READY_PROVISIONAL,REJECTED_STRICT_PREDICATE
57a53d85d0748b77453e48a7a9b77af56b7fb559b080d7f89a5330abb8595082,600397.SH,2026-02-13,2,2,READY_PROVISIONAL,REJECTED_STRICT_PREDICATE
bab524eeb8cd2eb9dd639dda8450520614b9091a9a539312b285ec95b2af4c67,600397.SH,2026-02-24,3,3,READY_PROVISIONAL,REJECTED_STRICT_PREDICATE
91695b2cb4288e5ce13a202d8b16ab0e928d3731a134971fab7fa6706b7f26b1,600397.SH,2026-02-25,4,4,READY_PROVISIONAL,UNRESOLVED_REGIME_OR_EXCEPTION
fe2e0c510e6d5231d8f1f80907e69ff9139b4957d6f21ac1864ef4f155d6cd86,600397.SH,2026-02-26,3,3,READY_PROVISIONAL,REJECTED_STRICT_PREDICATE
761e7e8f031bf3b3997794fa0711c747891b29959542279f94ac14ba88d883d3,600397.SH,2026-02-27,3,3,READY_PROVISIONAL,REJECTED_STRICT_PREDICATE
e66118007975d1f3ef8f49079424e85cb163d1492b68d0313a466b302a1b7acb,600397.SH,2026-06-22,4,4,READY_PROVISIONAL,UNRESOLVED_REGIME_OR_EXCEPTION
669dd2da58964237495c076b2d8ed6ed424ff34185a84aa4f44d58ccf921c146,600397.SH,2026-06-23,5,5,READY_PROVISIONAL,UNRESOLVED_REGIME_OR_EXCEPTION
af566b49a9585a7e96afc5cfe6f84f4fb23096116cccd8a67d018566067da9f9,600397.SH,2026-06-24,4,4,READY_PROVISIONAL,UNRESOLVED_REGIME_OR_EXCEPTION
a042e2f44013e86f74d79e0eb3e461ed36d848232f5ef9ab056219b87cfefffd,600400.SH,2025-09-24,4,4,READY_PROVISIONAL,UNRESOLVED_REGIME_OR_EXCEPTION
f33f5cbcb0caceb665e3695da0f95cf0bf353c985eb2f17e315205c0e2fd28f4,600403.SH,2025-03-19,4,4,READY_PROVISIONAL,UNRESOLVED_REGIME_OR_EXCEPTION
1b158ea838a1eb73102ff56a2932655e135ac9777a1fc475219c33e4fceb5a28,600403.SH,2025-10-16,4,4,READY_PROVISIONAL,UNRESOLVED_REGIME_OR_EXCEPTION
3b008046aa7c64db7be2427d5ed3f46ad2b2add3d721596f33813d8e5250e73f,600403.SH,2025-10-17,4,4,READY_PROVISIONAL,UNRESOLVED_REGIME_OR_EXCEPTION
671db6b5a86262041726bdb377d881418ca92cb8d06750fe741a32ea974ee80b,600403.SH,2025-10-20,5,5,READY_PROVISIONAL,UNRESOLVED_REGIME_OR_EXCEPTION
d1606537eb19777804ab1aad2f2730a6157372d54710e0e55fb1f0e5abe6e8fb,600403.SH,2025-10-21,5,5,READY_PROVISIONAL,UNRESOLVED_REGIME_OR_EXCEPTION
1ed087e806e480748735fa2514ccac6d96177da3aa010eee652a0e94e24aa36f,600403.SH,2025-10-22,5,5,READY_PROVISIONAL,UNRESOLVED_REGIME_OR_EXCEPTION
0d2da9616369be0a639a88f754e0030f0f4b45b35275dcada4da88bf29069f90,600403.SH,2025-10-23,5,5,READY_PROVISIONAL,UNRESOLVED_REGIME_OR_EXCEPTION
d4dfe047fcd198fc1b59e45dd2a52cf4593d0b8ee61afcd71da409e28fa96703,600403.SH,2025-10-24,4,4,READY_PROVISIONAL,UNRESOLVED_REGIME_OR_EXCEPTION
a798d2689dd5344f81d80b851a185d6858f73795353e88d98f568e3ef96f7605,600403.SH,2026-06-04,4,4,READY_PROVISIONAL,UNRESOLVED_REGIME_OR_EXCEPTION
d098bfb0e800ea03c85acd7a8b15fa67f8717daf184f5502f03527bbae70a06a,600403.SH,2026-06-05,5,5,READY_PROVISIONAL,UNRESOLVED_REGIME_OR_EXCEPTION
62e753b647899a251406d316fb0daa80f57abbf820616f2e323eedc2934fc518,600403.SH,2026-06-08,5,5,READY_PROVISIONAL,UNRESOLVED_REGIME_OR_EXCEPTION
bb70548333c83b71b5be334bb41d9dd73c6bff2715e04bab52c2b14383880dd5,600403.SH,2026-06-09,4,4,READY_PROVISIONAL,UNRESOLVED_REGIME_OR_EXCEPTION
f19d0ebb6683c38d04281c0245e4d35bce10355399e6ca96b2209384c6416063,600408.SH,2025-11-13,3,3,READY_PROVISIONAL,REJECTED_STRICT_PREDICATE
fc2dd12005e90da21bbf13511b475cd2df512a48d97363359fb6281c12d04c5c,600408.SH,2025-11-14,4,4,READY_PROVISIONAL,UNRESOLVED_REGIME_OR_EXCEPTION
c451ee7a762687dbf46282a6a9f18cea4e3ae486965d9b3d889521c4a6d86c4d,600408.SH,2025-11-17,5,5,READY_PROVISIONAL,UNRESOLVED_REGIME_OR_EXCEPTION
c13b0bc3017df35dfe0a1b870546b264b7705703b09c7d5a050fb6ec59b82feb,600408.SH,2025-11-18,4,4,READY_PROVISIONAL,UNRESOLVED_REGIME_OR_EXCEPTION
a181cfaa77481b7fc9443a764e62d9cd3166fc7c501efe8dfc2dff8db48f0f8e,600410.SH,2024-11-26,4,4,READY_PROVISIONAL,UNRESOLVED_REGIME_OR_EXCEPTION
e6a3e3d9215529b9fe61d343927fd78a3dabf269bf1e4926b964faa02397e967,600410.SH,2024-11-27,5,5,READY_PROVISIONAL,UNRESOLVED_REGIME_OR_EXCEPTION
0bd2a89bbc4f3bcd091dc9c9f6429c4271f8f8760fc8cb34f8c5a21132bd575f,600410.SH,2024-11-28,5,5,READY_PROVISIONAL,UNRESOLVED_REGIME_OR_EXCEPTION
4f65f694153e629905aafcdf29da733c12652f068dc17d07415f14519f284301,600410.SH,2024-11-29,5,5,READY_PROVISIONAL,UNRESOLVED_REGIME_OR_EXCEPTION
4ff73c2a28617dfa1a3bb4d26529e4d5e74e248a10eb1fb1c36de5aef21ece1b,600410.SH,2024-12-02,5,5,READY_PROVISIONAL,UNRESOLVED_REGIME_OR_EXCEPTION
850be0098b47ab0158a2fe5267cac1a5a1c382a28c6dfee8317c036d13dc8b5a,600410.SH,2024-12-03,4,4,READY_PROVISIONAL,UNRESOLVED_REGIME_OR_EXCEPTION
0a50e5ce546ed8a66391d3988b518d6edf07959b44d0293e4e9842a7b076d30f,600410.SH,2025-05-07,2,2,READY_PROVISIONAL,REJECTED_STRICT_PREDICATE
12217aefde06ef96b1b2251bbbd8194129e0eb54fef3ac3bda6fef25f7eb8a33,600410.SH,2025-08-12,3,3,READY_PROVISIONAL,REJECTED_STRICT_PREDICATE
9bb02061df9c836f8cba5454cb136b5de7ecf762650657d6012f767ea1456817,600410.SH,2025-08-15,3,3,READY_PROVISIONAL,REJECTED_STRICT_PREDICATE
14db0b921f1b38dc6ef32c062fee2552380d58a8c07be182bdc41f6a65b7a4b3,600410.SH,2025-08-18,3,3,READY_PROVISIONAL,REJECTED_STRICT_PREDICATE
761223a33b6468b6599da548b632b3ac21f1370e7d5a0bd3a703fa73f6da1411,600410.SH,2025-08-19,3,3,READY_PROVISIONAL,REJECTED_STRICT_PREDICATE
f55c9a54376bc1e13fdaaa720705872ee298f42b0b5f0d1f547f1f8371d1e893,600410.SH,2025-08-20,3,3,READY_PROVISIONAL,REJECTED_STRICT_PREDICATE
2cccfda0d21e4640a169a6203b97f263cabc9582ea19f38e0ea52c640e3fbd2c,600415.SH,2024-10-11,1,1,READY_PROVISIONAL,REJECTED_STRICT_PREDICATE
9f33cb7a700bfe624554375ed6342c2e99d3620b0070133da0b134e4b449eda2,600423.SH,2025-01-17,4,4,READY_PROVISIONAL,UNRESOLVED_REGIME_OR_EXCEPTION
9b37ca23c2b6544fed64265704b2cce44b7b0b11b9c632045bf42593d6e34d94,600429.SH,2025-11-13,4,4,READY_PROVISIONAL,UNRESOLVED_REGIME_OR_EXCEPTION
8c0e0207bdfaca17ed5aeb6d49729aa9ce85d77cae94cf1f5eeaa6650652fefe,600429.SH,2025-11-14,4,4,READY_PROVISIONAL,UNRESOLVED_REGIME_OR_EXCEPTION
4270b747e9687d6ef0c78f233d4f7e8bf5a26b728308d64dba34f4f5414d5662,600435.SH,2026-01-08,2,2,READY_PROVISIONAL,REJECTED_STRICT_PREDICATE
a1c5a3ad1d7a3209b7cd13199373322635eb1fa3e0ada7846d1afff03bc99910,600435.SH,2026-01-09,2,2,READY_PROVISIONAL,REJECTED_STRICT_PREDICATE
b2e52c058924a4d16e9f1ca55ab625c9ba10247ac2d924af9434d9e04c2c7ac5,600435.SH,2026-01-12,2,2,READY_PROVISIONAL,REJECTED_STRICT_PREDICATE
93cbd0380c5fe7f385d74c1e4ec095f0ce5970000ec51f6fb9c1d1e69309ec7e,600438.SH,2024-10-08,0,0,READY_PROVISIONAL,REJECTED_STRICT_PREDICATE
5926e6d2cdd7e6b78d752613676d8ea7a3906533ba2415e14978226427fb3c66,600439.SH,2024-10-28,3,3,READY_PROVISIONAL,REJECTED_STRICT_PREDICATE
51ee7475bf2d8f67bee320f3cffb7df7693bca55793993797e13f0f4b31f6150,600439.SH,2024-10-29,4,4,READY_PROVISIONAL,UNRESOLVED_REGIME_OR_EXCEPTION
2bb4672a63acdbdd08e3ed30c5f8c6b54c0600aafe0103a7535cb0620792eda9,600439.SH,2024-10-30,4,4,READY_PROVISIONAL,UNRESOLVED_REGIME_OR_EXCEPTION
d9aeb3c0a1db8d74afd6de3b992de760f9a762e6ede6f12f9f8b4ee9c11a0734,600439.SH,2024-10-31,4,4,READY_PROVISIONAL,UNRESOLVED_REGIME_OR_EXCEPTION
b82e470e70489305ec220a0fcbcd242f43244dac51d0f34bdb6d28ab31c1a189,600439.SH,2024-11-01,4,4,READY_PROVISIONAL,UNRESOLVED_REGIME_OR_EXCEPTION
7038301ed03ffe6ba7a3c8f4210844930d9a2cfb101bef42ff81f7830c5c61eb,600448.SH,2025-05-09,4,4,READY_PROVISIONAL,UNRESOLVED_REGIME_OR_EXCEPTION
cbd0b592d9befb31714312849a6eb46cf2c81d953813e8bd9882d215f79f1ba8,600448.SH,2025-05-12,4,4,READY_PROVISIONAL,UNRESOLVED_REGIME_OR_EXCEPTION
d819e9d04b83d3c02591860df5086a1a29a31dfcc37637e75398496b24cd703e,600448.SH,2025-05-13,4,4,READY_PROVISIONAL,UNRESOLVED_REGIME_OR_EXCEPTION
1393d1e2f7a2e2301737ac7fc5c69448d5f7f3cc15cb8b7cab70975ba2081f42,600448.SH,2025-05-14,3,3,READY_PROVISIONAL,REJECTED_STRICT_PREDICATE
c1be377430596afa390ed98772d0a17fc8cbd1ab7e81d3a5ade2e7598d79e580,600448.SH,2025-05-15,2,2,READY_PROVISIONAL,REJECTED_STRICT_PREDICATE
f6d0244b0e5ce1996fda91e5e0f3291ba68fcf03eee7882d325a2534d13823d1,600460.SH,2024-10-08,2,2,READY_PROVISIONAL,REJECTED_STRICT_PREDICATE
8bc08be38946845456f5cb3835b7b17298b09891a2de6d653c67ea335958441d,600460.SH,2024-10-09,3,3,READY_PROVISIONAL,REJECTED_STRICT_PREDICATE
ca0e41f14b8efbd21fba9a3c47685c4176180c1622804ba85f0760b3615d51e6,600460.SH,2024-10-10,3,3,READY_PROVISIONAL,REJECTED_STRICT_PREDICATE
33e0651d1279a984b53884933056d21889737bbbda14309ec6bbce441679ab75,600460.SH,2026-06-22,1,1,READY_PROVISIONAL,REJECTED_STRICT_PREDICATE
253a66be00fb307409a8439d8df80d60367b4bd2307bbe94ba854a7d0ec842f9,600460.SH,2026-06-23,0,0,READY_PROVISIONAL,REJECTED_STRICT_PREDICATE
a4269a3fc6393b5170c42a49ccf1d8d25e11ebe65dbe5563332763f31f332ff4,600460.SH,2026-06-24,0,0,READY_PROVISIONAL,REJECTED_STRICT_PREDICATE
a4dfbdbf4e854623a5bddedc1275805d427ad2b5a841144275863536bcd4cf2e,600467.SH,2024-11-05,2,2,READY_PROVISIONAL,REJECTED_STRICT_PREDICATE
4ed7e106dda3c79388ecdc0b82f14cd67162f5adf1c4597100afd070b6f2263c,600470.SH,2024-11-22,4,4,READY_PROVISIONAL,UNRESOLVED_REGIME_OR_EXCEPTION
37f1fa873d8b1318fb087123ff8f0a6177aeabfb936324b6a862613643700278,600470.SH,2024-11-25,5,5,READY_PROVISIONAL,UNRESOLVED_REGIME_OR_EXCEPTION
3f7486e338aeac0b6a19df767910c2e8c87842cfb327467ee589fede55d4f7a5,600470.SH,2024-11-26,4,4,READY_PROVISIONAL,UNRESOLVED_REGIME_OR_EXCEPTION
5aff389d5c79a119051729f3a61e521964fe11628ec8284e2c6d20471dd4de30,600475.SH,2025-07-08,4,4,READY_PROVISIONAL,UNRESOLVED_REGIME_OR_EXCEPTION
86a26b5a81d4d4b2a2ec1737837d30ad2d62fdaedfc15d7ff6cdb6c08bdf4279,600475.SH,2025-07-09,5,5,READY_PROVISIONAL,UNRESOLVED_REGIME_OR_EXCEPTION
9de5fec79e69ea4baeb3bd9aa84035153de56f060dcfbd277ca9ff13bbd65b89,600475.SH,2025-07-10,5,5,READY_PROVISIONAL,UNRESOLVED_REGIME_OR_EXCEPTION
0a3e992e692d8c23879f6312c4b97e8616c14cdaa715b6ef33f9449fe1486e25,600475.SH,2025-07-11,4,4,READY_PROVISIONAL,UNRESOLVED_REGIME_OR_EXCEPTION
96971e2772dabb9b8ba1f8b6d8bb921d8941c6a8c37375e2844d98cc13e3854e,600475.SH,2025-08-08,4,4,READY_PROVISIONAL,UNRESOLVED_REGIME_OR_EXCEPTION
09236efdcdd3b9e23409cc0e850a8d368c3431df7ba2bb0beaea03ca34e0e6bf,600475.SH,2025-08-11,4,4,READY_PROVISIONAL,UNRESOLVED_REGIME_OR_EXCEPTION
52f75acd888b7c89908570a771e87a85d27c190265ec1ab63309a4d25e5e3327,600475.SH,2025-08-12,3,3,READY_PROVISIONAL,REJECTED_STRICT_PREDICATE
22653b7aa3ee95129d4cb46be97698992c43b7d2463504a78246305cfde97cd6,600477.SH,2026-01-13,4,4,READY_PROVISIONAL,UNRESOLVED_REGIME_OR_EXCEPTION
a3a23c236693af97221129443acce133e271450bc62c5d357208c7c847018596,600477.SH,2026-01-14,4,4,READY_PROVISIONAL,UNRESOLVED_REGIME_OR_EXCEPTION
0eac3d5659867cbc2a82b11837602a05ff6c7806d1a0fd5ec23a7787968d6ee1,600479.SH,2026-09-01,4,4,READY_PROVISIONAL,UNRESOLVED_REGIME_OR_EXCEPTION
39c12a4061786fd43851fd3359ee406e1e443f02b57abd41ef3ed62197b638cb,600481.SH,2024-10-30,4,4,READY_PROVISIONAL,UNRESOLVED_REGIME_OR_EXCEPTION
198c286d5116b3cee3525994e02e0e45c8e9f7d27e182f944a7d10fba24e3508,600481.SH,2024-10-31,5,5,READY_PROVISIONAL,UNRESOLVED_REGIME_OR_EXCEPTION
794ac967636fe474ffa080971e484b61833a9ec20423907b0d5ecba47d28e107,600481.SH,2024-11-01,5,5,READY_PROVISIONAL,UNRESOLVED_REGIME_OR_EXCEPTION
c14c214574a5dc2ea6a85dbd26fbfc08b9aa1ae62ce5b739d4c1eebc507cbc01,600481.SH,2024-11-04,4,4,READY_PROVISIONAL,UNRESOLVED_REGIME_OR_EXCEPTION
0070432f41c7cd8062c756882e785a9ee4968f3a1f2557ab89ea859f3ee84091,600481.SH,2026-02-09,2,2,READY_PROVISIONAL,REJECTED_STRICT_PREDICATE
300875fdafb4f90d146991446dc618bd988f89f2ac934e01f95c0431136b8888,600486.SH,2024-09-30,0,0,READY_PROVISIONAL,REJECTED_STRICT_PREDICATE
8404812f7b80f38666d433f79fe9cde73fb2d6c3281d08c6f4f16f32b142f5fe,600487.SH,2026-06-04,2,2,READY_PROVISIONAL,REJECTED_STRICT_PREDICATE
0a68ecdf23fbba27958ebc0c94f0d6b841fb1905599395fe9a0ba5d25e3904c4,600488.SH,2026-04-01,4,4,READY_PROVISIONAL,UNRESOLVED_REGIME_OR_EXCEPTION
a6d21eb341da31a8c3c581513c4735a5ec5eec94ac48aa52af2331f06f6d0b2a,600488.SH,2026-04-02,5,5,READY_PROVISIONAL,UNRESOLVED_REGIME_OR_EXCEPTION
0b714fc15fa10544d8e425bea87a348e90a40a8d36b7a37dd8f610e7afa0270b,600488.SH,2026-04-03,5,5,READY_PROVISIONAL,UNRESOLVED_REGIME_OR_EXCEPTION
c1910d12f118d9791c7b77bed2b658b60b73793d8b14675d60ad4e6faa839937,600488.SH,2026-04-07,5,5,READY_PROVISIONAL,UNRESOLVED_REGIME_OR_EXCEPTION
d1657b01ce9b9206850f56571b015b58534cf8f7967e4fe1ce2b8147865796dc,600488.SH,2026-04-08,4,4,READY_PROVISIONAL,UNRESOLVED_REGIME_OR_EXCEPTION
c2e9c24ffc52e2cc5f4d2ce61658e73b6fbc60b16bf9596ee5a2ad2f21dcaac4,600490.SH,2025-10-13,1,1,READY_PROVISIONAL,REJECTED_STRICT_PREDICATE
db6536af3b223fa84a2d7a86a6897c29873f2337f453b4fc7dd5441d4726a968,600490.SH,2025-10-15,1,1,READY_PROVISIONAL,REJECTED_STRICT_PREDICATE
909217e3072655f66ffb7d7f7a86d77a3750583b460e1886e8eebabf2836308f,600490.SH,2025-10-16,1,1,READY_PROVISIONAL,REJECTED_STRICT_PREDICATE
9455ebed84cfd4182fb8270429808655332fb2172b13ec8f576a126c504a1c1f,600498.SH,2026-03-02,3,3,READY_PROVISIONAL,REJECTED_STRICT_PREDICATE
0dc7f9858186c528bfd2734413ed264e635195a2467caadfaad10372ad4cabf8,600500.SH,2026-06-12,4,4,READY_PROVISIONAL,UNRESOLVED_REGIME_OR_EXCEPTION
a153f655292ff95e037ba34b389509bffa604f3c60059d589b3478fe76cd7a89,600500.SH,2026-06-15,4,4,READY_PROVISIONAL,UNRESOLVED_REGIME_OR_EXCEPTION
403788e8f16f516e97252b50d8f33c728349bdcd8b21ed4922a031121ca83d67,600500.SH,2026-06-16,4,4,READY_PROVISIONAL,UNRESOLVED_REGIME_OR_EXCEPTION
90627335b1e85e3e9c5b668149e1933585ce7bf019c84f6bd1f789d89c72736f,600501.SH,2024-05-31,4,4,UNVERIFIED_WARMUP,UNRESOLVED_RSI_WARMUP
d52bdda656899fee38988f0d886add1da307e30d7cde5ac669db5dafc931f06a,600501.SH,2024-06-03,4,4,UNVERIFIED_WARMUP,UNRESOLVED_RSI_WARMUP
700e4e77bf2ce6bc23c588df3b97da0b6f7d759e90bdea03515cb4ab6717455b,600501.SH,2024-07-30,3,4,READY_PROVISIONAL,UNRESOLVED_REGIME_OR_EXCEPTION
0f57c3f6ac1beb6d4dbebb4ac09bf10c774edfca602d6a06e151ded19733f39f,600501.SH,2024-07-31,4,4,READY_PROVISIONAL,UNRESOLVED_REGIME_OR_EXCEPTION
b1fee43df302f4167a1074dcf732362a6c06c0022ee154065ea5c45c477d655b,600501.SH,2024-08-01,5,5,READY_PROVISIONAL,UNRESOLVED_REGIME_OR_EXCEPTION
d5168a75544b5c5b5d0bcec86b5d6ba268454680342fad747a01edaed107d024,600501.SH,2024-08-02,5,5,READY_PROVISIONAL,UNRESOLVED_REGIME_OR_EXCEPTION
501893f44c3b0b7e3235bbf2a5862526d5e833626f0ed0f62d3362f480d0311a,600501.SH,2024-08-05,4,4,READY_PROVISIONAL,UNRESOLVED_REGIME_OR_EXCEPTION
efac2c69f63b89300756cbb849dd51f58df21d3dd7dfeac7b96b6248e33f47d0,600503.SH,2024-12-10,4,4,READY_PROVISIONAL,UNRESOLVED_REGIME_OR_EXCEPTION
21918051efd301538408cf1e9370b03d41f894175f414fe2039dce1288226500,600503.SH,2024-12-11,4,4,READY_PROVISIONAL,UNRESOLVED_REGIME_OR_EXCEPTION
e6dab5513e1b9b433b905ec59f5831aadb75a63dae0e8d374f6ffc5e0bf2de66,600505.SH,2024-05-14,4,4,UNVERIFIED_WARMUP,UNRESOLVED_RSI_WARMUP
6519a45933c2c043096ffb3b033e6fc84e1bdf26dff928efd8a9706e2f2230ef,600505.SH,2025-04-25,3,3,READY_PROVISIONAL,REJECTED_STRICT_PREDICATE
6b0355116eabcdbdfda0d99b460ff953bf02d3f4eaed6c13b4d53e608764a930,600508.SH,2024-09-30,0,1,READY_PROVISIONAL,REJECTED_STRICT_PREDICATE
d04c740eadc2e855dbfb52ace8c3e13209b6ae1b24e96404c347f1069574c82f,600510.SH,2024-09-30,1,1,READY_PROVISIONAL,REJECTED_STRICT_PREDICATE
7bf6a7846b53bf9a00f976b8f7768c8a7da08126272783658444bd5d023517ab,600510.SH,2024-10-08,1,1,READY_PROVISIONAL,REJECTED_STRICT_PREDICATE
1c64f7837ed2cfe55ec3e74e2ac503aefddae27b9958920c3e38b437596f662b,600513.SH,2025-07-11,4,4,READY_PROVISIONAL,UNRESOLVED_REGIME_OR_EXCEPTION
428e171a7a0d6a57762f5919fe52442247e5b83ce5c8df70d689f7467936a471,600513.SH,2025-07-14,4,4,READY_PROVISIONAL,UNRESOLVED_REGIME_OR_EXCEPTION
5710cf8c3f21316d81b5a194b930da6ffb9745e42cedff3e140f715bc00b375d,600513.SH,2025-07-16,4,4,READY_PROVISIONAL,UNRESOLVED_REGIME_OR_EXCEPTION
cc527543cdab1569825a6f8a0bb1520937050cd90f07589d396aa71453c909d6,600519.SH,2024-09-30,0,0,READY_PROVISIONAL,REJECTED_STRICT_PREDICATE
10667f3326ba3e69699803e2d30e60647e3ccfdb63eaf2379b574085b1ec1e14,600520.SH,2024-02-21,1,1,UNVERIFIED_WARMUP,REJECTED_STRICT_PREDICATE
18a9d619e6cb21d687f95e8b8523fa7fb57c9010baf193b84b5389d8d3e326a4,600520.SH,2024-02-22,2,2,UNVERIFIED_WARMUP,REJECTED_STRICT_PREDICATE
ae11dfee081ff6bf4b352a6a41c7c6ab8da5dbf9194ab2284c8d6ee0bd3993ae,600520.SH,2024-02-23,2,2,UNVERIFIED_WARMUP,REJECTED_STRICT_PREDICATE
a0b4b080da95dd306b771ce5994505019d4d2992f97db9e352b7aa3e417460a5,600520.SH,2024-02-26,1,1,UNVERIFIED_WARMUP,REJECTED_STRICT_PREDICATE
b50132bfd9773c271f6b3c37fd81f72278c89922b6da4a2ddf08b741fee023a4,600520.SH,2024-02-27,1,1,UNVERIFIED_WARMUP,REJECTED_STRICT_PREDICATE
18a4b4c07c94c2ecf7433e5bc33d9401b3cb1956b7e6178269c2992c7a815014,600520.SH,2024-10-17,3,3,READY_PROVISIONAL,REJECTED_STRICT_PREDICATE
318d56faabb8617fcb6fe5e2c9a749c6269df9e9fe07b86d7e41a5ea5969b2b2,600520.SH,2024-10-18,4,4,READY_PROVISIONAL,UNRESOLVED_REGIME_OR_EXCEPTION
a1c9c82e9a130fdba7b333c42a79822fa3b4649c42bb8653789b70d30533e447,600520.SH,2024-10-21,5,5,READY_PROVISIONAL,UNRESOLVED_REGIME_OR_EXCEPTION
e3efedb218631305aac0a37a41dda5c4ff2bfda59f86e8808dc8ecb22083efbb,600520.SH,2024-10-22,5,5,READY_PROVISIONAL,UNRESOLVED_REGIME_OR_EXCEPTION
4a5d32ad8ca7ade9e5e73805dafa67e68fbfc252842d64e13c9470c6efcd34f0,600520.SH,2024-10-23,4,4,READY_PROVISIONAL,UNRESOLVED_REGIME_OR_EXCEPTION
a38e5011f590b32e93b53d099abd360511124506f30a435906a6f251a1dc67a4,600520.SH,2024-10-24,4,4,READY_PROVISIONAL,UNRESOLVED_REGIME_OR_EXCEPTION
16c788de0a6b33c2468f0714c02976c750efc02d04f234596f80bfa06bf06b0e,600520.SH,2024-10-25,4,4,READY_PROVISIONAL,UNRESOLVED_REGIME_OR_EXCEPTION
13577e3b5c35119788948f290a5f641ef20f01b3bb1a1583979860bb6a403e11,600520.SH,2024-10-28,4,4,READY_PROVISIONAL,UNRESOLVED_REGIME_OR_EXCEPTION
0e99d9fd067585ab3cd74e9c02d6d6603f87ca0b3d43177a8597009f59521b11,600522.SH,2026-05-11,1,1,READY_PROVISIONAL,REJECTED_STRICT_PREDICATE
3ddd6f9164e75fa1db73ca50cbc1cc4f6df0e0fb956e9142688eee5f4893cc87,600522.SH,2026-05-12,1,1,READY_PROVISIONAL,REJECTED_STRICT_PREDICATE
8bf3d9b556839e6d70d100a9760bb28bcdffcb5f15453873ab44b77c5fbf9538,600527.SH,2024-12-11,4,4,READY_PROVISIONAL,UNRESOLVED_REGIME_OR_EXCEPTION
16b55a18efc34607561b4242fe8fe46d869c40e70b2580b7eb07620c396e4238,600528.SH,2025-07-24,4,4,READY_PROVISIONAL,UNRESOLVED_REGIME_OR_EXCEPTION
e2b1643dcdd480eaf0162d2a018b1c314748e8999e893597e7f7b1479030edcc,600528.SH,2025-07-25,4,4,READY_PROVISIONAL,UNRESOLVED_REGIME_OR_EXCEPTION
155beb0f088dcd6a7e4127430230e5c3aad15828c5fb25e6c8e315719d8f7ca2,600530.SH,2025-01-02,3,3,READY_PROVISIONAL,REJECTED_STRICT_PREDICATE
e4ff688bf7671edc9f3040ca8cccc85412caf17b32f9c5f7db6c70e50caa2693,600530.SH,2025-01-03,4,4,READY_PROVISIONAL,UNRESOLVED_REGIME_OR_EXCEPTION
b9cdb853457d1f43c04f592647103bf742ea6d72e57e78a8323701f9dd400e6e,600530.SH,2025-05-14,3,3,READY_PROVISIONAL,REJECTED_STRICT_PREDICATE
4b04d4a3642f92bf13783b4217fd84f75d69c69718ec9fbce5acc383aa9cf6c3,600530.SH,2025-05-15,4,4,READY_PROVISIONAL,UNRESOLVED_REGIME_OR_EXCEPTION
5a219989f4961571030fc224af980bdab59218fb9c6e2caa458f4c61758b30be,600530.SH,2025-05-16,3,3,READY_PROVISIONAL,REJECTED_STRICT_PREDICATE
d703012989892293e59e7e5f6d893aa09f46237440c730c67a1626b4b228e566,600530.SH,2025-05-19,4,4,READY_PROVISIONAL,UNRESOLVED_REGIME_OR_EXCEPTION
5f7a6f52a6be9bb64cf35920787f5ede5b1bb856cd2ac46d74c463c3803f9add,600530.SH,2026-05-13,4,4,READY_PROVISIONAL,UNRESOLVED_REGIME_OR_EXCEPTION
034f8df4fb0c3cdd8914abdf7ff728ff49da2f6b6829a04e53570f5aebb9fdad,600530.SH,2026-05-14,4,4,READY_PROVISIONAL,UNRESOLVED_REGIME_OR_EXCEPTION
375a4b7b7a3df070cbe4162d8439a5508ea250137ad7e825f5130eaa442b4e20,600531.SH,2026-01-27,3,3,READY_PROVISIONAL,REJECTED_STRICT_PREDICATE
837f328f8ec823312ead7aec9b691ccb4ed82e30f9328f40adeb9493af32361d,600531.SH,2026-01-28,4,4,READY_PROVISIONAL,UNRESOLVED_REGIME_OR_EXCEPTION
4efc030df2e55bde8e1bf120340a0d615a2e4abe92403fa1aafa6ee1819ba77e,600531.SH,2026-01-29,5,5,READY_PROVISIONAL,UNRESOLVED_REGIME_OR_EXCEPTION
c82a45580426a7236f8545d1775065c0e1bc789b00acc951191d3bd1fc6da8ed,600531.SH,2026-01-30,4,4,READY_PROVISIONAL,UNRESOLVED_REGIME_OR_EXCEPTION
9e62f3fae994d8140dd7d1b2af957976ab6c5bfe7aa7f11d40fda0a14beebdf3,600536.SH,2024-11-08,3,3,READY_PROVISIONAL,REJECTED_STRICT_PREDICATE
9d186ef57ae173b0ddfb38c0f12644f8675757a9cc620799bf6b7a47fd735522,600536.SH,2024-11-11,3,3,READY_PROVISIONAL,REJECTED_STRICT_PREDICATE
7101eaa3416b074bf2c0ab0b8ff357aac3761c66321ef4e403a2f1715ae53db8,600536.SH,2024-11-12,2,2,READY_PROVISIONAL,REJECTED_STRICT_PREDICATE
c13a3a5417017801e10d9ab9b199aa30915e8c6979a37292ae97c96828a10bac,600537.SH,2024-09-30,1,1,READY_PROVISIONAL,REJECTED_STRICT_PREDICATE
f24491dee9530f8004677fe0eec8a7bf0be089a150d1977bbbe8f42ef3bf6aea,600537.SH,2024-10-08,1,1,READY_PROVISIONAL,REJECTED_STRICT_PREDICATE
c8df785e1a8cb889ed361f60cebcd29cc7e4f7729d31ddda362bc22c46f379d6,600539.SH,2025-01-17,4,4,READY_PROVISIONAL,UNRESOLVED_REGIME_OR_EXCEPTION
5b9f339966479391671ec565e44793efa7a77fcc849918b818c943b98f8753d2,600539.SH,2025-03-11,2,2,READY_PROVISIONAL,REJECTED_STRICT_PREDICATE
3097bc885ac72389b0b2a1adacf594a22d7c0faf7285eba04b903a7bc1582b46,600539.SH,2025-03-12,3,3,READY_PROVISIONAL,REJECTED_STRICT_PREDICATE
907903b50c44c39e82e0a1fa1fb06c0fc7bb6c5df330ab466c1b2b6c5f64de47,600539.SH,2025-03-13,4,4,READY_PROVISIONAL,UNRESOLVED_REGIME_OR_EXCEPTION
01a1abf254c279dd2418ef1b20e0c7dc2981063ff06a4154501f3990d05f543e,600539.SH,2025-03-14,4,4,READY_PROVISIONAL,UNRESOLVED_REGIME_OR_EXCEPTION
10e1f536ea469c4f5d19a2b66f0b3d90807df6af19c88c65c0b4e7f63d079954,600539.SH,2026-03-30,4,4,READY_PROVISIONAL,UNRESOLVED_REGIME_OR_EXCEPTION
a6a3869e6b4a62c06d483ff16ee5c58f349bbcea9135683329fb8e3287f7a33b,600540.SH,2025-04-09,4,4,READY_PROVISIONAL,UNRESOLVED_REGIME_OR_EXCEPTION
af9d3a1ce8e0171878de2405b9ceafda1fe7200e68b132929c4315f965f75054,600540.SH,2025-04-10,5,5,READY_PROVISIONAL,UNRESOLVED_REGIME_OR_EXCEPTION
b8ac8557e4c2b9dc15698dd1ac57f5c1dbcc08378c4411cf4fa7dc8301f3a5a4,600540.SH,2025-04-14,3,3,READY_PROVISIONAL,REJECTED_STRICT_PREDICATE
c66178b92baae862410dd0b692295c76790389752055222241c09c63b93d2655,600540.SH,2026-09-01,4,4,READY_PROVISIONAL,UNRESOLVED_REGIME_OR_EXCEPTION
4e5a6b8777cd6437dec28f0408d8393f64e3a3ae99cd38d331d9f5b4f5b2cef3,600540.SH,2026-09-02,5,5,READY_PROVISIONAL,UNRESOLVED_REGIME_OR_EXCEPTION
ee09722afc5ba05de874b0b3b704b6a063a3aa0116f7eaa3dbbabfe74351a0c1,600540.SH,2026-09-03,4,4,READY_PROVISIONAL,UNRESOLVED_REGIME_OR_EXCEPTION
302b384b580a7a4ae032be5a27a724e20b649e9eea541c4257221f1cfcc758de,600545.SH,2024-12-10,3,3,READY_PROVISIONAL,REJECTED_STRICT_PREDICATE
e741ec1f5f7b6ae00c2dd0783a1a9c375fd443222f15f65425a4b4704ac846fd,600545.SH,2024-12-11,4,4,READY_PROVISIONAL,UNRESOLVED_REGIME_OR_EXCEPTION
cbb1e4d3abe88d2858bda51450aa0ea18b2718b6c9c2433ac053bf067149dad8,600545.SH,2024-12-12,4,4,READY_PROVISIONAL,UNRESOLVED_REGIME_OR_EXCEPTION
e94b0f9c1c9cd7f40d15c1254131b6c01da817401d0f0865093cffb0381b31fb,600545.SH,2024-12-13,3,3,READY_PROVISIONAL,REJECTED_STRICT_PREDICATE
dc4e36bfb6a590ce1a80fe16e7c047ee0657bdf1a97f22f1b6bac9c65b4cd4da,600549.SH,2026-06-22,3,3,READY_PROVISIONAL,REJECTED_STRICT_PREDICATE
5ebf90dfb6f6f5c61010046a83d1f7212b2e66d377c175658f12e1e8b29a689d,600550.SH,2024-09-13,4,4,READY_PROVISIONAL,UNRESOLVED_REGIME_OR_EXCEPTION
131a9860adff7a753beaa45ca6ef86ca9d5a25ac74ada599c47f176e4cd19b00,600550.SH,2024-09-18,3,3,READY_PROVISIONAL,REJECTED_STRICT_PREDICATE
4ea10ef10f6badc90d84685f091e600f59fd8f0c29920cdbe4a6a07fa9f8d0c7,600550.SH,2024-09-19,4,4,READY_PROVISIONAL,UNRESOLVED_REGIME_OR_EXCEPTION
6c1019577b2e272d327927152972a5e6e18a0a9ba5a9716955eb5f1a990c4900,600550.SH,2024-09-20,4,4,READY_PROVISIONAL,UNRESOLVED_REGIME_OR_EXCEPTION
e754ebd64b78e909c661fced94a4b37e8057934b69d8f916b1ba7e6c1048b5c4,600550.SH,2024-09-23,4,4,READY_PROVISIONAL,UNRESOLVED_REGIME_OR_EXCEPTION
e7fbf958bceed403af67687359aa1aa1eb8225d14141fd770514f8d115722b0f,600550.SH,2024-09-24,3,3,READY_PROVISIONAL,REJECTED_STRICT_PREDICATE
fefb3d6dc6c62353643c4385cb40e40aea90459276615357ac97d50ab65cfe7c,600552.SH,2024-09-03,3,3,READY_PROVISIONAL,REJECTED_STRICT_PREDICATE
d8f5101da293456107275e82da953da948896e7167ef5ee4f4a9f238a272b345,600552.SH,2024-09-04,3,3,READY_PROVISIONAL,REJECTED_STRICT_PREDICATE
b1696076fbcf3526b2eec1f0da4b5fa2cc47c18ffbd37c131ab7bc7ee73c2132,600552.SH,2026-06-22,2,3,READY_PROVISIONAL,REJECTED_STRICT_PREDICATE
54b323d10775072f35c671986faf2b36c7c9e9cd22c4c4831a811d5acf64dff9,600568.SH,2024-04-24,0,0,UNVERIFIED_WARMUP,REJECTED_STRICT_PREDICATE
5c2e6a4867e871c3beb7c67a7db85ffb329405e4b3ce15603bdba2db1bc105a8,600570.SH,2024-09-30,2,2,READY_PROVISIONAL,REJECTED_STRICT_PREDICATE
da9ca21e5ccbf3fd0f24de210c54e3776e31c3399b6914caa658ae4e92a58bd7,600570.SH,2024-10-08,3,3,READY_PROVISIONAL,REJECTED_STRICT_PREDICATE
216325f52a4ba18fea06ff5e54b9c24ba768e9f427e9480775305ebc0b7eaa45,600570.SH,2024-10-09,4,4,READY_PROVISIONAL,UNRESOLVED_REGIME_OR_EXCEPTION
f59b5ae8446f7ec7011feaf8c479eb34b25054a06b1b73036ec16cb3b93505e7,600570.SH,2024-10-10,4,4,READY_PROVISIONAL,UNRESOLVED_REGIME_OR_EXCEPTION
c259a57e8d72b72d5eed4503b06422e89c9408fceedeacb046c8231cac6c11ad,600571.SH,2024-02-21,3,3,UNVERIFIED_WARMUP,REJECTED_STRICT_PREDICATE
9d1652237228b301da3518f2b114a84787b99aefb4fa4d9229dc0a0cf83fc3ed,600571.SH,2024-02-22,4,4,UNVERIFIED_WARMUP,UNRESOLVED_RSI_WARMUP
01d2a2abe4c8925de465610f7fa4288feca83b3965b92a1ec34e4bda3b2df2e6,600571.SH,2024-02-23,5,5,UNVERIFIED_WARMUP,UNRESOLVED_RSI_WARMUP
9d4c6046c6a4ebe6f1febdf4ffdbf4fed5554698bffec88c1d79009f7c97b958,600571.SH,2024-02-26,5,5,UNVERIFIED_WARMUP,UNRESOLVED_RSI_WARMUP
10b6b9f3088ac02db3b96245b16bd64de139ce89692d6d95c0be9c09690a871b,600571.SH,2024-02-27,4,4,UNVERIFIED_WARMUP,UNRESOLVED_RSI_WARMUP
fd255489c6bd19c2f97a07bb5aa70362729f76db400de8031fde5d94549225a0,600577.SH,2024-03-28,2,2,UNVERIFIED_WARMUP,REJECTED_STRICT_PREDICATE
c97db4c761819a8cdac1ff629524a802b6ec827474aff824393946090e55237b,600578.SH,2026-05-18,4,4,READY_PROVISIONAL,UNRESOLVED_REGIME_OR_EXCEPTION
9cd398b986db6cb01d4116c94acb0dfc44653200903a6fd44acb0d4ae60b5d36,600578.SH,2026-05-19,4,4,READY_PROVISIONAL,UNRESOLVED_REGIME_OR_EXCEPTION
a2a8623c3dc919f21ed16507ce15b7f7a2363ae37fd7c306ce8d8447b633ddf7,600578.SH,2026-05-21,3,3,READY_PROVISIONAL,REJECTED_STRICT_PREDICATE
8ce74f8d2935d1f89fe2514bdb80d68ce43519ece5ce520baae315a35309bc00,600579.SH,2024-02-23,4,4,UNVERIFIED_WARMUP,UNRESOLVED_RSI_WARMUP
e4f4a10b88bc70f8d5f9a536876e7f12643167b7716860603cd8b8dce4bac060,600579.SH,2024-02-26,5,5,UNVERIFIED_WARMUP,UNRESOLVED_RSI_WARMUP
e7ed47701bf1aeb62c31be5c3ed61591cd7ad8f6657d83a54d58ce0ad0a1c5e3,600579.SH,2024-02-27,5,5,UNVERIFIED_WARMUP,UNRESOLVED_RSI_WARMUP
6832d435befb3fe067c22351f4334a1cfe50b677f6f837681a8e1bad7e11536c,600579.SH,2024-02-28,4,4,UNVERIFIED_WARMUP,UNRESOLVED_RSI_WARMUP
334e062a99ef3e57b72a4e88205826a0fd933c796f24884a03ed27644e45af8f,600579.SH,2024-12-20,4,4,READY_PROVISIONAL,UNRESOLVED_REGIME_OR_EXCEPTION
98ca10bc12d0780085255a3ea915eaecee6b188cb5ccb440e1a38f10e9bc8c1c,600579.SH,2024-12-23,4,4,READY_PROVISIONAL,UNRESOLVED_REGIME_OR_EXCEPTION
b0f3d1519b540340f5e2d747db3d21ccc990037685365ebf925d2f14707586a5,600579.SH,2024-12-24,5,5,READY_PROVISIONAL,UNRESOLVED_REGIME_OR_EXCEPTION
3d278e60502ec1011d9b1676bb8271855adb2e57eff8c052754d03925f888e57,600579.SH,2024-12-25,4,4,READY_PROVISIONAL,UNRESOLVED_REGIME_OR_EXCEPTION
9d46c390cd53cb74b7fbde77385922228e6ff4239f7bdfe53df403b404d9d9ac,600580.SH,2024-03-21,3,3,UNVERIFIED_WARMUP,REJECTED_STRICT_PREDICATE
4853c927ae8a5802428bfc5ef94d46db5663a4c788d406bbf709dbcb3d09a8fe,600580.SH,2024-03-22,3,3,UNVERIFIED_WARMUP,REJECTED_STRICT_PREDICATE
11e6bc1427c9ae3775367aeb22673839b693a8dd400766d1baef47748d1544a4,600580.SH,2025-02-07,2,2,READY_PROVISIONAL,REJECTED_STRICT_PREDICATE
c6193405ced1eede07bf53441654a48c01210eb61a230666479cbd60e035a6dc,600584.SH,2026-05-26,2,2,READY_PROVISIONAL,REJECTED_STRICT_PREDICATE
bee25fa22d90f323c1135b5e6da4ba187691b5cb9bba01786d6b75cc7934e9b3,600584.SH,2026-06-25,3,4,READY_PROVISIONAL,UNRESOLVED_REGIME_OR_EXCEPTION
57b6e9c0579427921c3e5cc2737bfb6946b996cc9ff068fd86587085496823c4,600588.SH,2025-02-13,2,2,READY_PROVISIONAL,REJECTED_STRICT_PREDICATE
9a0973c6323867a95968836a5cfecb6bde307a93d9a6a52a492c866e4387a98d,600588.SH,2025-02-14,1,1,READY_PROVISIONAL,REJECTED_STRICT_PREDICATE
3fc48f530be6dcdb1b434dd3fc46be30f55100bf5e6451c930b4e43ae205c035,600589.SH,2024-01-08,0,1,UNVERIFIED_WARMUP,REJECTED_STRICT_PREDICATE
a61e9189b9520a48104afc48ae5b9aa137fd8b4ec1f0a3775332d17990c00ac8,600589.SH,2024-09-24,4,4,READY_PROVISIONAL,UNRESOLVED_REGIME_OR_EXCEPTION
7b9aac3c697460d05e83d0ae64a9467c8ae81e9582a54e93a1d1dfa686624085,600589.SH,2024-09-25,4,4,READY_PROVISIONAL,UNRESOLVED_REGIME_OR_EXCEPTION
13a3bfa71ef99c47c5f25938825de4fe72a90b47dabc510706884c7ea13723a8,600589.SH,2024-10-30,2,2,READY_PROVISIONAL,REJECTED_STRICT_PREDICATE
67b6c53e232159c1bd6d7d96731246751ae6bd2bbba076df2e5b012b98fa9194,600589.SH,2025-02-26,4,4,READY_PROVISIONAL,UNRESOLVED_REGIME_OR_EXCEPTION
a2bf427f130e8af22233d7241104fc8eccf27c6316c7e61e595f4dd377ef2f8d,600589.SH,2025-02-27,5,5,READY_PROVISIONAL,UNRESOLVED_REGIME_OR_EXCEPTION
d7597d268f8e0364698ca3af46c17302f2f74bccb55316a20ada82adc13a0723,600589.SH,2025-02-28,4,4,READY_PROVISIONAL,UNRESOLVED_REGIME_OR_EXCEPTION
aa64ebfd679c1d11e72095722346aabd7ea8c1628223d98c80190380da1303a0,600589.SH,2025-03-03,3,3,READY_PROVISIONAL,REJECTED_STRICT_PREDICATE
04f64566299c4cc9bd70d2fbe4da63cd2e6808422d1c1ac43513fc1bfdb4998a,600589.SH,2025-03-11,4,4,READY_PROVISIONAL,UNRESOLVED_REGIME_OR_EXCEPTION
44281a0a7ff3b8ef62ff9df7d4f3abf7e58c52b7eddc01d4fade4f192f9022b4,600589.SH,2026-01-12,1,1,READY_PROVISIONAL,REJECTED_STRICT_PREDICATE
70e436d4aba2fdfadce420aecc31ba099e642265680dd7f39206a844694a827f,600589.SH,2026-02-12,4,4,READY_PROVISIONAL,UNRESOLVED_REGIME_OR_EXCEPTION
61758d3a0eebb9c9a010af9d63113e5496bc17e658f5f7cd504dcec6ab47a05a,600590.SH,2024-10-21,1,1,READY_PROVISIONAL,REJECTED_STRICT_PREDICATE
881faa17010f64fe702adf63599484595983711ce417cc4559d54d658351b990,600590.SH,2025-02-21,4,4,READY_PROVISIONAL,UNRESOLVED_REGIME_OR_EXCEPTION
f51aed3f273e653a6a5235762294d6c25b84717bc537b89b187f8b37d6f37bba,600590.SH,2025-02-24,4,4,READY_PROVISIONAL,UNRESOLVED_REGIME_OR_EXCEPTION
b75ede15edab5c144c349b13b2d70e51c98c7b59a833684dab1f8564f45691fc,600590.SH,2025-02-25,4,4,READY_PROVISIONAL,UNRESOLVED_REGIME_OR_EXCEPTION
925a775915ee285041ef217b5c2460f8f0404dea7ceb243cba9ebd4495d54163,600590.SH,2025-02-26,4,4,READY_PROVISIONAL,UNRESOLVED_REGIME_OR_EXCEPTION
8708faf23cd80f7305cdd9ec0073fff8635642e32e8a872c54299b71889bd3fb,600592.SH,2025-05-08,3,3,READY_PROVISIONAL,REJECTED_STRICT_PREDICATE
d9dc4cad7479dcfd4f834421c5ae663bcb1c0d244f0c02edfb0f937cb1e034b5,600592.SH,2025-05-09,3,3,READY_PROVISIONAL,REJECTED_STRICT_PREDICATE
cb519117a6cca5241632fbc75d8e513db4785f15b40b3bed23ea88bb21142e82,600593.SH,2024-01-08,4,5,UNVERIFIED_WARMUP,UNRESOLVED_RSI_WARMUP
358195a03e7f101222e1db45be973efceb44b15c028d07d263bb39072ef4dc0b,600593.SH,2024-01-09,5,5,UNVERIFIED_WARMUP,UNRESOLVED_RSI_WARMUP
bb1570bc702fe9122de4974f9e688bd385ec61a7592b43efb7b9e1b4647203d8,600593.SH,2024-01-10,4,4,UNVERIFIED_WARMUP,UNRESOLVED_RSI_WARMUP
c64b8d3e29271bd86c423164c4a2d0bdbfc3dc68838f609d3917d74ce86862ca,600601.SH,2025-09-15,2,2,READY_PROVISIONAL,REJECTED_STRICT_PREDICATE
535614cb797d8d4d1058ee0e02c8c8ef2a705ec3ac5422e02c8f152d00ae4acc,600601.SH,2025-09-16,2,2,READY_PROVISIONAL,REJECTED_STRICT_PREDICATE
7ce40797792fb6063d8153989dd8b4d62d1a7b0e010e0aee41892827d6d37b45,600604.SH,2025-07-16,2,2,READY_PROVISIONAL,REJECTED_STRICT_PREDICATE
fe833f9979ddb4cb1bfe0a08b15e02d86d6665701156924c2c00aea30f3de2db,600604.SH,2025-07-17,2,2,READY_PROVISIONAL,REJECTED_STRICT_PREDICATE
2a9f72dd616418591984d443239e927186f8e992f4a3610973e57661035cce8e,600605.SH,2024-02-21,3,3,UNVERIFIED_WARMUP,REJECTED_STRICT_PREDICATE
3c2333235ab3b36d42c4d707dcc8861d90d9f7d8894c73697ac42d8f47e0531a,600605.SH,2024-02-22,3,3,UNVERIFIED_WARMUP,REJECTED_STRICT_PREDICATE
e4bd381e8843435ec1fbcd2dc2b91bf94597da0605c9a2dd676247dec548cb26,600606.SH,2024-10-08,4,4,READY_PROVISIONAL,UNRESOLVED_REGIME_OR_EXCEPTION
d4f3e17e46adcc234199cfbe297c69071204bd8851fc3dcc0d99594fa375e554,600606.SH,2024-10-09,4,4,READY_PROVISIONAL,UNRESOLVED_REGIME_OR_EXCEPTION
de72fd75de13200aec4104e26be13897768d18abe864b0a59b0f3d99b6da0fbd,600609.SH,2024-11-07,1,1,READY_PROVISIONAL,REJECTED_STRICT_PREDICATE
c97ee4470f93953c02dca9ba4498bade893c642af0090656f148f989f017efd8,600609.SH,2024-11-08,1,1,READY_PROVISIONAL,REJECTED_STRICT_PREDICATE
b507da82006d466b63f838e2571dd5af75d3fc870608538384176c73724a6866,600609.SH,2024-11-11,2,2,READY_PROVISIONAL,REJECTED_STRICT_PREDICATE
9fd5e7338cad53af63faa42e3c00d52ff8ddad6f66c1e59782e6d34073965033,600610.SH,2024-10-31,1,1,READY_PROVISIONAL,REJECTED_STRICT_PREDICATE
316f7db66c1bd8ecf3b32b7ab8adcfed2bbc1d194548c87217875099777caf0b,600610.SH,2025-03-19,2,2,READY_PROVISIONAL,REJECTED_STRICT_PREDICATE
f5b302236281e909bed1a9a93e8a83c491ef32832ce1bbc675a0fb019a1eecff,600610.SH,2025-03-21,2,2,READY_PROVISIONAL,REJECTED_STRICT_PREDICATE
6bbc7254b4eefa1019b065891dc1fe121337712048bb563bd54642586598b82f,600610.SH,2025-03-24,2,2,READY_PROVISIONAL,REJECTED_STRICT_PREDICATE
f83eb8b15e268f60573dd97dbf07c3e3ed67099769e7a47827e7c73613c2654d,600610.SH,2025-03-25,2,2,READY_PROVISIONAL,REJECTED_STRICT_PREDICATE
d81da01dba5d5b34a489c0bab020d614595457b7832ff7b25c1cdb1247808063,600610.SH,2025-03-26,3,3,READY_PROVISIONAL,REJECTED_STRICT_PREDICATE
0301f6594e3ac693bc33e53643379ea512a3b03a4bdd71a2db2da40db80194b2,600610.SH,2025-03-27,4,4,READY_PROVISIONAL,UNRESOLVED_REGIME_OR_EXCEPTION
b02f5d8a24c837b6adc3fcd27cfa15708768d7679e9e0e866bd0791b4199ce0b,600610.SH,2025-03-28,4,4,READY_PROVISIONAL,UNRESOLVED_REGIME_OR_EXCEPTION
b6b12382c034f073cd9f202496c6a74c980a8d15652accced8fe262e55fca4e3,600610.SH,2025-05-19,4,4,READY_PROVISIONAL,UNRESOLVED_REGIME_OR_EXCEPTION
237c8ec72d912e318d26bbfa4a37b350d26c61e4870a894929e79c4f0861b31e,600611.SH,2024-07-11,2,2,READY_PROVISIONAL,REJECTED_STRICT_PREDICATE
a67cae9fd170466bb97e42589b29f0697448164ca6547178726b757a0bf3c74d,600611.SH,2024-07-12,2,2,READY_PROVISIONAL,REJECTED_STRICT_PREDICATE
80e48fbfb298a5507a3202dd1aa340bf2bcc54d85a5490f8322bc2e70492a6ba,600611.SH,2024-07-15,2,2,READY_PROVISIONAL,REJECTED_STRICT_PREDICATE
7aea2fde30b64175f88e3dd9acc080364307c9fd674f469408ce6cfea0da1ac3,600611.SH,2024-07-16,3,3,READY_PROVISIONAL,REJECTED_STRICT_PREDICATE
14431119a6d3064106e9a4f8c5aa5493e73d67426cf785357f250ecf68193a63,600611.SH,2024-07-17,2,2,READY_PROVISIONAL,REJECTED_STRICT_PREDICATE
e39b899be96cf1605b9fcc80851d152100879adbd118a1ef899e91fc8828630a,600611.SH,2024-07-18,2,2,READY_PROVISIONAL,REJECTED_STRICT_PREDICATE
2874594a7520541ead0726e9849ac0609ddd40feb2bea87f4d188242b9d43f9a,600611.SH,2024-07-24,3,3,READY_PROVISIONAL,REJECTED_STRICT_PREDICATE
fca4d0cd5f83c6d809299f41ce3a42ed7c4ebe0c51570d795a3ce54ae0874335,600611.SH,2024-07-25,3,3,READY_PROVISIONAL,REJECTED_STRICT_PREDICATE
4033b25d13aa268430a0b16f2e4007a0bd923428439a550633917087e5af742e,600611.SH,2024-07-26,3,3,READY_PROVISIONAL,REJECTED_STRICT_PREDICATE
161c629177d278f231b2d986ce66205134556ef802cc1ff62854d1d249008163,600611.SH,2024-07-29,3,3,READY_PROVISIONAL,REJECTED_STRICT_PREDICATE
06f2131274277733344a50b3fba59a9020beb08fab0701a6b44b1f5b1ce887b8,600611.SH,2024-07-30,3,3,READY_PROVISIONAL,REJECTED_STRICT_PREDICATE
05e316148012531d9c74b3bdec2550b54e96ed9bb2d7b2ada9c7f84900f0dbf5,600611.SH,2024-07-31,3,3,READY_PROVISIONAL,REJECTED_STRICT_PREDICATE
5be6a5c3946d32471ad9a1772c2c8acae70dd190ab4e29ef4616d24c5740087f,600613.SH,2026-08-18,4,4,READY_PROVISIONAL,UNRESOLVED_REGIME_OR_EXCEPTION
076c34c910cf6c350418fbe37f4e3b6e9c0dea805e21b16b4a5607d4977461a7,600613.SH,2026-08-19,4,4,READY_PROVISIONAL,UNRESOLVED_REGIME_OR_EXCEPTION
8ef52192688fce0b8e02911cc6634b59211fac979012654c9ee46e5c9e0f01b9,600613.SH,2026-08-20,4,4,READY_PROVISIONAL,UNRESOLVED_REGIME_OR_EXCEPTION
2b0a2fd9b33d126175cb039d7d76b6bec86c6fe70f958b5d3ee5c7d3eff2b124,600613.SH,2026-08-21,3,3,READY_PROVISIONAL,REJECTED_STRICT_PREDICATE
75884104e9d036bca95b55a1d7f6c9ab1869abaa975ee68dccd1b481a7fac14d,600613.SH,2026-08-24,3,3,READY_PROVISIONAL,REJECTED_STRICT_PREDICATE
44c659e311bcac99c999b335b966ba5b7db8391ebd9fefd3da98a04d32648fad,600617.SH,2025-10-20,4,4,READY_PROVISIONAL,UNRESOLVED_REGIME_OR_EXCEPTION
2b1d38ca247051143d8951b645528121b0c3a9a8ff502324fd4cdddfeb48aa17,600617.SH,2025-10-21,3,3,READY_PROVISIONAL,REJECTED_STRICT_PREDICATE
86d7a15afc7d98e426a58d6086b0500ca7630993085ae61a89e831db6e55306b,600619.SH,2024-09-23,4,4,READY_PROVISIONAL,UNRESOLVED_REGIME_OR_EXCEPTION
8a5837cda95b3dc114ceba1b6174bf1bd8ba6f342a317eea07f54e8cd82a24c6,600619.SH,2024-09-24,4,4,READY_PROVISIONAL,UNRESOLVED_REGIME_OR_EXCEPTION
1051811ffa39a817535d2f20c7b8955a3b3ceb627dbdfb3a92cdde61330ddde3,600619.SH,2024-11-07,4,4,READY_PROVISIONAL,UNRESOLVED_REGIME_OR_EXCEPTION
8d0d993c0a057e0c908a443a87408cf1116ac09f88a50d300af15ee1f2f0b8f1,600619.SH,2024-11-08,5,5,READY_PROVISIONAL,UNRESOLVED_REGIME_OR_EXCEPTION
4ea4ba19f46a9abb28d6f94fd14e716116e622f89ba15e449f01f5d71beaf289,600619.SH,2024-11-11,4,4,READY_PROVISIONAL,UNRESOLVED_REGIME_OR_EXCEPTION
50ff1b76fe9463367b465d67409ad7e7ecb9a20016484198a797aa756525a859,600619.SH,2024-11-12,3,3,READY_PROVISIONAL,REJECTED_STRICT_PREDICATE
ebb21fd3808ba8698a8b54b55ce011c37e5193817c7a1c584268b6b2c1f3e85b,600619.SH,2025-08-11,3,3,READY_PROVISIONAL,REJECTED_STRICT_PREDICATE
8a173bd78c3a7365ccf6303c894fdcfa5fe883bcdd90b76b2c864be58fbc16a0,600619.SH,2025-08-12,4,4,READY_PROVISIONAL,UNRESOLVED_REGIME_OR_EXCEPTION
7d8706317d14227ca494a387d2dd32420c362ac4736e4c316a0ca3f3c70359ff,600619.SH,2025-08-13,4,4,READY_PROVISIONAL,UNRESOLVED_REGIME_OR_EXCEPTION
3e4997e50c3569b4da894bde9dd7b5e1a60216bbe19e02faa28dac2ff8a64dec,600620.SH,2025-07-18,3,3,READY_PROVISIONAL,REJECTED_STRICT_PREDICATE
888d9ad3c6ded1ec3de9d2bfffa49c509ecf6347063b365426f9fb57882f12cb,600622.SH,2024-10-08,3,3,READY_PROVISIONAL,REJECTED_STRICT_PREDICATE
e4f5e6805cec690cb40357665a91d52568e0a1f59b0f19d3a2baa77499cd722b,600622.SH,2024-10-09,3,3,READY_PROVISIONAL,REJECTED_STRICT_PREDICATE
461c32bc47b3e7a1de93c50866dca060b009afa27c8c7a4c07055f92c20a4f95,600622.SH,2024-10-16,4,4,READY_PROVISIONAL,UNRESOLVED_REGIME_OR_EXCEPTION
e197997efdb3a8df0ab6e4328394ed5f9ca82ea6afc132f20c6c6bdbb19abbe3,600622.SH,2024-10-17,5,5,READY_PROVISIONAL,UNRESOLVED_REGIME_OR_EXCEPTION
06587b72257734cfca8f258fca54dfe6912284e516de20258c3049d9a493c038,600622.SH,2024-10-18,5,5,READY_PROVISIONAL,UNRESOLVED_REGIME_OR_EXCEPTION
4e67135035aa8be97be9a817e44f163f1bd4ad26e03fdc64acd623ff570fc6d6,600622.SH,2024-10-21,4,4,READY_PROVISIONAL,UNRESOLVED_REGIME_OR_EXCEPTION
16bf1a3c6a3cd5bc6bba40fb74bb6b8cba446546a9e295840d7fb46fde4be4b5,600624.SH,2024-10-29,4,4,READY_PROVISIONAL,UNRESOLVED_REGIME_OR_EXCEPTION
9fa8f26cc7c2a3840a87da4ff98fe739b608dee3cd6df83c6aec93217e8724af,600624.SH,2024-10-30,5,5,READY_PROVISIONAL,UNRESOLVED_REGIME_OR_EXCEPTION
989ead3aea31916a6f48b245c9c3a2b8c40ecd09df2ba35bdf34036a29c4eb02,600624.SH,2024-10-31,5,5,READY_PROVISIONAL,UNRESOLVED_REGIME_OR_EXCEPTION
770f62c52b725512eb2398f778660b9077f77edb884426548c691b9f14fbce7a,600624.SH,2024-11-01,4,4,READY_PROVISIONAL,UNRESOLVED_REGIME_OR_EXCEPTION
eb6a46e1fc67c14e6c4ae7d9f566ca7d4fbbc7b35adb448b14a30811759b7ab7,600626.SH,2024-07-16,3,3,READY_PROVISIONAL,REJECTED_STRICT_PREDICATE
9179dd80d1360f7790f46ab34d703d73610ec298b8bd6f77d51309307d37ad5e,600628.SH,2024-11-28,4,4,READY_PROVISIONAL,UNRESOLVED_REGIME_OR_EXCEPTION
f6a827e3750c947656a12b61c77a219d164d41c70d686b1116aaf20dec1b133b,600628.SH,2024-11-29,5,5,READY_PROVISIONAL,UNRESOLVED_REGIME_OR_EXCEPTION
253095d5e77fa7247ce6f3622d63e8fad9aa52c588f725382c607bdfa86288fb,600628.SH,2024-12-02,5,5,READY_PROVISIONAL,UNRESOLVED_REGIME_OR_EXCEPTION
ef94dda63a7a3aedead413445e79194462db90f6db3cbf405a89558c4be18fc9,600628.SH,2024-12-03,4,4,READY_PROVISIONAL,UNRESOLVED_REGIME_OR_EXCEPTION
dec4292484da3c520ceeb96a004a88b734a1d872406d5e6662d8d1447aed2b9b,600629.SH,2024-01-26,4,4,UNVERIFIED_WARMUP,UNRESOLVED_RSI_WARMUP
312c0b7cac0dc739b1c2de313c588d4be1d95709425eb87d3041e9d5c03d30c7,600629.SH,2024-01-29,4,4,UNVERIFIED_WARMUP,UNRESOLVED_RSI_WARMUP
f567045d4af63f51376c23dd77a403493aaba7cdc756367a8a35bcf57ae6e3b9,600629.SH,2024-01-30,4,4,UNVERIFIED_WARMUP,UNRESOLVED_RSI_WARMUP
d9306992533d61b47c94bcc490542271f4ebce732f150206cd6b2fe010586d4c,600629.SH,2024-01-31,4,4,UNVERIFIED_WARMUP,UNRESOLVED_RSI_WARMUP
8100c281c562b598e3b19d53e4f8b499c1df263e3e3a6be9413f54f2c6bcf65a,600629.SH,2024-11-05,4,4,READY_PROVISIONAL,UNRESOLVED_REGIME_OR_EXCEPTION
eafbe27239875e43b2aac5b32aa74e7ed29a14365f3283471f7afc7845c86646,600629.SH,2024-11-06,4,4,READY_PROVISIONAL,UNRESOLVED_REGIME_OR_EXCEPTION
4b9e79a886566533c293e34d09f2b0eab415c70a77246efca3534c06b1bf68b2,600629.SH,2024-11-07,3,3,READY_PROVISIONAL,REJECTED_STRICT_PREDICATE
f3657dd6042837b1f58eb4647e640b06551d2676e5bebf467e0cf4cd57ef87fd,600629.SH,2024-11-08,3,3,READY_PROVISIONAL,REJECTED_STRICT_PREDICATE
25507accea83ecea3e9b15a80ec01d0b3cef7f756c019494f18628e0c366ec5b,600629.SH,2025-09-16,4,4,READY_PROVISIONAL,UNRESOLVED_REGIME_OR_EXCEPTION
d8177e9ee233d5d79507dfb92fcd050b6f6962c0a3616b820c3bc3d078113d7d,600629.SH,2025-09-30,4,4,READY_PROVISIONAL,UNRESOLVED_REGIME_OR_EXCEPTION
072a5b222b6b4f05ff8ce31d9fa90954e9d194225750fcfb8ed1fc73ed8c11cd,600629.SH,2025-10-09,4,4,READY_PROVISIONAL,UNRESOLVED_REGIME_OR_EXCEPTION
c6cd0f4f42bc85c5b788e2d59449a27125c165148d1799172413b34053e49dee,600629.SH,2025-10-10,3,3,READY_PROVISIONAL,REJECTED_STRICT_PREDICATE
55918af3c330d79ded449f112988963e8528c22322e4a134393de3429461eac1,600633.SH,2025-02-10,4,4,READY_PROVISIONAL,UNRESOLVED_REGIME_OR_EXCEPTION
d943cdc7fb87985dc07cd2495c0727844fb50eed4b34a4ad056081c80bdeb141,600633.SH,2025-02-11,5,5,READY_PROVISIONAL,UNRESOLVED_REGIME_OR_EXCEPTION
c501888f79e1581109eda77ba1199619c6064bc96db79ef0f08d8b4c297fd52d,600633.SH,2025-02-12,5,5,READY_PROVISIONAL,UNRESOLVED_REGIME_OR_EXCEPTION
7158e52a3694644dee15e960059574d5b6e8c979816e4df0bfaf954782ad30b4,600633.SH,2025-02-13,4,4,READY_PROVISIONAL,UNRESOLVED_REGIME_OR_EXCEPTION
3c14eab819583e0a413095f3f49a2adde80ad0205797859c1efa9ad60a2504d0,600633.SH,2025-02-14,3,3,READY_PROVISIONAL,REJECTED_STRICT_PREDICATE
10e7b548b7f9256e27e0705ffcb0524a6dace303b3260e5d8cab6388d0c9ff89,600633.SH,2025-02-17,3,3,READY_PROVISIONAL,REJECTED_STRICT_PREDICATE
83ac713585d6b16c4cb6d3e067df05fc907cbcaec071baee4860779f30da505c,600635.SH,2024-07-30,4,4,READY_PROVISIONAL,UNRESOLVED_REGIME_OR_EXCEPTION
72ee5f8b5d4bb7ef7705dc4e1eea33006afd78908ade9d6f180b106db99f9e99,600635.SH,2024-07-31,4,4,READY_PROVISIONAL,UNRESOLVED_REGIME_OR_EXCEPTION
b65bb532fae16815e4778be6b98d7ba28288da65fdce00f277a65125c96d1118,600635.SH,2024-10-30,4,4,READY_PROVISIONAL,UNRESOLVED_REGIME_OR_EXCEPTION
162a89e1152a07845a8f1116b7718917fda518a293ec001a70fcd61889ac0082,600635.SH,2024-10-31,4,4,READY_PROVISIONAL,UNRESOLVED_REGIME_OR_EXCEPTION
ac750113d590e66ba85ae3e413860490924c3a235675ff13b17fa7bfba9ec278,600635.SH,2025-09-22,1,1,READY_PROVISIONAL,REJECTED_STRICT_PREDICATE
07fc68b8d1ebe848a0fa705d5e8ed52786fb70d07fb92bd92b1767b353e70e92,600635.SH,2025-09-23,2,2,READY_PROVISIONAL,REJECTED_STRICT_PREDICATE
8a8e52db04598dab67c234edfab3df61b51da5ae2d0f8796cd261dbb0c425b1c,600637.SH,2026-01-12,4,4,READY_PROVISIONAL,UNRESOLVED_REGIME_OR_EXCEPTION
cbb740029f84b9cd2a034a992ab91d2fb9f7d37d60aee68c73e8ac651b58f103,600637.SH,2026-01-13,4,4,READY_PROVISIONAL,UNRESOLVED_REGIME_OR_EXCEPTION
8123c41b24c87f14b9e494ac918539ea6aaf99c982485c2d74cda2f165f392af,600637.SH,2026-01-14,3,3,READY_PROVISIONAL,REJECTED_STRICT_PREDICATE
14aca28bff9b1aa822973b86a9e1676b2e14b8390d89928f1826a64be2ee8c18,600639.SH,2024-01-26,4,4,UNVERIFIED_WARMUP,UNRESOLVED_RSI_WARMUP
3b0722b75fd5cc176f03c96f597f740aa710eb3bcd1b4332d81a8dbe2d1526a2,600639.SH,2024-01-29,5,5,UNVERIFIED_WARMUP,UNRESOLVED_RSI_WARMUP
0d11caa0e258746b6c29810b69cfebd826304df31f6173cc2e7645043c70cf13,600639.SH,2024-01-30,4,4,UNVERIFIED_WARMUP,UNRESOLVED_RSI_WARMUP
0a7a443f462071047247035f68fc88a28eb889b3159a68cb72d30fb677e86420,600640.SH,2024-02-22,4,4,UNVERIFIED_WARMUP,UNRESOLVED_RSI_WARMUP
670f2944e5399ff488a6677a49537fa71ab6e9653f127aacfd1cdd897cb86309,600640.SH,2024-02-23,5,5,UNVERIFIED_WARMUP,UNRESOLVED_RSI_WARMUP
4974099be418721b3f67a710d759b3b7221916e1b1120b26d7112f767986d4a1,600640.SH,2024-02-26,5,5,UNVERIFIED_WARMUP,UNRESOLVED_RSI_WARMUP
98f278254beef35c41a1c3ef0228e78a19d4b1bdca31127d957162d6dbc242e9,600640.SH,2024-02-27,5,5,UNVERIFIED_WARMUP,UNRESOLVED_RSI_WARMUP
56edf4005f562dfdf3f57c74e442363d7c778602e44b867dcf6a4d186678c25c,600640.SH,2024-02-28,5,5,UNVERIFIED_WARMUP,UNRESOLVED_RSI_WARMUP
5d344ee7575e277261302a576754d342a2b15283760ee022c528734fd043e7f5,600640.SH,2024-02-29,4,4,UNVERIFIED_WARMUP,UNRESOLVED_RSI_WARMUP
9d25c7a73939f7b36ff6cb77ae405298787487e5aa6f3df735f3a42cededc428,600641.SH,2024-10-08,2,2,READY_PROVISIONAL,REJECTED_STRICT_PREDICATE
a53d72686765f32be06ed065fa52af01a62cc1f89567747b3d95e7583746c0c4,600641.SH,2024-10-09,2,2,READY_PROVISIONAL,REJECTED_STRICT_PREDICATE
719ef58db8464d7134b59cd51daf075b5acd8cc7c532ee55beccaa171b41f23a,600641.SH,2026-09-22,2,2,READY_PROVISIONAL,REJECTED_STRICT_PREDICATE
a50b4354c12041ef3f43d9446afb87104fdf44f968ed0f10a3963f85d5e2b842,600641.SH,2026-09-23,2,2,READY_PROVISIONAL,REJECTED_STRICT_PREDICATE
2bc7eb6ba40a748085c41e132ece780f1091efaee312d248aca59f74ddaaab62,600643.SH,2024-09-30,4,4,READY_PROVISIONAL,UNRESOLVED_REGIME_OR_EXCEPTION
819efb86160b70efd72544762e7a7eea1dc487833ec68028f0e90e6ae7e56033,600643.SH,2024-10-08,4,4,READY_PROVISIONAL,UNRESOLVED_REGIME_OR_EXCEPTION
a065b3b97088d3aed734437a0224f01c43be5b6a3eb484e711c9758211150370,600643.SH,2025-06-30,3,3,READY_PROVISIONAL,REJECTED_STRICT_PREDICATE
613ae8a760b9f6750235e0dd9405203b540789eb47514ab635cad5102bdcec59,600643.SH,2025-07-01,4,4,READY_PROVISIONAL,UNRESOLVED_REGIME_OR_EXCEPTION
014b46bdbe9e9b41b027764b287e27b1a9a167f7c3e5f5ced7d9620f3e33458a,600643.SH,2025-07-02,3,3,READY_PROVISIONAL,REJECTED_STRICT_PREDICATE
595bea19ecb90e8f5996f8ff15dca0c9d37cb707ef2641e036945e8d1d7ae490,600644.SH,2025-04-17,4,4,READY_PROVISIONAL,UNRESOLVED_REGIME_OR_EXCEPTION
bceb052fbec23b5bdd1787185aec10074ca19b0097476abf8ec5ecfbb9faf130,600644.SH,2025-04-18,4,4,READY_PROVISIONAL,UNRESOLVED_REGIME_OR_EXCEPTION
c8460aced7d7f2e568257e10f80e016c04a85ee07848ea0e281fccee5cbf4339,600644.SH,2025-04-21,4,4,READY_PROVISIONAL,UNRESOLVED_REGIME_OR_EXCEPTION
6fda753763af2005497726116eca599f37fc6597911ea87f16253f56d8198945,600644.SH,2025-04-22,4,4,READY_PROVISIONAL,UNRESOLVED_REGIME_OR_EXCEPTION
bc805c3a775be33e249aa1647795f99b43bbef30f764a8ba5120020987cf909f,600644.SH,2025-04-25,3,3,READY_PROVISIONAL,REJECTED_STRICT_PREDICATE
8061c98dad77cfa2d93bb814a7e019700e9ab64112ec299b3554f117f8110d72,600648.SH,2024-01-26,3,3,UNVERIFIED_WARMUP,REJECTED_STRICT_PREDICATE
0dc2bade60a25cc0595af2d27de329f630bf321013b41f6d2773d4a248759566,600648.SH,2024-01-29,3,3,UNVERIFIED_WARMUP,REJECTED_STRICT_PREDICATE
fd07172309b665f47319e28ba1875b8483e7704ef042ad12d719391d221b9c1f,600649.SH,2024-09-30,3,3,READY_PROVISIONAL,REJECTED_STRICT_PREDICATE
02bb19af072e451c47902219ad405ef6a333a3182922f5275b30fb16d153ba96,600649.SH,2024-10-08,3,3,READY_PROVISIONAL,REJECTED_STRICT_PREDICATE
1d063dbf5d11facdec0bc13ddd721ed9e7798527b695c8e1d0f007875b3f0a07,600650.SH,2024-07-12,4,4,READY_PROVISIONAL,UNRESOLVED_REGIME_OR_EXCEPTION
f11fa97fd926f9acde1a7e93e2fb412451645afcf36c71d3965ec2d92e34fbba,600650.SH,2024-07-15,5,5,READY_PROVISIONAL,UNRESOLVED_REGIME_OR_EXCEPTION
dfbd896e41cf389ccafdb9ad9551aa761d93d00e3add00403f98c377e6d8067f,600650.SH,2024-07-16,5,5,READY_PROVISIONAL,UNRESOLVED_REGIME_OR_EXCEPTION
65b1f9494eb7f710e43e785fe1a81650790771a3bbe4ac322e35ed6a641ac195,600650.SH,2024-07-17,5,5,READY_PROVISIONAL,UNRESOLVED_REGIME_OR_EXCEPTION
e4d42692dd04ebb9a5be58bd43d8a378697f8f600fdb3ed7a34716028a72d32a,600650.SH,2024-07-18,4,4,READY_PROVISIONAL,UNRESOLVED_REGIME_OR_EXCEPTION
74eac1a0d9fcdac34f06cb2ea678013af8a536196092cee6279c85945f201299,600650.SH,2024-07-19,3,3,READY_PROVISIONAL,REJECTED_STRICT_PREDICATE
dd23b72a5112463f369ca02ac083ef892f44674d75d27e09d4c8d99f3cd25b99,600650.SH,2024-07-22,3,3,READY_PROVISIONAL,REJECTED_STRICT_PREDICATE
8341da57d3a5df7b36c9f0bbe42739c5a00d7f78bc1d22ef60f5c80199daffab,600650.SH,2024-11-21,4,4,READY_PROVISIONAL,UNRESOLVED_REGIME_OR_EXCEPTION
7c1caa97f8ac10baaeeae4e87c5d030fe3275492fdd8da93cd45fdcde6d87db4,600650.SH,2024-11-22,4,4,READY_PROVISIONAL,UNRESOLVED_REGIME_OR_EXCEPTION
07896fa8bf143aedd48c0802a7ba523c41370ce32d966a93fabed83f9c25e641,600653.SH,2024-06-04,4,4,UNVERIFIED_WARMUP,UNRESOLVED_RSI_WARMUP
d438f154bdd9425e985edbc432d81dc5351f70e042e111ceb01eef6452aeec50,600653.SH,2024-06-05,4,4,UNVERIFIED_WARMUP,UNRESOLVED_RSI_WARMUP
8678986fdc97de46fa68799661ba169332b0cacf2d124eaf7602e9ab17aabe5c,600653.SH,2024-10-28,3,3,READY_PROVISIONAL,REJECTED_STRICT_PREDICATE
536ae23dec0ea05766a772ce0b1def440468224d1532aa2c3b2db9fcab74bd8a,600653.SH,2024-10-29,4,4,READY_PROVISIONAL,UNRESOLVED_REGIME_OR_EXCEPTION
b9582243c7820c5a3be235eef555c21662bd50f9fa8c26892b55d99a61e2d76c,600653.SH,2024-10-30,5,5,READY_PROVISIONAL,UNRESOLVED_REGIME_OR_EXCEPTION
702483edae2109e3765d72b2bfa41fe42aa4992b540194170ef2808977b1541d,600653.SH,2024-10-31,5,5,READY_PROVISIONAL,UNRESOLVED_REGIME_OR_EXCEPTION
aeffda33330b7f733094893f427d7e30ca34af410bc059bc7a8f32047a91a252,600653.SH,2024-11-01,4,4,READY_PROVISIONAL,UNRESOLVED_REGIME_OR_EXCEPTION
35630d054aae630b558286710eb85265e26c82ba87a5e5868f8c0434fa2cbe60,600654.SH,2024-11-13,4,4,READY_PROVISIONAL,UNRESOLVED_REGIME_OR_EXCEPTION
74eaf2949c2a93f84618ee9ccdeec02ee7df432bb9f3633612d026912124db44,600654.SH,2024-11-14,4,4,READY_PROVISIONAL,UNRESOLVED_REGIME_OR_EXCEPTION
b04351b97d016d76656cab687078837071286026d5777809719dc381e182a9b8,600654.SH,2024-11-15,4,4,READY_PROVISIONAL,UNRESOLVED_REGIME_OR_EXCEPTION
dbac82b02260b3289f1fdc2d941f3902669bc15a4b590a5e5110b63b426533dc,600654.SH,2024-11-18,4,4,READY_PROVISIONAL,UNRESOLVED_REGIME_OR_EXCEPTION
31e700417cac9d46b32b2bbc1283b09643c4867cf493ef5e61725a50c96dfedb,600654.SH,2024-11-19,4,4,READY_PROVISIONAL,UNRESOLVED_REGIME_OR_EXCEPTION
8a4ec78c61920f15c8b32f30e29d7815cc484c66b8a1d70f17191479f9d5d2b8,600658.SH,2024-09-20,4,4,READY_PROVISIONAL,UNRESOLVED_REGIME_OR_EXCEPTION
b59b8891ec40fb3186e40b248ed6376c9831b96e094f4e73b4bfa7ea5c45288c,600661.SH,2024-02-20,2,2,UNVERIFIED_WARMUP,REJECTED_STRICT_PREDICATE
6399e623c922d07b100a1f03ff47e4b6865d1fe34fa0075ee8aef44f59c5b07e,600661.SH,2024-02-21,2,2,UNVERIFIED_WARMUP,REJECTED_STRICT_PREDICATE
4ac508a4d2bdd34678b1e4253ac9835426f8e7bd0b75231e250d6e31c4033a81,600661.SH,2024-02-22,2,2,UNVERIFIED_WARMUP,REJECTED_STRICT_PREDICATE
e077d0f455a325992328f45957f9c66c98abb81f7db20de7cd2a95c7f6220d12,600661.SH,2024-02-23,2,2,UNVERIFIED_WARMUP,REJECTED_STRICT_PREDICATE
daed9aa1e52efc33097a0e96b1b28b60cb4dbc7f2c501fbca8fa7ee7b313ee07,600661.SH,2024-02-26,2,2,UNVERIFIED_WARMUP,REJECTED_STRICT_PREDICATE
af7794a97186e76236d0aa933e6d0595d3233ff94ae19e2795fa4ffaeedcb97b,600661.SH,2024-10-09,1,1,READY_PROVISIONAL,REJECTED_STRICT_PREDICATE
7e664b0f2f4f23a839287e35fb351eb297878adcbfffea05d161d0df1c22b83b,600663.SH,2024-10-08,2,2,READY_PROVISIONAL,REJECTED_STRICT_PREDICATE
afd56c3aa80ee06a5fdc6ad87710be45c98fbe63aa6257b4e4a25351c3ea8432,600664.SH,2026-07-15,4,4,READY_PROVISIONAL,UNRESOLVED_REGIME_OR_EXCEPTION
ce291ed340767194bec463a0fc5df32a7b28e9fcec2ad7fd55c6058bf95bc03a,600664.SH,2026-07-16,5,5,READY_PROVISIONAL,UNRESOLVED_REGIME_OR_EXCEPTION
82005d5cde53b5907ad6fa335038d6b4265a3bf2a3f6be6aad676b1be6202a8c,600664.SH,2026-07-17,4,4,READY_PROVISIONAL,UNRESOLVED_REGIME_OR_EXCEPTION
fc4e729e6383a146f5746647ec4e96f5c550a3010f4876f0d20ff834aef92d96,600664.SH,2026-07-20,3,3,READY_PROVISIONAL,REJECTED_STRICT_PREDICATE
bd2625e8aee89a08f7a439efbd6ffee87e3d78fc63b654efb1653f187aa76970,600664.SH,2026-07-21,3,3,READY_PROVISIONAL,REJECTED_STRICT_PREDICATE
7a5880af9053ef22758193e92248e4cf0e0becb746c4fdccf0ca2dae9678cb3e,600664.SH,2026-08-12,3,3,READY_PROVISIONAL,REJECTED_STRICT_PREDICATE
8891bf218190bfb73174e78c0ccf92fa1c25e1f4acd736134184af63df6c7973,600664.SH,2026-08-13,3,3,READY_PROVISIONAL,REJECTED_STRICT_PREDICATE
c5f200af693f98e3622611072786b88c0495cf667452a3284b7ff0aadc60ca94,600666.SH,2025-02-11,3,3,READY_PROVISIONAL,REJECTED_STRICT_PREDICATE
7fdbcdd70dbd82a94b482a9ebbd0df7005fb4109beb0b4bfb639913ae59f0e86,600667.SH,2026-06-22,1,1,READY_PROVISIONAL,REJECTED_STRICT_PREDICATE
cd54a282c647a78c1727d3e03179dd21a50def6be66cc34fe9bac3e477e307b1,600667.SH,2026-06-24,2,2,READY_PROVISIONAL,REJECTED_STRICT_PREDICATE
1cfeb78fe098aadab7e378f0770e57b53eab5b47e797f0d5abff4ebf1580d2f6,600667.SH,2026-06-25,3,3,READY_PROVISIONAL,REJECTED_STRICT_PREDICATE
884306022ace9c58e27f410c238e64ee7f3a8344f702c7ffbe045ae1563b37a6,600667.SH,2026-06-26,2,2,READY_PROVISIONAL,REJECTED_STRICT_PREDICATE
169a9d621022684a02d411623e563c51fb38bfd895962d0cedb6ef57dcba12f9,600667.SH,2026-06-29,2,2,READY_PROVISIONAL,REJECTED_STRICT_PREDICATE
aee83c534f8dca457c7e125b23928b4493c4f632738df88778fafa32da60b1cc,600667.SH,2026-06-30,2,3,READY_PROVISIONAL,REJECTED_STRICT_PREDICATE
d251068476a2c6ee08aef547a17861f318c9ff85a0e45fd2f249b06b36e82fd8,600667.SH,2026-07-01,2,3,READY_PROVISIONAL,REJECTED_STRICT_PREDICATE
ef6f4dd25b2d1688513ecf274d296c98771b6cda5f85acbfbc88932aa9ef5aaf,600667.SH,2026-07-02,1,2,READY_PROVISIONAL,REJECTED_STRICT_PREDICATE
5f3781a323a51f6e0afa8724fcd3b58e446254fe3a4a3fd80e590a56d768a7e9,600673.SH,2024-02-08,0,0,UNVERIFIED_WARMUP,REJECTED_STRICT_PREDICATE
22317235afd771c4d07ba3921be3bc6ede640db15caf565b559095a028f1e915,600673.SH,2024-02-19,0,0,UNVERIFIED_WARMUP,REJECTED_STRICT_PREDICATE
b53fb143277f794851c8a31c93448d0ab77aa2943858bc02138d6c42a8ef1b42,600675.SH,2024-01-26,4,4,UNVERIFIED_WARMUP,UNRESOLVED_RSI_WARMUP
f30c14987a6ac41f4a405d889d51c7a1013f5e45c1c845100751baad151b5f92,600675.SH,2024-01-29,5,5,UNVERIFIED_WARMUP,UNRESOLVED_RSI_WARMUP
9ba609f99999076a54da3c51ebe544badf7cb080a93983d330f48087ab490673,600675.SH,2024-01-30,4,4,UNVERIFIED_WARMUP,UNRESOLVED_RSI_WARMUP
695d482d5cc8ae88e4efc262690c4a662fe06998af6b5e4ebe3206ed74fe7113,600676.SH,2024-07-30,4,4,READY_PROVISIONAL,UNRESOLVED_REGIME_OR_EXCEPTION
b520a022d8d8af31a46212e935870df05ff06cfebf23980a7d23c937a4a77268,600676.SH,2026-01-14,3,3,READY_PROVISIONAL,REJECTED_STRICT_PREDICATE
75f33e0346e4864b7cfd35871484303a35be0ba24c1e5103e58cfcd514ba1805,600676.SH,2026-01-15,3,3,READY_PROVISIONAL,REJECTED_STRICT_PREDICATE
ac05f8291786daf2df7761fc8b5461b2f830729db1c9b94e476532c52d8f9fbd,600678.SH,2024-03-01,4,4,UNVERIFIED_WARMUP,UNRESOLVED_RSI_WARMUP
086c1bdb79a124fabe52e6beeb90b139c230f5e0a57564a71a983511daaa8755,600678.SH,2024-03-04,5,5,UNVERIFIED_WARMUP,UNRESOLVED_RSI_WARMUP
094ad9ed63bf3835cdf45739106c21e3e0852437efc72a106c60aa3897e1daec,600678.SH,2024-03-05,4,4,UNVERIFIED_WARMUP,UNRESOLVED_RSI_WARMUP
3f1318895ebeebb5056638fc3985e0b052c8c38633e63554afaec3810e95477c,600678.SH,2024-10-17,4,4,READY_PROVISIONAL,UNRESOLVED_REGIME_OR_EXCEPTION
8a261c5b90cc261c367545b6270c3117d44e57bf74cd25322fd82a278ce5f977,600678.SH,2024-10-18,5,5,READY_PROVISIONAL,UNRESOLVED_REGIME_OR_EXCEPTION
e7b83258327fe7178fb9ee26d9ef939d80848cd3092a264372fe97d9d16810c6,600678.SH,2024-10-21,4,4,READY_PROVISIONAL,UNRESOLVED_REGIME_OR_EXCEPTION
0c7c2668c9ebffad2cb46b130afebe82e63619410b1cd724b837bdb2a587ed73,600678.SH,2025-02-20,4,4,READY_PROVISIONAL,UNRESOLVED_REGIME_OR_EXCEPTION
6198007ee0a1de3a3e434e1e0662721b7dd89c3a699ae431a7d0a42d0b0b4867,600678.SH,2025-02-21,4,4,READY_PROVISIONAL,UNRESOLVED_REGIME_OR_EXCEPTION
2a30f8f57f78ba418f31eb1541a14325d3ca1328ed9155a4dd31b56df65357b7,600679.SH,2024-01-26,4,4,UNVERIFIED_WARMUP,UNRESOLVED_RSI_WARMUP
a3b0a1c57c1bf00ce68064022cd3d5d33d4bae70a66da37b4d6075a790df0412,600679.SH,2024-01-29,5,5,UNVERIFIED_WARMUP,UNRESOLVED_RSI_WARMUP
741454782241bbde8472f4856cd02c00c1628c68c1a5e933e3ffefc7a5057dd5,600679.SH,2024-01-30,4,4,UNVERIFIED_WARMUP,UNRESOLVED_RSI_WARMUP
26e7d28495e5908a5700f3b6e091086e268db125f4507f72873e756f4c77f97c,600679.SH,2024-12-16,3,3,READY_PROVISIONAL,REJECTED_STRICT_PREDICATE
bdf1588f02b6743b6a7124408a03d23f53facd5e7568a9b31af1935d6c3b1ee7,600679.SH,2024-12-17,4,4,READY_PROVISIONAL,UNRESOLVED_REGIME_OR_EXCEPTION
3ba8e455e1939b7c88092d4e375e1a0eb82c20c22be6c94c3ad9033b7b63e6e6,600679.SH,2024-12-18,5,5,READY_PROVISIONAL,UNRESOLVED_REGIME_OR_EXCEPTION
3f2b76d562907982b767f5562d3bc102fd6dd50718b82dca296ca24fedb707ea,600679.SH,2024-12-19,5,5,READY_PROVISIONAL,UNRESOLVED_REGIME_OR_EXCEPTION
24d39af95159f119428f3ac2ee6d1136f08329dbc344f8cd438a8999820adbc7,600679.SH,2024-12-20,4,4,READY_PROVISIONAL,UNRESOLVED_REGIME_OR_EXCEPTION
9fd3a0b4d865bc70887a65ef123661ea26be0989773683f73a55e34a2847b52f,600682.SH,2024-05-13,2,2,UNVERIFIED_WARMUP,REJECTED_STRICT_PREDICATE
0057cf4b97c31c014bc4d259360919d3b190df92e32313ab4a991b6f337da768,600682.SH,2024-05-14,2,2,UNVERIFIED_WARMUP,REJECTED_STRICT_PREDICATE
66bc2d6c97ad10597335e0193abb7a4ed3af53310d3e7756ce704b4cec1bb330,600682.SH,2024-10-08,0,0,READY_PROVISIONAL,REJECTED_STRICT_PREDICATE
6c6c81d0c6fe894d19bf3b7ef1b73f1338cdc2c58a49cce058cfed1bb75f0106,600683.SH,2024-03-27,4,4,UNVERIFIED_WARMUP,UNRESOLVED_RSI_WARMUP
0a987f8a09040580c66fc1986656a74c32a7da8ffe8dd1464ef410f9b18ab6eb,600683.SH,2024-03-28,4,4,UNVERIFIED_WARMUP,UNRESOLVED_RSI_WARMUP
74011d7c310b2a5d9b47fffbf092f0b52d075c9fa9c7a1ad936c0a04a6558a52,600683.SH,2026-02-09,4,4,READY_PROVISIONAL,UNRESOLVED_REGIME_OR_EXCEPTION
1d6446653037b880059a9e2bf6a42312e04385b0210646282ddca5c8be0d017e,600683.SH,2026-03-17,3,3,READY_PROVISIONAL,REJECTED_STRICT_PREDICATE
6015c08c344db3c4febe11c791eb45e5708ebe3b2b480435c75ecbe78f5e3add,600683.SH,2026-03-18,3,3,READY_PROVISIONAL,REJECTED_STRICT_PREDICATE
a8749be7245a734301e72a4d2b7384a8e70879eb46a5d09ab0ee51e716f440cf,600683.SH,2026-08-13,4,4,READY_PROVISIONAL,UNRESOLVED_REGIME_OR_EXCEPTION
2a8fa1216d8b831e0edf94f6161223538ae1511551cb079fcf8eff96a35a3c9e,600686.SH,2024-07-16,2,3,READY_PROVISIONAL,REJECTED_STRICT_PREDICATE
242a1ac6ab8da1f6604ae7b5d402b214a73fd700c97bb98df4e2c0ce4ba05275,600686.SH,2024-07-25,3,3,READY_PROVISIONAL,REJECTED_STRICT_PREDICATE
7908054e9e0c9e828a4163f957dd2b1f317cf916c8d5e918ececad25c02e7a68,600686.SH,2024-07-26,4,4,READY_PROVISIONAL,UNRESOLVED_REGIME_OR_EXCEPTION
911e683c2d393a3206b75060fd80cec10e9cd8a920ab381e68621360190716e7,600686.SH,2024-07-29,4,4,READY_PROVISIONAL,UNRESOLVED_REGIME_OR_EXCEPTION
07e5c691e9bb9fd60b005634c247d78922991a1dc92717a87aa46e073a2a84f4,600686.SH,2024-07-30,4,4,READY_PROVISIONAL,UNRESOLVED_REGIME_OR_EXCEPTION
11fd9183ee6755e93cade3f69de886c0bd95e2e1131a3b64822a92da90ecc68a,600686.SH,2024-07-31,4,4,READY_PROVISIONAL,UNRESOLVED_REGIME_OR_EXCEPTION
f13fcd2140316a24c060f79b2bbe48a0f15c9602933f715658d26e24ebe28cd8,600686.SH,2024-08-01,3,3,READY_PROVISIONAL,REJECTED_STRICT_PREDICATE
2ecff7d85121f623597a7f188a11cda8a006156e38cd00efe7e302f21562417f,600686.SH,2024-08-02,2,2,READY_PROVISIONAL,REJECTED_STRICT_PREDICATE
0b0a2298c90ec0d7f59a3bba9121aa094b006c0d16395076ced56f6fd9182c71,600686.SH,2024-08-15,3,3,READY_PROVISIONAL,REJECTED_STRICT_PREDICATE
536131e0a4587f28e34745e45ba37435c8dc3b1fc0b75ce4a29250fec4045d58,600689.SH,2024-01-29,2,2,UNVERIFIED_WARMUP,REJECTED_STRICT_PREDICATE
bbb1e88ba60ec9cfafa99b4768323070addcec74da946372fa30af36d0d450ee,600693.SH,2024-12-16,3,3,READY_PROVISIONAL,REJECTED_STRICT_PREDICATE
4a4099a1dfbe7373dc802b897aed7e4ff8ced6d20878258468162788b31fda1e,600693.SH,2024-12-30,4,4,READY_PROVISIONAL,UNRESOLVED_REGIME_OR_EXCEPTION
b105638289e0749bd8145551eb3c4d41a17caa006e77f225f8fe712dd763764e,600693.SH,2024-12-31,5,5,READY_PROVISIONAL,UNRESOLVED_REGIME_OR_EXCEPTION
96b59494f3828f0b4e018b472dcc1a8cb1b98a927be80eb7eee176a6c63a09f7,600693.SH,2025-01-02,5,5,READY_PROVISIONAL,UNRESOLVED_REGIME_OR_EXCEPTION
0de64f618d6b37be4aa708202e4344fc768aa7028d039e1e66f753f2f90fe433,600693.SH,2025-01-03,5,5,READY_PROVISIONAL,UNRESOLVED_REGIME_OR_EXCEPTION
51f0921ec0c0584241c28bb7ddcbc610ed69be88e9e4f508a267d6a66146417d,600693.SH,2025-01-06,4,4,READY_PROVISIONAL,UNRESOLVED_REGIME_OR_EXCEPTION
fad017ef8ff644206b4ae1b515c2d57fa1da981d5932897acdc273c8eaa909a0,600693.SH,2025-11-13,4,4,READY_PROVISIONAL,UNRESOLVED_REGIME_OR_EXCEPTION
037a444a01f54f67b65ca901f388194557c57f13ba811ec9a6b761e56a765ccd,600693.SH,2025-11-14,5,5,READY_PROVISIONAL,UNRESOLVED_REGIME_OR_EXCEPTION
06179f93044de5c4326deae242cf2188dc52fdbcda404cb55744b1a70ecd2c1a,600693.SH,2025-11-17,4,4,READY_PROVISIONAL,UNRESOLVED_REGIME_OR_EXCEPTION
0099ea9ecb76fffe7174583e63e0cf1482d545797b213884265e3a085673509b,600693.SH,2025-11-18,3,3,READY_PROVISIONAL,REJECTED_STRICT_PREDICATE
fd33b321fefa4f42f4cdc04eb72638cf83cc52d2b0c9de9a2e9140355adee580,600693.SH,2025-12-10,4,4,READY_PROVISIONAL,UNRESOLVED_REGIME_OR_EXCEPTION
24a4cb8507f97d44fa1e51e65b9ab7435230581aab68b70d6111bd6ed70df692,600693.SH,2025-12-11,5,5,READY_PROVISIONAL,UNRESOLVED_REGIME_OR_EXCEPTION
8374c10cccbcb26a6f4681eb3cc5787db2f1ec10730aa6c8950eff293471e1e1,600693.SH,2025-12-12,4,4,READY_PROVISIONAL,UNRESOLVED_REGIME_OR_EXCEPTION
b141aa7ea5e8c8879f7ff45866149938962c5b6ef77033c0e9fdcad62162293e,600693.SH,2025-12-15,4,4,READY_PROVISIONAL,UNRESOLVED_REGIME_OR_EXCEPTION
d8016602f85eeba388531236b14d228c99262a6a5f707ba9b829cc609412beaa,600693.SH,2025-12-16,3,3,READY_PROVISIONAL,REJECTED_STRICT_PREDICATE
9b1e481887abda1ef4cded1a211862f669ebb5dd2c1c66ac7b7ed25471e22af2,600697.SH,2025-04-11,3,3,READY_PROVISIONAL,REJECTED_STRICT_PREDICATE
a43cc5ec9d3de6095f59512fc611091fc995ecc39d0cb9a0d3e5a8497e8797ab,600699.SH,2025-09-18,3,3,READY_PROVISIONAL,REJECTED_STRICT_PREDICATE
f95cf37bdf83e4fbf1df9a1b931bfbec36416d2b8c8ce27fc3fd20ad4005b79b,600699.SH,2025-09-19,3,3,READY_PROVISIONAL,REJECTED_STRICT_PREDICATE
79d1ece896062a291a777fa97b439742899154143402812c4f60ccd0a742c890,600702.SH,2024-09-30,3,3,READY_PROVISIONAL,REJECTED_STRICT_PREDICATE
f5c79d022aecca6feb969154ff80fe22636c544849ec5f69d10d813da62f725e,600702.SH,2024-10-08,4,4,READY_PROVISIONAL,UNRESOLVED_REGIME_OR_EXCEPTION
2118cb65c64f70e44e2e97896e28f4981f2dabf2a01a9571ed3c6dceb43f97f5,600702.SH,2024-10-09,4,4,READY_PROVISIONAL,UNRESOLVED_REGIME_OR_EXCEPTION
05c6593745faf2982dd69a419bc597e04d1377c8195eafd9e1d300008fdeb926,600702.SH,2024-10-10,3,3,READY_PROVISIONAL,REJECTED_STRICT_PREDICATE
32a69b6ad6a115c57fb9d127140bb8cd0eec496fc993aaf1b09b97aa5b47ad61,600708.SH,2024-01-29,3,3,UNVERIFIED_WARMUP,REJECTED_STRICT_PREDICATE
0b001f7bd9f1647bc910fe95a6fe324f91103486760803503f0e3b1974329740,600708.SH,2024-01-30,3,3,UNVERIFIED_WARMUP,REJECTED_STRICT_PREDICATE
8e265de816b1973bc5eeae0852b313f8ec97f4d277bbd551e664743b3579b67d,600711.SH,2024-07-15,2,2,READY_PROVISIONAL,REJECTED_STRICT_PREDICATE
c2415969b16a47f8e617e0a4dce46d5e08c2c89ecf396b13a4abde5a032e5470,600712.SH,2024-10-30,3,3,READY_PROVISIONAL,REJECTED_STRICT_PREDICATE
35fe9d99570c84197182a2796fa927a1628f563a1b062cec47249a82b018ac01,600714.SH,2024-05-22,4,4,UNVERIFIED_WARMUP,UNRESOLVED_RSI_WARMUP
4c8d9b99c60a7e705f5dc88b9a7e282bb4ea7fe197171220c1e282a2045e7044,600714.SH,2024-05-23,4,4,UNVERIFIED_WARMUP,UNRESOLVED_RSI_WARMUP
3046090aa276bb71cc7ea8285251ce2a6562e26746f4853e5ebc5881a3763c51,600715.SH,2024-02-22,1,1,UNVERIFIED_WARMUP,REJECTED_STRICT_PREDICATE
af539f3051bafffe2a22208304f6f8ce74355590da62683e073f645d774646f5,600715.SH,2024-02-23,2,2,UNVERIFIED_WARMUP,REJECTED_STRICT_PREDICATE
e09456645b4722b68ea61c9ebecb8e4b09ce324f0666dde5558095fdc98a11f2,600715.SH,2024-02-26,3,3,UNVERIFIED_WARMUP,REJECTED_STRICT_PREDICATE
a79a0177c081150894b79204d94b32f4acf1a118de99bed113836dc7a23b7ee7,600715.SH,2024-02-27,3,3,UNVERIFIED_WARMUP,REJECTED_STRICT_PREDICATE
c4743834ed43b047633afc66a5abb449839400d8b61f7edfcd4a333807aa9fd6,600715.SH,2024-03-06,4,4,UNVERIFIED_WARMUP,UNRESOLVED_RSI_WARMUP
e45aeda18015909984a274fdf170f87f3864b4cbb28fe7ba3183b3d8978fb5d3,600715.SH,2024-03-07,5,5,UNVERIFIED_WARMUP,UNRESOLVED_RSI_WARMUP
dacc4eca7f92023959033a426fe7433a137b420700adecb203fc61c1dd45b2b3,600715.SH,2024-03-08,4,4,UNVERIFIED_WARMUP,UNRESOLVED_RSI_WARMUP
91ec94dd6194d7e5463b3e034eb18d1d8d62209cff19736222ed00a855d7f63f,600715.SH,2024-03-11,3,3,UNVERIFIED_WARMUP,REJECTED_STRICT_PREDICATE
7bbc944b1542f036bbbf44c27468ffaf9af8b6c96c13e081a6e6d0022bc33292,600719.SH,2026-05-12,3,3,READY_PROVISIONAL,REJECTED_STRICT_PREDICATE
b5dc504fb7480da455b6f6240073c37e982f3043f29ef295c4132f33079fbe70,600721.SH,2024-08-05,4,4,READY_PROVISIONAL,UNRESOLVED_REGIME_OR_EXCEPTION
ce7461fb4f616f2f9849ff6a941f38c721388e07d755f69505e301721e59ecd1,600721.SH,2026-08-07,4,4,READY_PROVISIONAL,UNRESOLVED_REGIME_OR_EXCEPTION
340207b9753b3da5a8b51104fad81ad139e49cfd73a1611196078393ad7bdbbb,600721.SH,2026-08-10,5,5,READY_PROVISIONAL,UNRESOLVED_REGIME_OR_EXCEPTION
2b76c5f9f6adc2d126a3a3cf544923ea659fbececab92b4d6dfb5fe1507c5094,600721.SH,2026-08-11,5,5,READY_PROVISIONAL,UNRESOLVED_REGIME_OR_EXCEPTION
a465ac8643188fec8c5fd97b1088a47293bab221399087ca6f360f1ae3d4720e,600721.SH,2026-08-12,5,5,READY_PROVISIONAL,UNRESOLVED_REGIME_OR_EXCEPTION
9cfc20f4d4ca06836110733f202025ac8969c2cfe7f26c0fb4055cb20216d878,600721.SH,2026-08-13,4,4,READY_PROVISIONAL,UNRESOLVED_REGIME_OR_EXCEPTION
5a89cb9dc16424963cdc6b310e260a775c33a6ba448af8e44fb41c11c0e65ac0,600722.SH,2025-06-18,4,4,READY_PROVISIONAL,UNRESOLVED_REGIME_OR_EXCEPTION
25e559d76a46b03a7936fe855f3d316f7777935525f80fba722102c7baab60bb,600722.SH,2025-06-19,4,4,READY_PROVISIONAL,UNRESOLVED_REGIME_OR_EXCEPTION
7e3da5adb5cf1b72ae6f0e5969ee33e9f44413d78365000e0b81cf2ba0aed144,600722.SH,2025-06-20,3,3,READY_PROVISIONAL,REJECTED_STRICT_PREDICATE
66dc4c352a8b77c483c8f32ff6a395bcb3bb8adbc6c1bcfe24f60cef73fa2cdb,600722.SH,2025-06-23,2,2,READY_PROVISIONAL,REJECTED_STRICT_PREDICATE
e1b7d843da77ec9662bdc1b566abdabacfc0f2f5cfb345002b7f77fd0834def4,600722.SH,2026-03-06,3,3,READY_PROVISIONAL,REJECTED_STRICT_PREDICATE
ab8d282a9a287276b0368cc7e956802d6c9ca0901cfae061f05f1f90b1ce2053,600722.SH,2026-03-16,3,3,READY_PROVISIONAL,REJECTED_STRICT_PREDICATE
df46f959f32e459a3846d59ca276cbe3624a1445e999a4bcc0a78ebde13b20bd,600722.SH,2026-03-17,3,3,READY_PROVISIONAL,REJECTED_STRICT_PREDICATE
281a35de5e4bbc83e0b4a52ecb796e3c747852dd91d2bc56472afe35bc470ee1,600722.SH,2026-09-02,2,2,READY_PROVISIONAL,REJECTED_STRICT_PREDICATE
d5160bb12b3c97524a41985054708f7839b1aeb58e159fcad7b3e052365ab046,600724.SH,2024-10-31,2,2,READY_PROVISIONAL,REJECTED_STRICT_PREDICATE
3c78c5327bf6082e75a57319da2b16b0964a4fffe0afb30b314ece7604751c63,600726.SH,2026-03-13,4,4,READY_PROVISIONAL,UNRESOLVED_REGIME_OR_EXCEPTION
a1689205412bf2ca63282eafe734c4c070f743e0d837ce5c9573e5ce31ebe57e,600726.SH,2026-03-16,4,4,READY_PROVISIONAL,UNRESOLVED_REGIME_OR_EXCEPTION
8c4933012b8a90448f9a0eb0461c74b31cb9c3584a90bb059793c28991e8edec,600726.SH,2026-03-24,2,2,READY_PROVISIONAL,REJECTED_STRICT_PREDICATE
75cf603309a59d6b98a69656b493175e5b3f491102e67832fef0d6640c230447,600726.SH,2026-03-25,3,3,READY_PROVISIONAL,REJECTED_STRICT_PREDICATE
c7d73a126218c49d060547ee0f139cb4a194e0a01e301de52b882b5b0c905d3d,600726.SH,2026-03-26,3,3,READY_PROVISIONAL,REJECTED_STRICT_PREDICATE
201715becbc5f48a32c8e677841e5f1d78a35db9aed9b9e5712368cedc97d3b7,600726.SH,2026-04-28,4,4,READY_PROVISIONAL,UNRESOLVED_REGIME_OR_EXCEPTION
af14dacd2871312a5d651af2923bfea146f728c9ab60ad51d961f43e8ab0bcbc,600726.SH,2026-04-29,4,4,READY_PROVISIONAL,UNRESOLVED_REGIME_OR_EXCEPTION
9c888b41d937c0b90849868de8940773b541792c27be1bc9acc03e6d6dce2bff,600726.SH,2026-05-28,4,4,READY_PROVISIONAL,UNRESOLVED_REGIME_OR_EXCEPTION
11433fb887029d97f40f9bd2a3f7215fb15738da12f5a460ae5fc7e5c507c00e,600726.SH,2026-05-29,5,5,READY_PROVISIONAL,UNRESOLVED_REGIME_OR_EXCEPTION
06980d4a0bd98a6483dab751e8ee0e91bf6b1a06e9d5d5e120b3294039e41c5c,600727.SH,2024-05-06,4,4,UNVERIFIED_WARMUP,UNRESOLVED_RSI_WARMUP
c1b78fd55c45a8b11f5fa8a9d2f85b1c87dc85dd7832943401d9e912f3378bde,600729.SH,2024-09-30,0,0,READY_PROVISIONAL,REJECTED_STRICT_PREDICATE
fb86a96ed98a9336f7fd7cb75ef2606363045fd028ef30389dfe23614be6feee,600732.SH,2024-09-30,1,1,READY_PROVISIONAL,REJECTED_STRICT_PREDICATE
fe99adff533f0512a19bc4d0214219af125fa42e9144161ff9edc366feb25f8e,600732.SH,2024-10-08,1,1,READY_PROVISIONAL,REJECTED_STRICT_PREDICATE
669005d4386f20b36d6580fd456f58c3539e5ce8ae0060afe9b580db710a6655,600732.SH,2024-11-12,2,2,READY_PROVISIONAL,REJECTED_STRICT_PREDICATE
61fe82d11d3f46ff15a4e8e93e5a6670c6e60036a18f66d909a1e6cbac6c9c43,600733.SH,2024-03-01,1,1,UNVERIFIED_WARMUP,REJECTED_STRICT_PREDICATE
189c51b2b2682429e9bf8844f3f571aceec00094a4c67cfa4707834fce9ae393,600734.SH,2025-11-25,4,4,READY_PROVISIONAL,UNRESOLVED_REGIME_OR_EXCEPTION
bd94bd7a02f684306b9b1d2aeef735aa5a0e87ea8890d1a4fa0cd8dfa6373e1a,600734.SH,2025-11-26,5,5,READY_PROVISIONAL,UNRESOLVED_REGIME_OR_EXCEPTION
18f153fc86626a3d7cf6ddd90e9fac0ec8ce848e82a756b788e18bf1d7f6b83c,600737.SH,2025-08-15,2,3,READY_PROVISIONAL,REJECTED_STRICT_PREDICATE
0b9f184e08403e02f64d396e6d42113667c338e35226a856e8bc071f9be106ed,600737.SH,2025-08-18,3,4,READY_PROVISIONAL,UNRESOLVED_REGIME_OR_EXCEPTION
e31f8677dd4a95ca18edd8fd5209f17da773ddaa44eff445858785e4ca347e0e,600737.SH,2025-08-19,3,4,READY_PROVISIONAL,UNRESOLVED_REGIME_OR_EXCEPTION
106ab64055fac705af3778dbe2ffa2273b7df0d78504922bf5559d089a52e491,600739.SH,2024-09-27,0,0,READY_PROVISIONAL,REJECTED_STRICT_PREDICATE
d878ab8d6a142d2f11d51d5c12c03ff6f2c39a9e53484e0d5b00f2e04068080c,600739.SH,2024-09-30,1,1,READY_PROVISIONAL,REJECTED_STRICT_PREDICATE
995c437425e9a6e64b04c218853a6b085d37b4e7332291300fb2fc6e12ed24e8,600739.SH,2024-10-08,2,2,READY_PROVISIONAL,REJECTED_STRICT_PREDICATE
b32e5cea762e60fa982ce8b75f006dd5667e980bea343d60e154c24aace08323,600739.SH,2024-10-09,2,2,READY_PROVISIONAL,REJECTED_STRICT_PREDICATE
89dd7080f172121ddaf4e01878ca9ce22e5be371004f0d3fd653c993c1438c69,600743.SH,2024-12-11,4,4,READY_PROVISIONAL,UNRESOLVED_REGIME_OR_EXCEPTION
4847342f46ba1e18079d63c52ff1c0861a98a9179e5b567efced2dedbfe47efd,600743.SH,2024-12-12,4,4,READY_PROVISIONAL,UNRESOLVED_REGIME_OR_EXCEPTION
ef78edc5f9f334886d1f3cf4456f865d25082a1df895ac42e65f3a9d6ec002ae,600743.SH,2026-04-10,4,4,READY_PROVISIONAL,UNRESOLVED_REGIME_OR_EXCEPTION
7d10536a19f22bd7f68652e35f09f74f0e7b091c15ae3d4db3daad5c631f999c,600743.SH,2026-04-13,5,5,READY_PROVISIONAL,UNRESOLVED_REGIME_OR_EXCEPTION
62f20adf19152a0e58a6daf57484f7413e5a08fb793bd43599326b022bbbc3f7,600743.SH,2026-04-14,5,5,READY_PROVISIONAL,UNRESOLVED_REGIME_OR_EXCEPTION
01c14eacb4d46e28a241c670d4e4754985b017ffb54f08266c6490654f5e1178,600743.SH,2026-04-15,4,4,READY_PROVISIONAL,UNRESOLVED_REGIME_OR_EXCEPTION
ff5c2e93d15fc57ca5b09fd741a5447c5b938b9f1c5d341ab5dc7432abfd844a,600744.SH,2025-04-29,3,3,READY_PROVISIONAL,REJECTED_STRICT_PREDICATE
fe6efdbf295a3315d0c07cfdadd7e18844a76862fbd10efb3c82db999520aa9e,600744.SH,2025-07-07,4,4,READY_PROVISIONAL,UNRESOLVED_REGIME_OR_EXCEPTION
d677da5427fa2597484c84c688c92a0001216d60a544a1c815dee493208265e7,600744.SH,2025-07-08,4,4,READY_PROVISIONAL,UNRESOLVED_REGIME_OR_EXCEPTION
05c8a2dfb918a8acb194d578c728ea4141a1ce036ec5400cbff5124cb993d398,600744.SH,2025-07-09,5,5,READY_PROVISIONAL,UNRESOLVED_REGIME_OR_EXCEPTION
ac73d5919152a0572d24126a4eee99e78acc7023ecea70bcfc8ae0d347802395,600744.SH,2025-07-10,4,4,READY_PROVISIONAL,UNRESOLVED_REGIME_OR_EXCEPTION
296443c2e33a579cb40c64cc511926cbbcb44f1f699e281e7410a2506909a90c,600744.SH,2025-07-11,3,3,READY_PROVISIONAL,REJECTED_STRICT_PREDICATE
ec2555175f59dabe7a963e78dcbcd908b1a84f1b592644abe0e108e4014cda88,600744.SH,2025-07-14,2,2,READY_PROVISIONAL,REJECTED_STRICT_PREDICATE
b510b2d65f64bdb9dedef87b606e6fc2dbacbaa4fe1f9e58bd05dd2427dd90ea,600748.SH,2025-10-20,2,2,READY_PROVISIONAL,REJECTED_STRICT_PREDICATE
650fa76172590374bfc86f9514585a8f9152adfed75c304e1992b1d46327a630,600748.SH,2025-10-21,3,3,READY_PROVISIONAL,REJECTED_STRICT_PREDICATE
d5ff7e95dce6125f921b22694d6242035b5a70c5bc9eac0eb50c3f6ef991e67a,600748.SH,2025-10-22,2,2,READY_PROVISIONAL,REJECTED_STRICT_PREDICATE
ee48563a57783ba6236010fb86ed36907926da379b84685105d87e622319a449,600748.SH,2025-10-23,1,1,READY_PROVISIONAL,REJECTED_STRICT_PREDICATE
b8253668a204c45ef63645813f14474438395f9dfcef8da6305b8a163be02d67,600749.SH,2025-07-24,4,4,READY_PROVISIONAL,UNRESOLVED_REGIME_OR_EXCEPTION
43c36a02068ac0d8085017950c83c02c9d9a32a7e0c037de374148752008422e,600749.SH,2025-07-25,5,5,READY_PROVISIONAL,UNRESOLVED_REGIME_OR_EXCEPTION
1d33b59a08c2323c8e8b2e9e3dac8a9b453ed1bdd5fdbc2be94fa9545ad911e6,600749.SH,2025-07-28,5,5,READY_PROVISIONAL,UNRESOLVED_REGIME_OR_EXCEPTION
abbdc971dc71cb80f2663dc61b92595195c6734c926e006400c9d025ce62d9ca,600749.SH,2025-07-29,5,5,READY_PROVISIONAL,UNRESOLVED_REGIME_OR_EXCEPTION
28e136f6a81cdc6489abcaf7342adc461261ba12a25fe9d5711a2da61fbdbcb9,600749.SH,2025-07-30,5,5,READY_PROVISIONAL,UNRESOLVED_REGIME_OR_EXCEPTION
ef646394600953e0f5699b442a759571cc821fb9e0ae810cf8d4a75dee361fbc,600749.SH,2025-07-31,5,5,READY_PROVISIONAL,UNRESOLVED_REGIME_OR_EXCEPTION
5253e8333a98c9537a721c2af6fcab4cd04408b54b5d70bffa3cdbfda99197c2,600749.SH,2025-08-01,4,4,READY_PROVISIONAL,UNRESOLVED_REGIME_OR_EXCEPTION
1b35d61719ac3568bd161b20273a2edd352901b85fa8c3f4941d37fb0b3361b0,600753.SH,2024-02-22,0,0,UNVERIFIED_WARMUP,REJECTED_STRICT_PREDICATE
cd5326a82bdc1c2454bd0ea6cf41998639178c9a0423d57fcca6656ff67f04bc,600753.SH,2024-02-23,0,0,UNVERIFIED_WARMUP,REJECTED_STRICT_PREDICATE
48b14eb38c8226a894844d6ac6e851907ecd8934045a0ea3ca0a6baf6fe27d6e,600753.SH,2024-02-26,0,0,UNVERIFIED_WARMUP,REJECTED_STRICT_PREDICATE
fe3fc1749333a2ca951f23803fd38ce560fac52a14c780f416c7a253210f0927,600754.SH,2024-09-30,1,2,READY_PROVISIONAL,REJECTED_STRICT_PREDICATE
f5f9640cae991e8980c558b89bfd162b3c320879007f07cb4e7d3a5e970f6577,600756.SH,2024-10-08,1,1,READY_PROVISIONAL,REJECTED_STRICT_PREDICATE
ebebb655ff1144c88a10522eaf47811c17e778c072e831dd8d04cc64b58f21a7,600756.SH,2024-10-09,1,1,READY_PROVISIONAL,REJECTED_STRICT_PREDICATE
36490099161b5329bd303857254e332bc0fc4ca538820a037764dd1792ed3964,600756.SH,2025-11-21,3,3,READY_PROVISIONAL,REJECTED_STRICT_PREDICATE
a5dce008753736101c7b2f664158a14affda9df6d5f1bb4113efe74cd7913c01,600758.SH,2026-03-26,3,3,READY_PROVISIONAL,REJECTED_STRICT_PREDICATE
fe07161bd9c461cbbda1899d3aff7cd35576345a6faab853ca820bb732cd47a2,600759.SH,2026-03-05,3,3,READY_PROVISIONAL,REJECTED_STRICT_PREDICATE
056e1f11b2679cfaea7bab4e100fd3fe267cb019bd2ea527203df55aba8edd9e,600759.SH,2026-03-06,3,3,READY_PROVISIONAL,REJECTED_STRICT_PREDICATE
ca81d309af2ee578251af6f6e68cdee472bb13bb436ff971bf6d7f343ac3a502,600760.SH,2024-11-08,3,3,READY_PROVISIONAL,REJECTED_STRICT_PREDICATE
b461546a2c9726eb9675b88a7fe28154d4497587b69a2238487a941e4bccbcc6,600763.SH,2024-09-30,1,1,READY_PROVISIONAL,REJECTED_STRICT_PREDICATE
85412619e238c5d2ea946d051f182076c90603f53959573a4692f235e95966b2,600763.SH,2024-10-08,1,1,READY_PROVISIONAL,REJECTED_STRICT_PREDICATE
89fe47c6e8bef079c02b81d606dd899933f1c8d4cd2a05fc50757e7cbf0bbfad,600769.SH,2024-10-31,3,3,READY_PROVISIONAL,REJECTED_STRICT_PREDICATE
15f70492d3efe1b08888d647821501115c4c04fcf25515c61ed9b1f37de2fa37,600769.SH,2026-05-14,1,1,READY_PROVISIONAL,REJECTED_STRICT_PREDICATE
94cd9d8741079307ec5f98475a0905f419120db365683e84b3dc58d87475f9ca,600769.SH,2026-05-15,1,1,READY_PROVISIONAL,REJECTED_STRICT_PREDICATE
6370063b28f8192fe4d1a7913cb565c295a9ec2f2734d8a50917109f0b991acb,600769.SH,2026-05-18,1,1,READY_PROVISIONAL,REJECTED_STRICT_PREDICATE
11a51ac8907134c911e9830885c89c979bc8266f72448e082123e96f21a80889,600770.SH,2024-10-22,4,4,READY_PROVISIONAL,UNRESOLVED_REGIME_OR_EXCEPTION
86b73cfdc15311e3bfb02a4edee117af0a7f501ac095b679af7f1791b5a4cde4,600770.SH,2024-10-23,4,4,READY_PROVISIONAL,UNRESOLVED_REGIME_OR_EXCEPTION
6a71238a21acf5ce337c114f0abdad1a6d063b1e95f0afbdd0e6fd7c45841f5b,600770.SH,2024-10-30,2,2,READY_PROVISIONAL,REJECTED_STRICT_PREDICATE
9e7fb594b0516a1f5a5b345df4e9613deeb43ce7d02776ddd88b84556b5e8ea5,600770.SH,2024-10-31,2,2,READY_PROVISIONAL,REJECTED_STRICT_PREDICATE
cc6a941c5468e99cec0632da1cab719d0745444446a5d89d9b0a3c48fbc409dd,600770.SH,2025-05-20,4,4,READY_PROVISIONAL,UNRESOLVED_REGIME_OR_EXCEPTION
80f754292fa8f61808ff2a05f4a1a0935e2f646487a345abfac0602c7a9a07e1,600770.SH,2025-05-21,4,4,READY_PROVISIONAL,UNRESOLVED_REGIME_OR_EXCEPTION
14798de383f86357953bfaea01f8a2f99b560c6ef04bd40662c8d3255c83ca27,600770.SH,2025-05-22,3,3,READY_PROVISIONAL,REJECTED_STRICT_PREDICATE
136c1ce6fc8a2c3aa22937fa549d332e0ef54da6306b18c612f603ea5fc64f93,600770.SH,2025-05-23,3,3,READY_PROVISIONAL,REJECTED_STRICT_PREDICATE
2ad7cf0d008619b9f592421206562119695e6e376cd01e4e97bc8bc2256ded27,600775.SH,2026-01-08,4,4,READY_PROVISIONAL,UNRESOLVED_REGIME_OR_EXCEPTION
062bed7b7d25d3385ecc8de91801dd964fa881188d72dab64642be4aacbb5d11,600775.SH,2026-01-09,4,4,READY_PROVISIONAL,UNRESOLVED_REGIME_OR_EXCEPTION
a3d44032cb3dd2d6f4f4c6b461841ae1b87e80a81d39f3fdde65c6d706df5352,600775.SH,2026-01-12,3,3,READY_PROVISIONAL,REJECTED_STRICT_PREDICATE
a40b18c4c4968d31ac681535b8e72a68376feb843d09365b53bc62003ab2c1d5,600776.SH,2026-01-14,3,3,READY_PROVISIONAL,REJECTED_STRICT_PREDICATE
1772af4d845664bcbd1d64fae0818ef7de42879eff54d06cafabbef058e9fb54,600776.SH,2026-01-15,3,3,READY_PROVISIONAL,REJECTED_STRICT_PREDICATE
1662ab27ec5af3473de81ef2feb5108bad4f0c0347e9d164cb8faec0b4118335,600777.SH,2025-07-14,0,0,READY_PROVISIONAL,REJECTED_STRICT_PREDICATE
eef0cf3285b6343f4afdbff70e77f9a44d95046863fa0190674eb9af46da9e17,600777.SH,2025-07-15,0,0,READY_PROVISIONAL,REJECTED_STRICT_PREDICATE
5cbff0356de24439ec5d29c9aa402cf5024b5df01365f2f505d47534c4480173,600778.SH,2024-12-13,4,4,READY_PROVISIONAL,UNRESOLVED_REGIME_OR_EXCEPTION
c1849053da93dc1565970fe8be7ef150a3bc43a1bb30b6604089d57267820cb2,600778.SH,2024-12-16,5,5,READY_PROVISIONAL,UNRESOLVED_REGIME_OR_EXCEPTION
ad801fb3ba9e99ac56ec9afdb960875b25f7fff666fa90c2528177faab061487,600778.SH,2024-12-17,4,4,READY_PROVISIONAL,UNRESOLVED_REGIME_OR_EXCEPTION
c90f2c7bcf979a33d0b7841dbf74fd55228446f0f20bed3bcca8f1ba932460c7,600779.SH,2024-10-08,3,3,READY_PROVISIONAL,REJECTED_STRICT_PREDICATE
53f2b9614d591324845b322af7004cdd66cd000202cc0404c9c92c744432a44c,600783.SH,2025-12-26,3,3,READY_PROVISIONAL,REJECTED_STRICT_PREDICATE
e07ef24c8171c28b1636850afe7fb4049443c48e271783b111794bad6a3748de,600783.SH,2025-12-29,4,4,READY_PROVISIONAL,UNRESOLVED_REGIME_OR_EXCEPTION
3038430d14c884a1f705e5138a674276b0b4f1dae5101f22cd02392050cab723,600783.SH,2025-12-30,4,4,READY_PROVISIONAL,UNRESOLVED_REGIME_OR_EXCEPTION
e4fb0308c442b7ef06b38d07f0776f583231b8bc533aec852c94c09abc19b8a3,600783.SH,2025-12-31,4,4,READY_PROVISIONAL,UNRESOLVED_REGIME_OR_EXCEPTION
d3a521d34dd930b744b026a963aea9a713e516e82610b942bbaf6cb1f0a595c5,600783.SH,2026-01-08,4,4,READY_PROVISIONAL,UNRESOLVED_REGIME_OR_EXCEPTION
b92d214931d04e106d0b564df7168119bc371f7b8b98326cc7d4f4b30ca52839,600783.SH,2026-01-09,4,4,READY_PROVISIONAL,UNRESOLVED_REGIME_OR_EXCEPTION
1c12a5c1ded085a83048933d0217f509ed438ae0f92c310dcc01b7ef9ceefbe7,600783.SH,2026-01-12,5,5,READY_PROVISIONAL,UNRESOLVED_REGIME_OR_EXCEPTION
6f6bcb0974f1a529109e6fd045fa47a0f59114327726bf24bc152fd80ae7976e,600783.SH,2026-01-13,5,5,READY_PROVISIONAL,UNRESOLVED_REGIME_OR_EXCEPTION
3f2dd4e0aca6c3ded72854e1db564e8222ea5fbfdc5c1b4850886ad454ea608b,600783.SH,2026-01-14,4,4,READY_PROVISIONAL,UNRESOLVED_REGIME_OR_EXCEPTION
e5fe1aec1d567d79cbac04a01746b1702b7b1ae1d27ee1a9165f76c7c920f2b2,600785.SH,2026-01-19,4,4,READY_PROVISIONAL,UNRESOLVED_REGIME_OR_EXCEPTION
a62f6f7482c218a7c031841033495a627958999827681791fa24a543b9ed3314,600785.SH,2026-01-20,4,4,READY_PROVISIONAL,UNRESOLVED_REGIME_OR_EXCEPTION
83e5b07ff5d8e785f0575d4a13bb0ca2b49e2fd288c1e309086431da28043830,600789.SH,2024-05-08,3,3,UNVERIFIED_WARMUP,REJECTED_STRICT_PREDICATE
6ccf965c185fd594476c3a97225aace814f495006346c93c69b7ee363c5f69bd,600789.SH,2024-05-09,3,3,UNVERIFIED_WARMUP,REJECTED_STRICT_PREDICATE
cbd149c3dfad4254cb19aed7fa1a5e0198558c1f5a515f44bcb61acc29dcacdc,600789.SH,2024-05-10,2,2,UNVERIFIED_WARMUP,REJECTED_STRICT_PREDICATE
a56f32a4efd77d0417fda59a69ca839fb1009bbb30f4a8deb61a2adae27edbc8,600789.SH,2024-05-13,1,1,UNVERIFIED_WARMUP,REJECTED_STRICT_PREDICATE
d2f542f7f9a9599a0ea8bc80701addd6d909b266bac1cfbfb6f7bffd2b4250a5,600789.SH,2024-05-14,1,1,UNVERIFIED_WARMUP,REJECTED_STRICT_PREDICATE
ce43c0f7f73e9d2a1774812a4f41de761c157837b3865dce882cdd7befeefde6,600791.SH,2026-04-09,1,1,READY_PROVISIONAL,REJECTED_STRICT_PREDICATE
c26c65dea554988e8a9f4294802e755138c3cc6fda1cb3a558dc554c1fc4d960,600793.SH,2024-12-11,4,4,READY_PROVISIONAL,UNRESOLVED_REGIME_OR_EXCEPTION
cc1dbc18ba4416905ac9decb69e4d5c37234c353c91c3b801c394863660beea8,600793.SH,2024-12-12,5,5,READY_PROVISIONAL,UNRESOLVED_REGIME_OR_EXCEPTION
6edba2a6e6b4af05b785c73f0003045c35192973f211c842f462f9b2cfc81bef,600793.SH,2024-12-13,5,5,READY_PROVISIONAL,UNRESOLVED_REGIME_OR_EXCEPTION
86919cee15f633143d9c7df60a18a95496d3bedf26cb6d47251325457a0092ca,600793.SH,2024-12-16,5,5,READY_PROVISIONAL,UNRESOLVED_REGIME_OR_EXCEPTION
575ad4cbe14c38d04c4f46d31e787899360971972687baff057f6a06f3ea7aaa,600793.SH,2024-12-17,4,4,READY_PROVISIONAL,UNRESOLVED_REGIME_OR_EXCEPTION
9c6df8fd1e279144039a146db7a2fc4f353307995f8c6b733bafaa9fa4e00f6b,600793.SH,2025-04-24,0,0,READY_PROVISIONAL,REJECTED_STRICT_PREDICATE
8c7fda839ea9f61a75b578287f7c8d50dfff3ee2f3f6e4f9610e080fd7bca4b9,600793.SH,2025-05-21,3,3,READY_PROVISIONAL,REJECTED_STRICT_PREDICATE
154bc5c37405df039cc48b750863240c33017bff25e1667343100b53b94df5b1,600793.SH,2025-05-22,4,4,READY_PROVISIONAL,UNRESOLVED_REGIME_OR_EXCEPTION
be51e0bb1b5e4caae6532e22ec812cfb104c2aaaba2d2db14f276624ffa8fc3b,600793.SH,2025-05-23,4,4,READY_PROVISIONAL,UNRESOLVED_REGIME_OR_EXCEPTION
898727f3b148fc4ae8e48f51b129be43a46322aa7654b59ce3e2dbef3268831a,600793.SH,2025-05-26,4,4,READY_PROVISIONAL,UNRESOLVED_REGIME_OR_EXCEPTION
c518ad84c1f4dac89c53ce71eb28fc1f38d114b16ca86db7c57480d8742aeb20,600793.SH,2026-07-06,4,4,READY_PROVISIONAL,UNRESOLVED_REGIME_OR_EXCEPTION
769c85d265759fa38833f341e664fa8d7cd3528285ec17b606ed678343859821,600793.SH,2026-07-07,5,5,READY_PROVISIONAL,UNRESOLVED_REGIME_OR_EXCEPTION
2efce10687b29b2a50f089baaaa7171ac3b3dfb0d34d9ac5902d8f2cd5eb2463,600794.SH,2025-04-22,4,4,READY_PROVISIONAL,UNRESOLVED_REGIME_OR_EXCEPTION
dba942cbbbcd2874f2dc9886f2a7f2864a9ad5173f9aa7c190d5d480b1ea46de,600794.SH,2025-04-23,4,4,READY_PROVISIONAL,UNRESOLVED_REGIME_OR_EXCEPTION
4d49d04f96c8fe79703d189251672a1a169561d380f418b9bc5953cc41bcd824,600796.SH,2024-12-06,4,4,READY_PROVISIONAL,UNRESOLVED_REGIME_OR_EXCEPTION
966a67d553fd01ce9f24fae5f04e153118675bffbbb0caddd1c0088587cb85d5,600796.SH,2024-12-09,5,5,READY_PROVISIONAL,UNRESOLVED_REGIME_OR_EXCEPTION
ac5671f9b3d9f39debb35832fa9d9308f2aa8a7e24ee939b04ade12a315756cb,600796.SH,2024-12-10,4,4,READY_PROVISIONAL,UNRESOLVED_REGIME_OR_EXCEPTION
7a6944fe5c29afc2ae49c19a66145304f491d9ee7b48247a96fecb044386240f,600798.SH,2025-05-16,4,4,READY_PROVISIONAL,UNRESOLVED_REGIME_OR_EXCEPTION
24fab342ce51098bdce88134c2a3c5f76a57fe438ff72d0ae8fc66bcdaf1a222,600798.SH,2025-05-19,5,5,READY_PROVISIONAL,UNRESOLVED_REGIME_OR_EXCEPTION
32b4c1904d2a57bb2106795f54411f0e89d4540186e145f569723a62278b2136,600798.SH,2025-05-20,4,4,READY_PROVISIONAL,UNRESOLVED_REGIME_OR_EXCEPTION
35e627f3e57c3cddcbdf119cb73aba331bb75797546c1aa5b94f35fd5c0d0842,600800.SH,2024-11-20,4,4,READY_PROVISIONAL,UNRESOLVED_REGIME_OR_EXCEPTION
4a7da50258390590f25e283c4dfb24b7cdb4580877e1284f70cd4cd90278e205,600800.SH,2024-11-21,5,5,READY_PROVISIONAL,UNRESOLVED_REGIME_OR_EXCEPTION
e88c847e5a9756f413bde1f9c07047e4e3a31fc56681abb25400e34ee2761746,600800.SH,2024-11-22,5,5,READY_PROVISIONAL,UNRESOLVED_REGIME_OR_EXCEPTION
0017062ed008e18e5b90760a63ace1b9a2eba646d6826c31ce177b394dfb6bd5,600800.SH,2024-11-25,5,5,READY_PROVISIONAL,UNRESOLVED_REGIME_OR_EXCEPTION
59f367a9a6e187c0736bb10960f6b402d2fc6baac94c9a903b24169bf7883a8e,600800.SH,2024-11-26,4,4,READY_PROVISIONAL,UNRESOLVED_REGIME_OR_EXCEPTION
e879beaed4a3909c7481d61c529179873c29838361fd4cfdc78802d408eb7bd4,600801.SH,2024-09-30,2,2,READY_PROVISIONAL,REJECTED_STRICT_PREDICATE
5703f81e60963722231c07bbe96ea24cf9d0bdf1ec3b5dabcc387ae387477e58,600807.SH,2024-10-29,4,4,READY_PROVISIONAL,UNRESOLVED_REGIME_OR_EXCEPTION
1941a7659bfcd4e76ee3ad04487d49bd7f19bd559d692e7ad3d343edfe5c0c89,600809.SH,2024-09-30,3,3,READY_PROVISIONAL,REJECTED_STRICT_PREDICATE
031c876e23b28ea3d251d4dec09d8311396738182c6d5d70c30f9cf6ddac87fd,600809.SH,2024-10-08,3,3,READY_PROVISIONAL,REJECTED_STRICT_PREDICATE
26c1a6c4c63d1abec6ae26f2105c3273503eba112e7eacfc4d8895c84b81d82d,600816.SH,2024-09-30,2,2,READY_PROVISIONAL,REJECTED_STRICT_PREDICATE
656435b955bfed97b7a5b6610c02c3a5a26163f94d0aac8c6b02191929667d69,600816.SH,2024-10-08,2,2,READY_PROVISIONAL,REJECTED_STRICT_PREDICATE
d85f5ded78ec31623a95a84ba16ba825924ebf513c4dc1cb4520977cc8042592,600818.SH,2024-03-08,2,2,UNVERIFIED_WARMUP,REJECTED_STRICT_PREDICATE
3a6cedb4a1447c7f25da1cf7a75a8eee6631c7a1bc27115fcc971e3e98a67297,600818.SH,2024-03-11,2,2,UNVERIFIED_WARMUP,REJECTED_STRICT_PREDICATE
129ae8c4a87d5070bf221b99553aea13f1d11f21f7bd1d997ab8a42705e8bbdd,600822.SH,2024-01-26,4,4,UNVERIFIED_WARMUP,UNRESOLVED_RSI_WARMUP
6109c311cb120127b3544b669ff0c37e19dd5d11219d54c8843edbf4a1f0564c,600822.SH,2024-01-29,4,4,UNVERIFIED_WARMUP,UNRESOLVED_RSI_WARMUP
551dd9162ff85e3bc91d21c40dd0a4bf7df5b0738b62cdce4c4edb5169818a30,600822.SH,2025-07-16,4,4,READY_PROVISIONAL,UNRESOLVED_REGIME_OR_EXCEPTION
9180a21d3b937a0461de98ed22b05bc8f0703a12dcd23c066baa53f2d32a6165,600822.SH,2025-07-17,5,5,READY_PROVISIONAL,UNRESOLVED_REGIME_OR_EXCEPTION
20d8c3521c7b599867d9673cce8c710c8d88fa95277af660449c1dc6abcba339,600822.SH,2025-07-18,4,4,READY_PROVISIONAL,UNRESOLVED_REGIME_OR_EXCEPTION
49a09ebc3d5c456eb1ed6797afe7eca347ec980f72f03fe43c7a652709580f01,600824.SH,2024-12-16,4,4,READY_PROVISIONAL,UNRESOLVED_REGIME_OR_EXCEPTION
cb570ea3220f5bf3eb8ffbb855e5c1818f67dfe1f3363275ef7da33a8ff06abe,600824.SH,2024-12-17,5,5,READY_PROVISIONAL,UNRESOLVED_REGIME_OR_EXCEPTION
3d9db1995ce57600b982d32b4ee587172d4c737d8fb06bf69e37100da5472f61,600824.SH,2024-12-18,5,5,READY_PROVISIONAL,UNRESOLVED_REGIME_OR_EXCEPTION
cfaa73422010e97a04c92a4bd337561745d5b147ceda70e6973f37fe56633247,600824.SH,2024-12-19,4,4,READY_PROVISIONAL,UNRESOLVED_REGIME_OR_EXCEPTION
1434de5d618bf91ba37083f2d52924d66815ca163b1a1b5d17f6e7ec1ce3d104,600826.SH,2024-11-18,4,4,READY_PROVISIONAL,UNRESOLVED_REGIME_OR_EXCEPTION
79d699e85696765de59ad7498086d26c53d508b21d6fb904f951348d2be22dc9,600826.SH,2024-11-19,4,4,READY_PROVISIONAL,UNRESOLVED_REGIME_OR_EXCEPTION
de7f144c66bff8995283cf89830228a1d7427417d1a6a998c6d8add6c7ef3348,600826.SH,2025-07-16,4,4,READY_PROVISIONAL,UNRESOLVED_REGIME_OR_EXCEPTION
30228bcc0c6cd4663d602c03ef5dc1d1fbffd60f9b48e2181cf316f849e1421a,600826.SH,2025-07-17,5,5,READY_PROVISIONAL,UNRESOLVED_REGIME_OR_EXCEPTION
8d01ae57d37b7cf96e0ddb5a3f02a61d72628d778cc98f198cca4a404233fc13,600826.SH,2025-07-18,5,5,READY_PROVISIONAL,UNRESOLVED_REGIME_OR_EXCEPTION
f6b5c2e4505e938f7d5aba6ae094bbf48437b8879cfceb3ba996bb50fd637843,600826.SH,2025-07-21,4,4,READY_PROVISIONAL,UNRESOLVED_REGIME_OR_EXCEPTION
66bde1a4af8426bbe549a392657fff37ce94b424787d61efb5f48fb9a53a65a6,600826.SH,2025-07-22,4,4,READY_PROVISIONAL,UNRESOLVED_REGIME_OR_EXCEPTION
05fe61d088be79836601c8047757131c419ff6f8a12bb6cce58e8b9c8d6b11d2,600828.SH,2025-04-29,4,4,READY_PROVISIONAL,UNRESOLVED_REGIME_OR_EXCEPTION
8584914bb9f08cc83bc0b54e9d0f9acd9733fffd5c221ba0817b35036f6e9da6,600828.SH,2025-04-30,4,4,READY_PROVISIONAL,UNRESOLVED_REGIME_OR_EXCEPTION
3e928f5b8a6e975e091f6f7080d2777bb922c40a34f51a4d517649955d1d8716,600828.SH,2025-11-28,4,4,READY_PROVISIONAL,UNRESOLVED_REGIME_OR_EXCEPTION
c60a89b53cdefbf445c3dd3958a09ed9e34e5c1d2b25689615c52c5f6b3f07a7,600828.SH,2025-12-01,4,4,READY_PROVISIONAL,UNRESOLVED_REGIME_OR_EXCEPTION
8cbfd4d0bfe526420549208be51fca0a2a92c37a5021921d7d607216adf50b78,600828.SH,2025-12-02,4,4,READY_PROVISIONAL,UNRESOLVED_REGIME_OR_EXCEPTION
0902e63c58984962e8a033a92c4d78a386018d15ed9452053358159abb324551,600829.SH,2025-11-13,4,4,READY_PROVISIONAL,UNRESOLVED_REGIME_OR_EXCEPTION
b86bfd9c8f51236b4d447c1def3eb89615648086f1913c471cef062c7d9a12bf,600829.SH,2025-11-14,5,5,READY_PROVISIONAL,UNRESOLVED_REGIME_OR_EXCEPTION
ab46a5e8e893f6f78d055dcc66b75fd84ba664c7ee056bd979839dc1d22c2878,600829.SH,2025-11-17,5,5,READY_PROVISIONAL,UNRESOLVED_REGIME_OR_EXCEPTION
ee97445336c951cbd12ca87ed56b547620d73b025f0897623c51a02637d5df87,600829.SH,2025-11-18,4,4,READY_PROVISIONAL,UNRESOLVED_REGIME_OR_EXCEPTION
5dfd3813874f3947445f8e489eb0b53afaa87385c52d37be029107fd89a3fd65,600829.SH,2025-11-19,3,3,READY_PROVISIONAL,REJECTED_STRICT_PREDICATE
0975612de3232c40dd85570db813e922bce2e72e331665ba12d20c8ee8394812,600834.SH,2024-07-25,3,4,READY_PROVISIONAL,UNRESOLVED_REGIME_OR_EXCEPTION
884d230b952fe5cbbd71391da287d800d676cdacc8b40c8cefb32b3e5b775fab,600834.SH,2024-07-29,3,3,READY_PROVISIONAL,REJECTED_STRICT_PREDICATE
3d49f7776a120fe28e24d9ffeab315702c6f35d0becacd445b5d71e2a85b98f6,600838.SH,2026-01-12,2,2,READY_PROVISIONAL,REJECTED_STRICT_PREDICATE
5abaafdd5ea64289b73efeab741c87507ec735ac1f3efb1793896f21c8c8b87e,600839.SH,2024-10-18,3,3,READY_PROVISIONAL,REJECTED_STRICT_PREDICATE
9e6aae578a0fddf5895c6f1b3585c00d9b687b40a9455ec0615316f38c2934be,600839.SH,2024-10-21,4,4,READY_PROVISIONAL,UNRESOLVED_REGIME_OR_EXCEPTION
5b00e854aee0fd72172c43d32f1489725389d1fd16e628ac1769304826001948,600839.SH,2024-10-22,5,5,READY_PROVISIONAL,UNRESOLVED_REGIME_OR_EXCEPTION
a07deabe663562a4dbe6b3833924f69b7298b8c8011a12b63a5d18b19787adb2,600839.SH,2024-10-23,5,5,READY_PROVISIONAL,UNRESOLVED_REGIME_OR_EXCEPTION
1df5837ac3a479736c42e1455d698d9bea8e64918501d3d308997ab8a0bc227e,600839.SH,2024-10-24,4,4,READY_PROVISIONAL,UNRESOLVED_REGIME_OR_EXCEPTION
ebd0e9decf178e60f56eeb0b7634a3c9cc59a704065a48ad9a7ca6b443094881,600839.SH,2024-10-31,4,4,READY_PROVISIONAL,UNRESOLVED_REGIME_OR_EXCEPTION
65a06d25c12ae451203f4b92c7a26701cc548f64bee66e8d02dfeabc3fa8b952,600839.SH,2024-11-01,4,4,READY_PROVISIONAL,UNRESOLVED_REGIME_OR_EXCEPTION
12ee51550aab59dd93aff8f4552a215a31e2954b66e3ef94fa6f355d916581a2,600839.SH,2025-02-10,2,2,READY_PROVISIONAL,REJECTED_STRICT_PREDICATE
9926f657f0917c31df933bdf372a0c9a7fdb75e722309bfc8c0666be64ee958a,600839.SH,2025-02-13,3,3,READY_PROVISIONAL,REJECTED_STRICT_PREDICATE
fa14f7cd312951fb91fb4d709686786b019eb9cb41c6c265a33e6a501ce803b1,600841.SH,2024-03-21,4,4,UNVERIFIED_WARMUP,UNRESOLVED_RSI_WARMUP
39f68d51982c6d950db2d45f226fa8e86b8d68210d6e2c8b9e80578150d9accb,600841.SH,2024-03-22,5,5,UNVERIFIED_WARMUP,UNRESOLVED_RSI_WARMUP
62dbd4b3f11e0897acb069ad5ad922323526fe29f7ac0f66605aa5c0e60d075b,600841.SH,2024-03-25,4,4,UNVERIFIED_WARMUP,UNRESOLVED_RSI_WARMUP
d6b5b804df354be9840ea68f55151118d9719caf7e2027da74bc89ed277e76a4,600843.SH,2024-08-05,3,4,READY_PROVISIONAL,UNRESOLVED_REGIME_OR_EXCEPTION
2d0431fb0f811e9ff27c192b4cc46f89a0e39f10bdb6e321b23186c9f3619c04,600843.SH,2024-10-25,4,4,READY_PROVISIONAL,UNRESOLVED_REGIME_OR_EXCEPTION
3500d49dc1fed03db3c5fbcdbd27f2147f052f9216a6d2798623c6b582b8a3cc,600843.SH,2024-10-28,4,4,READY_PROVISIONAL,UNRESOLVED_REGIME_OR_EXCEPTION
3e014b0d46faa8915a83c176a55d46b7eec4737ab93dddbe9ec0f12a7dff5099,600843.SH,2024-10-29,5,5,READY_PROVISIONAL,UNRESOLVED_REGIME_OR_EXCEPTION
bf8d98eff8ffc7ecf6952b548327d4ae6493160bbaa8acf84152f89bf3919f85,600843.SH,2024-10-30,5,5,READY_PROVISIONAL,UNRESOLVED_REGIME_OR_EXCEPTION
5a4ec704778ecc23b4c5790b194fe088044c036df390c4c77cac7dbde104bcfc,600843.SH,2024-10-31,4,4,READY_PROVISIONAL,UNRESOLVED_REGIME_OR_EXCEPTION
32bd0f10ff49501c174fa79670088426652fcb7dc0f858fc228939091641c67e,600843.SH,2024-11-01,3,3,READY_PROVISIONAL,REJECTED_STRICT_PREDICATE
23fb539ff0ff3a1e193148ef9f990913a1777fbc1fbea013f009abea0b37ffe2,600844.SH,2024-01-15,2,2,UNVERIFIED_WARMUP,REJECTED_STRICT_PREDICATE
ebb35b44ef25f36be7c466485120f19fa0001144a6634093b421519c807f0e1c,600861.SH,2024-09-30,2,2,READY_PROVISIONAL,REJECTED_STRICT_PREDICATE
2f7705fac239d369fc2eca29190d6684346fb41eb17bf3fa53f9c5f594e48cf1,600864.SH,2024-09-30,1,1,READY_PROVISIONAL,REJECTED_STRICT_PREDICATE
9271dc37cda5fc6f4e8e1075cc61e9577c46043cb926f76e7a0873973b922932,600864.SH,2024-10-08,2,2,READY_PROVISIONAL,REJECTED_STRICT_PREDICATE
3442ac52f546d32368ebb6e5c5dc17942abe460504517072c470badf804c6958,600864.SH,2024-10-09,2,2,READY_PROVISIONAL,REJECTED_STRICT_PREDICATE
1aa7e6945d920dded280c2876c78d4c8047f391520831c36148ec87e1ad2df21,600865.SH,2024-10-30,3,3,READY_PROVISIONAL,REJECTED_STRICT_PREDICATE
6b643c65b34a57de8cabf9c32490dc60eeb4249eebcf2cc6a7755418aa469340,600865.SH,2024-10-31,4,4,READY_PROVISIONAL,UNRESOLVED_REGIME_OR_EXCEPTION
a1998674d5da24db91167cdc4e8d4ca569bd3e33b410c168e534fe47abe27cd7,600865.SH,2024-11-01,4,4,READY_PROVISIONAL,UNRESOLVED_REGIME_OR_EXCEPTION
a9090836c4e613bd4413bd675b6f45e54808d3dbb5719127a6713cd61e781bb7,600865.SH,2025-12-16,4,4,READY_PROVISIONAL,UNRESOLVED_REGIME_OR_EXCEPTION
9163ee337e20ce70c8154ff6181f87c87216294a092bfcb16848ddd25f3f5f50,600865.SH,2025-12-17,5,5,READY_PROVISIONAL,UNRESOLVED_REGIME_OR_EXCEPTION
e937054a765ba23472a785675262c18f646c82e4112b4b56d0aa315594cd20f4,600865.SH,2025-12-18,5,5,READY_PROVISIONAL,UNRESOLVED_REGIME_OR_EXCEPTION
8752d4348979b8266435ef3aa7843c774121c27fdc9f1c0682c6eb6c3a9c80f4,600865.SH,2025-12-19,4,4,READY_PROVISIONAL,UNRESOLVED_REGIME_OR_EXCEPTION
83242be63d16f3e66f9495cb2981f5fd1b662950052e7dce43f270c19c320d76,600865.SH,2025-12-22,3,3,READY_PROVISIONAL,REJECTED_STRICT_PREDICATE
133f69b5bea2e1b15345c60625ba801631c9102be655bc92cdf887c1a4586edb,600865.SH,2026-09-07,3,3,READY_PROVISIONAL,REJECTED_STRICT_PREDICATE
81e2775ee3bc5a05a190ae02a37c066c72dc51c3a05b68b7d79eb747d195d9f9,600865.SH,2026-09-08,4,4,READY_PROVISIONAL,UNRESOLVED_REGIME_OR_EXCEPTION
03d1710d2ca3b34f446e41d2e7d18a5fd324f7b1f6a3227837fcc210619f735e,600865.SH,2026-09-09,5,5,READY_PROVISIONAL,UNRESOLVED_REGIME_OR_EXCEPTION
ae75abc51b48e000b7e03e93a561210040df0febce6c5d937d14c28caf3b858d,600865.SH,2026-09-10,4,4,READY_PROVISIONAL,UNRESOLVED_REGIME_OR_EXCEPTION
c149f5b45470777f4fc570243bf53b976c0e589be1627d04dd2a5c5b306807a4,600866.SH,2024-05-08,2,2,UNVERIFIED_WARMUP,REJECTED_STRICT_PREDICATE
8f15269fd79f0b5d3c13b779d87617099da8eb45f5167bd5f6593ddf0a312bfc,600866.SH,2024-05-09,3,3,UNVERIFIED_WARMUP,REJECTED_STRICT_PREDICATE
d0d91d56522230de0ba44085f70aaf442cbf13a367a187f16324e10be631618b,600866.SH,2024-05-10,3,3,UNVERIFIED_WARMUP,REJECTED_STRICT_PREDICATE
dd8ff29ffd8d7cce3c77120a7d1298f2067a979407f9cdef0bbd6ba73170481d,600868.SH,2024-12-11,4,4,READY_PROVISIONAL,UNRESOLVED_REGIME_OR_EXCEPTION
fe28546751ca76ff1c11b7f0310028c865876030a3fe6f5552f63fdafcbc4daa,600869.SH,2026-05-12,2,2,READY_PROVISIONAL,REJECTED_STRICT_PREDICATE
d085e4fb4aca5f250913f073da57bd24a3b84f0400593acdde9a13f20385963c,600879.SH,2026-01-12,4,4,READY_PROVISIONAL,UNRESOLVED_REGIME_OR_EXCEPTION
26f1f68f3b81629d384a1ec1b55829ca527be4cdc3087728f773a20924f4c85a,600881.SH,2024-09-26,4,4,READY_PROVISIONAL,UNRESOLVED_REGIME_OR_EXCEPTION
956c50cb5400fe47baa019d92ec5c272e71070f47a07cbd684a514057f44b26c,600881.SH,2024-09-27,5,5,READY_PROVISIONAL,UNRESOLVED_REGIME_OR_EXCEPTION
d568072d30839d36d3e9a8e410d9c04583dbcc381e55c0560ad1976cd2a3dea4,600881.SH,2024-09-30,5,5,READY_PROVISIONAL,UNRESOLVED_REGIME_OR_EXCEPTION
b122ac5f1bf8bb4b8218011e4f9ff152f255553fd01f5a2c4c8083888ffd4c7b,600881.SH,2024-10-08,5,5,READY_PROVISIONAL,UNRESOLVED_REGIME_OR_EXCEPTION
e4f6cbf932cee91ef405f8655f0b7924810fb1a8170720ce80c93f706c334b36,600881.SH,2024-10-09,4,4,READY_PROVISIONAL,UNRESOLVED_REGIME_OR_EXCEPTION
1a91de319e409ab2ce7a718c7282d9281ee8bcfbde102f5eeff1dd618e8db457,600882.SH,2024-10-08,1,1,READY_PROVISIONAL,REJECTED_STRICT_PREDICATE
e02037a6c510719a77a40b79ddfd35e7a4dfda52a7ba8e21ce8da0f0a9d9bb78,600887.SH,2024-09-30,0,0,READY_PROVISIONAL,REJECTED_STRICT_PREDICATE
dabd02e5d4aa106e48c76cb67acf8d1098b3780698a9aa9a3431573967728bfb,600888.SH,2026-06-25,1,1,READY_PROVISIONAL,REJECTED_STRICT_PREDICATE
4f7d10c387f7f7a3a9137ec8850a230629fe502bdfa1a245707827ba5bb2c354,600889.SH,2024-05-15,4,4,UNVERIFIED_WARMUP,UNRESOLVED_RSI_WARMUP
e3882c4af4281183c8460c1a7797535e85eebdfa6f349a405017a51538a46ef0,600889.SH,2024-05-16,5,5,UNVERIFIED_WARMUP,UNRESOLVED_RSI_WARMUP
ad3ce93fd50f5275766d8d6adc920174656b1e98da626089b76c5a65fdc42999,600889.SH,2024-05-17,5,5,UNVERIFIED_WARMUP,UNRESOLVED_RSI_WARMUP
7b0c9c188250ed51a75a4a8a7899d83b660135bc262a704162dff952147494f9,600889.SH,2024-05-20,4,4,UNVERIFIED_WARMUP,UNRESOLVED_RSI_WARMUP
112389dbb6038db9ab4c58f9dee6a927dc4f5fad6dc5f456a23ce243dbcee876,600889.SH,2024-05-21,4,4,UNVERIFIED_WARMUP,UNRESOLVED_RSI_WARMUP
b393690b838e27606df0d4e9730789ee96e1ccd54903bc7419b9979317837350,600889.SH,2024-06-25,3,3,UNVERIFIED_WARMUP,REJECTED_STRICT_PREDICATE
8a318397c8d522c1a2b8936e07af41f823d43bd949ac0a897147efb498a8fb3a,600889.SH,2024-11-20,3,3,READY_PROVISIONAL,REJECTED_STRICT_PREDICATE
ab87532dc795adda0b5e112c5c2fa386aa205b4c25485775f62fca4610fad98b,600889.SH,2024-11-21,4,4,READY_PROVISIONAL,UNRESOLVED_REGIME_OR_EXCEPTION
04f75c30ecd37cfeeb9196f13714b67c35a813a707304f9bd0b058436e17942e,600889.SH,2024-11-22,5,5,READY_PROVISIONAL,UNRESOLVED_REGIME_OR_EXCEPTION
ececd8c2e1737c6e9380bcc2b19afc39a66e67fcf570d7c9ad719552c7660a42,600889.SH,2024-11-25,5,5,READY_PROVISIONAL,UNRESOLVED_REGIME_OR_EXCEPTION
8964b0eb9adfac3ebcf5501bf0acb7cf4432cefbf5018502dc20a4414839bb1b,600889.SH,2024-11-26,5,5,READY_PROVISIONAL,UNRESOLVED_REGIME_OR_EXCEPTION
10a1ec1915891d0df04d711ec88b87bb080ff0a3971c9cd8bee47b01f9cdc95e,600889.SH,2024-11-27,5,5,READY_PROVISIONAL,UNRESOLVED_REGIME_OR_EXCEPTION
9d0cde0478910368a3c506e8dc04f361a5222042cd2cecd5d2f671ec73894829,600889.SH,2024-11-28,5,5,READY_PROVISIONAL,UNRESOLVED_REGIME_OR_EXCEPTION
f74a0777df697c36c45d2cf6bfd0befa0bcf4d927cb11ed54cecc60140431d4b,600889.SH,2024-11-29,5,5,READY_PROVISIONAL,UNRESOLVED_REGIME_OR_EXCEPTION
3a77d4457194821bdfb064ed1cc812939906d032d6c078aeb06e63fcaed7aa73,600889.SH,2024-12-02,5,5,READY_PROVISIONAL,UNRESOLVED_REGIME_OR_EXCEPTION
8d2199eba84c79b357a295cad7bf20cbc5d71afd39f5a30c56891dcae9877e18,600889.SH,2024-12-03,5,5,READY_PROVISIONAL,UNRESOLVED_REGIME_OR_EXCEPTION
3fee8618e848b651809ac67c0f43e459f57f4ba8dbd4832fb280712e58bbc947,600889.SH,2024-12-04,4,4,READY_PROVISIONAL,UNRESOLVED_REGIME_OR_EXCEPTION
e77c4a14713aa8903fe2730f73d9404066d86dc30c372d70487a41633be233b0,600889.SH,2024-12-05,4,4,READY_PROVISIONAL,UNRESOLVED_REGIME_OR_EXCEPTION
b5f7db5a3ea82de84655608e69f95d31d033700b888fc0d24a5d95546c1d967f,600892.SH,2026-08-06,3,3,READY_PROVISIONAL,REJECTED_STRICT_PREDICATE
9254694ade54f7b04054f5f6ec2d27f3cc2bbc951370d19e3846510a81d39dba,600903.SH,2026-05-19,4,4,READY_PROVISIONAL,UNRESOLVED_REGIME_OR_EXCEPTION
73206d3d809a1973febfb9912fb67a958a1117219e345c9382d31a76a7cad77e,600906.SH,2024-10-08,3,3,READY_PROVISIONAL,REJECTED_STRICT_PREDICATE
a6820d356e2245f3caab5c656bfb3a5240353cc4157580e04c690c05e8b4bc9a,600906.SH,2024-10-09,3,3,READY_PROVISIONAL,REJECTED_STRICT_PREDICATE
f6630421587a036a8002c641361eabf0123b63ed2881dae27fab59776fdf7d28,600909.SH,2024-09-30,1,1,READY_PROVISIONAL,REJECTED_STRICT_PREDICATE
f0a72ac9d50d128a52b85dcc4aa73d280d2bfe69a9d88ba226f7b42110f555e4,600909.SH,2024-10-08,2,2,READY_PROVISIONAL,REJECTED_STRICT_PREDICATE
e7c9c1b1a0f05b7cab884785d6ceb6b418818bd31ca93c756334d0ee20f44d4a,600909.SH,2024-10-09,2,2,READY_PROVISIONAL,REJECTED_STRICT_PREDICATE
cc1937da40d2359f4984f384253cc77d0a6ba33374b3d462a4b6e2e73c771c86,600916.SH,2026-01-28,4,4,READY_PROVISIONAL,UNRESOLVED_REGIME_OR_EXCEPTION
8f381983719f15802799765182946c9de3b22aecbe555ca06ca278bd3f5c983d,600916.SH,2026-01-29,5,5,READY_PROVISIONAL,UNRESOLVED_REGIME_OR_EXCEPTION
0cd5292f1cd7645051bbd21f8fd3db853986fe21d286c527c2bf2b19b14f5f4e,600916.SH,2026-01-30,4,4,READY_PROVISIONAL,UNRESOLVED_REGIME_OR_EXCEPTION
792f8839fcc3107375ebd7d6a9b2d040713bef087bd51f1ea269b8171d10ea12,600916.SH,2026-02-02,3,3,READY_PROVISIONAL,REJECTED_STRICT_PREDICATE
f125659799c9c724f102e3343220fef9ef517bc6c9f5e17c2db7b62fffcee4ee,600939.SH,2024-10-17,4,4,READY_PROVISIONAL,UNRESOLVED_REGIME_OR_EXCEPTION
b40ff4689cb6abb500315b58dba15c2638300cb4dfe851afa63bfadfa1c8655b,600939.SH,2024-10-18,5,5,READY_PROVISIONAL,UNRESOLVED_REGIME_OR_EXCEPTION
3d1212b8b435d3636fce5de944bfbe7fa75152aa1dc760921ad17b5cf160b6b7,600939.SH,2024-10-21,4,4,READY_PROVISIONAL,UNRESOLVED_REGIME_OR_EXCEPTION
a935dcf0aee3c3267b89610b07bff013f20db0371768eff30b4780aadb9df88a,600956.SH,2026-03-17,1,1,READY_PROVISIONAL,REJECTED_STRICT_PREDICATE
f3755ac011531ff707fd4e924b15d7dfb8321af8b459dd316d2db3e2fb81ead9,600960.SH,2025-06-30,2,2,READY_PROVISIONAL,REJECTED_STRICT_PREDICATE
72e2c18d91e6615f8797288912ff86f39ee21232b4cee94ae8b41ec640b48d8b,600961.SH,2026-04-21,4,4,READY_PROVISIONAL,UNRESOLVED_REGIME_OR_EXCEPTION
ebdab93b0293f0b771e34c5b34bb8167b9a27e577a8adb4999d09875c534fbf4,600961.SH,2026-04-22,4,4,READY_PROVISIONAL,UNRESOLVED_REGIME_OR_EXCEPTION
590c5629bc5486dd98770f5c3bb6b4d526c1c08f6234d44596c585c63448147c,600961.SH,2026-04-23,3,3,READY_PROVISIONAL,REJECTED_STRICT_PREDICATE
9a547bbdd3644612cfe6fd92dcab1040b233057b261fd40a269a9c7e5a7548bf,600962.SH,2025-07-10,4,4,READY_PROVISIONAL,UNRESOLVED_REGIME_OR_EXCEPTION
19c5ea787b65a6348bda73024b0bce8fd0937b2b42bd1fb2e1d35fd140ca2afe,600962.SH,2025-07-11,5,5,READY_PROVISIONAL,UNRESOLVED_REGIME_OR_EXCEPTION
41d1c47afe83b27fe16aa79733b41e3ad463591676a493296723820aa761f3e3,600962.SH,2025-07-14,4,4,READY_PROVISIONAL,UNRESOLVED_REGIME_OR_EXCEPTION
48660ac8ebf8faf179f9a3794541acf78aed41ee74c5a09e50991395f081b352,600967.SH,2025-06-30,2,2,READY_PROVISIONAL,REJECTED_STRICT_PREDICATE
dedee95350c3abe161f421ae82d18c2fc482f71c639eadddd9b74a7b7e7360ee,600969.SH,2024-05-29,4,4,UNVERIFIED_WARMUP,UNRESOLVED_RSI_WARMUP
b28922a00d972a41cbd2b752e35f771d8cd476a858d558035525f6c04beb296d,600969.SH,2024-05-30,4,4,UNVERIFIED_WARMUP,UNRESOLVED_RSI_WARMUP
140d50fe47c0ea91b177e0a7f82b868fcf791667f9fdb8f471decb5dff426d01,600979.SH,2024-12-13,4,4,READY_PROVISIONAL,UNRESOLVED_REGIME_OR_EXCEPTION
95cf9422397c7ea784e763fa2cee86a17dd075468bfe627b6d17ca091f6139c1,600980.SH,2025-06-12,4,4,READY_PROVISIONAL,UNRESOLVED_REGIME_OR_EXCEPTION
f09eb36210dcab7624cba6adf8945cc7cad3c86a82c8c813ce8ebe73fd7dfe5e,600980.SH,2025-06-13,5,5,READY_PROVISIONAL,UNRESOLVED_REGIME_OR_EXCEPTION
c635a1c20511444646374ba9f003922e0260fada850a36bdae3f14f68442911b,600980.SH,2025-06-16,4,4,READY_PROVISIONAL,UNRESOLVED_REGIME_OR_EXCEPTION
03efaf4f81648be07e03fbd13e7c4112be5b08f2dfe47f320858a5214f06a756,600980.SH,2025-06-17,3,3,READY_PROVISIONAL,REJECTED_STRICT_PREDICATE
32a29f75da161b3c94c32dfebcd07b3dfdf4f71519094d48b451f49870af4e77,600981.SH,2024-10-28,3,3,READY_PROVISIONAL,REJECTED_STRICT_PREDICATE
9ff9a512c3b6c21f88bb503021f2a160e42f090eabb82bddd3edfa5e8238bd16,600982.SH,2026-03-27,3,3,READY_PROVISIONAL,REJECTED_STRICT_PREDICATE
cf838bd8c107e2913423276bbc480f15dbfe19f9a982a988400be69e259c36cf,600983.SH,2024-12-10,3,3,READY_PROVISIONAL,REJECTED_STRICT_PREDICATE
084e3b0d17980bce6cad2498fae18116a32bd2cea24881899c6601218ca3615c,600983.SH,2024-12-11,3,3,READY_PROVISIONAL,REJECTED_STRICT_PREDICATE
a08cef5458e3c03f2eeb2ba716656ce2b2661857c9b5d01583d093b854d9fd8a,600984.SH,2024-04-15,4,4,UNVERIFIED_WARMUP,UNRESOLVED_RSI_WARMUP
ba784d2153efcad18945912549f5cac20a95a35c6408b4384849def42e35d2a1,600984.SH,2024-04-16,4,4,UNVERIFIED_WARMUP,UNRESOLVED_RSI_WARMUP
5268ea6831fff08035e0cddd424b45da3a82ffae60b41a82020ef76fcf56bbe4,600986.SH,2025-02-13,3,3,READY_PROVISIONAL,REJECTED_STRICT_PREDICATE
fca8db1663bb7edeb52e147f712903958cfb03716178c234da23def56dff02b9,600986.SH,2025-02-18,3,3,READY_PROVISIONAL,REJECTED_STRICT_PREDICATE
5808dbcdcd4d93351f9e133378c21ffeb1524102bc80d8b9b48c0b2d9e2e130b,600986.SH,2026-01-14,3,3,READY_PROVISIONAL,REJECTED_STRICT_PREDICATE
d6177fc19cc1454b4dcefd67ca5f442aa969fee2b488c10978c26cf21216b0d2,600986.SH,2026-01-26,3,3,READY_PROVISIONAL,REJECTED_STRICT_PREDICATE
61ac2cee292cf5b2d228428f62c0895f4d02e8e91e553ddcc7234d3b91610268,600988.SH,2025-04-16,0,0,READY_PROVISIONAL,REJECTED_STRICT_PREDICATE
2ac225ea8ca1f793fe53e8100b3fd33edf831149489825e55ffefd95e7678d75,600989.SH,2026-03-12,1,1,READY_PROVISIONAL,REJECTED_STRICT_PREDICATE
a16965de0a9b705639ba678f8783ea8b83fcc4f0505b287ffb4255b530b96b2f,600990.SH,2024-10-10,2,2,READY_PROVISIONAL,REJECTED_STRICT_PREDICATE
ec2c10978fccdc61a7e27333dd17ef05269445455023a0e1cc1f24c81dc7de7a,600999.SH,2024-10-09,2,2,READY_PROVISIONAL,REJECTED_STRICT_PREDICATE
7f348d144a61c6b3361e7d1bdf38e10f0b0773471fc125ccfa3bf438b5ccf965,600999.SH,2024-10-10,2,2,READY_PROVISIONAL,REJECTED_STRICT_PREDICATE
a701d0195865d9cc4c9e71ec8b6c8691366fd85fe90c575ab33977c41d3fdfbb,601003.SH,2025-07-04,4,4,READY_PROVISIONAL,UNRESOLVED_REGIME_OR_EXCEPTION
2e2c6e6ab84d50c074445520f9913e4f113c44b67eb446cd1e185bf903f7b3f2,601003.SH,2025-07-07,4,4,READY_PROVISIONAL,UNRESOLVED_REGIME_OR_EXCEPTION
bca9e418ffa5aa48276203014fb3509d8fa2936889fd64df27ea008aa7ae5426,601003.SH,2025-07-08,4,4,READY_PROVISIONAL,UNRESOLVED_REGIME_OR_EXCEPTION
dd071a62e1715c3959bdaa51ad7cad08479adcd0975f6089b4e2331540580374,601003.SH,2025-07-21,4,4,READY_PROVISIONAL,UNRESOLVED_REGIME_OR_EXCEPTION
f4a022f6abfd0a3f9959d3e176ff02d5791d465cc8e511b2d05cc8f089b3be97,601003.SH,2025-07-22,4,4,READY_PROVISIONAL,UNRESOLVED_REGIME_OR_EXCEPTION
db36c62c2f006e618a942c7433d1279949e6436cf01ca5081b18213fb3c85524,601003.SH,2025-07-23,4,4,READY_PROVISIONAL,UNRESOLVED_REGIME_OR_EXCEPTION
9f9f578c61b390014dca5166a611f92f8e5c593e6cf02f6ed3406ce28002b20a,601003.SH,2025-07-24,3,3,READY_PROVISIONAL,REJECTED_STRICT_PREDICATE
8839229b88868103a3cf845bc052eee9296f2c4ca1b10294a1d0daa7ef5f6e21,601008.SH,2025-04-09,4,4,READY_PROVISIONAL,UNRESOLVED_REGIME_OR_EXCEPTION
e3da6ab235b511629ddf114924e296c288b0702a8ad5771f132b85106c686782,601008.SH,2025-04-10,5,5,READY_PROVISIONAL,UNRESOLVED_REGIME_OR_EXCEPTION
da676b8cdea8fef8b712550780c842bc6105b9141717b1ddc6553595dcea2d71,601008.SH,2025-04-11,5,5,READY_PROVISIONAL,UNRESOLVED_REGIME_OR_EXCEPTION
551bad3fc92142af2f1c894b2014133e6063533933d8d0cf72f9e9c5571ddbce,601008.SH,2025-04-14,4,4,READY_PROVISIONAL,UNRESOLVED_REGIME_OR_EXCEPTION
cac63286cf597440bf9df749654f11198d7a69fa018f5a740f302c32044f7ea9,601008.SH,2025-05-16,4,4,READY_PROVISIONAL,UNRESOLVED_REGIME_OR_EXCEPTION
4ad88c271b2a3b71d45b3bb92eaa816a47992fa1774ca83a97219125e242bfa3,601008.SH,2025-05-19,5,5,READY_PROVISIONAL,UNRESOLVED_REGIME_OR_EXCEPTION
d267fb57f4df93da6193584e2e58d15653f018e22842e2281a6055ef29764c12,601010.SH,2024-12-11,4,4,READY_PROVISIONAL,UNRESOLVED_REGIME_OR_EXCEPTION
cfb2be1874bd0946fea0f87d548d164050696f511dbbaab8a3db8a1c5d8abe62,601010.SH,2024-12-12,4,4,READY_PROVISIONAL,UNRESOLVED_REGIME_OR_EXCEPTION
374f795dc815a131cc18c1a4452b63fe11e04a5075e8bd8fb294b94fc2815b8c,601010.SH,2024-12-16,4,4,READY_PROVISIONAL,UNRESOLVED_REGIME_OR_EXCEPTION
87170d64acbfb3d803b2f0244b8fdb080c220562f1beb178b6ff572ce2eb612b,601011.SH,2025-10-16,4,4,READY_PROVISIONAL,UNRESOLVED_REGIME_OR_EXCEPTION
9c83aa650d55e08967ae685fd9f548dcd481b0d423d11de7f729ce34b3de632e,601012.SH,2024-09-30,1,1,READY_PROVISIONAL,REJECTED_STRICT_PREDICATE
3851b7a5b96e4a55ccbfe7f3e707d596570fcbfe97fdfe3c9d40fef808d872a0,601012.SH,2024-10-08,1,1,READY_PROVISIONAL,REJECTED_STRICT_PREDICATE
170fb25c5a1563cfcf21532334fa411ccfe5977a7b87279d2a9078a87236be6b,601020.SH,2024-05-28,2,2,UNVERIFIED_WARMUP,REJECTED_STRICT_PREDICATE
b065edb94c2a4141a7bd35ff3f31f96f7b72d996f32dc9075445e070bf50083c,601020.SH,2024-05-29,3,3,UNVERIFIED_WARMUP,REJECTED_STRICT_PREDICATE
ee9b8e6fc990f4c8b4eabce68f44f2b44a703487c3f689a74a42fd4320a8a345,601020.SH,2024-05-30,3,3,UNVERIFIED_WARMUP,REJECTED_STRICT_PREDICATE
249392c55eeac50cb6ea48155164cf28e2cdd778b2850dd7752496c29289e7ad,601020.SH,2024-05-31,3,3,UNVERIFIED_WARMUP,REJECTED_STRICT_PREDICATE
b23307781c63bdd922315071b8b5cc0abeae0c56733b5cf6c4e36cca85145c10,601020.SH,2025-03-07,3,3,READY_PROVISIONAL,REJECTED_STRICT_PREDICATE
03305b12ba4e0a8a0c1ab42d76ba60086586191fb26b8fd7e9e5f77b7d16ce97,601020.SH,2025-03-10,3,3,READY_PROVISIONAL,REJECTED_STRICT_PREDICATE
6db2de48b75f787842fb44afc83537323a4b59ebda55a408a9e53b7bae722c43,601020.SH,2025-03-11,2,2,READY_PROVISIONAL,REJECTED_STRICT_PREDICATE
ea9d7173b0cd7d5764ad686e4cff616625dffd3f06a28eb783df4459c6a40564,601022.SH,2025-05-16,4,4,READY_PROVISIONAL,UNRESOLVED_REGIME_OR_EXCEPTION
a1503bd7068c7cce46c8393dbf9d67c07c0d09c05bacc02a35d6bd7183564d17,601022.SH,2025-05-19,4,4,READY_PROVISIONAL,UNRESOLVED_REGIME_OR_EXCEPTION
9fda5cf7880f92052bcefb62c7aed0cb7707ad66f45a5259a2daf719d6540ec1,601059.SH,2024-09-30,1,1,READY_PROVISIONAL,REJECTED_STRICT_PREDICATE
2b83b678f28752bb410f4bc7addaa12feefd0a4d3527bc7fa1c63a7398386754,601059.SH,2024-10-08,2,2,READY_PROVISIONAL,REJECTED_STRICT_PREDICATE
5c491a7294f1311448c0bf1139527eaaee3f3c639bb97f25cd88e497d9ef4f0a,601066.SH,2024-09-30,2,2,READY_PROVISIONAL,REJECTED_STRICT_PREDICATE
e28006ba205d302fb87241ff6847fa687d1535ceebd00f9725400c308c54aafb,601066.SH,2024-10-08,3,3,READY_PROVISIONAL,REJECTED_STRICT_PREDICATE
d2a00c05c38db8c2c2bef37ac64a6206f21f56d083bbacab5ee4f708582a9cbb,601066.SH,2024-10-09,3,3,READY_PROVISIONAL,REJECTED_STRICT_PREDICATE
e43cb6666e6a0cc06f27751d1c03c6b3a3b92f75075fc70f1d03b2a903d4c988,601069.SH,2025-09-05,4,4,READY_PROVISIONAL,UNRESOLVED_REGIME_OR_EXCEPTION
79a09906bf8052bb77e834df199547a9ded2b98dfe04b21676171dcb2dd01b87,601069.SH,2026-01-29,3,3,READY_PROVISIONAL,REJECTED_STRICT_PREDICATE
5c19e5c3d48256e01ed11361d145ebb972c4c655701c8a5333a0d9edb6e065bf,601069.SH,2026-01-30,3,3,READY_PROVISIONAL,REJECTED_STRICT_PREDICATE
1111d732742e69da77205db4832876728ad8362ee356d555b977d1bd8ee2f857,601086.SH,2024-10-11,3,3,READY_PROVISIONAL,REJECTED_STRICT_PREDICATE
5348af5ee2d5e5b1ac091c1c9e8d1b3790295cd930727dc7ec5a70f6694895dd,601086.SH,2025-04-09,4,4,READY_PROVISIONAL,UNRESOLVED_REGIME_OR_EXCEPTION
5e22ade954d5a3be7b55c0ab79e846c2a0aaa52ab35b583d488b83a89d624e0b,601086.SH,2025-04-10,5,5,READY_PROVISIONAL,UNRESOLVED_REGIME_OR_EXCEPTION
a08fb8a5a6d6b482758413da65a1ac9b0d948b8a420773d5491aae0130665aa9,601086.SH,2025-04-11,5,5,READY_PROVISIONAL,UNRESOLVED_REGIME_OR_EXCEPTION
07ccbff7e14ca58cdf2c44e066d205d8ed98f5a8a9717cb1ec8b2e24424d0bce,601086.SH,2025-04-14,5,5,READY_PROVISIONAL,UNRESOLVED_REGIME_OR_EXCEPTION
79df116df4971219f1ad283c9034e52467a4233155e159f67b0831bdc6f8754c,601086.SH,2025-04-15,4,4,READY_PROVISIONAL,UNRESOLVED_REGIME_OR_EXCEPTION
b4ccbfda6c87b64bd50092a492594198bfd8f7673cc5994be523837d8cdcbd87,601086.SH,2025-04-16,4,4,READY_PROVISIONAL,UNRESOLVED_REGIME_OR_EXCEPTION
ea243bd2fea451530b189200125f8d73cb8871cdde27cda313644b5dd8488f13,601086.SH,2025-04-17,4,4,READY_PROVISIONAL,UNRESOLVED_REGIME_OR_EXCEPTION
5113877767507970902ccff23af3e33af0c35bd523f2c7bf5e3415c254f18c1a,601086.SH,2025-04-18,4,4,READY_PROVISIONAL,UNRESOLVED_REGIME_OR_EXCEPTION
d8b2175eaa43b71684e1805c2cfe166b77f8e04da113ea4089057769df923ccd,601086.SH,2025-04-21,4,4,READY_PROVISIONAL,UNRESOLVED_REGIME_OR_EXCEPTION
40d910f4c63c6908d97a035fd4ba3b465ebeed582c9a69b1f9d6d7b9c1ac946b,601086.SH,2025-04-22,5,5,READY_PROVISIONAL,UNRESOLVED_REGIME_OR_EXCEPTION
7f472696c52b6f3d8663907735ab7a9ee920690befb9c490b44d9115fc1bacff,601086.SH,2025-04-23,4,4,READY_PROVISIONAL,UNRESOLVED_REGIME_OR_EXCEPTION
80529a0738bb7d478cbbe82277794b3a4ebf9b6f20b8e46aeaf0728615ae7f60,601086.SH,2025-04-24,4,4,READY_PROVISIONAL,UNRESOLVED_REGIME_OR_EXCEPTION
89bcb5286ab62ece641b8c03d35ab74d8ef7011c01c1ab49a47d2ce1864d09bd,601086.SH,2026-09-02,4,4,READY_PROVISIONAL,UNRESOLVED_REGIME_OR_EXCEPTION
fe35d93a53aa9b513f2b46f193b27a132c3327891ec1d86bca690721a60120ee,601086.SH,2026-09-03,5,5,READY_PROVISIONAL,UNRESOLVED_REGIME_OR_EXCEPTION
a495a735fcf28651280ff1f8b3808b66f160b7ca94e23093400b84f9051683cd,601086.SH,2026-09-04,4,4,READY_PROVISIONAL,UNRESOLVED_REGIME_OR_EXCEPTION
9d4dd96aca3090828cf6b507b0925d9d90bb752d402ad383900ca04e5a36c273,601086.SH,2026-09-07,4,4,READY_PROVISIONAL,UNRESOLVED_REGIME_OR_EXCEPTION
290efd523a1001dc2455d78b0d09b257a7f32349c499f1ce608e0b377de83de2,601086.SH,2026-09-08,3,3,READY_PROVISIONAL,REJECTED_STRICT_PREDICATE
697b383aa7ee588d0921db3db923785350d0f65d58f42caf3cddbec3859d3e24,601099.SH,2024-09-30,2,2,READY_PROVISIONAL,REJECTED_STRICT_PREDICATE
f9ff1f79ea9d201b20b8c7ef624d4c1738de91d78ef95c45be19aee98d3634f1,601099.SH,2024-10-08,2,2,READY_PROVISIONAL,REJECTED_STRICT_PREDICATE
9efa5c5a7a939f7b3520163be3d4c96ad11bbaf2b1241e9025518549c776efa2,601099.SH,2024-10-09,2,2,READY_PROVISIONAL,REJECTED_STRICT_PREDICATE
e7726c5a2cdd15b0f51d46a599928beba8a30e8d06cffe964e30466a5376655f,601106.SH,2026-01-12,4,4,READY_PROVISIONAL,UNRESOLVED_REGIME_OR_EXCEPTION
750a28a6ce4f4680e6a206e0a059dbae3ec3a8b4e42607ca40aa7c54d58ad20f,601106.SH,2026-01-13,4,4,READY_PROVISIONAL,UNRESOLVED_REGIME_OR_EXCEPTION
ed531eed8400a4230c6e7009d2e313926eae274f167e2e081105c7ce635c9dac,601106.SH,2026-01-14,4,4,READY_PROVISIONAL,UNRESOLVED_REGIME_OR_EXCEPTION
21ced923355196f2c31f4189dee31cfbe7b8c74c4805711ac1abb15393f1a5de,601108.SH,2024-10-08,2,2,READY_PROVISIONAL,REJECTED_STRICT_PREDICATE
edb4feb3e0d0bcbc30c876d6e0e568347dc4976531ed92d11570008b8c93c44f,601108.SH,2024-10-09,2,2,READY_PROVISIONAL,REJECTED_STRICT_PREDICATE
1d50c0ac02aa2dda072799bc90ac5f8b056b59dd587d5db3d7458132dae83840,601116.SH,2025-02-17,3,3,READY_PROVISIONAL,REJECTED_STRICT_PREDICATE
31b19ac6439e534437d7be95497fd9e992785fb9650b0958f11d698eeebefdb1,601116.SH,2025-09-15,4,4,READY_PROVISIONAL,UNRESOLVED_REGIME_OR_EXCEPTION
603007621a7e5da2b9a6ed409eb10a4f50694e28afc333283f9a051a43a78ef7,601126.SH,2026-05-12,0,0,READY_PROVISIONAL,REJECTED_STRICT_PREDICATE
b44f7a633eb4a457b525a430b0e03ec338afa430bc6871560e76162cb98f06c4,601126.SH,2026-05-13,1,1,READY_PROVISIONAL,REJECTED_STRICT_PREDICATE
6008687425c081662878dfcbd7d4f9adfac5e7d3b5f3611e68024f66aec862af,601126.SH,2026-05-14,1,1,READY_PROVISIONAL,REJECTED_STRICT_PREDICATE
341abef344b7b8940a68b0e990a26a87e9a0ac03c1a036dea2adc5a65dc48d3c,601133.SH,2026-06-29,3,3,READY_PROVISIONAL,REJECTED_STRICT_PREDICATE
16fe453f03bec889426241c8d1b89aaa399b03dce9614c2e9ab3d05100094591,601133.SH,2026-06-30,3,3,READY_PROVISIONAL,REJECTED_STRICT_PREDICATE
b8941907a16984a80f8258c6c0c21bb8483815e51b8c5ca5ef02c3a12b065d2b,601136.SH,2024-09-30,2,2,READY_PROVISIONAL,REJECTED_STRICT_PREDICATE
8f5fda428b4057c18311e947e7a06dfe8c6aa9bed128cd062dd09de52db13a82,601136.SH,2024-10-08,2,2,READY_PROVISIONAL,REJECTED_STRICT_PREDICATE
7b1a39d1562b59eb46050425b2940062adabbe7ef61ca3fa1a776c32a36c0c1d,601162.SH,2024-09-27,4,4,READY_PROVISIONAL,UNRESOLVED_REGIME_OR_EXCEPTION
19cdc76d5e4693ea3d47431bf5d06d37530dd2459d021947dda7725327bc233a,601162.SH,2024-09-30,5,5,READY_PROVISIONAL,UNRESOLVED_REGIME_OR_EXCEPTION
70f0eacb0f96f724968ab3d92255777a5efda205dcf341cb42e45d9fa3b52e01,601162.SH,2024-10-08,5,5,READY_PROVISIONAL,UNRESOLVED_REGIME_OR_EXCEPTION
de16d8309e5220d96fba6b04e3a1c5ee60509e195820a06e4ee65729a618b0f9,601162.SH,2024-10-09,5,5,READY_PROVISIONAL,UNRESOLVED_REGIME_OR_EXCEPTION
0bfa1b82fa529dc8e806b3d8a16ca935d57ed2d0abb55683e698fe09d8c002b1,601162.SH,2024-10-10,4,4,READY_PROVISIONAL,UNRESOLVED_REGIME_OR_EXCEPTION
6c3eb02da633b511ea478c76b80c8a6476622c80e337fdef7c432394ef32dab5,601177.SH,2025-02-17,4,4,READY_PROVISIONAL,UNRESOLVED_REGIME_OR_EXCEPTION
5232ca3f3ad77df85219656466055208367189368c149bc198329b3ee9c21275,601177.SH,2025-02-18,5,5,READY_PROVISIONAL,UNRESOLVED_REGIME_OR_EXCEPTION
56164a7876ee2ad74c51376dc790ab142ceb23af033e979a1d857d93dee3af52,601177.SH,2025-02-19,5,5,READY_PROVISIONAL,UNRESOLVED_REGIME_OR_EXCEPTION
c4b73bd04f61798c3befab937f6022150c2eca5c1e0e3bf83cea5c2e84ec5117,601177.SH,2025-02-20,5,5,READY_PROVISIONAL,UNRESOLVED_REGIME_OR_EXCEPTION
0c4c5640582071ac6a436c304754183bc4744e4c89b29851e60dcafb9e4825a4,601177.SH,2025-02-21,5,5,READY_PROVISIONAL,UNRESOLVED_REGIME_OR_EXCEPTION
73b97f74a3e94d53787cca2182a3c1407e975390172e8fd30666e1cfd85974d3,601177.SH,2025-02-24,4,4,READY_PROVISIONAL,UNRESOLVED_REGIME_OR_EXCEPTION
ee3f3fb27ff0a2839398ac2acd07262255b5892c5814ba07cb2a85e8a35150a2,601179.SH,2024-04-16,2,2,UNVERIFIED_WARMUP,REJECTED_STRICT_PREDICATE
750402002a1667b6ce505da40453e0725080ebee1b9f7fc3e4dc5d368a8f0ac2,601179.SH,2024-04-17,2,2,UNVERIFIED_WARMUP,REJECTED_STRICT_PREDICATE
4025ff550d3190009ea50ef71aa9f7b966175c1f7becdb6445c1f54d6a80e2d3,601179.SH,2024-04-18,1,1,UNVERIFIED_WARMUP,REJECTED_STRICT_PREDICATE
c5dd040563079c0484d2ee791e1246e1c0f8b34214ec4b9149c1c64959849231,601198.SH,2024-09-30,1,1,READY_PROVISIONAL,REJECTED_STRICT_PREDICATE
44747e8b850abecb008b1fac5439eff6de5c917ce00da542b625861cfa8113f2,601198.SH,2024-10-08,2,2,READY_PROVISIONAL,REJECTED_STRICT_PREDICATE
e81dcc0859202a5630a3a6f044fbd15cf70c8877257c6e229e5f67ef4188c4bf,601198.SH,2024-10-09,2,2,READY_PROVISIONAL,REJECTED_STRICT_PREDICATE
968c8cc8907171b0544764d9426566151c34da878da940665cc13e8a72bfa927,601208.SH,2024-02-20,2,2,UNVERIFIED_WARMUP,REJECTED_STRICT_PREDICATE
bb5e9b02336d1c45879a8b165e32416441126484e4bae6aa273a7cabd664d3d7,601212.SH,2025-10-13,3,3,READY_PROVISIONAL,REJECTED_STRICT_PREDICATE
4a24559cfd40f3eb9b8076cfd79d333a5876b23bd84df0f06d7b938768b27332,601212.SH,2025-10-14,3,3,READY_PROVISIONAL,REJECTED_STRICT_PREDICATE
167cee0e81d75aa82198bea501d8b3b5fd6933d6680bdcff50f07d867d690eaa,601212.SH,2026-01-23,4,4,READY_PROVISIONAL,UNRESOLVED_REGIME_OR_EXCEPTION
999ee9479cdbac9f34a512f083a8d2955166cc76d8af10c33f6f23af538c03cc,601212.SH,2026-01-26,5,5,READY_PROVISIONAL,UNRESOLVED_REGIME_OR_EXCEPTION
e705425beedf0202552e18909a48afb1988e0c73c02f99a5260b344651e09ed3,601212.SH,2026-01-27,5,5,READY_PROVISIONAL,UNRESOLVED_REGIME_OR_EXCEPTION
1f4ba69a8296651c6f156d7acd2b22e883e5b0d5592c28d050eeba9109bccc80,601212.SH,2026-01-28,5,5,READY_PROVISIONAL,UNRESOLVED_REGIME_OR_EXCEPTION
a6b9cad3783588fd077e7fbdcc4a954e5ad54625492b0d8f55d0ec87e13023b4,601212.SH,2026-01-29,5,5,READY_PROVISIONAL,UNRESOLVED_REGIME_OR_EXCEPTION
03dc2d99ddaaf48714639cfc52b0d282cab0fb18febc78e400c1d39dad860a84,601212.SH,2026-01-30,4,4,READY_PROVISIONAL,UNRESOLVED_REGIME_OR_EXCEPTION
7ced17ad86922f7d8f7d4895b3deed63ffa102be44ff20657d0b63bf59fd7ede,601218.SH,2025-07-03,4,4,READY_PROVISIONAL,UNRESOLVED_REGIME_OR_EXCEPTION
f64db84abe90bd2216009abc517da0617d889a97693e17a5a6ce33dee7ec9177,601218.SH,2025-07-04,4,4,READY_PROVISIONAL,UNRESOLVED_REGIME_OR_EXCEPTION
b5891fa05e0f4801d58e1e008e6bda7481db5c38a92fa09cd8172a29b94d39f3,601218.SH,2025-10-10,2,3,READY_PROVISIONAL,REJECTED_STRICT_PREDICATE
77a413d467786ff08f239995d4627fb1efa207087caa4e0ed19f037062516e22,601336.SH,2024-09-30,1,1,READY_PROVISIONAL,REJECTED_STRICT_PREDICATE
d10401c1865334f8289e23b9b6bed2e50d58cb8efe385aef4556950c153fd6a0,601336.SH,2024-10-08,2,2,READY_PROVISIONAL,REJECTED_STRICT_PREDICATE
c84457262eaab6604bb063abb15fbbd99351088cc42c66163f0e307072886030,601336.SH,2024-10-09,2,2,READY_PROVISIONAL,REJECTED_STRICT_PREDICATE
1ea03fec7fbfc12a04380967e7333e764136e8ec73462b545136aa76e2f52412,601336.SH,2024-10-10,2,2,READY_PROVISIONAL,REJECTED_STRICT_PREDICATE
30267c1e588d3742dc218977826ee7c9b45c8f3a77e69e52fd3c115e54f350cc,601360.SH,2024-11-25,2,2,READY_PROVISIONAL,REJECTED_STRICT_PREDICATE
0f2013e487191d0fe4b72eabaeedcb1a2c4c33f649b735775803e296dae04603,601360.SH,2025-02-10,1,1,READY_PROVISIONAL,REJECTED_STRICT_PREDICATE
204812550142860573f2a5738c6578f578750cfb916a9129dd378780890739aa,601375.SH,2024-09-30,1,1,READY_PROVISIONAL,REJECTED_STRICT_PREDICATE
184c16f9130d2fe2f8eecb7e3a6355011c4175657a4af02dc4e706edb3f84d80,601375.SH,2024-10-08,2,2,READY_PROVISIONAL,REJECTED_STRICT_PREDICATE
7caef1dc1438c2ee0265ecef785a4e3484f008613080bd7d5b84190a5582bb1f,601375.SH,2024-10-09,2,2,READY_PROVISIONAL,REJECTED_STRICT_PREDICATE
8d01bf16a5964fd9ed32592ec3c4f917be2404bca35c36ee5f7b994eefe27377,601399.SH,2025-12-05,3,3,READY_PROVISIONAL,REJECTED_STRICT_PREDICATE
3507eb6064a700455ed003e6f6cf7da79ce70b613c9a483b7738628cb983ec5d,601399.SH,2025-12-08,3,3,READY_PROVISIONAL,REJECTED_STRICT_PREDICATE
cdba785f5d753ed658cec5893efa375c7235dda25eb31d613872b1a1f655176e,601399.SH,2025-12-09,3,3,READY_PROVISIONAL,REJECTED_STRICT_PREDICATE
2ab10d3aaa13e82aba26b0a3faa99ce6539b731033cc7abedf4f53b0ba7cf158,601519.SH,2024-09-30,2,2,READY_PROVISIONAL,REJECTED_STRICT_PREDICATE
1def43594694fba380d2e83650e330eada20357fad59b37c769fcb97f70d5da3,601519.SH,2024-10-08,3,3,READY_PROVISIONAL,REJECTED_STRICT_PREDICATE
8511d95466610150de5e18be9555a75dece0fa36a24e9892d893cb1c179a50ad,601519.SH,2024-10-09,3,3,READY_PROVISIONAL,REJECTED_STRICT_PREDICATE
409cf1ca10091d752863ced6fb8ca636309bb5d75fd13123219c1a4daac69c34,601519.SH,2024-12-05,4,4,READY_PROVISIONAL,UNRESOLVED_REGIME_OR_EXCEPTION
7db3d42b56ca21fb60fc3cee60c532ed0302af90c5dc2014ea4ec00aaf2f1338,601519.SH,2025-07-09,2,2,READY_PROVISIONAL,REJECTED_STRICT_PREDICATE
9172b1579ec06df9d66e41e68290ce0406915bc79f38ed2711c228e2e3a8727b,601519.SH,2025-07-10,2,2,READY_PROVISIONAL,REJECTED_STRICT_PREDICATE
c6b84ff63a0e04b88f87962505552e407b6c43672edf1150cd6633b05832abb6,601519.SH,2025-07-11,2,2,READY_PROVISIONAL,REJECTED_STRICT_PREDICATE
58bfcbf7a9f2eaa6e9ca4061a50d4a3bda001471fd05be293485b8320713885c,601555.SH,2024-09-30,1,1,READY_PROVISIONAL,REJECTED_STRICT_PREDICATE
dbf6255f00cad2c59f1a172644111d8a986229ee7f3a01e43d9e5c7c3401f5b0,601555.SH,2024-10-08,2,2,READY_PROVISIONAL,REJECTED_STRICT_PREDICATE
77dd26df679e13f077b33c429aa869a14893200c7617d915dd26259d4b28b865,601555.SH,2024-10-09,2,2,READY_PROVISIONAL,REJECTED_STRICT_PREDICATE
f427a4e20ee283900768dcd73277ad2e3cbd3dde1cebc8b823f03ed66e17fc53,601566.SH,2025-11-17,4,4,READY_PROVISIONAL,UNRESOLVED_REGIME_OR_EXCEPTION
38b7ee7d47f2f889abf21b1b364f9bdb0224b4caa6f983cc78521ba3c1a1fd18,601566.SH,2025-11-18,5,5,READY_PROVISIONAL,UNRESOLVED_REGIME_OR_EXCEPTION
110b265a3ce25dfeabe6cb2c18320e8e72e91327689f5a2e08195cc6c9ffef21,601566.SH,2025-11-19,5,5,READY_PROVISIONAL,UNRESOLVED_REGIME_OR_EXCEPTION
cfdd176260498ecf2cd48e0a50cde782c6113e3cbfbbb8b7f0387451a972d025,601566.SH,2025-11-20,5,5,READY_PROVISIONAL,UNRESOLVED_REGIME_OR_EXCEPTION
63e255f4fd7c7cf431890f7ee0180d0adf45f76bfcb11f428454dd144037f9cb,601566.SH,2025-11-21,4,4,READY_PROVISIONAL,UNRESOLVED_REGIME_OR_EXCEPTION
2eaf28181a9b84a541ebf3ac8c923383bb9da638b6d59e9df856ea56edfe6870,601579.SH,2025-05-22,1,1,READY_PROVISIONAL,REJECTED_STRICT_PREDICATE
6c3de6df9680c5be96dec99f746bdb5631586fa65ca6d7718fdbed6c8936b74e,601579.SH,2025-05-23,1,1,READY_PROVISIONAL,REJECTED_STRICT_PREDICATE
9e54f1160a95b18be72a5c40e0ec98c52ccd63584fae55ef23a5dd41cac0af67,601579.SH,2025-05-26,2,2,READY_PROVISIONAL,REJECTED_STRICT_PREDICATE
218d964d4f59a7e11b48d4d24da92ca07fa9d0d1defd2939c18c8f12bfbf750a,601579.SH,2025-05-27,3,3,READY_PROVISIONAL,REJECTED_STRICT_PREDICATE
e70edcaba7e9813269379308755c2d1e07dda412f4970bcc7ba4a1d106696879,601579.SH,2025-05-28,3,3,READY_PROVISIONAL,REJECTED_STRICT_PREDICATE
0b9a2c560d43bb9e612294e0d5680f784a437293ae5516c35714d373bc53a207,601579.SH,2025-05-30,3,4,READY_PROVISIONAL,UNRESOLVED_REGIME_OR_EXCEPTION
402ed833fa814ce8809557bd3df6c2a590846404e5d129dd68e22c23db3cc72d,601579.SH,2026-09-18,3,3,READY_PROVISIONAL,REJECTED_STRICT_PREDICATE
163498d8b0268cec6cee5fbc5c6434a2876a10bb0f24696af3e20b2b751c9b20,601579.SH,2026-09-21,4,4,READY_PROVISIONAL,UNRESOLVED_REGIME_OR_EXCEPTION
6afce06b9456616b400285aefa02b4be69e3362a99e3f390dbf0eb26d715f451,601579.SH,2026-09-22,3,3,READY_PROVISIONAL,REJECTED_STRICT_PREDICATE
a0c0e4c265f746e82ac19698ee569b52cc2b332c06b9963d6c4e944bb37c8764,601595.SH,2024-03-04,2,2,UNVERIFIED_WARMUP,REJECTED_STRICT_PREDICATE
f18ccb97c75cbeec6ed0949b6f6366d58bec8275d8f57908450233dbe8484e11,601595.SH,2024-09-30,1,1,READY_PROVISIONAL,REJECTED_STRICT_PREDICATE
a7510a3da0039f50216d5b5489e595db986fb2f59af3efda6f87c29d5a5550c0,601599.SH,2024-02-21,4,4,UNVERIFIED_WARMUP,UNRESOLVED_RSI_WARMUP
cd5dbe936e39636b4cc0d97c7bb421ac820efdc3a9df915ef53cce189b169f33,601599.SH,2024-02-22,4,4,UNVERIFIED_WARMUP,UNRESOLVED_RSI_WARMUP
082de50040a6ca5fb45f8a69c1489207ab7b6f5efe9d806e54626d388c396110,601606.SH,2025-06-23,4,4,READY_PROVISIONAL,UNRESOLVED_REGIME_OR_EXCEPTION
086ad9669a84b308572bf355180a51455a9a40429dd126755a175d52a5a801f5,601606.SH,2025-06-24,4,4,READY_PROVISIONAL,UNRESOLVED_REGIME_OR_EXCEPTION
41839cb7fa54ff930c2be27e802b16f69ddc9f196e8559dcc78864e680a349f4,601606.SH,2025-06-25,4,4,READY_PROVISIONAL,UNRESOLVED_REGIME_OR_EXCEPTION
153ed01be52a007791007ca97aed2cd7cfd37e173f6fc2e8f601df7415cd80f8,601606.SH,2025-06-26,4,4,READY_PROVISIONAL,UNRESOLVED_REGIME_OR_EXCEPTION
7f827dca9a936378e73fb96f13c15dc9b602bae30c9541df52a5f85038f51bab,601606.SH,2025-06-27,3,3,READY_PROVISIONAL,REJECTED_STRICT_PREDICATE
9b77de5eb6c74415623e75ed545d2b7b92ca28b6dae2927ded8bfe099ed4ff7a,601606.SH,2025-06-30,3,3,READY_PROVISIONAL,REJECTED_STRICT_PREDICATE
f8e744de8a722c676895d4fb5ade74c7b02aa2d8aa760c21e9b3ba6f544d0f8e,601606.SH,2025-07-01,4,4,READY_PROVISIONAL,UNRESOLVED_REGIME_OR_EXCEPTION
689b426c538a236b2ac20718e6e4ca065242874bd2aa43f45a29476ea78c781a,601606.SH,2025-07-02,3,3,READY_PROVISIONAL,REJECTED_STRICT_PREDICATE
3c78ff6aaa76777765dc77270d1ccde8cc4761807dda35481d848554a380915b,601606.SH,2025-08-06,4,4,READY_PROVISIONAL,UNRESOLVED_REGIME_OR_EXCEPTION
5d711d1400608bba198498f46f203661032f793b306da7f0c8fb2acaba468dcb,601606.SH,2025-08-07,4,4,READY_PROVISIONAL,UNRESOLVED_REGIME_OR_EXCEPTION
0654e9c42c995177c7e2a1c0b800dd05b2d686a937fb8343898df2e91137f42b,601606.SH,2025-08-08,4,4,READY_PROVISIONAL,UNRESOLVED_REGIME_OR_EXCEPTION
ea1f87a00aca44115985124a5d04c9b28f34468732b8c139757dc17d5407a906,601606.SH,2025-08-11,4,4,READY_PROVISIONAL,UNRESOLVED_REGIME_OR_EXCEPTION
612127b181aee423e1d806a779454d8d5f1865b284eadc03f1abe9d8389f86cc,601606.SH,2025-08-12,3,3,READY_PROVISIONAL,REJECTED_STRICT_PREDICATE
3c41a7788e6ad8331bbc422b54a0009e089fed4da3944b435eff69beb893758e,601606.SH,2025-08-13,3,3,READY_PROVISIONAL,REJECTED_STRICT_PREDICATE
320a5209fb3041689be81641cac3d11a70b2dc371770169291ae1aee69d2fc05,601609.SH,2025-08-18,4,4,READY_PROVISIONAL,UNRESOLVED_REGIME_OR_EXCEPTION
1651b21af72cb1d22b98aa6bfd0c9ca3dd78fb4a7e38ae4bfdceabc696e4924e,601609.SH,2025-08-19,4,4,READY_PROVISIONAL,UNRESOLVED_REGIME_OR_EXCEPTION
d5027617d325b01f78d91eea8fccf90a5f2a4a3541c390e29db6deb5cf47872d,601609.SH,2025-08-20,4,4,READY_PROVISIONAL,UNRESOLVED_REGIME_OR_EXCEPTION
8cc84d578819383389c15d1953a1bc1cb6e52de318c8325038c2a6088ffaed81,601609.SH,2025-08-21,3,3,READY_PROVISIONAL,REJECTED_STRICT_PREDICATE
0e67b7b674e77d653e7a1f40472129b99cce79958eab9882f59f79b703d174a1,601611.SH,2026-01-12,3,3,READY_PROVISIONAL,REJECTED_STRICT_PREDICATE
87299112f97379e8b7d1d0fcc4599ce74842d55140db618cb3f22e46f5718bd7,601615.SH,2026-01-26,3,3,READY_PROVISIONAL,REJECTED_STRICT_PREDICATE
11ff67f9a95a8caca695416cf79fbadda1508e39a3fa87fcab2d2150f43c20d1,601615.SH,2026-01-27,3,3,READY_PROVISIONAL,REJECTED_STRICT_PREDICATE
2a13f1cfdbaca24d9391950759b65d729c5e6c46e5e0a8d7581aad910364d6e9,601615.SH,2026-01-28,3,3,READY_PROVISIONAL,REJECTED_STRICT_PREDICATE
3d6ed3aa0fa39989f761bab833e89b2dba3072b1e6ab03bf44c24927186a54f3,601616.SH,2026-01-21,4,4,READY_PROVISIONAL,UNRESOLVED_REGIME_OR_EXCEPTION
17a463110ff281bea94712a5936fc69de3cdc0a27f459341b7c381aa1155fdb9,601616.SH,2026-01-22,4,4,READY_PROVISIONAL,UNRESOLVED_REGIME_OR_EXCEPTION
c51c28973ae7a74c36bb3a64d0b4e810418b361233af1bbbbde9e766afdab391,601633.SH,2024-10-08,1,1,READY_PROVISIONAL,REJECTED_STRICT_PREDICATE
b9dec662feced278491dac57696d63c313feaa5c6956418b8197b923cb5c8de5,601636.SH,2024-09-30,1,1,READY_PROVISIONAL,REJECTED_STRICT_PREDICATE
a27c8272c79bc82f2e1669b55e3bc04c718ebb29732ea900d1e44f8a2c147882,601669.SH,2025-07-23,3,4,READY_PROVISIONAL,UNRESOLVED_REGIME_OR_EXCEPTION
27805034d7ca99db2f6742eec05640e5de0c16a756c91a942cea23f17b11016d,601669.SH,2025-07-24,4,5,READY_PROVISIONAL,UNRESOLVED_REGIME_OR_EXCEPTION
9281e61ae03cf03d64f38d262cbb704237bcf0f289820528e178ee46136ee215,601669.SH,2025-07-25,4,4,READY_PROVISIONAL,UNRESOLVED_REGIME_OR_EXCEPTION
0f70a3ea53255207ec2c64a4dd96b6412464b7d427408df91282ec2154bb3753,601689.SH,2024-10-08,1,1,READY_PROVISIONAL,REJECTED_STRICT_PREDICATE
bce607e7c57cf5b164491515f4b70706244af487469c2421bac819818f548e17,601689.SH,2024-10-09,1,1,READY_PROVISIONAL,REJECTED_STRICT_PREDICATE
8b0e341065c4536b4a40dfdb93c70d13ea457555321ed38a6c6d3786a7f42833,601696.SH,2024-10-08,4,4,READY_PROVISIONAL,UNRESOLVED_REGIME_OR_EXCEPTION
3c826f46b32f8012b7cb971f9de36ca89d8479cfed2ef6a95fad769037485119,601696.SH,2024-10-09,4,4,READY_PROVISIONAL,UNRESOLVED_REGIME_OR_EXCEPTION
fc6ab64882366912583026be3e643aca5d642de71a2ad3cf55764ecbd4711f7a,601698.SH,2024-11-11,2,2,READY_PROVISIONAL,REJECTED_STRICT_PREDICATE
617f4677d03b38e564fe21e206633420c062789b2c197a71db4a47e0e43b5bc8,601698.SH,2024-11-12,2,2,READY_PROVISIONAL,REJECTED_STRICT_PREDICATE
731b802a9fb364578bb36a4db017baabc76872dd844eb47f5577d7c1658c38aa,601698.SH,2024-11-13,3,3,READY_PROVISIONAL,REJECTED_STRICT_PREDICATE
095fb7638215019fd7dc1f2230e5b1ad57c01adb5b5116d8213fcbff4045ad02,601698.SH,2025-12-31,2,2,READY_PROVISIONAL,REJECTED_STRICT_PREDICATE
e50538c72b211921fbde22940ad605f2e20560d3fcb6cc2e7ee0d41767670ce7,601698.SH,2026-01-05,3,3,READY_PROVISIONAL,REJECTED_STRICT_PREDICATE
625c7c493f03efd454f6faccab31dd71cbfcdd42229d100cef0a6d5086383004,601698.SH,2026-01-06,3,3,READY_PROVISIONAL,REJECTED_STRICT_PREDICATE
98f0bb96c137f74f3c9daa2becd35ad5f238f7eb7a23aedc38b6891add534323,601698.SH,2026-01-07,3,3,READY_PROVISIONAL,REJECTED_STRICT_PREDICATE
cb8cd4a443128c9688e9407b2146fa7345bb659c9dc23e285b0927fb7ca88c0c,601700.SH,2026-08-06,4,4,READY_PROVISIONAL,UNRESOLVED_REGIME_OR_EXCEPTION
1ba921b50958f76aef983d3b35eb2f46ff799a1dc36947a54abdd3b59f720db8,601700.SH,2026-08-10,4,4,READY_PROVISIONAL,UNRESOLVED_REGIME_OR_EXCEPTION
4289097cccb6ad8d22aded5b6e5aca65252b56d10a0949d4f9d9e2f1b7203e31,601702.SH,2026-01-29,2,2,READY_PROVISIONAL,REJECTED_STRICT_PREDICATE
ea9a891c0c460fe7794545589bbd82c3102945b26d0f4b11bf441e2078df9ecc,601727.SH,2024-10-25,4,4,READY_PROVISIONAL,UNRESOLVED_REGIME_OR_EXCEPTION
36ddcc7abebd33aa3338a5066413a0eff8ff9e2a997fc134ef2e2619cd8108e4,601727.SH,2024-10-28,4,4,READY_PROVISIONAL,UNRESOLVED_REGIME_OR_EXCEPTION
7fdc656c371424e96974a8e98e32d607f936bc236bd2b1c0eb153ffd89bf9139,601727.SH,2024-10-29,4,4,READY_PROVISIONAL,UNRESOLVED_REGIME_OR_EXCEPTION
82c3decaf71b475a9faaf4d4171de651584f722ae347d5fa6c1b4a6364dd4825,601727.SH,2024-10-30,4,4,READY_PROVISIONAL,UNRESOLVED_REGIME_OR_EXCEPTION
f6472739a9f01a86187e4684107443297b007ba2ac421410e03a93bcb64bcec9,601727.SH,2024-10-31,4,4,READY_PROVISIONAL,UNRESOLVED_REGIME_OR_EXCEPTION
944181263d0103edc737eebf589a88da9573e05daaec7d321ee57ac20e3518c3,601727.SH,2024-11-01,3,3,READY_PROVISIONAL,REJECTED_STRICT_PREDICATE
ddf8a13856f36e5e2f2220872b4d537a607a3ee509d0ad88aed6070461fbefec,601727.SH,2024-11-04,3,3,READY_PROVISIONAL,REJECTED_STRICT_PREDICATE
96d2185b415e4e40d48eb9e94a29d0ad31a280db38e5f83ee65799eb31384e8d,601727.SH,2024-11-05,3,3,READY_PROVISIONAL,REJECTED_STRICT_PREDICATE
0fbe469dcf1ae88ca57075bab017875bdcda38a4977f5fdeca526240704c3df5,601727.SH,2024-11-06,3,3,READY_PROVISIONAL,REJECTED_STRICT_PREDICATE
90cdba65076a24f492e51d381d43689d5c6e05e3df52ca3c57c72f7620b48ee9,601727.SH,2024-11-08,4,4,READY_PROVISIONAL,UNRESOLVED_REGIME_OR_EXCEPTION
7af0d46c94bc28a2653f948258274449f594a5b7fec6d7bb873bdc4138e443c4,601777.SH,2024-10-29,3,3,READY_PROVISIONAL,REJECTED_STRICT_PREDICATE
94d7a866221b6e9b273680dbef398441c8ef160531d6c86e818013571cb1afec,601789.SH,2026-03-11,4,4,READY_PROVISIONAL,UNRESOLVED_REGIME_OR_EXCEPTION
1e70e95d9e42fff7291ca44ce88f7a3cb63b9c6dd8d863d54e333ec9a2fad64e,601789.SH,2026-03-12,4,4,READY_PROVISIONAL,UNRESOLVED_REGIME_OR_EXCEPTION
b3dc12eaa6c4dae3f3c79f68f0e4f1a7dd49653bb89a8fe16baf5bde998b3a26,601798.SH,2024-02-19,3,3,UNVERIFIED_WARMUP,REJECTED_STRICT_PREDICATE
8bcf95e266c4c6b7998cf94da33f900b9c6fc9a9b2137d2e07a33ab3d8ee2d72,601798.SH,2024-02-20,4,4,UNVERIFIED_WARMUP,UNRESOLVED_RSI_WARMUP
ed4fe39af2ae5051358c85d51192bac1c9f16e75a2782749f7619198ff81409e,601798.SH,2024-02-21,5,5,UNVERIFIED_WARMUP,UNRESOLVED_RSI_WARMUP
9824db1f73112d842295d866bfa89d6164e674c0ec9b1431fe5fb34b5ce0bb89,601798.SH,2024-02-22,5,5,UNVERIFIED_WARMUP,UNRESOLVED_RSI_WARMUP
a29c4b209cf21ad3a9d57d8caaff37a6a439eaf9800e497afa04790dcbc5b450,601798.SH,2024-02-23,5,5,UNVERIFIED_WARMUP,UNRESOLVED_RSI_WARMUP
5ecd226307f2ba28222e1b6c0bc1e1caecc82eed8f8604aedfbc899f4bb32c6d,601798.SH,2024-02-26,5,5,UNVERIFIED_WARMUP,UNRESOLVED_RSI_WARMUP
4041349bfc43ad5a21dd096348ce7bb0382dac92909c39eb25c85b190de11960,601798.SH,2024-02-27,4,4,UNVERIFIED_WARMUP,UNRESOLVED_RSI_WARMUP
7b3c98f76a750436f66e8deefd5f18a3c50cf73af02d9fc71dff97412156f266,601800.SH,2024-10-08,1,1,READY_PROVISIONAL,REJECTED_STRICT_PREDICATE
6cdd502641062e77810ef67aed5ec6e6421f60daab315f0549788bddf1f5d433,601811.SH,2026-09-23,4,4,READY_PROVISIONAL,UNRESOLVED_REGIME_OR_EXCEPTION
cdf4ec3b2e71acc6ffc72356e3838d1eb8a3daf64a94de48aa31d3c2d5472996,601828.SH,2024-09-27,3,3,READY_PROVISIONAL,REJECTED_STRICT_PREDICATE
5a141361a688506626de3f7c4038e839123fafd1dae0e08457ab836c3ed752d1,601828.SH,2024-09-30,4,4,READY_PROVISIONAL,UNRESOLVED_REGIME_OR_EXCEPTION
adf139dd1850a4df62b005930e014f23f1f24348398329a94b5a4b1df6e10689,601828.SH,2024-10-08,4,4,READY_PROVISIONAL,UNRESOLVED_REGIME_OR_EXCEPTION
cf6bfe4130aa836b5c48832969141f97957f4b1227b683507cb39c10eb86c814,601858.SH,2024-10-10,0,0,READY_PROVISIONAL,REJECTED_STRICT_PREDICATE
87530f9796db23e1dd43b34560dce9f08c0ca4622eb9350a0ef168ef2a041bef,601865.SH,2024-09-30,2,2,READY_PROVISIONAL,REJECTED_STRICT_PREDICATE
2d91bf56575cf517179f7e1ef8a3eef728cd8053843b90eca18ff1a816128a3a,601865.SH,2024-10-08,3,3,READY_PROVISIONAL,REJECTED_STRICT_PREDICATE
d538dc06ce242170dcb4519bbd951621d4029df936200285906e960d98704aee,601868.SH,2026-03-12,3,3,READY_PROVISIONAL,REJECTED_STRICT_PREDICATE
080bfee8c51f3dd75c60b1c2ca8bfc581642664477170dfc19d9f3190ecba70b,601869.SH,2025-08-28,2,3,READY_PROVISIONAL,REJECTED_STRICT_PREDICATE
e5915c7ad69dadd1228812b9b4fb5547ddef8ab6037e23172d20f9b276aa8e13,601869.SH,2025-08-29,3,4,READY_PROVISIONAL,UNRESOLVED_REGIME_OR_EXCEPTION
ca76d7d9023ffb167ad28964cdddeb01f607a6358a773d079e4b489e06c57662,601869.SH,2025-09-01,2,3,READY_PROVISIONAL,REJECTED_STRICT_PREDICATE
a951872d8b8684984b56ab5d537f163cfa6670b36e215e98f679c39122b2424e,601869.SH,2025-12-22,3,3,READY_PROVISIONAL,REJECTED_STRICT_PREDICATE
15a8d472f467a0f4716a1120b3372cb860046b2e92ab592ed582c1fd4026156d,601869.SH,2025-12-23,3,3,READY_PROVISIONAL,REJECTED_STRICT_PREDICATE
a9af16871bda28f6c710c00d9dcd35ee60f736ef6492b79b9ea39cb63e74c1cb,601869.SH,2026-02-10,2,2,READY_PROVISIONAL,REJECTED_STRICT_PREDICATE
25d7a3aa87ff190b99fd486507b16045a50dd61e1108968b5d7e53e1a6877868,601872.SH,2026-02-26,3,3,READY_PROVISIONAL,REJECTED_STRICT_PREDICATE
e8d6b4eb8d36a0c35a0344441fdad40516748e60369c94e8aaaf0e8425c1b67a,601872.SH,2026-03-02,3,3,READY_PROVISIONAL,REJECTED_STRICT_PREDICATE
509173b6e545295b2c986efc8d443b8f2d14a240d6fee05ced6167ff30e62a31,601872.SH,2026-03-03,3,3,READY_PROVISIONAL,REJECTED_STRICT_PREDICATE
b6c51110e02d884fe8f26ac8b26ce7d7f980c80f17d9ee526e40f8c298f461d3,601882.SH,2026-05-08,0,1,READY_PROVISIONAL,REJECTED_STRICT_PREDICATE
e9eeec364860c0e0f9c909261403fcbd784118a5c8c0d5169b4069fe7f27e9ad,601888.SH,2024-09-30,2,2,READY_PROVISIONAL,REJECTED_STRICT_PREDICATE
461e2d0a667c669903475368d2d9dc9ba3a78992f84d3655ff44e5612f166358,601888.SH,2024-10-08,2,2,READY_PROVISIONAL,REJECTED_STRICT_PREDICATE
d05b3b07d9f3762b9675e1d811c4a998db05dce35084b722d0f5c2ec9cbf391f,601890.SH,2025-03-24,3,3,READY_PROVISIONAL,REJECTED_STRICT_PREDICATE
ac41a53013fb39cc48f7f830f8be333f4e5022cf1e6ec93dbdc037f891565dd5,601899.SH,2025-10-09,1,2,READY_PROVISIONAL,REJECTED_STRICT_PREDICATE
a856bb45dd81ce462f01b665fce9b714a4b8436e7bc807038b66e8eeef16c8f3,601901.SH,2024-09-30,1,1,READY_PROVISIONAL,REJECTED_STRICT_PREDICATE
19128db3faa22f6f9f3b33eeef5a05be5e3750be3768c16e20b3cf41f9038d19,601901.SH,2024-10-08,2,2,READY_PROVISIONAL,REJECTED_STRICT_PREDICATE
522208ee41587226a16d87ff1dbdfc2b6b7e9ff06a0a4b599a30b0c4369c7d54,601908.SH,2025-07-14,3,3,READY_PROVISIONAL,REJECTED_STRICT_PREDICATE
532bd77dfec3bbfff65b5953576008c5ad4415c6d9f3022ac0fe0e30be2bbe2b,601929.SH,2025-08-12,4,4,READY_PROVISIONAL,UNRESOLVED_REGIME_OR_EXCEPTION
bfcd60bf47097eccb50fb7f3284dddddfcd950494667e3fdf5942f8c8cc13510,601929.SH,2025-08-13,5,5,READY_PROVISIONAL,UNRESOLVED_REGIME_OR_EXCEPTION
627fef055ab58fd5919f0f5e98e9d9d0eef511482f70693564d2cabfd8f3826d,601929.SH,2025-08-14,4,4,READY_PROVISIONAL,UNRESOLVED_REGIME_OR_EXCEPTION
ea15c34c352252295b8b2fe1a411dc62cda50a3ccb7c003bceff12078ecca188,601929.SH,2025-08-15,3,3,READY_PROVISIONAL,REJECTED_STRICT_PREDICATE
542d799e181f3be2d1e43e2b7b568c253713aa7edf0321bd84ce139db188a912,601929.SH,2025-08-18,3,3,READY_PROVISIONAL,REJECTED_STRICT_PREDICATE
a5f66ed9c4099584264c0a802ac5e1f1425675db9a4503aedd350aee89f4b76b,601929.SH,2025-11-05,3,3,READY_PROVISIONAL,REJECTED_STRICT_PREDICATE
a902b7eb2c92af25da46e5727d7ccf087582890612df7309c0fe2f9687502f24,601933.SH,2024-09-27,4,4,READY_PROVISIONAL,UNRESOLVED_REGIME_OR_EXCEPTION
2cf91e56b03c785c9f87809c5af8c2884abceed90384d94f0c36fff8b31090de,601933.SH,2024-09-30,5,5,READY_PROVISIONAL,UNRESOLVED_REGIME_OR_EXCEPTION
8d99116ef0cf395cae2ac2ae3b5c4f9b81e0dce7cf9461e76fcef11b350991e5,601933.SH,2024-10-08,5,5,READY_PROVISIONAL,UNRESOLVED_REGIME_OR_EXCEPTION
88aefaad0598905cded7b4b7d1125c72e7669129fa63e3674f0f47d0487de773,601933.SH,2024-10-09,4,4,READY_PROVISIONAL,UNRESOLVED_REGIME_OR_EXCEPTION
2323495563cd579376bf34025d54d25ed9b4dc115a94978d4b50fa9e5f388301,601933.SH,2024-11-01,3,3,READY_PROVISIONAL,REJECTED_STRICT_PREDICATE
f84a5e4633ae4c56b7cbfc66a439c77f195a62d229711ee781916879e43c3a36,601933.SH,2024-12-04,3,3,READY_PROVISIONAL,REJECTED_STRICT_PREDICATE
50e0da1e68b130f9fef124dfb00c86ee35dda88319ab73086b80daf21b35302f,601933.SH,2025-12-11,3,3,READY_PROVISIONAL,REJECTED_STRICT_PREDICATE
e8396472b4bcfe7b4cd951beb76615eb1e5a9ea47ba330aea32c562403bf4509,601956.SH,2025-04-28,4,4,READY_PROVISIONAL,UNRESOLVED_REGIME_OR_EXCEPTION
6ab3e85ee969cf4c3215282dcfb83e709ea11d8e2e7402ca8b1c0676d54a881c,601956.SH,2025-04-29,4,4,READY_PROVISIONAL,UNRESOLVED_REGIME_OR_EXCEPTION
aa2291a7c433a4ea96635ba8ecfd67b1ce36f8753a5231e838adfc5f01a5b7cd,601991.SH,2026-05-08,3,3,READY_PROVISIONAL,REJECTED_STRICT_PREDICATE
f50274a05b6233e16afee2a225b1ad4755749b580ebc456071ed407ae66813e8,601991.SH,2026-05-11,4,4,READY_PROVISIONAL,UNRESOLVED_REGIME_OR_EXCEPTION
9b9cdcc3b381fa023958b922e0f8cf767bad0e85c5ccc23df66ad5cca34f97e9,601991.SH,2026-05-12,5,5,READY_PROVISIONAL,UNRESOLVED_REGIME_OR_EXCEPTION
766521067240f88f2f11a3c5241fbabc2aee6e376523c753706353a996b28c75,601991.SH,2026-05-13,5,5,READY_PROVISIONAL,UNRESOLVED_REGIME_OR_EXCEPTION
38b39992ae30e2745466ac3c5c319546e97aba173223ae01b69d90a0cf44256a,601991.SH,2026-05-14,4,4,READY_PROVISIONAL,UNRESOLVED_REGIME_OR_EXCEPTION
c4e18692a604cbbdbcc00b35b8add0fe5dd978368e30962f610e65e2d30786f5,601991.SH,2026-05-15,4,4,READY_PROVISIONAL,UNRESOLVED_REGIME_OR_EXCEPTION
0e09075bfe2ddbbb8fb99888d8cf8324fbb1cf671cd9bf888975d3e6680113af,603000.SH,2026-01-15,4,4,READY_PROVISIONAL,UNRESOLVED_REGIME_OR_EXCEPTION
9bb5feebeaed031eff0d749b34c74aaa1777978bd2a876ab65a402d9a1b231e3,603000.SH,2026-01-16,4,4,READY_PROVISIONAL,UNRESOLVED_REGIME_OR_EXCEPTION
34a9f8ef41b9396e0864258a984b35ca4480b2fccc9a04b91b200a780cc30ef0,603001.SH,2026-06-22,1,1,READY_PROVISIONAL,REJECTED_STRICT_PREDICATE
5f1caa929a34f93ea918e73833c3f017b7995b2e421ab760b5de429197d1c568,603002.SH,2026-06-17,3,4,READY_PROVISIONAL,UNRESOLVED_REGIME_OR_EXCEPTION
a8ef2e4731f7aed1eee63464d2046c150552f9f0fd51d947f61b73c62d8b6083,603002.SH,2026-06-18,3,4,READY_PROVISIONAL,UNRESOLVED_REGIME_OR_EXCEPTION
a10155db2c05d49e4bc6cbef92e1dc41d7d850e1af0115c602c1e607d54d4dfb,603002.SH,2026-06-22,4,4,READY_PROVISIONAL,UNRESOLVED_REGIME_OR_EXCEPTION
9af2b5d30a2ed56b12bced447dca98ce77fd184aaa47f504f8c325b271159c57,603004.SH,2024-11-21,4,4,READY_PROVISIONAL,UNRESOLVED_REGIME_OR_EXCEPTION
6f469275b97710738d9004550a480e1db0ff7d9961f0a62368cd827b1e61fb28,603004.SH,2024-11-22,4,4,READY_PROVISIONAL,UNRESOLVED_REGIME_OR_EXCEPTION
f8b40e059a6e5b529f690761f2508bb8f20cbe03ef093e3941f571635e428fa1,603006.SH,2024-03-29,4,4,UNVERIFIED_WARMUP,UNRESOLVED_RSI_WARMUP
7c02e2da3693ea7c4958d28842e9e2933f41d589a21f9afe7a3b884e6fc35bd1,603006.SH,2024-04-01,5,5,UNVERIFIED_WARMUP,UNRESOLVED_RSI_WARMUP
271fce2649c57f3f548fbbe4e29e42b12aa6fd0e1b820e4ed1c3b8fe098b6718,603006.SH,2024-04-02,5,5,UNVERIFIED_WARMUP,UNRESOLVED_RSI_WARMUP
b1f51fab3a0f0f0426260cb4c675a645ef6704d157756095fde5ceeb7e27bb5d,603006.SH,2024-04-03,5,5,UNVERIFIED_WARMUP,UNRESOLVED_RSI_WARMUP
829285ae440fe0b241ad562ab93aaadea2b57db00d36c25ff1ccb35bb701ea91,603006.SH,2024-04-08,4,4,UNVERIFIED_WARMUP,UNRESOLVED_RSI_WARMUP
ec39f8f2c87dc352856cfc21d4f09d54eb98288098bb61908f93bcaa3d11dbfe,603007.SH,2024-02-21,0,0,UNVERIFIED_WARMUP,REJECTED_STRICT_PREDICATE
d900b6a7dade003252e14e05e1f5629421e9003a7364f5d1b9d9ef17bde68ea5,603007.SH,2024-02-22,0,0,UNVERIFIED_WARMUP,REJECTED_STRICT_PREDICATE
f7f17bd5db8cbf60d9200ec0180d14ac5cd14316ccc606454b176b9297920be8,603007.SH,2026-05-13,2,2,READY_PROVISIONAL,REJECTED_STRICT_PREDICATE
b4b816274ab3b69254a76a2e6bc8b9956b88c67771294017b7f5e3fe75624c6e,603007.SH,2026-05-14,3,3,READY_PROVISIONAL,REJECTED_STRICT_PREDICATE
5f91637b35a78349c971839d7cba86eaea78fb00335ad54349123f5e4d624b45,603010.SH,2026-06-29,1,1,READY_PROVISIONAL,REJECTED_STRICT_PREDICATE
22867a16a8aed613f3bcc8b24d6cd79098b834ab7c4fb3e2bd2d2a7276ded1f9,603011.SH,2024-02-22,3,3,UNVERIFIED_WARMUP,REJECTED_STRICT_PREDICATE
ddfef95bce694a7c1c371dc3bc89535520b02877a2d519958f566c663e1982ae,603011.SH,2024-02-23,3,3,UNVERIFIED_WARMUP,REJECTED_STRICT_PREDICATE
cbd9d45f650e0ca90dccbc74dc01d9e9b829314323e07e7e35c89289be54510c,603011.SH,2024-02-26,4,4,UNVERIFIED_WARMUP,UNRESOLVED_RSI_WARMUP
93d1c7a58fef89bb0753b9d06fb7c75d2d1e5c2e840fb318f75fcec21e465389,603011.SH,2024-02-27,4,4,UNVERIFIED_WARMUP,UNRESOLVED_RSI_WARMUP
1a67c1c04f6335f019b463a636f1966fe34c4054bd8327aa9cdcdc700d57dc35,603011.SH,2025-03-28,4,4,READY_PROVISIONAL,UNRESOLVED_REGIME_OR_EXCEPTION
3127948cf923e245cddf458c830c6fe5f5a4593474e3522a73a5e4bf31efb0ed,603011.SH,2025-05-28,2,2,READY_PROVISIONAL,REJECTED_STRICT_PREDICATE
76fe66f72d45868ea6d0a33ad888921f3758d8faa96661851f06f29ee305b9ba,603011.SH,2025-05-29,3,3,READY_PROVISIONAL,REJECTED_STRICT_PREDICATE
4d7938bbde0c8df675263a34f8b08632340394ce247a4903199ed606eec7f08f,603011.SH,2025-05-30,3,3,READY_PROVISIONAL,REJECTED_STRICT_PREDICATE
83586b7c2d34a1e1f9e4c97f519171e15048a61307604c1442032c472b26f048,603011.SH,2025-10-13,4,4,READY_PROVISIONAL,UNRESOLVED_REGIME_OR_EXCEPTION
5f712c1328e1679aa53a43466e563283c5618c3de9c9cda250ffb294fcbb939c,603011.SH,2025-10-14,4,4,READY_PROVISIONAL,UNRESOLVED_REGIME_OR_EXCEPTION
142f4efb5fdda248d00200f7e38f56e98d8f4ad456456806215b8809723389a6,603011.SH,2025-10-15,3,3,READY_PROVISIONAL,REJECTED_STRICT_PREDICATE
6cb047aac3616783231112227a7042ab00be82217381c279ae2ddff035305bf2,603011.SH,2026-06-01,4,4,READY_PROVISIONAL,UNRESOLVED_REGIME_OR_EXCEPTION
897fbd465515dbb7bee8d12b0da204bb7858b9b4dbaf1042b151cdd046770646,603011.SH,2026-06-02,4,4,READY_PROVISIONAL,UNRESOLVED_REGIME_OR_EXCEPTION
95704ac38f6615b09e59cde599d71375cac6e22020381b3f1c406da8a51bf6e4,603011.SH,2026-06-03,3,3,READY_PROVISIONAL,REJECTED_STRICT_PREDICATE
73a81837f7466dc106050922c7ca89b698b568120315854542521a9d8ad10ae4,603011.SH,2026-06-04,2,2,READY_PROVISIONAL,REJECTED_STRICT_PREDICATE
e952971df49ec65e19ef82ed0631d38f4277bfae8554e81a947d046abf7cf78c,603015.SH,2024-11-22,4,4,READY_PROVISIONAL,UNRESOLVED_REGIME_OR_EXCEPTION
ae1181d8a352cb4528f0afa39e39fe40442dfe20ce0ebea2e7f0daacb8175859,603015.SH,2024-11-25,5,5,READY_PROVISIONAL,UNRESOLVED_REGIME_OR_EXCEPTION
25d9f7454ff2f28e630ff83f7d49da208b0dcafff2d7f1b65de6d62ea2d6584d,603015.SH,2024-11-26,5,5,READY_PROVISIONAL,UNRESOLVED_REGIME_OR_EXCEPTION
e824ec23a22fc7e1ccbe3c766684c62bb38ee793821088f49177b92060b7a049,603015.SH,2024-11-27,4,4,READY_PROVISIONAL,UNRESOLVED_REGIME_OR_EXCEPTION
954924f3eb6c621058e9f0ea18208b0cb00493fce6aaba26903c26d0a5f9ca39,603015.SH,2025-01-14,4,4,READY_PROVISIONAL,UNRESOLVED_REGIME_OR_EXCEPTION
c364775d2210e0b835ded451f456548400549bc04aaca95d57778523e715aa60,603015.SH,2026-01-12,4,4,READY_PROVISIONAL,UNRESOLVED_REGIME_OR_EXCEPTION
9bfa1bd0c08efb159c811e837deb68732df33891e2f4844ee02a0a55114c4234,603016.SH,2024-10-25,2,2,READY_PROVISIONAL,REJECTED_STRICT_PREDICATE
f7fb1990b07bf0152079fe12df6fd3cc24e7143ebb87e6c613705703e9d7a3c8,603016.SH,2024-10-28,2,2,READY_PROVISIONAL,REJECTED_STRICT_PREDICATE
aabc86c7ce929e3c6f7d3baf78660dccedabb00242d4622d0104217bef31c721,603017.SH,2024-04-22,4,4,UNVERIFIED_WARMUP,UNRESOLVED_RSI_WARMUP
5dfeb2f590ee0c28194e8b08abd0ddd8c1a2f93824e27d2b30ef7b2771928b4a,603017.SH,2024-04-23,5,5,UNVERIFIED_WARMUP,UNRESOLVED_RSI_WARMUP
bc6488cf053517c14efc9a0e6ad411c0adfde21a1cbeaee46371b6c7f4d698ed,603017.SH,2024-04-24,5,5,UNVERIFIED_WARMUP,UNRESOLVED_RSI_WARMUP
ce7352ae65cdd70799f2263f464ab04c5205058b8b71ab6b99a9ba5da917d82d,603017.SH,2024-04-25,5,5,UNVERIFIED_WARMUP,UNRESOLVED_RSI_WARMUP
4f2566f9901badddad6f5726d2da17d426c3eaef45ceb3665bdb28b988fbdd7a,603017.SH,2024-04-26,4,4,UNVERIFIED_WARMUP,UNRESOLVED_RSI_WARMUP
5ac06144a6bfd329e45939e05cd7f481a52db7d92a07165ab751cde7c28d9931,603017.SH,2025-06-06,4,4,READY_PROVISIONAL,UNRESOLVED_REGIME_OR_EXCEPTION
e90f7c37ca6f30269b41645012c00c4aecb6035adf22c733e447b06d7def6206,603019.SH,2024-10-09,2,2,READY_PROVISIONAL,REJECTED_STRICT_PREDICATE
ce3a58d6aea97029aa04fa73d5df5c41bbc60ea294bc6545328a95abaed98f0c,603019.SH,2024-10-10,2,2,READY_PROVISIONAL,REJECTED_STRICT_PREDICATE
69eae782bd0dea1bbbd3ffd42d33d29bddf8dbaefeac608955761e0d32055988,603021.SH,2024-10-23,4,4,READY_PROVISIONAL,UNRESOLVED_REGIME_OR_EXCEPTION
62fe43ee6045c9e01046df754acc63d10766ff2f53ed80949e0fc9918a6df42e,603021.SH,2024-10-24,5,5,READY_PROVISIONAL,UNRESOLVED_REGIME_OR_EXCEPTION
85b0f6886fde2ec63fff4486fe7bead9fc3180864ef98d6bd60183f3b21a1f85,603021.SH,2024-10-25,5,5,READY_PROVISIONAL,UNRESOLVED_REGIME_OR_EXCEPTION
26cceea6598c6c8d57dcb856fa3ea7826492680157ff8e771073be617c4f203b,603021.SH,2024-10-28,5,5,READY_PROVISIONAL,UNRESOLVED_REGIME_OR_EXCEPTION
ce050644db4693331dc25f6a7a67542cc55d2c87ca51217870bf5960644c6490,603021.SH,2024-10-29,4,4,READY_PROVISIONAL,UNRESOLVED_REGIME_OR_EXCEPTION
df3c21a55d30dad022909e134b8de7ec50cd76c41c316c9cadef3b7dcd6f9261,603021.SH,2024-10-30,4,4,READY_PROVISIONAL,UNRESOLVED_REGIME_OR_EXCEPTION
98d35e5c7086133af5fb7b43b281f5d499cecc60a7e4b07819fe81b0374c0a72,603022.SH,2025-06-25,4,4,READY_PROVISIONAL,UNRESOLVED_REGIME_OR_EXCEPTION
4d04ddad216eb6806d739b0f4218db5c7d0272d0472220b90d9fc40ea4045718,603022.SH,2025-06-26,5,5,READY_PROVISIONAL,UNRESOLVED_REGIME_OR_EXCEPTION
133cb41058a9cea77e37c3b6e3eec016d9b9dff657b39aa4d0ee542116738d0a,603023.SH,2024-02-27,1,1,UNVERIFIED_WARMUP,REJECTED_STRICT_PREDICATE
fdf316127ed674d07ba139210c181afe0e2b5bb1cb04cc878abe71e9b70fc201,603026.SH,2025-11-13,2,2,READY_PROVISIONAL,REJECTED_STRICT_PREDICATE
e2878bea73821609be5f3cba7c471594db864aaca04f5f625bb06bea5edbb5cc,603026.SH,2025-11-14,3,3,READY_PROVISIONAL,REJECTED_STRICT_PREDICATE
bf4c67cb1fb809572b3d1efb3de7502829f5b7b70aa11ba83577fe4b413dc7a9,603026.SH,2025-11-17,3,3,READY_PROVISIONAL,REJECTED_STRICT_PREDICATE
fe6c4be75e06d764fc4bac559bf9bf778f8fe2ffa21d09abeb6aa3da1da12bf1,603026.SH,2025-11-18,3,3,READY_PROVISIONAL,REJECTED_STRICT_PREDICATE
6f156fcf8002bc37db329992075daa8b4aeeb97b141d3af1e3da936b314985aa,603030.SH,2025-05-07,4,4,READY_PROVISIONAL,UNRESOLVED_REGIME_OR_EXCEPTION
ad81fba41f3fcb1a1955203f5f4b85b1b8ece4cdc01eb5b23d00ad0c08094303,603038.SH,2024-01-15,3,3,UNVERIFIED_WARMUP,REJECTED_STRICT_PREDICATE
2219c6b0b24085f8d8ae9d816bb8a4bd678af4b3ea2b9452b39cd2e928f72021,603038.SH,2024-01-17,4,4,UNVERIFIED_WARMUP,UNRESOLVED_RSI_WARMUP
0fbdaab180881fad0544157cc3f03d905f67dab678ec52dfd28d1b3fe91e0efa,603038.SH,2024-01-18,4,4,UNVERIFIED_WARMUP,UNRESOLVED_RSI_WARMUP
390b021fa776ba21d3204d79cb3fae943e513b51a60ebf8039860f4593fd835f,603038.SH,2024-10-16,4,4,READY_PROVISIONAL,UNRESOLVED_REGIME_OR_EXCEPTION
cfd417037ab04e6d0b236293abc3c59e84de0f71cc7985b2dac9e70d79490093,603038.SH,2024-10-17,5,5,READY_PROVISIONAL,UNRESOLVED_REGIME_OR_EXCEPTION
7e125870e5d678eee0a6e60e05f808a62611bc903b4fee29c43eb29230e26d05,603038.SH,2024-10-18,5,5,READY_PROVISIONAL,UNRESOLVED_REGIME_OR_EXCEPTION
4b35db8fbfe94e2c147f4b57d453f033d4e2e7a63c4780ccd937d8e3f14f7fff,603038.SH,2024-10-21,5,5,READY_PROVISIONAL,UNRESOLVED_REGIME_OR_EXCEPTION
65d5e4857f0ca51ad66f611e460e14167bcdc2e0e1efff662f30d3fb23bb22c1,603038.SH,2024-10-22,5,5,READY_PROVISIONAL,UNRESOLVED_REGIME_OR_EXCEPTION
01189ae7b3d20a8d4955b88535911ac5e6e7717f2f329fe19b889532b0c008ce,603038.SH,2024-10-23,5,5,READY_PROVISIONAL,UNRESOLVED_REGIME_OR_EXCEPTION
2b74de0423a735e2c85493bb975a16ecf17d1a8faa09a89be1b23ba653cc03d1,603038.SH,2024-10-24,5,5,READY_PROVISIONAL,UNRESOLVED_REGIME_OR_EXCEPTION
4a70a10939215b7d132ef48c2948a2629c11073c8f8e4d34ce5479c8b96e5e6c,603038.SH,2024-10-25,5,5,READY_PROVISIONAL,UNRESOLVED_REGIME_OR_EXCEPTION
781521b7369602ca48671cabc28ee0086a8f64589509a77b166c943ac86ded2c,603038.SH,2024-10-28,5,5,READY_PROVISIONAL,UNRESOLVED_REGIME_OR_EXCEPTION
e5e6c2a7a712d855a34f1537fb7664204d4c3af5beac47bbfbb7aee48923554e,603038.SH,2024-10-29,4,4,READY_PROVISIONAL,UNRESOLVED_REGIME_OR_EXCEPTION
88a5f00f6025d57174fb3882982332b898a422b2d7d74cc8a5752c64553cc68f,603038.SH,2024-10-30,4,4,READY_PROVISIONAL,UNRESOLVED_REGIME_OR_EXCEPTION
1036499ad20bf60e036346753df6693d4ed1bd41bfbccd1ce727a0529a7f4914,603038.SH,2024-10-31,4,4,READY_PROVISIONAL,UNRESOLVED_REGIME_OR_EXCEPTION
64c3210839ee583a57dee4e13dc79014c489929cf90876c13f49e437dc0fae63,603039.SH,2024-10-08,2,2,READY_PROVISIONAL,REJECTED_STRICT_PREDICATE
414260b2ffbdf8f596a099ff372b13eb8ad39a4dd392f5ab385e6efbad157893,603039.SH,2024-10-09,2,2,READY_PROVISIONAL,REJECTED_STRICT_PREDICATE
bfc4982a927ed721a81739c6f515c18472e763b574de70a86c72c7094cb57f1b,603039.SH,2025-02-06,3,3,READY_PROVISIONAL,REJECTED_STRICT_PREDICATE
78068da936003f52eb85c2344f226d10e2b65a2e6df461e1e651858c22c87c5c,603039.SH,2025-02-07,3,3,READY_PROVISIONAL,REJECTED_STRICT_PREDICATE
a78791bc6e5f3ad88e59b0cf573c1b05e9d528b1850be91435779f9d51202791,603039.SH,2026-08-05,2,2,READY_PROVISIONAL,REJECTED_STRICT_PREDICATE
93c831dafa520cfd33187367852a79b210a184343c24f29f69fe0cfa864a8006,603039.SH,2026-08-06,2,2,READY_PROVISIONAL,REJECTED_STRICT_PREDICATE
accf46c07e5dd5eacabfae45dc22bd20a9038d1fb6f308194eece3e3269799c9,603040.SH,2025-05-07,3,3,READY_PROVISIONAL,REJECTED_STRICT_PREDICATE
50b9ec3f9a4a07a88213ac17831c4f559471489c8d87afb3d0c1cbdc2db84bad,603040.SH,2025-05-08,3,3,READY_PROVISIONAL,REJECTED_STRICT_PREDICATE
f52b6cd1ade2fa9819124e4ba21f24a8938cb92be643290d9f23476d162c0868,603045.SH,2026-05-06,2,2,READY_PROVISIONAL,REJECTED_STRICT_PREDICATE
15d48c318a34591cd6c2c6a1c019feed96defebcc31e3ea399d7703e20b7d031,603045.SH,2026-05-07,3,3,READY_PROVISIONAL,REJECTED_STRICT_PREDICATE
6273d2e3d908c04aa8f282405436519c2e0c79b1217f70a9ff245d7d645be829,603045.SH,2026-05-08,4,4,READY_PROVISIONAL,UNRESOLVED_REGIME_OR_EXCEPTION
20cff9719229c260bfdd6d120d2bcc0f6aebe280b8d80dd7f221d3ee1cee2fa4,603045.SH,2026-05-11,5,5,READY_PROVISIONAL,UNRESOLVED_REGIME_OR_EXCEPTION
2a6be0e823676c391b66f11da479a3ece43eae5acc2d8ff04899a9656da064d3,603045.SH,2026-05-12,4,4,READY_PROVISIONAL,UNRESOLVED_REGIME_OR_EXCEPTION
487cad12b77a726fb43e30bcf09e93a06d21f2d5cad68193724f2d6ac36414ca,603045.SH,2026-05-13,3,3,READY_PROVISIONAL,REJECTED_STRICT_PREDICATE
a77de98c8a23771b3050f5f824ac4363ad5a9386672eb896ff8d49ef34363c9e,603045.SH,2026-06-05,2,2,READY_PROVISIONAL,REJECTED_STRICT_PREDICATE
2c7c9a53caef0c31d1b87cf8c87a7a15000f78cdf05af4c1d7d350b506c1a845,603045.SH,2026-06-08,1,1,READY_PROVISIONAL,REJECTED_STRICT_PREDICATE
e4d1ba5cff6ce2ccd92934bfb1400fff43f980b7b90e8241ff05d29a06251730,603048.SH,2025-03-07,4,4,READY_PROVISIONAL,UNRESOLVED_REGIME_OR_EXCEPTION
d9e23f1e0d2f783069d4fc2b48c8dc1f3a6c0c94416931068c7548ebb76f1e3c,603048.SH,2025-03-10,4,4,READY_PROVISIONAL,UNRESOLVED_REGIME_OR_EXCEPTION
11ffc587ab7ee9d975b5c663904e588c9c97d3a125d81ebe775369ce8f74012c,603052.SH,2026-01-09,2,2,READY_PROVISIONAL,REJECTED_STRICT_PREDICATE
a2da32158d38d41132a8202af4455ceec59e82403061c2b25e10bd7af71a342f,603057.SH,2026-01-09,2,2,READY_PROVISIONAL,REJECTED_STRICT_PREDICATE
c11a41a9fd208bbc91c2a54e9ba78554a781f4cdfef01c61a271346b8b6aeafe,603057.SH,2026-01-12,2,2,READY_PROVISIONAL,REJECTED_STRICT_PREDICATE
2342650256fb226d5fb079b181dc6bdcb9632422549dbe68fc91f09ae286cbeb,603059.SH,2025-08-05,4,4,READY_PROVISIONAL,UNRESOLVED_REGIME_OR_EXCEPTION
96c73cae96eb445a83ce3147feca6d1f458d45916afac1b6a4eb9b163c0941b3,603059.SH,2025-08-06,5,5,READY_PROVISIONAL,UNRESOLVED_REGIME_OR_EXCEPTION
55389dbf19d772100a2cde18ed02a77317b2f245fb87c6c64fa784ef2135b62b,603059.SH,2025-08-07,4,4,READY_PROVISIONAL,UNRESOLVED_REGIME_OR_EXCEPTION
fdd376911b6840a6af65992384c7349585ad4f11f610b425d8b35e8b7851d46f,603063.SH,2025-01-09,4,4,READY_PROVISIONAL,UNRESOLVED_REGIME_OR_EXCEPTION
1fba829ebfa1226091d6979975200ebb6a81e961de36119d94a042ea750473aa,603063.SH,2025-01-10,4,4,READY_PROVISIONAL,UNRESOLVED_REGIME_OR_EXCEPTION
a8b0748edbd24b3d99718bcd4addc0bfd55b52be3f77c7cbe80fc5c9dc056d9d,603063.SH,2025-01-13,3,3,READY_PROVISIONAL,REJECTED_STRICT_PREDICATE
0ceb404dcfe44c1f35285db4358d80f82d161cee05cb98a2a67a4ea262454f85,603065.SH,2026-06-11,3,4,READY_PROVISIONAL,UNRESOLVED_REGIME_OR_EXCEPTION
1139032d015f195e3909ade857f1a2a917dacbf7d73a6a54dc7e9b8ed8ecf11e,603065.SH,2026-06-12,3,4,READY_PROVISIONAL,UNRESOLVED_REGIME_OR_EXCEPTION
e7eb8bc117319bbfe01d163883d4514bf73ddc8877075349328ef309538524e8,603065.SH,2026-06-15,3,4,READY_PROVISIONAL,UNRESOLVED_REGIME_OR_EXCEPTION
f46b76a39bde65f678f6c13bd4d9359b6b4c45eb6680b9374927c61b724d597b,603065.SH,2026-06-16,2,3,READY_PROVISIONAL,REJECTED_STRICT_PREDICATE
1e976a2c7faf858212d5885b09d0eedd8a70c34301d239b825b7e5822429fb1a,603067.SH,2025-11-03,2,2,READY_PROVISIONAL,REJECTED_STRICT_PREDICATE
e20552ebeea9038307b644adb100dacbaceb680970af71d875308c474b18fcbe,603067.SH,2025-11-04,3,3,READY_PROVISIONAL,REJECTED_STRICT_PREDICATE
9a9edeac4243e4a52148990627953fdcc4781560bfdafba22709fc46761a080e,603067.SH,2025-11-05,2,2,READY_PROVISIONAL,REJECTED_STRICT_PREDICATE
0aa5e3bcde4ec966db586965b2c5979961fe05a70e28529a1e898365a1f08d3b,603067.SH,2025-11-06,2,2,READY_PROVISIONAL,REJECTED_STRICT_PREDICATE
330b5a4ac963df6ca53c26fd67606426e5a0ebb720cea52795fbabe1affcf382,603067.SH,2025-11-07,2,2,READY_PROVISIONAL,REJECTED_STRICT_PREDICATE
ac08535f917d55a5ef3209fadb5b395e1b316e468839c4ef8442816c651a8326,603076.SH,2024-04-23,4,4,UNVERIFIED_WARMUP,UNRESOLVED_RSI_WARMUP
671300a0e6db2335e1480b22a54f6d87ced617b9f9d77b5a4735396c8fe41550,603076.SH,2025-06-04,3,4,READY_PROVISIONAL,UNRESOLVED_REGIME_OR_EXCEPTION
666816129a8a9cbfb87fe0a443a32b3a457d19a3ff4ed2f8ce37da31419d667b,603078.SH,2026-01-22,4,4,READY_PROVISIONAL,UNRESOLVED_REGIME_OR_EXCEPTION
9aa872d22004495b939dff514518fe1bc9b96bde110a97ea293c7536419e1a04,603078.SH,2026-01-23,5,5,READY_PROVISIONAL,UNRESOLVED_REGIME_OR_EXCEPTION
49db07a692de7dfe003586627f069fa1d2a10a2a22e35d58aec72fd0bb415197,603078.SH,2026-01-26,4,4,READY_PROVISIONAL,UNRESOLVED_REGIME_OR_EXCEPTION
77768e1addcda65b5c6329922f70f776c8d1efd1787aade03c3272e75f637d0c,603079.SH,2024-03-27,4,4,UNVERIFIED_WARMUP,UNRESOLVED_RSI_WARMUP
3c38c826c1744118cd6d1a55f3703f5908f0f60e77adee9a569b2d49f5ca05d2,603079.SH,2024-03-28,4,4,UNVERIFIED_WARMUP,UNRESOLVED_RSI_WARMUP
5902ad6b28aa8984ef8c083ad32bb11b5267f080ea05210b2d3d82d259d816ac,603079.SH,2024-05-06,3,3,UNVERIFIED_WARMUP,REJECTED_STRICT_PREDICATE
5fd641ccf6193335020b1c8f2fa670e40cf93c79a302cc78c93c0167a8d85054,603079.SH,2024-05-07,3,3,UNVERIFIED_WARMUP,REJECTED_STRICT_PREDICATE
c860eed2912146348af3ce79f2bfc8dfda374f38afe2d74c9be97fe75f90451e,603082.SH,2026-05-19,4,4,READY_PROVISIONAL,UNRESOLVED_REGIME_OR_EXCEPTION
20317d4712b165e2a3532a4074a699695139bc184907fbc093fc4666a695c685,603083.SH,2024-01-24,4,4,UNVERIFIED_WARMUP,UNRESOLVED_RSI_WARMUP
4b934a0051504b852a93d1613e0722995ad3fb91cd3cc335721b655b831d7b52,603083.SH,2025-08-27,3,3,READY_PROVISIONAL,REJECTED_STRICT_PREDICATE
aeb356a2c45cff74ff08b209973c45144da26afb4883b071083bb65a64be0874,603083.SH,2025-08-28,3,3,READY_PROVISIONAL,REJECTED_STRICT_PREDICATE
9d9b3d89a079d45e678931e7153ab69aaaaa4d5eb5f292a24dd7733c561e5911,603083.SH,2025-08-29,3,3,READY_PROVISIONAL,REJECTED_STRICT_PREDICATE
f852665d1d1a82b13e5b3b96598d5e45a0b76a0be81677e99e68906c0c1ed4c3,603083.SH,2025-09-16,3,3,READY_PROVISIONAL,REJECTED_STRICT_PREDICATE
a966c0671c7c8c041f7c5ccf1493665d3d41e73a5883371e73c233d56ac9f47a,603083.SH,2025-09-17,3,4,READY_PROVISIONAL,UNRESOLVED_REGIME_OR_EXCEPTION
d093bc0a121ebb31ea7972a50b87211a85012b258ec35ba527dc148768fa07c7,603083.SH,2025-09-18,2,3,READY_PROVISIONAL,REJECTED_STRICT_PREDICATE
103ee033127acadfdff5d3d610507c313c65c7dd5d3f07319ec53c66be106387,603086.SH,2025-02-18,4,4,READY_PROVISIONAL,UNRESOLVED_REGIME_OR_EXCEPTION
1b2674ead1e88dc249890593d94d360f0745912fd520b5876327a363afa0a411,603086.SH,2025-04-24,4,4,READY_PROVISIONAL,UNRESOLVED_REGIME_OR_EXCEPTION
beb99748226e5a2696df417235aaca90a25637e02111e791b8bd6cf8986870e1,603086.SH,2025-04-25,4,4,READY_PROVISIONAL,UNRESOLVED_REGIME_OR_EXCEPTION
ad4a9139db5e8ec5bdf7872b62d2fbd41878a5ff6d600f7a9742cd7e78ecb982,603087.SH,2024-10-08,0,0,READY_PROVISIONAL,REJECTED_STRICT_PREDICATE
9764871edc964ed90933ab3b2d43104b4796bf10e6ed9b3ead247890f7f152ef,603087.SH,2024-10-09,0,0,READY_PROVISIONAL,REJECTED_STRICT_PREDICATE
79d60ee44b97a6b43812d76b932c5a1cf0d5ab7a6367e5e7d7bee8754d0e7144,603088.SH,2024-12-10,4,4,READY_PROVISIONAL,UNRESOLVED_REGIME_OR_EXCEPTION
775c084758235a1921af493b59b9146d57a52b78f194337be2d099959ce27ade,603088.SH,2024-12-11,4,4,READY_PROVISIONAL,UNRESOLVED_REGIME_OR_EXCEPTION
5c43af6b3efc7bf70459a92c1e539531c72652071e01c33d40c4bdabffba3fb7,603093.SH,2025-06-05,3,3,READY_PROVISIONAL,REJECTED_STRICT_PREDICATE
6c21be9f521d6e3aef78e2a4498fbd1a4c02d4cd1b9e1ac38c9bfe7a45151f59,603093.SH,2025-06-06,3,3,READY_PROVISIONAL,REJECTED_STRICT_PREDICATE
40566cdb27a4a3c79327de2b98cf4275df1468c2e347626a04846cb1a09aaccf,603093.SH,2025-06-09,4,4,READY_PROVISIONAL,UNRESOLVED_REGIME_OR_EXCEPTION
59a7e6144e6dd4eb9fbb7834ef921e18ff7f98896a11ad349db5b406db6a0b5b,603093.SH,2025-06-10,3,3,READY_PROVISIONAL,REJECTED_STRICT_PREDICATE
25a73eb20298ed6fbd4936a6f4a0d8429ba01e958af52880a6c7f605ecd75249,603095.SH,2024-10-25,4,4,READY_PROVISIONAL,UNRESOLVED_REGIME_OR_EXCEPTION
f9ec8cfeb627b8228443af8634dbfa815a76f92ab4f38bf88e130030a97615af,603095.SH,2026-04-30,4,4,READY_PROVISIONAL,UNRESOLVED_REGIME_OR_EXCEPTION
f9dad18d7a36f17d47eb72bf10c153ea882ba564bdc4aab522d5bec897d8b8b2,603095.SH,2026-05-06,4,4,READY_PROVISIONAL,UNRESOLVED_REGIME_OR_EXCEPTION
cef9af36084dea1069ca792c9bc5bd7997fbe6a8b2e5fd61711ffa114fd8d996,603095.SH,2026-05-07,4,4,READY_PROVISIONAL,UNRESOLVED_REGIME_OR_EXCEPTION
2e27c268b713fc67cda9fcddeda57b26fd161b42e9d32d47ac8d72e2a07903de,603099.SH,2024-01-08,4,5,UNVERIFIED_WARMUP,UNRESOLVED_RSI_WARMUP
183e52b7849b7a8daa1daa42e601a0b3c4f5f1e65df33b2679d1b9f9648a2ca8,603099.SH,2024-01-09,5,5,UNVERIFIED_WARMUP,UNRESOLVED_RSI_WARMUP
f744aa00f535f85275d4f1b3ae5293e589906c902d2b69d772be3552be8a2f40,603099.SH,2024-01-10,5,5,UNVERIFIED_WARMUP,UNRESOLVED_RSI_WARMUP
2cde90d3438d6585cf8664c3716e4c9093e71458137afafc7e20469ea1635986,603099.SH,2024-01-11,4,4,UNVERIFIED_WARMUP,UNRESOLVED_RSI_WARMUP
418e72ec452f4788041eeca1dc163aec1924abed505261774a487000d2964974,603099.SH,2024-01-12,3,3,UNVERIFIED_WARMUP,REJECTED_STRICT_PREDICATE
259bbe32f7ab23a4e3a9ddd26aa52617af6f8bafbd5887f5d2b2783989f10715,603099.SH,2024-01-15,3,3,UNVERIFIED_WARMUP,REJECTED_STRICT_PREDICATE
14e26d2f58ff0074a9ff06d8d428fa081e6f925731f3ec975eefba21fdf9520e,603101.SH,2025-08-25,3,3,READY_PROVISIONAL,REJECTED_STRICT_PREDICATE
5d0a8cc08efcd1b2e51621454e27b36de6c16cfad838697945b38fa21d9ec4e3,603101.SH,2025-08-26,3,3,READY_PROVISIONAL,REJECTED_STRICT_PREDICATE
08fe4bc58ad7694b7cddb029a9ba426611587489b7089aa94304fd7a742f4cce,603101.SH,2025-09-10,3,3,READY_PROVISIONAL,REJECTED_STRICT_PREDICATE
1ce86e5b6a19578a13c434e86b43b84eec1a9f47fe9c68649b9f72c5cd8985cc,603103.SH,2026-02-03,4,4,READY_PROVISIONAL,UNRESOLVED_REGIME_OR_EXCEPTION
6e4c7e83cc7d4575fe9040f2ef62eb064ee54caa48b1473fb24c6e7a2de2de4f,603103.SH,2026-02-04,4,4,READY_PROVISIONAL,UNRESOLVED_REGIME_OR_EXCEPTION
37ae9c1fe849a837e0cb7e4de9949c0989a99a5a7fd8b110a533719bf02050dd,603103.SH,2026-02-05,4,4,READY_PROVISIONAL,UNRESOLVED_REGIME_OR_EXCEPTION
847db368687bf57f2913ea90c751691878795a1a20890b9ee56de37ce3267a46,603103.SH,2026-02-06,3,3,READY_PROVISIONAL,REJECTED_STRICT_PREDICATE
8526b5aa7f76deed6ab2bff0a9032a222d124368a58ab4d08eec44c96555bab4,603103.SH,2026-02-09,3,3,READY_PROVISIONAL,REJECTED_STRICT_PREDICATE
1d2834a2e5ae679ac97cb95da2ad49b85aad87394b1dab6525790d6aba467963,603103.SH,2026-02-10,3,3,READY_PROVISIONAL,REJECTED_STRICT_PREDICATE
7cb1c8f6c44df0655c155da015c114a3729a82082caccc13de229bd83b67adc2,603103.SH,2026-02-11,3,3,READY_PROVISIONAL,REJECTED_STRICT_PREDICATE
54aa1282f27f3d0e7f4d912cd0846a809e199ac78055b0c295f1948bd78270fa,603106.SH,2024-02-23,1,1,UNVERIFIED_WARMUP,REJECTED_STRICT_PREDICATE
6437ccbcbbcf0db77a77d76b4ea07211f0bc4cbaf118ecd10481ce7a892ecd30,603106.SH,2024-02-26,0,0,UNVERIFIED_WARMUP,REJECTED_STRICT_PREDICATE
c6a035ec3d3244d81fa98f09048b26d32221eda6e61d2e8bbb4483d8f932ab95,603106.SH,2024-09-26,4,4,READY_PROVISIONAL,UNRESOLVED_REGIME_OR_EXCEPTION
4416fe85c3fedc12a0be373f26a0d3bcc19abcbb497e195866fe8fdd9498c4fc,603106.SH,2024-09-27,5,5,READY_PROVISIONAL,UNRESOLVED_REGIME_OR_EXCEPTION
48124709663dd27da078505423570fd8086669e7b740f66d47fd3a6bde8687bc,603106.SH,2024-09-30,5,5,READY_PROVISIONAL,UNRESOLVED_REGIME_OR_EXCEPTION
0ac6519e9d5cdd40d0c936fcce3573cd9d706a1a5c843d24ef4e1c285119585d,603106.SH,2024-10-08,5,5,READY_PROVISIONAL,UNRESOLVED_REGIME_OR_EXCEPTION
2a63dc9f0083776ba5d4ba6a0ddab6abe1cd15279508d1bcad237310b954539e,603106.SH,2024-10-09,5,5,READY_PROVISIONAL,UNRESOLVED_REGIME_OR_EXCEPTION
598a7b070bd322b6f20f269acaf1a3dd7d4f2517d53d608f7ac238afaa66e189,603106.SH,2024-10-10,4,4,READY_PROVISIONAL,UNRESOLVED_REGIME_OR_EXCEPTION
258c3a3918cca414789e3b1c7b5982825df9c3f7770aecf3042ca0262b30531e,603106.SH,2024-10-28,4,4,READY_PROVISIONAL,UNRESOLVED_REGIME_OR_EXCEPTION
e85ed8f200eb89e16a62c8be82f6b0039258b002730d5195557c60f65d8df954,603106.SH,2024-10-30,4,4,READY_PROVISIONAL,UNRESOLVED_REGIME_OR_EXCEPTION
0e1bde0e0068bd3bf7b1f3884ce21a705a6eced352ce54cbfd58f69df466eb45,603106.SH,2026-08-06,4,4,READY_PROVISIONAL,UNRESOLVED_REGIME_OR_EXCEPTION
c4113f6e1ee31a4e1f845b62a9c80bdd0569a5bb3d83ee10d4b8ec7f0de82132,603110.SH,2024-02-22,0,0,UNVERIFIED_WARMUP,REJECTED_STRICT_PREDICATE
10da25cd4b12763ed9732edc1cbb66136712082fffbd4abd579342b336223f9c,603115.SH,2026-05-19,2,2,READY_PROVISIONAL,REJECTED_STRICT_PREDICATE
8eb7cc921027eaa2684cecb1869caf383201863a45837eca9adf980d833e5ee0,603115.SH,2026-05-20,2,2,READY_PROVISIONAL,REJECTED_STRICT_PREDICATE
25374249a917f7ab6938595641926d38dba47d590be01acff58c77abec5e074c,603115.SH,2026-05-21,2,2,READY_PROVISIONAL,REJECTED_STRICT_PREDICATE
406e31e4960c3d254f071d486dab818df9c93a0addef6bfaabeba4ac4ebc075b,603115.SH,2026-05-22,3,3,READY_PROVISIONAL,REJECTED_STRICT_PREDICATE
9ff996cc45e0aac241bc5916184db8e3c3e4aeef4029318caebf04fbe3834516,603115.SH,2026-05-25,2,2,READY_PROVISIONAL,REJECTED_STRICT_PREDICATE
977b6cfff70f4371923e8360f2d1facf66b6723634345ec1d28efb98f488813a,603117.SH,2024-07-01,0,0,UNVERIFIED_WARMUP,REJECTED_STRICT_PREDICATE
623d8b9a05297ca528ab125e1124598461ff8482cd59ea641ab3f721d1055ca8,603117.SH,2024-10-22,3,3,READY_PROVISIONAL,REJECTED_STRICT_PREDICATE
e893130679dce3976580497fffb7eb9e7888c6b9bb78c93a12b980772ef93ba2,603117.SH,2024-10-23,4,4,READY_PROVISIONAL,UNRESOLVED_REGIME_OR_EXCEPTION
407d8d55bafa65ff7adeaae389969cb0b99dba393cb5d9683de2da64db255250,603117.SH,2024-10-24,5,5,READY_PROVISIONAL,UNRESOLVED_REGIME_OR_EXCEPTION
c923169d8c007c469204bf324d40f54e6ab250d2b1282e5a190f064dc3a871de,603117.SH,2024-10-25,5,5,READY_PROVISIONAL,UNRESOLVED_REGIME_OR_EXCEPTION
cff092683ae6816265f23affd7dddca99731bd80ced318f43bd7608bfc7be27b,603117.SH,2024-10-28,4,4,READY_PROVISIONAL,UNRESOLVED_REGIME_OR_EXCEPTION
8cbbd70e615cce45ba95f9b5cd584e70478c2ffdb4c5df6f7fcd12e03c37906f,603117.SH,2024-10-29,3,3,READY_PROVISIONAL,REJECTED_STRICT_PREDICATE
02732525103edf0926969362acdcc06f666a1057c1ad3c24c27146892496eb59,603122.SH,2025-10-31,4,4,READY_PROVISIONAL,UNRESOLVED_REGIME_OR_EXCEPTION
e6b36da3553e2230671dfef52f0a0ee85e1d188db692845bc2716d041182be40,603122.SH,2025-11-03,5,5,READY_PROVISIONAL,UNRESOLVED_REGIME_OR_EXCEPTION
3ada4299545fc0c2a6cbc9057463f7816b45cecdc7ea4df53ab1975afd975fa8,603122.SH,2025-11-04,5,5,READY_PROVISIONAL,UNRESOLVED_REGIME_OR_EXCEPTION
ddfc89fc1042270438476004405093eb61c2146b85a94572a1472aa86f47c9bb,603122.SH,2025-11-05,5,5,READY_PROVISIONAL,UNRESOLVED_REGIME_OR_EXCEPTION
d6ec39303d4e193d2e8d29706d248029956c0fff6467678dd29193718816a36d,603122.SH,2025-11-06,5,5,READY_PROVISIONAL,UNRESOLVED_REGIME_OR_EXCEPTION
24d79f62b64d00ac72db303aadbbbb179a78b7e859a633413bb66cc5c6a10ff0,603122.SH,2025-11-07,5,5,READY_PROVISIONAL,UNRESOLVED_REGIME_OR_EXCEPTION
680a394be6d85389d54e993a67f930f25b77101bf603d244b798c30326b85273,603122.SH,2025-11-10,4,4,READY_PROVISIONAL,UNRESOLVED_REGIME_OR_EXCEPTION
ede01e34bf4f09464839ad539c53fa38a630a54f3e168f4d431ca06b258922bb,603122.SH,2025-11-11,4,4,READY_PROVISIONAL,UNRESOLVED_REGIME_OR_EXCEPTION
d7c9e4e78a97c199fb3f5ba7b990812434311bb590315b4c72706738ccb85448,603122.SH,2025-11-12,4,4,READY_PROVISIONAL,UNRESOLVED_REGIME_OR_EXCEPTION
4fc7b11cf5d3a4e7051a32849468468df831d90a1c8400767aa5e7ede6e806c9,603122.SH,2025-11-13,4,4,READY_PROVISIONAL,UNRESOLVED_REGIME_OR_EXCEPTION
c1bed8937c96f91f6c08898cb25b4acc6de76181c3a645e80ed52dcbb68c5262,603122.SH,2025-11-14,3,3,READY_PROVISIONAL,REJECTED_STRICT_PREDICATE
269b007488210b1a8b9f1636b6d32ac0d10f6c8388a4d2a5d506cd0a6fc48456,603122.SH,2025-11-20,4,4,READY_PROVISIONAL,UNRESOLVED_REGIME_OR_EXCEPTION
653d4bab0dca58daed844cd09e8c0bdcb6cf28604f57e6de693e76f183d310f1,603122.SH,2025-11-21,3,3,READY_PROVISIONAL,REJECTED_STRICT_PREDICATE
b56ce8a338b4844c44bdfdb12593896bc10fccf3965ce8f4792423c280d23775,603123.SH,2025-06-05,4,4,READY_PROVISIONAL,UNRESOLVED_REGIME_OR_EXCEPTION
eed36f2454e2bac15dcd0174863cf01a400133a7c34cbac24265bfef0e039e87,603127.SH,2026-07-16,2,2,READY_PROVISIONAL,REJECTED_STRICT_PREDICATE
fc2c115df043652f69b178f999728e5b54e2563590d5d2a43061219959d1df98,603130.SH,2026-04-23,1,2,READY_PROVISIONAL,REJECTED_STRICT_PREDICATE
812d9a9cbbd7e283e80431e23d241f29d833e99d7c3e8d4761b103bbeaefa044,603131.SH,2024-03-08,4,4,UNVERIFIED_WARMUP,UNRESOLVED_RSI_WARMUP
d5a81b6890e2f9361e562edbae8e978c222b5ed992720d4455ab9c2c1dc4055a,603131.SH,2024-03-11,4,4,UNVERIFIED_WARMUP,UNRESOLVED_RSI_WARMUP
52e784e10157472c4bfc1de9c7a8b4c65f77924566ae06044ac16f6c3be40c73,603135.SH,2024-02-19,3,3,UNVERIFIED_WARMUP,REJECTED_STRICT_PREDICATE
184211733b051754778f83ccfe77f1e210a70529581efe8c87dd8672cbdd1dd3,603135.SH,2026-06-08,4,4,READY_PROVISIONAL,UNRESOLVED_REGIME_OR_EXCEPTION
b9e57c4f784354930b6d8855d31804168e539f3167ef7d21ad91f7f87c9ef5a8,603135.SH,2026-06-09,4,4,READY_PROVISIONAL,UNRESOLVED_REGIME_OR_EXCEPTION
453f0f3350f93b9bfc595aa47de8367419c64e8fd483ef07f29530338fe03300,603137.SH,2026-07-03,4,4,READY_PROVISIONAL,UNRESOLVED_REGIME_OR_EXCEPTION
e63846534ec0c4897ff060edaf2460a87cbda2acf40a1939774ff85473f4fe36,603137.SH,2026-07-06,5,5,READY_PROVISIONAL,UNRESOLVED_REGIME_OR_EXCEPTION
46aeee593758761c3da283b357e5e01d2a2cdff4238ff6a2df9789f441b39063,603137.SH,2026-07-07,5,5,READY_PROVISIONAL,UNRESOLVED_REGIME_OR_EXCEPTION
dd51d09696136b859c31860cbaf37a2eeeb171b27ff052ccde73fb40487d54b0,603137.SH,2026-07-08,5,5,READY_PROVISIONAL,UNRESOLVED_REGIME_OR_EXCEPTION
10c1d8aaf25a67236baa41f805be7fcc5102ce244361ce60cc32754f096957b0,603137.SH,2026-07-09,5,5,READY_PROVISIONAL,UNRESOLVED_REGIME_OR_EXCEPTION
19feacaabd68585e660800331ffb4575e7c159ccbd938ea0afb6331cb7d617da,603137.SH,2026-07-10,4,4,READY_PROVISIONAL,UNRESOLVED_REGIME_OR_EXCEPTION
48a78321b07a341da01a0de970d1e991287659e97881fc77557b790a48194206,603137.SH,2026-07-13,4,4,READY_PROVISIONAL,UNRESOLVED_REGIME_OR_EXCEPTION
211e31c57e9a2bc6cd9c7dac5448a514376a53939d4b3cf95b563dc4a25a99a0,603137.SH,2026-07-14,4,4,READY_PROVISIONAL,UNRESOLVED_REGIME_OR_EXCEPTION
83579b180915fa2b7027af795fb4356c75067c85419e1b9fc7239485eba20f51,603137.SH,2026-07-15,4,4,READY_PROVISIONAL,UNRESOLVED_REGIME_OR_EXCEPTION
810681f3851f46222f13bbef82d89ec27dc46fd64f9d1193bb62ccb882caba0e,603137.SH,2026-07-16,3,3,READY_PROVISIONAL,REJECTED_STRICT_PREDICATE
2fc98abd30337518af3093d38cc1688c1cdb278acfb137fc50fcff434b2dbfe7,603138.SH,2024-10-10,2,2,READY_PROVISIONAL,REJECTED_STRICT_PREDICATE
74cdf27e786925ce19beb36a9706481248cc84b69728f699d994dbfb6efb474e,603151.SH,2025-06-20,3,3,READY_PROVISIONAL,REJECTED_STRICT_PREDICATE
316a37e263b698e37cf31092e2474fc8ba7feab47d513673c244a6eede33870a,603153.SH,2024-01-29,3,3,UNVERIFIED_WARMUP,REJECTED_STRICT_PREDICATE
d44cfb21fdf2a3cd6773b81f2683ababd8b88306109047505f661cf46026eef9,603155.SH,2024-07-09,4,4,READY_PROVISIONAL,UNRESOLVED_REGIME_OR_EXCEPTION
ee5e71560026d73195aa00f15fe6fad7247ee5f214eb1a5fdd6eb7e8b5e9f78c,603156.SH,2025-09-29,3,3,READY_PROVISIONAL,REJECTED_STRICT_PREDICATE
2f3de35e7ba474ed990a995010bb3dfa50493d3b9ed7f6519d0ca7ea5476547d,603156.SH,2025-09-30,3,3,READY_PROVISIONAL,REJECTED_STRICT_PREDICATE
fa59fa99dfbfc5922f9fa9c4ea3974353bd532964b8136546699e3cbdb028f89,603156.SH,2025-10-09,2,2,READY_PROVISIONAL,REJECTED_STRICT_PREDICATE
ec18f8459ddea1ebbf75452ce4d6438c35c51a380aa96af29e8adbb09324c0cf,603156.SH,2025-10-10,2,2,READY_PROVISIONAL,REJECTED_STRICT_PREDICATE
93033a2aa6ca5ff299ea37b2cefe465dacaf80e8627befda6535618daf095429,603158.SH,2025-08-19,4,4,READY_PROVISIONAL,UNRESOLVED_REGIME_OR_EXCEPTION
760b0680d0b84d197e0d44656ab8b934454be78d5a87577023c67ce088933c64,603158.SH,2025-08-20,4,4,READY_PROVISIONAL,UNRESOLVED_REGIME_OR_EXCEPTION
e22d0dd0e02a66b2b97461ed43be9528841690774fff71d525660c3576bf3ef5,603160.SH,2024-10-09,2,2,READY_PROVISIONAL,REJECTED_STRICT_PREDICATE
70bd9b97220ef6705cade283859da5bee8cfa2197ad2926b0c6a7a3c47e2d87a,603160.SH,2024-10-10,2,2,READY_PROVISIONAL,REJECTED_STRICT_PREDICATE
04264a1ebcf9f77fb3592257b08ad3a079f37c14357409f2d938badaea353abc,603163.SH,2025-12-25,4,4,READY_PROVISIONAL,UNRESOLVED_REGIME_OR_EXCEPTION
eb193c884d45520b7ffc4b108bf80272ed9f60fbe7f4201f2c8c974add024d21,603163.SH,2025-12-26,4,4,READY_PROVISIONAL,UNRESOLVED_REGIME_OR_EXCEPTION
ae7950786d182b704b01c12b6b1c7594d9e2291b75a9a5b1b6fef11c00fccd13,603169.SH,2025-04-03,3,3,READY_PROVISIONAL,REJECTED_STRICT_PREDICATE
7ae66585346af3fc8c69e589551d139d055a64266bee144f692714d26b84a216,603169.SH,2025-04-07,3,3,READY_PROVISIONAL,REJECTED_STRICT_PREDICATE
aa0199b1f5795fe6ad29df2bf55a432f1724ba2c96c5e2205174fa9ea8911d07,603170.SH,2024-09-30,0,0,READY_PROVISIONAL,REJECTED_STRICT_PREDICATE
e9e29992b92e8109773d8ff08263a8289f92d7eaa25aafa1abb06670c07506a9,603170.SH,2024-10-08,0,0,READY_PROVISIONAL,REJECTED_STRICT_PREDICATE
c7f2de9dc3b8c7b1574d724f0397f298b1169dec745523bbe8b695fec30e9602,603171.SH,2024-07-01,4,4,UNVERIFIED_WARMUP,UNRESOLVED_RSI_WARMUP
986ea5faf30321448ddb335c9676b1964b82404e51f022bc2e3e1e9e93f9163c,603171.SH,2024-07-02,4,4,UNVERIFIED_WARMUP,UNRESOLVED_RSI_WARMUP
fa669595dd7e78802d95f8de14b4a5bfab751d405d8323632a3eb025ddf5cdf5,603172.SH,2026-02-03,4,4,READY_PROVISIONAL,UNRESOLVED_REGIME_OR_EXCEPTION
d80bb027fa31f3bce0dd780081d18ddc5e03f56507e7d3c973d514648736031e,603172.SH,2026-02-04,4,4,READY_PROVISIONAL,UNRESOLVED_REGIME_OR_EXCEPTION
35643f31f9cb03a721abfc1db3fd195130084ff0be7a7048d7f3cab3d1b47019,603177.SH,2025-01-17,4,4,READY_PROVISIONAL,UNRESOLVED_REGIME_OR_EXCEPTION
073adcbe958a9f6f0c7d1f1d76741a1fa545d164b191138322961a7556a13668,603177.SH,2025-08-29,4,4,READY_PROVISIONAL,UNRESOLVED_REGIME_OR_EXCEPTION
80e3ed5ece2b9a7881ebfd171a4eaa00d6c1014020c2210f04fc10f976377cb6,603177.SH,2025-09-01,5,5,READY_PROVISIONAL,UNRESOLVED_REGIME_OR_EXCEPTION
6d065a93f5c75e816d04baf840d15d733a8dda3fac9eb076508e2c06a9180865,603177.SH,2025-09-02,4,4,READY_PROVISIONAL,UNRESOLVED_REGIME_OR_EXCEPTION
cf4233e5069171e70d8182dc4ece9ae95572f380a026210695f80bafb38f1a45,603179.SH,2025-09-08,1,1,READY_PROVISIONAL,REJECTED_STRICT_PREDICATE
e75abcc633e66ee52590a4d86da18beb963c84ddadbba6e02e5def96fd94c8f5,603185.SH,2024-09-30,2,2,READY_PROVISIONAL,REJECTED_STRICT_PREDICATE
940b7221eb1ffbb8262681f1c7d2e91566d95cf8572e304c5c62de1928f4a6f6,603185.SH,2024-10-08,1,1,READY_PROVISIONAL,REJECTED_STRICT_PREDICATE
e65d52dc83b3e3b0c91602a10534e75348b8e1f7d16ea5b4747385809773bd91,603185.SH,2024-10-30,2,2,READY_PROVISIONAL,REJECTED_STRICT_PREDICATE
e51ff1750a5f31c1c313a13643ef554cdc2ed827241e76711df91a8c14eed810,603185.SH,2024-10-31,3,3,READY_PROVISIONAL,REJECTED_STRICT_PREDICATE
632241c62b9989a34f9f33a4166b4ddc2c1159ef8ee6295b0400c83f66b95df1,603185.SH,2024-11-01,2,2,READY_PROVISIONAL,REJECTED_STRICT_PREDICATE
9ffe9bdff51e6e3052df109ac13e650748937d5e03f1b645b0f918fa7fb72c89,603185.SH,2024-11-04,3,3,READY_PROVISIONAL,REJECTED_STRICT_PREDICATE
3660e404e01528f56dd3dab98f6941f95bf34ec0b73128a9d8712a1dd408a7df,603186.SH,2026-06-18,3,3,READY_PROVISIONAL,REJECTED_STRICT_PREDICATE
3fcd44e6e58177cf06366c7df519351a60fa2c934a2eae205d016222178bab3c,603186.SH,2026-06-22,3,3,READY_PROVISIONAL,REJECTED_STRICT_PREDICATE
c76a7a4d736080da43ce44325eb410e9e1351f83cd86ae59a3d72d8bac6f5c5f,603188.SH,2024-02-23,0,0,UNVERIFIED_WARMUP,REJECTED_STRICT_PREDICATE
49ad5c295e571776fcf52979d4906d3afc7852cf508278b43c9f0c8bdd581c1f,603188.SH,2024-10-09,1,1,READY_PROVISIONAL,REJECTED_STRICT_PREDICATE
0fcec805d1b8ce3a555d9f544a354dc0e60566d287cf55c5eb697553551a378d,603189.SH,2024-02-21,3,3,UNVERIFIED_WARMUP,REJECTED_STRICT_PREDICATE
b36d9c58b84706a6b99450202f8afc0de48f5757deb126999730183ee9b0faae,603189.SH,2024-02-22,4,4,UNVERIFIED_WARMUP,UNRESOLVED_RSI_WARMUP
88099d52f4bc006c99d9f8802f08bd52969311ecedde3f76c39845c84dc7a1fd,603189.SH,2024-02-23,4,4,UNVERIFIED_WARMUP,UNRESOLVED_RSI_WARMUP
e20563194a1c4bc97f38e0a72d60e5335c38c9c7baa975521c63a61791de3bb9,603192.SH,2025-05-26,4,4,READY_PROVISIONAL,UNRESOLVED_REGIME_OR_EXCEPTION
120970356f7707fe4e6d92fb629603638c4b9f7fa53e5b4708b9c8e1e38a760e,603192.SH,2025-05-27,5,5,READY_PROVISIONAL,UNRESOLVED_REGIME_OR_EXCEPTION
0466f6fb3326d1dd7dbf7db0556408b8f0c013fd71646e8215e7125214e36fbf,603192.SH,2025-05-28,4,4,READY_PROVISIONAL,UNRESOLVED_REGIME_OR_EXCEPTION
8e2da615001139979bae70b994cff7972bcf1db8c8d5446c10a5e85a3968a04e,603196.SH,2024-11-05,4,4,READY_PROVISIONAL,UNRESOLVED_REGIME_OR_EXCEPTION
04e9a31eb656a8ed09d6debd24c40a3e81f96b5a819a6e580e8ad37c239faeba,603196.SH,2024-11-06,5,5,READY_PROVISIONAL,UNRESOLVED_REGIME_OR_EXCEPTION
06c67c0c4390160fce6b1faf42493f9a2f959b4dc2b505b7d341d86774d384df,603196.SH,2024-11-07,5,5,READY_PROVISIONAL,UNRESOLVED_REGIME_OR_EXCEPTION
f94c634b81fa13406476cdc42805c41601216af0074c2d99c95e5a0407551aa7,603196.SH,2024-11-08,4,4,READY_PROVISIONAL,UNRESOLVED_REGIME_OR_EXCEPTION
744904b46f099c654747052981297d7972f6e85eeb8fb4364d6feee9f9e1a83c,603200.SH,2025-03-03,3,3,READY_PROVISIONAL,REJECTED_STRICT_PREDICATE
046de5cd8d46b58de463ae2b08b92aa833a113b08af91072fdf8ad8199b78bb4,603200.SH,2025-03-04,3,3,READY_PROVISIONAL,REJECTED_STRICT_PREDICATE
823ef59e96be34710ed416b414ac7bba3bdbfac336dab94378bf9a5eb141db57,603200.SH,2025-06-26,1,1,READY_PROVISIONAL,REJECTED_STRICT_PREDICATE
17e2088b35b9a11c93e68a8d92902960283bab57eb40f99264c405a2d739b0fe,603211.SH,2025-01-24,4,4,READY_PROVISIONAL,UNRESOLVED_REGIME_OR_EXCEPTION
97a39e2907136ebd4d8455c95e7c87db9b7703f536860098d3a83a086962caf7,603216.SH,2025-11-24,4,4,READY_PROVISIONAL,UNRESOLVED_REGIME_OR_EXCEPTION
e6014671b5410e638073e364fa25b2dee29215a9f0df955584f805c001910fd0,603216.SH,2025-11-25,5,5,READY_PROVISIONAL,UNRESOLVED_REGIME_OR_EXCEPTION
419f7fbc26eeb8972a6fba9c23684bc95dfe533079642d0e99921b3bd38ee56f,603216.SH,2025-11-26,4,4,READY_PROVISIONAL,UNRESOLVED_REGIME_OR_EXCEPTION
3e79033a69d3438405115ea09a508c6a2cdd2a89c87e7397f5c550979b277771,603216.SH,2025-11-27,3,3,READY_PROVISIONAL,REJECTED_STRICT_PREDICATE
88f7cdbda3d89e38516ca93dc0fe4343d1e8161d34a2b4e1e3b6505024c95ddf,603216.SH,2025-11-28,3,3,READY_PROVISIONAL,REJECTED_STRICT_PREDICATE
4b395d0c7aaabbf2ed050e6d0f7aedcd6658af99e73a01ba2b53dda7c40ac68d,603216.SH,2025-12-01,2,2,READY_PROVISIONAL,REJECTED_STRICT_PREDICATE
d0cdfae41c031094caefa4c8f85f4879d1332bd721241bac1dc3bc81c2f1c71c,603216.SH,2025-12-02,2,2,READY_PROVISIONAL,REJECTED_STRICT_PREDICATE
08a3c3830dc07cdd45a7839f8fb764fe3641d560ffaad154428d5657b3936dd5,603216.SH,2025-12-03,2,2,READY_PROVISIONAL,REJECTED_STRICT_PREDICATE
cc38ce376bc54f34197ec168c3b7c12c7371e998035280248888d82637afe19e,603221.SH,2024-03-27,4,4,UNVERIFIED_WARMUP,UNRESOLVED_RSI_WARMUP
2b47977c67a2c2d3e8b36a89c2bff92d412ee5f96d544849f626fa593b326c70,603221.SH,2024-03-28,5,5,UNVERIFIED_WARMUP,UNRESOLVED_RSI_WARMUP
748fc84085e4a99e959fea79ffac11bb33e488fd07beb5998a7bc4044a8756ca,603221.SH,2024-03-29,4,4,UNVERIFIED_WARMUP,UNRESOLVED_RSI_WARMUP
818bbf1e93e4a17765ca2b3620d800363e836d33bcc031ccdb8f4993d3998d69,603221.SH,2025-04-09,4,4,READY_PROVISIONAL,UNRESOLVED_REGIME_OR_EXCEPTION
7ca13ceb8109b2e25e9a6ffed9e5496a7a4ee35f45710fa2d3aad7d2c3643e8a,603221.SH,2025-08-18,4,4,READY_PROVISIONAL,UNRESOLVED_REGIME_OR_EXCEPTION
d70f0c357ba5feef6accb108a3d0490b35445b4b9d5125ed2db8f9eb191a3bb4,603221.SH,2025-08-19,4,4,READY_PROVISIONAL,UNRESOLVED_REGIME_OR_EXCEPTION
0dafea1871c56dc4d83c63bb18c1cc887eb51c582763bf0c4ca7fbe8978fcdba,603221.SH,2026-07-27,5,5,READY_PROVISIONAL,UNRESOLVED_REGIME_OR_EXCEPTION
8fdce423f5304fae3e48da10e6ab9fcceaa68ffeaeef6852dd441d0913029621,603221.SH,2026-07-28,5,5,READY_PROVISIONAL,UNRESOLVED_REGIME_OR_EXCEPTION
189ee5975148f4bc3d224e7370489a5858b222c442652454476cce343b446d22,603221.SH,2026-07-29,5,5,READY_PROVISIONAL,UNRESOLVED_REGIME_OR_EXCEPTION
b14dc265993a63eaaf90373f2af6a39ddbd3f72719ef1a0f4a075955640db048,603221.SH,2026-07-30,5,5,READY_PROVISIONAL,UNRESOLVED_REGIME_OR_EXCEPTION
6fbc5a3b0284ab5598967d833c0eb00e274880b99d9bc59942711be8998ddcd5,603221.SH,2026-07-31,5,5,READY_PROVISIONAL,UNRESOLVED_REGIME_OR_EXCEPTION
524fd5733bcb1198f0e1a2ff33e38c84eacf30017691cbc72fad1a0df743c0c2,603221.SH,2026-08-06,5,5,READY_PROVISIONAL,UNRESOLVED_REGIME_OR_EXCEPTION
f40fd405c6a035a4dbdc5e0a7845996a0452fd1d656440398fae4249796fa368,603221.SH,2026-08-07,4,4,READY_PROVISIONAL,UNRESOLVED_REGIME_OR_EXCEPTION
c3cf10c2ae400cdb6d7fb5e03d9544af82c7c255682e39b060d80bb318a06f47,603221.SH,2026-08-10,4,4,READY_PROVISIONAL,UNRESOLVED_REGIME_OR_EXCEPTION
d6240c634d4b78b5c7f65d63f756b87d7c03b81323f743049044396a30b91b25,603221.SH,2026-08-18,3,4,READY_PROVISIONAL,UNRESOLVED_REGIME_OR_EXCEPTION
a44fdcff6fc58c5ee6ec85e9564e75e0479160c29a4b9b2bc14146c156cdb9ad,603222.SH,2024-05-10,4,4,UNVERIFIED_WARMUP,UNRESOLVED_RSI_WARMUP
354e909b8a6d9808506f9864ebe7293beb84e174a8a5920b10922bd1490a9595,603222.SH,2024-05-13,4,4,UNVERIFIED_WARMUP,UNRESOLVED_RSI_WARMUP
d12f22edf814e95c5dfdd29e6b1042094e362476873ada3333963c530d0a50f3,603222.SH,2025-08-19,4,4,READY_PROVISIONAL,UNRESOLVED_REGIME_OR_EXCEPTION
50d629c030a94f744a30463f17e5175e91d84ca7a27510289bd69d46967e0719,603222.SH,2025-08-20,5,5,READY_PROVISIONAL,UNRESOLVED_REGIME_OR_EXCEPTION
ad57e9757f6baf29bf2b315504706af7b6419af4a8eb62848ef836a27d5c05f8,603222.SH,2025-08-21,4,4,READY_PROVISIONAL,UNRESOLVED_REGIME_OR_EXCEPTION
e81b25e96112cac4209d30715d90fe211aa1c301b64d231fb865644dd168f145,603225.SH,2024-09-30,0,0,READY_PROVISIONAL,REJECTED_STRICT_PREDICATE
baf7efde33147b726c64a3bed759c418d276d79b2e017545b0db702b19ea45e4,603226.SH,2025-06-06,4,4,READY_PROVISIONAL,UNRESOLVED_REGIME_OR_EXCEPTION
6c878b78c7504cdfdfdd9757c93800ed8568f31394e1934c692bc7f4555768a4,603226.SH,2025-06-09,5,5,READY_PROVISIONAL,UNRESOLVED_REGIME_OR_EXCEPTION
396e4b799c9994b731e2d7ffb70c35844aca847fe3ac3151b147cd6b1df114e6,603226.SH,2025-06-13,4,4,READY_PROVISIONAL,UNRESOLVED_REGIME_OR_EXCEPTION
3c1dd979dacab2aabdb72769687693724e8b946177e7ce1fafaad6bcb6287e42,603226.SH,2025-06-16,3,3,READY_PROVISIONAL,REJECTED_STRICT_PREDICATE
1ed93b04e8015d73de80e4b7314277fc6a9dd6341fbdcce220404025565f2f02,603226.SH,2025-07-30,1,1,READY_PROVISIONAL,REJECTED_STRICT_PREDICATE
691b37b057b463a9c223b5e4d3faf4feadfe61e7d1c3b1665eb5606018f5417a,603226.SH,2025-08-08,0,0,READY_PROVISIONAL,REJECTED_STRICT_PREDICATE
5134f06052b0192838c6ae7d65e07996cf25a689b74c8b3e7728000a2ca27012,603228.SH,2025-10-29,2,2,READY_PROVISIONAL,REJECTED_STRICT_PREDICATE
b89e8f64cafcce7e30016bf436d62fde764574364383360b05fa4226769a46ec,603230.SH,2026-09-21,4,4,READY_PROVISIONAL,UNRESOLVED_REGIME_OR_EXCEPTION
e381eefa859f27da4617c10d0f0932af419bd4223e21368f60573df284017243,603230.SH,2026-09-22,5,5,READY_PROVISIONAL,UNRESOLVED_REGIME_OR_EXCEPTION
0eef8e41085313a96935890754cb841f96d09ed7b2a8d2227af86f78e871053b,603230.SH,2026-09-23,4,4,READY_PROVISIONAL,UNRESOLVED_REGIME_OR_EXCEPTION
010900310bfa9464ce791e30c604a8a33baa866b1baa327078f134529d6b7cdc,603232.SH,2025-10-29,3,3,READY_PROVISIONAL,REJECTED_STRICT_PREDICATE
6161e53ff5ad1087c5136a654b69d283bdda24c776a17b8d38dae47d7ce25fb2,603232.SH,2025-10-30,3,3,READY_PROVISIONAL,REJECTED_STRICT_PREDICATE
decb8edcdc4eea4db73eb75b541c0fad7002b7ff1c9a0e84073c61bcf04d855d,603233.SH,2024-09-30,1,1,READY_PROVISIONAL,REJECTED_STRICT_PREDICATE
3f8b2e14cc97486fcb83ffc38b40117a16e795254383c479211dfbde73b00161,603236.SH,2024-10-08,1,2,READY_PROVISIONAL,REJECTED_STRICT_PREDICATE
fa3783aa9724dbe500ab328cfe6d9a037ee515c81d35a30c477c55e23afb6991,603238.SH,2024-12-18,4,4,READY_PROVISIONAL,UNRESOLVED_REGIME_OR_EXCEPTION
403142517411b5c70f0fc0aa43e068ed1a1ef75abf9d14a121a8ee3574c593a5,603238.SH,2024-12-19,4,4,READY_PROVISIONAL,UNRESOLVED_REGIME_OR_EXCEPTION
3e272dc99de66c9d5cadaec993d0beb2997d4d73ee25edbfd580eee928b2b449,603248.SH,2026-09-18,4,4,READY_PROVISIONAL,UNRESOLVED_REGIME_OR_EXCEPTION
8c0b6aab6ccf7b83ae9f02b5bdecca20362e5e2b354497fd34cb0ad9918e7558,603248.SH,2026-09-21,4,4,READY_PROVISIONAL,UNRESOLVED_REGIME_OR_EXCEPTION
3dd90a3b06d999892ad5710cb2d7e28f4afb1289358169db4e8a4352b27a5f9e,603256.SH,2025-07-09,3,3,READY_PROVISIONAL,REJECTED_STRICT_PREDICATE
1ab02a798603ef7c9c944b54d09324eeeb649506e86912a728318ba2099a89cc,603256.SH,2025-08-18,3,3,READY_PROVISIONAL,REJECTED_STRICT_PREDICATE
7eb1015d3106c7495cae5a3ca8e629a726cf10d37605254bd7f9da0d1f172f67,603256.SH,2025-08-19,3,3,READY_PROVISIONAL,REJECTED_STRICT_PREDICATE
dc0e93fd0332ba04a6518d6648d33d30ac930f5afefcd65831fd0b5f3c515d8b,603256.SH,2026-02-12,2,2,READY_PROVISIONAL,REJECTED_STRICT_PREDICATE
11be510464d4ef4635e984325b10f595cd246b85904f2bfa0c8f5cc1884d0a7d,603256.SH,2026-02-13,2,2,READY_PROVISIONAL,REJECTED_STRICT_PREDICATE
daf0f3ae409955673be075af3e77fe36dc0fa08d1ebf4dc7f13b57c578d9d259,603256.SH,2026-02-24,3,3,READY_PROVISIONAL,REJECTED_STRICT_PREDICATE
f4626560e8b85d25f6222d194994155aff3ffafb5833939fd2686fcfe18c907a,603256.SH,2026-02-25,3,3,READY_PROVISIONAL,REJECTED_STRICT_PREDICATE
11ba6012459cbce619dc5bca75d6d19e774848a19d04eb16f802eef2f597068a,603256.SH,2026-04-14,1,1,READY_PROVISIONAL,REJECTED_STRICT_PREDICATE
054c24745eea2123aabd2d5013dc7783910bc2793cef574e3d8f6f2f2aa1f606,603261.SH,2024-03-08,4,4,UNVERIFIED_WARMUP,UNRESOLVED_RSI_WARMUP
d72b35807e41af52d81b672c750aad294e82f7bdef207387598f47cf1916a682,603261.SH,2024-03-11,5,5,UNVERIFIED_WARMUP,UNRESOLVED_RSI_WARMUP
aa3d368f9ec29dbea0710a163a6d6cb161df4008fa18ee0a9d7a4ff7149cb488,603261.SH,2024-03-12,5,5,UNVERIFIED_WARMUP,UNRESOLVED_RSI_WARMUP
37dfc2a3eb4d588b36ab070b1a4f3dd99e88edf4d6ef53d6d6e63f8d9a2e79bc,603261.SH,2024-03-13,5,5,UNVERIFIED_WARMUP,UNRESOLVED_RSI_WARMUP
cb367239911db6b76887a40c7c2415b7e195adb9915b73f33d147971ed9e85ce,603261.SH,2024-03-14,4,4,UNVERIFIED_WARMUP,UNRESOLVED_RSI_WARMUP
41cf34ee2a604ab74e71c549719bf5b1fc0c17b2f6bf27c2466291d2728ccc98,603268.SH,2024-10-21,3,3,READY_PROVISIONAL,REJECTED_STRICT_PREDICATE
05d8c18bb08314767e02ff21c9625cf19a34486b6609f483c138bd08e918eb5f,603268.SH,2024-10-22,4,4,READY_PROVISIONAL,UNRESOLVED_REGIME_OR_EXCEPTION
0dab363d1b01d7e7b06e937cc70ce8009765195ca02c0300b756dc61fe9fd0dc,603268.SH,2024-10-23,5,5,READY_PROVISIONAL,UNRESOLVED_REGIME_OR_EXCEPTION
1a53be643dd9d0f8670cbbf1350531d25f9755fd6e090c7d56119bff58ce0041,603268.SH,2024-10-24,5,5,READY_PROVISIONAL,UNRESOLVED_REGIME_OR_EXCEPTION
518557a0ffac6892cc15e4dbe0c049337a04b9a90da1a161b3ee33099605f088,603268.SH,2024-10-25,5,5,READY_PROVISIONAL,UNRESOLVED_REGIME_OR_EXCEPTION
5c51fe5401659e81100c34d396d4494d5dc5c72c8ab0aa2abcee008e0fa8eedc,603268.SH,2024-10-28,5,5,READY_PROVISIONAL,UNRESOLVED_REGIME_OR_EXCEPTION
34e8cfa5f0a515eef501629414ec5d7e5e3e4f33db2c6902350a621dd850c810,603268.SH,2024-10-29,5,5,READY_PROVISIONAL,UNRESOLVED_REGIME_OR_EXCEPTION
47e91f971e392b532e01a16209f87b075790cb7b48249114a6e188f6521eaeb4,603268.SH,2024-10-30,5,5,READY_PROVISIONAL,UNRESOLVED_REGIME_OR_EXCEPTION
914b10a903ab63e3805fed160fefaaf8abd1cd8bc73854d2ca045be1d8bc7e1c,603268.SH,2024-10-31,5,5,READY_PROVISIONAL,UNRESOLVED_REGIME_OR_EXCEPTION
eff429ca6b089ae76386234ae366873aa47f609327dcce20615df8aaa73d4c7f,603268.SH,2024-11-01,5,5,READY_PROVISIONAL,UNRESOLVED_REGIME_OR_EXCEPTION
0123f2cd02bd0134bfe2671e61498198ce7d477e44ebb2522f78697ae2d33147,603268.SH,2024-11-04,5,5,READY_PROVISIONAL,UNRESOLVED_REGIME_OR_EXCEPTION
b02b41d3c0e1817dcaaf7b03d7a31595fd8c284d2f40c2c9c3a8a8ed2cec2a5a,603268.SH,2024-11-05,5,5,READY_PROVISIONAL,UNRESOLVED_REGIME_OR_EXCEPTION
0a8dd4980dde4cd8586926c46d64c7ab2679dcd9fe7f0824d791e7ddf3d823ed,603268.SH,2024-11-06,4,4,READY_PROVISIONAL,UNRESOLVED_REGIME_OR_EXCEPTION
be67bd3763720d765ea4f3cb2971e8abe574d64f52b51ed523ee147318fbca77,603269.SH,2024-02-21,2,2,UNVERIFIED_WARMUP,REJECTED_STRICT_PREDICATE
f2d3f617b572d7b22df2e5797c85736531470fe335062f8a8b3d5f31b4d8b9ed,603269.SH,2024-02-22,2,2,UNVERIFIED_WARMUP,REJECTED_STRICT_PREDICATE
96086f74c97594c973bc05ea00bccb71f66ce642b14981cd9768932dffacfb13,603269.SH,2025-01-09,4,4,READY_PROVISIONAL,UNRESOLVED_REGIME_OR_EXCEPTION
8c633ab3c95d908ea480fc7d407499aaf751572406ea5eef3959d81674992797,603269.SH,2025-09-23,3,3,READY_PROVISIONAL,REJECTED_STRICT_PREDICATE
efafa0daa983d0c63bf2031f4ae6c2b01ae9eea8f8176e07ed848f066b5cc3d7,603269.SH,2026-09-02,3,3,READY_PROVISIONAL,REJECTED_STRICT_PREDICATE
c823cf9fef00d8eeb967239896b857173dd0c7f1ca4db290a6d516cd195ff99a,603272.SH,2026-03-26,2,2,READY_PROVISIONAL,REJECTED_STRICT_PREDICATE
9197bf0473b8bec6128c13675ffbe5b19bf3dee3f8d7c0bac6397dd26d1cb284,603272.SH,2026-03-27,3,3,READY_PROVISIONAL,REJECTED_STRICT_PREDICATE
2765df871b7b19c5f287a017f815ef799a0e511c4744acabab482ea9c3ab089b,603272.SH,2026-03-30,3,3,READY_PROVISIONAL,REJECTED_STRICT_PREDICATE
6e5eda5d30c2863afbb6faec0fb1b44d446bae82f4563ab3fb28f6230e92112e,603272.SH,2026-03-31,3,3,READY_PROVISIONAL,REJECTED_STRICT_PREDICATE
0eab588a785b1398b4098e4f5680826109d68651a7b94fb1775f0ba02268a385,603273.SH,2024-03-04,4,4,UNVERIFIED_WARMUP,UNRESOLVED_RSI_WARMUP
25d5d881528afbf4b83c96472f31dfdd304a61bfa4a7a2457f6ec600e7371b09,603273.SH,2024-03-05,5,5,UNVERIFIED_WARMUP,UNRESOLVED_RSI_WARMUP
324ace5f42960ab672354ab6b2a8f0148eb4909a68a520abaa9d6265cfe8eb7f,603273.SH,2024-03-06,5,5,UNVERIFIED_WARMUP,UNRESOLVED_RSI_WARMUP
dc3e275c668b065bbd932e67ab7e92091b748402f7360c328b963003d87d3585,603273.SH,2024-03-07,4,4,UNVERIFIED_WARMUP,UNRESOLVED_RSI_WARMUP
e6e0ce80cfa973545741e6303642ad5014b710f292b4cddf4ddfc0288e706010,603278.SH,2024-08-05,4,4,READY_PROVISIONAL,UNRESOLVED_REGIME_OR_EXCEPTION
cdc95b7ffee3c304994d2bda516bd91a4e6c5edc721df0e88c28effa2bc93bf3,603278.SH,2024-12-03,3,3,READY_PROVISIONAL,REJECTED_STRICT_PREDICATE
63c2f5fcb6d3a9f0b003006c263e1c5e2c837ce7ae339e4f62dae5466082558a,603278.SH,2024-12-04,4,4,READY_PROVISIONAL,UNRESOLVED_REGIME_OR_EXCEPTION
e0afdf285e3b25b967ee3c9feae6c3827a8bf59a47e11843d5b5033cdd3d64cb,603278.SH,2024-12-05,5,5,READY_PROVISIONAL,UNRESOLVED_REGIME_OR_EXCEPTION
a9fda8015391bedd78fb46f62ae3f623f6e37fc601ecd8c3d9ec0a49502b80a9,603278.SH,2024-12-06,5,5,READY_PROVISIONAL,UNRESOLVED_REGIME_OR_EXCEPTION
7fac9af043544206dbb1221a1e2a987c9ed30391a31e735eea5399b7cd0d90fc,603278.SH,2024-12-09,4,4,READY_PROVISIONAL,UNRESOLVED_REGIME_OR_EXCEPTION
797da0471ca3f50e8296053c6134b22d12bc0ec27559d1c120a2e42916dab445,603278.SH,2025-12-29,4,4,READY_PROVISIONAL,UNRESOLVED_REGIME_OR_EXCEPTION
a2e661610392a6c52372523ad90fd725fdc0afc21676d3e63e1fed1dde40d748,603278.SH,2025-12-30,5,5,READY_PROVISIONAL,UNRESOLVED_REGIME_OR_EXCEPTION
6819a56cb4be1aa052b810d891c582310a680ababac8533c9b72131ac5042d12,603278.SH,2025-12-31,5,5,READY_PROVISIONAL,UNRESOLVED_REGIME_OR_EXCEPTION
5786de9c352661b28c4df7595cfc26e3d7fecb37b67d0b36dddf29a085aca8ae,603278.SH,2026-01-05,4,4,READY_PROVISIONAL,UNRESOLVED_REGIME_OR_EXCEPTION
c0f19bb664df66a6732550c6b251c4af9dea8eee8d4053ededf78aeed4024636,603280.SH,2025-07-24,4,4,READY_PROVISIONAL,UNRESOLVED_REGIME_OR_EXCEPTION
b2e2ba02a1344cde070a41d3a021b1a6de244fa4a91130d10c4ac06a5c99f577,603280.SH,2025-07-25,4,4,READY_PROVISIONAL,UNRESOLVED_REGIME_OR_EXCEPTION
c028e610adfc82825e6e49498ab607f3688666bcd60c36ad6370c04706c1dc0c,603280.SH,2025-07-28,4,4,READY_PROVISIONAL,UNRESOLVED_REGIME_OR_EXCEPTION
e541105239c6bab11d86b0dbedee1990668e65acab561a8d4aaaf2c5e34566db,603280.SH,2025-07-29,4,4,READY_PROVISIONAL,UNRESOLVED_REGIME_OR_EXCEPTION
937e383610c0f6ad3cf9bbc1b5e23cb61e31201b8f7a84294059957c30cc3fc8,603280.SH,2025-07-30,4,4,READY_PROVISIONAL,UNRESOLVED_REGIME_OR_EXCEPTION
098ba1cab8acc1fb8463721d27c07e59c3b5a4048926f9624f2b92f9d709e950,603280.SH,2025-07-31,4,4,READY_PROVISIONAL,UNRESOLVED_REGIME_OR_EXCEPTION
43ecc29a9be1bf0d5cab1ba72a1098ea66dfa8cb585e1698107e9dc0c6f5dc07,603280.SH,2025-08-01,4,4,READY_PROVISIONAL,UNRESOLVED_REGIME_OR_EXCEPTION
1e9b842a41cf9fbefaa53e19a28e8dc86b073237189ab35802e38ccae5ab3e81,603286.SH,2024-02-27,2,2,UNVERIFIED_WARMUP,REJECTED_STRICT_PREDICATE
8bd1ef1cd9f94f62492714e85b6b0b26df9061289ee6c7e0b466d48b468406ca,603286.SH,2024-02-28,2,2,UNVERIFIED_WARMUP,REJECTED_STRICT_PREDICATE
cb0e4c69a2fa7553b8c3d5ad9ca8a666c7c660f7aeb7b5fe774ffdd7deb4acd9,603286.SH,2025-05-06,2,2,READY_PROVISIONAL,REJECTED_STRICT_PREDICATE
db4d5f8614b7497617e849a50d13eacb30d058e0d46b5623e371f658518f474d,603288.SH,2024-09-30,0,0,READY_PROVISIONAL,REJECTED_STRICT_PREDICATE
f046dbd5efb7e36e7ba4077a57130f4feb829953ae8b48ae200d77c271e26dd2,603288.SH,2024-10-08,0,0,READY_PROVISIONAL,REJECTED_STRICT_PREDICATE
568ef449df95fd27fb26aca012a00786822c4bdb20f159aa5791d8b879cee05b,603290.SH,2024-09-30,1,1,READY_PROVISIONAL,REJECTED_STRICT_PREDICATE
4797414c8675cf7884676dd7df52cf2655c54d4c0c0924c6aa254f775d1b2877,603290.SH,2024-10-08,2,2,READY_PROVISIONAL,REJECTED_STRICT_PREDICATE
22e4604ddaf3653178c1aea01f407b7bbd10fbf8e567e40cc4b6b4c76f307976,603290.SH,2024-10-09,2,2,READY_PROVISIONAL,REJECTED_STRICT_PREDICATE
513ad25075a8b8f4cd6e39af1b2123f964ccc23bf7eda836eb10bbf6fa13382a,603290.SH,2024-10-10,2,2,READY_PROVISIONAL,REJECTED_STRICT_PREDICATE
3682befaa4f851d74c98bef9b2a0f94e1eff2b08cf84e6566e14295e1352d8dd,603297.SH,2024-11-04,3,3,READY_PROVISIONAL,REJECTED_STRICT_PREDICATE
cbe10523110579c11214d5b2d392c5324a310160f1388f1a67c28e026fbfc687,603297.SH,2024-11-06,2,2,READY_PROVISIONAL,REJECTED_STRICT_PREDICATE
60dbfaa24b9bfbd95999a54cb51a1cb41710ebb7fa8036b41467cf7dcf5ff805,603300.SH,2025-02-11,4,4,READY_PROVISIONAL,UNRESOLVED_REGIME_OR_EXCEPTION
d40555730b20efbd8cb98a31a0505712d5a4e4de878d926fd5f6ca5a3fc8ba37,603300.SH,2025-02-12,4,4,READY_PROVISIONAL,UNRESOLVED_REGIME_OR_EXCEPTION
aedb5bfae46492b029f5c5de04b4556052035865d63b0f093850ee7a3c6db7d7,603300.SH,2025-02-13,4,4,READY_PROVISIONAL,UNRESOLVED_REGIME_OR_EXCEPTION
5dc3ebdd32976a34d32e3027a22339a91edde3e2b1a5ac2bdf227493a9d86368,603301.SH,2025-09-12,3,3,READY_PROVISIONAL,REJECTED_STRICT_PREDICATE
790255c613c273f3bae6ff28950ae6138d659948a4fe43aae95655d1d282971e,603301.SH,2025-09-15,3,3,READY_PROVISIONAL,REJECTED_STRICT_PREDICATE
d728dff9f68807d86d99732e4f89e5d9c8b261bfe86a24c1ebd149d971204a93,603301.SH,2025-10-13,2,2,READY_PROVISIONAL,REJECTED_STRICT_PREDICATE
c326016e5477a58ff058266ec8f5fbb68ae4055a63c73194bcf51d402f8b8e8c,603301.SH,2025-10-14,2,2,READY_PROVISIONAL,REJECTED_STRICT_PREDICATE
afa5fab75928b5aa04678edb630e04b8d40179d82a94827abd88f8957e5145ed,603301.SH,2025-10-15,2,2,READY_PROVISIONAL,REJECTED_STRICT_PREDICATE
bfbccaea30f8736826d1576ea362aee3f76ef8801ac8ecae674099a66ca4a37e,603311.SH,2026-05-19,3,3,READY_PROVISIONAL,REJECTED_STRICT_PREDICATE
bd7bbac808626285928227052dd68e32994cd5525bc5563bf394b4145edf7517,603311.SH,2026-05-20,3,3,READY_PROVISIONAL,REJECTED_STRICT_PREDICATE
5cfde425faa12b6fa2f5835ab6061deec36af35ad0bc8d180a9619274c3aa7da,603311.SH,2026-05-21,3,3,READY_PROVISIONAL,REJECTED_STRICT_PREDICATE
9429d78b7d6291bbed63f6906c9e88d6ab91e5a1ecb2d93875f1d445ca91d4b6,603315.SH,2025-03-20,4,4,READY_PROVISIONAL,UNRESOLVED_REGIME_OR_EXCEPTION
5ac3f42ca20d9c5fe6ab79b4123e3514ce482527be0d5bff07c54cab205d9c3f,603316.SH,2025-07-01,4,4,READY_PROVISIONAL,UNRESOLVED_REGIME_OR_EXCEPTION
96e000d74b51a02dedad26fce89f04a3c11f80ca01e58a465389306e793e9936,603316.SH,2025-07-02,5,5,READY_PROVISIONAL,UNRESOLVED_REGIME_OR_EXCEPTION
773d368d2a62d883a2a355454b73c806db1867df57844499acae3955815d7c75,603316.SH,2025-07-03,5,5,READY_PROVISIONAL,UNRESOLVED_REGIME_OR_EXCEPTION
1355404bc8010724d7e6189e3966876ccfa31cc047c13fc2baba5e43f1aacaed,603316.SH,2025-07-04,4,4,READY_PROVISIONAL,UNRESOLVED_REGIME_OR_EXCEPTION
4baf702a1588ddfbaa6919c41f16ebaa63061ea926c53947aca746d15f40b274,603316.SH,2026-05-21,4,4,READY_PROVISIONAL,UNRESOLVED_REGIME_OR_EXCEPTION
143fe53de6d65f9d643f4c03d1f215610d08cd7470ec6a06a279094fc6a55f7f,603316.SH,2026-05-22,4,4,READY_PROVISIONAL,UNRESOLVED_REGIME_OR_EXCEPTION
58f2da5f80c7cdd2f0fa99c057cfcf83a66ed9e23fd700fd38d4166e78b7913c,603318.SH,2024-11-22,2,2,READY_PROVISIONAL,REJECTED_STRICT_PREDICATE
cbb606e666b232d4520c28c6ae9797b1f88a159330b4dd9fc0f9a3a050cebc76,603318.SH,2024-11-25,1,1,READY_PROVISIONAL,REJECTED_STRICT_PREDICATE
890eabf999b8d7c9a54fdba020be536a12dfe5e5f56c112ae4d2be4032cbe50d,603318.SH,2026-03-04,4,4,READY_PROVISIONAL,UNRESOLVED_REGIME_OR_EXCEPTION
5fe30467cc48046a963ae02b1bebc3f7f3dc17c08f90a8db0ac9e6fa3314aad1,603318.SH,2026-03-05,4,4,READY_PROVISIONAL,UNRESOLVED_REGIME_OR_EXCEPTION
1cea775ba8fc737695ac579df6c9356b61e2a82d85e15987d95ed6b0dd562457,603318.SH,2026-03-06,3,3,READY_PROVISIONAL,REJECTED_STRICT_PREDICATE
522a27728c98e645266bd39a6787d03b5d56c2d918a7185ceb3bd4e1476985f0,603318.SH,2026-04-24,4,4,READY_PROVISIONAL,UNRESOLVED_REGIME_OR_EXCEPTION
92dbe1439a6817e23792a32aea41c8a7e06a9ca0ea1072d31a4839290ee46f65,603318.SH,2026-04-27,4,4,READY_PROVISIONAL,UNRESOLVED_REGIME_OR_EXCEPTION
2d6e40cfa3270190103e5d562b0adc27babfe801f5eb0ee6b93b050c615394d9,603318.SH,2026-04-28,5,5,READY_PROVISIONAL,UNRESOLVED_REGIME_OR_EXCEPTION
3ac6dae2a3c7b69b9a415ca12279ea95b73040f556956fe5b1c362dbb1899bf1,603318.SH,2026-04-29,4,4,READY_PROVISIONAL,UNRESOLVED_REGIME_OR_EXCEPTION
fc7401f178c87c1d6da65d1eeb249125e9c1d204eb319e270554bef0dfae78c5,603318.SH,2026-04-30,3,3,READY_PROVISIONAL,REJECTED_STRICT_PREDICATE
a774843e8dcc1880f29c20daa767de1a2ed49f538a028144702485770e2e2068,603322.SH,2024-02-22,1,1,UNVERIFIED_WARMUP,REJECTED_STRICT_PREDICATE
c3782f4e0a02ad41b810b0ac35d243bce6ce14a4fc7ae95225aacf2b9c45fe41,603324.SH,2026-06-29,1,1,READY_PROVISIONAL,REJECTED_STRICT_PREDICATE
4112ab2ecee002dee2ef20040ffd2d85540f03baa509f63f9ab17249e637bcfb,603324.SH,2026-06-30,1,1,READY_PROVISIONAL,REJECTED_STRICT_PREDICATE
e9e8a4194d7180837330ffe769ca334c11e012f4cf40401fa08ba48d4cb30778,603324.SH,2026-07-01,0,0,READY_PROVISIONAL,REJECTED_STRICT_PREDICATE
726025ea73039076ae59b784cac6d471d04bff7a2b56ee8d5b1a88c20da776c9,603327.SH,2024-03-05,4,4,UNVERIFIED_WARMUP,UNRESOLVED_RSI_WARMUP
56a5d1cc49f48f2cbc4a77db3d7132497c7cc4bf85b2e6804634404e1bdffbba,603327.SH,2024-03-06,5,5,UNVERIFIED_WARMUP,UNRESOLVED_RSI_WARMUP
d178e031a67006c21847555443da05552f66bc36c62e1852462e9bc740453c4a,603327.SH,2024-03-07,4,4,UNVERIFIED_WARMUP,UNRESOLVED_RSI_WARMUP
0f7888a4ec0e309132a74204e1918664209c2b6c4b62be77c2b04ed9c7c8fa5b,603327.SH,2024-03-08,4,4,UNVERIFIED_WARMUP,UNRESOLVED_RSI_WARMUP
2c532223488a54e8136a49e14567fe64d83e1306a8158d16e48c8cd56c177a2b,603329.SH,2025-04-10,1,1,READY_PROVISIONAL,REJECTED_STRICT_PREDICATE
325e0265407ee1ad341782d3bfe92b3208ac7aa8a090295c314e5d683e46cc27,603330.SH,2026-06-04,4,4,READY_PROVISIONAL,UNRESOLVED_REGIME_OR_EXCEPTION
57956c9eff5e73deda514c81c545ef6151263466140f8c0e92418034089df1bb,603330.SH,2026-08-17,4,4,READY_PROVISIONAL,UNRESOLVED_REGIME_OR_EXCEPTION
d995b4bca378d29b99cb86c2efb937638982260e06f3c01c97d55fa524524615,603330.SH,2026-08-18,4,4,READY_PROVISIONAL,UNRESOLVED_REGIME_OR_EXCEPTION
1d2e0da0e6cf95bbbb36ec345cd41217056a536ade9d7aaba7508aa28bea22e2,603332.SH,2025-05-14,4,4,READY_PROVISIONAL,UNRESOLVED_REGIME_OR_EXCEPTION
6b141f0cde25f580092ecf2a27caa748e5be6fe4395dc38c5f916ea16383bf27,603332.SH,2025-05-15,5,5,READY_PROVISIONAL,UNRESOLVED_REGIME_OR_EXCEPTION
3ca4b07984fea1a900ed57e45edd9c2ce3b75facf08e60f31d75582736042767,603332.SH,2025-05-16,4,4,READY_PROVISIONAL,UNRESOLVED_REGIME_OR_EXCEPTION
332c01451441fa6110a36f6c34f8f351a5b3d5619147b6d3923f486dcf6c04fb,603332.SH,2025-05-28,3,3,READY_PROVISIONAL,REJECTED_STRICT_PREDICATE
495b848d087e7e841d8fd410295edd19be331a2787bd2e9279c22af8403f65af,603333.SH,2025-05-27,4,4,READY_PROVISIONAL,UNRESOLVED_REGIME_OR_EXCEPTION
090b93b3338b3188f0c3401d4c43ac1902e6547590281fda137417c9026581f2,603333.SH,2025-05-28,5,5,READY_PROVISIONAL,UNRESOLVED_REGIME_OR_EXCEPTION
dfa5549061c871629e8c86c2c762ef312916fee966370abda263f9edb1c0ca0d,603333.SH,2025-05-29,5,5,READY_PROVISIONAL,UNRESOLVED_REGIME_OR_EXCEPTION
d1afb8ac918df60f107bb9fc2b0c319ce7211b29429e2c0d1fdfcdf022901833,603333.SH,2025-05-30,4,4,READY_PROVISIONAL,UNRESOLVED_REGIME_OR_EXCEPTION
fd0c329fe6e8600940861abbe64dec8018a2511d1081349454a57455e1c2d1d6,603345.SH,2024-09-27,2,3,READY_PROVISIONAL,REJECTED_STRICT_PREDICATE
9dd7abd5d1dc18b9e8cc8811d46541227f99d82acd5cf3d2c9a2a7ceb711f3c2,603345.SH,2024-09-30,3,4,READY_PROVISIONAL,UNRESOLVED_REGIME_OR_EXCEPTION
19d781f700084b7a38a1d5f832e658b46f187808d4e0d205bbc1d8fe49d6b7f9,603345.SH,2024-10-08,3,4,READY_PROVISIONAL,UNRESOLVED_REGIME_OR_EXCEPTION
e54e18ccc4a7e02f0fbfeb887259b83dd152f081cce47e2ce9f6039ecf791804,603353.SH,2025-04-01,4,4,READY_PROVISIONAL,UNRESOLVED_REGIME_OR_EXCEPTION
caed20768e3908acd3bbd32063edc6dfa9eb51babfb5668d27ea0d42d488ff90,603359.SH,2025-03-24,4,4,READY_PROVISIONAL,UNRESOLVED_REGIME_OR_EXCEPTION
c51ffe96be51ee5c9f924abf227b47f34cd4761e904e46a6dcb6b310b86b72c1,603359.SH,2025-09-12,3,3,READY_PROVISIONAL,REJECTED_STRICT_PREDICATE
223c04a05da0ce374b4283317caa8734eda0ccb492bde9cea0abaa7f05baa25f,603359.SH,2025-09-15,3,3,READY_PROVISIONAL,REJECTED_STRICT_PREDICATE
f6cad28a7323168623e0b9e223aa7d8321c8b429ada46b5610465b8e6e58b787,603363.SH,2024-02-26,4,4,UNVERIFIED_WARMUP,UNRESOLVED_RSI_WARMUP
0cc1252396e4b5677e3ccef06fed4eb8019c9eee44ee84862c7550c8ae90139c,603363.SH,2024-02-27,4,4,UNVERIFIED_WARMUP,UNRESOLVED_RSI_WARMUP
f59a349ec97624f357926f7b4c84b10c2e0ccd3c094921f1249a052ab7eac91f,603363.SH,2024-02-28,4,4,UNVERIFIED_WARMUP,UNRESOLVED_RSI_WARMUP
feb76eb2b225d7736e51f796bfb42a7cc101e68ecff8df3c0290b3bf55a682f2,603363.SH,2024-03-20,3,3,UNVERIFIED_WARMUP,REJECTED_STRICT_PREDICATE
da4f788e4c7b5cbb4e1abd7daee80493b001665b060145b56e4a38e55da28990,603363.SH,2024-03-21,4,4,UNVERIFIED_WARMUP,UNRESOLVED_RSI_WARMUP
c7f63f66e1484a8b6e466c1ed26b6a64985e34844c327d0848c6334954e698fa,603363.SH,2024-03-22,3,3,UNVERIFIED_WARMUP,REJECTED_STRICT_PREDICATE
1ad3fc56d3ec9b2f9e331f23879273e302f3b10cf8bac17d7e43fb9cb3df4274,603363.SH,2025-09-01,2,2,READY_PROVISIONAL,REJECTED_STRICT_PREDICATE
e84f646839fb12a8aafcb15281687f9287fa2d56f0f1d0cb118d1ee1f6bdf7aa,603366.SH,2024-11-07,4,4,READY_PROVISIONAL,UNRESOLVED_REGIME_OR_EXCEPTION
57d8313e034b2fff801b499ec713f69cb70c1472584b4054fd8473174afed62b,603366.SH,2024-11-08,5,5,READY_PROVISIONAL,UNRESOLVED_REGIME_OR_EXCEPTION
4115c029c55de8c5b77a86d1712d8b837603aed430c9399dd7f8679142646c98,603366.SH,2024-11-11,4,4,READY_PROVISIONAL,UNRESOLVED_REGIME_OR_EXCEPTION
7490b03981c26eb92d8e84ec4cbb8c0a82dfce6589d52dc42254dc3e15dd2577,603366.SH,2024-11-12,4,4,READY_PROVISIONAL,UNRESOLVED_REGIME_OR_EXCEPTION
ee3096c248a0525d5c54a127264d3500f36a6584a6bfebd731b483e0589583e1,603366.SH,2024-11-13,4,4,READY_PROVISIONAL,UNRESOLVED_REGIME_OR_EXCEPTION
2eb8f533de5ddaf3bb873c6f66791d2d6df389949937ca8d4b64e67db48612a5,603366.SH,2024-11-14,4,4,READY_PROVISIONAL,UNRESOLVED_REGIME_OR_EXCEPTION
8b25999ead31df2a5f569d83795e4ec71b5bfdf889f759d521ed772594f1bee4,603366.SH,2024-11-15,4,4,READY_PROVISIONAL,UNRESOLVED_REGIME_OR_EXCEPTION
7a7344a47f8b2669cde776c25e6b305a1f938b9d037d3915c097142d325e86b5,603366.SH,2024-11-18,5,5,READY_PROVISIONAL,UNRESOLVED_REGIME_OR_EXCEPTION
04fcf0687b13149a0dc041490759565220daf7826047c4c8836ed3649cabaa36,603366.SH,2024-11-19,4,4,READY_PROVISIONAL,UNRESOLVED_REGIME_OR_EXCEPTION
9318850d0502b0230c5a7ed8d506cc10f6e18d0105cdd356a85ad61b8ba5f2fd,603366.SH,2024-11-20,4,4,READY_PROVISIONAL,UNRESOLVED_REGIME_OR_EXCEPTION
0e59d728a1255662edfd80a489c434c84b4d3cc4a0920b03a36db60389909c8a,603366.SH,2024-11-21,4,4,READY_PROVISIONAL,UNRESOLVED_REGIME_OR_EXCEPTION
f76159a27db311c14134bb4b93f2ecdda112427afa490864049b557be0dea539,603366.SH,2024-11-22,3,3,READY_PROVISIONAL,REJECTED_STRICT_PREDICATE
7c6e9fd38b6d0dda2e51d08ade206ff34dc86f382eac0c5f1372788fcd6fa859,603366.SH,2024-11-25,3,3,READY_PROVISIONAL,REJECTED_STRICT_PREDICATE
98a2997efbe1965b4c20f54cddf3fda118f1a8e8d4635cec5f532beae86a8604,603366.SH,2024-11-26,3,3,READY_PROVISIONAL,REJECTED_STRICT_PREDICATE
eaf94686f5432dc9f086990b454f1a42d6ac30f0849ce5d24cb3a5f65ecf6afe,603366.SH,2024-11-27,3,3,READY_PROVISIONAL,REJECTED_STRICT_PREDICATE
1512512f052577c2ff117bffcff55fa2304c836536364500d8653b4e9ae469ac,603366.SH,2024-11-28,2,2,READY_PROVISIONAL,REJECTED_STRICT_PREDICATE
6ce14b333c64b56db2c314d4df6f27837c201f298755ed819159e51aa040f151,603366.SH,2024-11-29,3,3,READY_PROVISIONAL,REJECTED_STRICT_PREDICATE
1757147722fa4a7d356e015881985580b10b4ded01905c5c0ef77f9c14b9b8a5,603366.SH,2024-12-02,2,2,READY_PROVISIONAL,REJECTED_STRICT_PREDICATE
f590110cd68bdf4efbf5dad8e55fb62a40a10810357a0f90ee8d4da776ea101d,603367.SH,2025-07-30,3,3,READY_PROVISIONAL,REJECTED_STRICT_PREDICATE
61966504cfbc5ab42ce4a01a6d428b8f3272ef2fc5cda9323b04c0b4f36119a5,603367.SH,2025-07-31,3,3,READY_PROVISIONAL,REJECTED_STRICT_PREDICATE
bbd643708b19b75ad642ed084728957e1825571c01a501ffc4682f2fabee90fc,603367.SH,2025-08-01,3,3,READY_PROVISIONAL,REJECTED_STRICT_PREDICATE
4b964bc27398724eefb395f6df6bd64ca2d9d230b8f74e815fb2a64c6a684b44,603367.SH,2025-08-04,2,2,READY_PROVISIONAL,REJECTED_STRICT_PREDICATE
a08201e4079638f23b55bb8aba2d53dc6f344eed0c54e5cfbeb903daa699ed29,603369.SH,2024-10-08,2,2,READY_PROVISIONAL,REJECTED_STRICT_PREDICATE
45e47f3828fa5d8619f9a36f51e41b6a4935159c1f4671a8de947f0207f89c4d,603377.SH,2024-03-21,4,4,UNVERIFIED_WARMUP,UNRESOLVED_RSI_WARMUP
38b0fb1962131938e5fabc96d906b8893c83ffa46a08e41ff220be17c772b26d,603377.SH,2024-03-22,4,4,UNVERIFIED_WARMUP,UNRESOLVED_RSI_WARMUP
22d9cedd341ed04f5971a9cc35b8c52e5462d4bfa4126257e24ab2a6cd85fcdb,603377.SH,2024-03-25,3,3,UNVERIFIED_WARMUP,REJECTED_STRICT_PREDICATE
cbcd3cb4ce371246489a834070808288e9e136ccbfd597c551d52b799ba6adb0,603378.SH,2025-10-29,4,4,READY_PROVISIONAL,UNRESOLVED_REGIME_OR_EXCEPTION
d7b9234d580d2c312c589690c4bc97c52a089dd57ab6c5719dad980779d722cb,603378.SH,2025-10-30,5,5,READY_PROVISIONAL,UNRESOLVED_REGIME_OR_EXCEPTION
c8f32944d37ddb2ab9022a07965be8eb91f1143b29b7ca2d14c9ade2b1d93855,603378.SH,2025-10-31,4,4,READY_PROVISIONAL,UNRESOLVED_REGIME_OR_EXCEPTION
c41c544caa3f9a621e93ea6953a30d3c0e0c041dd892dee0abdfc6ff26715926,603379.SH,2024-09-30,1,1,READY_PROVISIONAL,REJECTED_STRICT_PREDICATE
535385d18f137b9a91281e5f9838aa21f1b472e24de8bc186ea9d1d045509d06,603383.SH,2024-09-30,3,3,READY_PROVISIONAL,REJECTED_STRICT_PREDICATE
492944301985dccb7a73c38c0ad1abceb4019fd6a9ffcc0d11d7a88d88f26f2f,603383.SH,2024-10-08,3,3,READY_PROVISIONAL,REJECTED_STRICT_PREDICATE
05005eb4f50e18bc3c131158cb61283a4722cffa974463d0f62054d3fa0d0d5d,603383.SH,2024-10-09,3,3,READY_PROVISIONAL,REJECTED_STRICT_PREDICATE
987aa4a1ca7794f0ed7a579bedd05dcaac437e49fe65251245022e43f4ba714b,603383.SH,2024-10-10,3,3,READY_PROVISIONAL,REJECTED_STRICT_PREDICATE
3aa00824dc097280a390ec0916c8b385acd2bc37e9d81ff27efd5dcd25ba911a,603386.SH,2025-12-08,4,4,READY_PROVISIONAL,UNRESOLVED_REGIME_OR_EXCEPTION
2229d8058bf1daa297e2b2a785303435a723850ffb13beb4b5fe5ff4112dcacb,603386.SH,2025-12-09,5,5,READY_PROVISIONAL,UNRESOLVED_REGIME_OR_EXCEPTION
b9bbd79b75f099c76d303c1049bd030f26c1bf3f6845481ded73899672ec6ec1,603386.SH,2025-12-10,4,4,READY_PROVISIONAL,UNRESOLVED_REGIME_OR_EXCEPTION
144920caaa6a7d7c59f106dcdd44e28279e090d1eb29830e7d3eeaad23a62c59,603389.SH,2024-03-27,4,4,UNVERIFIED_WARMUP,UNRESOLVED_RSI_WARMUP
0c21144fbc32d35b36efc6d53457999d7addf49bc2091f12161485ef57397297,603389.SH,2024-03-28,5,5,UNVERIFIED_WARMUP,UNRESOLVED_RSI_WARMUP
f8fc30c289bcea90e3bfc9bc4f3e75349bf3fc8175aba1a3289624e2668afca9,603389.SH,2024-03-29,4,4,UNVERIFIED_WARMUP,UNRESOLVED_RSI_WARMUP
7214a7981bde0fe3a3b7b13b97789e7fc6b7baf664e0740c5136fc5611297140,603389.SH,2024-05-17,4,4,UNVERIFIED_WARMUP,UNRESOLVED_RSI_WARMUP
8a76e49e669b8d40e6bc8b58b7b07409e9555a4e66d3a90aa58a90eea218be63,603389.SH,2024-05-20,5,5,UNVERIFIED_WARMUP,UNRESOLVED_RSI_WARMUP
937c42e8881308ff7afa07edc88bfe214b3828efbf026b4a47c938994af92976,603389.SH,2024-05-21,4,4,UNVERIFIED_WARMUP,UNRESOLVED_RSI_WARMUP
bf214439a3f9ada4dfb5e67e76a9581a6b3f986f2b1ddae9741731f06275c775,603390.SH,2024-08-06,4,4,READY_PROVISIONAL,UNRESOLVED_REGIME_OR_EXCEPTION
6a12af400061770d50b1a644954290681d8eabe0ae9fb0d9d5e655a002ed08e5,603390.SH,2025-05-27,4,4,READY_PROVISIONAL,UNRESOLVED_REGIME_OR_EXCEPTION
4c1204bdd660694918251b9cdfe38a992928bf67676fc64de6f862f89ce1db25,603390.SH,2025-05-28,4,4,READY_PROVISIONAL,UNRESOLVED_REGIME_OR_EXCEPTION
72f74148edfa49193dd4c1ffa30ccc15e1644ca22341a67ed8039cf04d8ba613,603390.SH,2025-05-29,4,4,READY_PROVISIONAL,UNRESOLVED_REGIME_OR_EXCEPTION
12b1c0ecaf25b08298d85893b6c1fbc0d0f1b3b53626a310b1d0428b6dac0bca,603390.SH,2025-05-30,4,4,READY_PROVISIONAL,UNRESOLVED_REGIME_OR_EXCEPTION
8296f74921bcbda13f7aaa944ed95bf60af20eb349ad0561ac235dfc1f2285be,603395.SH,2026-08-20,3,3,READY_PROVISIONAL,REJECTED_STRICT_PREDICATE
ee7a0ca4258e1e595cb80e2370bd6dc92823a1599c806d202e6119fdccc98642,603398.SH,2024-11-05,1,1,READY_PROVISIONAL,REJECTED_STRICT_PREDICATE
17e3a4d33168fd5fa92b83ffe60e2e7637198fdcc2f1dd4f842bfdbb1f7c8e84,603398.SH,2025-09-29,0,0,READY_PROVISIONAL,REJECTED_STRICT_PREDICATE
4e64d79266f13c43a38980a7514eba5a5fe56858f3c8b9840fb311faa90126a6,603398.SH,2025-09-30,0,0,READY_PROVISIONAL,REJECTED_STRICT_PREDICATE
9865710c8c37810c4bd937a026bc7453bd3eb2e17e746ce813953341f45c834e,603399.SH,2024-11-12,2,2,READY_PROVISIONAL,REJECTED_STRICT_PREDICATE
df57c6ffe7b7bee7d58d0407f27165b5592cd439265f5dc3e8bc6c8e8eff910e,603399.SH,2026-04-30,3,3,READY_PROVISIONAL,REJECTED_STRICT_PREDICATE
55a6f0b7db7055c01bc90bd18222a63022102935bccdaa433547bdc51e4f1cfd,603399.SH,2026-05-06,4,4,READY_PROVISIONAL,UNRESOLVED_REGIME_OR_EXCEPTION
a2e01cd72ce8e4b4b7cfc2ca6cc48b715cb41aba1778fc46b2173f03ad10fc78,603399.SH,2026-05-07,4,4,READY_PROVISIONAL,UNRESOLVED_REGIME_OR_EXCEPTION
094ff974c573e456cea4f56531a977ead627d233c2c8ce31987eea9ed1d57ccb,603399.SH,2026-05-08,3,3,READY_PROVISIONAL,REJECTED_STRICT_PREDICATE
c19a6907f426cd10bf2e9d7d4000dbcfbe5c73761c97f51c3282e01ab8b181b7,603399.SH,2026-05-11,2,2,READY_PROVISIONAL,REJECTED_STRICT_PREDICATE
250689047d6e27d90d0a79e9e8c38f3c7049e7e55efa708f96e7d55a0f7676a8,603421.SH,2024-12-23,4,4,READY_PROVISIONAL,UNRESOLVED_REGIME_OR_EXCEPTION
5c144abae7406298d2c6698672aff01b8f5ce321115ed7b35bac05d15a1564d2,603421.SH,2024-12-24,5,5,READY_PROVISIONAL,UNRESOLVED_REGIME_OR_EXCEPTION
8cf06381555762c1f256afff1eea87bff7a89ca5b9937dd9b2131ba8c860068f,603429.SH,2024-10-31,4,4,READY_PROVISIONAL,UNRESOLVED_REGIME_OR_EXCEPTION
5184eb9d29abbb24f7440e15289391e31c944689a1bfb4bb6a606720f8154b81,603444.SH,2024-10-08,1,1,READY_PROVISIONAL,REJECTED_STRICT_PREDICATE
8193da5b1b388cdbfae7f19427581d0fd5fa504ea597f3ac0f30549f554cd37a,603458.SH,2024-08-14,4,4,READY_PROVISIONAL,UNRESOLVED_REGIME_OR_EXCEPTION
42faabf10a0c76ca7a8770f2fe4c4d2bc1a6655ece3945626a9472be4526aa63,603466.SH,2024-12-10,3,3,READY_PROVISIONAL,REJECTED_STRICT_PREDICATE
8ca2a327cc81f77fb76853cbd3e6413a11d92dc61a329e9398cc860b0a431eb0,603477.SH,2024-09-30,1,1,READY_PROVISIONAL,REJECTED_STRICT_PREDICATE
1e119eeacadd95a30368fcec5056f5737725fc773b55afa2d2efc305ee59e0f1,603488.SH,2024-02-22,0,0,UNVERIFIED_WARMUP,REJECTED_STRICT_PREDICATE
b74731114d8b600c0762d2072555cdef5e1eaff0ea652efb6418c06ca30f4bec,603488.SH,2024-02-23,0,0,UNVERIFIED_WARMUP,REJECTED_STRICT_PREDICATE
271f090b06959f323bf8233f9716035e9edc7182aa465f87aa2d710df9c8fab3,603488.SH,2026-01-13,4,4,READY_PROVISIONAL,UNRESOLVED_REGIME_OR_EXCEPTION
2410adf677df0029b43ae5bddc52780c91d6a5ed0ba7de41c4d0660c8a7e82ff,603489.SH,2024-10-08,1,1,READY_PROVISIONAL,REJECTED_STRICT_PREDICATE
8e9187994551ccdf69f8489581544be429d6fd3bdaa0bdb5835ca4401317458a,603496.SH,2024-02-27,1,1,UNVERIFIED_WARMUP,REJECTED_STRICT_PREDICATE
75ce48b91eac781209eb207dc2d3f64afce1312cb791638709c27acfad200a4a,603496.SH,2024-02-28,1,1,UNVERIFIED_WARMUP,REJECTED_STRICT_PREDICATE
5d07f7835f6d6133b9d5a9ac01d4a70f2e5a53422ff29562ee3b4ff3d9f07791,603496.SH,2024-02-29,0,0,UNVERIFIED_WARMUP,REJECTED_STRICT_PREDICATE
01a71f036319e9d125b517d20312648be0f8ca0afc0b32421c697b235a091c90,603496.SH,2024-10-10,2,2,READY_PROVISIONAL,REJECTED_STRICT_PREDICATE
3c10efe5666cf75689d29324367d5aa72101a7000f01a48d69d2f08a2d03b83d,603496.SH,2025-03-03,4,4,READY_PROVISIONAL,UNRESOLVED_REGIME_OR_EXCEPTION
ed648a1ff07c42bb54fb654a0f064ce6ad1e8add3eb3c1085a6317ebf2e28c89,603496.SH,2026-01-14,2,2,READY_PROVISIONAL,REJECTED_STRICT_PREDICATE
86f9c4a7d9311ed025e060c6ef08778159ac8a0ccd1afe81715c151ba3ae880c,603499.SH,2024-02-22,2,2,UNVERIFIED_WARMUP,REJECTED_STRICT_PREDICATE
114e03637daafadd7172c7b7af851e7c62f7e9ff6631b5ea9ff720f4cc05f113,603499.SH,2024-02-23,2,2,UNVERIFIED_WARMUP,REJECTED_STRICT_PREDICATE
554cc2e7a1bf07f37b6d4044c3cbbdeb77a9854881200cd352aa500d5272b9c1,603499.SH,2024-03-26,4,4,UNVERIFIED_WARMUP,UNRESOLVED_RSI_WARMUP
340e67d4f4c6bac568c40843bb03e3a867d9fc5e53ba11adf0923876a8b291a7,603499.SH,2024-03-27,4,4,UNVERIFIED_WARMUP,UNRESOLVED_RSI_WARMUP
d6bff9444b48cf09f16e9bc1fee290c8772b020df15312796fe4fc4d72a84288,603499.SH,2024-11-12,3,3,READY_PROVISIONAL,REJECTED_STRICT_PREDICATE
8b9f59c3559b84035891ef2d10a607c4b551b373f1145712b37c85c9d05ba220,603506.SH,2024-05-13,4,4,UNVERIFIED_WARMUP,UNRESOLVED_RSI_WARMUP
f432b30fde189fc437646e8d674f3b269d31c26b7d4d52989129cf94d86bb482,603511.SH,2025-01-17,4,4,READY_PROVISIONAL,UNRESOLVED_REGIME_OR_EXCEPTION
602f5e216b602ef600f4ca4d18dddf3defa27afb76ba847b237caa686ae3da2c,603511.SH,2025-01-20,5,5,READY_PROVISIONAL,UNRESOLVED_REGIME_OR_EXCEPTION
8ce33218b0b5bc275ad8763ff65a4da691012605f0d04fd20361e181ff0b519f,603515.SH,2024-09-30,0,0,READY_PROVISIONAL,REJECTED_STRICT_PREDICATE
f1c8bb8774b82b6110c9b3645a137146ca6014ee2b3a7d98a38a80cb3c5b1e25,603516.SH,2024-02-21,3,3,UNVERIFIED_WARMUP,REJECTED_STRICT_PREDICATE
15fb6aeb6943609ac8e7a2700ad8aa95ca40ed7bb31db76eb85ddd835358e35b,603516.SH,2024-02-22,4,4,UNVERIFIED_WARMUP,UNRESOLVED_RSI_WARMUP
1bdbf166557bb70bbaeed93eb006483007674955c009308ed45784ab882ce286,603516.SH,2024-02-23,4,4,UNVERIFIED_WARMUP,UNRESOLVED_RSI_WARMUP
64e2e12ef1798c529fa23b7448b409be64775051a8e19c7b760e2cf20607349b,603516.SH,2024-02-26,3,3,UNVERIFIED_WARMUP,REJECTED_STRICT_PREDICATE
d3c886fa4833f033b193f3e9292ba63956aca13956f1af7a3964ecff929d99a9,603516.SH,2024-02-27,3,3,UNVERIFIED_WARMUP,REJECTED_STRICT_PREDICATE
905a1f6726d02cbfe25be02dc5a7d68df40e1109ebb54a6df8eb78281f842c2f,603516.SH,2024-02-28,3,3,UNVERIFIED_WARMUP,REJECTED_STRICT_PREDICATE
be75025b4a4ad9582d2bc8bf56028552284cfe2adf89b8553c86447ad6bc4ee5,603516.SH,2024-02-29,2,2,UNVERIFIED_WARMUP,REJECTED_STRICT_PREDICATE
cb8ef0c8a673adadf4428c8432c11b0407becc6c27cb76d04b9c837b0b155aae,603516.SH,2025-08-05,3,3,READY_PROVISIONAL,REJECTED_STRICT_PREDICATE
2f15e3a0cc1cef48afbcaaaa82b52ade84687140c4c892daf7b086d0337ebe03,603516.SH,2025-08-06,3,3,READY_PROVISIONAL,REJECTED_STRICT_PREDICATE
e70616c3d3b10bbf8a1274335102fded1e249e9f4645c66596278249a6a7171b,603516.SH,2025-08-07,3,3,READY_PROVISIONAL,REJECTED_STRICT_PREDICATE
9452bb0f6d0c2794e0bbf928420961546069ea94d24b1858870758feb744f10b,603516.SH,2025-08-11,2,2,READY_PROVISIONAL,REJECTED_STRICT_PREDICATE
5146d03809f7935ea58ff1f4bc895ef00b9ddf26fd2faaad3a86c59b9bbea497,603516.SH,2025-08-15,1,1,READY_PROVISIONAL,REJECTED_STRICT_PREDICATE
467c82eb42e2296e07e70918b949ca03a8a26b5a45adbfd8237d047cf6507338,603516.SH,2025-08-18,2,2,READY_PROVISIONAL,REJECTED_STRICT_PREDICATE
bdcd639c31f8b2a829d7429de1250699b5e5a3a888afe665ec3fa6391c8a00d5,603516.SH,2025-08-19,2,2,READY_PROVISIONAL,REJECTED_STRICT_PREDICATE
d119119f7fd94755de0a40e81dbd46f6385b621194e06ecb763ebe81c0b05347,603516.SH,2025-09-12,4,4,READY_PROVISIONAL,UNRESOLVED_REGIME_OR_EXCEPTION
f2ddcb69a7c1cee6bf160b7f54d443930e617ab5012a40302f8c3116f8c15a1e,603516.SH,2025-09-15,4,4,READY_PROVISIONAL,UNRESOLVED_REGIME_OR_EXCEPTION
412ad05f3faa2fa3f8513403500a6643ca14f0ee4abac595aacea6b1940cba10,603516.SH,2025-09-16,4,4,READY_PROVISIONAL,UNRESOLVED_REGIME_OR_EXCEPTION
cc5f07694941fffe36508f103699b08f063750f1de26ceba2f765915986db453,603516.SH,2025-09-17,3,3,READY_PROVISIONAL,REJECTED_STRICT_PREDICATE
5d949315933a8a74ac1baac824073ac43f72f1f2f8ce05824ed090ae737a3e9e,603518.SH,2025-06-03,4,4,READY_PROVISIONAL,UNRESOLVED_REGIME_OR_EXCEPTION
7150aa2dcac65fd16d2176e8ceb0b5303e8b87b0671308f288d80648cf4c993a,603518.SH,2025-06-04,3,3,READY_PROVISIONAL,REJECTED_STRICT_PREDICATE
65446d7bb8bdce7ebe1b17717445e05a53fbe08a304edf8c929f52538c07fbfa,603518.SH,2025-06-05,2,2,READY_PROVISIONAL,REJECTED_STRICT_PREDICATE
62cf592a598fc18aa4c6c99bd622b88332fdbe8c5a0026087a7047beb718c8ba,603527.SH,2024-11-22,4,4,READY_PROVISIONAL,UNRESOLVED_REGIME_OR_EXCEPTION
3281d9c4eeaef500c0f11d9bb5e05300fb5a06a1eafe7d45d0b93325f47dab7e,603527.SH,2024-11-25,5,5,READY_PROVISIONAL,UNRESOLVED_REGIME_OR_EXCEPTION
51fab85fc3ecd76d4ad2187b57b808295776899a971988c1ac7faf65e73e4512,603527.SH,2024-11-26,4,4,READY_PROVISIONAL,UNRESOLVED_REGIME_OR_EXCEPTION
02a63ca5e05d7ab56f6ea6dcd8cc0e83c1c9e335ed092f3b2855a110a079aa54,603528.SH,2024-02-22,2,2,UNVERIFIED_WARMUP,REJECTED_STRICT_PREDICATE
179cf1c25ba0e92b5aa401d9780e8c8c171605695c682d2da00b6233c48e3566,603530.SH,2026-03-04,3,3,READY_PROVISIONAL,REJECTED_STRICT_PREDICATE
0a063efa413f9f1f46ef933b758e0179c89836c89c75f2f9973898c258b56e9a,603530.SH,2026-03-05,2,2,READY_PROVISIONAL,REJECTED_STRICT_PREDICATE
d6b73aa204f7402f1748f23ec2f1ea868293c296ee1d9816ddd9bcfe690a3e7c,603533.SH,2024-03-22,3,3,UNVERIFIED_WARMUP,REJECTED_STRICT_PREDICATE
5c3363d59a86b8de1643ec2cf674bda1a11d134fa0145da2e4006aae2f102087,603533.SH,2026-02-12,4,4,READY_PROVISIONAL,UNRESOLVED_REGIME_OR_EXCEPTION
1e5f0289efed674858b5852eff14aeeba6a1f6edc8d3c92c689aa465dd2cbfc3,603533.SH,2026-02-13,5,5,READY_PROVISIONAL,UNRESOLVED_REGIME_OR_EXCEPTION
df0d160ff0952f50e24b4ff53da64494afec62a614bdfd7a5b355e8ffe20b9d5,603536.SH,2024-12-12,4,4,READY_PROVISIONAL,UNRESOLVED_REGIME_OR_EXCEPTION
3241a5a9babf3338105b71e771837b555d0c89660da49e89a961c14cc3322aac,603536.SH,2024-12-13,5,5,READY_PROVISIONAL,UNRESOLVED_REGIME_OR_EXCEPTION
99d4c8eca39e87568828aa656a6e1a5c6587a6a3310c58b5de623289a780b703,603536.SH,2024-12-16,4,4,READY_PROVISIONAL,UNRESOLVED_REGIME_OR_EXCEPTION
1f31d0cb1e561c30242fdd33498215f4fc024db725130386c59fc6e45546892b,603538.SH,2026-03-26,4,4,READY_PROVISIONAL,UNRESOLVED_REGIME_OR_EXCEPTION
5f5d12493d2f4590508455df945c8b13d614619e7addb0becc8e0a7ae78be58b,603538.SH,2026-03-27,4,4,READY_PROVISIONAL,UNRESOLVED_REGIME_OR_EXCEPTION
974879e780a2b1de75ab55d67babd70f2c996c0b458369067f8d84b48715b764,603538.SH,2026-03-30,5,5,READY_PROVISIONAL,UNRESOLVED_REGIME_OR_EXCEPTION
5d8cebc5269ce88eb5b6310b5c55f8f0b4ba5ae266008c4ccbd59e03a8b5cbc3,603538.SH,2026-03-31,4,4,READY_PROVISIONAL,UNRESOLVED_REGIME_OR_EXCEPTION
24a12a55680fc327d466052e6ab2d025e082ef4a705e9cdc768e20493d7472d1,603538.SH,2026-04-14,1,1,READY_PROVISIONAL,REJECTED_STRICT_PREDICATE
56551a4cf556645e427f71dfda0a5f1c977d99c127ca54603734809137fe58f7,603538.SH,2026-04-15,0,0,READY_PROVISIONAL,REJECTED_STRICT_PREDICATE
fdc34c7991d08b5b8d6784441eab525612271af8400ccdcfddff65f8e800c465,603538.SH,2026-07-15,2,3,READY_PROVISIONAL,REJECTED_STRICT_PREDICATE
05586d06672f2d0f86f90b32af11b5a5c230fa79d46cf1a4cfcc3fe7c947a698,603559.SH,2024-11-05,0,0,READY_PROVISIONAL,REJECTED_STRICT_PREDICATE
ff2f073db44d180519008eeaaf7a39adf5bc0df379cdb09b9d938af7774e4b28,603559.SH,2024-11-06,0,0,READY_PROVISIONAL,REJECTED_STRICT_PREDICATE
191f2e60cbab9c95b6c713917c113077d054f560d479d8dc8f818b2c264199ab,603559.SH,2024-11-07,0,0,READY_PROVISIONAL,REJECTED_STRICT_PREDICATE
a8c7de6dba58586e4391c5bcc2a3c442bdd321d264ff90e11ac5497b2773e361,603559.SH,2024-11-08,0,0,READY_PROVISIONAL,REJECTED_STRICT_PREDICATE
a2c6d0be05322b813de61a809ba96d2e7e3835de166188e6605eab8309764c98,603559.SH,2024-11-11,0,0,READY_PROVISIONAL,REJECTED_STRICT_PREDICATE
e346d9b26daf2f4ec8de0a8d9202a20bdaf107fa6d1280c04921df3cca9f07f5,603559.SH,2026-05-15,0,0,READY_PROVISIONAL,REJECTED_STRICT_PREDICATE
20f0910ee958877beb3fb27095923364f827aaac3ac7461fccbbac2ca3035e55,603577.SH,2025-05-28,3,4,READY_PROVISIONAL,UNRESOLVED_REGIME_OR_EXCEPTION
550cc16ceeb2f94916d1e2755fe299448c6df8c1dff510df744456295baf9930,603577.SH,2025-05-29,3,4,READY_PROVISIONAL,UNRESOLVED_REGIME_OR_EXCEPTION
11258ceb64f1280a1526a3191a785dfbab177e20f5582fd34c5394e8eda24b2e,603579.SH,2025-03-31,4,4,READY_PROVISIONAL,UNRESOLVED_REGIME_OR_EXCEPTION
f1ed65a1763d288090cf4ff335924004f6a6bb8a1ed915b1090a71fb5e18d366,603579.SH,2025-04-01,4,4,READY_PROVISIONAL,UNRESOLVED_REGIME_OR_EXCEPTION
af6b78768c735071a0b17ea94cf6ab6a7442dddc2016d3e6a6ea5cb6e237da76,603580.SH,2024-03-08,4,4,UNVERIFIED_WARMUP,UNRESOLVED_RSI_WARMUP
02892306770f52e9d8bbd5b8cd10eadf8fadbe9b8f57ada66e870e2ea7a2843f,603580.SH,2024-03-11,5,5,UNVERIFIED_WARMUP,UNRESOLVED_RSI_WARMUP
44781a94b61ff73a4b7a281c8448ec8d9f0f9b664d2625cb500589a6e6f9d4a6,603580.SH,2024-03-12,5,5,UNVERIFIED_WARMUP,UNRESOLVED_RSI_WARMUP
47952ae9014348c84ad15160007c54faf8923916e4bebe08425d5c0979902105,603580.SH,2024-03-13,5,5,UNVERIFIED_WARMUP,UNRESOLVED_RSI_WARMUP
8b0f126358d96bd40885b746b70d7b4b04aba5d17262f615c8bc9cc6188612d3,603580.SH,2024-03-14,5,5,UNVERIFIED_WARMUP,UNRESOLVED_RSI_WARMUP
2a78732255ee6dc98753c80532289aea91131254afdc6697e64ce08a00ad2882,603580.SH,2024-03-15,5,5,UNVERIFIED_WARMUP,UNRESOLVED_RSI_WARMUP
a7edc3772e32a2afc2b05c7a4f8ee8e53284d71db0e393068e42e39dbc126e18,603580.SH,2024-03-18,5,5,UNVERIFIED_WARMUP,UNRESOLVED_RSI_WARMUP
a157d41f61352693d65a13549ca1636754fe3ef6943f8ee229422d6cd04546b0,603580.SH,2024-03-19,5,5,UNVERIFIED_WARMUP,UNRESOLVED_RSI_WARMUP
9a25fec647e88ac078882445125bed06a8b271f24f43907dbbe7e27991fc1e66,603580.SH,2024-03-20,5,5,UNVERIFIED_WARMUP,UNRESOLVED_RSI_WARMUP
20598b85934338fb14fb3e09ca33732676da45707a29a1220f579f6158897f55,603580.SH,2024-03-21,5,5,UNVERIFIED_WARMUP,UNRESOLVED_RSI_WARMUP
c751f933ac5e5d90be60c85ac7ea26f0e3df76adcb36b1648abc614a8edd78b8,603580.SH,2024-03-22,4,4,UNVERIFIED_WARMUP,UNRESOLVED_RSI_WARMUP
568c0dbd89668ca23a24b186402ee3bf863c24d9cdfe5940b3c82b18aca61b6d,603580.SH,2024-03-25,4,4,UNVERIFIED_WARMUP,UNRESOLVED_RSI_WARMUP
e217af5a04a2b03aa7a413af9f642b13dd765d9c160cc81efbfa80ab20ba7fb1,603580.SH,2026-07-15,4,4,READY_PROVISIONAL,UNRESOLVED_REGIME_OR_EXCEPTION
4dadbf693f2e2f1e7009821df92f4db48a024240e301f1dc21d7e6fe3fa30611,603580.SH,2026-07-16,4,4,READY_PROVISIONAL,UNRESOLVED_REGIME_OR_EXCEPTION
c0dd818b0afa20f81e7cde50d3a44833b5315e5f606fd9e7d75ffce576e7eece,603580.SH,2026-07-17,4,4,READY_PROVISIONAL,UNRESOLVED_REGIME_OR_EXCEPTION
2fdcf648d3950cafcbc57a581913da8d56c608652c967a568cf33b848079f076,603580.SH,2026-07-20,4,4,READY_PROVISIONAL,UNRESOLVED_REGIME_OR_EXCEPTION
260bcbeb00a714fc694856c78cbeb5ea1e045025454f2ec1bb93b536cea64ce7,603580.SH,2026-07-28,3,3,READY_PROVISIONAL,REJECTED_STRICT_PREDICATE
078d4807706987daeeb94b8635c65f0a7ba803346c451a01a61fda8115acd57a,603580.SH,2026-07-29,3,3,READY_PROVISIONAL,REJECTED_STRICT_PREDICATE
612bcdde6e06ccd4ea95db9a3950b1f457b9151bcb0f6c8be46e16e086af6cb0,603580.SH,2026-08-19,2,3,READY_PROVISIONAL,REJECTED_STRICT_PREDICATE
50814a4441f966b1322f10a582002c52e517bc15d05413fbd73967215a93795a,603580.SH,2026-08-20,3,4,READY_PROVISIONAL,UNRESOLVED_REGIME_OR_EXCEPTION
824f60b5ec3a4732df3c6b302662be19ba89e76d2c39840f63c66faf72a6c41b,603580.SH,2026-08-21,3,3,READY_PROVISIONAL,REJECTED_STRICT_PREDICATE
4ae856fa3ae065fa925c63feb579ecd15e11b06aa0836abb7600de4c5425563e,603583.SH,2025-02-20,2,2,READY_PROVISIONAL,REJECTED_STRICT_PREDICATE
47424178a012a5908e767af8cdeadaae87cf776142697493458bb609d8c902b2,603583.SH,2025-02-21,2,2,READY_PROVISIONAL,REJECTED_STRICT_PREDICATE
35ad556ba88de33fe00a2b7cd44b1c7705c99a5ddc949a9d07da4f35b13fe383,603586.SH,2024-06-25,4,4,UNVERIFIED_WARMUP,UNRESOLVED_RSI_WARMUP
8d248da773c5913a14d11cd783c965ad30a1483fa48a0590c64aa17b882cff8b,603586.SH,2024-06-26,5,5,UNVERIFIED_WARMUP,UNRESOLVED_RSI_WARMUP
71bf4e7c95947c1d19da9ce52e8d7ff902759b5229edf6a96e6966c0a06d108e,603586.SH,2024-06-27,4,4,UNVERIFIED_WARMUP,UNRESOLVED_RSI_WARMUP
08af583107ec63bd28057c03b18b9a20d877be09433e90f4579f3f62f0887001,603588.SH,2024-09-30,1,1,READY_PROVISIONAL,REJECTED_STRICT_PREDICATE
e073ca7095c6f7650692ce02930390fc5c3bd9fe38cd8e6c140601bc5afae49c,603590.SH,2025-07-14,2,2,READY_PROVISIONAL,REJECTED_STRICT_PREDICATE
f4cc0db54a909293ebca6c9fe7169128f61dea96b9c218b7069497c13f8972b6,603590.SH,2025-07-15,2,2,READY_PROVISIONAL,REJECTED_STRICT_PREDICATE
e56c8bea5b2fd69bb0a1da36516ed9111c132817f2234ce51350b6769f74cb98,603595.SH,2026-06-25,0,0,READY_PROVISIONAL,REJECTED_STRICT_PREDICATE
08b4ec14b848118d76f5bda2ad241d166a79915644339d0cdd86b24169814d94,603598.SH,2024-02-23,2,2,UNVERIFIED_WARMUP,REJECTED_STRICT_PREDICATE
09d093e5aba7790b85ab1c5afeb86a1746915f5d42ca1cb0bd9777bc49e88d5f,603598.SH,2024-02-26,2,2,UNVERIFIED_WARMUP,REJECTED_STRICT_PREDICATE
7faf912d619e01340ac5e1eaaf81c9169139c57dbd62a4c124001e5762dda45b,603598.SH,2024-12-11,2,2,READY_PROVISIONAL,REJECTED_STRICT_PREDICATE
8f5fdc400f2974e0b5e127ee2f85630ea746459adceccb64c63bb1c92124299b,603598.SH,2024-12-12,2,2,READY_PROVISIONAL,REJECTED_STRICT_PREDICATE
e85aad089e375f2c4d12e67c1e6d3418114a728a72dd2dc26a64899cc7d72028,603598.SH,2024-12-16,3,3,READY_PROVISIONAL,REJECTED_STRICT_PREDICATE
7a54c70b4a04c937cadefb79ee4567fdd2052c1885d8fbac4b5507bbe14409ab,603598.SH,2026-01-09,4,4,READY_PROVISIONAL,UNRESOLVED_REGIME_OR_EXCEPTION
7d0dd062eaa954ba279b795fcd8ee2b84bc3517d207f14e6227037bf105d0e09,603598.SH,2026-01-12,4,4,READY_PROVISIONAL,UNRESOLVED_REGIME_OR_EXCEPTION
b9fb21a9dda5b782e0a8cca6d5b4541cdf19770f304b17f23b3946a7c5f176a8,603598.SH,2026-01-13,4,4,READY_PROVISIONAL,UNRESOLVED_REGIME_OR_EXCEPTION
4120625b05072b11689e721c9581be3cb5c34d0ad10147cea07ae5ed73882a4d,603601.SH,2025-07-04,4,4,READY_PROVISIONAL,UNRESOLVED_REGIME_OR_EXCEPTION
1b8cc1134715b94e3d7c127d58fffd791d80576106094e58270ff9ce824c9961,603601.SH,2025-08-21,3,3,READY_PROVISIONAL,REJECTED_STRICT_PREDICATE
40ea3dbb26e9f950f4c2eeccc403e3ec52f3c0660b77b5d67fe0577cb6daebd7,603601.SH,2025-12-11,4,4,READY_PROVISIONAL,UNRESOLVED_REGIME_OR_EXCEPTION
8635c6ea8f93499d4747811c5930591a08e162953230f2619a48d06041300794,603601.SH,2025-12-12,5,5,READY_PROVISIONAL,UNRESOLVED_REGIME_OR_EXCEPTION
28c502dd3e7bc6268b0ef28535e96758baf028a79331f638412708cf291d1fc3,603601.SH,2025-12-15,5,5,READY_PROVISIONAL,UNRESOLVED_REGIME_OR_EXCEPTION
ecb71d0ad8ec66317f0bccd710aa62820d0ba264573341863adf110e1263b0b4,603601.SH,2025-12-16,4,4,READY_PROVISIONAL,UNRESOLVED_REGIME_OR_EXCEPTION
e485ddaeb1abb8847e5fb3238f843db6b750b0f1e47e9c44ecd6ca896d866ad5,603602.SH,2024-02-20,1,1,UNVERIFIED_WARMUP,REJECTED_STRICT_PREDICATE
a28d54774f09e2f66c8a20427471061a59de15958c1e9ab05ed641316da12343,603602.SH,2024-10-22,4,4,READY_PROVISIONAL,UNRESOLVED_REGIME_OR_EXCEPTION
2ec3f3f93306a33c6254402ec3bac240e6df99ca7ca54ecce3ac78795667247a,603605.SH,2024-09-30,1,1,READY_PROVISIONAL,REJECTED_STRICT_PREDICATE
1ba7ff85b7739b8f2cd01521d1c6121d20d55684d16e69214ecf4d63e1b92097,603605.SH,2024-10-08,2,2,READY_PROVISIONAL,REJECTED_STRICT_PREDICATE
b25fc741112eda4cdefaa192f2df89ecb70a581311c4c0a28f56ee8e0b750b56,603607.SH,2024-10-31,0,1,READY_PROVISIONAL,REJECTED_STRICT_PREDICATE
ed4a45fbbc669164f2f9aa186f7c8c1eb4c07c337b4f9212ec50c30c1fa5a55f,603607.SH,2025-05-26,4,4,READY_PROVISIONAL,UNRESOLVED_REGIME_OR_EXCEPTION
150f9e41f045c8928ab5a87d5ecf3c2d7134cb8a765611bd7132dd431e81d72b,603607.SH,2025-05-27,4,4,READY_PROVISIONAL,UNRESOLVED_REGIME_OR_EXCEPTION
dbc42ce5f953594ebfde6d3c877318f909f2ac43eb69c3689e021b620e1b6a71,603607.SH,2025-05-28,4,4,READY_PROVISIONAL,UNRESOLVED_REGIME_OR_EXCEPTION
83822aeb5b33dc3d2df106dbe24208a74282f9bd5f3b24557d789fabc6380064,603608.SH,2024-03-06,0,0,UNVERIFIED_WARMUP,REJECTED_STRICT_PREDICATE
50eedd0b4cb182e5a1a3e58c12115d59625e35e12394427b53551fb2d180bebb,603608.SH,2026-06-16,0,0,READY_PROVISIONAL,REJECTED_STRICT_PREDICATE
6a5ef75ac2f7cee66f8e36cbd15b2fd162ea00eed50219a63ab23c6205283aa2,603610.SH,2025-05-09,4,4,READY_PROVISIONAL,UNRESOLVED_REGIME_OR_EXCEPTION
14ce18affc366e26459eb6806f4b6dc2f2b28d5bd9ee1106c434f1263ad37785,603610.SH,2025-05-12,4,4,READY_PROVISIONAL,UNRESOLVED_REGIME_OR_EXCEPTION
255e3c26b15136cb82b04e661dfa95d45f39147854249468d69e3ea3989f285b,603612.SH,2024-09-30,0,0,READY_PROVISIONAL,REJECTED_STRICT_PREDICATE
9d8ac377becd03b0b106326609c1cd0d66398ba7ad33abbafc15dda71d9b6197,603616.SH,2025-07-24,4,4,READY_PROVISIONAL,UNRESOLVED_REGIME_OR_EXCEPTION
48e7bdbdf32189df9d033189838bc9626d493a7f603efc3404d225ec303b0e6a,603616.SH,2025-07-28,4,4,READY_PROVISIONAL,UNRESOLVED_REGIME_OR_EXCEPTION
6dddf3c82ab402343485e40771885ffd6c341e0a19a2f6cfd952e1b869abd47a,603616.SH,2026-02-06,4,4,READY_PROVISIONAL,UNRESOLVED_REGIME_OR_EXCEPTION
4a82fcd3a17f17e3f997e5649575943856fe0d1e3a768d2a254bf1c7e1cb7a5c,603616.SH,2026-02-09,5,5,READY_PROVISIONAL,UNRESOLVED_REGIME_OR_EXCEPTION
80f69c69f288d6862505096302d6c0f66059f7b997f0641b73aa2a137ff276a4,603616.SH,2026-02-10,4,4,READY_PROVISIONAL,UNRESOLVED_REGIME_OR_EXCEPTION
7937212b6f1bda00665096f5c6fe28e198ea4eb4dcf674cd041090754732f21b,603617.SH,2025-01-06,4,4,READY_PROVISIONAL,UNRESOLVED_REGIME_OR_EXCEPTION
da3b39fac64f9ba626d2b07efcc7f3a9f92242a700ce45f703eba6377f7ec4cb,603617.SH,2025-01-07,4,4,READY_PROVISIONAL,UNRESOLVED_REGIME_OR_EXCEPTION
f379a15025463d3c2e81958bb82b8a2522ec50e5befb5b651bfb08931eecb9b0,603618.SH,2025-09-19,4,4,READY_PROVISIONAL,UNRESOLVED_REGIME_OR_EXCEPTION
e2ee1798f6b2cf2a3a9dcdf54c9335e00e9fa29175184e2bc3b925877be016a7,603618.SH,2025-09-22,5,5,READY_PROVISIONAL,UNRESOLVED_REGIME_OR_EXCEPTION
b17ae8b0b0df2468e008d867ed4fd1cd012c7bf49179a132aafe718fb1c772ce,603618.SH,2025-09-23,5,5,READY_PROVISIONAL,UNRESOLVED_REGIME_OR_EXCEPTION
fafab8171f3b6ca7ffdc8eb70774c63ba897bdac4f54530797bcfe5b5a6fc77a,603618.SH,2025-09-24,4,4,READY_PROVISIONAL,UNRESOLVED_REGIME_OR_EXCEPTION
e2e8cf6cf8f392d41f6a06e7a820763770882a969a8f7f50c9688c287cedb550,603618.SH,2026-02-04,4,4,READY_PROVISIONAL,UNRESOLVED_REGIME_OR_EXCEPTION
da3cb57405a6c658a730b96f69aa3c19bdcc390fb926ad9cc7e61ca3b3adb442,603618.SH,2026-02-05,4,4,READY_PROVISIONAL,UNRESOLVED_REGIME_OR_EXCEPTION
8e4f3655b44abfaf812179f7e7b804ca7cfda00fac331420fce7e3d343765182,603618.SH,2026-02-06,4,4,READY_PROVISIONAL,UNRESOLVED_REGIME_OR_EXCEPTION
628ce1bb6ee58557ba6b61844b59c6485f45f6c8aad4b60a7de338e0b3a2b19c,603618.SH,2026-02-09,4,4,READY_PROVISIONAL,UNRESOLVED_REGIME_OR_EXCEPTION
4f1f050c72b21fbead5ebcc1fca1274594385c35e3d5b6fd4199f2f6cf8e7f3a,603618.SH,2026-03-31,3,3,READY_PROVISIONAL,REJECTED_STRICT_PREDICATE
55f4b1c203a6c9774ede15415d521db1ee4d80b4cc0333fd7dbd4a230361104e,603618.SH,2026-04-23,2,2,READY_PROVISIONAL,REJECTED_STRICT_PREDICATE
ade14867dff2732a995ff225cda278c4150fd08d3947e8b57bd22d0db0a65f95,603618.SH,2026-05-12,3,3,READY_PROVISIONAL,REJECTED_STRICT_PREDICATE
a6655c72f8d84429194cd04b6536f89526f4fc02d237923c66b0042415b76f59,603618.SH,2026-06-22,3,3,READY_PROVISIONAL,REJECTED_STRICT_PREDICATE
f2ec3cff12f1d78259da01626a59e336b7c8cf85bb8a7627701507d445d2a975,603626.SH,2024-08-29,4,4,READY_PROVISIONAL,UNRESOLVED_REGIME_OR_EXCEPTION
8ea5dd7f3e5a98a6d9bb3f049f736636272da031cda262a9dc9ec198e70c70bb,603626.SH,2024-08-30,5,5,READY_PROVISIONAL,UNRESOLVED_REGIME_OR_EXCEPTION
92c98711da02bbf869dd944a9f6f86ea5a970c6b63abdfbbd52a52946af112ed,603626.SH,2024-09-02,5,5,READY_PROVISIONAL,UNRESOLVED_REGIME_OR_EXCEPTION
2d212bcfa1c2c28cbccb91509adce872f3d149e510d649e06ed1c3fc5ddf54ca,603626.SH,2024-09-03,5,5,READY_PROVISIONAL,UNRESOLVED_REGIME_OR_EXCEPTION
a8d5db3bb1c4c21bfde5bec12eb95680692312d891de30e836f961a81e6a1731,603626.SH,2024-09-04,5,5,READY_PROVISIONAL,UNRESOLVED_REGIME_OR_EXCEPTION
8cb0908975b269cc8ad093ff10db20d161cbe3a072fb7ff341e1255cc52d832b,603626.SH,2024-09-05,5,5,READY_PROVISIONAL,UNRESOLVED_REGIME_OR_EXCEPTION
214c1cb89a9fa4cb3a7c9d92e472b1d13c5272b0881bff4c393e318496a69a1c,603626.SH,2024-09-06,5,5,READY_PROVISIONAL,UNRESOLVED_REGIME_OR_EXCEPTION
944d265e3945b12b13252834c95a7c2643de5cfe97337cfc98724754c2f877b5,603626.SH,2024-09-09,4,4,READY_PROVISIONAL,UNRESOLVED_REGIME_OR_EXCEPTION
4857af8ac9b8879cec484626ca942e468eafa84d23dc7ff44c8ca4b7a0ef3c5d,603626.SH,2025-08-20,4,4,READY_PROVISIONAL,UNRESOLVED_REGIME_OR_EXCEPTION
05de445be569291ff00f221996a3a9ebdb6ab5343bb0809e53b3d25f991ddab8,603626.SH,2025-08-21,5,5,READY_PROVISIONAL,UNRESOLVED_REGIME_OR_EXCEPTION
c9f834f15da17a61ccea2d8ce6f75c9ac947889cb35577360abf73fcd74fcc0b,603626.SH,2025-08-22,5,5,READY_PROVISIONAL,UNRESOLVED_REGIME_OR_EXCEPTION
9c7c6350b458c115bd06037c99c09568ba2e04c7f2988bb1d382c319622da6be,603626.SH,2025-08-25,4,4,READY_PROVISIONAL,UNRESOLVED_REGIME_OR_EXCEPTION
e4c5cb45063338e694ac9c9fe2c3e3285762a59749cd200d94430734faed8726,603629.SH,2024-10-08,0,0,READY_PROVISIONAL,REJECTED_STRICT_PREDICATE
6d3e857e7c78165ab77ef8ca679b24d8b7e85286afe742385addd20e91453ebc,603629.SH,2026-02-05,2,2,READY_PROVISIONAL,REJECTED_STRICT_PREDICATE
b8ecf59aca526c5da6939ff66d6d80eac7aa727ac8bf9906cf860fd122b10ec3,603629.SH,2026-02-06,1,1,READY_PROVISIONAL,REJECTED_STRICT_PREDICATE
f210bacbf70535ec09cbebd10ba9918ef477812fe1a8625fb329b0c0a27ba8eb,603629.SH,2026-02-09,1,1,READY_PROVISIONAL,REJECTED_STRICT_PREDICATE
d524994fd4039b1d9175d376a8aa23c0cf22bc247044266295a9234ff20e803c,603629.SH,2026-02-11,2,2,READY_PROVISIONAL,REJECTED_STRICT_PREDICATE
48b319621ca3010bf04f1645af9b40828fb87e8745caf699e8d1ebcb46dd0505,603629.SH,2026-04-17,3,3,READY_PROVISIONAL,REJECTED_STRICT_PREDICATE
a1c0f583beb6ec852f5c30bfaaeb1c8c7d46d93314f3d76261e25b5176867599,603629.SH,2026-04-20,3,3,READY_PROVISIONAL,REJECTED_STRICT_PREDICATE
b642aa425038d99973bccc401ff27e16dc6ec612593b2a4d55385f5bca893da7,603629.SH,2026-05-06,3,3,READY_PROVISIONAL,REJECTED_STRICT_PREDICATE
7951251be810c52c2bed3b27c29ebb57d847c756939bed78f412dc456b62f97b,603629.SH,2026-05-07,3,3,READY_PROVISIONAL,REJECTED_STRICT_PREDICATE
6f9264f72abd79f315ccb2abbb9d8a026960507e3b7c6fb8fa986fc679905dad,603629.SH,2026-05-08,2,2,READY_PROVISIONAL,REJECTED_STRICT_PREDICATE
7490e9f00fd38ce79c8a82512ee9e25cc71e90e59ab8b3316aed8c987f11583a,603648.SH,2024-01-26,4,4,UNVERIFIED_WARMUP,UNRESOLVED_RSI_WARMUP
d0170e7c747e989a3ead279de415d903c44108246bf3d971b2d09319561eb645,603648.SH,2024-01-29,5,5,UNVERIFIED_WARMUP,UNRESOLVED_RSI_WARMUP
91ab4cab260ffa49711c9a5fef624d4e779b8df7ec96ae66cbf1b397753443b3,603648.SH,2024-01-30,4,4,UNVERIFIED_WARMUP,UNRESOLVED_RSI_WARMUP
bb73e3ab5fa6f9de525d2fca2d26226758be4174ee8e24049b92412bb30f859b,603656.SH,2024-10-24,4,4,READY_PROVISIONAL,UNRESOLVED_REGIME_OR_EXCEPTION
64250db1736d42eed419cb1b3417ba30650ec71223057714bea9f959dca78385,603656.SH,2024-10-25,5,5,READY_PROVISIONAL,UNRESOLVED_REGIME_OR_EXCEPTION
9985408a4aa4839ea52c816858ba5b2a6b4680aec7f0f55cdf1ef3c009b06417,603656.SH,2024-10-28,5,5,READY_PROVISIONAL,UNRESOLVED_REGIME_OR_EXCEPTION
47585dd2b16fe7f71cf69875d619e42427bdc77d9e368e66cfd22cd5d0241b8a,603656.SH,2024-10-29,5,5,READY_PROVISIONAL,UNRESOLVED_REGIME_OR_EXCEPTION
144ece8da860cef76b1c189890b6c483f5fcce0977a9b45f760379ecd0474266,603656.SH,2024-10-30,5,5,READY_PROVISIONAL,UNRESOLVED_REGIME_OR_EXCEPTION
2bf4d38ee02a00f28390cd97069f8ea71cecdb592f91978a9a69c8f144820532,603656.SH,2024-10-31,5,5,READY_PROVISIONAL,UNRESOLVED_REGIME_OR_EXCEPTION
0052503efdb887403a5d2bc6eb34156ce0565b9bed153bda6b220117bedea588,603656.SH,2024-11-01,4,4,READY_PROVISIONAL,UNRESOLVED_REGIME_OR_EXCEPTION
2ec2d455a23204d7a226d510f7adba831076a46fa8c76e91de372b404434bbb1,603657.SH,2024-04-17,4,4,UNVERIFIED_WARMUP,UNRESOLVED_RSI_WARMUP
d90bac5cfc168e059b335221489f241314582a1f5827e2272e78a5447ec39d14,603657.SH,2024-04-18,5,5,UNVERIFIED_WARMUP,UNRESOLVED_RSI_WARMUP
a29845f4b762133ec76668a8fd9ce38b602a6425deb260250ca2fc6f5e326fca,603657.SH,2024-04-19,5,5,UNVERIFIED_WARMUP,UNRESOLVED_RSI_WARMUP
5d4d96be247d4cd6c2f80c6c1886c7ed45d682d12231fca95f8b43acff6ea2ad,603657.SH,2024-04-22,4,4,UNVERIFIED_WARMUP,UNRESOLVED_RSI_WARMUP
181e822ccb664ad471ace18546df44c612a7bf951481aac3555e1836ab0ea4fa,603657.SH,2025-05-09,4,4,READY_PROVISIONAL,UNRESOLVED_REGIME_OR_EXCEPTION
0738840361a57cc0bc492d970972c0a93d6b2948598d745ad801ddd2be7fe5b9,603657.SH,2025-05-12,5,5,READY_PROVISIONAL,UNRESOLVED_REGIME_OR_EXCEPTION
794374c476b70efd14cf486122284eb514ceb584f19b2fd285ee29b6d24c8815,603657.SH,2025-05-13,4,4,READY_PROVISIONAL,UNRESOLVED_REGIME_OR_EXCEPTION
872279508905a8a4b124ef03e9c211cd372fe0e5f8378a053b14fe47d7afa95a,603657.SH,2025-08-25,1,1,READY_PROVISIONAL,REJECTED_STRICT_PREDICATE
323be06d3efd641df58038de9bf310a69460391f49e04ffc6aaf57d4ef60bd26,603659.SH,2024-09-30,1,1,READY_PROVISIONAL,REJECTED_STRICT_PREDICATE
7f709878927cf8a1f03c3d19d9782b7197ee483d6d7c1b98fbc83e3432cdda85,603659.SH,2024-10-08,1,1,READY_PROVISIONAL,REJECTED_STRICT_PREDICATE
f0769a05bd20f8ded58f1ae5216ffe0d57a9714bfa55ee136a2a02c56a5e18ab,603660.SH,2024-02-22,2,2,UNVERIFIED_WARMUP,REJECTED_STRICT_PREDICATE
432eaee7fb38f1e885b100fb1cea2089e3e5d5019d2d72ca37adf41e3467cf62,603660.SH,2024-11-28,3,3,READY_PROVISIONAL,REJECTED_STRICT_PREDICATE
e7220b7d6985881848ab1187f11dd8336d258169b72b922d2ae2cead68f29476,603660.SH,2024-11-29,3,3,READY_PROVISIONAL,REJECTED_STRICT_PREDICATE
962f195e0b3477156519be209c3e4e3eed3594269abb1ac69ea153df7555dce6,603662.SH,2024-02-20,2,2,UNVERIFIED_WARMUP,REJECTED_STRICT_PREDICATE
f1d7645df8484ab662057520daf37391c80c017eb2d252847242d97d5a32ee5c,603662.SH,2024-12-05,2,2,READY_PROVISIONAL,REJECTED_STRICT_PREDICATE
89357e36d5f3522c30949b1222207e85902b4706861aea03d8895e8a604627d3,603662.SH,2024-12-06,1,1,READY_PROVISIONAL,REJECTED_STRICT_PREDICATE
8c954edab9ac89a8c310cc1d82449efa5b43f6fbd197ad5afa27618065b0e5f2,603662.SH,2024-12-09,2,2,READY_PROVISIONAL,REJECTED_STRICT_PREDICATE
ecb0a521d40856682d0c1fdd20df7cbab9f4df10e01658954d94cb26b5898518,603662.SH,2024-12-10,3,3,READY_PROVISIONAL,REJECTED_STRICT_PREDICATE
1eb338fd1a0aeea13d579a71340b23ae1b36be9c984703f52e3d0817ddd4d84a,603662.SH,2024-12-11,3,3,READY_PROVISIONAL,REJECTED_STRICT_PREDICATE
2318777fdfd9696e6431eb7ea2141994c575de36f107cd5d8f26386d0ec15c0b,603662.SH,2024-12-12,2,2,READY_PROVISIONAL,REJECTED_STRICT_PREDICATE
641693d7f54c1115c1d6acf4396c8f72108754b268646b005e4740f6846ab318,603663.SH,2024-04-01,4,4,UNVERIFIED_WARMUP,UNRESOLVED_RSI_WARMUP
ae7aafbb0468b3790953b8ba2030db2d921cebcc2fc51dd3188eb662eb66bd14,603663.SH,2024-04-02,4,4,UNVERIFIED_WARMUP,UNRESOLVED_RSI_WARMUP
746360608091f0cb0986b458d3ba5e1764b0ba2b10a38d1fa409ba4b3eded351,603663.SH,2024-04-03,5,5,UNVERIFIED_WARMUP,UNRESOLVED_RSI_WARMUP
a0c20804463a404b5fb8432d921a55f944117efff484828b9d54a3434a0d38ed,603663.SH,2024-04-08,4,4,UNVERIFIED_WARMUP,UNRESOLVED_RSI_WARMUP
269fb84b4510e133ffb738c5e603aad97a12e861442541e7fb7045c9bd61baa2,603663.SH,2024-04-09,4,4,UNVERIFIED_WARMUP,UNRESOLVED_RSI_WARMUP
d127afc6701380c93e8304eb1679c33fc0bc11fa9d6bcab1b793460cdf4bf0ac,603663.SH,2024-04-10,4,4,UNVERIFIED_WARMUP,UNRESOLVED_RSI_WARMUP
3289f1e414727e28bda6e4318cd928bcb6800bd2a5f114de3333c4e210df57d1,603663.SH,2026-06-23,3,3,READY_PROVISIONAL,REJECTED_STRICT_PREDICATE
ff8f968368ecceed5b362cd70f7fb088384d67cdc5005dfa1664702281e5df0f,603666.SH,2024-10-08,1,1,READY_PROVISIONAL,REJECTED_STRICT_PREDICATE
bd302fcdeb26e9c8d5c41b24b6e7273ed84e762b1532d8d446982519aa14dbf7,603666.SH,2024-11-05,4,4,READY_PROVISIONAL,UNRESOLVED_REGIME_OR_EXCEPTION
fa496c01a90a70e6cc3c33364b28dea896286eb23e266d66ef25057a2507acd2,603666.SH,2024-11-06,5,5,READY_PROVISIONAL,UNRESOLVED_REGIME_OR_EXCEPTION
3882bed0aa162a283ba3e921b423e22d7500a38098cdeb5647c388e038388bed,603666.SH,2024-11-07,4,4,READY_PROVISIONAL,UNRESOLVED_REGIME_OR_EXCEPTION
8e3b3d88858ed2415eb96caaa031b27ecf240c7181f645b639d30b157d9fee51,603667.SH,2024-12-04,4,4,READY_PROVISIONAL,UNRESOLVED_REGIME_OR_EXCEPTION
da9543ecfeee57fdfb8cef27e0950f17fdc3645f9d92a26eb866d3af02f53bb6,603667.SH,2024-12-05,5,5,READY_PROVISIONAL,UNRESOLVED_REGIME_OR_EXCEPTION
084e8fb40dee1e0951007fe7898eeef5c2029b5d5abeb90a211bdabbf2d58a55,603667.SH,2024-12-06,5,5,READY_PROVISIONAL,UNRESOLVED_REGIME_OR_EXCEPTION
b8c777cde61c016194faa0d687ed4cc513b607b9083504a41f3bdff984b0bbcd,603667.SH,2024-12-09,4,4,READY_PROVISIONAL,UNRESOLVED_REGIME_OR_EXCEPTION
21544ba774edebaf632139d70f06440677e0410399ee345365a7ba19b8e864e5,603667.SH,2025-01-14,3,3,READY_PROVISIONAL,REJECTED_STRICT_PREDICATE
a888b37ef911efc74b5e5bc44927903f2937ac5bd7907602aa6728ebd27fef46,603667.SH,2025-01-15,4,4,READY_PROVISIONAL,UNRESOLVED_REGIME_OR_EXCEPTION
ddc47219f9dde1558a5ad46391c4e0e8d65c829270b2ae25ebeba55d9b7d0f14,603667.SH,2025-01-16,3,3,READY_PROVISIONAL,REJECTED_STRICT_PREDICATE
bc4889e89a471a9897800a6a8599863c054ddda4fe6e793da0b5a04ad11b594c,603667.SH,2025-12-31,3,3,READY_PROVISIONAL,REJECTED_STRICT_PREDICATE
bd8d643face09a6a7f2eeaf6906574c15cdeb38c5e54c30ffcfbb1b73fc6a318,603667.SH,2026-01-05,3,3,READY_PROVISIONAL,REJECTED_STRICT_PREDICATE
0413706514f2d5fc2cd0adc102f9e693b720b9e799a9783a2e3fd94018759a5b,603667.SH,2026-01-06,3,3,READY_PROVISIONAL,REJECTED_STRICT_PREDICATE
fd1409bfb28c19bb2448aa2dab089964f28c1b2d15ec712474e031373beafdd3,603677.SH,2025-03-17,4,4,READY_PROVISIONAL,UNRESOLVED_REGIME_OR_EXCEPTION
a05cf52539150b0510520f78ee455e1157b863cc88a950e01915b2eecc6d1aa2,603677.SH,2025-03-18,5,5,READY_PROVISIONAL,UNRESOLVED_REGIME_OR_EXCEPTION
0166aadc4730c2e7219cd4e2afec0c47d1d141c9d5ababf1ceb33b1834874596,603677.SH,2025-03-19,5,5,READY_PROVISIONAL,UNRESOLVED_REGIME_OR_EXCEPTION
7eb48b2eaf3e35abfb1661bc674c6c6b81125630e96f3ae2949c9f0678849b57,603677.SH,2025-03-20,5,5,READY_PROVISIONAL,UNRESOLVED_REGIME_OR_EXCEPTION
61ef575665f278b95c5461dd0b901aa332048d5b59540ce6c434fe50101ecf7e,603677.SH,2025-03-21,4,4,READY_PROVISIONAL,UNRESOLVED_REGIME_OR_EXCEPTION
93a9b7df66a5770efb990e9255d3d4021bee1f83ac832d98a92979c43e1234f5,603678.SH,2024-10-08,1,1,READY_PROVISIONAL,REJECTED_STRICT_PREDICATE
5e0f061054b6b31a34bd2e3818a0591ccc9b0b06de937a3f177f03f002d9da05,603678.SH,2026-06-02,3,3,READY_PROVISIONAL,REJECTED_STRICT_PREDICATE
bf56b4a2b08e3012ed1d4c640da9401b3e8fef1f78541dc1361aa9fe46637dda,603678.SH,2026-06-03,3,3,READY_PROVISIONAL,REJECTED_STRICT_PREDICATE
a97ee748ac4214e4deb94dac9ab456dcfb6c18b5a01c3662488b656ca6ec3fd9,603678.SH,2026-06-05,2,3,READY_PROVISIONAL,REJECTED_STRICT_PREDICATE
752e57eef5b8ce41b5847a12f210d2b1fddf6d3e8500923e2f0335803d9aeb2e,603679.SH,2024-04-01,4,4,UNVERIFIED_WARMUP,UNRESOLVED_RSI_WARMUP
b96f5f920b17023cfcccf93a5591a66ec77eddd3d5b79eeb5f88b71bed1c7591,603679.SH,2024-04-02,5,5,UNVERIFIED_WARMUP,UNRESOLVED_RSI_WARMUP
d52f1e83a965ca7d4f322154e63932d00c0809116d26c8d312c149a21c7d25b1,603679.SH,2024-04-03,4,4,UNVERIFIED_WARMUP,UNRESOLVED_RSI_WARMUP
8ff4828c1546bdeafb30d8d93a62177ac90138ccb0dcc4e3b349200464a4fb0d,603679.SH,2024-06-20,1,2,UNVERIFIED_WARMUP,REJECTED_STRICT_PREDICATE
13df91cf78452fbba93d5bf3d8d2e8477a00aa001c6822bf3cd9b3d7c172df34,603679.SH,2024-06-21,1,2,UNVERIFIED_WARMUP,REJECTED_STRICT_PREDICATE
c587e104a1c7d20ce5432513e7763bc28a6d9856fc44809ac8410d19b5456e29,603681.SH,2025-05-29,4,4,READY_PROVISIONAL,UNRESOLVED_REGIME_OR_EXCEPTION
c468f8cfda33a16c887832f8b1a9924e591907dcfda9d0f084c533a9e83f91b0,603682.SH,2025-01-02,3,3,READY_PROVISIONAL,REJECTED_STRICT_PREDICATE
18a964d04e47e281691f6827354cfa43905587884f2b9fb3a01c21ba984ccd0f,603686.SH,2024-12-26,3,3,READY_PROVISIONAL,REJECTED_STRICT_PREDICATE
4aee403c28a30b2b819af66f8ca8aecd312d256657756bb7817dfec9b8b4a6cd,603686.SH,2025-09-22,3,3,READY_PROVISIONAL,REJECTED_STRICT_PREDICATE
6302348b5b4cbc8e938813e58c1161160ca038ea2ac3127344ff34f2a1cfeb8c,603686.SH,2025-09-23,4,4,READY_PROVISIONAL,UNRESOLVED_REGIME_OR_EXCEPTION
175f29f21d02cca13a7294466191b2486d91d47848ae206b6207b1585bce6d35,603686.SH,2025-09-24,4,4,READY_PROVISIONAL,UNRESOLVED_REGIME_OR_EXCEPTION
caca78cd580e2f066889477902b98c3c396d90f00c89d1be57ae40b7e671e167,603686.SH,2025-11-04,3,3,READY_PROVISIONAL,REJECTED_STRICT_PREDICATE
d312cb8a4d11dd67641a189ca33bf96517ad3152ec0b6d420e029b933a7e8be5,603687.SH,2026-03-23,4,4,READY_PROVISIONAL,UNRESOLVED_REGIME_OR_EXCEPTION
de15d3f07870d18e845011605a225129d57c38449dc8d0b3b4774bbf36110ef6,603687.SH,2026-03-24,4,4,READY_PROVISIONAL,UNRESOLVED_REGIME_OR_EXCEPTION
291864e2cb6f256238a2f7109db193082832f76be130b2f245250eb69fd9e99c,603688.SH,2024-09-30,1,1,READY_PROVISIONAL,REJECTED_STRICT_PREDICATE
6d2ad433d0dd93360a0fcb05e23340457ba20ba5c796db39ea0398904096320d,603688.SH,2024-10-08,2,2,READY_PROVISIONAL,REJECTED_STRICT_PREDICATE
56be43233e41637c66361dc659e24b22930768ba9108ac134cd4163c08c0c6b9,603688.SH,2024-10-09,2,2,READY_PROVISIONAL,REJECTED_STRICT_PREDICATE
deafd9aeae43921066a175e388cc9be1485d54a071bd0ff9442f4b640bc2ca2a,603688.SH,2025-04-11,3,3,READY_PROVISIONAL,REJECTED_STRICT_PREDICATE
2e4eb3195f9102eaf403fa11f68e533490a2859de5b915d38b13853158a64dfd,603690.SH,2025-10-14,2,2,READY_PROVISIONAL,REJECTED_STRICT_PREDICATE
6e94d5363f8b7726ac05f1545c148f8120f9657f3e61de2cae0f3d39ddaaa8a7,603696.SH,2025-04-18,4,4,READY_PROVISIONAL,UNRESOLVED_REGIME_OR_EXCEPTION
0e3a2ff231740e7c2ccb41634300a451bdf9f0556fae1a8ccf9064860c87669a,603696.SH,2025-04-21,5,5,READY_PROVISIONAL,UNRESOLVED_REGIME_OR_EXCEPTION
70451f4376984b1cec6ab3e7f0ff680a3e415d383727f4973d5fe410bd322945,603696.SH,2025-04-22,5,5,READY_PROVISIONAL,UNRESOLVED_REGIME_OR_EXCEPTION
d67fae3cc1fffa181c571848480966cf2a46aeb6fac8c4b52e04478765f18063,603696.SH,2025-04-23,4,4,READY_PROVISIONAL,UNRESOLVED_REGIME_OR_EXCEPTION
b2486ddf4405bb41ff4af3077064f3cad56f75f5388c122b8fb2d37467c0794c,603696.SH,2025-04-24,4,4,READY_PROVISIONAL,UNRESOLVED_REGIME_OR_EXCEPTION
1666a27f1468307e7b12751218bcd93837a52dac03ed89e64a76b89fb0d8a146,603696.SH,2025-12-04,3,3,READY_PROVISIONAL,REJECTED_STRICT_PREDICATE
b3f2ee0178f207ea6ce945c3aa6275bb769e590ddaecb66140e2c7257d0b8097,603696.SH,2025-12-05,4,4,READY_PROVISIONAL,UNRESOLVED_REGIME_OR_EXCEPTION
5d60e6232270b8196be3bb2a54f57ec412a7c8476371aab5845930b34010eebd,603696.SH,2025-12-08,5,5,READY_PROVISIONAL,UNRESOLVED_REGIME_OR_EXCEPTION
a6218f7db3e24875ae87577a6e017c3b8a1368558f09a623836226fee60fe582,603696.SH,2025-12-09,5,5,READY_PROVISIONAL,UNRESOLVED_REGIME_OR_EXCEPTION
faeabc3ed5bcade70e99e18252fc87e4fa747d17d572a6009ff93722c4128353,603696.SH,2025-12-10,4,4,READY_PROVISIONAL,UNRESOLVED_REGIME_OR_EXCEPTION
8b35573917ea669b55c45be1b6a9efc969bb1cd87491b818340a312db5ccce28,603696.SH,2025-12-24,3,3,READY_PROVISIONAL,REJECTED_STRICT_PREDICATE
8df556e62c31b4282a607a9cca327c8be940c296b63b8e682b43292dfe274e50,603696.SH,2025-12-25,3,3,READY_PROVISIONAL,REJECTED_STRICT_PREDICATE
dbb48ea79f56544698abef4e222f9015a02cdef833dcc24fac2b1d1a6abb0c75,603698.SH,2025-12-10,1,1,READY_PROVISIONAL,REJECTED_STRICT_PREDICATE
ce0c05e43030251b4fbdc5b1a8ec8ff21683927dec2621f90e93972ec478aa35,603698.SH,2025-12-25,4,4,READY_PROVISIONAL,UNRESOLVED_REGIME_OR_EXCEPTION
8085f364e7b59036bd46476552deb3ac1caa37d8b69f347d8cc379fecea5b6e3,603698.SH,2025-12-26,3,3,READY_PROVISIONAL,REJECTED_STRICT_PREDICATE
957c0df289734416eeadedee945c5f980076127e240e2e53bdf9f3bb48dc8774,603698.SH,2025-12-29,3,3,READY_PROVISIONAL,REJECTED_STRICT_PREDICATE
4c4b619f7784e363e9a9098969b575f4d5ebe8b37d69d85cf9aa39360fc230ab,603698.SH,2026-04-17,2,2,READY_PROVISIONAL,REJECTED_STRICT_PREDICATE
60555987a66632f90f3af417e9b4f946a0a1331aff9756af80edd15ae7a8df1e,603698.SH,2026-04-20,2,2,READY_PROVISIONAL,REJECTED_STRICT_PREDICATE
7a3f85eb477001d92fcc68d7c5109b345e75bd27c6ffabb7e2fd4d2d65e55424,603700.SH,2025-03-05,4,4,READY_PROVISIONAL,UNRESOLVED_REGIME_OR_EXCEPTION
6de2f7f47d18c7599c60a7da89ca42a89d6eab54aecc43e7e6fdb3d39a864935,603700.SH,2025-03-06,4,4,READY_PROVISIONAL,UNRESOLVED_REGIME_OR_EXCEPTION
effbd0e15c2487fd83a71ee374950c31ae80e5c4119c51c85a6af2d50e20d9f0,603709.SH,2025-04-11,4,4,READY_PROVISIONAL,UNRESOLVED_REGIME_OR_EXCEPTION
c69c4e0e46f6b7452f40ec10c286bc5b0e6ecfef96a1482f5745ae5c26f355dd,603709.SH,2025-04-14,5,5,READY_PROVISIONAL,UNRESOLVED_REGIME_OR_EXCEPTION
7a4dd10310532f301f40aab86e558c65e59c4fc2f86550e6d03839e2a3cd5142,603713.SH,2024-09-30,1,1,READY_PROVISIONAL,REJECTED_STRICT_PREDICATE
15290715f29fd41ec96d223faf4e09d9db988cb6a4e0dd52686b4bfa4c9e37f2,603716.SH,2025-03-13,4,4,READY_PROVISIONAL,UNRESOLVED_REGIME_OR_EXCEPTION
8c7b4f8ac036dd49586ef93ea66d1279a496965246107b998ec9dad7a729f2d4,603716.SH,2025-07-04,4,4,READY_PROVISIONAL,UNRESOLVED_REGIME_OR_EXCEPTION
1cf9225ef8bab7a910cf4e8f2761cc923b13e5e53df43899c022bb52320b2413,603716.SH,2025-07-07,4,4,READY_PROVISIONAL,UNRESOLVED_REGIME_OR_EXCEPTION
a6aa7e780f4b2dd2912c0f95598aa2dc0d2104e581da269a364ef150115ea343,603716.SH,2025-07-08,3,3,READY_PROVISIONAL,REJECTED_STRICT_PREDICATE
17da939a50ac41e63b4284db4ac4b48cffa5162e065af2755e39f9307c4a8ec0,603716.SH,2025-07-09,2,2,READY_PROVISIONAL,REJECTED_STRICT_PREDICATE
fd28d3c9bcd927247a029f14a4b73048e148bf3848803a85cf82a6d0f934fab8,603716.SH,2025-07-10,2,2,READY_PROVISIONAL,REJECTED_STRICT_PREDICATE
dc231f81cc2eb9d64788c966f64973f4b2169898a5600a1a4c0b8c86a405682f,603717.SH,2024-12-11,4,4,READY_PROVISIONAL,UNRESOLVED_REGIME_OR_EXCEPTION
1b2fee9e85d11b479c716fe56d792772afaf0638481b0933bc06f90ce513e8aa,603717.SH,2024-12-12,5,5,READY_PROVISIONAL,UNRESOLVED_REGIME_OR_EXCEPTION
f7b278e2050d570ffc11780925ec76aa7d446f82e9617a99ae6a9a51c4f340e8,603717.SH,2024-12-13,4,4,READY_PROVISIONAL,UNRESOLVED_REGIME_OR_EXCEPTION
6895e630c6a3ada07af61a9d183dd9ca9efffbf2ce685a0e44ebf46c7f226fe1,603721.SH,2024-02-23,2,2,UNVERIFIED_WARMUP,REJECTED_STRICT_PREDICATE
93a51bca79704877c363aaa49e01f518d476395485544ef19c8347d9ecd7c17b,603721.SH,2024-02-26,1,1,UNVERIFIED_WARMUP,REJECTED_STRICT_PREDICATE
b475e2e927847a5516b6d5ec8770c97223ac73d57cb3bc05c736a89869e48643,603728.SH,2024-02-20,1,1,UNVERIFIED_WARMUP,REJECTED_STRICT_PREDICATE
c9d0c0760e60c9b0f157eeaec7bb2d29afdc45621032f9c9a9a3083ce2192d5a,603728.SH,2024-02-29,3,3,UNVERIFIED_WARMUP,REJECTED_STRICT_PREDICATE
a9e93e4d1ab3b56ad5bf468d654761772e8e5796102ebfaf98f5febf8ba1641f,603728.SH,2024-09-30,0,0,READY_PROVISIONAL,REJECTED_STRICT_PREDICATE
eb9181587df6f8b04e09a7a6e66bfc23c4fcadaa4b863f2dede42d5f7b71907d,603728.SH,2024-10-08,0,0,READY_PROVISIONAL,REJECTED_STRICT_PREDICATE
c60aa578521c140db62622f8a2d7447a264304e634d4a777c26a0ad7b8f78210,603728.SH,2024-10-09,0,0,READY_PROVISIONAL,REJECTED_STRICT_PREDICATE
a066b01a42acc8c4489181d95a932d06c1cd4478e642637e4af00a5a4829ec6b,603729.SH,2024-02-23,3,3,UNVERIFIED_WARMUP,REJECTED_STRICT_PREDICATE
67151195df32d5b375972890a8e9e9168a16bfd1dacfc1fcc98bd900b042ab44,603729.SH,2024-02-26,3,3,UNVERIFIED_WARMUP,REJECTED_STRICT_PREDICATE
4ade09567eaadd3b79ed056965c312ab9629e659bb3b7e0908b8fdd5a08331a9,603733.SH,2024-10-08,1,1,READY_PROVISIONAL,REJECTED_STRICT_PREDICATE
5133329c1978c69c6e2ce73744e5a4b4135b88132a4680ebdf2426f36076a15d,603737.SH,2024-10-08,3,3,READY_PROVISIONAL,REJECTED_STRICT_PREDICATE
f520e2df496348a01b39ece7be17163b6318c376ba59e8b481b5e1ad1c708144,603739.SH,2024-05-06,4,4,UNVERIFIED_WARMUP,UNRESOLVED_RSI_WARMUP
2612c33fca2e6df46759723ed4cabe25b3bf8e5bdfbd75cc469341b35fdcc7cf,603739.SH,2024-05-07,5,5,UNVERIFIED_WARMUP,UNRESOLVED_RSI_WARMUP
da4737d03eab77452ea8ae4682391ba37a2529f9f64c2f5d41eea374aebcf213,603739.SH,2024-05-08,5,5,UNVERIFIED_WARMUP,UNRESOLVED_RSI_WARMUP
0ae9a2efe45080c4c9bc806385e5d6a38af6d0cbe4194148e19107ea76beeade,603739.SH,2024-05-09,5,5,UNVERIFIED_WARMUP,UNRESOLVED_RSI_WARMUP
aa6688252090564693fad51394593c372314ff3689ca3fb0ac6e160cac9d04ff,603739.SH,2024-05-10,4,4,UNVERIFIED_WARMUP,UNRESOLVED_RSI_WARMUP
fccf8786f9521806d5cb66594136ad3b87e847851fcd28e8108c65f55e2ac8d0,603757.SH,2025-08-14,4,4,READY_PROVISIONAL,UNRESOLVED_REGIME_OR_EXCEPTION
183361f7ceac9322cc3f2ed94f70aed883616b91579934bcd0a54341a3404e8f,603757.SH,2025-08-15,5,5,READY_PROVISIONAL,UNRESOLVED_REGIME_OR_EXCEPTION
4c8beb12020c392d2112f935158e9217b50af17a8720b2683f75462659963a90,603757.SH,2025-08-18,5,5,READY_PROVISIONAL,UNRESOLVED_REGIME_OR_EXCEPTION
6fa92fd94f5dc9c96fb286717067c2ff82f50a9f237720e62871fe06e16f69dc,603757.SH,2025-08-19,4,4,READY_PROVISIONAL,UNRESOLVED_REGIME_OR_EXCEPTION
638492bd3f81c2b2467246f2fd75ffca58e5fa9caef758615c583a2091cf233a,603758.SH,2025-02-21,0,0,READY_PROVISIONAL,REJECTED_STRICT_PREDICATE
0eacb8df59e91042758fcf6a3820c8bfade274b43716955d8978565a98d92021,603758.SH,2026-08-12,4,4,READY_PROVISIONAL,UNRESOLVED_REGIME_OR_EXCEPTION
03fc9809146b6b5f5696df878514bd3229eadd9ecee72ecbbc2e5c53a454f5ad,603758.SH,2026-08-13,5,5,READY_PROVISIONAL,UNRESOLVED_REGIME_OR_EXCEPTION
989292e02e4b5dcf2ca6ef15e5db0653bf117ae92b12e8b8331b628192affd6a,603758.SH,2026-08-14,4,4,READY_PROVISIONAL,UNRESOLVED_REGIME_OR_EXCEPTION
2ed3a8c73d43edb4223cd546b0ce022e67ac20cfd99572c593f2b60ac408d6fa,603759.SH,2025-11-07,3,3,READY_PROVISIONAL,REJECTED_STRICT_PREDICATE
f2af3a149179d3b33705ae547933df54395c50eaedd6be20fcb2f3d7b8232bf2,603767.SH,2024-02-02,4,4,UNVERIFIED_WARMUP,UNRESOLVED_RSI_WARMUP
b99f7a47267ae463c494d74c3668ed40072f242266ac6bf77ed2df0313a2d50d,603767.SH,2024-02-05,4,4,UNVERIFIED_WARMUP,UNRESOLVED_RSI_WARMUP
e6240055b148b566685edbb5db7951510199303ef286a2616c4c2c0226d651e3,603767.SH,2025-08-05,4,4,READY_PROVISIONAL,UNRESOLVED_REGIME_OR_EXCEPTION
734dc549e8757dea4c51d5c19f47ea3761fa6f2a301c8f46a75dd8ed2291bfd7,603767.SH,2025-08-06,4,4,READY_PROVISIONAL,UNRESOLVED_REGIME_OR_EXCEPTION
1dd7782ea49e33716207105e84ed6ce177f8ca7bfd017da50920254296d1906a,603767.SH,2025-08-07,5,5,READY_PROVISIONAL,UNRESOLVED_REGIME_OR_EXCEPTION
038e36803d4eb881778f7187e23b64ca50d88d641b903bd8a794638876ac55d9,603767.SH,2025-08-08,4,4,READY_PROVISIONAL,UNRESOLVED_REGIME_OR_EXCEPTION
ab0f10bae74a6d57a6a69a057153ae2a460cd5c98d1e10bc5d4b88dc68fa1e6e,603773.SH,2026-06-01,3,3,READY_PROVISIONAL,REJECTED_STRICT_PREDICATE
01e3de26d05978a1621366fb20e48f167a2b8ed7d50d9c10a984fc95492eac14,603773.SH,2026-06-02,2,2,READY_PROVISIONAL,REJECTED_STRICT_PREDICATE
271ae54159f5b059a6971ea071bc28a917dcf97e32880dccc6ca73988a307698,603776.SH,2025-03-20,4,4,READY_PROVISIONAL,UNRESOLVED_REGIME_OR_EXCEPTION
0b2059f3c3c4290dbaae87f6bc4b67ecf5c32b1eb2d5fa014279dc15ff96d375,603776.SH,2025-03-21,5,5,READY_PROVISIONAL,UNRESOLVED_REGIME_OR_EXCEPTION
de89954e4438151031aae8589cff876bea58becdd8cfd33b086b17c9ee9be767,603776.SH,2025-03-24,4,4,READY_PROVISIONAL,UNRESOLVED_REGIME_OR_EXCEPTION
3133e1aa2c2dfec15e864e5cd808ee89e9dd510f3ba80d74f3bd38f7f5a14d37,603776.SH,2025-06-25,2,3,READY_PROVISIONAL,REJECTED_STRICT_PREDICATE
c5eea7a5d48dfa9496e7ea2e373849bf97c2ec0b6a7b37d4e9b5c6698b75e07c,603777.SH,2024-12-25,4,4,READY_PROVISIONAL,UNRESOLVED_REGIME_OR_EXCEPTION
778caa7fc5eed6fb3bd3fac04c4022809c119ebad55a1bc7a4cf2b44a1d8bdd5,603777.SH,2024-12-26,4,4,READY_PROVISIONAL,UNRESOLVED_REGIME_OR_EXCEPTION
b651931856aca7bfe979ca4bfbd2df011bef1736b7675f006eee8f095446b578,603777.SH,2025-01-14,4,4,READY_PROVISIONAL,UNRESOLVED_REGIME_OR_EXCEPTION
f7203ca03b60ef00cad423f188b8838ed2ad78be65ba6dc33ff5f7accfdc9c88,603777.SH,2025-01-15,5,5,READY_PROVISIONAL,UNRESOLVED_REGIME_OR_EXCEPTION
2c537bb66f6f1cfee3047532e98c11bdc031dddc75d6894f335725ebe9a0cf13,603777.SH,2025-01-16,5,5,READY_PROVISIONAL,UNRESOLVED_REGIME_OR_EXCEPTION
899241294adfe3f912b1ad5a4e8198f613cd668043059847ad98e2cf334c5933,603778.SH,2025-07-11,3,3,READY_PROVISIONAL,REJECTED_STRICT_PREDICATE
cbd8637732a4ad12bc25de7d6d3df680a8be280d367c8c12aa4cdaad68bae4b0,603778.SH,2025-07-14,4,4,READY_PROVISIONAL,UNRESOLVED_REGIME_OR_EXCEPTION
6b4267b82c36482fb0f793da4d61706425664321c6072e31d622ec5feeb54b6a,603778.SH,2025-07-15,4,4,READY_PROVISIONAL,UNRESOLVED_REGIME_OR_EXCEPTION
0494d903e8ffe5c9000d2fb7ec1843b9d6a26a3a2b4fc59afbda258f807e0c89,603778.SH,2025-11-11,2,2,READY_PROVISIONAL,REJECTED_STRICT_PREDICATE
27a08255082c1ccdf2f001fa3e4877847333960ee880b40f94f3d22a208e0661,603778.SH,2025-11-12,3,3,READY_PROVISIONAL,REJECTED_STRICT_PREDICATE
24f7639882db178d2876518046b182a2f007061be9a4377ef6616f20fcbae982,603778.SH,2025-11-13,4,4,READY_PROVISIONAL,UNRESOLVED_REGIME_OR_EXCEPTION
2662e82588f7a991dfca12f076e0e4a8adc7644fb3a8de857b46121d11d5f345,603778.SH,2025-11-14,5,5,READY_PROVISIONAL,UNRESOLVED_REGIME_OR_EXCEPTION
696b3191d817befb24ac50ac24ad4de0358e83048189a93a40963d2bf5829efe,603778.SH,2025-11-17,4,4,READY_PROVISIONAL,UNRESOLVED_REGIME_OR_EXCEPTION
6045df935050a6db0f27c815798341332dafc3ea70c98c1e90801ab6b3a2a406,603778.SH,2025-11-27,3,3,READY_PROVISIONAL,REJECTED_STRICT_PREDICATE
86c70ac589ba769fd56dc29a50bad01a12ab019e7262f4f5ee77dac7cf016959,603778.SH,2025-11-28,4,4,READY_PROVISIONAL,UNRESOLVED_REGIME_OR_EXCEPTION
c8a6d722d80d1d03b94f7730e98f27a0ec052cfb319b6fd2a5d238dc3404dc5e,603778.SH,2025-12-01,4,4,READY_PROVISIONAL,UNRESOLVED_REGIME_OR_EXCEPTION
e7878f441038c7f6d4f2715590bf2c7241c3fd4e1a599da73e4a57713fc56fda,603778.SH,2025-12-02,3,3,READY_PROVISIONAL,REJECTED_STRICT_PREDICATE
b5ec8ae8d15493e8603a95fbf8702ccefeb7ef680bfd6a2099fb2321d16ca88a,603778.SH,2025-12-29,1,1,READY_PROVISIONAL,REJECTED_STRICT_PREDICATE
93fbf64c5b519eb240a72b40b6a00cd112c2e14132e22efc8da17d33a6cc6688,603778.SH,2026-01-06,3,3,READY_PROVISIONAL,REJECTED_STRICT_PREDICATE
8ead4bf9a06c06f6880f167e616ee9a1a6a6b0c097c76fab3fa1640cefc57be9,603778.SH,2026-01-12,3,3,READY_PROVISIONAL,REJECTED_STRICT_PREDICATE
3386cd32eae975f9216edd6e772ea79b3b5f9e598d5f7f2da2adabaafc856a73,603778.SH,2026-01-13,3,3,READY_PROVISIONAL,REJECTED_STRICT_PREDICATE
a8c675cbaa7787f99359d8b5c82b681975a937e82cb5d16293ddad020017b5b8,603778.SH,2026-01-14,4,4,READY_PROVISIONAL,UNRESOLVED_REGIME_OR_EXCEPTION
ce6b5ebeadd932719780b6e6ceca77eaeaee170633dd56d57a451a33938c2e26,603778.SH,2026-01-15,3,3,READY_PROVISIONAL,REJECTED_STRICT_PREDICATE
a890c1f9541cab04532c33ee1039c96f0fa9b115b510832ebbb849f06c467d81,603778.SH,2026-03-12,2,2,READY_PROVISIONAL,REJECTED_STRICT_PREDICATE
687be38c339adc4581888a7a25a84dc694c0be70bfaf5ad1daea955523ddf9a1,603778.SH,2026-03-17,3,3,READY_PROVISIONAL,REJECTED_STRICT_PREDICATE
dae34c39edd09fae5651f481c46278bb8d9c136c6b3dc2cd3178ecb9c60a1d07,603779.SH,2026-05-14,3,3,READY_PROVISIONAL,REJECTED_STRICT_PREDICATE
8a171458e251640d66c0cde590198427a9d0c09fcd08c340028008fcb2744541,603779.SH,2026-05-15,3,3,READY_PROVISIONAL,REJECTED_STRICT_PREDICATE
0dea9b308760f0ccc969e1a8ae2f2b24734d98b80213995cf9cf6cb2a596bba0,603779.SH,2026-05-18,4,4,READY_PROVISIONAL,UNRESOLVED_REGIME_OR_EXCEPTION
b7c0d3f6ea3d130821e6b30b2b754da4290c7e7c585db543ba767c8734e63a2d,603779.SH,2026-05-19,5,5,READY_PROVISIONAL,UNRESOLVED_REGIME_OR_EXCEPTION
4d851836f098fa1d9b2df9345946e16dfbfee966d14d0663bc5c616f5938386e,603779.SH,2026-05-20,5,5,READY_PROVISIONAL,UNRESOLVED_REGIME_OR_EXCEPTION
122e10778385ba1e6c07547a1a0a99a6079aa2c4b205d351b3ddf006fd83ddef,603779.SH,2026-05-21,5,5,READY_PROVISIONAL,UNRESOLVED_REGIME_OR_EXCEPTION
ce4d515bd853b3e6c4a99768abafef9fa2aaa2dce2606ab9043980e5d2958b15,603779.SH,2026-05-22,4,4,READY_PROVISIONAL,UNRESOLVED_REGIME_OR_EXCEPTION
75d1482e45161ac7c9805dffa125ea6a456ca319a30b45f03eb24014291d3ad8,603779.SH,2026-05-25,3,3,READY_PROVISIONAL,REJECTED_STRICT_PREDICATE
36fb1f9d73847c098d01f291b2124bbe29f8c1327056f1ef63621279ab31e56b,603786.SH,2025-09-22,2,2,READY_PROVISIONAL,REJECTED_STRICT_PREDICATE
64601eef11ba7d89f175bc2f1efd69fb09084416341c184d883d7c7edfe2e2a4,603786.SH,2025-09-23,1,1,READY_PROVISIONAL,REJECTED_STRICT_PREDICATE
2afdd9b092a54f85f81a54c870439eb952482159b8af60770c9d905f2ea1ecb6,603786.SH,2025-09-24,0,0,READY_PROVISIONAL,REJECTED_STRICT_PREDICATE
de337350051846001ade7fb0db9b0f1ed0cbffe174906b82a968e2e137a6689f,603787.SH,2025-06-12,3,4,READY_PROVISIONAL,UNRESOLVED_REGIME_OR_EXCEPTION
83715abc801086517253684827ccd70e4b7d8ad67b4e078c6550e3db6295132c,603799.SH,2024-09-30,2,2,READY_PROVISIONAL,REJECTED_STRICT_PREDICATE
c209c9e9ee4db8cef7377864f4c70af2a089d9ab01392fcdc7d23960ee5e4cce,603799.SH,2024-10-08,3,3,READY_PROVISIONAL,REJECTED_STRICT_PREDICATE
7e38b3cea9b629a9a4c27f2119183e750f35a1bf75164aeb7b9ee054f87249df,603799.SH,2024-10-09,3,3,READY_PROVISIONAL,REJECTED_STRICT_PREDICATE
6a4f762324c9a13eb63d995b5ba9fc2cd2dbb0e78c4dd6bd4248188e7be33e19,603799.SH,2025-10-13,0,0,READY_PROVISIONAL,REJECTED_STRICT_PREDICATE
605fbcc306ba66efb212585be7f58db6e7558ccc8922c830ebec38aa96f0ea0c,603800.SH,2025-08-11,3,3,READY_PROVISIONAL,REJECTED_STRICT_PREDICATE
c43c01a0e90e7d635ad02600e042530636cdcd2504a9e720a2441095980bff3b,603800.SH,2025-08-12,3,3,READY_PROVISIONAL,REJECTED_STRICT_PREDICATE
a43ea62cdcb7a8a30b0633a07a762beb6ec0017cc2ecda20b492f29806fc93ce,603800.SH,2025-08-13,3,3,READY_PROVISIONAL,REJECTED_STRICT_PREDICATE
8569af43ae0eff62168fac9199c289410210a7a01fb59863a3b0a0785eb32a81,603800.SH,2025-08-14,3,3,READY_PROVISIONAL,REJECTED_STRICT_PREDICATE
94a02b1bd5387c459edbea4e74671950b24a09ff12a988c64d44b9096350d69e,603803.SH,2024-11-29,4,4,READY_PROVISIONAL,UNRESOLVED_REGIME_OR_EXCEPTION
106ec4dbfb87861ba083672b1c61316c4914d7ed22c3c4271f5c7af5741ebb3a,603803.SH,2024-12-19,4,4,READY_PROVISIONAL,UNRESOLVED_REGIME_OR_EXCEPTION
f12b4ffa0e704fe5213da57a12222e7aa14b71f7ae37c840160aebd4cc9121c4,603803.SH,2024-12-20,5,5,READY_PROVISIONAL,UNRESOLVED_REGIME_OR_EXCEPTION
1427e15ce2ecf56fa484b44b2765cb0dbcee2f3adc9349359672e6e4f8b222a7,603803.SH,2024-12-23,4,4,READY_PROVISIONAL,UNRESOLVED_REGIME_OR_EXCEPTION
a66f50deba3daf8fece01f049a61a7aac4bdbbdf5279acabd242e9195036cfa5,603803.SH,2024-12-24,4,4,READY_PROVISIONAL,UNRESOLVED_REGIME_OR_EXCEPTION
0a8b9cb448843c337337f53674b4283ce6a2ebfbc6bf034c7271ec42f289c4e9,603803.SH,2026-03-24,2,2,READY_PROVISIONAL,REJECTED_STRICT_PREDICATE
c1272f92670f875f6e123dc137ac288375ef69bd4bc4d00a5a8b553fccb52fe4,603806.SH,2024-09-30,1,1,READY_PROVISIONAL,REJECTED_STRICT_PREDICATE
7e1cac3fc72d9bd3c8550b632b50b2947794c3f42ac46a0a68703226a2620299,603806.SH,2024-10-08,1,1,READY_PROVISIONAL,REJECTED_STRICT_PREDICATE
687b2fad8410ca6460947c1d66c4e9adb37bed0a558f2a6932a9898f0d47253b,603809.SH,2024-11-01,1,1,READY_PROVISIONAL,REJECTED_STRICT_PREDICATE
4ea7ee2b1e493df96f414d637eac00b8032fcd3533a4f666d56fa1b6b196a5d7,603809.SH,2024-11-04,2,2,READY_PROVISIONAL,REJECTED_STRICT_PREDICATE
ffb15d7af0eaa2f27f0afa85644a0c745ac0a25473b9d6f68f17067c5ff5ac20,603809.SH,2024-11-05,2,2,READY_PROVISIONAL,REJECTED_STRICT_PREDICATE
d6907a5910847673f97b7d3ce33d46bc59246324ddfbf83771bef3f71bcc39fe,603811.SH,2025-08-06,2,2,READY_PROVISIONAL,REJECTED_STRICT_PREDICATE
92715086fe6e97c3ea12463dc68970e759f476478b51bc0852f7d136287d42de,603811.SH,2025-08-08,3,3,READY_PROVISIONAL,REJECTED_STRICT_PREDICATE
e4f97475de46cbe09a0e750600b5221cd0b03d16a8104dd2919206e38dc113cb,603823.SH,2024-05-09,4,4,UNVERIFIED_WARMUP,UNRESOLVED_RSI_WARMUP
d2300ad3b16950ca9ac5ff8474bbf30bb3ae71c798525348eb4fa51b016cb8b0,603823.SH,2024-05-10,5,5,UNVERIFIED_WARMUP,UNRESOLVED_RSI_WARMUP
4beeadf8cd912317de79bce369a45c3eac425b56c6d500c07fb94393fa87e2e3,603823.SH,2024-05-13,4,4,UNVERIFIED_WARMUP,UNRESOLVED_RSI_WARMUP
49eac7b8f1fcdfc26719ae1116b30c20558a4bcb3a70121fdfeb3b8ed6b5eb69,603823.SH,2025-06-10,2,3,READY_PROVISIONAL,REJECTED_STRICT_PREDICATE
1085d57b9ca9bba14b98133e00337a4f113bc01f951432bb3de16ab7ed8b3cf4,603823.SH,2026-06-10,2,3,READY_PROVISIONAL,REJECTED_STRICT_PREDICATE
c482297173e96a1b6d809ddd598d2d349b9a1c4720be316aa7f58be164ec20c1,603823.SH,2026-06-11,2,3,READY_PROVISIONAL,REJECTED_STRICT_PREDICATE
e5835846048c4842e53532557b625a619442f33d0b6c36ca2b59d093562f0438,603823.SH,2026-06-12,2,2,READY_PROVISIONAL,REJECTED_STRICT_PREDICATE
d824ea850ce8a2c2a28cc6f3152e3733ceb4ac5aebba99dd3b0e12b0f433a62e,603825.SH,2024-02-22,4,4,UNVERIFIED_WARMUP,UNRESOLVED_RSI_WARMUP
43eaa6da63f1fa98aab9c6967b86515a66e9b385298706865e30378def01c51e,603825.SH,2024-02-23,5,5,UNVERIFIED_WARMUP,UNRESOLVED_RSI_WARMUP
2e977104bd02d872bb6947ef84c577a8dac4a39be9281fec8f84797d63388069,603825.SH,2024-02-26,5,5,UNVERIFIED_WARMUP,UNRESOLVED_RSI_WARMUP
b41b1ab59b54ce0e77f84eaa3119fd2cc28807bba462e19e81588981f41200fe,603825.SH,2024-02-27,5,5,UNVERIFIED_WARMUP,UNRESOLVED_RSI_WARMUP
88832a6ffdc88cbaeb5113e235041489f8b7391406914a0b16498ce9c22b92bd,603825.SH,2024-02-28,5,5,UNVERIFIED_WARMUP,UNRESOLVED_RSI_WARMUP
a644a8bbdc3fe724634655e8972f877487eea72318df8e7d4826225c87c39e1a,603825.SH,2024-02-29,4,4,UNVERIFIED_WARMUP,UNRESOLVED_RSI_WARMUP
1e7e43153376674bb5e7471e65cb6bfa0370d997ab479fa962bb2b1fb1c14bbc,603825.SH,2024-12-10,4,4,READY_PROVISIONAL,UNRESOLVED_REGIME_OR_EXCEPTION
fcea1063db282d42868234695773636cb12699811b3b12e42f3618ed8e675aba,603839.SH,2025-09-05,4,4,READY_PROVISIONAL,UNRESOLVED_REGIME_OR_EXCEPTION
d6fa643adffc562131695b98e469b13f65f9f60c77b7646a7ddf3fb6172fe064,603843.SH,2024-04-03,3,3,UNVERIFIED_WARMUP,REJECTED_STRICT_PREDICATE
87947ebe38060311b2278d4853098ef7424a6fd1d19753101cfa1cd569ed30fc,603843.SH,2024-04-08,3,3,UNVERIFIED_WARMUP,REJECTED_STRICT_PREDICATE
45b8d0eb406f6b7bd863a6273cfbd141e6d88c09b8ce36783f8f5bc08ad43ded,603843.SH,2026-03-24,0,0,READY_PROVISIONAL,REJECTED_STRICT_PREDICATE
3d43f3bc0166f8d1fc8bbd2cb11eea98806aed7fefbe4ab48c764d4cecb77155,603843.SH,2026-03-25,0,0,READY_PROVISIONAL,REJECTED_STRICT_PREDICATE
bbafc850a2a994dac6fbfeb688f5b010376a4ccfd14f3e5cda4ee7cb0df5681f,603859.SH,2024-11-06,4,4,READY_PROVISIONAL,UNRESOLVED_REGIME_OR_EXCEPTION
b99ef130952b74d69716f4e235f4771b414f795af3631765382f35ddcbf01877,603859.SH,2024-11-07,4,4,READY_PROVISIONAL,UNRESOLVED_REGIME_OR_EXCEPTION
78a6a35ae9d24452ef99bc810b976e79745eadacb7c632356d1f6652f597f7da,603859.SH,2024-11-08,4,4,READY_PROVISIONAL,UNRESOLVED_REGIME_OR_EXCEPTION
289cac8c3721a81a98fcfc5e5b74538d5b8716cf9bd9eb7d6a89848cc4e8903e,603859.SH,2026-06-10,2,3,READY_PROVISIONAL,REJECTED_STRICT_PREDICATE
4c1242ab8ffadbdbdafdbb51095698a9de576c7d7a09217d50d599afd127eb86,603860.SH,2024-04-18,4,4,UNVERIFIED_WARMUP,UNRESOLVED_RSI_WARMUP
f8c4b82ba8280ec4ca8fc002672255d73d628a1ed356899ef1752e5c0b71f160,603860.SH,2024-04-19,4,4,UNVERIFIED_WARMUP,UNRESOLVED_RSI_WARMUP
8f6ed61bf86d39013997ecdc3437ba1e6056020ea318289a4b32b561012eccee,603877.SH,2024-10-08,0,0,READY_PROVISIONAL,REJECTED_STRICT_PREDICATE
2ad1bf6773615fbdc4a2abd58ebf65809211d8f391bbd5c89e3e90c0a1ee1ead,603879.SH,2024-03-14,3,3,UNVERIFIED_WARMUP,REJECTED_STRICT_PREDICATE
cd40598dadcf18668e9f2929ae619ad9735033c45875d299dce77379211a6eb5,603879.SH,2024-03-15,4,4,UNVERIFIED_WARMUP,UNRESOLVED_RSI_WARMUP
1867f62addda2ad8851c222a1811ae39e5359fd52aea5b78417d662d6b5a3b9a,603879.SH,2024-03-18,5,5,UNVERIFIED_WARMUP,UNRESOLVED_RSI_WARMUP
bce144369ceb929552fac89f69e4773003cba71fd524855bc6d716250e411521,603879.SH,2024-03-19,5,5,UNVERIFIED_WARMUP,UNRESOLVED_RSI_WARMUP
acb60f2443f28ebace97aed308541d09e18013e66b53dd45a8d0da9f456319dc,603879.SH,2024-03-20,5,5,UNVERIFIED_WARMUP,UNRESOLVED_RSI_WARMUP
0c9f005012e2dce29b137ebbb48dd09aa977b9481301ba1aec7550aefd9dbf73,603879.SH,2024-03-21,5,5,UNVERIFIED_WARMUP,UNRESOLVED_RSI_WARMUP
11fa81469f99cb24c58bd1cff4610ea8d77beb017969966e660a8b49a8c3c231,603879.SH,2024-03-22,4,4,UNVERIFIED_WARMUP,UNRESOLVED_RSI_WARMUP
24e7ee25eeca12d77fb255674fd6f0548d402f0c683e39a841412812de14769c,603879.SH,2025-06-06,4,4,READY_PROVISIONAL,UNRESOLVED_REGIME_OR_EXCEPTION
a752148f807c4d0999e49e44f3b7fed6ec66b443043c5af0101322c2d727ac57,603881.SH,2025-02-14,4,4,READY_PROVISIONAL,UNRESOLVED_REGIME_OR_EXCEPTION
ca28cc0351f0556da0154faed90b204ad0048d65a03cc76bc22e6b9757c61213,603881.SH,2025-02-17,4,4,READY_PROVISIONAL,UNRESOLVED_REGIME_OR_EXCEPTION
b587652a1948afef30e3ed1fc930d787c89473e5d2955d4c23819885e31b9a1c,603881.SH,2025-02-18,4,4,READY_PROVISIONAL,UNRESOLVED_REGIME_OR_EXCEPTION
a2f88b1b31d0b7e6470a1192fa2b7ca3f1994dcf2f8261f21775989bf37b98cf,603881.SH,2025-02-19,3,3,READY_PROVISIONAL,REJECTED_STRICT_PREDICATE
3cc987883dcf121aa81383ded07f99e676a72e473828859677f05b04085e5fb2,603882.SH,2024-09-30,2,2,READY_PROVISIONAL,REJECTED_STRICT_PREDICATE
507df7fa4fe2284a6ce71b5c127f0cf718b19ec0d1920c86d4feb93964afaef6,603882.SH,2024-10-08,2,2,READY_PROVISIONAL,REJECTED_STRICT_PREDICATE
013ce6d1ad80274b7b97d0ea1ab8e9ae1c60f11f94765b3927b1df52f4783add,603882.SH,2024-10-10,1,1,READY_PROVISIONAL,REJECTED_STRICT_PREDICATE
373c70630eb0419abd82e9d946bd9f292a8573fcfbbb9bb82921efbebd2e7457,603882.SH,2025-02-10,2,2,READY_PROVISIONAL,REJECTED_STRICT_PREDICATE
c777d38f6f7d4b85596f7d4fad5f3765e21a5bd6191dad98e54e984bfdcc4d17,603882.SH,2025-02-11,2,2,READY_PROVISIONAL,REJECTED_STRICT_PREDICATE
095390785c781c531de683975395cf0eadcd971cd3b3647622f78ef4c23e7449,603883.SH,2024-09-06,4,4,READY_PROVISIONAL,UNRESOLVED_REGIME_OR_EXCEPTION
507f79859390ed364e1c1cdcaaf6b9631eb68ecb2d1af578204f0f9076dc8c45,603883.SH,2024-09-09,5,5,READY_PROVISIONAL,UNRESOLVED_REGIME_OR_EXCEPTION
4fc8523fb14125db175395eb9732631213d1bafff30108057f075adebac8039a,603887.SH,2024-07-01,2,2,UNVERIFIED_WARMUP,REJECTED_STRICT_PREDICATE
26f8f9a2c3aa425b72ac4ee7c9c0c9b45a8d51f71dca726ce8a61e9f07b40ff2,603887.SH,2024-10-17,3,3,READY_PROVISIONAL,REJECTED_STRICT_PREDICATE
352dd38d46da45943593815d8122ba798937eec87790544250ea6ed4ed707890,603887.SH,2024-10-18,4,4,READY_PROVISIONAL,UNRESOLVED_REGIME_OR_EXCEPTION
1c23fa62ebab8d542666751e5d8428be7e59970ad34077c4e010f516f820ddd2,603887.SH,2024-10-21,5,5,READY_PROVISIONAL,UNRESOLVED_REGIME_OR_EXCEPTION
f28c4a4964d7049f9afd685767e71d431ba53969aac6aba0a8e08e7b8006177b,603887.SH,2024-10-22,5,5,READY_PROVISIONAL,UNRESOLVED_REGIME_OR_EXCEPTION
d13dfbce4fab2adc0b4b3cf7629bc21b738dfa7ec3735c4163375164982c6c85,603887.SH,2024-10-23,4,4,READY_PROVISIONAL,UNRESOLVED_REGIME_OR_EXCEPTION
e8af1915d1811eabfe5cf3b7cfff7b41ac4f16d02ba5f003f7b310ab4d5b2cc9,603887.SH,2024-10-24,4,4,READY_PROVISIONAL,UNRESOLVED_REGIME_OR_EXCEPTION
dd41c6151ca0159d6a0f05c6ae460f7a432328249711e3b50581489e4c880f6f,603887.SH,2024-10-25,4,4,READY_PROVISIONAL,UNRESOLVED_REGIME_OR_EXCEPTION
779a18b43aa3a9003b074fac8c71fb9b12204dc0cc6b862785849c60d281bfd7,603887.SH,2024-10-28,4,4,READY_PROVISIONAL,UNRESOLVED_REGIME_OR_EXCEPTION
adda71c05295a3013f67d9faec0f901b269356e8dc502f42b8a4c65e1e637701,603887.SH,2024-10-29,3,3,READY_PROVISIONAL,REJECTED_STRICT_PREDICATE
5b2e6475ad7d64210ad85cbe1038213b41d2e7c638f42b3d9c7df3ccdac095c6,603887.SH,2024-10-30,4,4,READY_PROVISIONAL,UNRESOLVED_REGIME_OR_EXCEPTION
40225a68e577d220879100dfca1fd079d858cde40a1f193f79b010c9b6dd54a7,603887.SH,2024-10-31,3,3,READY_PROVISIONAL,REJECTED_STRICT_PREDICATE
95de0f659224040c8f8a1bf5e469942fad3cecfa07df1ad6533b523e0b02fa0e,603888.SH,2026-01-14,3,3,READY_PROVISIONAL,REJECTED_STRICT_PREDICATE
18f89024d938ea7f18336246234713c95cfd3d1823826b12375b66ef6947e61e,603888.SH,2026-01-15,3,3,READY_PROVISIONAL,REJECTED_STRICT_PREDICATE
8db698c94f8c4ec2120f0388ebdf35e53aa860ede5d1c141a5aa471822856b85,603893.SH,2024-10-08,2,2,READY_PROVISIONAL,REJECTED_STRICT_PREDICATE
59a3daa5eb3cde5d368bf3573bfd1041cf0b3130b7b9c2ee7ea497d5405ac64c,603893.SH,2024-10-09,2,2,READY_PROVISIONAL,REJECTED_STRICT_PREDICATE
8edd42f95422aec38551a5c46b756054cd23eae14f992ec11e4e84db0a5a7f20,603895.SH,2024-02-29,4,4,UNVERIFIED_WARMUP,UNRESOLVED_RSI_WARMUP
e7f9f4322ac8fd37d9dd37b5630fc52cdb1dece5afabfb957327f37e8f3b7bc7,603895.SH,2024-03-01,4,4,UNVERIFIED_WARMUP,UNRESOLVED_RSI_WARMUP
96d15d9b526dfa7856f7c7f099270c6fb718c58a5fc331ba5ecc4e87243f5774,603896.SH,2024-09-30,1,1,READY_PROVISIONAL,REJECTED_STRICT_PREDICATE
7d1974cf30851961d505bcb06b3e62adf3c505d2936c4bb39039b5469eebc149,603900.SH,2024-04-03,4,4,UNVERIFIED_WARMUP,UNRESOLVED_RSI_WARMUP
480b27c4f3cfe66f525cf1a2776ab0ac6ceba9b6647b31367378fbf3768988be,603900.SH,2024-04-08,5,5,UNVERIFIED_WARMUP,UNRESOLVED_RSI_WARMUP
df2dae7b5a23a1750fee574f1a2f7f768ea97b066aef13646da3c8fb6c019864,603900.SH,2024-04-09,5,5,UNVERIFIED_WARMUP,UNRESOLVED_RSI_WARMUP
6547d81d486f79b40073d623b91e814339275c7724f5b9a6c8a5df3f15efdd57,603900.SH,2024-04-10,5,5,UNVERIFIED_WARMUP,UNRESOLVED_RSI_WARMUP
e6f598fc1d74cc2d9182b5b4a63445457f1755c5adc557299cc1d2e0c55f78f6,603900.SH,2024-04-11,5,5,UNVERIFIED_WARMUP,UNRESOLVED_RSI_WARMUP
49a5b9653dc7a8285fcfeceaa99936626fec89239295fb17eb57ec89ba71036c,603900.SH,2024-04-12,5,5,UNVERIFIED_WARMUP,UNRESOLVED_RSI_WARMUP
d87303bdf791f25388c39c61ba2b80f7dc7b6d6f8589741707513dba8b9fdd35,603900.SH,2024-04-15,4,4,UNVERIFIED_WARMUP,UNRESOLVED_RSI_WARMUP
d79e714c630bade433c8393095bbbef86ea828f3f0990aea147b7934d95d68c8,603900.SH,2025-05-23,3,3,READY_PROVISIONAL,REJECTED_STRICT_PREDICATE
26c08015cca41d966aed69d86a87454a3964e5c045268185597d236a706a73f4,603900.SH,2025-05-26,4,4,READY_PROVISIONAL,UNRESOLVED_REGIME_OR_EXCEPTION
d1de66823f38f5aeac29c1a724f332af33cec1136b3e934fa4098f6a5d489042,603900.SH,2025-05-27,4,4,READY_PROVISIONAL,UNRESOLVED_REGIME_OR_EXCEPTION
09ed36f70f41dbbc15adeb114bdbfd4704208fdc8715c8b92579eb0a1d4b3e61,603900.SH,2025-05-28,3,3,READY_PROVISIONAL,REJECTED_STRICT_PREDICATE
ca7d2eaa84940e2276c1092cc7b455942cc9c4bf29da354c3c66660718a4e9da,603906.SH,2024-11-28,2,2,READY_PROVISIONAL,REJECTED_STRICT_PREDICATE
dbd4dc906a54659a8b3927dda514b60496d36dbc53e77fc5709da58ecd7f4e32,603906.SH,2026-04-24,1,1,READY_PROVISIONAL,REJECTED_STRICT_PREDICATE
4680df0e5a91eadea5a90800c5179e6710d0cb7a6b6faf94085f94326cad1746,603915.SH,2024-09-30,1,1,READY_PROVISIONAL,REJECTED_STRICT_PREDICATE
ed1d2f8b1b1055362b984e4eba3c888b904f05347d283a2004fb76b0167b7250,603915.SH,2024-10-08,1,1,READY_PROVISIONAL,REJECTED_STRICT_PREDICATE
543009df43ceb2a008c5d0ea5227086efc95b91fe9a7d6efcd5fa950bc1f46b3,603915.SH,2025-02-25,1,1,READY_PROVISIONAL,REJECTED_STRICT_PREDICATE
28bbb8fc96b80c4729a3b3c8b008dfdfa4b663849f30d4a9a9ca489889d5bba0,603916.SH,2025-07-24,4,4,READY_PROVISIONAL,UNRESOLVED_REGIME_OR_EXCEPTION
ac2ca13e16b9fc06ea8c444d1e289b5bd99f45defd6a6f5561e5e3e732cb2853,603916.SH,2025-07-25,4,4,READY_PROVISIONAL,UNRESOLVED_REGIME_OR_EXCEPTION
2922868fc1b255178763edbe012293afb897c848ba1ec2f35d00a2b066bff386,603916.SH,2026-05-14,0,0,READY_PROVISIONAL,REJECTED_STRICT_PREDICATE
b941da9507af6f63ac8bf306fabb040d97920b283e8476020bff0e878bca595b,603917.SH,2024-02-22,3,3,UNVERIFIED_WARMUP,REJECTED_STRICT_PREDICATE
41d151bdf69a228d105206c0c77e230f721dd7b22892c15e6f316d1f2f6967fb,603917.SH,2024-02-23,2,2,UNVERIFIED_WARMUP,REJECTED_STRICT_PREDICATE
e6a8eace0c8fb1b2a831ec0527db3c8c00943b915e04a12f02dcc469b9c9f584,603917.SH,2024-02-27,2,2,UNVERIFIED_WARMUP,REJECTED_STRICT_PREDICATE
35a319ab0530207385cc0bb319ee3d8e1676f5db45bec8a3b397f240bc004adc,603918.SH,2024-11-12,3,3,READY_PROVISIONAL,REJECTED_STRICT_PREDICATE
f4058ea83480792fd3883178037d24b3a309220c3acb6e06214dc18636c5e3f2,603918.SH,2024-11-13,4,4,READY_PROVISIONAL,UNRESOLVED_REGIME_OR_EXCEPTION
0cce1e9788cf37e51814745fbfd5b447e5e81498ea449f20a1e18eb3dacd6378,603918.SH,2024-11-14,4,4,READY_PROVISIONAL,UNRESOLVED_REGIME_OR_EXCEPTION
d8feb4ef6c88f060ab114e5627d6c5d1835bea9ba68baf4c0cc877f0f1a1d9eb,603920.SH,2024-09-30,1,1,READY_PROVISIONAL,REJECTED_STRICT_PREDICATE
231cd284bf4e6f5a8489b88cec26d89add55b6460cbe7e8ed1347e32aec5cf3c,603920.SH,2024-10-08,2,2,READY_PROVISIONAL,REJECTED_STRICT_PREDICATE
1f13d7069237fad1cf4a13efe41f39f25f2aea87fb6d15e1cd9d759c5dbef773,603920.SH,2024-10-09,2,2,READY_PROVISIONAL,REJECTED_STRICT_PREDICATE
161c20e26935ece3667f788ab8a36f706b30b80e7a1bea5fc89cf146f80a1e4e,603920.SH,2024-11-11,0,0,READY_PROVISIONAL,REJECTED_STRICT_PREDICATE
0d3d87db481f54c58eb5fe695756c6e59f3951bdb1c4065aa1cfeb41f1a0966c,603922.SH,2024-11-07,3,3,READY_PROVISIONAL,REJECTED_STRICT_PREDICATE
91bc1e53557a6fbd7c9faaa09b9184c0a570bd8315fa6fdda8038fb1a85916ff,603926.SH,2026-01-22,3,3,READY_PROVISIONAL,REJECTED_STRICT_PREDICATE
2baa98553ee663487de75857c658ffaf828c107ef1eea3a90cdd2d2bf903c807,603926.SH,2026-01-23,3,3,READY_PROVISIONAL,REJECTED_STRICT_PREDICATE
88af85ae764365bbf4ba4f338f3ccd40b2a7bdbe9583a3de71360019db37a993,603927.SH,2024-11-11,0,0,READY_PROVISIONAL,REJECTED_STRICT_PREDICATE
627716bc756b91d909366b9c5eec39ad9f6b65de6c072e0e08c7aac4e110bb02,603928.SH,2024-05-08,4,4,UNVERIFIED_WARMUP,UNRESOLVED_RSI_WARMUP
46ee5f8ae5303746704088edfaa5c03e7fc88c4a7112d57d4688a46d275b17bd,603928.SH,2024-05-09,4,4,UNVERIFIED_WARMUP,UNRESOLVED_RSI_WARMUP
bd37d94115bf2b9900479e77f9c2d71759d53eb82cd9d9f54e7699697e91fad5,603928.SH,2025-01-22,4,4,READY_PROVISIONAL,UNRESOLVED_REGIME_OR_EXCEPTION
587f8d5c4e44246ac38069b30a58d950c3db8a20e6865e47abcd6accec344a95,603928.SH,2025-01-23,5,5,READY_PROVISIONAL,UNRESOLVED_REGIME_OR_EXCEPTION
db5eea4e51088b88f073bbe83759449f20e9c452376c11728f8d663af9af1c59,603928.SH,2025-01-24,5,5,READY_PROVISIONAL,UNRESOLVED_REGIME_OR_EXCEPTION
b4fe275405032058522c9f9133ac69bac1edd38be3c9bbf72dae18253d6800fa,603928.SH,2025-01-27,4,4,READY_PROVISIONAL,UNRESOLVED_REGIME_OR_EXCEPTION
59190d3354a4fc7eaa1544362aabd8620cfe1e08b66c186de8e95180323350fc,603928.SH,2025-06-20,2,3,READY_PROVISIONAL,REJECTED_STRICT_PREDICATE
45bed5caf5d28d11f68bd1835a47a5b4c4360892657328f65731dc4742a14135,603928.SH,2025-06-23,3,4,READY_PROVISIONAL,UNRESOLVED_REGIME_OR_EXCEPTION
7a92a5faa9df430c658031979b124c556e27ffb6f7e0aee64087c7c31143c941,603928.SH,2025-06-24,4,4,READY_PROVISIONAL,UNRESOLVED_REGIME_OR_EXCEPTION
c02c3cb9682c1d4f5686451908f3bbf75353f44dca0743f5f4be218fb2b6ed1a,603928.SH,2025-06-25,5,5,READY_PROVISIONAL,UNRESOLVED_REGIME_OR_EXCEPTION
fc4f9bc2abaa8f1df34d30804e06400c653703e33e3b36b43358b4df58a27aac,603928.SH,2025-06-26,4,4,READY_PROVISIONAL,UNRESOLVED_REGIME_OR_EXCEPTION
f04c86b66d52e21c0df837be83d9a1ba78ae44e4e7d91ae565c4d5e71bcde2ad,603928.SH,2025-06-27,3,3,READY_PROVISIONAL,REJECTED_STRICT_PREDICATE
6ad24d22f6478c2f43de7efe02db450f9727becd9625d6e48ee22758cef8f4cd,603928.SH,2025-06-30,3,3,READY_PROVISIONAL,REJECTED_STRICT_PREDICATE
de111cfef0f8223b120e5cd4966e2033a39d949c6240dc24ec537ebb481df198,603928.SH,2026-07-02,4,4,READY_PROVISIONAL,UNRESOLVED_REGIME_OR_EXCEPTION
6a7eb1386e6e75823c04e0bbbfd51ae17c525aaa15811272f7ef3fb3065afef4,603929.SH,2025-11-06,2,2,READY_PROVISIONAL,REJECTED_STRICT_PREDICATE
a2c7bc7545344ca2693f50fc610aa738e8b5a447f3dc9f0602112a9316f2f4fb,603929.SH,2026-03-18,3,3,READY_PROVISIONAL,REJECTED_STRICT_PREDICATE
bd56d8803cf878183dc7247d47d4a2ce2ba6bace17c522565590969af35eb6c7,603929.SH,2026-03-20,2,2,READY_PROVISIONAL,REJECTED_STRICT_PREDICATE
b09ddc8743443240304ee100eff56720892d8db1d58ae5a00dcdebc368ae6026,603929.SH,2026-06-10,2,2,READY_PROVISIONAL,REJECTED_STRICT_PREDICATE
4a7d9c8e2510ef76daaa84f16b6128cbb3cbcc4d37d8c05feecd9aec4f297beb,603929.SH,2026-06-11,2,2,READY_PROVISIONAL,REJECTED_STRICT_PREDICATE
65ae5d47ca1f95f19662bd3578b1176dae0af0c0df918fbd8717ece5ccb3c72d,603933.SH,2024-02-21,4,4,UNVERIFIED_WARMUP,UNRESOLVED_RSI_WARMUP
fd444db7bc9fef1e9340cb7ae82225bf4a159402ba6fff75ec222dd3b5f6eded,603933.SH,2024-02-22,5,5,UNVERIFIED_WARMUP,UNRESOLVED_RSI_WARMUP
c50e04140ac24bf38d5400a5bcd3f4b04596242b7408cf40660aaa41e06d1f47,603933.SH,2024-02-23,5,5,UNVERIFIED_WARMUP,UNRESOLVED_RSI_WARMUP
0a12a61a47174e713bcc7890b3222bf9d143807b8e0574a3c133de2f215426bd,603933.SH,2024-02-26,5,5,UNVERIFIED_WARMUP,UNRESOLVED_RSI_WARMUP
56a897fa7c9e4fab83a764f0c6d25351ccfd771efde9da2315e679c17826d13d,603933.SH,2024-02-27,5,5,UNVERIFIED_WARMUP,UNRESOLVED_RSI_WARMUP
31f307037c98e55cb94ea6bdb4b285ff4edf2d369a1df6d19beb4d39257745f6,603933.SH,2024-02-28,4,4,UNVERIFIED_WARMUP,UNRESOLVED_RSI_WARMUP
0e40273f376964fb2313fb7fc1c236299b98527c10c702a9c9af68898010ab82,603933.SH,2025-10-22,4,4,READY_PROVISIONAL,UNRESOLVED_REGIME_OR_EXCEPTION
2f1406efccacc2e5c51124f5574a126243721744c6ef259958c5b43035ad659f,603933.SH,2025-12-02,4,4,READY_PROVISIONAL,UNRESOLVED_REGIME_OR_EXCEPTION
83f5934fd7ef2e52a2e1dd2dcbb8dd4eee8af94abbecb9d9be36a526990a4432,603933.SH,2025-12-04,4,4,READY_PROVISIONAL,UNRESOLVED_REGIME_OR_EXCEPTION
d03e38362eb9901f2e23d0925750589db480878462d868d9104642dfeac6ed4c,603936.SH,2026-05-28,2,2,READY_PROVISIONAL,REJECTED_STRICT_PREDICATE
7e67ad213453aa2540bd215f799c1918e5d4765422b4e62a566eee7e64c5464f,603937.SH,2026-05-08,4,4,READY_PROVISIONAL,UNRESOLVED_REGIME_OR_EXCEPTION
10d19a3df49fd3f6fac410e3c37dc60bc877c82f8123ada0fe287893ce0bde6a,603938.SH,2025-04-02,2,2,READY_PROVISIONAL,REJECTED_STRICT_PREDICATE
81a48969d24a760a15a83411b28f6cb93230f4e70bd32d72409847d3ec5342da,603938.SH,2025-04-03,1,1,READY_PROVISIONAL,REJECTED_STRICT_PREDICATE
318767306d63b5c462bf3f04a9238c3b5749722bffd72b46748d5616f3670680,603938.SH,2025-10-20,4,4,READY_PROVISIONAL,UNRESOLVED_REGIME_OR_EXCEPTION
2ba1db9de33204f5a9b86e707e05f900d8a53c67bcc715dbf6257055c8c98f6e,603938.SH,2026-01-12,2,2,READY_PROVISIONAL,REJECTED_STRICT_PREDICATE
dc44f879754023471fd68b4c63c35c3a1ea0096ac019f31d6abf7acb23e674a7,603938.SH,2026-06-26,3,3,READY_PROVISIONAL,REJECTED_STRICT_PREDICATE
60c72e3c01d5ff91fea8e2a68d5b13b607bcc47232cef5d4552c5c68e3f4d280,603939.SH,2024-09-30,1,1,READY_PROVISIONAL,REJECTED_STRICT_PREDICATE
212585c97b9151b3845ce3c6abb08c2424b9477d2a3c353522936f48277f76f6,603939.SH,2024-10-08,1,1,READY_PROVISIONAL,REJECTED_STRICT_PREDICATE
fe7c1d783f614a67067862f57649456cc8df8ed7a75d5117aff1557f978b7886,603948.SH,2025-06-26,4,4,READY_PROVISIONAL,UNRESOLVED_REGIME_OR_EXCEPTION
fe1833b6557f34b164a3d40fd8903d73f082a2c531dad789f6920c276a134dcb,603948.SH,2025-09-01,4,4,READY_PROVISIONAL,UNRESOLVED_REGIME_OR_EXCEPTION
28d3e4ce22fc358de89c77abdcaf9e6a6a199be4035cb6951eb4b127fde84b2b,603948.SH,2025-09-02,4,4,READY_PROVISIONAL,UNRESOLVED_REGIME_OR_EXCEPTION
59fa6f1f2ffffb512927130f718823a075cab8ad72c64165846a484cc1b6d899,603949.SH,2025-03-21,4,4,READY_PROVISIONAL,UNRESOLVED_REGIME_OR_EXCEPTION
656245858ca56aefa4a185f51d980f31961e576d59e9ff8e617ff838862ae386,603949.SH,2025-03-24,5,5,READY_PROVISIONAL,UNRESOLVED_REGIME_OR_EXCEPTION
73f610545c78ef81ba68cfff34ba71c4057c704ffa9c20033b7f46a562bdad92,603949.SH,2025-03-25,4,4,READY_PROVISIONAL,UNRESOLVED_REGIME_OR_EXCEPTION
0a0d0b7afb3406bf5239b5c6a741361c810c6c1b437766d898b584c000c97a9c,603950.SH,2026-04-15,4,4,READY_PROVISIONAL,UNRESOLVED_REGIME_OR_EXCEPTION
a87962e218957211550794dfb2dbddda12cd1983ff4bc21514319b1852af0795,603955.SH,2024-11-08,4,4,READY_PROVISIONAL,UNRESOLVED_REGIME_OR_EXCEPTION
4a69c7f190a0e31c8e7ff60b9423e1d6fe7b077ca2dbc6f736bbecd67ae08753,603955.SH,2024-11-11,5,5,READY_PROVISIONAL,UNRESOLVED_REGIME_OR_EXCEPTION
443d6d1767597ea281e39c2201a1482510be1a72445d7ec221f388ca381e6d35,603955.SH,2024-11-12,5,5,READY_PROVISIONAL,UNRESOLVED_REGIME_OR_EXCEPTION
4e4e2be70365aa8a2ad22c7b083b89994701635c80a9d45620c67e62e8f539a6,603955.SH,2024-11-13,5,5,READY_PROVISIONAL,UNRESOLVED_REGIME_OR_EXCEPTION
7732d4c76d166e96a8b2eff44030369d81b6d42664d612eaf1d978a63bb96162,603955.SH,2024-11-14,5,5,READY_PROVISIONAL,UNRESOLVED_REGIME_OR_EXCEPTION
86fb244300ffee571c0dac84887c70a848444eb85655341439c1574790503ce6,603955.SH,2024-11-15,5,5,READY_PROVISIONAL,UNRESOLVED_REGIME_OR_EXCEPTION
f67aa8bedb2e6fc0f86ae8cfc9d9763c7c7675784f988fa11e598d75c6643c0a,603955.SH,2024-11-18,5,5,READY_PROVISIONAL,UNRESOLVED_REGIME_OR_EXCEPTION
7b4f77a2323a317e488747f28cd31987c9168fdc021bf8b4e34fd1ca93b1e3ec,603955.SH,2024-11-19,5,5,READY_PROVISIONAL,UNRESOLVED_REGIME_OR_EXCEPTION
464423c2d2242eae2c63bff4b9436ad8ca845b2af7e0b2ca88eff894d6e189dd,603955.SH,2024-11-20,5,5,READY_PROVISIONAL,UNRESOLVED_REGIME_OR_EXCEPTION
460f5762560d7162342ea0216dfd67d261ab50a7982e38152bee7f91ea24ac41,603955.SH,2024-11-21,5,5,READY_PROVISIONAL,UNRESOLVED_REGIME_OR_EXCEPTION
43972128459a18cb4fc5d422904f0fb459312a823781dc207f27b7d62df3aa77,603955.SH,2024-11-22,4,4,READY_PROVISIONAL,UNRESOLVED_REGIME_OR_EXCEPTION
a4dab06634440f2139c9ca1d45694991135e6f3416778a5c71c6be4d9860f0d3,603955.SH,2025-05-21,1,1,READY_PROVISIONAL,REJECTED_STRICT_PREDICATE
afcc1f25968a0f5c50cab0877b7bccca3e1de4db7a748ab6bc184ef916bc2e87,603956.SH,2025-02-14,4,4,READY_PROVISIONAL,UNRESOLVED_REGIME_OR_EXCEPTION
4cab054dc691bc7a8394082c1c015feb22d70669511a1122d2e3147c0265a9db,603956.SH,2025-02-17,5,5,READY_PROVISIONAL,UNRESOLVED_REGIME_OR_EXCEPTION
984dd35e00ac31dd99cf0f8df0b0414123443f0f1558862ee83a8aefe73ebf02,603956.SH,2025-02-18,5,5,READY_PROVISIONAL,UNRESOLVED_REGIME_OR_EXCEPTION
7b55cd383a4f3c19871d7157a8ecc2afef986cda8728d45ce84f3b02f76497ae,603956.SH,2025-02-19,4,4,READY_PROVISIONAL,UNRESOLVED_REGIME_OR_EXCEPTION
cf22ed4efdcbe3b4e373fc800579e52b04c24536f53d204067530d97a0861f85,603958.SH,2024-01-22,4,5,UNVERIFIED_WARMUP,UNRESOLVED_RSI_WARMUP
acadde5cb490f332e352249a353a5ef1d2bb50386418b3dea5ebb512dac034e4,603958.SH,2024-01-23,5,5,UNVERIFIED_WARMUP,UNRESOLVED_RSI_WARMUP
da6eac253dc5ddddd1b5a3113f0b65e1a131d5bccca512f2ab2d325eea9350a9,603958.SH,2024-01-24,5,5,UNVERIFIED_WARMUP,UNRESOLVED_RSI_WARMUP
ad4fb6b1840d5aa4fb6b35dff6b30834b0c14fe167ceca2b51057b0971781cd8,603958.SH,2024-01-25,4,4,UNVERIFIED_WARMUP,UNRESOLVED_RSI_WARMUP
d309e684c78a9b66154f8d3bf3a0452136d052275085fbb17bdb2c447ec9f5ba,603958.SH,2024-02-07,4,4,UNVERIFIED_WARMUP,UNRESOLVED_RSI_WARMUP
126db15a285413268fb4c48a07b3b36f22519d8b70ebf2eee89144b4456f93c6,603958.SH,2024-02-08,4,4,UNVERIFIED_WARMUP,UNRESOLVED_RSI_WARMUP
57911f815b7751a345516c5c6ca4e22ff2c0fd5116e00ec65a3fcbe10476644a,603958.SH,2024-02-19,4,4,UNVERIFIED_WARMUP,UNRESOLVED_RSI_WARMUP
d9d23c6e7ea8fa363aa808a7afd13347227b9683eeafe57af326d73187172df9,603958.SH,2024-10-29,4,4,READY_PROVISIONAL,UNRESOLVED_REGIME_OR_EXCEPTION
9956e861306f9e9c2bf247f39f51a8baa1a50571aa9cfa91767da1e0056fe01a,603958.SH,2024-10-30,4,4,READY_PROVISIONAL,UNRESOLVED_REGIME_OR_EXCEPTION
f96060da14176390148077b12d6f09e389c5f3cfa994bd083f78cc7b23e7c5af,603958.SH,2024-12-27,3,3,READY_PROVISIONAL,REJECTED_STRICT_PREDICATE
125e6ad205a27d31858cd317d9c14cd8ce12ab242ecb42cddaf9f12de9fefa60,603958.SH,2024-12-30,4,4,READY_PROVISIONAL,UNRESOLVED_REGIME_OR_EXCEPTION
2d78329f13521e8963f5195e8a942d9b321af24eac05c4c9560ead6ba63b137b,603958.SH,2026-01-30,3,3,READY_PROVISIONAL,REJECTED_STRICT_PREDICATE
a12fe07f4f79b2b8b0d12554d4e8487d4cf87d0506641178721eee0c9bc16bb8,603958.SH,2026-08-21,4,4,READY_PROVISIONAL,UNRESOLVED_REGIME_OR_EXCEPTION
aee753fecf343508f57feb20306efa891dea4aeb0b220765703336310eec4beb,603958.SH,2026-08-24,4,4,READY_PROVISIONAL,UNRESOLVED_REGIME_OR_EXCEPTION
0e05df3eacfbe76e1474a62776019d6a164bc194ae69c3bf4aa2fdfd55cc5de8,603958.SH,2026-08-26,3,3,READY_PROVISIONAL,REJECTED_STRICT_PREDICATE
40d6f82734ee9f99b349c7cdcc2982b263f573227bf52fa9ab01481661d07b68,603960.SH,2024-02-06,4,4,UNVERIFIED_WARMUP,UNRESOLVED_RSI_WARMUP
fa68b944f172a072579ce6f3039ef9ad8bdd9a3b13510e12f9db07bff96d91d2,603960.SH,2024-02-07,5,5,UNVERIFIED_WARMUP,UNRESOLVED_RSI_WARMUP
122ee3b819a1e16004eb2b2215203081914c8a7a7b2ebfb1ef0d105b8e2d5633,603960.SH,2024-02-08,5,5,UNVERIFIED_WARMUP,UNRESOLVED_RSI_WARMUP
d8418fae9a8d5ceeb6c5294cdc8cd4626592ee9d829d2c363aa7bc17b9523568,603960.SH,2024-02-19,5,5,UNVERIFIED_WARMUP,UNRESOLVED_RSI_WARMUP
a1267ee154667ce17bcfedb21e23767d70a534a275f62fcaa4a411a00a5f324e,603960.SH,2024-02-20,5,5,UNVERIFIED_WARMUP,UNRESOLVED_RSI_WARMUP
2195ab35707b17ebb3f07e03feefe5dc27d898293c7c8b4e6f542ed4a2dc6f30,603960.SH,2024-02-21,5,5,UNVERIFIED_WARMUP,UNRESOLVED_RSI_WARMUP
68252e7d0dabe278372b53a2c86c4ee300c5130cec56a1e8c19a7e78dbe4f94f,603960.SH,2024-02-22,5,5,UNVERIFIED_WARMUP,UNRESOLVED_RSI_WARMUP
216200575584bd45b0b9d0d4ee1d53f2109e7f14b99e6cb413756fa5220deb4b,603960.SH,2024-02-23,5,5,UNVERIFIED_WARMUP,UNRESOLVED_RSI_WARMUP
3706d10f2bf60140a3564b749964465c70a9377ddfc90878cc001ec5816b9a09,603960.SH,2024-02-26,5,5,UNVERIFIED_WARMUP,UNRESOLVED_RSI_WARMUP
39c75fd2a07901a909ea27553b23846b5f70260029da16e5cd16804cf35a45c7,603960.SH,2024-02-27,5,5,UNVERIFIED_WARMUP,UNRESOLVED_RSI_WARMUP
88ff504f8962dd8e853799d3f57c6ab0cbc9e61a110e387979e8559779965c0b,603960.SH,2024-02-28,4,4,UNVERIFIED_WARMUP,UNRESOLVED_RSI_WARMUP
0f16514715a12e7db6cde4066f77b8b07d4b4a426ae6b838c07bfe15860e6b97,603980.SH,2026-02-10,3,3,READY_PROVISIONAL,REJECTED_STRICT_PREDICATE
8bdc92a1398dd62eba9df4fe86d0b6dd903fb46e1541e6cf5096dc0ff97c8342,603980.SH,2026-02-11,4,4,READY_PROVISIONAL,UNRESOLVED_REGIME_OR_EXCEPTION
7d2426ce210875c7bd80bf851072ac46b9ad7072737361b4fbff05354e107652,603985.SH,2024-09-30,1,1,READY_PROVISIONAL,REJECTED_STRICT_PREDICATE
7d2b0c42360035a390e6de3cbe2f90c7edba9af28527f39f69dbe563f1ea2f57,603985.SH,2024-10-08,1,1,READY_PROVISIONAL,REJECTED_STRICT_PREDICATE
517edd61e75bdef1651f35748f469c5f67198102aad426f8d2aaf88785a7d252,603986.SH,2024-09-30,0,0,READY_PROVISIONAL,REJECTED_STRICT_PREDICATE
763537ae890f95d5de38caac95e1874df36856ccae15d0a20ecbead738f158b7,603986.SH,2024-10-08,1,1,READY_PROVISIONAL,REJECTED_STRICT_PREDICATE
a388fd914d438cde8931140485892779648429307ecafd7c97b7dcdb92b66212,603986.SH,2024-10-09,1,1,READY_PROVISIONAL,REJECTED_STRICT_PREDICATE
b1ce59eb3cdb04a0c7afe221f6842d092a2d54afaf4ea6ce495235034dd896cb,603986.SH,2026-05-26,1,2,READY_PROVISIONAL,REJECTED_STRICT_PREDICATE
e545a6e63053c495df735e068091014df0ea8415943ee62edd9525c5d711d78b,603986.SH,2026-06-22,1,1,READY_PROVISIONAL,REJECTED_STRICT_PREDICATE
19dc28db80eda9a3e4a90f0f8113579df04fb657c3af7ae5b8963f187e87ab5f,603986.SH,2026-06-24,2,2,READY_PROVISIONAL,REJECTED_STRICT_PREDICATE
44a3c69e5d96da00c0a185d651f9f2f31de9bfe56adb375622b39572b3412155,603986.SH,2026-06-25,1,1,READY_PROVISIONAL,REJECTED_STRICT_PREDICATE
27e5a3bf6e72bb8669d3c87905e89ae1cef985b3e548140b5998c78d4f4640ab,603988.SH,2024-04-09,4,4,UNVERIFIED_WARMUP,UNRESOLVED_RSI_WARMUP
44da2d3cd0d013f468dbe2ef7532e7fb157b2a0d6ce416f9007f6d0387694a81,603988.SH,2024-04-10,5,5,UNVERIFIED_WARMUP,UNRESOLVED_RSI_WARMUP
78f360804ac975a20ebcb20969d92d7a476df3a0f0e85df3e567dc69dd4d506a,603988.SH,2024-04-11,4,4,UNVERIFIED_WARMUP,UNRESOLVED_RSI_WARMUP
c0e57f6de6d7a0383dce7d144ab4742f93e7e3b3530845c06afa472c7f4c1554,603988.SH,2024-07-30,4,4,READY_PROVISIONAL,UNRESOLVED_REGIME_OR_EXCEPTION
d3536e6087b197b11ba21ae1bb76077c987612bcc808ea407a99d482b5a1a11f,603988.SH,2024-07-31,5,5,READY_PROVISIONAL,UNRESOLVED_REGIME_OR_EXCEPTION
75683f289a9a4168142fa984825fa97cdd33fe09d40ab1fbe92cbd9eccb96b5b,603988.SH,2024-08-01,5,5,READY_PROVISIONAL,UNRESOLVED_REGIME_OR_EXCEPTION
efcd2388f49d09e4a38ddbf4b31c76763d8bfb041dc71ad683bb3a106cff939c,603988.SH,2024-08-02,4,4,READY_PROVISIONAL,UNRESOLVED_REGIME_OR_EXCEPTION
523ca2c21ead078d9b6e392c4a4efa7f82d41822091d62ab30015a2594515fc7,603989.SH,2026-05-22,3,3,READY_PROVISIONAL,REJECTED_STRICT_PREDICATE
21b470115f8799ea2230ad77c4d5b4ac31344da1cdd9c26d6bf17b0cbc43095b,603989.SH,2026-05-25,2,2,READY_PROVISIONAL,REJECTED_STRICT_PREDICATE
916ee6aca6f12df5db3938f53f3a8f8cbfb330190018599cef51753a463700e0,603989.SH,2026-05-28,3,3,READY_PROVISIONAL,REJECTED_STRICT_PREDICATE
6326961e531934a08b5f26f4e347c07835f8a2e0a53a221372aa717a1fe3e18a,603989.SH,2026-06-18,3,3,READY_PROVISIONAL,REJECTED_STRICT_PREDICATE
aae523049f33dfc06d174ec276b57bf54fcbe7c4abfd0c5c44fa6b98abaedf60,603989.SH,2026-06-22,4,4,READY_PROVISIONAL,UNRESOLVED_REGIME_OR_EXCEPTION
548dce5fa4c32fcc2050e91772e1c215076398f1625a4fe4f0db4703c6fccb3d,603989.SH,2026-06-23,4,4,READY_PROVISIONAL,UNRESOLVED_REGIME_OR_EXCEPTION
92d0a5bbf1ca96497526c04dd325fbd918deeb674332b8dacdf727b9a45fefc3,603989.SH,2026-06-24,4,4,READY_PROVISIONAL,UNRESOLVED_REGIME_OR_EXCEPTION
4da6bcc1cdbc32cce84f93bff0466a69930e9e81870245661ec48007dad61480,603989.SH,2026-06-25,4,4,READY_PROVISIONAL,UNRESOLVED_REGIME_OR_EXCEPTION
daf6956789ff04c97a4e64db585de5095a64f4138978f54f21d846a269ba4ba4,603991.SH,2024-10-09,2,2,READY_PROVISIONAL,REJECTED_STRICT_PREDICATE
6cca88790aabbc79f0c2cc3dc0269e68f671ae7e540289eca3795f8e8ef2b2bc,603991.SH,2024-10-10,2,2,READY_PROVISIONAL,REJECTED_STRICT_PREDICATE
7deabc21632ef30e6db4846630edcbbe6792f60c513d697bf654d3e059084265,603991.SH,2024-10-24,3,3,READY_PROVISIONAL,REJECTED_STRICT_PREDICATE
cf74236f1e5b43e508b62a18c2830e1c1119f45aeb18db69ffff41faa8d7b2f3,603991.SH,2024-10-25,4,4,READY_PROVISIONAL,UNRESOLVED_REGIME_OR_EXCEPTION
ca815e8e74d7bfea3a7a16e97cac22b32e7d41c666af229a8e957a4af94d9cab,603991.SH,2024-10-28,5,5,READY_PROVISIONAL,UNRESOLVED_REGIME_OR_EXCEPTION
9439c1115d4a02bac152ece6f8d56749619eeedc441682eda289ea4bf9a70026,603991.SH,2024-10-29,5,5,READY_PROVISIONAL,UNRESOLVED_REGIME_OR_EXCEPTION
b461229cf5a5f2f311cf689e54b61c54f89f09f998883ec6131ef3ab22044e53,603991.SH,2024-10-30,4,4,READY_PROVISIONAL,UNRESOLVED_REGIME_OR_EXCEPTION
73b94aa9c47dfc7e493bf5ac89485ece14fc806fc17ba3acf3babf0285448c25,603993.SH,2025-10-09,1,1,READY_PROVISIONAL,REJECTED_STRICT_PREDICATE
cb3a0bf2d8cb3ae1771ce697e23b6dd8e56e7533b1e0d045b987c82433ad8806,605001.SH,2024-04-22,4,4,UNVERIFIED_WARMUP,UNRESOLVED_RSI_WARMUP
2db2b2edc005ff6bcdb033ef739b04881638664cd2a5b72c732eb6290a430e7f,605001.SH,2024-04-23,4,4,UNVERIFIED_WARMUP,UNRESOLVED_RSI_WARMUP
972f9d42efdfada620b33edde84fed6f94dd116fbc48e29e36263fc23deb569b,605005.SH,2025-06-04,4,4,READY_PROVISIONAL,UNRESOLVED_REGIME_OR_EXCEPTION
309e5584923ebe53bad88432b7f27d2b1568ffa724df49ae18abbac4dbb9b0c3,605006.SH,2024-12-09,4,4,READY_PROVISIONAL,UNRESOLVED_REGIME_OR_EXCEPTION
f9688e2cf6e689e6104d78bb11a3d76218b94ac5ed043829fa604806f74273f8,605006.SH,2024-12-10,5,5,READY_PROVISIONAL,UNRESOLVED_REGIME_OR_EXCEPTION
58340dc923fde20ef7589d65340f1f50d6a63bbb22db14b474e5e4274dac17a5,605006.SH,2024-12-11,5,5,READY_PROVISIONAL,UNRESOLVED_REGIME_OR_EXCEPTION
b99b4ebde81ae75f8dc83cf6e2fda4a338efe8174634596ef11c504698af563b,605006.SH,2024-12-12,5,5,READY_PROVISIONAL,UNRESOLVED_REGIME_OR_EXCEPTION
21d446c405833625a91f26b1f9133107f75b598aa68285e24a24be50c42e0eba,605006.SH,2024-12-13,4,4,READY_PROVISIONAL,UNRESOLVED_REGIME_OR_EXCEPTION
5e0d0e485342cd90c00c321e0e8f0175ed2a7cb0c7e5a4e7ec3c56567b317051,605006.SH,2026-05-08,3,3,READY_PROVISIONAL,REJECTED_STRICT_PREDICATE
71d2a31a9dfb39ef297cf3694faa02022bed22eaa7fac3173ec868ebe5098938,605006.SH,2026-05-11,3,3,READY_PROVISIONAL,REJECTED_STRICT_PREDICATE
2e8cff3cbc7d3328477af3a9c7e43c957467cb44c20550972256e30fd3082a47,605006.SH,2026-05-12,3,3,READY_PROVISIONAL,REJECTED_STRICT_PREDICATE
c5bcad43a20ac29efaf48357f478d1d168ded619bc596ef75c916d663024b50a,605006.SH,2026-06-16,2,2,READY_PROVISIONAL,REJECTED_STRICT_PREDICATE
4276e722ef954434e426f9c30c2c1444a4f33be347b36fcaaa1cad51f2cd97aa,605006.SH,2026-06-17,1,1,READY_PROVISIONAL,REJECTED_STRICT_PREDICATE
fb40a9b0c54ebabdee2aa67ade967f67c5f49062ab14165dac4f119a7d0084d6,605018.SH,2026-06-09,2,2,READY_PROVISIONAL,REJECTED_STRICT_PREDICATE
7d08f67785112612717e5d0b9bd011d911176781d8802eab1d9f2fcce51572d4,605028.SH,2024-11-20,3,3,READY_PROVISIONAL,REJECTED_STRICT_PREDICATE
f1d4a13f0a5495dd0d0c4dc1b229d19a0a80d52ca43df38f69399c73b5b16d6a,605028.SH,2025-08-22,4,4,READY_PROVISIONAL,UNRESOLVED_REGIME_OR_EXCEPTION
2da127e4bc9f512748e6d2e5866461ba3368a9c90718cb87754eceb74aaa2bbb,605028.SH,2025-08-25,4,4,READY_PROVISIONAL,UNRESOLVED_REGIME_OR_EXCEPTION
c1f109e76ccf140de4e8ca1b8686fe323f6f145d96fc67114abc8191313218b8,605033.SH,2025-01-07,4,4,READY_PROVISIONAL,UNRESOLVED_REGIME_OR_EXCEPTION
0bc505cb7277ff9bf19ea67245e727a6cc36b3cace73c2345cc7720b1a7e40aa,605033.SH,2025-01-08,5,5,READY_PROVISIONAL,UNRESOLVED_REGIME_OR_EXCEPTION
e737d3726a71fb058a9f9cb6435de55e9f47a389f48e0036144411515741ac2f,605033.SH,2025-01-09,5,5,READY_PROVISIONAL,UNRESOLVED_REGIME_OR_EXCEPTION
6043bdc4c1e07bbba8aecff4f6224566cf844f256e99007ecabc6c052acde078,605033.SH,2025-01-10,5,5,READY_PROVISIONAL,UNRESOLVED_REGIME_OR_EXCEPTION
4d50e0de84604cac61a5f9ac93cf5809576ff969563e7bed74c12d55c379d28f,605033.SH,2025-01-13,5,5,READY_PROVISIONAL,UNRESOLVED_REGIME_OR_EXCEPTION
5f95c091eb14452014ef00045c006793f4e758217da8158e8722373ae52d54ee,605033.SH,2025-01-14,5,5,READY_PROVISIONAL,UNRESOLVED_REGIME_OR_EXCEPTION
81b75831322baab6015fcfbe1a2e7d1ad79e9d5d68ad9807a5e106788c3c374b,605033.SH,2025-01-15,5,5,READY_PROVISIONAL,UNRESOLVED_REGIME_OR_EXCEPTION
69063e487d9d2a564e26a3f78da3f0c82dd479c6a7db22775711551ba5df7690,605033.SH,2025-01-16,4,4,READY_PROVISIONAL,UNRESOLVED_REGIME_OR_EXCEPTION
ee1b2d0cd7fe87ce5f379fced413b03c1f45d97a4a52b83e0a40a8b5487109f5,605033.SH,2025-07-22,4,4,READY_PROVISIONAL,UNRESOLVED_REGIME_OR_EXCEPTION
ea0db0770f1de5c03cda0761dccacee4c97312d8c979fa82b409e08040f9e5f5,605033.SH,2026-02-24,4,4,READY_PROVISIONAL,UNRESOLVED_REGIME_OR_EXCEPTION
902ba48004beafd10377b7ab25af13b67bc4f2c8197218963edc6c102727a8d7,605033.SH,2026-02-25,4,4,READY_PROVISIONAL,UNRESOLVED_REGIME_OR_EXCEPTION
fca62ef077c4d8838a86cbe2a7bc6f9c593f1c24b76e998003e96e65b20d27a4,605055.SH,2025-05-14,4,4,READY_PROVISIONAL,UNRESOLVED_REGIME_OR_EXCEPTION
d9c196e93beeea6d7c8371ca18fb57108709cdccc1898cc52cf1f220f4cf472f,605055.SH,2025-05-15,5,5,READY_PROVISIONAL,UNRESOLVED_REGIME_OR_EXCEPTION
8e013b82050b1b3b7f5fa866f5bd4d520f6d0c88c86733675a361657de59e633,605055.SH,2025-05-16,4,4,READY_PROVISIONAL,UNRESOLVED_REGIME_OR_EXCEPTION
70e1cf4d1dd814398dc1eb2a080051ba9e26345db087949729b53e79fec258f1,605055.SH,2025-05-19,4,4,READY_PROVISIONAL,UNRESOLVED_REGIME_OR_EXCEPTION
a6faaf8f6497cb6227296a950ffac2ca1db640aeb3a941b75836641a09c58710,605055.SH,2025-05-20,4,4,READY_PROVISIONAL,UNRESOLVED_REGIME_OR_EXCEPTION
de1673ade78d0c7b1a423fa8cb9dd6e78b67393e3f33075ec1a1322b82b7429f,605058.SH,2026-09-16,4,4,READY_PROVISIONAL,UNRESOLVED_REGIME_OR_EXCEPTION
d6b1167b9a39ea86e65466f19c511e7664ef9be88ed4656c3eb5f9a48f59cea2,605058.SH,2026-09-17,5,5,READY_PROVISIONAL,UNRESOLVED_REGIME_OR_EXCEPTION
a68c915c707cce273073683fa0e879605182cb5bce503e6161e0bed53d348b03,605058.SH,2026-09-18,4,4,READY_PROVISIONAL,UNRESOLVED_REGIME_OR_EXCEPTION
e638b484f4a079468e1a5965a935a6c449d2eba00307f221acf5fe746dc034eb,605060.SH,2026-02-12,2,2,READY_PROVISIONAL,REJECTED_STRICT_PREDICATE
3bfb4141d876f06be207ab0b8522ad90a40b53923242fd169be49789f46fe445,605060.SH,2026-02-26,0,0,READY_PROVISIONAL,REJECTED_STRICT_PREDICATE
189c37644f6c2bca9aebf1469eebfe98f587bcb82e7683182bbe60cdedeaeb31,605066.SH,2025-03-04,4,4,READY_PROVISIONAL,UNRESOLVED_REGIME_OR_EXCEPTION
a8d843c4c4e4663d32dde2c560f75fa57a31675f123c98aca28e8d282f468044,605066.SH,2025-03-05,5,5,READY_PROVISIONAL,UNRESOLVED_REGIME_OR_EXCEPTION
5eba335cba789d588f2816c524cf5fe6d956247749e0b58c42e8a22f0aa70fa8,605066.SH,2025-03-06,4,4,READY_PROVISIONAL,UNRESOLVED_REGIME_OR_EXCEPTION
859e4ee0017d59b16bd36524a68ceee0f48fb115de4cf5f4a6c4d1e9989be79f,605068.SH,2026-07-31,4,4,READY_PROVISIONAL,UNRESOLVED_REGIME_OR_EXCEPTION
34810c5e7c91f379572d14e28f73f21a8da58ad909b674ac54900fbce330571a,605069.SH,2024-10-31,3,3,READY_PROVISIONAL,REJECTED_STRICT_PREDICATE
9fddc7dbcdc246f87d227b8576395d7acb938c48ad3387f6c056bc35b87fad1e,605069.SH,2025-03-12,4,4,READY_PROVISIONAL,UNRESOLVED_REGIME_OR_EXCEPTION
7afbfc195545db523de33c1509e03325b7e5774abfe9a0e3ce28901d9f6ea6c2,605089.SH,2024-10-08,0,0,READY_PROVISIONAL,REJECTED_STRICT_PREDICATE
ee0392ab4004e5b8bcc350adb0082487f8f701ea8bd65d93a36821c93ae0bb6a,605099.SH,2025-06-05,4,4,READY_PROVISIONAL,UNRESOLVED_REGIME_OR_EXCEPTION
11a8c0c908dbaf721a65a072b117155d5736ea992cdda0ad359159e436691db3,605099.SH,2025-06-06,4,5,READY_PROVISIONAL,UNRESOLVED_REGIME_OR_EXCEPTION
961cf3110bcf71f42ab11fda9c4fe7ed33fb8279d512cf60b01e9b3fbaef6ecc,605099.SH,2025-06-09,4,5,READY_PROVISIONAL,UNRESOLVED_REGIME_OR_EXCEPTION
cf3e34c0f83ac49c0ab4029f25a10177855fb6a6e78a4f44a6682448541254e4,605099.SH,2025-06-10,4,5,READY_PROVISIONAL,UNRESOLVED_REGIME_OR_EXCEPTION
62d2721eead3562b838d236cd394adf37e87ce525e5df2cdaa5ba3891014884b,605099.SH,2025-06-11,3,4,READY_PROVISIONAL,UNRESOLVED_REGIME_OR_EXCEPTION
4cb9a19e6ec08abc2a2ae84d407cf25352b433d26a11e6dce1876fee26131460,605100.SH,2025-02-26,4,4,READY_PROVISIONAL,UNRESOLVED_REGIME_OR_EXCEPTION
e54a032eb04d8b498d0584694b8917dae6bbf4bd5b4d9f5d87e320fa1954dd92,605100.SH,2025-02-27,5,5,READY_PROVISIONAL,UNRESOLVED_REGIME_OR_EXCEPTION
500ab4a2c8939a81d9595b43f04e918053a558a4fe61ef952866510a823d6929,605100.SH,2025-02-28,5,5,READY_PROVISIONAL,UNRESOLVED_REGIME_OR_EXCEPTION
e43bd5000573956c31f1e0085c62a4f2325e911e555765c910ca1c06c946ef1d,605100.SH,2025-03-03,4,4,READY_PROVISIONAL,UNRESOLVED_REGIME_OR_EXCEPTION
2a47b7daf12e92b9eb24a115a6c6377d124706d112e82e179f05ebe521074055,605100.SH,2025-03-04,4,4,READY_PROVISIONAL,UNRESOLVED_REGIME_OR_EXCEPTION
73bad29a5a3774d8eeafead10ff4fd2f8128961bf8cd2db934e343ed7b6c3556,605108.SH,2024-09-30,1,1,READY_PROVISIONAL,REJECTED_STRICT_PREDICATE
0b9aca67ebca0160a41d3a800f9c8eeba2f45f5d1c5be5bb366945342f2f7b8e,605111.SH,2024-10-08,1,1,READY_PROVISIONAL,REJECTED_STRICT_PREDICATE
e912b64b243e1ac67f322c9951d85810447979b26adb296e0989a2ee817d9922,605111.SH,2024-10-09,1,1,READY_PROVISIONAL,REJECTED_STRICT_PREDICATE
2ee274ae6ce0dacddd219aece04705c13f0135176f63ed186e7f4b371b2415c6,605117.SH,2026-03-03,1,1,READY_PROVISIONAL,REJECTED_STRICT_PREDICATE
962d5ccc2811a4ae670dcfaab60eb5ca4ae8367e997b26549f5f0d35451fc40e,605122.SH,2025-07-10,4,4,READY_PROVISIONAL,UNRESOLVED_REGIME_OR_EXCEPTION
4ffb44da2454d2bbb91be70cf0f7a2c185bddda96d0679e97c9d8ea88c618d45,605122.SH,2025-07-11,5,5,READY_PROVISIONAL,UNRESOLVED_REGIME_OR_EXCEPTION
32f79a28bfe04673eca853cb96bf6de94f20a0f8fabc4e49fa6c7ce696e810ca,605122.SH,2025-07-14,4,4,READY_PROVISIONAL,UNRESOLVED_REGIME_OR_EXCEPTION
031be031841dfd98c7857d072ff06e4209149d9eced3abb2d6c434b2a1f6bfbc,605136.SH,2025-05-20,4,4,READY_PROVISIONAL,UNRESOLVED_REGIME_OR_EXCEPTION
4aef041236100441c91b796a09cb8b8ab633f68baf7cb794e828dd4d9ed3f759,605136.SH,2025-05-21,5,5,READY_PROVISIONAL,UNRESOLVED_REGIME_OR_EXCEPTION
c366002706a7502d0bf18d33cac2f7973e40dd549a9551235bebb94e77c1d40b,605136.SH,2025-05-22,4,4,READY_PROVISIONAL,UNRESOLVED_REGIME_OR_EXCEPTION
1fc71a4fbfbd66deeddd79833f2d3882589ea22a9e832e34c8f538ed53287d95,605136.SH,2025-05-23,4,4,READY_PROVISIONAL,UNRESOLVED_REGIME_OR_EXCEPTION
415df7f012178be6cf5813592800c1e76bf77fec8bed74fe341dae74a1d2fbf4,605136.SH,2025-05-26,3,3,READY_PROVISIONAL,REJECTED_STRICT_PREDICATE
181621498d152136db93ea47e32d686382e61e3a7a76850c2530093831bab70b,605162.SH,2025-07-09,4,4,READY_PROVISIONAL,UNRESOLVED_REGIME_OR_EXCEPTION
bf5307c675862b41e7aefca813f3f4b59674889937782495336549a5bba888dd,605162.SH,2025-07-10,4,4,READY_PROVISIONAL,UNRESOLVED_REGIME_OR_EXCEPTION
cec5eaf93237473959f430a244dd723226aaf227f1aa0e04e9d9988a86f6cf85,605162.SH,2026-04-07,4,4,READY_PROVISIONAL,UNRESOLVED_REGIME_OR_EXCEPTION
1c6b427f2b9eb2a36f0e4fcb1088d75618dccf6dd63ee95a1eaaebc82ea9c7f2,605162.SH,2026-04-08,4,4,READY_PROVISIONAL,UNRESOLVED_REGIME_OR_EXCEPTION
78b7b358d2444aee05941ec51b82b9f3b510fdf72d03d0036ea1c8f89a761a06,605169.SH,2025-08-08,4,4,READY_PROVISIONAL,UNRESOLVED_REGIME_OR_EXCEPTION
39cd09906b2d8fc077df317c346b34b6210093d765d03aea4c59ba007ba077f0,605169.SH,2025-08-11,4,4,READY_PROVISIONAL,UNRESOLVED_REGIME_OR_EXCEPTION
461be1ff9c89e457fc9a65f1d9cb1cee0dfb9a59a07df22df6c4f38f018c4d04,605169.SH,2025-08-12,4,4,READY_PROVISIONAL,UNRESOLVED_REGIME_OR_EXCEPTION
bf53202c5efc99d4638a877c71f17e732ebd36d43ded6a106fdc9c5f810dd387,605169.SH,2025-08-13,4,4,READY_PROVISIONAL,UNRESOLVED_REGIME_OR_EXCEPTION
288d75179b3895c3c39ea17094c311858dc8d77cd352e48f4ae1a128e118646f,605178.SH,2024-02-21,1,1,UNVERIFIED_WARMUP,REJECTED_STRICT_PREDICATE
2244ddcbe848c3210b52318f4a0a2fd28fb0c6f98705fbcfe2e17d65c7ba3a1b,605178.SH,2024-02-22,1,1,UNVERIFIED_WARMUP,REJECTED_STRICT_PREDICATE
41ada8a0a4ec0fa0c8e1535f4c0533a60d487eac823a667fee843867fd0e1887,605178.SH,2024-06-27,4,4,UNVERIFIED_WARMUP,UNRESOLVED_RSI_WARMUP
57dfbb3af05e61b70da1a1c16955a4f77d7cbc0c75426130f571299ee2071696,605178.SH,2024-06-28,4,4,UNVERIFIED_WARMUP,UNRESOLVED_RSI_WARMUP
10163dc9ea6896a25fa35475156ac98f1864f28a8f9450899dcbe815f72056af,605178.SH,2025-10-27,4,4,READY_PROVISIONAL,UNRESOLVED_REGIME_OR_EXCEPTION
394f9206e552bdcb78184aa6bab5aa1b243cf10929892cc49393becf46711ab2,605178.SH,2025-10-28,5,5,READY_PROVISIONAL,UNRESOLVED_REGIME_OR_EXCEPTION
fe99a67f0e91efe4752e60e7083a3c225f428cc64c939a73bf583acf2f764310,605178.SH,2025-10-29,5,5,READY_PROVISIONAL,UNRESOLVED_REGIME_OR_EXCEPTION
0d50aefe21beafed499420220893c59663aa00f594745fcba1b135e8d1363c14,605178.SH,2025-10-30,5,5,READY_PROVISIONAL,UNRESOLVED_REGIME_OR_EXCEPTION
6f539c53f7e7072bc9c0065bf2b4afcd8f546a22800af999348b48dfbce3a7de,605178.SH,2025-10-31,5,5,READY_PROVISIONAL,UNRESOLVED_REGIME_OR_EXCEPTION
b63b68fd2d5496b729363b8ea2e9744c8756d5c20b0bfe72fece5ce9e18e986c,605178.SH,2025-11-03,4,4,READY_PROVISIONAL,UNRESOLVED_REGIME_OR_EXCEPTION
b6c36be589f0703e03656954a9d0f3d6d96a345d07f3e88001a174c81f20aa9f,605178.SH,2026-07-03,2,2,READY_PROVISIONAL,REJECTED_STRICT_PREDICATE
fa8cbddfa88eedaffa9a0597f9dd38b6d79c2693124381c4f4ece986196c9130,605179.SH,2024-11-29,4,4,READY_PROVISIONAL,UNRESOLVED_REGIME_OR_EXCEPTION
6fdf14c8fb01db52a4836888cf976b9ba4a807a29601d36b95df796cab13fa82,605179.SH,2024-12-02,5,5,READY_PROVISIONAL,UNRESOLVED_REGIME_OR_EXCEPTION
5cbd881d93dc81bc8dec54f8a34effcc3ec140a462d2b0a062da43e9f16aadf6,605179.SH,2024-12-03,5,5,READY_PROVISIONAL,UNRESOLVED_REGIME_OR_EXCEPTION
4072418f3dc6721022d572d0322b23e8db3d297a96e03c1dc62f6528927df258,605179.SH,2024-12-04,5,5,READY_PROVISIONAL,UNRESOLVED_REGIME_OR_EXCEPTION
bf09664aa0683ed72766cb6b901419db0dbd8f6563ed82c6944e481d7629b2ff,605179.SH,2024-12-05,5,5,READY_PROVISIONAL,UNRESOLVED_REGIME_OR_EXCEPTION
5bcd27edea0145b9c4618feac31c09552425ce24a97143e8287e31813da9f6d1,605179.SH,2024-12-06,5,5,READY_PROVISIONAL,UNRESOLVED_REGIME_OR_EXCEPTION
1a080cd77f55ae753f593a03fabf2b26d1daa532e1977a33d3f2f48df20f9405,605179.SH,2024-12-09,5,5,READY_PROVISIONAL,UNRESOLVED_REGIME_OR_EXCEPTION
a2ffa0f393249a232c8d654c8464cbeb898cbb22aa120bfd1af235c0b8de6340,605179.SH,2024-12-10,5,5,READY_PROVISIONAL,UNRESOLVED_REGIME_OR_EXCEPTION
66838e4875c46ec408fbe5afb7bdefdc8d0a1cfe6d741e313484e17af1b6fc0f,605179.SH,2024-12-11,5,5,READY_PROVISIONAL,UNRESOLVED_REGIME_OR_EXCEPTION
f48cf1490c7c5547c816c059043d10ada8b9c3a732901055f4968552575dabd3,605179.SH,2024-12-12,4,4,READY_PROVISIONAL,UNRESOLVED_REGIME_OR_EXCEPTION
da03bfd8f1dc7aed8a5805a34ba551ea41b74f0932891cb162c30bd447c2e2fd,605179.SH,2026-07-31,4,4,READY_PROVISIONAL,UNRESOLVED_REGIME_OR_EXCEPTION
0f84bb3a7abea55f12c6a862ce34e2cf4961bfaa158c5b700f0148c32ad84287,605179.SH,2026-08-03,5,5,READY_PROVISIONAL,UNRESOLVED_REGIME_OR_EXCEPTION
bd539b384f9511e4c34784eea303d93ce3b79973fcc3f50f905ba48364db3788,605179.SH,2026-08-04,4,4,READY_PROVISIONAL,UNRESOLVED_REGIME_OR_EXCEPTION
67b463f7ee8cb1748833e806eeadfa741b8182ef6986529e4ec5930305138987,605179.SH,2026-08-05,3,3,READY_PROVISIONAL,REJECTED_STRICT_PREDICATE
e2a460a3476209614f0b94ac7f69b8dd7a232c2c223ad0cce7481c8473830438,605179.SH,2026-08-11,2,2,READY_PROVISIONAL,REJECTED_STRICT_PREDICATE
04f38423411d0fedd282c2e6a49d50d23e405ca26a18931ac5ff26117222e51f,605179.SH,2026-08-12,3,3,READY_PROVISIONAL,REJECTED_STRICT_PREDICATE
653199cd9c295b25ee3bd2e0068b73488295fc98a6c7680bf621d332d8010f3c,605179.SH,2026-08-13,4,4,READY_PROVISIONAL,UNRESOLVED_REGIME_OR_EXCEPTION
51e47a51b9dba82c62d08a813f5a2be7762332aac350d6a6bd425e333542d9a6,605179.SH,2026-08-14,4,4,READY_PROVISIONAL,UNRESOLVED_REGIME_OR_EXCEPTION
7461b3a7f3c6e21288b988729b01d0a6ed6d1598961d16f0b41b620506eea74b,605179.SH,2026-08-17,4,4,READY_PROVISIONAL,UNRESOLVED_REGIME_OR_EXCEPTION
081652035a56400e1382ebc5b0a87801daa7ee3298906515302a6b303b38091a,605179.SH,2026-08-18,4,4,READY_PROVISIONAL,UNRESOLVED_REGIME_OR_EXCEPTION
ac3b7f0bc09aa785b4204b018b5b0cc2860570af32ab5cc65254674ab7f8b6f9,605180.SH,2024-03-26,4,4,UNVERIFIED_WARMUP,UNRESOLVED_RSI_WARMUP
c4c4bf0d3ab1218ed51e7f91cb7e7592a081b342c17ba60b7500743c21f70254,605180.SH,2024-03-27,5,5,UNVERIFIED_WARMUP,UNRESOLVED_RSI_WARMUP
d0022956554baebde63562e52e7528f20a32bc27f2fe01a2b0c24373f649e0bf,605180.SH,2024-03-28,5,5,UNVERIFIED_WARMUP,UNRESOLVED_RSI_WARMUP
b5746e8dd1cdc766b675231182a2a827e2afac12863cfdeb5bb1d7c95422f161,605180.SH,2024-03-29,5,5,UNVERIFIED_WARMUP,UNRESOLVED_RSI_WARMUP
cbe0f6a202286b5ccf0eaba556824f8abaef496b9352b9520b77cfb511815d49,605180.SH,2024-04-01,5,5,UNVERIFIED_WARMUP,UNRESOLVED_RSI_WARMUP
884370547b55ff6b5f397b969155d711a6752569707a9c2b3abdad56a597d5c5,605180.SH,2024-04-02,5,5,UNVERIFIED_WARMUP,UNRESOLVED_RSI_WARMUP
9c04552d260a3e361959e7c83a36fe8fdaadf2253f1064d0d8749d399c254dd8,605180.SH,2024-04-03,4,4,UNVERIFIED_WARMUP,UNRESOLVED_RSI_WARMUP
eadbb953c9013f2efe2491b828a2ea051eea1772863213a17c225b4562f5e204,605188.SH,2025-04-16,3,3,READY_PROVISIONAL,REJECTED_STRICT_PREDICATE
b4dc1ed280b4e2da198103eabcbb381e201a57d6b3385a945cb47f2284ed9605,605188.SH,2025-04-17,4,4,READY_PROVISIONAL,UNRESOLVED_REGIME_OR_EXCEPTION
82204bd2528e11885d59ec779420f4767990cc61479c7eaac616b98053dd2bcb,605188.SH,2025-04-18,5,5,READY_PROVISIONAL,UNRESOLVED_REGIME_OR_EXCEPTION
ec31fcba2223f79d12ff3cfce95b0784a8434640290ad46e22f414304bcb3d39,605188.SH,2025-04-21,5,5,READY_PROVISIONAL,UNRESOLVED_REGIME_OR_EXCEPTION
e2fc4e03786fb10a922c6d273f1afe2e1fe636530eef03682b7e6c37e41bd4a5,605188.SH,2025-04-22,4,4,READY_PROVISIONAL,UNRESOLVED_REGIME_OR_EXCEPTION
8d2955ee6e9c977aea0cdc8baf6612e1d85fbdd5a7143f52c9f586c4ba49673d,605188.SH,2025-04-23,3,3,READY_PROVISIONAL,REJECTED_STRICT_PREDICATE
1ff1ed7e62b04ea362e0832a456f11ab1de890360a403d4c87281be66d538b65,605188.SH,2025-09-01,4,4,READY_PROVISIONAL,UNRESOLVED_REGIME_OR_EXCEPTION
d0f26eb49a0abbc9dfa928cc40d55ecf8976af5c26144e2e87068848ce0fe1e4,605198.SH,2024-04-03,2,2,UNVERIFIED_WARMUP,REJECTED_STRICT_PREDICATE
fa8a44c4084d96ad02357d9d835f3332def9d2a023a391901146d97946f7c961,605198.SH,2024-04-08,3,3,UNVERIFIED_WARMUP,REJECTED_STRICT_PREDICATE
f17a4662e2a4c16b0c8ea90931e61fd5c049775d6e6a0adf0a3b67ed8ecd0365,605198.SH,2024-04-09,2,2,UNVERIFIED_WARMUP,REJECTED_STRICT_PREDICATE
499e7f6d964e912019134f5a2d16faf2e9c25460db0bed04f07a9271c096a5e7,605198.SH,2026-05-18,1,1,READY_PROVISIONAL,REJECTED_STRICT_PREDICATE
3e7c3ac69e374b88a66a5956f925fcba48e18aac6f4e303fd30e807a740fe5c6,605198.SH,2026-06-17,3,3,READY_PROVISIONAL,REJECTED_STRICT_PREDICATE
02668f529e7d6d0b4f3f8807cec1994ddccd09f492b23bc514f4f8c05ac4235c,605198.SH,2026-06-18,3,3,READY_PROVISIONAL,REJECTED_STRICT_PREDICATE
d793977ee01ff21aec28ea78d06987222df03b8b2315492e08d5b99435519705,605199.SH,2024-11-29,4,4,READY_PROVISIONAL,UNRESOLVED_REGIME_OR_EXCEPTION
005759615f7bb2e52ea082a041dd7a73fad15befca012eba514ad898fa681080,605199.SH,2024-12-02,5,5,READY_PROVISIONAL,UNRESOLVED_REGIME_OR_EXCEPTION
8f915a587d911062e9c15f390f86d8e7b3985446d59efd05c08a812d7290cc78,605199.SH,2024-12-03,5,5,READY_PROVISIONAL,UNRESOLVED_REGIME_OR_EXCEPTION
67c4a8b3fda3e9198e326111164eb2481d4c58bed6ff7ee39def1801e5a9a212,605199.SH,2024-12-04,5,5,READY_PROVISIONAL,UNRESOLVED_REGIME_OR_EXCEPTION
27ca4664b662e8f443d9d591e0ab2f6a373716136a72936555d93569f82f246e,605199.SH,2024-12-05,4,4,READY_PROVISIONAL,UNRESOLVED_REGIME_OR_EXCEPTION
2baef76a794bbddc13384d2c2cf15c54b803da7ecfb3ec829f64c9c7e9e1642c,605208.SH,2025-03-10,3,3,READY_PROVISIONAL,REJECTED_STRICT_PREDICATE
fabc24180831f59f560effb4a0e07460b7f62c398858fcbdd5590f8eab8f4581,605218.SH,2024-09-05,4,4,READY_PROVISIONAL,UNRESOLVED_REGIME_OR_EXCEPTION
5a6bee22abf85f67ff90e709424c6c0ba4206322538b4cd1948d63de3e2b2bda,605218.SH,2024-09-06,5,5,READY_PROVISIONAL,UNRESOLVED_REGIME_OR_EXCEPTION
907a6ef07c2a128f13f504a3a85a59bedebc736efa74817082dbc9254f4c3938,605218.SH,2024-11-08,3,3,READY_PROVISIONAL,REJECTED_STRICT_PREDICATE
cac88eca05d553ed89c3e4df49a734e9103af3c693fae0e72f4c87ca326c2d32,605255.SH,2025-08-27,4,4,READY_PROVISIONAL,UNRESOLVED_REGIME_OR_EXCEPTION
b1f7708f51c600ad626d01cbfb7480b8fb7ef8b96b947831d49b9075679a0c08,605255.SH,2025-08-28,5,5,READY_PROVISIONAL,UNRESOLVED_REGIME_OR_EXCEPTION
ec208c7840050b1e446e8fe58c428010e9db5eee7adc6e5736a0282585bd3add,605255.SH,2025-08-29,5,5,READY_PROVISIONAL,UNRESOLVED_REGIME_OR_EXCEPTION
dafe534da8e3edbc7c31448b3d23be2eae3d2ce20c286a0b41d4a7295ae6620c,605255.SH,2025-09-01,5,5,READY_PROVISIONAL,UNRESOLVED_REGIME_OR_EXCEPTION
83e82191cb730a34fdd0046515bc7b6eda6d99606c85a833f5c1cc8045fc59ce,605255.SH,2025-09-02,5,5,READY_PROVISIONAL,UNRESOLVED_REGIME_OR_EXCEPTION
cea2b0f230d70bdc2ed67e64763af652d5fd299601a22290234089e59b69089e,605255.SH,2025-09-03,5,5,READY_PROVISIONAL,UNRESOLVED_REGIME_OR_EXCEPTION
c1ca25e520ca60d505d806e0efffd70bf4696b65ab3e2cba17cf80a66e473ec6,605255.SH,2025-09-09,5,5,READY_PROVISIONAL,UNRESOLVED_REGIME_OR_EXCEPTION
8b5951ff78968604bf2ae0278a5e9a096a948439c27cef80a94628e5cd6dd328,605255.SH,2025-09-10,5,5,READY_PROVISIONAL,UNRESOLVED_REGIME_OR_EXCEPTION
aee5d7e93f101aa2a334395d26676a9d301309b02fccd83fccbb1434fb35db91,605255.SH,2025-09-18,5,5,READY_PROVISIONAL,UNRESOLVED_REGIME_OR_EXCEPTION
2e0f4f74b553c169ae18eec6ebd86daef2e0351b23ccb2b3ed6763113cc36ee7,605255.SH,2025-09-19,5,5,READY_PROVISIONAL,UNRESOLVED_REGIME_OR_EXCEPTION
2efdf33ab29d2c7e8a736a32eb1ae1654de49c66553b42260c4b4ee998b262eb,605255.SH,2025-09-22,5,5,READY_PROVISIONAL,UNRESOLVED_REGIME_OR_EXCEPTION
a116196aa85848edfdcad49c23a7b4c634c445a93ba4fdb3490848fab11063aa,605255.SH,2025-09-23,5,5,READY_PROVISIONAL,UNRESOLVED_REGIME_OR_EXCEPTION
9e493f1a8fa446bb4c843f9b7cb9dc6945912872ec182e9fd1a11668ffa6a02a,605255.SH,2025-10-16,4,4,READY_PROVISIONAL,UNRESOLVED_REGIME_OR_EXCEPTION
8bc68e9aa4fcbc00a8db0b3888dbefd6989bec5c1998d961c768421527164e3b,605255.SH,2025-12-30,3,3,READY_PROVISIONAL,REJECTED_STRICT_PREDICATE
baa5d8369e9313a1f02820723f149d896a3738cda3a0e40f62c7a4b93aad905a,605258.SH,2024-06-06,4,4,UNVERIFIED_WARMUP,UNRESOLVED_RSI_WARMUP
1dca044e61ba5a1b8fb9adea77a9f48b7f4ad6f8d803086329292a68f36cc050,605258.SH,2024-06-07,5,5,UNVERIFIED_WARMUP,UNRESOLVED_RSI_WARMUP
d1c584c53569cccb50929466e551a853f7c5f27b9c8ec7c28a85ba724fd478bf,605258.SH,2024-06-11,5,5,UNVERIFIED_WARMUP,UNRESOLVED_RSI_WARMUP
08a02cb45f038380bbb57d3ff3cccf45de0fd19fbf59d0326c2c21be059b7071,605258.SH,2024-06-12,5,5,UNVERIFIED_WARMUP,UNRESOLVED_RSI_WARMUP
d338fe8ff1da40b257aeb5aefc8b90e849be1146056617a475f864971ca90964,605258.SH,2024-06-13,4,4,UNVERIFIED_WARMUP,UNRESOLVED_RSI_WARMUP
4a868dd11f9884d8cb904574ef96b63e6445e2811f1266d16868f25e16a581fd,605268.SH,2026-03-09,4,4,READY_PROVISIONAL,UNRESOLVED_REGIME_OR_EXCEPTION
b301021f9837e00b2f3d1c6264e43218d9da9de5b970695a19f27563aabca6fe,605268.SH,2026-03-10,5,5,READY_PROVISIONAL,UNRESOLVED_REGIME_OR_EXCEPTION
c381909f329f65795b4575ecfacbdeff1b376f8b28d0e48abb22d9a16224b871,605268.SH,2026-03-11,4,4,READY_PROVISIONAL,UNRESOLVED_REGIME_OR_EXCEPTION
3792f6e442e29975ecc9d0b0957e0ed7490716c73049d6f67c448867067c61b0,605277.SH,2024-03-21,4,4,UNVERIFIED_WARMUP,UNRESOLVED_RSI_WARMUP
7d9d7efe54000bb27a8887fbde65c013f94e0c6aa3aba6fbd172705e855954d0,605277.SH,2024-03-22,3,3,UNVERIFIED_WARMUP,REJECTED_STRICT_PREDICATE
7d151abdf055d70d243a27bbe0a6acbf6ec2b71b04af1849f95dee51d9598cfa,605277.SH,2024-03-25,3,3,UNVERIFIED_WARMUP,REJECTED_STRICT_PREDICATE
a3a30382b134bf50867c20d6bda751a9758707bbca76138229c7ced84078fffb,605286.SH,2026-08-13,4,4,READY_PROVISIONAL,UNRESOLVED_REGIME_OR_EXCEPTION
a598d3a6ea82a7c701d3b1f6c81324e8869dec11d1d02af29e6f824e972c35d1,605287.SH,2026-01-16,2,2,READY_PROVISIONAL,REJECTED_STRICT_PREDICATE
6091d1fa99b569a7134f6fde146745cb926877785ec312ef7d150e455e6a555c,605287.SH,2026-01-19,2,2,READY_PROVISIONAL,REJECTED_STRICT_PREDICATE
1dc350a298170cb3ade43b83677b1466415b47623e1b8c0607893bbcef8454d6,605287.SH,2026-02-12,4,4,READY_PROVISIONAL,UNRESOLVED_REGIME_OR_EXCEPTION
d2763c72e0d23a6849a094fa9e54a8a80f04cacb238610383767294e657b42e8,605288.SH,2026-05-21,2,2,READY_PROVISIONAL,REJECTED_STRICT_PREDICATE
6691710e945400bcbb3989aa943defcd7a473536547786de9c03aa151a8f89a3,605289.SH,2026-02-25,3,3,READY_PROVISIONAL,REJECTED_STRICT_PREDICATE
112e30531bdbe043da2b554622cc21ae9a9c8cc87a6f72851d8d358f37f0f292,605289.SH,2026-02-26,3,3,READY_PROVISIONAL,REJECTED_STRICT_PREDICATE
ba9e5dab59a6e58df669483ee5283dc4c06117aba601f4acd5257f72baae69ea,605289.SH,2026-02-27,3,3,READY_PROVISIONAL,REJECTED_STRICT_PREDICATE
a68cd88514781220889468c1a26f12121134587c3d375f79e0d102bfc6ec3445,605289.SH,2026-03-02,2,2,READY_PROVISIONAL,REJECTED_STRICT_PREDICATE
dc8208e2f4231e4b65efc891e2ac655824a8dfa90e5b26a673d3cd40d8d3ad87,605289.SH,2026-03-03,1,1,READY_PROVISIONAL,REJECTED_STRICT_PREDICATE
345cc1ec5e500a19f73db052c261c12b27a6bcbb7d7f0d9e5161610d328f588d,605298.SH,2024-03-12,4,4,UNVERIFIED_WARMUP,UNRESOLVED_RSI_WARMUP
9ebde1c231796a5505d1ace0b4bb0a41a509cd8526cab759f3f4ebb11ce3168c,605298.SH,2024-03-13,4,4,UNVERIFIED_WARMUP,UNRESOLVED_RSI_WARMUP
03b8ca79796600b992a4987f86577c189726ffc94975ca3baabbd749b37a4297,605298.SH,2024-11-11,2,2,READY_PROVISIONAL,REJECTED_STRICT_PREDICATE
f93dd7eaba3cf5afb9d5d1a874852dec51910b05b5c26f902b41b76659c0ae07,605299.SH,2025-12-09,4,4,READY_PROVISIONAL,UNRESOLVED_REGIME_OR_EXCEPTION
e12c48f58a1a98c429bd3166a1ee72d505202279d00434dc3bc6828806b83936,605299.SH,2025-12-10,4,4,READY_PROVISIONAL,UNRESOLVED_REGIME_OR_EXCEPTION
8d359c823d0a9d41327b734f7e3d6fb78d0d0315598dc5ba8725e70b32eb7dc8,605299.SH,2026-04-30,1,2,READY_PROVISIONAL,REJECTED_STRICT_PREDICATE
4cc315aa510643fcc6ccfcdd9b9f6c0842711b117858b7603ee4acb3595a1021,605303.SH,2025-03-12,4,4,READY_PROVISIONAL,UNRESOLVED_REGIME_OR_EXCEPTION
49d24bd2e51634102200c68665cd375bd1e1770128b2422fa2bd55152aa2ddfd,605303.SH,2025-03-13,4,4,READY_PROVISIONAL,UNRESOLVED_REGIME_OR_EXCEPTION
ab6ab92ac4f3f1d1d835e82f11dad215a63a4320fad4ec949727d4a272e6fd1d,605303.SH,2025-08-21,4,4,READY_PROVISIONAL,UNRESOLVED_REGIME_OR_EXCEPTION
56cd85b9880400297ad90ad8ec55b9fc22cb327fb60280de84926f8132d03c54,605303.SH,2025-08-22,5,5,READY_PROVISIONAL,UNRESOLVED_REGIME_OR_EXCEPTION
8d48cd9a1e1a1163e73f127eade8b1c2705d0dcf49c3b201035fd34c6eee7075,605303.SH,2025-08-25,5,5,READY_PROVISIONAL,UNRESOLVED_REGIME_OR_EXCEPTION
eab91df25e7d282bc5ae80e400648114bdb1c130ef25c9329e96d9e9387b154c,605303.SH,2025-08-26,5,5,READY_PROVISIONAL,UNRESOLVED_REGIME_OR_EXCEPTION
f53fd59083b702de3fc13d498248a3c6b7281cc99544c879bee682c525a53ba4,605303.SH,2025-08-27,4,4,READY_PROVISIONAL,UNRESOLVED_REGIME_OR_EXCEPTION
d2c5da9d44014ad46e8fdda880253c1d1dec293065525da02775d447b1b0f47a,605318.SH,2026-06-11,2,2,READY_PROVISIONAL,REJECTED_STRICT_PREDICATE
c39d0f0dcd4623a780a469cb81c5c3175642ba14cde52179afa9b39bb706970f,605336.SH,2024-12-12,4,4,READY_PROVISIONAL,UNRESOLVED_REGIME_OR_EXCEPTION
7918579448a26c0db74a1e24b47205465b20a70c930703ce0d6a720095e1b220,605336.SH,2024-12-13,5,5,READY_PROVISIONAL,UNRESOLVED_REGIME_OR_EXCEPTION
e9b9a6ff8b377695854cc5f59f13933aa67c3cb2b53827283409949652f08ceb,605336.SH,2024-12-16,4,4,READY_PROVISIONAL,UNRESOLVED_REGIME_OR_EXCEPTION
b62ce37e17fabd5909c25c69b97a2a41c04239f1d230cc49c0515c1581b9e974,605376.SH,2026-05-25,2,2,READY_PROVISIONAL,REJECTED_STRICT_PREDICATE
f96c2ca916f4f30f7e8c7e3a4af437a239982d5cf9ebdd7abc593499f4450af8,605376.SH,2026-06-22,2,2,READY_PROVISIONAL,REJECTED_STRICT_PREDICATE
ab1606e7833e167b9eb23a1e3533df67b4673454be20615f940a60289c0506b2,605378.SH,2024-01-08,2,3,UNVERIFIED_WARMUP,REJECTED_STRICT_PREDICATE
d0c93225e9a922cd108a8366eb086143e267a7c70966d6b57da8474c9adefbfb,605378.SH,2025-08-12,2,2,READY_PROVISIONAL,REJECTED_STRICT_PREDICATE
338419dca159fe231e7491c519757ba04ba40f8a9d5f70d8443ca128fee3d0c4,605388.SH,2025-05-29,4,4,READY_PROVISIONAL,UNRESOLVED_REGIME_OR_EXCEPTION
53bdc20326990683eeaf37aa239c71d92ac877afc1bc2353e2fddee133ea98e3,605388.SH,2025-05-30,4,4,READY_PROVISIONAL,UNRESOLVED_REGIME_OR_EXCEPTION
3c548cb7c942dc7fbc749f9114a473a183c415e2db94b9d54adf0985b12d7e5d,605388.SH,2025-06-03,4,4,READY_PROVISIONAL,UNRESOLVED_REGIME_OR_EXCEPTION
d6b1e219081c7bc132a4378d3c66aa2c49631532e45602615f42f70c6fec708c,605388.SH,2025-06-09,2,2,READY_PROVISIONAL,REJECTED_STRICT_PREDICATE
047e9829d54b91cbd5f71644f011e50b7cd5c28627fbfbb92760b9ef8edefd26,605389.SH,2026-04-27,0,0,READY_PROVISIONAL,REJECTED_STRICT_PREDICATE
8ac87a57c1dac2755fd83e18f82ef6379a609454d89c194371d34303e9e44309,605389.SH,2026-04-30,0,0,READY_PROVISIONAL,REJECTED_STRICT_PREDICATE
d30406d44db9705a197be2acd7798635c27c2ddec88918e836da003e917b5c7d,605398.SH,2024-02-22,4,4,UNVERIFIED_WARMUP,UNRESOLVED_RSI_WARMUP
0c3452b7348ed84c53754dd2f80526031b244875712009298969066b7787c601,605398.SH,2024-02-23,3,3,UNVERIFIED_WARMUP,REJECTED_STRICT_PREDICATE
508e6444420aa75f297fd49463551bc59210778e8d7b697428b7a90b1ced4f74,605398.SH,2025-01-27,4,4,READY_PROVISIONAL,UNRESOLVED_REGIME_OR_EXCEPTION
62904a66fb9b5272ec0eb93bf0269197a25a778e96a500c94c1278b866177132,605398.SH,2025-02-05,5,5,READY_PROVISIONAL,UNRESOLVED_REGIME_OR_EXCEPTION
0b8a411791134e555027acc2f2d7417380ee5771c4ce8cb5f3f42629af6e97cc,605398.SH,2025-02-06,5,5,READY_PROVISIONAL,UNRESOLVED_REGIME_OR_EXCEPTION
55f7fc1ca0a0766b9f129dfcbb630e1573d645543b7b1016096860678b00ca3f,605398.SH,2025-02-07,5,5,READY_PROVISIONAL,UNRESOLVED_REGIME_OR_EXCEPTION
3b70470c9e86bf1f705a41d2096a4a8a7f395504eb7d2245942d4306a2e65992,605398.SH,2025-02-10,5,5,READY_PROVISIONAL,UNRESOLVED_REGIME_OR_EXCEPTION
8211a90fb90e57ec24222b35f20543513bd93ec53e0a867e234fe9ba5bc0c03f,605398.SH,2025-02-11,5,5,READY_PROVISIONAL,UNRESOLVED_REGIME_OR_EXCEPTION
7e4cd0a11f56490c7007a8c5533e534d9c5456b6e6cef69aea61bb0c38e1bb6d,605398.SH,2025-02-12,5,5,READY_PROVISIONAL,UNRESOLVED_REGIME_OR_EXCEPTION
8ddb670422addbffa1e35e9a4f5cfda6e87c0a4fade43c8a058bfa336dc24697,605398.SH,2025-02-13,4,4,READY_PROVISIONAL,UNRESOLVED_REGIME_OR_EXCEPTION
8cbb4279d6ab8c67f5cf487deb56f0ee28dfab20028df62e61a460fadc5c6cfd,605398.SH,2025-02-14,3,3,READY_PROVISIONAL,REJECTED_STRICT_PREDICATE
1f97c446657a670d1918d66aaf5fe403d4e048165822bcbf68bf53eedb876805,605399.SH,2024-01-19,4,4,UNVERIFIED_WARMUP,UNRESOLVED_RSI_WARMUP
ec68d7ab761c92d2b6de1bb79996180a60d8da840226f43845a379cb48a7b155,605399.SH,2024-01-22,4,4,UNVERIFIED_WARMUP,UNRESOLVED_RSI_WARMUP
e7afcd5935f748965bfbf1b3872aae8d1a53c71afd7b6409f12493cda0baafe6,605488.SH,2025-01-23,3,3,READY_PROVISIONAL,REJECTED_STRICT_PREDICATE
8c8d91fc69e328b92afbbb5802f9ef383ddf052e728f97a080b840e2b44202d0,605488.SH,2025-01-24,3,3,READY_PROVISIONAL,REJECTED_STRICT_PREDICATE
ac8888a480b3c7ebc25b5efccd682de84ddbacb8f07ede5f957d6a1dd4ca94f4,605488.SH,2025-02-20,3,3,READY_PROVISIONAL,REJECTED_STRICT_PREDICATE
2c071498fefce13f7509516ead4e020afbd7cd506d4617f2bb9abc4baf2444b8,605488.SH,2025-02-21,3,3,READY_PROVISIONAL,REJECTED_STRICT_PREDICATE
d707dafa472b2856f5e5908a3ed2ba163455814f3ca7903b9a4265838c729552,605488.SH,2025-02-24,2,2,READY_PROVISIONAL,REJECTED_STRICT_PREDICATE
39db4d384f7c2b2580134133b2ded2ff9d282af3f084ab94844bca48fc00d9a3,605500.SH,2025-07-08,4,4,READY_PROVISIONAL,UNRESOLVED_REGIME_OR_EXCEPTION
9ae5f3720e1ca645e8d8c536e91b5632d0cc87675f9f65989eb76e8159a1fa2a,605500.SH,2025-07-09,5,5,READY_PROVISIONAL,UNRESOLVED_REGIME_OR_EXCEPTION
c7b4bc9b855f0ef7158a0a07d0b8b0a885a9846326dbf1db09548c7d117b1321,605500.SH,2025-07-10,5,5,READY_PROVISIONAL,UNRESOLVED_REGIME_OR_EXCEPTION
674708ca08a0a36ac88ce020f6b33adf7f3de884a54fe699b389b7ab13afb680,605500.SH,2025-07-11,4,4,READY_PROVISIONAL,UNRESOLVED_REGIME_OR_EXCEPTION
1f841889e16bcf49c63c6b288314286d0a27d291004cdc7e332ca8d79af8b1ad,605500.SH,2025-07-14,4,4,READY_PROVISIONAL,UNRESOLVED_REGIME_OR_EXCEPTION
21d6117d361d234a380a21d9148040eb715bec59d336be9a193e69cc7add80ba,605577.SH,2026-09-03,4,4,READY_PROVISIONAL,UNRESOLVED_REGIME_OR_EXCEPTION
4859585cf9cc2139f056a46b187ed3f929fd99c8ef827991cd20c2494bdbb647,605577.SH,2026-09-04,5,5,READY_PROVISIONAL,UNRESOLVED_REGIME_OR_EXCEPTION
8a3d8c20d1df569dcbebc05c0d1ce3f68d87b333bbb66dc28a12e285bd06c781,605577.SH,2026-09-07,5,5,READY_PROVISIONAL,UNRESOLVED_REGIME_OR_EXCEPTION
071ccc004ebba9a78f4c4165f9f5b07431c1b5693e5012ff81e7ede3200c0702,605577.SH,2026-09-08,4,4,READY_PROVISIONAL,UNRESOLVED_REGIME_OR_EXCEPTION
a99ae24b9c2881eda44d81d4082a0349bf0b2ffa1ef8196b0af1e6291504ca8b,605577.SH,2026-09-14,3,3,READY_PROVISIONAL,REJECTED_STRICT_PREDICATE
85624e32cc9fcd9d9126b6ffb262a3cda806a22d215ec3a09e5196365bc40f1d,605580.SH,2026-05-28,3,3,READY_PROVISIONAL,REJECTED_STRICT_PREDICATE
27d89797638ca8126218349c84b763f33e58406db7d424c70c34dc94d8d96a2d,605580.SH,2026-05-29,2,2,READY_PROVISIONAL,REJECTED_STRICT_PREDICATE
19cb67372a548c3163dc19eb60991385fe6ed977ce9b72e83ab26dc8add9fd25,605589.SH,2026-06-15,3,4,READY_PROVISIONAL,UNRESOLVED_REGIME_OR_EXCEPTION
eb2c0e68542d41c5594a12ea4ef53472e69a006c6f76505a65c2064019bdb067,605598.SH,2025-08-11,3,3,READY_PROVISIONAL,REJECTED_STRICT_PREDICATE
7f351d1bb319924dc7042dbd7a808e46e782b97325d3abce76d9765417516b87,605598.SH,2025-12-26,3,3,READY_PROVISIONAL,REJECTED_STRICT_PREDICATE
fa81d5cbb416f044e27500e6823a19b1028f14d4ce4470ace16ada1c9ffd3732,605599.SH,2026-02-06,1,1,READY_PROVISIONAL,REJECTED_STRICT_PREDICATE
0ee4c095c30fed17ce77d03097ec9088efc875b3863b611e205bd0781962a767,605599.SH,2026-02-09,1,1,READY_PROVISIONAL,REJECTED_STRICT_PREDICATE
