candidate_id,security_id,trigger_date,dependency_count,rejected_dependencies,unresolved_dependencies
59a9d99df2e7a43190f21071eab7cc419d11e68bf43097a9b3bac0d0137c995c,000002.SZ,2024-10-08,5,0,5
cc986e5ddb770138b3c468a2a0aa09aba90b6f3329adb66698f9c163715f23c8,000002.SZ,2024-10-09,5,0,5
7999da18d53107f54e278517c7c1929c42e7dfe08eb42d8187c6e53c8c7c6fc3,000006.SZ,2024-10-24,5,0,5
202213d7a129c69dae8bb2034eadb0cb9b624540dd1195a7534dd03168c18152,000006.SZ,2024-10-25,5,0,5
c1f81ade5f21124d874d524edc4c543e823632701d5b267ca6e8862e8db8aaaf,000006.SZ,2025-10-13,5,0,5
0d72ea64891e9405006732838bcc75045c63e0fb7efde3d81445991a71fdf943,000006.SZ,2025-10-14,5,0,5
b095bc7b6feadfa4006209ce35aff150410b997eb29e6cf43046fcf68a9fa295,000006.SZ,2025-10-15,5,0,5
fb673b31628e36c46c4a9deac329585108aaf9338b81f8b09b3771d5468f0a45,000008.SZ,2024-12-05,5,0,5
86f20a882ca99a8d41247b68fb2e7248029c4c2268eba214e4707b79aae7c038,000008.SZ,2024-12-06,5,0,5
079a3071e186468f2f70842c451054feff896af5e1efb4fb72f56ea191690835,000014.SZ,2025-08-18,5,0,5
e029837cfcee11022be8c9b2cff648be81d9d4a525ec38adf7ec44b7de8e8784,000016.SZ,2024-08-02,5,0,5
ba6d2010846512843a10ddd033d211c733ff7bafea4642062a6f3625be0a7851,000016.SZ,2024-10-24,5,0,5
3f114b6ec608440aaf28814c34b5bb9a0b7b461f7bc05542404a835155853b7b,000016.SZ,2024-10-25,5,0,5
fe6dab139df2965691a7be20ac79411341f35e75b4a23783908a16a6c486c4d7,000016.SZ,2024-10-28,5,0,5
a36bc332fbd7ea497294fecab9042153ef60140a91ff50afffd213ad313f14e0,000016.SZ,2024-10-29,5,0,5
b41a9862e3de2c297058e3b663a5dafcf5134b75a25450dfbb6ceabaa4b73963,000016.SZ,2024-10-30,5,0,5
5534c10e47b58bc1e009620f5881922a8d5409bbe4a3a2c47595d16c3cb7bd84,000016.SZ,2024-10-31,5,0,5
d56c04dbf39698f3106ab917195db2ddcae158ddff2b412efbd684d2bf38068f,000016.SZ,2024-11-01,5,0,5
f5e08a35546b34840a3abbadd05c77bf33d8eea3e81a77ca11233ac941d33f19,000016.SZ,2024-11-04,5,0,5
4fbf34c9900ba3b2d7e0d207e782da0b32fd06fdbf526fe4d9fee9ab191433fe,000017.SZ,2024-01-12,5,0,5
8225a7785c4441ff1d3ae85618d9435cf029fa99a4fe4f2ded051cc12d66faf9,000017.SZ,2024-01-15,5,0,5
44eb248162c204045aaae58099ffe2400beeb69266b7e8c05cc3a2bb80667948,000017.SZ,2024-01-16,5,0,5
96d55269764fe17fd18347db6d99f2c0547c9821d17b3c99cbc8a325755daf9d,000017.SZ,2024-01-17,5,0,5
3394d49a5825e0d8553eb3ed935ca39c7989b8b4f2ebef187eb6031519924a7b,000017.SZ,2024-01-18,5,0,5
d0ff77b8f05fa8bf8505703ef573fea8fbee83bb77eb5decfc3d37447dec4632,000017.SZ,2024-01-19,5,0,5
b4b14d3e0c4bea3f10225b3c29a6268fb82d98da4992819da8e32ce2aefb6aae,000017.SZ,2024-01-22,5,0,5
5b0b2d015bf46b17de1569691b82e9a96974940ac05f3990a271947434e9ffa2,000017.SZ,2024-01-23,5,0,5
faa42af9a3253512b966d4d46e810d33403635110507e3f85e15ca70c47107aa,000017.SZ,2024-01-24,5,0,5
4e47867e38f92207de76d0c9b9883ea997b9ae02cc371c981714ff25281a14d4,000017.SZ,2024-01-25,5,0,5
f727cb475272515ba557ebd4c89121141bcb556b10f77c00718b4f7624798f14,000017.SZ,2026-08-25,5,0,5
4cf88a0c63bced3cb5a5244079af479be4b6779aefe25a667b5b1d7c4157864a,000017.SZ,2026-08-26,5,0,5
9d1b2e1db331f2a8f23b982ffb1cec086eaedf636f1ca19df96bab4d6305aeb7,000017.SZ,2026-08-27,5,0,5
3669a413c5cd37f29f9e3cbcda6c7d91f8d6afe4509d532bac492a75f7090232,000017.SZ,2026-08-28,5,0,5
0c9c16bdc8373d320dd6b09b1e61536dd10c4ff222d38629703d541dc20d7033,000017.SZ,2026-08-31,5,0,5
c0d61a5b085e74824dab8511fb88e885075c6a285e77a4e435d5090ad12e5427,000020.SZ,2024-01-26,5,0,5
84f71f7cbe87396c563d46a710f3f63d1f95f7f2a44a45d06b5968d249768693,000020.SZ,2026-03-19,5,0,5
ea925f7aaad340708f3ad8dedbcfa4a6a3e9ac6cfc2eed84753736536967b961,000020.SZ,2026-03-20,5,0,5
38a716d57ca474e5cd8fe772c4e0d5a6841261e6a60c97caf2b014fbee6a9d6e,000020.SZ,2026-03-23,5,0,5
4278f4108be92da7ba8b64e2818c7f9999adfb12f619141ef02dbc4caaf963ab,000021.SZ,2026-06-30,5,0,5
5929349ef7b8122902c760e4fdb5d7f71af3ba141f3cbaccd9aa12764eb5886d,000026.SZ,2025-07-02,5,0,5
c62fe5b6e2c709d8058c07cda0d9df44b465b3da6ec2864374c5bef6d8a8b2b1,000026.SZ,2026-05-25,5,0,5
73b38db9657954dcb04e42c28f0dcd784e7c9d6126961e05b3fddec6f357b0ad,000029.SZ,2025-08-26,5,0,5
a57226f948a44b97dc1a15848a27176139a93f692edecf183de0d59a7b091332,000032.SZ,2026-06-16,5,0,5
d863d20061b39c0afb019232ec8b0a3839bfad146d53385267821677d8348eb4,000032.SZ,2026-06-17,5,0,5
82625f3a62dbf01213d7de0983d92b287a7b33f1cd9a0ba19d44579f485826fe,000032.SZ,2026-06-18,5,0,5
02dffee2912e1d8e407c8c4a66291059d9fa668b7bf153eeb12b504c3afeba94,000036.SZ,2025-12-25,5,0,5
edb27ed9d62ad8793c232c83e0ad18af2bd882892bc6cdb932d4a07ee266ab51,000036.SZ,2025-12-26,5,0,5
90d461dc4dfe682b3a395a4b8ee64f22ed8feb96057a55af1673d029eedeb73f,000036.SZ,2025-12-29,5,0,5
ebb1c6e1c6076fda8b575031c3a8152fe1f50b9b85c264e002b2ac155604d0e7,000056.SZ,2024-02-27,5,0,5
51fae0fb4efcadde7c7b9aef3af6fc7de3c1089518226e9cf2045ba5051e56a2,000056.SZ,2024-10-08,5,0,5
964a0c4d678a24856b986720a1db5dbd5ed0fd028ac19a054fb6aec2a4387425,000056.SZ,2024-10-30,5,0,5
2471214e1fb4be706816c3f3d1e076e07911fe965b0825ec1c8c2f0413a3ce2e,000056.SZ,2024-10-31,5,0,5
01d539e8ede5a0342fcde66645007c6f23128ab08345013f13acefe01db5a313,000056.SZ,2024-12-05,5,0,5
dca1bc08c93b7e331deee23eb206fa9efef9fb5e35183bc78a2339a6de57c010,000056.SZ,2024-12-06,5,0,5
383602d653cb5c1ed389faf076ea02dfc7a52c07a548dd6f023203eeb2aef065,000056.SZ,2026-06-29,5,0,5
22d051ede4da85afcf54b256245461e81f4fdfe8ff530cd1e0599edf029575b6,000056.SZ,2026-06-30,5,0,5
0408b4ee810bb4da173c39d124fa5028427e4546046492caf3db96c34abaf92e,000056.SZ,2026-07-01,5,0,5
91a2ace4ed6b85b195067491e57ed23fbf5919817e0559cf062e9a1b5260decb,000058.SZ,2024-10-30,5,0,5
26d303a600c2add059d33a2145c775bfa599989cd9e30897ea38fdf32c6720eb,000058.SZ,2024-10-31,5,0,5
088cf6f754a057a67b754c33b5497e9895b310c03aff3adbf8387543f1553bbd,000059.SZ,2024-10-25,5,0,5
f7c7f25715f34b58cbafb70c5f061a98bb634b94b386c98017b2f3dc8ab6d730,000062.SZ,2024-08-20,5,0,5
9ad7718e96cd50597aa2f9596152e272e81254fd1ee784503fc02436f3c71d6b,000062.SZ,2024-08-21,5,0,5
62c42061ae4f8ed6463e0b9c7a8801367d77d0edc42e512a166f8837fae5781e,000062.SZ,2024-08-22,5,0,5
ef60fc53be0386417cdd238441597f1972c5dc9d2291c661a92c70ec00e1c3ef,000062.SZ,2024-08-23,5,0,5
f6eff2c83998f3408179e5590cec447af75a6e8dbb6b8b96efd7fbfb9c626c11,000062.SZ,2024-08-26,5,0,5
21bfd146cbf7bcb71a9e31805a0221a44a35e50f6e53081b6257b001c14dea0f,000062.SZ,2024-08-27,5,0,5
9c9d5d4cf67c07dcddd8c7737a8e419cc945a36f5e8ac5769ecd770a40f1bd7e,000062.SZ,2024-08-28,5,0,5
b2036326de8b52b65665d99d3a78c2799a739877fe77faaaa2b8944d6ab305f4,000062.SZ,2024-08-29,5,0,5
c7d9b577dc670c7a3cc89ba0c306d49bd78ef74b21151b7026582ed2f7e25eaf,000062.SZ,2024-08-30,5,0,5
c6aa93eed94b6f15d498ea0fbbf9b50711cb75ae8980352cf1767633f9720e27,000062.SZ,2024-09-02,5,0,5
f97eafb393cdd7ac16848c8539e7761792505249bd16e2a70b9ef38a821a8993,000062.SZ,2024-09-03,5,0,5
3b0f633be69baf59534d561d78d98245b35f2b35d1a945b9b6aedbb2d24ef468,000062.SZ,2024-09-04,5,0,5
6fa13ad43d2d0b5286556d037009c10539c15231bdedf3a287988a96fb557d6a,000062.SZ,2024-09-05,5,0,5
9eb68512f8262b43bbf912762b6b1edbf89921ab80ff45a00faa103b74a2a555,000062.SZ,2024-09-06,5,0,5
772a4cd3597072bfe272302d407b7551511c27d0411cef289809283628e96d4d,000062.SZ,2024-09-09,5,0,5
fae14e01c51ed19962341a29f15c6e061d39756604b093d4f80e128f0084be5c,000063.SZ,2025-08-22,5,0,5
a10fea6a9b5e3627b4aafdadc2773fbc0ab6cdbfac21c1d9bc1deeeeeaae0113,000066.SZ,2024-11-01,5,0,5
c819250e65f1b9bc2a7306a85c19d64e3407ee5b38fbe3ae5b0786c4a2c4fa89,000066.SZ,2024-11-04,5,0,5
530b899fcd11e64d1e2333305c7f3cb21892c44e90bb71d542ff93152e516553,000066.SZ,2024-11-05,5,0,5
afa9b73d48c28ce5650b2081b03e98ef5989e7d2d0b2529b1ecb5d4ff52f4584,000066.SZ,2024-11-06,5,0,5
5dc03db68832daed78b29e1f806bbb78ed6b761975431782276d2f8b49060b06,000066.SZ,2024-11-07,5,0,5
544b40e5da2d53b2660482ac16a7b163ae673e5292633a40321cc66d1531760f,000066.SZ,2024-11-08,5,0,5
b6d87b9c2589b79d1356da0bc4ca547a454c33cfa0dc803ab7f90bb2bb79a0ef,000066.SZ,2024-11-11,5,0,5
8b2ad1821dc503a18ab808a8e75ea769fb59e81ef87c89c4f32e49b79972fe22,000066.SZ,2026-05-07,5,0,5
155435743a8a7c7da683c200ace7f12f253bab5b4cd34bc4a06ac12d9dc124a0,000068.SZ,2024-01-29,5,0,5
af56e01f013fa8b7e3ec9d0422dc06352cd2dd62376558b2e1c4e8301bb91381,000068.SZ,2024-01-30,5,0,5
d0da96121e1cb5982e7d089fb859bc6b8acec63075f066af5d5ef2f1fb3bdc5b,000069.SZ,2024-10-08,5,0,5
3cf52ae5886e83ba44a6fc840b0f720380acc199206c7c727fff14cecd558ff7,000069.SZ,2024-10-09,5,0,5
7d0f0ea793c9f4f914d63da7fb1f9ef7d0101c7f8e6c80bfe7906f42643c6c81,000070.SZ,2024-01-25,5,0,5
c31287ae966821164d6a15bfb0e0573f89e3c816339e3007924c5dedca7ddf5b,000070.SZ,2024-01-26,5,0,5
545e8be8104da559bb405a5248af56fbedf579be91c41d428d0659b72eb95ca6,000070.SZ,2024-01-29,5,0,5
a95b091bd48456391f0027ec1af1354dcb4c53f22c7b22a5891b16cfba571141,000070.SZ,2024-10-28,5,0,5
283bd025525bd6d1be5f04939c7ad5935fcc1aeb19b446b21328cc9ae1a850e3,000070.SZ,2024-10-29,5,0,5
18c16c6e7b55957a6e7574270a502f62efc2d35d194447f80fcec171844cdf82,000070.SZ,2025-11-26,5,0,5
11dc1678478a81692e67463be501c1b9bcf69210d13ee698133568214cd46e3f,000070.SZ,2025-11-27,5,0,5
5a163bcabe6bffdf31372dd1a66837b9db6498ef756a66e3737c19a78f8d49b2,000078.SZ,2025-12-01,5,0,5
ca32f27c118a56f2545649a1b76dbe24fc943c8e192b984cfa2d47a760f08a32,000078.SZ,2025-12-02,5,0,5
7ad84ff49866be78dd86e0d256c1d44e32a2b586e5691853db1a2d7e8cefb469,000078.SZ,2025-12-03,5,0,5
e86d7943f5996c1f88adcf640f56d354471317d977790b21f072bcd01430070a,000078.SZ,2025-12-04,5,0,5
f227a59f44ea3013cf23b29ab6f82576574d7e34cd18ac17b950ebaf61b1a0d9,000078.SZ,2025-12-05,5,0,5
d4151d1821ecd3f86b05ca8bbd31482a0b9229c067f3dd50a4571a8d24349842,000078.SZ,2025-12-08,5,0,5
4615273cf056836c4342863a5193a2419fdd9fc73db385db1c15a7296fed162e,000096.SZ,2025-02-26,5,0,5
ca5a1dbc256ae6fe57c41a82d9c125cb2804fdd1afb9e5ecf58c13fda1a401ca,000096.SZ,2025-02-27,5,0,5
f4204c0c28e1f0b8659d65a5f40792107391bdbc76ac450c05445c72baf9f481,000096.SZ,2025-02-28,5,0,5
b1ced34efdf7a5638295fe280130a2a2bbb591429a661ada4037f21b9abf45e7,000099.SZ,2024-04-01,5,0,5
6861bb16eda9b8383fc62e2998bfd2459d16406728fb681b6455b0e5d23c0012,000099.SZ,2024-04-02,5,0,5
2faae009941a312ece037a8df72c471d1feb8a0391e9058793756d9a8d503835,000099.SZ,2024-04-19,5,0,5
b9926fade69dd0ac046ef8bbcd7b16bd4d1161d7b66a56b4c2bd72476bacd178,000099.SZ,2024-10-31,5,0,5
af75b219458170a8c83ea47ec5eba398af41ab8f8a6b75952609eab5fa0e3c7b,000151.SZ,2024-01-29,5,0,5
fb0dc14ce79b239cd944266305ae4d98eef6c8302e76f536984dd2fcefdeff99,000151.SZ,2024-01-30,5,0,5
17fa47c6f6b090b1c97c476260e5d225645d1a3b1d5b40d212edc5902f8ec516,000151.SZ,2024-10-31,5,0,5
774ab0fbd748808d23d4ee98dee7c045c4b3fab080a77d6354589e7be8a8d1e5,000158.SZ,2024-09-20,5,0,5
dba3b9a45cb97749526d317d0a4522552daa4e3d06af9459cfce43a74a09410c,000158.SZ,2024-09-23,5,0,5
7dec5ba9837f2d6b55f5adf4255d6552001195d3ccac3acc222930e06dac1255,000158.SZ,2024-09-24,5,0,5
859dfef53e7ad5bc30fb5724463dc1974542798a536552da40f1a922886f8c8a,000158.SZ,2024-09-25,5,0,5
914529264531900da6b4f8e8b4e7ab0a09e6fb74822504315571adfebf7f2032,000158.SZ,2024-10-10,5,0,5
589002e127223505f8648f6de5da0e9fded7d56df662910bdce002c26cc17123,000158.SZ,2024-10-11,5,0,5
0e0255fb9d9a0e4eaceecc28672eda105abcfa2b67c7cd38db11842cd22b7b3f,000158.SZ,2024-10-14,5,0,5
1dbfdd84fd0f77e12a67d7fb2b26d0b1d33fe46c0e5d24a249d039c7a1252695,000158.SZ,2024-10-15,5,0,5
7083d03cdb1dbca65344b242c0afa9c6b9c409aa0b594b3d31ca8a7cd2972f79,000158.SZ,2024-10-16,5,0,5
a85263fb0435273e9bf8d43500aacb462496c9bbef4678ead1828a4fb36d13de,000158.SZ,2024-10-17,5,0,5
92c29da0e0424051f43904307bf5b72c7c1a900c3882cad14dad692a659b1e67,000158.SZ,2024-10-18,5,0,5
b10f079c6222d93314798005eaf8629d08a404b18dcffa4bf165c433c2e7b21a,000158.SZ,2024-10-21,5,0,5
9762549661854fc1ab3a60344d08bcd249538c97a2b883fbf7c942583b8c5c94,000158.SZ,2024-10-30,5,0,5
fa428b9847f30e1591d30e8b5e7d5ebe6b256c2ddc2d09054fe52209da6bd321,000158.SZ,2024-10-31,5,0,5
2c092af88045a2a167ad96d209a04508fef5c2ccfb2f1348f0649eb107a4c8a9,000158.SZ,2024-11-01,5,0,5
245d62fa2541323ba72031c9f2766fe851d898cf07c116c72f3c990e481b86be,000158.SZ,2024-11-04,5,0,5
fd224b4ad4621995a1205d9b5c0427cbc2df6583a897829d05a38d296c17d213,000158.SZ,2025-02-12,5,0,5
fc25b50c35c864afe49c4b27be460c1a763e2f2bd95d45474a0e838043c61dd8,000402.SZ,2024-09-27,5,0,5
9b62c9283ac8ba32ed1750e6c879ccb813a538b8f0314ed33ef24920f22711aa,000402.SZ,2024-09-30,5,0,5
91450232519af3aa8115cf2b6d553138171aa1074bc1ed92cbbc7d8722c2ce64,000402.SZ,2024-10-08,5,0,5
edac9d49e7f2e923d4f81e5fc8c65d921b5d821fd7f3336dde606c465a890d54,000402.SZ,2024-10-09,5,0,5
70c2a06ab243c9132cfc21d07609711b865ff2d2443a37cff05e0f2db3217d6f,000407.SZ,2025-11-14,5,0,5
90e5da5cbbbdda0873ec25ee8cd4441ba1ecf62cabd997f7cce67e39ffa7400e,000407.SZ,2025-11-17,5,0,5
84e9c44c9582cea990c94d646ba9b7a47288680f2c2aaab2a1cfa9a036a4ed95,000407.SZ,2025-11-18,5,0,5
0d5061d6526fa412a75d22f33023177a5e876148a507c2f60809c6d17112ff25,000407.SZ,2025-11-19,5,0,5
e861fa0964d54b2ad4f94b3da9904505b2798136c90efc34363953f7478b3e88,000409.SZ,2025-03-06,5,0,5
584f2da5444051575a9e6886c69fce3e583f2778d70c355d55067fc44e43bdda,000409.SZ,2025-03-07,5,0,5
fd4db92a7bfa728cce333c0c48785da06d27452df4e0b12379d2cab8df11bb44,000409.SZ,2025-03-11,5,0,5
14d3b87b1a71eb83674acfb91fab13f676523ae12156d2fcd66c67e092154645,000415.SZ,2024-09-30,5,0,5
eb88fc250ea357b2b1cd7616680a1e05271e336198f68f09e9dcb7f860c3c51e,000415.SZ,2024-10-08,5,0,5
8c8c094ac56d8fb68ea55eeab95ef3ebabfffc1f03526ff63ca677276d0855d5,000415.SZ,2024-11-05,5,0,5
834e130106b1bf09c612edb093ac58ea0f5f08536f9efedba3c39fbfe00f1d5e,000415.SZ,2024-11-06,5,0,5
b15ee6c0125596e8d883ea9a487bb6fefabf35ec5af1d4d2c289102693257498,000415.SZ,2024-11-07,5,0,5
843f20baa9ad65e4ed81a8e4ba825f72ad67882898aec153feee4aa9ce5e7593,000415.SZ,2024-11-08,5,0,5
ff0018bb145dfc64a5344549741a396294a793a7b7703ab24a1aee46c38a7500,000417.SZ,2026-05-22,5,0,5
c1d69d3b11e181a46e6a26a68bcccc87cce2003891264d577307380312a85808,000428.SZ,2026-07-31,5,0,5
7e6cc417fc8bd836e1b394cbd2d2cdae96696fe829e6877d44d485ac6c296994,000503.SZ,2024-10-09,5,0,5
d8b3cc0459b7cac59c17bd42973db6967ed07a06864274bfb7d871de26fd0af6,000503.SZ,2024-10-10,5,0,5
395ace5d7bb616449509555227aa07a23270e7037645f6a2a8810c06fe78b253,000503.SZ,2024-10-22,5,0,5
faabbedc788d25b90e878602f38f844541766f4869fd9df79ace4291863da17b,000503.SZ,2024-10-23,5,0,5
1726b66a8cf86ab239bec392abba939c1ad0e0013ec900ab169f2336426d8b58,000503.SZ,2024-10-24,5,0,5
3ce32cded167eeb2c6e37799420a5ab9e39035782d45671a086d1f4e39afbcb8,000504.SZ,2024-02-22,5,0,5
3554d1f994c937adfeb751763bb7313bc10f1d5fb9e84d76c48dbc35447cb6d2,000504.SZ,2025-06-11,5,0,5
251efcbf7b16e721fd56f57c7a58d5567bc3b776871d01a6d737f471acd4c183,000504.SZ,2026-09-22,5,0,5
70640baa0dfd9afb7d139bb991acebad0216534a26439651d4bf02390901c9cb,000504.SZ,2026-09-23,5,0,5
31823291508428d2c5de1d85df070ec6395cc122ed0aed8415b940035ea42876,000506.SZ,2024-04-10,5,0,5
f12ce3e74934a02b246dee59da12040c52c792764305d34af9d9c5ce11835e19,000506.SZ,2024-04-11,5,0,5
9f9051bc70531328b6cf480dfb914ab21b0a65d3bf5e5c91a534a13cbe72c7ae,000506.SZ,2024-04-12,5,0,5
7dca2679a995fd959cdd94c1698dde4cdc6ebd07b05c9507d7b8b013dc8ed56c,000506.SZ,2024-06-21,5,0,5
ba39a8cee1bced80352653f39b441e0bcc67785b06242e605ef1e53cc613fde1,000506.SZ,2024-06-24,5,0,5
8834443e63b431b34bdaaa3197a88d368c50b1626791063be83f7b08015c8d49,000506.SZ,2024-10-18,5,0,5
fed42bf5d06bedd5faa3f4818ffae96a82c198719ceb4c80443c377f29e6a97c,000506.SZ,2024-10-21,5,0,5
8a090407fd51f166a8269f30e320ba7a63330a5f83e8ae6b9ac4db7427dc1925,000506.SZ,2024-10-22,5,0,5
e518edb418d2bd404524b6d5c7d74c71c860ca911c536e71756581dd98514a40,000506.SZ,2024-10-23,5,0,5
a7582e4a063acbf0a1e5bb63f0b3aaba5c75068afde3372b53aea14b27c06e04,000506.SZ,2024-10-24,5,0,5
0884318bb50df5f74eef4797750d669b3ab881907307183f98f8960a8d8dccd8,000506.SZ,2024-10-25,5,0,5
308564288eb43788cf82d5af6fa401409ac98cc7783c721cd9dca3516f4a3371,000506.SZ,2024-10-28,5,0,5
db579ee233ef7bc75c1f2f6826bc8c64f43a96e0cb290e3b85e3b0eaaf3f9baf,000506.SZ,2024-10-29,5,0,5
a1a0937c106954b24950ae4023419a4afd02d708f1c14723d1005017a4a3b4b8,000506.SZ,2024-10-30,5,0,5
44d0fcb0b3f26a37f8613594a69b368a05d45f90fa5516ce85e63271ce7e0b82,000506.SZ,2024-10-31,5,0,5
ebcad543e04183040cad1960304df7dd8edf3a0f66f040a5f4715fca1334c64d,000506.SZ,2024-11-01,5,0,5
9bf86fa75a928d1231340c4afabf1b7957131f84d7e00059be281673379a065f,000506.SZ,2024-11-04,5,0,5
21ad09fbe3e000acc420019aa249f0aa8434a98dae5297d9286665b66015c19a,000506.SZ,2024-11-05,5,0,5
a139ed227fcfe444d680ab11ef829263c89f60491b40e9f3321a0fe73efd1c23,000506.SZ,2024-11-06,5,0,5
17453c2bccb854479ded36b732afbe9dc4816516752a623bf1ad0b97911e56b9,000506.SZ,2024-11-07,5,0,5
741ffb06c1b0920576a8289c27e4027969aae02bd51905608e77bd2358b7da61,000506.SZ,2024-11-08,5,0,5
1239aa565a0ac86210d6e786c9717ee38ff4b975e880f177cceb008e2f65775f,000506.SZ,2024-11-11,5,0,5
59f7cf98787f06621c844872356a8fd5329579bbc32058417025eb04f5487aef,000506.SZ,2024-11-12,5,0,5
f45b7d33ca70c86ffb90cc94c62dbc5c3598751ebc7ca71dd9e855d36381ab1e,000506.SZ,2024-11-13,5,0,5
db19260c3bbbd234f0efcf216ecb1e7e41673f0848636af294e1cfa2e21c65c0,000506.SZ,2024-12-26,5,0,5
ef0b3c2971493413162fadfb2b0036ada15d2bc3ded9334fc25f9e89d9995a3e,000506.SZ,2025-10-13,5,0,5
350995a1c06c70b61f270762f962d3db31245c9d06419a1890776ad5cfb07264,000506.SZ,2025-10-15,5,0,5
5fd09468438ffc1a1e345913b38d41f64cf7bc5e50f8850a50e1cf9a3e22f52f,000506.SZ,2026-01-29,5,0,5
71cb1d9d462df2535db4cb6f1820dca97ed213bf7173fa1cdc41799c8634aafd,000506.SZ,2026-01-30,5,0,5
ca38591c32584a0678993370f56f822410eaacfe796c2b96f4dc77d767c80be9,000506.SZ,2026-08-10,5,0,5
40400fafa1ead8b49f5e4c2df6f87145fc12251baa0e6483188577049d4096ab,000506.SZ,2026-08-11,5,0,5
c655d3252a337a62cefc177e08b89fa657d6ab7529d3547e136ae413abac6d24,000509.SZ,2024-08-13,5,0,5
f2bc90322122c0683306c6d8373524bc72b676203096e6a8aa19005dadebf1dd,000509.SZ,2026-05-28,5,0,5
42f56db86e5a06517473fe39e2a70baa443603cd3acecd4517b9e92f5a2395ec,000510.SZ,2025-04-15,5,0,5
26971f39110e2d27c8b8183ec403dcde8dc7aec34fd3647ba64d223353933785,000510.SZ,2025-04-17,5,0,5
92d9ce5f87900b8b3a19e26580f4efee46d734bb246db0baa1c91237129b1023,000510.SZ,2025-11-28,5,0,5
55624999a138f38d69917dbe55b7d5334e4907e832fea03b47218b19400db0a7,000510.SZ,2025-12-01,5,0,5
5dac969b6d8d228dee06613efbad08f67a7fb6110d0f0ce48526e28d6bf7ebfe,000510.SZ,2026-01-21,5,0,5
5e84223a36b83e9d7bc6f062508b9eb3b1e3394ff3c0e84f4ac0fbc941e07048,000510.SZ,2026-06-16,5,0,5
3a99fa73717934c59eb50c906c194d5a292bd2ab8e932e0fb3663b7abf071f91,000514.SZ,2024-05-22,5,0,5
3b799b6cf98232fe583f47c62a8afd4918f43324658529777a1ba31dac0cc8aa,000514.SZ,2024-05-23,5,0,5
42b76a022c3fd81316b9d59beefc1f05d29778f6d5e49590c8d999edefcef11e,000514.SZ,2025-07-10,5,0,5
dd81f056f6c3925d51edd7779123483d587831384db06fd46fa26691314fef8c,000514.SZ,2025-07-11,5,0,5
d0256e8462ba84ba184f4303e17150fc4f260440b9c07dbfaa25baac13abfc0a,000516.SZ,2024-10-08,5,0,5
a4e222d150bc8ad2f63e1abba42d60947770ae47fdd2ee7e76b508b525c49b1f,000518.SZ,2024-02-23,5,0,5
84e3973afbf62de6c857f4577ce04b1538c63a4bb7b77a94046dc3032c1564bd,000518.SZ,2026-05-22,5,0,5
4ec5d9b8d48fbb6e780e379fb64e49e1c5e1eefd7703bca90085dd28b9918633,000518.SZ,2026-05-25,5,0,5
633231983f4f5d0c0df21d135998ac6aeefb153684a67ced2ee7782c2a4e53dc,000520.SZ,2024-10-30,5,0,5
bc7e11a1452e0d0ae46d1bfb0301304852bf020576afba2b926c4c522ce553d9,000520.SZ,2024-10-31,5,0,5
d19cdd7e3b761e1d97048135297ccd26effb995d40b39e31d6452de1df0a26fe,000520.SZ,2024-11-01,5,0,5
280eaef7cc22e1f3338eee27c19922224fa0df654fd6a65263d2bc8aefcf7344,000520.SZ,2024-11-04,5,0,5
017e8c5602ce04bb792d27cfb77a83057de50db9afc68eb63879c281d155a258,000520.SZ,2024-11-05,5,0,5
8151795506c2350cd6ad1a697e77e5bace1ab8e8c0e414e619b155ab1e775fa1,000524.SZ,2025-04-08,5,0,5
31f6370d56125cf920c3ed40e3fd3c47703eeb07c77ffaa2f1e78663e41b8a98,000525.SZ,2024-06-04,5,0,5
4984d296be556ae6cb44751b7a909ad67e855f21b2e93c84a6df6d0b603c6ec9,000525.SZ,2024-06-05,5,0,5
c4b88e18cd2aadfb1cae59cb55486ad6e0913df91255eac01f61f062c28306c0,000532.SZ,2025-02-06,5,0,5
eb3aa6e6694aac005d1fa9a23a1c737c5b7efdcfc7bb270cdb8e5b209a9f41ee,000532.SZ,2025-02-07,5,0,5
e4ba1e489083accbe521d47127bf22b5ae76771c2958bdcbddefd16fea0acb33,000533.SZ,2024-12-31,5,0,5
e3b2fe9cd1d029ad8aadb673fe653751bc7646bcab939ee12daa2c8e86977590,000533.SZ,2025-01-02,5,0,5
c6dabf7f96d209c9d96c2527855585ebeabbe6ff81f1211e842858bd50999f64,000533.SZ,2025-01-03,5,0,5
264071621baa7e69a90f597ecc3578c13cb9dfbd9a430e1da1b4f8f8cf542c1c,000533.SZ,2025-01-06,5,0,5
e0f26c36492254a21cfe1a3581e73bb0a1c9b89efdd8e561219e6801c570a5c3,000533.SZ,2025-01-07,5,0,5
e11d85b8802b0b7dff95fe51651fa437a2689406c4210a6ce779d0bb293188f8,000533.SZ,2025-01-08,5,0,5
db5db7d193a26a25af872b169d7b58dcc3f47581e11005970ad5a85ae9b87098,000533.SZ,2026-03-09,5,0,5
69154990a81a3326a93ae9eeab56903972893069c9323ecb52d9332ab57e037b,000533.SZ,2026-03-10,5,0,5
4ec530830d98566ffb2b3021289205cdd3eef6b8385f0db796c93084e63eae2c,000533.SZ,2026-03-11,5,0,5
994ab8717ea7f2a1fadc22dfabc31732e4624df7b39cbbecda1f2040d27c9799,000533.SZ,2026-03-12,5,0,5
02b126ae1f229b23f32ba3212b3f3f35a63e262408c5df14cb66ace565d1de3a,000533.SZ,2026-07-29,5,0,5
b5249de36062bec52e3e63dc6829e82650c915533b81c9d4b97d4fd40841fafb,000534.SZ,2026-03-10,5,0,5
8b85087f483703a309ddbd127255c9ff2ccc3d9cec101a8b9d7980f7dac1d58a,000534.SZ,2026-03-11,5,0,5
f0383c34d6e54ef3420d4001c4ff716c6380d89ab9ca6d6f9da017f5c75fdcb1,000536.SZ,2024-09-11,5,0,5
dbcc068ef0f13f9945689103327f5fc674c7e9b849da558391eb1b9d78a5ee14,000536.SZ,2024-09-12,5,0,5
5e347cc087e68cbf79b97110968922beb6a51736afe69eecf760befba09c8c26,000536.SZ,2024-09-13,5,0,5
06e04610f0021b26e341c4f4518a983b8050d7fea8b37ae116977b4f3dc3c55d,000536.SZ,2024-10-30,5,0,5
2231ccc32d1f182cc23f5d9e2a506f46be384c111bec964e7c83da28fbfe77a8,000536.SZ,2024-10-31,5,0,5
78542a90bb8b7eb180a1deb4546ec98e9d29c6a85429eaa2b7c141cad669f779,000536.SZ,2024-11-01,5,0,5
b94d909a26e922501ba1e6c05976ff7ea64223516175bf2756dc46b50668fb57,000536.SZ,2024-11-04,5,0,5
c329649d99d9987c005eed817d6da9927fa26c56f13340335eee4580ea074ba9,000536.SZ,2024-11-05,5,0,5
44d92760d7e2fada7a5e849f75c2228b09e4b21a456988721277a9f78ada5b4e,000536.SZ,2024-11-06,5,0,5
02dd2ecdda43913e80182456c5595cb630ed1acd57f7d1b6eaeb1b58b1078521,000536.SZ,2024-11-07,5,0,5
90e099a318eaa4fb6f30167873292b747787748bb7fc4be204b9ab21bf0be410,000536.SZ,2024-11-08,5,0,5
381717afd2c519ad74fe5a5dc18343284b2b488e557a3da74f33924fb2927e67,000539.SZ,2026-03-24,5,0,5
2f9b367b80c4b19632a2b49fb69457ab36a6217fdb09035f530d6908db220031,000539.SZ,2026-03-25,5,0,5
986e347e7874980abc1da8e01ef4eb72f7af5358f5e86eb12dd44c61ed31237a,000539.SZ,2026-06-01,5,0,5
0e665be4aca9d38e764c86b9b5e64d74e5088ce1bb3fa1c7f8b14d438d669033,000546.SZ,2025-11-19,5,0,5
656fd7ef7ad870995ecddcfe33c016bd16722ced58e727b88e95ae1275ef1d54,000547.SZ,2025-11-19,5,0,5
bb60487ef091075b1462051e0efff64b03f8433c2d4c720e6dffb41740f86b30,000547.SZ,2025-11-20,5,0,5
cfef9118238c3e5f0d397828c82084acde978a4b9345d348884b15a3cf59866a,000547.SZ,2025-11-21,5,0,5
14bee5834b37f47a8ba8a36824b6699cfdad342abb16d078bf5e73d8319047e5,000547.SZ,2025-11-24,5,0,5
4007568a82f407c184cb199088d455495b0dcfc6d4f71c68fff24a315438cf2d,000547.SZ,2025-12-03,5,0,5
88facd12816c9c42ced51f81d1465124b382d5f998698130ba8d3766efb7d452,000547.SZ,2025-12-04,5,0,5
406faebb5155b01e8c6defff43bf2c82dbdffb47c4ab8e60c729905acc1ca366,000547.SZ,2025-12-05,5,0,5
d403f714d6031f01e19fcf8480b25d345e4f2dcbcd72e573c6f0297aa97ab86e,000547.SZ,2025-12-08,5,0,5
fc44d334d657f26c57e15e5ab4e6671a7e9f8b35696d147d1a84678fa86c7f08,000547.SZ,2025-12-09,5,0,5
fafa82578b67f0329b7927b8496abe8da3226fa02fd30207c2c8b39e6f9ba00a,000550.SZ,2024-07-31,5,0,5
130fa3f735aafe4dcec5a19427340c2b302031f1c93d3ab8e3e8cb11249c085f,000550.SZ,2024-10-08,5,0,5
f3f9691cbe007ed253cb4679924f834902f389617b1f8dcbcb923c77b5809310,000551.SZ,2025-12-25,5,0,5
2b5a9273463fb0e0c62f029124d80e3dd9d0bcfc550f7f840e68cffe3dcf3bde,000551.SZ,2025-12-26,5,0,5
fff298e8fb8e6991f3585ee62e3e9a68e9698d2a8adf5b1a3529b3c1e98b294b,000553.SZ,2024-10-24,5,0,5
134c3a24129faeb284a88696eb1fc8fa860e09baadd0872b58e9bc957866a84a,000553.SZ,2024-10-25,5,0,5
57be479d3ccdeea8e8e3c65b7e6b5fa416707689474d94b1d1d8c25b426f67db,000553.SZ,2024-10-28,5,0,5
1b9584fa6d8ee88e03d6f82bffdf0c509b40bbcf6c9309f0c9bbeed0301f43c7,000553.SZ,2024-10-29,5,0,5
da57468adc727736259722bb4ae7a15d596349924d75c85225a1a5ce8883dacf,000555.SZ,2025-11-04,5,0,5
d66788b5b8aafb8326dcfdbee609a45931f58666efdf3992a6525293341407bb,000558.SZ,2024-12-16,5,0,5
baac939bda82aadd6ef47b2ddabf9091678b2c53d36f0a73cdf7f7c7b6c9ea94,000558.SZ,2024-12-17,5,0,5
9ba7771ae63471bc330adf45875208d8c6153f7fe9efb07883f30d0c70313020,000559.SZ,2025-09-18,5,0,5
8fc66b146316a300ef4cebc259f88edfd559cd49d5fa9875ae2be64047006b16,000560.SZ,2024-05-20,5,0,5
ed5c5356598e8a17e65e3a8c5ae59fea0c160e983c05896bba28636a008607f6,000560.SZ,2024-05-21,5,0,5
d438db3b0f224ae6cb21b74a6878b33acab9f4bb9c77ca037e0383ea33368cef,000560.SZ,2024-05-22,5,0,5
cf4b5f9f5e6509c3b3c59eafcdbea1f9e008d1ea20bd85428f96550da692c731,000560.SZ,2024-05-23,5,0,5
1263608541ed9b198d60431384126e6052429fcfb1895b254267c29e2f328d71,000560.SZ,2026-09-23,5,0,5
0ff57971a1062c2e0893a6fcb88aec828c7a246144b10c80a3a75dfb20e61492,000561.SZ,2025-08-18,5,0,5
4b278a9bbe12d76ea65602a33af85a24902fbb5ba84cbc57646fec6acfbd0a8b,000564.SZ,2024-01-08,5,0,5
1fc408f827d6070fc167f1e220673c5328224770d929be632a0da186e998632f,000564.SZ,2024-01-09,5,0,5
f78400dd502d719396915fda607b1217f5c50c4ceb599f3bf679530e2dd8620d,000564.SZ,2024-01-10,5,0,5
53e0521eba4e091c0f78436ecf956a8c8775f894d1fef3f9a4c5886b763990ec,000564.SZ,2024-01-11,5,0,5
e1d8c73ff989ad1fb92d2d52ebfc5fb6ee111099d83b7f45add7209cc5aa3aa7,000564.SZ,2024-01-12,5,0,5
ca42c053564395ae9ab252339c324f31edc09d055797c1d8ad4a933693962ee2,000564.SZ,2024-01-15,5,0,5
192c3abf4c8d05178edb8097d4a98c01527ef362f50fa88721b83a9e66c75fbf,000564.SZ,2024-11-08,5,0,5
3a1050e04ca14abc4fd9a70c6ff46f04b0c04501ad6797c7b6086104debc0a31,000564.SZ,2024-11-11,5,0,5
166075a87547c2ac234de3f4e4c2afe102e499c38d729ad14cc02b7bb6f3d5e6,000564.SZ,2024-11-12,5,0,5
d7205e420c27a79074ea66a3b4814460407b491e984a9224027aa06dd5f88e37,000564.SZ,2024-11-13,5,0,5
7f8714ce37c239eb02717293c5a9677873bf7a71556f66aacb135d5ac9e0ef58,000565.SZ,2025-04-30,5,0,5
bb58f28d75cccd78bf5731b1990f5486639aff2639f7c43cefabaa2599ca8050,000565.SZ,2025-05-06,5,0,5
9da1e6228999fa466ece9675a7cd1f4447866cc90347368924deed0d6bc06c48,000565.SZ,2025-05-07,5,0,5
efd05ce5be062917f533635c37322eceee504b429c8d99920fab23b87d3bd573,000565.SZ,2025-05-08,5,0,5
dea77917d77832c5289227a4c8ca087b86aca882475ef2d4e67c38d57d434d9b,000565.SZ,2025-05-09,5,0,5
bd831cf76ec8871871b57325124bbd23a4ae6f50a600efefc9a94267f3fd2df7,000565.SZ,2025-05-12,5,0,5
828b07c7a397245c0e718dff3afe7622e3970380fa79c9c38f9d34b93d114197,000565.SZ,2025-05-13,5,0,5
dc50a4502c589e95c68ce1b53f04eb6538818492f0fa321f6fcff876c9534040,000565.SZ,2025-05-14,5,0,5
8c963c6a287954269d1de514909988168db3723db6caa0cc16386967d294661b,000565.SZ,2025-05-15,5,0,5
c51c3a0083a0e6107601c77bfca228580787b6b88def96243331927415f5db19,000565.SZ,2025-05-16,5,0,5
e547a3af13dfd19cc14612fc769e06ee443ad044109ff6e3d34d83b2a9b717be,000565.SZ,2025-05-19,5,0,5
1164f95060b367b1fbfd22c43fe73db820a5911a557455bc285ba422d5178e09,000566.SZ,2024-09-11,5,0,5
9fd3191f319cf500b941a4bd3bfdd18f7b209a9dfc799f845179e9b6a8b6a311,000566.SZ,2024-09-12,5,0,5
39084bc10c3d35a3cf518b1e22ec01a47c80c29bd1d4056096b3439e8b387c48,000566.SZ,2024-09-13,5,0,5
8e54997a840227f1b48c517aab92736065dbc4aa7a6734a01d0d20ea9b385381,000566.SZ,2024-09-18,5,0,5
195b63fdb3bf186e481d231243b619719513038bb4a19f0036228358a2a9ee20,000566.SZ,2025-06-04,5,0,5
9313f7d6f0774be58f5e8e61bed52451ac2948f4ded8581551deedc05b2283ea,000566.SZ,2025-11-20,5,0,5
507322a222206320a311c5f6615dabd17be9e91126c0967696a77ceb447e3f1a,000566.SZ,2025-11-21,5,0,5
0ee7f09038465bf1718ba44484262ae509b3d62506f7bbcc11a2eae455c94914,000566.SZ,2026-07-02,5,0,5
b9c9f36e8bb58f1081c2490bcd6f6cd09d9adbb7be6c1c8f32c413d99e2738bd,000566.SZ,2026-07-03,5,0,5
60c1a46e2d64a6ca02e72487b3268ffd4a6a5b4562f99bd3c5d4725aee35a274,000567.SZ,2024-09-27,5,0,5
fa7abd730be6823d6417e64fdac3b29b84cf34d7cba21acae23a0059d8185688,000567.SZ,2024-09-30,5,0,5
7731031e7d2e2ad4b909aa2a91f749fdd2a00be985c2383bd35c03558435cb89,000567.SZ,2024-10-08,5,0,5
72ee5c0be5af014e5087de1a63a512cba15c4f323d2ed1da8deb55df0bc069d5,000567.SZ,2024-10-09,5,0,5
6f1df48d8ea883a19482ef853e9e3fe5c7e3fdaefdaf4cd69f70586388c0795a,000568.SZ,2024-09-30,5,0,5
d865ccffafc6c78fa9f7254740921fa656c7ec10ec925ab77432b0f6a39bb389,000568.SZ,2024-10-08,5,0,5
7bb55dbc22336c3683d2bbb480e96352031060d431e75e4d224f0b93d12548fb,000571.SZ,2024-03-19,5,0,5
01523f0d336f69c97cfafa0ce64a7e226744dfd51a2bdd444eb100721ae5b754,000571.SZ,2024-03-20,5,0,5
cbc7dfa80a37aa7d90158e97d5a777365847f7d97468c324ab9c0bd5c7107f80,000571.SZ,2024-03-21,5,0,5
d2d24149378b85f0a7ee68da3ddc7b5b46164fb1552b320dc61cd6c747b260f5,000572.SZ,2024-11-04,5,0,5
815e4be1653f79604169becbecd171ed6fb39c3890764bd85da7e87866617eba,000572.SZ,2024-11-05,5,0,5
d92105df3a54d70dec04fcd6b8ddfec6a0937da63107fa7163805200694ee7af,000572.SZ,2024-11-06,5,0,5
698a969def03f7896a94a7d1a031e310a3c9595e726dd3ee4610001dbfdfb702,000572.SZ,2025-11-05,5,0,5
c2f2a32e408d28e31a67689b7747244ad59834bb61d0b03e6084f726890a81e3,000572.SZ,2025-11-06,5,0,5
be24753daab8ebc05cc3ec8d180fd4b8c7d2e8e310cf921750484d521df57947,000572.SZ,2025-11-07,5,0,5
ca0cf468e68dcf86a323d52c01caa090b89903da05b5f3cacdaf4b27ec223f21,000573.SZ,2025-01-08,5,0,5
e89a374c187a2d1f56f27ba4638cf2f133911f96c1d0abfb27344ee8fff827d0,000573.SZ,2025-01-09,5,0,5
1ab399cbcbfa436f24d5ed972cfd5acc694a3f3f8ea95052e5819e41315de74f,000573.SZ,2025-01-10,5,0,5
c7e15f53e2d18ce5625c4506ae198df93902dbf9ed286535a69b463959befc61,000573.SZ,2025-01-13,5,0,5
9ef5e7bde9349f9b17d2350a44a0d317e01c50767a1f8cb6456ccd7f70e56351,000586.SZ,2024-03-01,5,0,5
aa78d4280c772a5c59b88eebbc5bc31ff45b74fde9a39d709d0c53958492f714,000586.SZ,2024-03-04,5,0,5
e41ffdbb9bc8b7e5ea0a3f1b63ea4f1dccea6e022ae5ea9b02bd195923f3dbf5,000586.SZ,2024-03-05,5,0,5
5c5add95252ee69995f9e9e3827524316ace9f0cd69746598e6c4f87d6eef302,000586.SZ,2026-04-08,5,0,5
2a7a69391b4083a87f0c947965457dfa101f4391c5a46d09aef281bf56a6c531,000586.SZ,2026-04-09,5,0,5
d60b7f34dea412bc1b59c6966f71810d751a03e08a15ccd782639f776c26bf40,000586.SZ,2026-04-10,5,0,5
5ce2bd61130093e06bf4cec6942a03beeefbb4234387b2bbf98ba74c943a0c69,000592.SZ,2025-10-28,5,0,5
29dafc3ab09dccf3c0de79ea4990dd6aa13e38871c2f5fc74ef00b8be1f9887b,000592.SZ,2025-10-29,5,0,5
214324573117671fffefb106adadf1baf3f8d28d248268f722b108d1c6483a4d,000592.SZ,2025-10-30,5,0,5
535b6c852f57b91fa5b2d11d219178a30d559c52857c317be13b7c2c9b053b4b,000592.SZ,2025-10-31,5,0,5
783dc7819233fae136617fa884410e078288c3c0885b0273cad3083b825f47e7,000592.SZ,2025-11-03,5,0,5
e54dee3399df3d58ccb195cb62dde3df8605aed3e052eac1bbae485d856a540f,000592.SZ,2025-11-04,5,0,5
495d71e2a6709dbd1e4c17896f19c133d362c1149642317ed6323350991fd641,000592.SZ,2025-11-05,5,0,5
198e48a20c4e3267b2c3f4e17094384dd30992cb2468916e8ed59834fb31f214,000592.SZ,2025-11-06,5,0,5
5feafc0d2636effbcc71cb41ce530a1b148bf0c4b61cde2849548b20807327cc,000592.SZ,2025-11-17,5,0,5
f103960e643883e2e0959008cda4660e34b5a54f9521d5fc314a4f2ebbff946e,000593.SZ,2026-01-13,5,0,5
3f4b34cc85b2426a06477189989cb2a29283323887d68c29806621b8a6758abc,000593.SZ,2026-01-14,5,0,5
08cf30d9d5e0f791bf431d69245b3153658b6009177276fd7cec317d95046937,000593.SZ,2026-01-15,5,0,5
83a5287ece94f3a13d3f58ac554d93463761e09f4a9c11df4ed2eb90467c2f13,000593.SZ,2026-04-28,5,0,5
f4e5e3f1ff152f45f59d9bcbc4d3ba7854f05711b9b19e9e171ee57d286eede3,000593.SZ,2026-04-29,5,0,5
0394368e3a27f5f0c9cbe2f7ca0ffd62239ccbea942599a042b2bbd0bb8b5251,000595.SZ,2024-09-24,5,0,5
85cc35bb0144715a70818551415ca10cf4d715368c2041db9d91c147a29397c4,000595.SZ,2024-09-25,5,0,5
5b80a74399c35a015d3e4cf0e449cb4f543874b7d5bacf962beb15dbd6897b46,000595.SZ,2024-09-26,5,0,5
a8956aab2994d8478ac5cf687dbb10ab69b74f0228285f65b59728b62a6953ca,000595.SZ,2024-09-27,5,0,5
99d93bd7edaadecd544bfaaef6f6fa2bf71bad827b7519bf3055fbc9d5cce912,000595.SZ,2024-09-30,5,0,5
9782f2746832f438687d0c1a390b737e1543857a490aec1f80b9224dd9d68c6c,000596.SZ,2024-10-08,5,0,5
ecdb9b862ed5dc5aed69be05b9e17afd64f6ebf2a5da794f6c43cc70b5978367,000597.SZ,2024-08-09,5,0,5
8fe6c32982b42a837682b917e18f2299bcfeb57efb9221df858be37be16bfc13,000601.SZ,2026-03-25,5,0,5
351f81f78af5993df0f4fde2cb480db867080d94abec99738b9a943fc7ebf677,000603.SZ,2026-01-27,5,0,5
838e3e1dc86df278f1aa35336a63dc90331ee34b83ce47c2d2b110971d4bbfa1,000603.SZ,2026-01-28,5,0,5
7da71d8e11093144c2d2cc835878258da6fa6e9877544f997e23f37a404b0d30,000603.SZ,2026-01-29,5,0,5
5a7b4e630526a130e54ec1f7e0aec6c963a5f73a251977e194b047399d8230c8,000603.SZ,2026-08-10,5,0,5
4f85c9118b27389a271ef410fd2e2e07bec5e7e89b75793f13b765f404d0f316,000605.SZ,2024-11-08,5,0,5
f6e37bf2fd727523f7fccad8c6a71bddfe0faf55506518571152225d266b711e,000605.SZ,2024-11-11,5,0,5
549b936d5429d7d211724cb7453a9fc7da4d702ff782bd0c5fd3d3bd259d24bf,000605.SZ,2024-11-12,5,0,5
25fa7254dd71400f4e06330b03605778440fcc7e61a7d0d5d9bb80eb58638a7f,000605.SZ,2024-11-20,5,0,5
72ce838ab2fc6e248809f02f758e2a8c5e530c8c2880e8ac0a4cfd2c174718e3,000605.SZ,2024-11-21,5,0,5
37c1f9410f05eea4a99650334c0bafd73e3b1028960c71078224eced3b50f73f,000605.SZ,2024-11-22,5,0,5
eda5d6a1e40bd8a5e6271856e7835bb6d4d7629564996cda0a04d76bab804e79,000605.SZ,2024-11-25,5,0,5
211ec445dd4e2c01868565d5f7a7505f19b102f3e6784c42d2b77d5057d13b2b,000607.SZ,2025-07-11,5,0,5
70f3fccd2a85288e3388156a2fbb89eff7f8c783952ecc16569a617a7e82dc03,000608.SZ,2024-09-27,5,0,5
5b101182631395eafa13e137f91ded1c84da076b3418e6c7bdfe116d158e4228,000608.SZ,2024-09-30,5,0,5
53908ca7a8fa4cef28cc8ba3b571af8e2b12a3348b4b49e9adc1ada02f93c7dd,000608.SZ,2024-10-08,5,0,5
7a029a1faa9fc488400aab53e20759053637b1e47f4bffba913f6c5873a870ba,000608.SZ,2024-10-09,5,0,5
8ce9f576a36ab3004618d60f84c1550c5b09daf4ebef18629637d46cfd6b9416,000608.SZ,2026-01-15,5,0,5
b473bc491ea505f44a992c0ae3409dcfd843f97be7cef379dee43a3434a47ba0,000608.SZ,2026-01-16,5,0,5
179cbf74722b593cd015350b7fc2b958ef0ffdc3823a0350bd93d034766c3eb2,000608.SZ,2026-01-19,5,0,5
69bde32cc65f5ee4e9c9a67e5f39ed52fb54bec621d179a4a1254ed3a7256d81,000608.SZ,2026-06-09,5,0,5
9e12b5f528cf34540a2c7342342ab0af65e1726969984676bc155453ee856eee,000608.SZ,2026-06-10,5,0,5
569e4b0a2f876f9b00318e5d6b3478264d5485f28509b748a628d1d8f36190c0,000608.SZ,2026-06-11,5,0,5
e3dd97c7f21da8fe5a6285289230506db9eac2aec1933fa1023de72ed717fb70,000609.SZ,2024-06-14,5,0,5
106718e1c32259fc4cb4efa88be0335e2fe303b545a110f6036c39099f3ad92c,000609.SZ,2024-06-17,5,0,5
4818cfd8eff0365fbb8a214e1d42ef9c2c288cdb4cef169285c421c0d1c26bf6,000609.SZ,2024-06-18,5,0,5
002b90f0363a21cd2c61c07d3a4f5a0b68e7511a00eea28a6973ea443892585d,000609.SZ,2024-06-19,5,0,5
6622934882e3800e9701a34f20992bd44c4f035083e0cb43b8ced0f9334c4611,000609.SZ,2024-06-20,5,0,5
511f6874c6c48ef17e984d2fb2b47910fccb353610b45ebb5914ddb89678751a,000609.SZ,2024-06-21,5,0,5
6b3cec5dd9bee181e28bc8e9f62018c2163ca277d2d7addecd0493686bf04db8,000609.SZ,2024-06-24,5,0,5
14aeaf0132fb43f6f8688679d58f2c07394baa8e9dc08163d03860c4c7ed8d90,000609.SZ,2024-06-25,5,0,5
935d0e2568711e96a8e9a428469d9a82e7d9504696c3387046c42b627d15424b,000609.SZ,2024-06-26,5,0,5
bd52dc49d6233d6315b9f2859baaf71f6198655e6b650f153a25a1b41fe4b922,000609.SZ,2024-10-28,5,0,5
8e6087d57c1eb0407e421819787364782cdfb5a38340c6bf672c91a998c0b77f,000609.SZ,2024-10-29,5,0,5
23674883738fa25c8e0c61f9490f6e66cd6261f6da0242e2f49674618ea15f38,000609.SZ,2024-10-30,5,0,5
fbfcd6f2d794f7effbaaa1718ac652ae14a70ebe57df9656ec53d30a046974a0,000609.SZ,2024-11-14,5,0,5
d8620e5e9913f5e1b9b48dea3739a9cbe0ef251cbade52f5958e0d2489664ea7,000609.SZ,2025-08-25,5,0,5
ff6def8c32a5143d57dabd70c757cb9594ded7e57ee0997fe62d48cd39b604ac,000609.SZ,2025-08-26,5,0,5
69b1cacd4837af3c0396681d858f38cb70eec13f46dea064954cd6230aa1058f,000609.SZ,2025-08-27,5,0,5
1dd6596c6dc30681928bc156f387732dc56d418936766a284ef38cc0a63a7564,000609.SZ,2025-10-22,5,0,5
e3a12c4e873d2251c6bc26e79ccb4af88f75d704fa229087ce93d3cc1dfdb2d3,000609.SZ,2025-10-23,5,0,5
4c0aea3688a1ae3b905ce7e302b26e7b235fe85ddbb10a764bf28d9d538969f1,000609.SZ,2025-10-24,5,0,5
704e73f2f99ff704ff59a3cf1af3ecf97a13319b0e09f17e802b9088f91fcadc,000609.SZ,2025-10-27,5,0,5
b55eeea8462b4410873b665b2e029e8045955d65348e0d08e5f63a5d8134d44c,000609.SZ,2025-10-28,5,0,5
172e5e25be0036fb52b7b7eaf7bfd94f0b6248531dca8c14feaa8efefb8b13f4,000609.SZ,2025-10-29,5,0,5
9274be381fdbb5e0f0bcfd76bcc54a5d2db41a7464bfc5ba1df318499ed625be,000609.SZ,2025-10-30,5,0,5
29f9aa1083544bf1adb0c96a72ec5c179f1a5cbf91c87dbbb094f9e0ec426ecf,000609.SZ,2025-10-31,5,0,5
51a21005f091f49476ba2df63f1e8f1e86d591dfd1eb1ab9715be02f05a26fc7,000609.SZ,2025-11-03,5,0,5
9557f60b0022f30a10b70c6c2a7902a289bf1bf710a3565a894f6232bb737c34,000609.SZ,2025-11-04,5,0,5
8565fee1b710043486dab014bf9488995cb0de8ce0419df65d3927b3af45efd8,000609.SZ,2025-11-05,5,0,5
e51967f03602caac7da18aa1c28bc8f8f54f52c3a6ec60ba4d078e841c2c6e12,000609.SZ,2025-11-06,5,0,5
f289eb4bf41ac030225bd7be2faa0e7167366bc5e389c334c6fd40ae767b8952,000609.SZ,2025-11-07,5,0,5
94ac87da81116b3eab9e622dfd853c87cd47232f1da9942a3d913a9b3813f397,000609.SZ,2025-11-10,5,0,5
90ec7d0949c36993e9170b25a3a05e191e4898e10cc727a81f7358be1c597bcc,000609.SZ,2025-11-11,5,0,5
3af93b5e7c4e07db51e6631c9b89a0cfbfe1ed555abcba3db5f388e75b4bbc87,000609.SZ,2025-11-12,5,0,5
79c4150dae481366353584a297c57964f2cdcf8ee281704f2f741b5971477809,000609.SZ,2025-11-18,5,0,5
73600bbe49ad27e9df3f2c57adab0bc53f49af1d72745b6c801fa62362f80872,000609.SZ,2025-11-19,5,0,5
7376a0455e6d1c9569a0d3ef257952baabf0a1c822f8a3b3dbc1374acbe8ee1b,000609.SZ,2025-11-20,5,0,5
fe168b25fda1b595b0039fb8738f8aff1ca3f67ab07a438df27e7e7f2c636ce3,000609.SZ,2025-11-21,5,0,5
01789d2c0e9e04a745bb8698c279471f8f2a4a3d6c2a5624995e56afe0b5ea11,000609.SZ,2026-02-13,5,0,5
cf46576d7e0254454afa7ab1f3283ee33758c6b6984f3848cf85968886a5fe19,000609.SZ,2026-02-26,5,0,5
c393e19396d930049eda1dffe50640dcabcf44a0c60db9d5df0155814539755a,000609.SZ,2026-04-23,5,0,5
9e5e78ccbed05d5be999460490a6eba320da25d6d8273de63d82e48e17286da8,000609.SZ,2026-04-24,5,0,5
7d2b25cc5372b3daad526a2494a2087daa96e14b28ce3b906b9c91e1e1bdb6b6,000609.SZ,2026-04-27,5,0,5
a003135247deae4509e515a13b546ed1cd5f198eb47cc87247e501e8a3e760f6,000609.SZ,2026-04-28,5,0,5
91db7d07a961904d7d746d832fa7d52b314db147e8648e24ed5ab241229db5a5,000609.SZ,2026-04-29,5,0,5
46ba31ac081026028a7887077195f193e188a484e64bd6264311d930825dc0d1,000609.SZ,2026-04-30,5,0,5
8af6b179a8657b4b83de201393a7ae8524e8cf06af89cb5b01da178768f04b88,000609.SZ,2026-05-06,5,0,5
db1874e9ea8db7262bcbaf39485bb9ffb57832512944598d280472125ec8e492,000609.SZ,2026-05-07,5,0,5
addbafa414b0c0b837bf58b1201a8dc9b1ad42ef078f0619ae5c5ca5e25074af,000609.SZ,2026-05-08,5,0,5
4a4dd91fb154dc267bb3dd23e8403b8def44e69889ca7fb800a98fb3558020e8,000612.SZ,2024-04-03,5,0,5
93c52146fe2d8c255b17258c085d452168aa877141c10f4b836fb5e61c1ea841,000612.SZ,2024-04-08,5,0,5
aa62f13d0bb0ae78f6ad909f03b42ed3739c5503e41a47176e582b201ed8f9b2,000612.SZ,2024-04-09,5,0,5
d7d12c3f58deca7c60fcbd9bce49587648bede551834e39e58546e81e2c5ef9f,000615.SZ,2024-04-29,5,0,5
b031ceef0d61660e723bcc5445d223389123d469b4b8498f301566152eb97dfc,000615.SZ,2024-04-30,5,0,5
43a1a91598af0c7664bbf4708039521878df80cb0b044706560f46752e505572,000615.SZ,2024-05-06,5,0,5
7fdbdd432ce8da1e42866f892997f35ab83359bbd3ac1bbf08cf2373886d3b12,000615.SZ,2024-07-03,5,0,5
9cb9ac03cc0b8fee0496b0295f803765291fe3ab2bf8b418f12e59770da61be3,000615.SZ,2024-11-22,5,0,5
5fc9f4ff5876422a340c2ad123eaeddfe8599d8d4de3641ff1c1962107dbcdd4,000615.SZ,2024-11-25,5,0,5
dc3a0bcc031ed3e2d6c781919723cea1eed65b0ebd604a793a8351812047f02a,000615.SZ,2024-11-26,5,0,5
7d24f550542af01b4baa0cb159cbf10ee62d03d0c156cc47bf9c5cda1736316a,000615.SZ,2024-11-27,5,0,5
add271fcb9886a093c12e1a299e9b709c683f1009cb11d1978b4fd4e8ccc6e76,000615.SZ,2024-11-28,5,0,5
a18abde955cb86a8e7e4e4189ef2c8035e38226b20669ae34dfc90b4b981ce7b,000615.SZ,2024-11-29,5,0,5
88c9927de8a481d32b8efcf7158b15d494493094a4665be77c03b584cb14d9df,000615.SZ,2024-12-02,5,0,5
7899f7fcc58338c6f907b061968a6370b8881a8130b7f59045f9773382d8602a,000615.SZ,2024-12-03,5,0,5
fe824378926d660f9b79b557dc36fd42375b6eb6f4fee359653bf5405429fc3f,000617.SZ,2024-09-30,5,0,5
4625204d4fde66d0fad2d4af2b4f7358b7ba32c69391c71e297ef48d29bc6a9e,000617.SZ,2024-10-08,5,0,5
e5198a3843e6dc3f307b6ab9b9eae27e685313c62bb318b90a185ff1b535585f,000617.SZ,2024-10-11,5,0,5
bae1c40b0128f3152dcc406a50927eddc1340d874c341d6aa1313b4c6e682316,000617.SZ,2024-10-14,5,0,5
186999ac9f751647c8451587d3bcac662f8d267f78a005c8bac5e2e4eda6378b,000617.SZ,2025-08-25,5,0,5
af28b908af90ea137448cc4bd97799553c2c673bb40dd188cd5772a23a9730ed,000620.SZ,2024-05-24,5,0,5
c3387159efd3149278f76abb22f25cc59e971c4c6fa63063d66acfcfc3ab6fab,000620.SZ,2024-05-27,5,0,5
ce8332b25c6f25807b0647660957cc4f2b27ae37349d79ec4d551df2bc3d4b78,000620.SZ,2025-10-23,5,0,5
33cfb398809c861492f3126eab3c59e1da10d3a57bf3e9095858cf11814e65b8,000620.SZ,2025-10-24,5,0,5
b64f24342b33bfb3e246a436567ddf0b74ac94cc65281b845bdf3278c3ba0966,000620.SZ,2025-10-27,5,0,5
b4d09d1771d87cfe05b5383892f8f2bf4af78bc9ff1a835cc0fefd1cd7b55a61,000620.SZ,2025-10-28,5,0,5
8d46de54b76b31daa7802bb93eb4b683bc1dda4f9d3a73dc85c038a2c8839a1f,000620.SZ,2025-10-29,5,0,5
91882269ead50c65a2af5c50123eae849262ccbf29595a496bb4c4406b64739f,000626.SZ,2025-10-17,5,0,5
2ff410216e67aa0a40ce00a04980101f1db550940f61fa591a599c867a008fbb,000626.SZ,2025-10-20,5,0,5
d6e50e33a44a734b072eb32d0fca036ea01c020ab3dd60e85c5a699e1176ea46,000626.SZ,2025-10-21,5,0,5
f35ef3dcff6329e857bf7b0701f955e14c114f6697050e5d0ebb91464db4c909,000628.SZ,2024-02-20,5,0,5
fd47497eb97395b951dc7446ba8ec75705a6e8e0064ceef2a097dea9041b167a,000628.SZ,2024-02-21,5,0,5
d2c659cdae1bd06b5885a529f18205b100701355c6b84d58f00ae6dfdc6cdc32,000628.SZ,2024-02-22,5,0,5
0e6fcf1f9d7e40c5e67a328ebecca58031cce369f41ed9a2dd7252cefb55ef95,000628.SZ,2024-02-23,5,0,5
f788ddb5463f12baad11cbe6a5773fe5035bc185e187045fdbf6d650e09f32bc,000628.SZ,2024-02-26,5,0,5
c45607af0204bc5621639529e0193e6d9bc5ced85c154679bdc7b0f8b988b99f,000628.SZ,2024-02-27,5,0,5
b36b34947cce78eccaafc8c3055cc6ff26c36dfdd28dc7ec7d3920823fd20697,000630.SZ,2026-01-29,5,0,5
e5a4bc81e0273a81bf34b2108fad18d1a09f480fb3638aa64534a00d81ec5ef5,000632.SZ,2025-11-12,5,0,5
71e6359cf65e23e0a13d5ffd1f1f7a950cb9a6bf9a9ca52fcdf5bd6ae0afd895,000632.SZ,2025-11-13,5,0,5
5088e8b58878239bf34b755a659c5e7f139db57b64f11e9ba2e540418d78625d,000632.SZ,2025-11-14,5,0,5
35de7a7395648888053b3d78bc604acf35f54a7de64b2aae68b616f1bc897037,000632.SZ,2025-11-17,5,0,5
22a750a9188cc826c8868cbaf311b985e66a240ce697dcff3cce64ef265caecc,000632.SZ,2025-11-18,5,0,5
16bb23fa3e40f3773068f848028a300885fcf6c9bcbd6affdfe295c60f3de222,000636.SZ,2026-05-22,5,0,5
3a30c40670a965ccc0e86d1c5c5be78335c82877eba60cb3ac386758342fd6c6,000636.SZ,2026-05-25,5,0,5
20ba6b5c7687517075f93b91abd34043416b772a94a9487d5ea53a7acb5d4e5a,000636.SZ,2026-05-28,5,0,5
c95a40b525dbce83330bcc164cdd7cfd3144cf523098f1ffb2d7a329a460f32a,000636.SZ,2026-05-29,5,0,5
dce9c8bbc7a51669cb986ce26cdef30b7d77a12ab887efd78debeb47f243f36c,000636.SZ,2026-06-02,5,0,5
56a0d699d459276aff93ba95c352ec79c9c4363d94b19e11a2eaf4fcea236fa5,000639.SZ,2024-11-07,5,0,5
ae5b2aba0c85d77f9580de3d0add00446cde4215b429210ea8fb8c551c30d095,000639.SZ,2024-11-08,5,0,5
6c734090a762690ee9be33faee8f132eda823727c6d35b900610e7377cb22fb8,000639.SZ,2024-11-11,5,0,5
4f85fc842100afd5049674517ba8ba7926eb61a636ac92ee58804012a24739f1,000656.SZ,2024-02-20,5,0,5
3cbb42b2048ce5a5ac79363d4dd45a757005019bba8d009433ee0c639f53919f,000656.SZ,2024-05-07,5,0,5
5d8acf5711542a9af67bbd266aaf96988690b31d6d2abdb245c15159c6e9a3b4,000656.SZ,2024-05-08,5,0,5
34b684e85d31baac21cfb761c2bfdbc13e62aecbb79b7b9bb72a8c513a044991,000656.SZ,2024-05-15,5,0,5
817c440eb9e78eb560874f499e87ef8b8246d43ebde9ddf6ad0c252b57bcf4cd,000656.SZ,2024-05-16,5,0,5
a0561eff8d3df1ab69f89f70bff2ee372b187ec09d98c4a11230a4c4981cbfb9,000656.SZ,2024-05-17,5,0,5
22928b610a9bb72f0aac6136e99c5f4125c1d097a3856ab397182e34e4658931,000656.SZ,2024-11-06,5,0,5
7135f66d47b954d7877d25cf7b336c2af1212e5e60052949a49fffd1efe73280,000656.SZ,2024-11-07,5,0,5
469680c6894d6341a0fdfe914659805045f51bc3e120bc3878fd0e6bafb624fa,000657.SZ,2025-07-25,5,0,5
4456909579dcf1553e46bcb4857c365c25a3cad981e3ad6ecc362b4a061504d1,000657.SZ,2025-07-28,5,0,5
71f36ba357b763982cd7bdef81f63610cac0bce1ae0d840a7d2af957ba0e3bd4,000657.SZ,2025-07-29,5,0,5
9b5ae2d845a830f263a9917381cd267affcf554866c382036eb8b8a4e2824621,000657.SZ,2025-10-30,5,0,5
ffcddc3a9a69a73455738682a1ac4a0231148eb56bbb725affdd0a4d513741e5,000657.SZ,2026-06-22,5,0,5
e8bba5781c6afedb88307b2784d2b26843d04439ee1636a8d0d7a667459dfda1,000659.SZ,2024-09-30,5,0,5
0bced9276350d8b01223d23a2621ef188d3ba473f509cf240116c8bfc640898a,000659.SZ,2024-10-08,5,0,5
d4242508106833defed2535cec09229702a789e934a503c19d1997e01a69cbc8,000661.SZ,2024-10-08,5,0,5
bc1911e61394fd9aacd20fd130ac484c7d5b44d116ac3613c97a25d3c5826589,000661.SZ,2024-10-09,5,0,5
b8f354f86d89c7b1d379bec69d39dcf8cb00a15df63c9e94215ad72dcfbf27c6,000665.SZ,2025-03-11,5,0,5
d71502b14e1903b177bdcc0ddbbeaafa84c510b4cb8d5277551d8d8d4216f23b,000665.SZ,2025-03-12,5,0,5
dfc51b7f2868379360f642ebe4f406835d46bae9f1e7953ae8847ef4ed4992e9,000665.SZ,2025-03-13,5,0,5
a2ba520c8ba03955be03760c4f346ab2ec35508d82b3910a8bcc8c4e16087710,000665.SZ,2025-03-14,5,0,5
494c85d1223f1ddc221a0a88b01965014cac482cc42c52e45469315aba9951ce,000668.SZ,2026-05-11,5,0,5
688d451f0e620bafd3a90a9d574988364983771b70568e2930d47df9c3e247e2,000668.SZ,2026-05-12,5,0,5
a0bc9a5eecd3b6a27b7c4bc49f29d85015e34e13c28925bf002f317ad31da5dc,000669.SZ,2025-05-27,5,0,5
58f1b538f0eb4dfb90aadfda17f0416702aeb2aaadc3483f3ff3f9654d5e6864,000669.SZ,2025-05-28,5,0,5
9a5c21d57909da91efcf81bc74cc249f4fbe619acc7ed8b0ebf54371e43adbf7,000669.SZ,2026-02-13,5,0,5
8ce35a281403583e868872667c890ec5526ca5027ec88432677ba0d1c2a5feab,000669.SZ,2026-02-24,5,0,5
a047096016a431146881e39bf5214a95f5fcb3c743b785ec01d77b1a91fe1467,000669.SZ,2026-02-25,5,0,5
d7e3b22b844fd1d4c48b455dff405406fa0534e9140936c6c93156ebf00086ae,000669.SZ,2026-02-26,5,0,5
7229143bd1354b1ec63d92e31425f3427bec05b7ffab2f94c2b361ed063d9e71,000669.SZ,2026-02-27,5,0,5
07cadf08ca9c484af7e37391349bd6382de54c9a4315321379070505f02fe797,000669.SZ,2026-03-02,5,0,5
7d4c47b3e2dea0b388970fe3b2752ddb38732e0e870338fad5f9ce256ad61e52,000669.SZ,2026-03-13,5,0,5
a6add595130cd3f5894e52be86b54bb99868d87e4557a334a48dfd3759d6a5a5,000669.SZ,2026-03-16,5,0,5
d46b4aba4ab111ded51ed59f4dc40a9c10bc8f55bf0895eb656ae7eaf5c8b85c,000669.SZ,2026-03-17,5,0,5
a685a658cfff9886cfe04dec02590905ac4e05ef0c2f1b21acf0fa7dadc82f3b,000669.SZ,2026-03-18,5,0,5
30e23aa84407ab966acdc5703a61463c8256a33f74370fa7e8caf25831eb03c4,000676.SZ,2024-10-23,5,0,5
1522db74fa6957ddd5673ce5c9bb6f643bdf8807edda03fc27a7d7bfc9d3df55,000677.SZ,2024-10-23,5,0,5
ebc623a559c3696432fb358de5f1c8e3c36a921d0a5ddf57e443dd133d6607e7,000677.SZ,2024-10-29,5,0,5
666dd1d0712d4ab1fc4b458f42b00a4baab1c0fe176c76cfacc92dc15a9e3205,000677.SZ,2024-10-30,5,0,5
b6ac164f4ce6ede1198e27dac8d2aeddf6e060d9b833c22552b0698d325feab6,000677.SZ,2024-10-31,5,0,5
a4e82a4f5ab6e8bf3f67782c249bd949c210f6b93b88f02a6facd1b226fab4e6,000678.SZ,2025-03-13,5,0,5
d67cc11fdeb55d66ba077aaa99511999d52ec60e28c8ba067ffa86738e6b0bc4,000678.SZ,2025-03-14,5,0,5
eea5182f35786bc9fb742e8b86ce0ffa9ed9cce871122a59f8c7de1235a98737,000678.SZ,2025-03-17,5,0,5
31b9e292f3cbd0d29f3947add87c9da52e9917d13b3e6a9adcba20b744f77d4e,000678.SZ,2025-03-18,5,0,5
b6b8e18ce2abdc684afd0c0c36fc008c070a698c9558b2ce9d53f7a98d5710cd,000678.SZ,2025-03-19,5,0,5
84acc5a87ecc2c70028a768288a6aeed183e50bed6ad43090770589fa57ca0e6,000678.SZ,2025-03-20,5,0,5
f509116d07efd0b9d421f47783436779b532bc46ccb9c399d8ed5d9213ee07e5,000678.SZ,2025-03-21,5,0,5
c15fb2302927a3c22c3770ce91066f68e14bae9d82b80064c4d7255e10c562d1,000679.SZ,2024-12-16,5,0,5
a67c8b171ce3e3512b3d58e44df0debc592b8cd8625abb36b589abe3c9537156,000679.SZ,2025-07-30,5,0,5
9dd74296cbc66724471b0fabe9b77a251fa4c66d90876fc859ad6d32f7051966,000681.SZ,2024-12-09,5,0,5
7440566a66d1228370ed11d1bf3f90212ff8109b4170a5a06f05b45d215a4488,000681.SZ,2024-12-11,5,0,5
c174ae8279cbf3d0ec5518843335fa14593fbea898b0ec45195bd3097ba89170,000681.SZ,2024-12-12,5,0,5
484e2659bd1f9d965048f1ecfa9172d6802e1246c070db02ab244e914a46e0a1,000681.SZ,2024-12-13,5,0,5
1bfcad18cf9bbb765d97c6a9cef9a0429218cf117205baa01ad98d782d86a6ae,000681.SZ,2024-12-16,5,0,5
0c8dc8ee6d6901544eb67c14fd1a99f29756f84248341efafdc62f271abb0559,000681.SZ,2024-12-17,5,0,5
d85018f030a7f03d8e9d5a410698ca1e9f57347b14acd7889f0998e0f8595be0,000681.SZ,2024-12-18,5,0,5
fd1af9a616e71f3b5ee234a833e9bc5e02261abf53af369723a2bc7095a9cd8e,000683.SZ,2024-09-30,5,0,5
8db8fc566f447480232b9d773043b2a4406439c4bedf7df160143ad358a1f7bd,000686.SZ,2024-09-30,5,0,5
4c5b4eac87e8c0c745a55d78c8636f41edd2f0ac99fcfb73f56717df82cdefe5,000686.SZ,2024-10-08,5,0,5
1d3400eed01996bf8ceb5e95af372e802a9a82bb55c111777c3bf3b55a7de9ef,000686.SZ,2024-10-09,5,0,5
94eb9aee1f889937cf280bf3a97be46dbfd3895f2affc80bfe1b1cbcc7bf19f5,000688.SZ,2025-11-11,5,0,5
53883594757fe841eee66ad9daf62205fe09c59e0056ebd05e63cad3c4106533,000688.SZ,2025-11-13,5,0,5
4ef5f55f6cecbd032227bc8f22cee89f395662e9975d005dc706bbd9ea7fb573,000688.SZ,2026-03-27,5,0,5
0c328ff9610eb8a54072f7856a4a96313db7c92006dbb64a83aee84f7c0065fc,000691.SZ,2024-04-25,5,0,5
f6b0269c2ff33b3076c4820f21a174eabda55399451df8ec1faff7d6ba0fd6b4,000691.SZ,2024-04-26,5,0,5
e4c265e6823bdc007e3ee364df5394eafa0936cb4f7304845507c8ceee4829cc,000691.SZ,2025-05-07,5,0,5
247b28d183296e74cc408bf7f178d4dcca6bee8d10a29460acab052ce6b5873a,000691.SZ,2025-05-08,5,0,5
48de832118905c6b0d87904e93ab7900fcd6cc5a86c922ec294240bc3eb5ade5,000691.SZ,2025-05-09,5,0,5
6417fc69c6d10a4e43d1ea3460b5f0dd387a4022095f97837a1afb56c6df6e42,000691.SZ,2025-05-12,5,0,5
a5943fc2fdd93808753d9bf196b712ac69d1faf5330201f9d2cbb9ad77fe6f30,000691.SZ,2025-05-20,5,0,5
8c95a77893a7a23015dc5e8e3ab38cdeeed9f25fcac0c11f7a427d0f5322b66e,000691.SZ,2025-05-21,5,0,5
bbee8bbad8d5c45d2a4b5f6d0afe47e692a178e1905bb0c26a0ca1d60beb21e5,000691.SZ,2025-05-23,5,0,5
333d480febd1c797232c688b3efe69376ee718574d012766357679e5b6ee89dc,000691.SZ,2025-09-17,5,0,5
d5d33a7fc3a01bd6e8ffd04050274c3d95dcdb3a45c53ba7389cf0ba0936cbdd,000691.SZ,2025-09-18,5,0,5
cfede2c5d54256e47fd22643400622bdc55bc0cdb815d3ccef55490e3c05cacc,000691.SZ,2025-09-22,5,0,5
eba64b477409a21c421c57f29b551e20a95887e09cffdd3df9f4c2b49cd6696f,000691.SZ,2025-09-23,5,0,5
293e822229848e0e48c70a97e4a9f8f6d5059707a3174d1e830886a987006777,000691.SZ,2025-09-24,5,0,5
063b809cca63f32005e2b201d1653aa6b2b16d2a38da24fb98d174d907d5b772,000691.SZ,2025-09-25,5,0,5
8a0538e2b4279a384c8dd66076c8dcae3a6616791772ece2f125dfb1840e26d7,000691.SZ,2025-09-26,5,0,5
e12e0775a5411916cb2803ff6cb92cb69530a319deee3e1bec0507dc3efe6708,000691.SZ,2025-09-29,5,0,5
68de83922efa57b56142ef6fdc178a1cdcf5695a2763989a398120e83ca6e4eb,000691.SZ,2025-09-30,5,0,5
f7e60c9caf70fc4739a3f6a80bc114c50961b6f7e30303b9de563281cbbeb8a8,000691.SZ,2025-10-09,5,0,5
ca383a2978f0e5868112dcd0ff58ac63e558be477ae5435dbfe1452c62d21413,000691.SZ,2026-01-12,5,0,5
d0e30a2e2143082bf16912bdf94a000fe2f05396a29bf6b257d1f4591c327153,000691.SZ,2026-01-13,5,0,5
edb3a25cd8fab7f12bf5066b574ff8d853dfda6f9c532e2bee417acb510f6677,000691.SZ,2026-01-14,5,0,5
cf2022a470e0d6ab15aba9ae32b0dc68ac942d26f593acbc9235f4dfbb6dbe49,000692.SZ,2024-04-26,5,0,5
dbbbc48bfdc7e2f1188afaf8acae9c7bf8a154f0f83fe1bfcaa9f5470a423b18,000692.SZ,2024-04-29,5,0,5
8fbf97a234934dd4de66a816526d141620387810ab61aae538583a2bdbd3ab1e,000692.SZ,2024-04-30,5,0,5
8c36e4271ca15480122d23b7f5ecf6dc632444cecb3d8adcddc66b3c5401ef80,000695.SZ,2024-11-22,5,0,5
7138bdfb089936e5636ebba67c651f21f2a0bdae35cb997f13108381111e6551,000695.SZ,2024-11-25,5,0,5
57706b510f85fd421c2fb08915238e8cc44f45fbb30689d749949300ec7d2e85,000695.SZ,2025-05-22,5,0,5
89c57123e8d0f27efc64ef8453e54772acb4440f5a124923cc58d801e1315b1f,000695.SZ,2025-05-23,5,0,5
378a5407a066b08ae140a55f0bb54d51ab44e21d5a5285a280e6b72357030672,000695.SZ,2025-05-26,5,0,5
d66e19407ccd00eb955754eaf420bb74aa8e29e7d6dac88deda68c798a2e1212,000701.SZ,2024-04-01,5,0,5
726ba9dc9e4eaaa612e75edc5287502e8e71a91f85ec371417520f3f89409945,000701.SZ,2024-04-02,5,0,5
42a5d6ca1ef8b26c6d96b22e89b8fb2caf767cb8da621d921f497a63017ab110,000701.SZ,2024-04-03,5,0,5
bc3bea8480b4456eee241e7827dd73e51928b60c470408d12a217d0f51778a70,000701.SZ,2024-04-08,5,0,5
85360f0c5603a31e30b4e10d1d8418571b1a4bde2bd42043ce40dee45e117027,000702.SZ,2024-05-23,5,0,5
71c252b6fd2062e19a7f64fb9677bcbe2f4be4e1b5547e2e6cc64b0ee42d415f,000702.SZ,2024-05-24,5,0,5
1e4b94877793d4cce9d4cd040d81f8d180c085dbd074f70925547034ba812b92,000702.SZ,2024-05-27,5,0,5
f7a52f9b3524fe4f8269a4fef0aeda5573a098f5ab1204e0ac4d8daadc77eb25,000703.SZ,2026-06-26,5,0,5
55dd19e3ae286b8f587558f5b34457546498bdc06e2291f59a131f9592c6d297,000710.SZ,2024-03-21,5,0,5
fa94f1449a640ec9bf04432cbc614e2bac86af5be47fa702d55c58be934d5775,000710.SZ,2024-03-22,5,0,5
ca1570eff42fb38d7290430ea604c47151e518498d46ceae7aa2ea20bf3ffaba,000711.SZ,2026-02-03,5,0,5
02dda0652e8cf231a01b1df09dbbb9913654543c966d4ce583f196a642b60aa6,000711.SZ,2026-02-04,5,0,5
8a44c09c0c6879a317212ea31e4a0ebb89862e19be7bedba08548576c805d12b,000711.SZ,2026-02-05,5,0,5
e8353d585b48ac729dbc68b75e19fc3496140f8a5b5121a99631be38aad77f3f,000711.SZ,2026-02-06,5,0,5
db36ba7776f321a1965e555911bd188edbdc39517f3994096b418e8e3280fd3b,000711.SZ,2026-02-09,5,0,5
29ae0a797ea3b55ed2fef1b94cf4a82782b59fb8d1a5f17a14e619cf19eec6b9,000711.SZ,2026-02-10,5,0,5
6283bdb8d5a2311a12dd7a04e9c0eb4de91e1000a7c2d631c1241cb7c026e6be,000711.SZ,2026-02-11,5,0,5
00bfec4858140281d7577c1c6539a933525706bf375089937fbc04134431655c,000711.SZ,2026-02-12,5,0,5
24b15d77340e34071a893b91373686dc13350a7c0bbf76fdd6ff6f563db81417,000711.SZ,2026-02-13,5,0,5
bc0c6f1d9cb5fbdbd57921256b7db1f8aec5407676aeda79d0461615035926b6,000711.SZ,2026-02-24,5,0,5
99227708d9efcc52b32b3b724290ddd475fcce5282dff02c45e7fa3b3dda93c4,000711.SZ,2026-02-25,5,0,5
ba226e3efd0e2f5b1d9e334f89f2629432badfaa03524e14d8eddde3babd27b9,000711.SZ,2026-02-26,5,0,5
09a012c9660d757502bbf613b3337e3b2dbe329d9e0facab6b529b06dff617ec,000711.SZ,2026-03-04,5,0,5
7ec9943333535517e5660a4bfdeaf89c4cebe5857648be9c62d76a8d4b37ee10,000711.SZ,2026-03-05,5,0,5
934a4fa00053eacc5a5f6f7ee7cf622740771ce03685b24e8d6d837f4a1c511a,000711.SZ,2026-03-06,5,0,5
427aa49c656ae85b9c92509d2ab0d93cfbd46c8da1b69877de03093a792b9604,000711.SZ,2026-05-12,5,0,5
291790c52c086aed645d72d5a958ff79e77103fdfa78d69745e9c22c15723b36,000711.SZ,2026-05-13,5,0,5
64cbf3210a0254305d905b1db7d2d9f85cae75ab33a25a2fc26cd6d950cc4813,000712.SZ,2024-09-30,5,0,5
50612f66fbc5fa432583472804490ba0709190cfe2b5a78974df70bc38dfba7a,000712.SZ,2024-10-08,5,0,5
d22e26fe8257b925bdec37264cce6b369d995c477881d3ed52bb92a3d79248e2,000712.SZ,2024-11-29,5,0,5
bfac744f2e3f7f609c141e6d377dea2fbd0c5cab741d841f63beba5883147a5d,000712.SZ,2026-08-28,5,0,5
3f4b261b795e90c7841db99da050dcd960deda47210f6f6ae84aa52051e28a4f,000712.SZ,2026-08-31,5,0,5
3392184fd1cf09c9ccf2f476ba25d86f7063246dd87aa3f3bdde6cd737fb9777,000712.SZ,2026-09-01,5,0,5
2a04f710222259b3ac66b2637d46dd7a7f97d5d17a644569c9e8fca50739f356,000715.SZ,2024-01-11,5,0,5
c1b40f2fbab2885f031d1f1eca261f6369a2c1136b689f403c5a8b724d928b9d,000715.SZ,2024-01-12,5,0,5
874f4df755de92d7c4cc29125ac6a82a5b731e8b7dc3f484aaa24f9b6460ad88,000715.SZ,2024-01-15,5,0,5
801a73770ba9900241c70201dbf1fd127e63d9e392d4f2e73ad20ee211387910,000716.SZ,2024-11-06,5,0,5
8d02823e32920e017b3a898b2d0aaf0477bf8ce94649519fb9338eec4825c2af,000716.SZ,2024-11-07,5,0,5
65150831798905c86982d184e7308410db0f87afbcb85635ac2ae27e722564c1,000716.SZ,2024-11-08,5,0,5
cf5a4d7ab265f1307f7a2b8c3f370020136cc75d234fd079121bce152aa1990c,000716.SZ,2024-11-11,5,0,5
e9e84d6dc195e8a3b2857c2fa2d1daaa797dc135818c15795f7dccdd180ab9dc,000716.SZ,2024-11-12,5,0,5
7ab035b5b6f6fbbae8c45232c6f5e711d6dfcfdd0c191388965ec8f142f9e197,000716.SZ,2024-11-29,5,0,5
74210fbc6935ab68783a2b79468e35cf5aeadfeafbe9d37fb4cb7c75cea732d9,000716.SZ,2024-12-02,5,0,5
d2395522b48fbdb6eaca8d6945596d68224bd20b7ac36685bc26f551b7224ca5,000716.SZ,2024-12-03,5,0,5
9003867add82ef70209ef8b64aa927fc16ef435aad301131b54803a122cd072d,000717.SZ,2024-09-26,5,0,5
f4119d743bfa5e118da1a6516b539371d08c269696dfe3940a8fb6bac9eb4bf8,000717.SZ,2024-09-27,5,0,5
df597bbcb4fcde14405cb5715389e3b037381518d4a50b26b612ce1deb7a0b93,000717.SZ,2024-09-30,5,0,5
fee42f1676615da2907d507c1e45f09a9279c3579f4b2720b5ba326c9ce3c78e,000717.SZ,2024-10-08,5,0,5
e13c6f6bb57bdf8b3e2a54736a6bb90c387e627dee66cb1927c19dbe075aa3b4,000717.SZ,2024-12-11,5,0,5
bf148a621b1c374e0aefd6445cdcfe11e89ce3e55142f3b47225137734a80286,000718.SZ,2025-09-12,5,0,5
29f8daf07892a055a27980bc3a6ac3bcb7e23d841323e8273f10361b527b8a91,000718.SZ,2025-09-15,5,0,5
380d212853b9715cb2757999faa6cb83a176c8f090acd1197eccd4efccf3b6cc,000718.SZ,2025-09-16,5,0,5
82b1eb41901b65e75a05cee4fc58045e27a0d844621a88c42ecffacf584b1d3d,000720.SZ,2026-03-27,5,0,5
9428d3b01d8c06c85ec79de5d598caaa6740a1203c5338ab973ec97f9182e310,000720.SZ,2026-04-07,5,0,5
b6b9acc002e39e362ca8152d7c17e8efa243cb85c413ae1e9df4166dcee2325a,000728.SZ,2024-09-30,5,0,5
a8343905f1ed661cc6c5f8003dc9a0c5236a6f4017bd95f59ce02a1611da615a,000728.SZ,2024-10-08,5,0,5
4118064b6ad0a6b06838d46974c0c5cdcc4b0a642f306d2a31bd06765b159418,000728.SZ,2024-10-09,5,0,5
493c7126f528a6c1952c0176433e093bc628898187a071aadac6522be6a9c808,000733.SZ,2024-10-08,5,0,5
2fcc7093740ee086ccc0a9bdfaf5f893bd9e1d93a0f5250d37758984e23ecdca,000733.SZ,2024-10-09,5,0,5
c140b70e92c65f01a3517ae0474e7d4cd9ed7a11459d6e3a2b8bcde85990aa50,000736.SZ,2025-11-05,5,0,5
50095af2d9f24360009f128291bc76f6adfdb7c912efe2e41b29ccdc772cb9cd,000736.SZ,2025-11-06,5,0,5
4eacc24ce87b2b1dfc60c0420aa504d9fe88737bdee280a0f5a9748ee33f60ad,000736.SZ,2025-11-07,5,0,5
e093508cd427262de4a92c2de4d0b881260aca7a8bf0733f3e1a0447d1b6c5cf,000737.SZ,2024-04-02,5,0,5
ce2c7dfea9ce8cb27d158ce7870f6c243effb98c3293e78797568a085cf0d801,000737.SZ,2024-04-03,5,0,5
df71ec2c79d91602fb7a3d64cd93a8361c40e939b16b844073631c26b4fcfab4,000737.SZ,2024-04-08,5,0,5
6d1db5b01deea09d9d461200e7c8f50e84336b945b086e0637ca5e7adf7775a0,000737.SZ,2024-04-09,5,0,5
09b7ddcc59cd860507b56453a8c8505fff10d486d6021cde88705889781ac943,000737.SZ,2025-07-02,5,0,5
bbe13123f514d0018a494cd8c7206ade0ae9473dda7be188c813514b47125623,000737.SZ,2025-07-03,5,0,5
b34f58fad1cedb14c58ed2a16d9e5fd11165464e813b2582c347c772d541f305,000750.SZ,2024-09-27,5,0,5
0e339f0483048e25a3da2318ba663b113615ab5ba03f7dd0148861f10f810d3f,000750.SZ,2024-09-30,5,0,5
7aa2a6cc8c9f1c28a4b9fc86baa8822522a2dfca0f31aeff486b35123b744a28,000750.SZ,2024-10-08,5,0,5
c969b05462e42f63d22989a1ca5fc571117bfe0ba8dcf5281fe64ff18915a4d5,000750.SZ,2024-10-09,5,0,5
05946a45a4711301b49bec15711637d9a5d3e5ed7dcf468b9e2940e94a35c09d,000751.SZ,2026-01-29,5,0,5
294759a4aad7afdf20d7a967322cfd17d42756ebd5ba7a259b84646653a92aef,000751.SZ,2026-03-02,5,0,5
5f7ce7abfa8fdb88838371db5be87ac407266c2ab80cb372c0919b63ddd8c869,000752.SZ,2024-02-22,5,0,5
f6b9d6bc2c8989d77556a0178b277df6abde2ac2269f2785110725e8d509b583,000752.SZ,2024-02-23,5,0,5
b281c2f21a81163f743cb13cbf852f94ae38f72836ab44c2d3e3439ffaf02653,000752.SZ,2024-02-26,5,0,5
12693c3ba36dc4e00e5fa69fa742c6d614a0cd75885dac948a8c3e7314011750,000752.SZ,2024-04-29,5,0,5
c59abf0bbc18a4d7a8ede106b6e1ce023a03288155c4b17b99cbfd2610fdc2cd,000753.SZ,2024-11-29,5,0,5
965c23329165c94fc37d6e83ae1c5a5c0efd493f898bbc36cf9b96d9cb4dd40a,000753.SZ,2024-12-02,5,0,5
dfb31ecd1c2fa7ece45aaef955fbea2c7f7511f524c11f2f44bd061940594f11,000753.SZ,2024-12-03,5,0,5
030ec39a38182bcaa03d616cede793ad2c4c5cc629f7a4a57a50b67989a32907,000753.SZ,2024-12-04,5,0,5
23c7ad404c8589eeaeaf2cc1784e63b89d62e97ffda78fd0f7ef27e8c5baf868,000753.SZ,2024-12-05,5,0,5
f96bbee13e701bda7872f14d676abfbb15d2df5f297dbc64ade33089dd0ead28,000755.SZ,2024-08-23,5,0,5
3453ff2fa6bdc95508968d4aa1b9d437cc96b35c6f4b00916fa1f463d4bb0377,000759.SZ,2024-12-12,5,0,5
ef4df81c174f5d47798b34dfcf92d1f4a46b757ee7058b4bcc66a7032d2f0e4f,000759.SZ,2024-12-13,5,0,5
ac4fb059e7b4c4834b3cdbf1aa39a8ec7b72ba8e37e911c409595b0e97419884,000759.SZ,2024-12-16,5,0,5
d6e1ac159932563bf16c0eed76e8b71f39e4d192fbf936f651918524fc2a9c6a,000759.SZ,2024-12-17,5,0,5
22f2bac40059b739aba64d6fd08c806290674f1a42d24be4b6fef8611ef072d5,000759.SZ,2024-12-18,5,0,5
0c07f499649f9e490a88302b2365935ef1794fa72c83492c623ca627bd2c2447,000759.SZ,2024-12-19,5,0,5
eeb4d7678e8b1768778da1074f1cb7026554151e82630fb9b61d6b1ebfe95be3,000759.SZ,2024-12-30,5,0,5
29d74ad96ea7648fe03e92fc9e5268908d49659ab086bc03be0b9ea3386b2acc,000759.SZ,2024-12-31,5,0,5
e373d6543892dfedc1d60984e765df64c5e6271ef615c6a05ee13695e9e51d1c,000759.SZ,2025-01-02,5,0,5
285a152fec74b9eaebbf3749d777669ea4615b63a6dac6ece681b8848c8b82c0,000759.SZ,2025-01-03,5,0,5
261a5850ee85463803ba71e2776776921793dbf50fafd7d027060301202b7525,000761.SZ,2024-09-30,5,0,5
6cf2ed6a696a835acb5fa41b627aa931f703d2082892106dd338c6956b1f15b1,000767.SZ,2026-03-27,5,0,5
a918a808f0a3532a671b46f38b1fe140d1603a6f03c9a446a93e1e388fa4d409,000783.SZ,2024-09-30,5,0,5
bd971dd52165b9bbd4f6e13c015a18fcfbcb8874eba1b301e7167c3ab46928f2,000783.SZ,2024-10-08,5,0,5
87269ca718b00a0645975e3b0207d71d280aefe773979e7db05787870acc06bb,000783.SZ,2024-10-09,5,0,5
f0a1cd22d4d3dd9d692b109b219a1e12834c0c9130a277b640aefd1d9e6da359,000785.SZ,2024-12-12,5,0,5
047cee8f019c108e217e1a76927cf50a32f8a8c497b23009ce16cccab8644b67,000785.SZ,2024-12-13,5,0,5
fe5f72a68d95bec6f8417d671a09484bddeac28fad108fc7824b3296d1f2a133,000785.SZ,2024-12-16,5,0,5
80e9a743d0f6f2eb155b7c302accf5f463499eaaf4e8172e1aec18028d296193,000785.SZ,2024-12-17,5,0,5
48c26a1c852adb457b33332b0a22499985a4c532180a4c84ab527789c17fa473,000785.SZ,2025-02-13,5,0,5
ee4a48d108096a535896570b59953c5c8f2f2f50b24ce767f8d6c798dfa19296,000785.SZ,2025-02-14,5,0,5
213089d4baa1f09a496ebcdb56c566e24cb6a58f052666e88fc24ea160e041e1,000793.SZ,2024-06-11,5,0,5
14cef9cb7c489df1eb94203133ff19d1c0a3601d665ccc0b055f037029bd18d5,000793.SZ,2024-06-12,5,0,5
d5a1012389d2787814a01e97fd0b3c6ec1c36d29d9b484d629e5b74207c436e6,000793.SZ,2024-06-13,5,0,5
792e1c0ac4d082d5d1d055aef8505c286e3f268a3fdb12d5419bc21852ef6beb,000793.SZ,2024-06-14,5,0,5
22b7be1d35f3d01e50b1ca93fa110295c8e4582f5372de8cc71958116203d93e,000793.SZ,2024-06-17,5,0,5
82b17bc68f8d26b79d1620616cd492d8347ce60fda80577a82aba5f02da3a6cc,000793.SZ,2024-06-18,5,0,5
ec1aa5d66d67a6550e9dc6815ffad48d11be31e50631382e0bcffa9fd9e8765e,000793.SZ,2024-09-27,5,0,5
b911a02909f9abbde0919f1d5c3b6b015c6c92c0f6988b68c71d7a40a544431b,000793.SZ,2024-09-30,5,0,5
42194b92b7bc98ec97e40d5352e01a6df9dea8c61c11e1790d7f89f7ae9e99dd,000793.SZ,2024-10-08,5,0,5
03d76e573c19890097c5470b8afb24b31f3ca6e50691871b18576c6ad574d750,000793.SZ,2024-10-28,5,0,5
d72ea5b1c8a49d1b87b5cb8327eb70b4c10dbd5e472aec3f460d75bbf4b90d71,000793.SZ,2024-11-08,5,0,5
25c45647c0cfbd1b1ca8358264dc55374e38babec49bf563ec8b0aeda53ecedb,000793.SZ,2024-11-11,5,0,5
be309ea575246f93ab6cf7e32ab4007fdb5ab21914378206a248cd280725011a,000795.SZ,2024-11-05,5,0,5
8bca9d271c8f7707656428bc24b9451a112fc0f800a3c904bf89aad690d0ea8c,000795.SZ,2024-11-06,5,0,5
1d5cdec51cfd50f2364e6db64325143baf9fcb4f3b7bd934759067f0b4926cae,000795.SZ,2024-11-07,5,0,5
d341e35d03a1ed3f5dd14649bd69f9193307b7a1c670effe2282eb55444bd4f2,000795.SZ,2024-11-08,5,0,5
236e2ebbbfd0a1e99e737df6d1a7ecccb1556ab584f1350fd5e4705c056e8be0,000795.SZ,2024-11-11,5,0,5
91520a1873df821243fb60b1302350ca61129994e7e34e917b49c74361e2c592,000795.SZ,2024-11-12,5,0,5
233c1346cd30eeebff1984a7c1a38a184530f0197e36c02732f9e24c603a8305,000796.SZ,2024-10-24,5,0,5
9dba3a0c724cafec151e79d51da779ac9de59c95b1332181452f79d48a4f485f,000796.SZ,2024-10-25,5,0,5
d55d79fdbe1263a1c7e2bfa8e65138679bbd568c7d228d1c6b4d90f860293757,000796.SZ,2024-10-29,5,0,5
7df6884250ad83d915e905ce914a513321df99682b5475e0b193e39357b64e85,000798.SZ,2025-11-19,5,0,5
2db877266dee69e78cd568e086e3e54482fdb34be407c88b4f36645adadf4d6c,000798.SZ,2025-11-20,5,0,5
90e0fd957113d3c3893129b389d073214e526e1db78071f946c0916af791f44f,000798.SZ,2025-11-21,5,0,5
0256cf610cd7bd4d31e73765861630607860842d68fad3de7060cc354f6fbbfa,000798.SZ,2025-11-24,5,0,5
d3e3a685b9114d964d3091e59444fbf3d23ad295c839cc2d5aa80a8305a5d929,000798.SZ,2025-11-25,5,0,5
6ca3ff57b45a022d23e1de65bd3340e41b01c5b7aa7ea7ef6ddbbec2c44d3dfa,000799.SZ,2024-10-08,5,0,5
54096365b4bd008585ec49aae26603e310a9baefefd06fc8691a7942830c48c0,000799.SZ,2024-10-09,5,0,5
09a7d1b57642774bf4e537803630bdf9d9670271464b8ee198f093dcda24ecbe,000801.SZ,2024-03-06,5,0,5
43f5809874a6eae34342776177b9612bf0f6e4577167a823e7cb02d6539374fb,000801.SZ,2024-11-21,5,0,5
0bff9f22f9d64a7b6868346ccccc0fdf1e159d6fdd89d3ca20c2cbf20263f82d,000801.SZ,2024-11-22,5,0,5
44952fa3b8c0cdd872c6d55aa69764e45a6b0555d68f892e9410a7128ca21a3c,000801.SZ,2024-11-25,5,0,5
fb3a0e1727e14d980ab4dca49186e7a8ca273ac2986dc708ba5c2600c020d392,000802.SZ,2026-08-13,5,0,5
ebe296d0b6e2e855d4ea84261b2e441ed9c22f7097e172dfeb97f40b98562b1c,000802.SZ,2026-08-14,5,0,5
127b616685417d04386ee63112904c8d5b030baf407341221c627b6f0ea79099,000809.SZ,2024-05-08,5,0,5
56be30ab600fed20a7e373973a4df0420df4f16216818f6ffd07770a0c8468c2,000809.SZ,2024-05-09,5,0,5
00c0e70a6b1e69543fc69ce21d08d5772d68a4038c407185c145c3dfd20570c3,000809.SZ,2024-05-10,5,0,5
313089583cb004d7d1157cf41db893b267ff60e8c8455c9a3d8a4d896fda1efd,000809.SZ,2024-05-13,5,0,5
c4d82b8946ce11b09584f15d501ca0693199b486b1cce8ffd77b4d7f09361409,000811.SZ,2026-06-22,5,0,5
2686a7214cfa36fbcd604295b2a3126150d845ba488c9f2aa629e628c3ec6502,000811.SZ,2026-06-24,5,0,5
7420558890246d4a66604f0a47ba9f6b4d9d2bb696ac5d2bdc087d21152332f9,000811.SZ,2026-06-25,5,0,5
bee063cb8c19b7538f05435d544b950f8318c07f40187dc50662a24a00438445,000813.SZ,2024-12-12,5,0,5
3e9cb38a99f243bfe95fdd4c0c174a6e38b21ae750066a1b107ff3646a4025f8,000813.SZ,2024-12-13,5,0,5
98aded45d81cb9cb25483065d79d073fc1771d66dceb108f70bef40a712df725,000815.SZ,2025-03-18,5,0,5
d4742e0b6f1aae0f3950f6531d96fe651839026f30bf80505dbf5c461e173197,000816.SZ,2024-12-16,5,0,5
54e109820314f17e5b45736e4c25f27d5d5dcb8e5128926a6c7367f48bada764,000816.SZ,2024-12-17,5,0,5
dcdf787692e0d428ac14c3c6e9b0ddcb40d5ad5dcf67b84cefbc6ed646938ace,000818.SZ,2024-10-08,5,0,5
0e519863a17058cf65e68be321550ba1f5022d90e069863df475c705cb42d59f,000818.SZ,2025-02-07,5,0,5
c89826d020d415dd962a07d12a5b1c52462490404b011c5eaff7d0b332ebc34c,000818.SZ,2025-02-10,5,0,5
90e124ca69e19b1934598c36b041bcc94179e8e852f5b73f00b19f332a3716a6,000818.SZ,2025-02-11,5,0,5
1e90806e229a64005881b243bb78d0f680be28ab5d83fdee0c812b25b0da61d9,000818.SZ,2025-02-12,5,0,5
f2c46559818b96a1afe7f776a9d675c59d03f94f4799a9f3df2143e7c6ff139a,000818.SZ,2025-02-13,5,0,5
f153a24bc5c1bf7790eef1080ce3ead78b7e9d66a4592befb05818b7211cf25c,000818.SZ,2025-02-14,5,0,5
6336f674d484d6c8f3f905af6f1b7a75fdab14146659a32f2408833d2c071a1c,000818.SZ,2025-02-17,5,0,5
0b4f2099e2cbc8f57415b3a149d03879738a5622d2afc2100bdab6fc1e5535a8,000818.SZ,2025-02-19,5,0,5
d9a11650eed778bcfffbc4fe40da2e46ab8f919aaa42c2729b0861f4f6e4bd61,000818.SZ,2025-02-20,5,0,5
7fef2c58f2762ce7456ab5a741e8891b75f23c6eff0b9f632b00fd38d98a2493,000820.SZ,2025-05-23,5,0,5
e2f7f5073f15a125bb74d466412e08a8f6447d197875ce0fe534ca4fdf56b1f0,000820.SZ,2025-05-26,5,0,5
a68e5c8cad00bc4daddab5ca4ec2a5d0ba8fd8c0bf58e93ca6eb523a07d8ac1f,000820.SZ,2025-05-27,5,0,5
50de91f2ec68bfeb3f4049fc13925201c43998005403a693a31474c15c94e971,000820.SZ,2025-11-06,5,0,5
cc49baaec1d619a8ab52eaf448efe585c8995737ea1e3dc87ea3a2ed51b01884,000820.SZ,2026-08-04,5,0,5
81c8fdecbe478622a7fd5c29069446fe96014c9de6572c195ca5b223bc57c770,000820.SZ,2026-08-05,5,0,5
df46fd344ca4fdeb816201a85e19c2d1d5c61691557fa3391b6713a351ab5468,000823.SZ,2026-06-26,5,0,5
93d7fffb527c4172c8c9951d11d940db71fa7b6a8f6b9564e61bbcb0814ce711,000823.SZ,2026-09-15,5,0,5
f37e6703ea9eaa5a742a71c7ab4598fdf67e0d3db48be6c7095d25d73777c11e,000823.SZ,2026-09-16,5,0,5
e1a2b36ed87549b29a6eae2eb934544d3b552b35ed55ce0389d8843ddab7ff51,000823.SZ,2026-09-17,5,0,5
6fe16d28af9c97b971b4470797bd227a364edc198e0539194b5569d504c03d8e,000826.SZ,2024-10-08,5,0,5
2b66af48151b598e309255b9bb773ebc8e80b01a63973cd24b2927e845d30736,000826.SZ,2025-06-04,5,0,5
87916934f5766a285482adacf9aa05c9cc1dd5cfb085fca7761f334eee7cc505,000833.SZ,2024-11-13,5,0,5
b69829e83e66a1b270723cc7a07b7c6968a45fccecb5fc30edf86b70740411e8,000833.SZ,2024-11-14,5,0,5
3bba4bf0662382b4880d9a39171fc6e248ee85813db890a06dae09657e40388f,000833.SZ,2024-11-15,5,0,5
2eebc539b212c88ac489a5bfdddd1ce9ba50d28abd988a34a1b9abb33ae1b167,000833.SZ,2024-11-18,5,0,5
c336f55262a8cbaa6a434349289ca02643e19ba7a6a79b3243c0203ff1b73224,000833.SZ,2024-11-19,5,0,5
0f5cdd142032b26d3e510c594a045c38238b51f424f0741fa4d35805a3f91cfd,000833.SZ,2024-11-20,5,0,5
d4605ab93996c4dceabc5aa7e6c0e11b7475737563fded9802e4c0c996e4769a,000833.SZ,2024-11-21,5,0,5
4088fd8867e3436c0002564bea10f38b64c7d562173f7b362ec51a6eddfbf852,000833.SZ,2024-11-22,5,0,5
21f565fa001f968fe43b13d595df9d9edb16096f1c0157103baad0237e41806e,000833.SZ,2024-11-25,5,0,5
1c6df7ee93f08ab101f629c5657aea86be270d171f7cfe057720c4c724644e41,000833.SZ,2024-11-26,5,0,5
1fff345f30dd6e70ebb38e66fdd51e8a6418ead35426bd333145611a9bfbcc35,000833.SZ,2025-11-14,5,0,5
cf6ba7949560d9af8c890eccaae8df9f13146d65eb52cad7cab83a7939160a65,000837.SZ,2024-10-08,5,0,5
f60cb110e23b21a1cc8efb9af747ddbeabeba92bde92131d871dd878bef11b07,000852.SZ,2025-10-23,5,0,5
eedff46c30d7a99b89fa7d0b59ff40831c7cbdc775aa7618be33a8e613bbb8a4,000856.SZ,2025-01-23,5,0,5
9eca9ae9547ff64a0e8d331e3bff1440e7a3bbb11cc4ce26972ca3e2a1014b64,000856.SZ,2025-01-24,5,0,5
5edb43c8572f6c5a2596b7ddc43a38405672f1d32641ad90649712c9043f5918,000856.SZ,2025-01-27,5,0,5
bd6306da90709fca4e6b754a59987ed00437e5d4fbf068f0f4c879aeb9e1dfdb,000856.SZ,2025-02-05,5,0,5
255a083454c0e6a3adaa347cdde3726677b1576b2701b51c2ee7a5d2f35729b6,000856.SZ,2025-02-20,5,0,5
88741536f7f7fc1a8827bbc0b42a11c06172f898367981d4dd3662dead42ae6f,000856.SZ,2025-02-21,5,0,5
3a8e8b19d927a963713bc1a27b2097648b4efccfcbe402bffc820b8ed62101f2,000858.SZ,2024-09-30,5,0,5
7b52a0c5eb0f135f602c0294a36ebdca7f7c5b775b09e5c9dd60a4a0e8e6ea8e,000859.SZ,2024-06-13,5,0,5
4923250b703cea3f8a29ac2cb11b8eb0a920f70e14e2bbe5c55803000c1df00a,000859.SZ,2024-06-14,5,0,5
06fc6377ea678fdd3b0ad367089d0746cc4f0d8233e233cfc4b0394540a1e4d6,000859.SZ,2024-10-21,5,0,5
5e3ebb76562eb22855c79689f980c8d104f454c200db44d3384ace4c7029e050,000859.SZ,2024-10-22,5,0,5
997d38617e97f57e97009fe6a06822a4a5db5fb60b065f33925e79985e715048,000859.SZ,2025-11-24,5,0,5
05f3fb88745dee3c9119a434da1575f7ef588cd6541bcfb7accfd5b6f65414a2,000859.SZ,2025-11-25,5,0,5
d32cb9ac8a93c0ef14a46d75a1f36b43fcf94911deb44169d95e4c5537ef5072,000878.SZ,2026-01-29,5,0,5
d97dd207ab2d5129c4e2c5c280f4ba9425ffc384f03e3827b2a1c613c4d046c2,000880.SZ,2024-07-31,5,0,5
4e3b70adeff4f6953b934292a85c6358f886d1650c475cdf990e05935ba2e02c,000880.SZ,2024-08-01,5,0,5
d4689ccc84f941aaea221320d898e25703774cb84fa84110935cb64ad26954bd,000880.SZ,2024-08-02,5,0,5
3d87069b4b2f206956c539c90d042d10652cbe2f8b6c7e8e7d1478369a9dafbd,000880.SZ,2024-12-25,5,0,5
72b116b64cd09a876ec2e7497fc26d643814426cc7463cd4e58c3ad9ebc96650,000880.SZ,2024-12-26,5,0,5
633eb1c05d5ee2eec959791a410fdfbf469ab5ee120f1d4e8403a82a4db02d40,000880.SZ,2024-12-27,5,0,5
9c882aa443a509c282690b5cf99248d4df829c15086b0643aef21efcdefa0b5e,000882.SZ,2025-01-23,5,0,5
d9f3d61c59ecd6b52a71da8f77df4342d155e7671490b910edf87b14cfbdce65,000882.SZ,2025-01-24,5,0,5
d4005455f35735cbeb44e4f33f841f78c64f1f12627e499afa565a64abc9e64b,000887.SZ,2025-02-26,5,0,5
dde403f0127d93fa0bc9d939bfaa691ddedbcafa312722f52481505c126e15de,000887.SZ,2025-02-27,5,0,5
00552086979f60024be8ae95f70dbbb3298cdab94e6da74459c5cd648983e1e4,000889.SZ,2024-05-07,5,0,5
62f96b86d4dd03edf497c7b7eac5e2a759beb9a748e5d0d0cf7334139c3e2d4f,000889.SZ,2024-05-08,5,0,5
0aa1920d1eab5d8d50f53426dc41c73b58794aaa1d1002ad888548d50de4bf13,000889.SZ,2024-05-09,5,0,5
2752648929e2ce66fa1060c44ea10d3046db3116ce7cf61214e8b4df7108b387,000889.SZ,2024-05-10,5,0,5
118adc37e793f8abc9658434b6e7348e38c4b36327893bb19935fc535aa28140,000889.SZ,2024-12-03,5,0,5
55adb9f55a7caca9693ab9b4c49a55aeb269317d07dd33386112d6d5e8d88ac8,000889.SZ,2024-12-05,5,0,5
6032d732f59573bca5218e97bba716db3440a7838eb8506feec868c99cbb5953,000889.SZ,2025-06-09,5,0,5
b61e71f2c5ccf4f9560a37832b7797b24d56548881f3a04aef595ae3b9e0c19c,000889.SZ,2025-06-10,5,0,5
83b43724913b500c97fb1048db158ebc8e84c3dc09ef9d4e952567936dc8c5c2,000889.SZ,2026-04-15,5,0,5
d5035a44d9c1456525b72584903941731f2da661cb02995b06a790c839b7e61e,000889.SZ,2026-04-16,5,0,5
cb4ae012e55a554550d83a3b79c668b7293fa6a158713626a37f10f6730f7588,000889.SZ,2026-04-17,5,0,5
fa04dab2838e0fc3d06daf13a4027bcfd516dd42ec6c589220ff5ad68a179511,000889.SZ,2026-04-20,5,0,5
298cb6d96f7c20dcff0af717f3edcfccdad64bca8b0be346db875e4df916b045,000890.SZ,2025-12-15,5,0,5
4558f50f166eb514ad86c249ab615b82ab8c4bae1719a9c876944d463db2c406,000890.SZ,2025-12-16,5,0,5
e80b4fbc56e516ee74ece57f7dc2db874717c6fc5297b75f83388af4fc15b4d7,000890.SZ,2025-12-17,5,0,5
473ad4c486fb24261cf60b31178f9c44362e3402346c54b926573415af31863f,000890.SZ,2026-02-26,5,0,5
77e7725bb3ae928d8e5733765b7c968ccc217f16258292e39946a23a245c97ba,000890.SZ,2026-02-27,5,0,5
44920c232828f5660eabdb27b891f46b566f152973c3dfca93b9845e78a8e0ce,000890.SZ,2026-03-02,5,0,5
acddc7ab9806282fbd87459cb867d3419ef401a27f7cf6ef80a13178abaa0df2,000890.SZ,2026-03-16,5,0,5
ed111834df0da1035a4a273bb9317fb733aa3a9497b23fb0682a3e1f95bed768,000890.SZ,2026-03-17,5,0,5
e38ea51da780b449898c2777a86d08edf1438a2a00261a2c556b7288f586ca10,000890.SZ,2026-03-18,5,0,5
974327451aca1bdf9b1ec5ebc52d41dada8fde93020f4ae3f0379ff6e3d667cd,000892.SZ,2025-02-26,5,0,5
8f25cefe3ba992de816b373fe6a174f1db8ed1a463bed2aa1790bee1afb222e8,000892.SZ,2025-11-26,5,0,5
a56cd3d9b5669f332329e2f3c9ef5f128946a83ce403ea04a4bea321e6d9c31b,000892.SZ,2026-09-04,5,0,5
1950e8c864a5ab6d9c956e0836f7c864e79db9fef560eb1ac941f22bc292ea5d,000901.SZ,2024-08-06,5,0,5
a186b05d9edab420a0fff38cb16fb815e2452748a27ca9f9486fee5d8e245962,000901.SZ,2024-08-07,5,0,5
8e2294cb8399462e3be77649016a2423455dbb1ca85e41bfad52dc79a1190d18,000901.SZ,2024-08-08,5,0,5
cf0a18b807427810223b0faf0e3c649a3056caa140a96f38443ff618703587be,000901.SZ,2025-08-11,5,0,5
13aeb33c4cfd661eb44725937096624956075615d0758ff0a50e39b4280f88a7,000901.SZ,2026-01-12,5,0,5
b1c8779a54a166685602a6083281fbcbdda75ceaa5d3ecb22f319bc34248a044,000903.SZ,2024-10-31,5,0,5
7a21e96d07403cf3e5b8655eb6916e9944655156e3d78bb71ed710119d43ae01,000903.SZ,2024-12-05,5,0,5
c062c5e1cc42e8f0d832d907560224ed2105a85e695fe15a2ca50aad1a76f377,000903.SZ,2024-12-06,5,0,5
3c8686a41c94e5cd194ba256016bbd4559616d70790da3ca13f95907f3e428f8,000903.SZ,2024-12-09,5,0,5
c1b65d26fe1f3d04ad0d4c2dadf562a0b354c5314e2a4002a105818cbf3d1d96,000903.SZ,2025-05-29,5,0,5
fc32c68ce0f0194910f998e2d27aa4dd519a895bc1fb444c267df9d698dd3c29,000903.SZ,2025-05-30,5,0,5
8da578a3ce9aa313af9d30dbb4ee8f7ad20756d6a21022d369e8e765d340fa38,000905.SZ,2025-12-10,5,0,5
2600b09a33196803ad5fe5406881b1accc135e872390a81e2f53018e3564ab23,000905.SZ,2025-12-11,5,0,5
61e004b597d2519f78d13b641c7744c9487fd7da1dac2f5bebfaba887ed89638,000906.SZ,2024-09-30,5,0,5
c1c25d05595ed81ea8b97bb4ba3d5518b9ff1f3f6505957c9ab732b53fb21e41,000908.SZ,2024-02-22,5,0,5
ec944043759f5aaf3ffb28e095803b30e56536233b3d5aa443d40daef35f429a,000908.SZ,2024-02-23,5,0,5
c32718659e3ec46fc4552562c72c624f024de2f6498b12ef46bfd2efc51f9fa6,000908.SZ,2024-02-26,5,0,5
b808ae3a2f3426b6e7e565966050fe6a3419ef79c79a7780f035abd175257ac6,000908.SZ,2024-02-27,5,0,5
cbe728f4daac4209bf62e207498ea3e58f4307f895f82f66a3a6a2feea4e5f07,000908.SZ,2024-07-23,5,0,5
23935027f6e6e060fffb55abcee9d190005dd1570f9a75fb4d157e9fc166d539,000908.SZ,2024-07-24,5,0,5
5be04078f2844d248ce5fae75b06209fdfc4d70de7724e616e4a2cc0e7f44e9d,000908.SZ,2024-07-25,5,0,5
b68099a6ac8eab7e985107c939106e12b3d861177b92e711fe90be243349a4de,000908.SZ,2024-07-26,5,0,5
8a5ba4c8e4cbfd283fe4d9532a77c07d19fd42351585a4f9882e1d88c4920393,000908.SZ,2024-07-29,5,0,5
cd8bdc47e386e32770b19f8e0bfd6985c362b8dd228fd94ba87eb874b2352c14,000908.SZ,2024-07-30,5,0,5
4235e51fcce6a35d15505d4016b24b3e892afd5f46ba0e1017ceb0c8530d5723,000908.SZ,2024-07-31,5,0,5
76f84ba9be8337e25443b3d666d2d0142bee20f65d5880360f66513c3b323556,000908.SZ,2024-08-01,5,0,5
a227169cee34b88ccc0a6b5a24e70e165efedc53de8431ce0630d9453c1857b3,000908.SZ,2024-08-02,5,0,5
b0dec88f7501ff8bae8c5e52b5540f52cb2d00f804d58883551a0a7107e8778a,000908.SZ,2024-08-05,5,0,5
0536b9ba1e39ce6430dc0022b0e9d9215b7687313dda0ca33603327e9ab37a2f,000908.SZ,2024-08-06,5,0,5
0601dc7c99638f83be8566b4b66b9db289b7aff92aa2b1b4b9a66682a8b96b22,000908.SZ,2024-08-07,5,0,5
0fa4c0ad81d51f9a981e52b94299b5b976e19a0c4b6e6d793cb5604aa5da4f87,000908.SZ,2024-08-08,5,0,5
db7ec4a814e6949cdf1be565ae6fd2ede304d5d0a8983133b06abc5ca3d0b4a2,000908.SZ,2024-08-09,5,0,5
73d7a00414f3f1a3656bf3c16bf4df5032ed9a248c834fc242bbb8768b24baad,000908.SZ,2024-08-19,5,0,5
bec46bec38ccf94e26d53ecf771e53b6918090bcb26604afe85ec77e1f7dd750,000908.SZ,2024-08-20,5,0,5
c17c1d923b30b16a1048640dec60f0d5ea53f19cea716f79475d96363c794ea2,000908.SZ,2024-08-21,5,0,5
10668531935c0c339a2b4d66e9aa1a5750e9de2a0df2193868a118055a5df220,000908.SZ,2024-08-22,5,0,5
7db7b3b13189a46868ffe7cdb8804c5c357c872f5ca27dd3e9d351a5724b276c,000908.SZ,2024-08-23,5,0,5
ddfe917b36f1dfaadcc47c8a8e860883f45dd5510da845412d5b6739ed59aaea,000908.SZ,2024-08-26,5,0,5
810c47660d19e1211ef1e53263b6cbbd5d2c01b0a81689fde6fd49d4d36bf6de,000908.SZ,2024-08-27,5,0,5
f5f0dc4f7e5dcc3070a94e22dac4a6f8f624a427570ffdddb9cee3b7060951ed,000908.SZ,2024-08-28,5,0,5
d40f817aa5d5c842b83ec159c4bfaf0dcab47f15f4ba44b24e08e3d3e1a210a9,000908.SZ,2024-08-29,5,0,5
a1ab67477c6d1eb6edba4031b242861f26c6da8be3a274503d3e5cafefa07b93,000908.SZ,2024-08-30,5,0,5
d91579a9f48647e4a020e61737f408b8b43aeaf03faaee2bbf831f3aee490e94,000908.SZ,2024-09-02,5,0,5
a6d3b2af72dd07d677261d9af675dff2926816f11b9a6a00623c6f22bdbfd3e2,000908.SZ,2024-09-03,5,0,5
97184da639e958445c021cf41c5df7ae4597ff71cb9c2d4531c6defdca0f0440,000908.SZ,2024-09-04,5,0,5
ddaa19dfc39271175fe0116226c837881e9ba2242d74f5c7e6a121a16d32787a,000908.SZ,2024-11-14,5,0,5
813c0f521e540739a5c826de1665475d92ca1ecdb41085f90bdfe67a3852d80e,000908.SZ,2024-11-15,5,0,5
baec0dbc3555be9ac739c57dc570dc90d0cdbfa123f56273d4d6ddccd0229617,000908.SZ,2025-03-21,5,0,5
ca46700c7d3876de1050c1ca460631dff28ca3cb223da26789b0cda06692c132,000908.SZ,2025-10-28,5,0,5
ca5623591421d5b8d4a3ee278cc0447179015939154c5ff6d1f56b77e410ba67,000908.SZ,2025-11-14,5,0,5
8ed95d453291e744df01ec82ad69cd3e0952f69f438fe10832222eee9adf8477,000908.SZ,2025-11-17,5,0,5
2541885ccdaed723db824d7b7ef3255e00ed78055547000dd7535abd09d7e4ea,000908.SZ,2026-03-17,5,0,5
62c4b5c35fdf8ea3655a39a5e9c30fa976ec084423a1308c28889e25e708f57f,000908.SZ,2026-03-18,5,0,5
31df382d5b5beb3e0a968330b14c2fd3e02770dc2ae31a28341279488467d8c2,000908.SZ,2026-03-19,5,0,5
57dfe2f22239058198daa02e1fb935d3e8765ac3588d12ebb952cd576c949182,000908.SZ,2026-03-20,5,0,5
f6c10205145448a336f3aac0d164fc1f2a3583fe6f7be993c31521adbc3bb94a,000908.SZ,2026-03-23,5,0,5
28fe2a964de3f965cd6c77b37d8c23fe61908b744f3c105800fbc13f145fdc66,000908.SZ,2026-03-24,5,0,5
d3a0630dd5b102e6391b3d2d00cd82497775c319d619e98232bb194557370dcd,000908.SZ,2026-03-26,5,0,5
634bd0f3fcb7656cad637b1e4e3e936f7bf75552a030aeada8b7872699a3a86e,000908.SZ,2026-03-27,5,0,5
99d4385444a4f4baeb30f022f7713d224c7b4fdddea42679392c5f281342e824,000908.SZ,2026-03-30,5,0,5
023619599b2773757faf9d4941d5f856c57a78d0cee6e11303a09ed57ed462ee,000910.SZ,2026-09-23,5,0,5
307c76f14f221e0c14a24cf07750ab80770a35fa2dc8a1d562b43f31038fd243,000917.SZ,2024-03-19,5,0,5
e2a01e76cb21a3d164e887d22ebdbee66e38a380af6e95d17250ef09f5c95f4d,000917.SZ,2024-03-20,5,0,5
c47c10eb5a2596061102de3b901a3ce39c2a16f82a16ba529ffacfcf0c4bf0ec,000917.SZ,2024-03-21,5,0,5
76429952cd60c1da2d3306d4a7a8ebdbe169eaa728ff21199016c0e92e3de29d,000917.SZ,2024-10-30,5,0,5
82d4d60a118de1d5f4102d536b8f43a4e77e0c58f3b4df99f356c5789debf851,000917.SZ,2024-10-31,5,0,5
ef9543fb9a2afdd6b3cfe855bdd4593b4c0f916d5d1a96ae701ef801dccaf8ca,000917.SZ,2024-11-01,5,0,5
bfc8f74fb2cac738967cb7a539656b14eef64c0f66c80683c71267feda1bb674,000917.SZ,2024-11-04,5,0,5
6f7bf294aa7e4abc9dba12d12757ff07d58e7dc4e80f3952b82334ffb16c8e22,000923.SZ,2024-09-30,5,0,5
8d3386ef4648dd1479e0c7fc7cbaa2b808726e109ae3ba19a7540dd155d59efc,000926.SZ,2024-09-30,5,0,5
f484df16b1c1216c8c7d6eb11090df883f5b422d60143ddd93133b4e0289c268,000926.SZ,2024-10-08,5,0,5
d78cb605cceeaefb96f43df31eae65de38587626cdd25059993b4deb6403aa70,000933.SZ,2024-09-30,5,0,5
e7395fab06008811244658f617ce21dad1ed402d485815d59592c49e90d002b4,000938.SZ,2026-07-13,5,0,5
6f1b58547294c35c9647eba048e49a5a9d409272f8975daebdd1277e6cdd4d91,000938.SZ,2026-07-22,5,0,5
e1b562467a55e61cfa031e644a61d988ff08129ce97f6ef9e20085e5275917cd,000948.SZ,2024-09-20,5,0,5
277e0066dc1c767657e86ad5aae90ae9611d933d1bf2e70adcc12f927fb3390a,000949.SZ,2024-04-12,5,0,5
531ad7fe855bbf14d683ebbd41c1cd48e480efd5045ca6fd01745dc822eace52,000952.SZ,2025-11-27,5,0,5
c349ab8824e4a64acfc118cd88f6c9a20820ae7a034a94e2f45374092a5a9165,000953.SZ,2024-08-02,5,0,5
9c4d73be89bc51ac2125df2244d416103c9b3976e6903bc550c76fdd85a59d03,000953.SZ,2024-08-05,5,0,5
a9a163ba105a42168b50e21abdb8d325de59727d254a3e491e4cdf93b86736db,000953.SZ,2024-08-06,5,0,5
08064a488613954e147ad629bcbf2c15bdc0bbd72c5608bd5e81986bb20a2c6b,000953.SZ,2024-08-07,5,0,5
f096e6fc028bbe5190835cbef52c5dd950a402d6659de0cc95d42414a4a75bb7,000958.SZ,2024-10-24,5,0,5
3c55e5bb035c16290ea97c27cdc261feb967fa3c32349958092be082d943d623,000958.SZ,2024-10-25,5,0,5
3b21f12987daa0582b96af663a6a66be792179005eea944d75b765983da31e53,000958.SZ,2024-10-28,5,0,5
eadd19ea2e0c02cf411349fd0920862a9f3d164d2c56226ed4a23d3493dda347,000958.SZ,2024-10-29,5,0,5
f142be62b88c84a45c78a491a8fbcfde3422621d5b0fcd848aa81f5a7830ad1f,000958.SZ,2024-10-30,5,0,5
9d483970e55d68e540e510680028660de0a079e53ad2466f89dd17ac52a38a0b,000958.SZ,2024-10-31,5,0,5
e8375ed7f321ffa25b87d474e1b473d7b28137fe47ec3c4055d81918ba635476,000958.SZ,2024-11-01,5,0,5
0da65663cb0af11b17bc1732bf85bbddaac4a8795830d5dd2fcd8f5d50885762,000958.SZ,2024-11-04,5,0,5
efb1c9ad78ae9fc76c15f6325a1a0e180dc83e12525a521034047b3866596f8a,000965.SZ,2025-04-21,5,0,5
be957859d0b9ea5025baecd2a23f21f8206468c61fef618b5c63b0407147cbe4,000965.SZ,2025-04-22,5,0,5
8874e7508391b7676cf00a95486dcf57f5fc67036feeff2aa05a447fb807d3c7,000965.SZ,2025-04-23,5,0,5
c97427f5f80b34233a018af08f8391aa0b187d57c8f6a35bab84fe833fd6ad4c,000965.SZ,2025-04-24,5,0,5
47c3ca3b046da094225629cc0c79e829d7559242a64f54664f4fb8ce2f02f3bd,000967.SZ,2025-02-21,5,0,5
5419aaddefcba8646048fdffb191a8752bb8bec9cd253526bca59fd67406c96c,000969.SZ,2025-10-14,5,0,5
24a1c37c2ddb4cddd83418a7f9f7464973decf2ac05595d9f23def34ddde90c8,000969.SZ,2025-10-15,5,0,5
11122bb6b770185fd16acef90e67372a6df48503ec8508eab265bdb4da2e172d,000972.SZ,2024-02-05,5,0,5
109033429d8603efaf474fac67ed47556cdc1387448cbe024ad6dcee8afb43e8,000972.SZ,2024-02-06,5,0,5
c6e3f0558a6e1e02c14cc5b08e114ea46f88f2dfaa31afd77e5cb0c8d9aa2636,000972.SZ,2024-02-07,5,0,5
729aff0b8ae7f200fc3eb1fba2228e7d074b3308a6ade36390057643e0aa7be6,000973.SZ,2024-11-19,5,0,5
5f6885e7fe0163be6752da3b46d653e3ab975b1872679321397267a87aa07e90,000973.SZ,2024-11-20,5,0,5
54e4b2a7f09d7d6df2438b8455a55b3c52a7d2a385fbaac870ff718c20c17477,000973.SZ,2024-11-21,5,0,5
8fff9a01f0ea7d5679b8ab2827083a79444f63268eae5461ccd0a69f0413eb88,000973.SZ,2024-11-22,5,0,5
61e5dc78e7bde26f2c064f7bccb992441068684e162b8aa57f9a555964e472ec,000973.SZ,2024-11-25,5,0,5
51aaa450080d827b03f4cda8aecfe728ab60147bd5ac2e18f4941e86e3bd7c64,000978.SZ,2026-09-10,5,0,5
cc0f41006399a3f075592f03dba5f52485105e4b343646b5c8da32b1099e4625,000978.SZ,2026-09-11,5,0,5
cc60d19b311727cc60cf45423cbf9e55efe3bd9468920d1d8dad93511a797b37,000978.SZ,2026-09-14,5,0,5
d26b501857b8ce1550816abaea1d02c81df53a8356f2a9e87c5da69acdc843bf,000980.SZ,2024-08-05,5,0,5
e093da95e48606b99447db544e2da716dc4153207306054c3a0034908f4e4e60,000980.SZ,2024-11-06,5,0,5
3a2259dce19b65a6ce53acbbf6a5263f029b45f75fb3fe131bded5328ddffe8b,000980.SZ,2026-09-14,5,0,5
c74b597aa87eb4b226acfab5a4798cdb064a19bd8f562aac8a6bf2c4109a1759,000981.SZ,2024-11-08,5,0,5
65e7cfab31138faf326dd15fa467cae8b130e70bcc6698686359f2aa29c80f17,000981.SZ,2024-11-11,5,0,5
eb96b1793cd16f89f0c44af6a515ff2fe7ef210cf5b832c20f5f27413dc9f3cb,000981.SZ,2024-11-12,5,0,5
4318faa35086307d0e3c1b3c4e4a164f13882273c7c4384716c5f5411e0477e7,000981.SZ,2024-12-06,5,0,5
901fc15ff25d65fd8fd1d28122f47b0c3a4383a0d19b4140616fab3e7f9c228b,000981.SZ,2024-12-09,5,0,5
ef9f650fcc39f7204d53d3d4d9aa7c69ab71ad209ae96643d9c9868679611150,000981.SZ,2024-12-10,5,0,5
a18a6b353d7389016594b71feed28ffee74a14788b05c027cff1b28a4f05306d,000981.SZ,2024-12-11,5,0,5
a113f27cbf4305a6103594e639524d188d0edd201ed4da4f59ec63c5ce4ff3c6,000981.SZ,2025-09-17,5,0,5
fadcecb2b452c326639f98a114dd33f02aab756eebf96f88b1868240738a4b55,000981.SZ,2025-09-18,5,0,5
d133414c56c24e3774e727e80bcbbe370640f5474b688454a6549baf359393d9,000981.SZ,2025-09-19,5,0,5
58e220c8d16d120ac818123d2eb705979ef20ca1b4eea9d9ac50ea30ab6ba7fc,000981.SZ,2025-09-22,5,0,5
dde7a79146aae29a4497a5568c0c730bd0be2ccbadaa3d5079097062022ed084,000983.SZ,2024-09-30,5,0,5
bd37240eff99fa14a23f35846771aa76416e6a17ea8ae5c44faf6b65d486f460,000988.SZ,2025-09-17,5,0,5
1dbb7086c9024fee4c132bbd25aaf5e625a4215b7849a141d6eea350e6b079de,000993.SZ,2025-11-10,5,0,5
64e9a3796134ecde974fc7643e86fc0fb6d808a553e8d388e8025688c82956ce,000993.SZ,2026-09-14,5,0,5
33f34c732b6b782115d6f3198e1d68262d446329d4d52a86bf984719eaccf2e4,000993.SZ,2026-09-15,5,0,5
1369a52d8e64628341acdb2f48ccb2dc7081fa550362d9b3c5eae57f89759025,000993.SZ,2026-09-16,5,0,5
4f80d32f72e758f62b88c0edbe0ef3a4e04879ec6bd0ec0c311534bf4e2b09ea,000993.SZ,2026-09-17,5,0,5
33124d4a24cbfcf4037993f5eb2e831e1b769f1d79e5288c4007f288aebafb72,000993.SZ,2026-09-18,5,0,5
3ab34474256261c39e6d179bf44573d1fdf71f667361996c2300aa8cfa140046,000995.SZ,2024-09-30,5,0,5
57842d45c1e42e89a30803e09757065469c9d316305e9269e9df7f243beb0b34,000995.SZ,2026-02-03,5,0,5
84b83c00877e17194f12b351e9a6439cf16b560e6436733e4143f50da166a3b5,000995.SZ,2026-02-04,5,0,5
9dc64023459a4dbf003ac06036a51b9b859dba036708c8ffab59de3dcf4878e8,000995.SZ,2026-02-05,5,0,5
401328e74e50b5596f590294c902b765259508104af19a0b951183fef901065a,001201.SZ,2024-09-30,5,0,5
a24795386cfeddce923d7b2547be2a7b1ebd72a93a8c129a796c28393a4b0953,001208.SZ,2025-12-15,5,0,5
76fe7567722f014550b5bc7d79be4165b8e53554c1117ffc36d74f9510c87a72,001208.SZ,2025-12-16,5,0,5
26d19db7f101e5a49c98a9415c4daf5e1c8e11a143e97c87061d39c2ff12f878,001208.SZ,2025-12-17,5,0,5
d7a61908545d1d95f993cbf0723bd73235a96487c756fcb12dd10f06f8e76a76,001208.SZ,2025-12-18,5,0,5
1cabb5e98fd438b66cf02acc5277a31fa90cfb945019075404d0df6684e26867,001209.SZ,2024-11-29,5,0,5
6bc4b9a400530957ebb751b92e4469f7392a19fe8d6da6e97ee728c945d31247,001209.SZ,2024-12-02,5,0,5
d24e9f06b16890a9952faa31778bd739decfcd0bf443f060c262d0f98cab3cca,001209.SZ,2024-12-03,5,0,5
74a33f1bdcf43be55049db2e37362f1ac1ebf8dd3f6c0e8837bee1df826855a6,001209.SZ,2024-12-04,5,0,5
e24e55ee072da05a84dc71dc4f23bbcf16eb15631878345dc947f9d8c5ae01d1,001209.SZ,2024-12-05,5,0,5
2be14569c2610f4356c21714efe7ded2ee98530806e2fe028dd1dd0c9c5dc471,001209.SZ,2025-11-10,5,0,5
9b080c66d940be01689e44e45f2d8200a0cb79703270ed231762bd8962b20512,001212.SZ,2024-07-25,5,0,5
b6bb1564b389c7e01a3142fde6e35f4ed07c089a6acf59473a63eba0125b4d24,001212.SZ,2025-04-03,5,0,5
c82870a1fdc4f895958dc9bc5dfd44f594f3c1617b32ee780d6868edb7e2cf39,001212.SZ,2025-04-07,5,0,5
6cdd035a60bd11c21ceb95761df6eee7b82cbfe31314cc83e09bc0a79bfd6037,001212.SZ,2025-04-08,5,0,5
61620bca82517a0215b03dad1d0833caed0b55f2e33e4311eb5e97b7e05b1e6a,001212.SZ,2025-04-09,5,0,5
aa496bffb45ac1fc65bb86ef2dace873a8e7e1b746ce2cdf906f391f3532b36b,001212.SZ,2025-04-10,5,0,5
5d9ac8d8e82db4e39a64fb3251632e1ad8d5a9f6ebb6d0f571fef69c86f12f32,001215.SZ,2024-09-30,5,0,5
6242836d503e771eebb53ee0b0debcb0ff67dd2f4b501201930d3bf41a8d669d,001216.SZ,2024-01-22,5,0,5
fc4fe5d883608be4a7c7f7f4d7c87f1f378399cde8890d3ad97f0c2a80b61747,001216.SZ,2024-01-23,5,0,5
43d03c66c9133b939db5abf66df93a35800100e2776d3f87935ce42d0bb1ab6d,001216.SZ,2024-01-24,5,0,5
730414d8f4d49a2e51e5f959ef260b56edc0ad98c5f6e7afdc9a36834baa59a9,001216.SZ,2025-11-19,5,0,5
bede36da9b0ecf36c984eb948c827e55c9d1153db5de4e6f5818b050a2c18916,001216.SZ,2025-11-21,5,0,5
78599980ad41484a42019d3571ffaf0e12117b35323b937131abfedb904d9d55,001216.SZ,2026-09-18,5,0,5
01446504ce7965f919c38b4af23fbd4e53a2e7e5dfce39e7fb202a3465eed88b,001216.SZ,2026-09-21,5,0,5
d4e438fcaadd808f54a77df4619fdc88996070df2cff5bafa8b9031abe8c624d,001216.SZ,2026-09-22,5,0,5
592102466f9840e4fcce76af0fbcf048cedce0a5fe4942dfeeeba66c0be75752,001216.SZ,2026-09-23,5,0,5
238b40f5652aab00c8a2e7d58fb9ebddc3167e21c02b4f7124ead305c4a5e023,001226.SZ,2024-01-29,5,0,5
47f939f47032942ff85acb82dd7cdbc151e3a41744cb9d6b8641aa99ab31397e,001226.SZ,2024-01-30,5,0,5
fbf96873d569af4fc4ce37967c4c2adc7f455befe3faa17a70aed089dd23bc1e,001226.SZ,2025-07-25,5,0,5
c47889240ff93182f8c9d9b0d2082e3c86a286b51144d6f62968db6a783029fd,001226.SZ,2025-07-28,5,0,5
7f50c3c5fe7a59a2e254fa134177ef8acd8de2ba97510363f551ccae4b46e0c7,001226.SZ,2025-07-29,5,0,5
aa9d0d48db22d2cfe0df29409083602ee0b363094a551cbb2bb13f6c65347bfb,001229.SZ,2024-02-21,5,0,5
b050ac97377ed4c390a312bc4fdf02c357c84c5b05d9b81e0925c74393fb897b,001229.SZ,2024-02-22,5,0,5
8b309b421013b744e9211851cf159fbcefb0d9a481ed3eb6450ebc71349bb784,001229.SZ,2024-02-23,5,0,5
c483030c4fc15b509102366e0481cdcb870b76ab80cc00f6fea3c782fd51f4ab,001229.SZ,2024-11-22,5,0,5
9d11483898084218c2ab1225820ba504a66724b2daf6527a5e5212b028981bb4,001229.SZ,2024-11-25,5,0,5
6449a9151be1862dbdec0bf6cf12393e249f560144c7a41fd024677cc5c21388,001229.SZ,2024-11-26,5,0,5
418609a06bf00e494079ff6fcb25a41ee0ec7ff148852850d487a771c891f8ca,001229.SZ,2024-11-27,5,0,5
1d408559039968fef532054527e2256015691c3e5a81b67175c64b3ec8dc9317,001229.SZ,2024-11-28,5,0,5
a4dc182e4abb3362aea506458a20b41bcd939aa81cab9339ad76576551bd6666,001234.SZ,2025-04-15,5,0,5
d55cd1ebd3086c8fe3f914ab507baa48d554d3b2120c93062058f25e0706660c,001234.SZ,2025-04-16,5,0,5
79b5c14fc0b75d69da01a3960ad9d9313fe85173f3d2c4e5862c30ff5cfc08c9,001234.SZ,2025-04-17,5,0,5
81ef912bac175703b6d4a2453a208a63a65371253689b477b7acedb91e45e248,001234.SZ,2025-09-18,5,0,5
173830ce99a35e7b4460a26c0ac025771a9c8c937c16edb052dbdf8682935a84,001234.SZ,2025-09-19,5,0,5
f7bdcaf65d37f833de8310812ecea4e8d43ce129a59c50af247c3e2c2f99cbe0,001234.SZ,2025-09-22,5,0,5
aeb338da31a07e9c7247945d64e0fa73fcb7a52d8dcd62e6beca2dfc74706d5b,001234.SZ,2025-09-23,5,0,5
f3d8cfa85dbb4368391cd7b1a87046e4b22e50b08334cc9d174228f6063d08a5,001236.SZ,2024-09-19,5,0,5
3c4e02164adf0cd71a84a41b0a4aa3f48e7fb9ab0e5abb63cc36112630017383,001236.SZ,2024-09-20,5,0,5
ce5022245b57caa850d6de9063d9219fb38d4cd72fdec5ccdaa30f6bb71c492f,001236.SZ,2024-09-24,5,0,5
c4fed5de009b647efbc7a3a7bc5628b5a62b09eb3430e6dbe0b37bb1743ebd99,001236.SZ,2025-06-27,5,0,5
0cd8d94045b2eb47fe2126e5c5fcbb58f7356eaea320da78b88b380904dabd1a,001236.SZ,2025-06-30,5,0,5
22e3ac056caf76f1eb484e4a6e73c2adc3c22f6099dd91ac0654c9bcc55c8650,001255.SZ,2024-11-18,5,0,5
c6367ba9c149f63f2212fe5a4c434d472cb170998c426b17846951311aa66c4b,001255.SZ,2024-11-19,5,0,5
9c04915235c42270807caa10bbc890f424b028584b85660a840529c8d754b746,001255.SZ,2024-11-20,5,0,5
311d8989799d6633630f8bd0bd64e6eaefecdc1ae7853bb0f1c29940d5151099,001255.SZ,2024-11-21,5,0,5
9ca257af3989574562df82b856ec4ffab3ef12012fb4f05dd6d104ad0fd4fb14,001255.SZ,2026-01-15,5,0,5
4b742a6615258a69b4447b640967568c6fef0297b682a2d2cdc0831353a79aa5,001255.SZ,2026-01-16,5,0,5
107fc31e4b09c20b4af08f84087c3c10a459d7d29b6687da4dda35c41cf30711,001258.SZ,2026-07-21,5,0,5
1f2d8581507f1ad20289243ee5a93dfb921c2194c8896d7f0aea8d3adbbac6b7,001258.SZ,2026-07-22,5,0,5
131130edf4c2e267a82bf56412086bbbd8a35601971c2ecf123c91e741ca1c98,001258.SZ,2026-07-23,5,0,5
113e007d28a75c8a84101ca105b2f5151b2534abbb4db4fd4418370e092f62b9,001258.SZ,2026-07-24,5,0,5
4fd0294e0da4b18006082920d965601941f351b10995ff865ff86844c10f96d2,001258.SZ,2026-07-27,5,0,5
9dc25638de97abe5b530543229e8e8c5fc2a971473e397b33a920005c6bcfd61,001258.SZ,2026-07-28,5,0,5
40a3a4e3566d5b1ecdb96f0886568b1e8089522a3b56b0e5e3c1e3e3410adfea,001259.SZ,2026-05-14,5,0,5
8e2a3afe68eab9fa5a71069c5a5c407ae837231b0e02a5287dd060d2e1947f78,001259.SZ,2026-05-15,5,0,5
480043c6d9385105ff9a1c6ecdfbd1c3e62814d486e3e52cc98df004ea53557a,001259.SZ,2026-05-18,5,0,5
1a7c80a8846e2e0f4c665b32e721dbdf83f3e330bf25f69d9916aa1358d04c6f,001259.SZ,2026-05-19,5,0,5
4657cba0eeebc0c43388f19b5ec6bc823874f866f2ba6faaf694e375c09a4c9e,001259.SZ,2026-05-20,5,0,5
8edab78a9da979732a803dae3d9e1d53b5d8e2ff389245fcbb3b20c08bb1019e,001259.SZ,2026-05-21,5,0,5
5110fa2ce86d5ea6c807cb52d710fbc73904ee26bb0aa6b9e0afd5654f654bda,001259.SZ,2026-05-22,5,0,5
98ffc96a94af9c0840f9b69103946df57b034a1420ebcb514811177f91556818,001267.SZ,2024-05-22,5,0,5
cf39cc4feb294dd65d75dd9e89ff887af07488134446ab527a00262a65d5c6fe,001267.SZ,2026-03-10,5,0,5
d796e583c2eba59f15935ad7c9d6a278ac2c982ef0ae29deab6542b998c8facf,001267.SZ,2026-03-11,5,0,5
840438af893d0c07d853bb9be83372592dfdfabdc97139ee8f16b6673cbb5e23,001267.SZ,2026-03-12,5,0,5
41a88886d4c41a111d8212fbd2fcc593fac5ef4858c4a33ed4db1632f2066765,001270.SZ,2025-12-11,5,0,5
10af655cd5caf5c3b3bc9a411fae75138625f2a242f240fad6cbb9ccc36ca44c,001270.SZ,2025-12-12,5,0,5
48aaac323651b23c263a43d5a13f527a71e40999baf5f0e18163660a07c48de4,001270.SZ,2025-12-15,5,0,5
85b088cf28ff7b4941c7fa4bb46cd2aaa9833f6c950e6064514c028660fa41be,001270.SZ,2025-12-16,5,0,5
f211b36f96aeac32d874ee57a4e52d767f665937d7a42150742bd5c9d770cba5,001270.SZ,2025-12-17,5,0,5
652b65d76d1ca2ff6b4496da7928a97ec2b5d51f1529c024fdc8acd4d22c9082,001270.SZ,2025-12-18,5,0,5
2e545f325e5c3d28b3217d039a2e518e77e557dbd002e6cfae04f1aaf643aa35,001270.SZ,2025-12-19,5,0,5
e680164053cc650fa1c07a465b8ebd08fe2f47d54ebe72bd787a75fc66e24ddc,001270.SZ,2025-12-31,5,0,5
54764dd945de54636fab9ef52aca1b0601b561003c7dbd9f1522d7b236cb7b97,001270.SZ,2026-01-05,5,0,5
bb06af952c0270ea8dbda163789f40d6eb716953f4aec5f9301170248047703f,001270.SZ,2026-01-06,5,0,5
7b20aa0f43f4d1b01f9be270595565ea2ddbb35a2d02660ca23b9dfe9a29fec0,001270.SZ,2026-01-07,5,0,5
4520c7de785c4e491929c9ef5c29de95a1391b12c1e3a13dfaf5c7c3b6048995,001270.SZ,2026-01-08,5,0,5
667793e5d22296cb94ab3927cdb3f532b001c4ed12013ac074004b36c58b2bc3,001270.SZ,2026-01-09,5,0,5
22df629a3281ae4daca7ab78dcb7af3a1f1ed8815d3a839d9b0b8a7a99e2ebd7,001270.SZ,2026-01-12,5,0,5
5580d37d16f422917f50dfd4bc3aa94ddf7266a1bb1ff79fb8492a9fe1194640,001270.SZ,2026-01-16,5,0,5
df1b2c009968292183f74e6f5cb626b31e9f45cb487921a73befe89aa567fff0,001270.SZ,2026-01-19,5,0,5
f00ac421ce1b5e3e9aac2ef0b8d93f2dab8da0c57937f5958488ba5ac8144b13,001270.SZ,2026-01-20,5,0,5
01ac648286e5a5af8ae0604d3149ba9101654398f1c308f998e1ff05e7399f85,001270.SZ,2026-01-27,5,0,5
c343c49285457e02d3b9e0589cebb9fd99e294a311949e9c8be74a9cc0bc2c63,001270.SZ,2026-01-28,5,0,5
5b42ddc640b97a8a649b5de66218502402bc9ae932e44baed3b04b7836a43386,001270.SZ,2026-01-29,5,0,5
f781a1ba6f989fd08ee6cb3340ed32ba95ae925cd0186303b9302d2fcbbe026c,001270.SZ,2026-01-30,5,0,5
0c9bb5e8193270d36bfb3ee2879653f728105bb6d3816fb365e947c772bd55df,001270.SZ,2026-04-15,5,0,5
bdb9b1c8c6ba5012f221a7be3a8b9e687bc8b70712b81b0fae886d9667878981,001280.SZ,2026-01-20,5,0,5
35036bc90b76c0ff764e37cca2a05efd27a45f440af49d437781319c54b677e1,001280.SZ,2026-01-21,5,0,5
f2e6fef355f435e4942a72bc53dbe854a326a05eba02be39aec13b6be55a8b68,001298.SZ,2024-03-07,5,0,5
bcd5d12ce584d6de92849e2d39794e2465c838e158d069d97c59a930ad8df312,001298.SZ,2024-03-08,5,0,5
03e6268bf2c56940a2b73028daa5840d516c8c70f98dd62a1bd166c6970aec35,001298.SZ,2025-06-30,5,0,5
11a4b4c3f913299e75c6da589f0b46b453d6b662f59f4d3874f69397c8c91e16,001298.SZ,2025-07-01,5,0,5
0c5b59d68870d48776031d00259ae312c5d94effdb942cdf29944309aed758f5,001300.SZ,2024-02-22,5,0,5
7decb98d6a60c1e0d41cb4c29cda28b59a8bc9e6101c555ddd56c533b867fec7,001300.SZ,2024-02-23,5,0,5
fa04ab544d838f6eb2a919f5589442759b3a76c351136b108448dd5364e9fd59,001309.SZ,2024-03-21,5,0,5
20badc339fddb0391d0a9daa2d372d0e7a5340c5180399e3f874669bca586dc7,001309.SZ,2024-09-30,5,0,5
dfdd71f375e5a77f35f85359ee78968d0ed34083217d6b34ce555baa24149f54,001309.SZ,2024-10-08,5,0,5
2550dfa105496326aa4559ec8c0c88fde01ce3dbfc776b1be4402ea44d540a15,001309.SZ,2024-10-09,5,0,5
e38e48145b6e2afb10e7999659ee36ff0fbb89670cc9c9f7820887003737228e,001309.SZ,2025-09-16,5,0,5
79e87ceffb19a0e1b7f9f8de3a2a24b8076a9585f7a8dfb698a69d982b4895d1,001309.SZ,2025-09-17,5,0,5
115425b8753ba3eb741237b219294afac9bdf1500f6202a4610d76febed75c74,001309.SZ,2025-09-24,5,0,5
d0911d189e0f83b832059a7b19e819fe673b9768e9f9ff8466360f472f1ff424,001309.SZ,2025-09-25,5,0,5
5638e75cd1cb304a6a818333ffc5242e2d796152474463bc0d2d27f437bd83a5,001309.SZ,2025-11-12,5,0,5
b65025d682fc358ca26b4b86455dc8a53020ddec0031a1480ae1100ad9998463,001316.SZ,2025-05-08,5,0,5
b9e939c12271fec685c3b7d50ca9e69242114490e81d6c1742d23c1ada8eba0d,001316.SZ,2025-05-09,5,0,5
bab3f8df13450636dcac17545476ccc8b72d86fda15f36af98708da5dad059f8,001317.SZ,2025-12-19,5,0,5
4a2224a2be4c65942f5bdb9237c9fe4d2c6aa1bbee4340e71bf6ee0df39e196b,001318.SZ,2025-03-19,5,0,5
645ba2d1c78c9f2f68c56783d76c5b0e712ddfc8c793e0d5a971b89f6d7b035c,001318.SZ,2025-03-20,5,0,5
df56fc817b900f96078c256f7b20d67a12187f08abec7c2af784d5b35d9f25e3,001330.SZ,2025-12-09,5,0,5
3246ac2b890f65ed45d2021060ea61487a1628ae38334c703f293e9e4f89f975,001330.SZ,2025-12-10,5,0,5
dc56f87e731335a04d19ffc4508c4b7f6eb8da792ebaa486ea3445623f429e61,001330.SZ,2025-12-12,5,0,5
088fbd8c9fa6124899654082ff56178b0402dfb6e0d1c6f87c65cf64ccbd61f7,001330.SZ,2026-02-11,5,0,5
de5313cfea4940d837b375fa4292d19cc645ec4c857f74275018420bc9ffa37b,001331.SZ,2025-08-04,5,0,5
10c45869e3120dd02b737a7f9586834a653a1a5088182be1ff11a25c9e6f1e44,001331.SZ,2025-08-05,5,0,5
e040550e744402cc53c064e0e1afd0cd17d9e71d95a060ae31551b3312442467,001331.SZ,2025-12-16,5,0,5
77764b14dfe0fc0617559d0d42df002214a89f0f0397e1d89195688411de94ac,001331.SZ,2025-12-17,5,0,5
e16991c45c84883628fc46dacfa5b97d232561351964e4f14f2fb9edff7cb47b,001331.SZ,2025-12-18,5,0,5
1b498650248a55e3dda8eaf9302b39ace1669d9f9b48e7839ab7fc916a6e11b7,001331.SZ,2025-12-19,5,0,5
3076f6cf0b11190436c29e3d31a5449cf2e620450f2ffb12a510ca0fbc1acf5c,001331.SZ,2025-12-22,5,0,5
a5c5c4c9b2caee42ed7d05dc715c6c1ecac865899907f94f0abacd3829dc4b28,001331.SZ,2025-12-23,5,0,5
2551d8c95102de0b96e1bb13f0ebfbc92c112ba5ecc6ed7a7505ae1dfa0e7645,001331.SZ,2025-12-24,5,0,5
2da0a27f7ad97771c56fb5f745b75d735c12778386b046b449159ba88ad2016c,001331.SZ,2025-12-25,5,0,5
f585790cde49fc3d7bb14eb36899897d6c3eba10e3f06ef56da838c9aca53609,001331.SZ,2025-12-26,5,0,5
b002ae3dd5a36919d6a90b3126f3884eacfb8a5af346d4f22161bbccb306d136,001331.SZ,2025-12-29,5,0,5
d47a521c2398d93ac626f3296c33f35f0ec84928018312727842f8c0d5665f6a,001331.SZ,2026-01-06,5,0,5
cdc4d40518e8e4f7d8550692efa550fce219e7f54538ed817c13f08f2b0de1a6,001331.SZ,2026-01-07,5,0,5
d45b9e6686407bd151876c965bde7b39a87bf52b9b2cfaf679be579c0952971c,001331.SZ,2026-01-08,5,0,5
35ab64c6e9bba620f1b9e2cbe72b40bbc163e4747de6b8016ec2067d301cfa6b,001331.SZ,2026-01-09,5,0,5
e7e316b424ae8a4a5662bf2ea11763ae1f6b44dca71572b38be017baf86b9b82,001331.SZ,2026-07-01,5,0,5
66533ea0c084fcd71488ce51a971416bbd1d3c29004d0d28f7468d1b8a6e0ecd,001333.SZ,2025-04-01,5,0,5
8f1e32ee284a453ae1d0015d6a51d77ad6dde834f22c862e01a6b43f2fe30511,001337.SZ,2026-01-21,5,0,5
b5f93e57f40fe2dd0a0d4b99255bd58e02e21e064abe58e9176ccc3c9376b623,001337.SZ,2026-01-23,5,0,5
7ed91ab39a03d76fb3cfe6f22b7c5e2d68edf9ede519181ab1e261e52f7586c4,001337.SZ,2026-01-26,5,0,5
7c95cb792b1ea4df4faab82b73c286c8daabbbd90665e402bfd763bfab9ca384,001337.SZ,2026-01-27,5,0,5
8193c4bf543c78c164fa8ac567ac3fdf45df108d1b0f3ade79160e7a252eae43,001337.SZ,2026-01-28,5,0,5
c28bd266fed25b4c0cfc11ef0a084270e4c624afffc4dffc8d2e8600d5079114,001337.SZ,2026-01-29,5,0,5
607333b82986d305efc7f8c5b04f894dfe94b4340cd0437e9af0d86f923199cb,001337.SZ,2026-01-30,5,0,5
ae9e68c677ad6bae9593f0a8bb89eaf71afdd5eac68da292c0c877c30e5a8b15,001359.SZ,2026-06-24,5,0,5
7be70566c411875218c0d24190cab78f9c92b6b41ead174ca76e0a7690d0403f,001360.SZ,2025-07-23,5,0,5
5fcf9885024a17f2365ab7566ba2efa8fe9932ede65ba0c87fee7abd9621c691,001360.SZ,2025-07-24,5,0,5
1951ebb977e552c2cd2ed1836b799dd694e41de7d4ae645be9b385a8123349ec,001376.SZ,2024-04-11,5,0,5
a3861b4d632fe1dfc635f2a5931c5262d692dd169bbc71bbf04869cdb748570a,001376.SZ,2024-04-12,5,0,5
735ef93e4b45c1338c02f41645117aee987123fa92825d3290974b573c08c552,001379.SZ,2024-07-25,5,0,5
d526fe22b00abe6b0277153703f008d9a9fd0ed2ef5df08ef8f748d3f2738533,001379.SZ,2024-07-26,5,0,5
138d5d09c592e8a8aa8205cea8efb41d4ab114df4fd7eccf06bc20c61c7bf8b4,001379.SZ,2024-07-29,5,0,5
25667ba4a40f7d44f80c60c9d6b02ef51fec63bb51666e22b9291de619c75f7a,001379.SZ,2024-07-30,5,0,5
9b20df075557486a848c5d08c78582fa53f8968cd7876d0aba0cc96e3e35ab0b,001379.SZ,2024-07-31,5,0,5
02385be997ea6327a6cf37b0ecb6ad8e1f2725067b2ef9b8ebca880ca575e5ac,001379.SZ,2024-08-01,5,0,5
84cb03cc30d4f3bec9e3de63c8b48184a582f372807e0705b71932cb4c0ce239,001379.SZ,2024-08-02,5,0,5
c3791be8ea250c4be9b437affbf26e8a13c2b0a9fd22a2b67c0c659f6f879033,001379.SZ,2024-08-05,5,0,5
929f712eee9df097dd07c1b6145d00e07db6caf711fa10863b14b499cc0d9c50,001379.SZ,2024-08-06,5,0,5
249fdd67191545a55e8a94e3939a0a8b5b9ab8194a6c303b73db1be9f56a08a6,001388.SZ,2026-07-20,5,0,5
983e8e9e5b972ae2abab47b67fddf8f89e39e8bda0f01f2b15c5b64872cf488d,001395.SZ,2025-04-18,5,0,5
d698d083082f6822ab84eee6bf7d53ab843dbbcfd28ae7c7f281d46cb8cdf3bc,001400.SZ,2026-01-09,5,0,5
f7fe9afc2d7a6264e88c563d01be1480e7ea7f0e736cb1612a0fdc2847353f6e,001400.SZ,2026-01-12,5,0,5
d20b10bf7564a9a1008442a2024886638a6ebc4c1f23b3906ca5ec329c773dd2,001400.SZ,2026-01-13,5,0,5
5cfc33f7d653248ce0fc716f409f320f65edf6c97620b4e70a6a707ead7d8534,001400.SZ,2026-01-14,5,0,5
a378b3d846deffd363a2442ff34f5193f8ef0d1fd1b4d732a477414b9422af68,001696.SZ,2024-04-22,5,0,5
65ba8af520defbace7e7135c08ba0d0de5676cec362d6a57af92361797228d63,001696.SZ,2024-04-23,5,0,5
a0a8e48216ee51651489a52df2996503b5db449d0fd4cdd94f134bb50e5f2453,001696.SZ,2024-04-24,5,0,5
b5e9aad6e8d1dcc9fb9f1fc9490348cce0f54208ae308337273229e5b732067a,001696.SZ,2024-08-02,5,0,5
edb3a04870b665ad6e83836c76e1c3df534e1265292d73ca761690088b02f711,001696.SZ,2024-10-22,5,0,5
e3fe5de6b1344be795127985b31c8f5910a011d0f61639075ace63984ce8fa16,001696.SZ,2024-10-23,5,0,5
ce9653399cfda05b39f6e1a69775c93afcfee2ac9dd1cc787d8da25ff77ccd2f,001696.SZ,2024-10-24,5,0,5
cf8aca9b41aaf6984de80c9cc27e01080a2b7479327c7f6d027edf979af338eb,001696.SZ,2024-10-25,5,0,5
c8f082c58b1514da2c86563133004a5d4eddf3549ce69bde017766902d521ec5,001696.SZ,2024-10-28,5,0,5
f62787a8565d0de94d15460480fba86a4f83e4a3e0d437a56236ea057622de7c,001696.SZ,2024-10-29,5,0,5
2e9547f42b3497aecb22b2b3c770e6f5c0fa13d287a31dc381aa378e91b3e04d,001696.SZ,2024-10-30,5,0,5
6a6596c48e03101ec30f167f8801eb4b9ee4b0d4684951e5175f51e5e24cbd98,001696.SZ,2024-10-31,5,0,5
46b8d9245bd02a9afc50f9ae9d62ce1b440fc950116a72c6c5d60e6baa07e687,001696.SZ,2026-06-11,5,0,5
86a8442a62220620f39742b1b1d1f2c6309b881d8afbaf2547a7c3f4c21ed7b7,001696.SZ,2026-06-12,5,0,5
b7ad4eafbade128f13eb2696720629fe560ee1f19a1d1a6e2a94c620e95f7a81,001696.SZ,2026-06-15,5,0,5
4bc7332889f50b52bb4133abc776a5752ed59df6a4d77f1ef48b99d123aa3688,001896.SZ,2026-02-24,5,0,5
6f4c3c2ebe497648a10da23a8d191a23926917a0494f91c257f29ff19e01cc82,001896.SZ,2026-02-25,5,0,5
ebf95b36d861c8c147de26e9ea1d46aee984d4e1a185b6b0c84a8cc021a34f9c,001896.SZ,2026-02-26,5,0,5
22f72b8269fb57b433661cd2852602f06440942084e8fe713495f448ed702c10,001896.SZ,2026-02-27,5,0,5
8c56a0f8f67778859d95dcedc62c3bcd6f5c6d42fcf274de4601f440f331cce1,001896.SZ,2026-03-02,5,0,5
421d940b80f452767b26003ce0923d888b6e49553ab39c3f040b20aa8006d02c,001896.SZ,2026-03-03,5,0,5
0ee03b0a22945247106c06048d93b50e275800b074b73177939e643dc8b68825,001896.SZ,2026-03-04,5,0,5
8d10b4b4f22d52dbf000736d10128a3315383b6e5da4d2c1837d8c926f18ca1d,002005.SZ,2024-06-27,5,0,5
95274e5f57d41db94c597620825312789fd0be91db24158d5678d82a07af71a9,002005.SZ,2024-06-28,5,0,5
84f28c1b9566f823deb96d7809fab1152189b0f0273c7b5942a0f0511be78006,002005.SZ,2024-07-01,5,0,5
e2de85a43ee8cc90f35e4be517bff137672dec74351cd3472c448ccab1adcf08,002005.SZ,2025-06-26,5,0,5
5dacd976d516f558adda2954fc17dc56fd8ce3794d294f1ab465f6ecb4a1d81a,002005.SZ,2025-06-30,5,0,5
6b45317daf135facd0b4de86fbf3d29763bf23ea2ff6db51c77bbf2dba47ecbf,002008.SZ,2026-02-26,5,0,5
3e496dce443830834ab9b354548bb0f948f0a99a3a1a9099c668e698a002c8d6,002008.SZ,2026-05-13,5,0,5
66bd1d9e9831105d053a25e2b877ae7b08328457784062927fac09a73063f209,002009.SZ,2025-12-30,5,0,5
abb1e0bf306a87896e124da8d5cdd3a8d24a05810e2ce21ee812444e26362b33,002009.SZ,2025-12-31,5,0,5
5209dd8883952cf12393a36a091b3d30d3809ad593d809e547fd1d32c54a2ba3,002010.SZ,2024-11-11,5,0,5
1279c7e4ca9f9897470888d0e2eb8757803886d65e24b5a2207d6967ffb97e1a,002015.SZ,2025-06-18,5,0,5
03e65b554802eb77ee9bad539648b98017436c669cb328b72a20d8faad8d6ae9,002015.SZ,2025-06-19,5,0,5
a2723e55d17efdf467aae6c2bf8ff2a8ace5aa7a84e9b134980109b8980f5c1d,002015.SZ,2026-03-11,5,0,5
8afa4508fa08930507a86331e16a1543c48091f250bac061c018c9e4f83c37cc,002015.SZ,2026-03-12,5,0,5
3aa3714076f359d2dfdb0a1cc222b1fdde10bcbdd3a3d33a5d7431e39cfcfe12,002015.SZ,2026-03-13,5,0,5
f257de92c576bea744093f5d2f1f23dd355b3fc140771a44db2ad83d881b301c,002016.SZ,2024-09-30,5,0,5
5a14ed3a93a77dcd5ba039b366517ac0bd2b95bf92e2fc342a2e843b7dd36b8f,002016.SZ,2025-02-13,5,0,5
882bc23b87c2a42a38a46cb8b96b62e3ae3786c7ab9e25dd7674518a365a5ceb,002017.SZ,2025-06-18,5,0,5
35b12a23f4dcbe2c4e9056e1190eaf316c96294244521d5b1d51b224487708b8,002017.SZ,2025-06-19,5,0,5
b1ba4f64a91d9ccb4a03b8e0c47e3412db3e38c82686f2ef363b92a19b360fe1,002017.SZ,2025-06-20,5,0,5
e536a73d3ada9a2d5ba1ffc1035d0b48eb454e06db4c4fbdf07870f59e0b5a67,002024.SZ,2024-11-11,5,0,5
612e0314eb002a5f6772944abff3a2ff9e54139479a300e71dccf1e8a1d8a5cb,002024.SZ,2024-11-12,5,0,5
a091b7b9fe6ec797b047265af2e62398f17b47a0976af4eaaeda7f6ecde79f2b,002024.SZ,2024-11-13,5,0,5
2f0a83291345f46a107837c63a69d1e0b37cbe1529649c57d7af752e999cd9c2,002031.SZ,2024-12-04,5,0,5
a0babb4c94487ed0a27b68379377b1d0a0ebf2846240f59c04b5851e43eca80d,002031.SZ,2024-12-05,5,0,5
c64e64079598aab51c44db81f6b2df7648c773db71d07000c6cdf3f318494a75,002031.SZ,2024-12-06,5,0,5
37fb0164839dbf3d423b2a7e87dcb245abda1526725c09f6a5a2aefa9789cb41,002031.SZ,2024-12-09,5,0,5
fbf9d137590fb71f6be55849e46a069ea5b74ce000d916bca13a8c5807aa7d82,002031.SZ,2024-12-10,5,0,5
3a6cd1103c23e3c434a30e70441c13a7b0fea932e15c086406e40dac2b6e323a,002031.SZ,2025-02-12,5,0,5
e33fdcfc6f2c80edc8aff777c1d460abe28c147180bcd9667f9380239e541c2c,002031.SZ,2025-02-13,5,0,5
11ba819d00c1da9882fd58513de5bec9c5e13afce8d3a5b6bc0eeed964c3f716,002036.SZ,2024-10-08,5,0,5
f1e56b576c4954f72e6cebfdf344fd0e1cc5fd126076656e69ca276fbaaac8bb,002036.SZ,2024-10-09,5,0,5
846aa2df0515dfed1ab02547b3d3e6b30e671c83770bf78fedb2c3b30243cf74,002036.SZ,2025-02-11,5,0,5
8787a1ac987fb3fb958ed57752d7da2fa35c71ffea7073da44b459df87e883ec,002036.SZ,2025-02-12,5,0,5
1cfd06f8f5067d7402fd710dda32f2989d934be669c730ed31f160860f6f7f89,002037.SZ,2025-07-24,5,0,5
e3ac6e037f4c3ccf93c3386a31abc2fa6857c725d1fcfb6c84e122eb8bfe8428,002037.SZ,2025-07-25,5,0,5
2123d3d17044ec2fc641d1980d483525d3b2e2d823137c45a15cb478d19e5bbf,002040.SZ,2025-05-16,5,0,5
05d294ceba304956c0e83f3f141ad7be9013175a900d35301ade4f56eeac610d,002040.SZ,2025-05-19,5,0,5
ca7ce96dc982cc91b25d923d621a476403730f870fc10d79b16e5f6cf89172ed,002040.SZ,2025-05-20,5,0,5
08dbd4018dc2aa53ecb5b1f0d760026d2f1590cd8318c2bd9d2d4afd1187d85b,002040.SZ,2025-05-21,5,0,5
525340857070c2cc60db0f965d4f45fba4927c5c815470c8f95af03eec21d961,002040.SZ,2025-05-22,5,0,5
7fc209a78c3fe4facbada23b0373c5d56c42f32725e4171e3d2227f56eb4ce8a,002040.SZ,2025-05-23,5,0,5
11e741f8f8a7705a9e9fe15b01bfde61018aeff91e1ee96ce669cb0a573b0743,002044.SZ,2026-01-14,5,0,5
3a69dce986336c1e5ac1cf2d5ecc634ccc70fc012ac1ec046fd663a21d29a77a,002044.SZ,2026-01-15,5,0,5
ab79b17fea29b3593e8401e9f7ec0964e90d8408dbddd7cd55b3d99f01017fbc,002045.SZ,2024-11-20,5,0,5
f1906f87641897697f0d81777581575c805aa344e5f009df015bed54779ab0c1,002045.SZ,2024-11-21,5,0,5
7c5bf13b75ddfdafd9e92117ed48b92a208881bcd05dc17b3b6b5c1a4821720f,002045.SZ,2024-11-22,5,0,5
cd5ca8482ef9cd4b46b67eaf60763d89c4f69b58cc14f2878596ef85d0682b3d,002045.SZ,2024-11-25,5,0,5
b01ec8f6f36de27724a2c25c9b364d664f46750f717057353801de76262518c8,002046.SZ,2025-08-07,5,0,5
0e9441339f3ba57f0319ac32b3ce30b71a9cf534522e5fd9c9293241dac5cd97,002046.SZ,2025-08-08,5,0,5
1069f12c19511aa279a37cd27528d3c1fc54814acc76b066303f37b467aaa126,002046.SZ,2025-08-11,5,0,5
7d187c449e97837061fb2f820acceac82e52c88f8fe22ea6771828e30b056498,002047.SZ,2024-11-01,5,0,5
de803f2e017d0acf5a2d698c3f264befaa08362e7f0bc433dcaf1615e888fc3f,002047.SZ,2024-11-05,5,0,5
e5ea92fba61d18830300385f7ff6fcf20c809a398a8f3c23f166495b0c4ea372,002047.SZ,2025-10-29,5,0,5
0f8a49b7954720f7727e0bf051510f492185f10a4d1e783e2e97874f1591d1e0,002047.SZ,2025-10-30,5,0,5
eb1c94a2bfaa64413e4520a47f6450646fdd78a3538f105cb1675a07d01d2f0d,002047.SZ,2025-10-31,5,0,5
0e672a80c1ea5ad9f22368ac5229c5c987645554ffeeb603b73cfb478b4ccdde,002047.SZ,2025-11-03,5,0,5
7f6bddf7a2345689c70d65256fabf3a532545cd6ab3706bcd54d948f97623d66,002047.SZ,2025-11-04,5,0,5
c5f1fe8fe3f5452e83dc9866490c36b7e3b4dcc2988076a3c12440f65a3e8ce6,002047.SZ,2025-11-05,5,0,5
50f6c2aec792f2b54b54e37b0c4b847556deed501cbb0f3107b6ca2107390553,002047.SZ,2025-11-06,5,0,5
7e49b7b2b22d269b9706aca44e08991b6b69ea95cde8521db5c06c88029dca69,002047.SZ,2025-11-07,5,0,5
680c60c657030cfaf215f20da177f1a236224578733e011cccc27925a0fc7fe7,002047.SZ,2025-11-10,5,0,5
a8a358404c748493991d8e9ea0bb6c953caffe122a462a27a4745ffbe1a6548e,002047.SZ,2025-11-14,5,0,5
8177aba493407672d29b35f0c492692ab2742907a3c749db940533481f331e3c,002047.SZ,2025-11-18,5,0,5
f7bdd65212182468bcace17092f1e942a6f49c0b7fb2b859c67acd3d7e024b66,002049.SZ,2024-10-08,5,0,5
48bbf21b284d58b52355b7049b5e84310ae7e4b5f315e6b8c113cd109fb2f8fd,002049.SZ,2024-10-09,5,0,5
497beb2095a1ae1163c0e4168ac4deceeaf9d21422cfa8212670c87619243b48,002050.SZ,2024-09-30,5,0,5
021c03bfe70a6d5056c4b13bf82ddc8e6207834a9cb1d2843bfe1d94a58a25d6,002050.SZ,2024-10-08,5,0,5
f67666d5d41ddf1420259b4e1e111889add61be658c3e9eb69668bac469dcc6d,002050.SZ,2024-10-09,5,0,5
e4207253c8bb22ae740172bd1ba67d5840fe28128dab6d9073699c7d13bca494,002052.SZ,2024-01-24,5,0,5
28af51b72fa2ff798e836c6ed900ce0d0de32e1257c0f84ce5261fc4fb867f4c,002052.SZ,2024-01-25,5,0,5
b3004fa58c8bada827da46ce918bb0d8f0bb86b20fdfac4a98eeb6b01ed67cbf,002052.SZ,2024-01-26,5,0,5
c86a697dfedf5b33a96b0962ff1b27d21b46784f336e27541b99a3ed3cb45a86,002052.SZ,2024-06-17,5,0,5
4dc702d6932a8bf270dc732b27d6607d49d37c12dcec698a829d44ec12edf954,002052.SZ,2024-06-18,5,0,5
6625bcfae903c576c5979b5be51569ec55fb299269ef1f0c29a41e61e8389fae,002052.SZ,2024-06-19,5,0,5
6eadb8b84f2f2d81ae13a94ea14b77e39eef4c17a76d0ef3cd69beae373d46a5,002052.SZ,2024-07-16,5,0,5
ee647dc64b5319f724bc6bd351b277edf50cf0e604886938c1da285a24279439,002052.SZ,2024-07-19,5,0,5
b3613f844a39ea15d359ea4511cf4ec7b200a895368344e68317d9a87f7f48a6,002052.SZ,2024-08-22,5,0,5
084feef8b1360a3869ca4ec97c3889ce902302580f853cae4fbd433d523dcb8b,002052.SZ,2024-08-23,5,0,5
84ddef1eab7a77af4381d5e75443a8739b6c63de6cd45929607ea3ddc791f0d2,002052.SZ,2024-08-26,5,0,5
184041556d6b2b9851365e6b49d9fa21e90b3fdb6de3d0f3994c449b8929c38e,002052.SZ,2024-08-27,5,0,5
8b526f2f084c2ade7d3c7a5fba7ed6baa0259cc18ba3faa4be23930e9fc3370d,002052.SZ,2024-08-28,5,0,5
512c5339e875773e70bcf16a63cc80b7438eb0df6cd839c03132fdeced73960b,002052.SZ,2024-08-29,5,0,5
33a58ea00fe20d8765fa7139e4b22e61d08ceead508460249b874f4571107ee0,002052.SZ,2024-08-30,5,0,5
e9ffd5df9703857c542922fecd9f9a70fa61df567528a53c5d59425d23b7a256,002052.SZ,2024-09-02,5,0,5
b1f60ac8abc36834b99c39086781314ab3f076b73858a688fe053b659084dda5,002052.SZ,2024-09-03,5,0,5
8b99ba53d5628134776a830dd703447fe0dfaa5a41eeb718445d171f81be489a,002052.SZ,2024-10-14,5,0,5
684801c3d03102378974c8c133656ecb288f1ba4fe42ac844fff50b43349c862,002052.SZ,2024-10-15,5,0,5
79f89cd4e7b5de602d3763b4aab31b61a8419e4ed8bb676394576749b4b2ebd8,002052.SZ,2024-10-16,5,0,5
04be9e3a926cb75cf8f8f4c4a99fdc9dc31000b56c132aae4a8f8efdd8921198,002052.SZ,2024-10-17,5,0,5
3a8265bda3c2e596628cc1da733110ab853760b443873f9e8baa84da5591ca5d,002052.SZ,2024-10-18,5,0,5
8da3d9cb1beb4d42f90479266b9bb0f3d2d67e93b6f4383cda435754496a6de6,002052.SZ,2024-10-21,5,0,5
2e159e74b00808ff4bfd95711f43fe7ebdfe9abf18ba7493358cb0ad8eaacada,002052.SZ,2024-10-22,5,0,5
b731002e27c64a1bc303a70b8826751f06a3d795caa95d254241826637f64ea9,002052.SZ,2024-10-25,5,0,5
743bb75330973c2748f114089d1f8cc37f15a5e9fba3eb2f9f12429eac10bfbb,002052.SZ,2024-10-28,5,0,5
e0caa04d0469bf6b7b196d66d98323cbe16b33d85c4a68ba3a1b3eec514f3044,002052.SZ,2024-11-07,5,0,5
61892d74d24c6cd71d87d364d93bdf005ad6557706820a006082b00f3a46e364,002052.SZ,2024-11-25,5,0,5
d7b52fa698944f8d46cb98106851d0330613c01fbf69d8c49246b312024824b8,002052.SZ,2024-11-26,5,0,5
7adf0e14ac246272d0773287680582d205d1a9ceeaacfd28e9cd454d7dc6e4fb,002052.SZ,2024-11-27,5,0,5
a2a466f1448bf3f968e23be6a3731259db7799c66846abc6c3edc6063af440f8,002052.SZ,2024-11-28,5,0,5
cc13f6710a2b1236f5c4732eef7fa51ef7d32186ed1670be8dcd950bb36256b0,002052.SZ,2024-11-29,5,0,5
ef299db96d392f90544cff00e160dff0c9a60d628f7a88961033e1e294e56a35,002052.SZ,2024-12-02,5,0,5
6673956e814655b3dbec62e4d8edc7a5d8aa4fd97c5acfc5ef60bd12cbe23692,002052.SZ,2024-12-03,5,0,5
bc8c6eca081c68ccec591b08ae31175571771efd9343c6176d00d4ea5d48bbaf,002052.SZ,2024-12-04,5,0,5
6532949ea0c88dddea3dd07c70fb39755858f3c744c3800ad78c380c9e37fb47,002052.SZ,2025-04-24,5,0,5
2f4f83b55d873339b80ba059c5b4894cb0cd07d37b43b9fafb5661fe7cf1eb12,002052.SZ,2025-04-25,5,0,5
eb2869ec43d2bcecc13e03ca029532caff2e3e3ff48be0d3f49dbba4a0801511,002052.SZ,2025-04-28,5,0,5
7266610faf8a226ac1f4c1cba594a2c8c4816690dcf0adc6600a0a130ac41821,002052.SZ,2025-04-29,5,0,5
6681942626887844eeaae7a08b4cdfdaa1e3bb836f88097f0716a197919a3d17,002052.SZ,2025-04-30,5,0,5
91e069a9f847e625688b209175a4a9126d3adb969990f5ac364ac3047e10f13a,002052.SZ,2025-05-08,5,0,5
c0827233c88ddf47f9444370f3833f0b8f37d13e34d2e913b7297201bc085762,002052.SZ,2025-08-15,5,0,5
b5f4b759d282da4b477c5e2e0816c526eb457766c2e6ceaecd725d4b1c8ecfe1,002052.SZ,2025-08-18,5,0,5
1fe127bc5a36fa5b5c82d91d6acdb7f122d45d2bd2c727996c5f2bf245ffb2a6,002052.SZ,2025-08-19,5,0,5
94c833352754527beaceda4fd050cb02b20bbfc034163c16da0ab89452fe6a1a,002055.SZ,2026-05-22,5,0,5
e7ea4235d67c0db8b4bb8dd835516a888ae103401a4f78c385e2545e1b7b5cd3,002055.SZ,2026-05-25,5,0,5
a93bf0d30167716903636959de9dddce2e6be18b71996e264194efbc58843648,002055.SZ,2026-05-26,5,0,5
2a50c31478f9014fcd9796243fecc960eda70730f34f993d5d933e5b62c85988,002058.SZ,2025-02-20,5,0,5
086659481d445f46d169f508b4328867c37bfed748214e9f750f962ef31290b6,002058.SZ,2025-09-01,5,0,5
20b13a5edd7e9687ab6144daa9975b59c381ef56966b47feb83999add3317d8c,002058.SZ,2025-09-02,5,0,5
d81a053bc636179acb0f995a23346445450d6e0335e63531cfbd7cac64246f31,002058.SZ,2025-09-03,5,0,5
9ea63efb5cc653fdfce0bb0ab1e658322a1f06e0390be6dce37ec7d36f78e20e,002058.SZ,2025-09-10,5,0,5
71ed9a2390025fd6273918df67d7b446bd434a5aad03d25e629c3ffc63b22423,002058.SZ,2025-09-11,5,0,5
8bb05474051b103340510dfff5b1c11ef62bc4fd63f8865b82e3c2c80bc8fd25,002058.SZ,2025-09-12,5,0,5
915b7e116572bf53fc78587da2bab1fe8200fecfa1ef9c4a47b7e8fe70a7e7f5,002058.SZ,2025-09-15,5,0,5
d0fe9b5e19ddd4739a24ca7929bcd52913569a95bf07f5997a8857527170f920,002058.SZ,2025-09-16,5,0,5
2b12ffa7b857c9fb8243b803f52cf1d2d70f937501c5d7a90a236ac40d3c658a,002058.SZ,2025-09-17,5,0,5
d08960f6f428439a9936315ce2f90635243cf305e58fc6449999a5f179466f60,002058.SZ,2025-09-18,5,0,5
e264d2415e632b35a233e015baf920990eef075eba97f607cfc10889143eb00a,002059.SZ,2025-09-22,5,0,5
3e9a6c9cbc0a4a4b2f3b1107eecab38a86bb4c8e4271b18de31a5160916f9a10,002059.SZ,2025-09-23,5,0,5
38fa9ed36c0022b4abf60c39e99beefd71da51ee3a7077a60d92fdb2f8e84970,002065.SZ,2025-02-19,5,0,5
1b3b295e3333b421502318d450be28d91d4ca695b6be4db004f0919452bb22e3,002065.SZ,2025-02-20,5,0,5
8f9904bfeba3270ed924afdee1376da3a1427c0895493f66bc76ed41eac52101,002065.SZ,2025-02-21,5,0,5
48bae303ae60dbf2d6fd95ae3064d93bf106993e7a6fbcae919721cf9db61a2b,002068.SZ,2024-09-30,5,0,5
194afb952c15040b57c9bd3ddca101e9823227e23eb4aaed41d02cbe850efdae,002068.SZ,2026-06-24,5,0,5
8115aa7c1a5f00976f6b00abc478c6bfeee77e4dfc8f1c5aaef97c18fab36653,002068.SZ,2026-06-25,5,0,5
0eec116b5ef164d89cb7b1223e1b0536b9b1ae8c78cfd4b74f59cd31c9a24ed0,002068.SZ,2026-06-26,5,0,5
a49d3c8e2f48d1306c383761dec6042a204f1ec04934311e322ac9294992a632,002072.SZ,2024-08-08,5,0,5
52594a0e3c635464c79b335777ceccd832bc150919f9e3f5b06abd4681c72a53,002076.SZ,2024-03-14,5,0,5
3a952aece8c1c33f3bba5bfc2026188e85b1bfb4d45cbeff85e902771c365e97,002076.SZ,2024-03-15,5,0,5
8d0f4d6c7dd25258fad03b81634ffbba634854204d66beba01fc005078719a95,002076.SZ,2024-03-18,5,0,5
0f55b48a9148ac9dd3c0427e1cbdef55b4838abb3d4e1d6c045f65b9848966fb,002076.SZ,2024-12-12,5,0,5
98c99cab3ab8bcdb05704474947b790836931999dace44fe3808a03f020bb3c2,002076.SZ,2024-12-13,5,0,5
667b1dc949fde8547253af29d0b229fb103267b3c6a2bbcd3b0306ea8b1f0562,002080.SZ,2024-09-30,5,0,5
df12939632f8479edb95be3bb93772b149a5d457ea37a08c2bb800989b075485,002080.SZ,2024-10-08,5,0,5
08a92667b9286f35afdadada381a35703f62b65995167133400fbfe5793527bb,002081.SZ,2026-04-22,5,0,5
a487b2dc3c699f113465a287f56ee005f40e8f0ace155b56fdbe5e999b58ca73,002081.SZ,2026-04-23,5,0,5
b6e7ded202085cf9c8ac3ee80bb5b42b2fe75ace86596c5762d480369e6ce308,002081.SZ,2026-04-24,5,0,5
db0474616ee8eec1067546e5acf982f083ab87936a8ae99f14e1d3513bf0baca,002081.SZ,2026-05-06,5,0,5
2cf66feccd26ab335c698fc79a6adb90be6c88518e3122ef75a84535bee2526c,002081.SZ,2026-05-07,5,0,5
c93be0dc172cda8e9c8ea3abc1a6bcb9e0a9033f863dfd88035b8a796e1e3c02,002081.SZ,2026-05-08,5,0,5
e00d8a74d8e8f7a31d43b93211c172e4ad2448b245beb925f5f0dfa6008db764,002081.SZ,2026-05-11,5,0,5
88a7403fad2103fd93b42b19b5c12e50ee7a89f8b67891a8a3bb6e0b6b33b123,002081.SZ,2026-05-12,5,0,5
e3d1c9f0834099fdf6318fa3c4c46016b45bd13855a85e105939e482dd9949b3,002081.SZ,2026-08-17,5,0,5
a25783d0ee4b96ba4c194c9529bf2c368c0a16425a1b2352eeab85718388896d,002081.SZ,2026-08-18,5,0,5
08fb886e0a82790b161771440948e222d50874bbb7cf946943996a730a782664,002082.SZ,2025-06-06,5,0,5
317c732d7e6cc141c83794335b93511b9b927cb0e7a5fc4bd388cdb5ddac6004,002082.SZ,2025-06-09,5,0,5
a63cf72fdd5d0fe824f9f8b5c76c95de803c898495c0147ef03e600d823a005c,002082.SZ,2026-03-27,5,0,5
763d005ee6475f68e409c629673e59a800d8e878269f2b3591f9692390497c2f,002082.SZ,2026-03-30,5,0,5
820251d3a0c0e36cf92ea893ccf28fbb8e1af79da596d2455211d39c3ac5f13a,002082.SZ,2026-03-31,5,0,5
fe78a47f31e59dac46aaca2cf3bcce1da3517e6cde3c8dab1bedd6732322cf80,002082.SZ,2026-04-01,5,0,5
b919f7806875ac01a4bc8c868fde824d8cd66a4962e53603da2a9a83f0e0cff4,002082.SZ,2026-04-02,5,0,5
a8dc4a2b4ef4102cce652493b1a14c9cf6665c56be9cdcd606fcd4ecbb132c07,002083.SZ,2025-11-11,5,0,5
349245c46ac6dedd593a1cf4fc6c88c4fed0a119146c49020d0fa2c49bae80ef,002083.SZ,2025-11-12,5,0,5
6c86423f9f223d50e895972506770760920e10ca7621bbbe03b9bd044639f64b,002083.SZ,2025-11-13,5,0,5
270be4e1f46d33b164649332607dfc40a250633c71eebf61c32da5c96fd8b3de,002083.SZ,2025-11-14,5,0,5
33725e0910447114d8bab7889031aa35abca4bcabcb1ae7958912fc8b8240918,002083.SZ,2025-11-17,5,0,5
4ca9af404a4151fdd9843d002875b26d0ff69747ee9421938addc746a8c4280c,002083.SZ,2025-11-18,5,0,5
b7699a1c2e840985a7872b2b4022ac0c6f6042fc08794aeff77497603f02616d,002084.SZ,2025-04-08,5,0,5
9e71c0a2504d1a61b0bbf27cb038e4ca2af7b6813c06c7969cff017f2caba4a7,002084.SZ,2025-04-09,5,0,5
8bf797b3069b57457cc190781e102204a2f31fb1b91f5809681cdd59b3137a40,002084.SZ,2025-04-10,5,0,5
a442034bdcfbcf6b6c14321c306b94a79d154be0ca9f38335d1bcba2dfa27744,002084.SZ,2025-04-11,5,0,5
0c7f2f204766a4354323dd2023569d8a684eb7223fd61db0bc6be16451a3211e,002084.SZ,2026-08-26,5,0,5
ef09049ea948dc700e50eca5c93cb061812ad76edbac6f847629e0c7e01eb92e,002084.SZ,2026-08-27,5,0,5
87494a4e0afe4d70934ce1c1d3561a41038b095a1cbd74113081fdf21355940d,002084.SZ,2026-08-28,5,0,5
585eb0ebf8b14cb8b38e1e08bf8bbb54b6fe61e1881de3600ae736b274b0aec4,002084.SZ,2026-08-31,5,0,5
55a20363a03e38d9d56b44fc108ee7c1cfc35cf61f20a9fa228bf2853a9c1cc1,002084.SZ,2026-09-01,5,0,5
a983a0c5068a7a72826c62f731197bd3ead3382f15229f2322f26d95d8abf7f2,002084.SZ,2026-09-02,5,0,5
c48f2c3f4e4af5a9f9f744667764dd9ed7ddd53fa4442e68f9f1a56fddc857b2,002085.SZ,2024-02-19,5,0,5
d61a8c228d9cf44e676d15b8ca9f3aecff3a43e768e8795d44281505d9f146fd,002085.SZ,2024-02-20,5,0,5
bb65afcaf5d51d0d9bcf5496221ab8be029cc9435a21dc4dfb0f4c16322a0623,002085.SZ,2024-03-13,5,0,5
7b8f8008afb803efe23b9f41b6ab3b39178be272aa618daa1a3569bb7d0bc87a,002085.SZ,2024-03-14,5,0,5
22add003c87f749da35770c5b49474dcd1386f6e3f02befa80d43389a72aedeb,002085.SZ,2024-03-15,5,0,5
bb600b029b5d2ae7b77bedfddfc1fe99bc3dfcf41a4a78bdf915d51dbded70e5,002085.SZ,2024-03-18,5,0,5
1d9261e75271be89b2356218bc97e2ebf37b7c1308ffe4320cfd97c0447c1177,002085.SZ,2024-03-19,5,0,5
d94a94bdbd35b0ed69546b41bf141fe83d67abbd3d85735e6497232812643bc1,002085.SZ,2024-11-05,5,0,5
cab187db2bd5a1bfacb64edb06e14164a9a071b614836fe16e4b67a87719e659,002085.SZ,2024-11-06,5,0,5
9d25bce3a928198f9b4ed39c5388a648f99798c65a41287570287f1688158b1f,002086.SZ,2025-03-18,5,0,5
08f32724ea2b37d7487c6deba89f875756a546caf5e35f049f753e4c8098ea7e,002086.SZ,2025-03-21,5,0,5
0968d3ed1a330d1c89ed8fc8129e8c3df37bba29ad5624eb9984942385476d61,002093.SZ,2025-03-12,5,0,5
36da549bb5ed0f3cc1900ce74fbcfcb99ac8cc83591cf65303d377abd3fe7e3f,002093.SZ,2025-03-13,5,0,5
804ad91f8d74c6b69673eb90958a87d765e02e8fac767f18ee2c5e1ea7548678,002093.SZ,2025-03-14,5,0,5
bc973453b13ab69ddf7c671c428115768b332f6657038a909981dc22c3345b06,002094.SZ,2024-10-17,5,0,5
2449a31b7f4a720e2b8f59a0a7af692daad7816b53f3b35d6e277d25efc23254,002094.SZ,2024-10-23,5,0,5
f0bb0144a1b64c83fd9c07793344d2bd121b448057264d165186997738b86158,002094.SZ,2024-10-24,5,0,5
3e868c89cfae03ab4e0c0d7f8886d8e3f5079999777c58497091fb0c8bf6c5c0,002094.SZ,2024-10-25,5,0,5
16db2083ce9c0c22d4cf1cd23e487e2375f3261335587896d6818760019ecdd8,002094.SZ,2024-10-28,5,0,5
84a8e202dd8249ec70625f16d78be17868d2e759e83e39323041d8ffdfd45cdd,002094.SZ,2024-10-29,5,0,5
07fa1450ce825b133a1aac46a051dfc84bfcafce8a6be3648262eb83702872a7,002094.SZ,2024-10-30,5,0,5
ef5e07c33284171fa972f268826e7f977ef42f1399aeea26583baa05d539136a,002094.SZ,2024-10-31,5,0,5
b0108a2d585ba78ae7ddfdf13c0d0bb6ff6d91b1b94c84eb6f3e568683524457,002094.SZ,2024-11-01,5,0,5
9d81d56f3b659feab42d2ed7a60ab743f3eab85f6df159c858c6dfc1c2be1926,002094.SZ,2024-11-04,5,0,5
211a39544270da70d347607d16f0eaeefb25dd9a76f619a4c6ba45695229ac6a,002094.SZ,2024-11-05,5,0,5
733043103aea31a651094dd028a0a600bf8f445bc0e4b43dfa4fa947fdd38446,002094.SZ,2025-04-10,5,0,5
9e2a8d8f53e6ddf4d739e1fdab8f47d9d9a9a2a202f824f74213fcb5b5ba9ddb,002094.SZ,2025-04-14,5,0,5
5f6b7dc07a1564cb227b72699487f76a4536a3f8cfdfb1b14ec48f58f9d5d1d0,002095.SZ,2024-11-22,5,0,5
153bf8cbeba58fbb174a04ba112d20ffcf030da9a182d90a165a7023a8a91b50,002095.SZ,2024-11-25,5,0,5
a7b0490fe46e52355a0e7b039c298ada79c657d83a296e93475bb580bdd4ade6,002095.SZ,2024-11-26,5,0,5
742886bf9a448627c707daf82a57239a9e2b8e36409fc9eed47ad627f4162e0a,002095.SZ,2024-11-27,5,0,5
60c631e34d3106801ec78bdc189c7e571365d6226a6810c823b566461421ffab,002095.SZ,2024-11-28,5,0,5
af5c992de75cba4e4dd7e93f59d3bcec66baefdd360232a05212de731c336755,002095.SZ,2024-11-29,5,0,5
1e49f8ab10cc914b20126a1e815cf4eb7d834ef389492f868e1f56344325717c,002097.SZ,2025-07-24,5,0,5
3f7a902ee23191296a2ff492f16a2375785c546619b66344dda8d5e51421de46,002097.SZ,2025-07-25,5,0,5
fc6d7dee1a87f82248cb28676b6a5ac1fda6a8523fc3017e5d41370b804a30d1,002097.SZ,2025-07-28,5,0,5
622fbc532e7a8894fce1f70390d1a7a767099b6bf2bc678f3890fd6b862c5a15,002097.SZ,2025-07-29,5,0,5
1b29ce01b9827b397d2daa38e5d1973b2f8660d83226a0e29bbe0da12c83550b,002103.SZ,2024-11-21,5,0,5
5d55a3bfb5baf5fef87f554db62dd6979fd38ea5061fc723a9cee47463e5aede,002103.SZ,2024-11-22,5,0,5
0dc13e816b942aaa62d7682dbddd3702bc2ddff606bd1c89c10cce5b796135f7,002103.SZ,2024-11-25,5,0,5
99d97547b0ac02290882a20abb376e55d3ebdaa29fdf8b058b02e4f0d9f2a2fe,002103.SZ,2024-11-26,5,0,5
72f624f09b4390b08ca8e53878a21bb716ca6fcc23ea5d1409b0e07c09217f03,002103.SZ,2024-11-27,5,0,5
6cd661f61a142e63f180d31ebca002453ed3c28357de8b88b39278525b435cc2,002103.SZ,2024-11-28,5,0,5
80695568aabdaa3f3249c16cbc1d180f5ae8d5118ef591dd60cbe2a9556a6e58,002103.SZ,2024-11-29,5,0,5
b817ca3622a9fbbcc9029319c54fb4def7a382a824e90d5a080cf724abf236dd,002103.SZ,2024-12-02,5,0,5
55b5a8a54f974d97f673a4b3c04cd5e7f8aa041a81e1c307bc9ea6934daf9181,002103.SZ,2024-12-03,5,0,5
9fb73c77eada2ec18f28541567dce9afdb21deb71acbeca4a136e9d7611e7afa,002104.SZ,2025-06-05,5,0,5
576a4c76e3899b03f312d2a390a3b239e48015d4bba1b82ac82d71627f04fa68,002104.SZ,2025-08-15,5,0,5
f1fd3d48edaa4c06ac2b8b244265d6fa0cc92eca89782a0fa74f274512c8fbd9,002104.SZ,2025-08-18,5,0,5
191b32ecfc2c32a40521f0b2b858f5644166a146f4d4472f6f5a2396aa3b93f5,002105.SZ,2025-03-07,5,0,5
53c2e53cca8825bd2dc718163d5ada87e09d93dc334b3f1e48ff6cdd3d449d80,002105.SZ,2025-03-10,5,0,5
48366f86c944620ca8d833040f4b3404d25ec24e9932e9576cf325bf40fb0f29,002105.SZ,2025-03-11,5,0,5
53d85b0e90646dc31cfc81e9ac53d1367ef86f3c8260331714135b5b75181f43,002105.SZ,2025-03-12,5,0,5
e3b81131ed92af39daefbbaface5f8bd8a4f5b25465e269399af2070803be916,002105.SZ,2025-03-13,5,0,5
270019fe32ae5a2f272aaa998c0ffd915dd06dddb5728b6e999dd72eb47fce1c,002105.SZ,2025-03-14,5,0,5
c62da79116fd5bdf348deba854faaf0f4b7d016ba4190762e942afbe345745c2,002105.SZ,2025-03-17,5,0,5
e75a58e41ce9e314038f88d763ce05247f3ab2695e35460b983b5b0d54fc9404,002110.SZ,2024-09-30,5,0,5
1c8463bfc5953f7694f3950b099c38ed0434ed844dce48cd986ed551302dbc2d,002112.SZ,2026-01-19,5,0,5
3df4d8f2d62e4e340144b630e9835e11fbf8f7b604d988c110c4e8c294ef17a1,002115.SZ,2024-12-13,5,0,5
9413d1738be5239fede264fd751542b403e09ca263a0c0fdca36631b478cac22,002115.SZ,2024-12-16,5,0,5
fa7805aaeeb512539d1e30bc20dcf4ba96f6eb78f7368e6c8416c51c5c6d8d56,002115.SZ,2026-01-13,5,0,5
ab745d4e82919648ac56aa763dc20c2976c197212ae7ad24fcba1092ce53e5fc,002115.SZ,2026-01-14,5,0,5
92c53ca6ac460de6abf856204b446caac4dd3e6defd935ceeee3455316f7f5b7,002115.SZ,2026-01-15,5,0,5
7d7decd25c7a22e265e830e7fb60c7dfdd86697e34d5f4325f39d0ad2e22ffd5,002116.SZ,2024-01-29,5,0,5
d2e489bab0962f0a91e63fe230c095aad2993d487518320245296dcd1bfa86f1,002116.SZ,2024-01-30,5,0,5
426d4f50df6e4130f7b434f3839bab9cbbbd683aa8ca9d3e9c844aa3269e122d,002116.SZ,2024-01-31,5,0,5
64991b3dd0c308c69d9789c8b3f182bc06c6c5ce586b53c2945ff9ef14c45fc8,002117.SZ,2025-01-03,5,0,5
b8b5d07d93a05594648590f0342614ad333740df76c7aefb64461d69291b4c08,002119.SZ,2026-06-15,5,0,5
7312003c82c5fc1b3846f7036870b54a58491df22cc5049a7483075dc65b1ed1,002122.SZ,2024-12-11,5,0,5
14353ecb0e17d236ee56951157672f4f0f98c019d32324c73edf3e6ec5bd03ce,002123.SZ,2024-10-09,5,0,5
14e214b974e24754af50ec3843d7d9cd389b0069850dbbdd7dff5679f591bafb,002123.SZ,2024-10-10,5,0,5
e3aa8e5e0a144331c297d965d99ba6990aa2e7924b7035efc546288632018767,002123.SZ,2025-02-10,5,0,5
8d1a4799c2ebe425228b544cf8e3049729ff53ed6ed13b5a385d32495a5e6353,002123.SZ,2025-02-11,5,0,5
307533a5774f63bf9291eaf543a307fb14ab5afb05aa59979464a65d625a0d90,002123.SZ,2025-02-12,5,0,5
7b9a21e4fec5a590ea4e2f464a2658373c705f5b78425edafe2166ee04c6ecaa,002123.SZ,2025-02-13,5,0,5
d78be36c2a21fcb57393e4946ac0aa3b696bc7f5cc0f3e9bdb6a4e11be4cdfad,002123.SZ,2025-02-14,5,0,5
8a621a0a275039697fe258fcf00d0548e90bef560bc6d5d538ad535802c17a55,002123.SZ,2025-02-17,5,0,5
40b2ea64cdcd130ba3cd7faf8ab2b1a2e2e9132828b118536b23bcc28a5108d0,002124.SZ,2024-11-05,5,0,5
56e2a985894558921fde1ffe109f66f5ec70f6b2795ea366fef55cf6df426e1a,002124.SZ,2024-11-06,5,0,5
dd7fa8e46a23f12a2a912e910c3ebd3980688acd2615aa1257cbc7abd810b3eb,002124.SZ,2024-11-07,5,0,5
b415f24b814f5c492b06ea99f151845bb93e4c5ed358332f8764431e8024912f,002124.SZ,2024-11-08,5,0,5
eba80e09929c7a9b8485ab9a1bb305a4c6c3604d643eaab16712a45844d4b7c7,002125.SZ,2025-06-24,5,0,5
7c89c42eee760722a011b290c225dafc800759baa5694c005f0b5ad10737d1e1,002125.SZ,2025-06-25,5,0,5
0e23cb4cf06ed915d199ba2b863d50776ef7a6b9d7d9da84077734dba03d29de,002125.SZ,2025-06-26,5,0,5
8f5a4d3008e919e0f1e0252a0c6ad68ebd9f90128604e240e8c184f59de6c8bf,002129.SZ,2024-09-30,5,0,5
5d43ab1cf19c3c28a5d1fc8765e699e3bcbfa0f3ace15d5950312c6a95087350,002129.SZ,2024-10-08,5,0,5
a8ed14650a8b1b3521f1a9e28c6242c1482efd3861cfb0a9add2dc30e5d6423a,002130.SZ,2024-03-25,5,0,5
d4177425bd041eb2ccf6515cb3ad7f6462e0461a73f7abc3de4f424058949873,002130.SZ,2024-03-26,5,0,5
002ac36c355997c401095ca19fa0151a77767a7ce8d3b5484c0ed8c0b9fec871,002130.SZ,2024-10-18,5,0,5
ee26870b4c8f643ccc96e581ecbd99bf18a4cd6e05b7c39cd612d1222dcb5633,002131.SZ,2024-11-28,5,0,5
04e3894b50d4476016207ac11bacb690fde7b4e09057b98f66f099b44235925d,002131.SZ,2024-11-29,5,0,5
7f4bf118778cba5ed68b137705d13057938ab43868908c0ba83e216ad6b2f369,002131.SZ,2024-12-02,5,0,5
fa9e07b7d713d02561a0891b16e26aaecf76e82a8ae03bc98f3e9bcb0af5cd92,002131.SZ,2024-12-03,5,0,5
c006b35884630b543d113095f54b592aab0626295809cbd4763d8ccf2ae36960,002131.SZ,2024-12-04,5,0,5
bc697e3764896642ab5020c1ff23f7c118752e401216755a22131b1f947e522f,002131.SZ,2024-12-05,5,0,5
0e831ae64455dd7676a524ad267aa7dda0f0323eb6487561250d038fec2391cf,002131.SZ,2024-12-06,5,0,5
7d7fd32a4cc731d9614d994a5017d69960341b4e518a423a496370d6161c3088,002131.SZ,2024-12-09,5,0,5
9dc91a7c4e1c71099d4a4a5a1d234a8c3bf04468443b0a9d830d938a70d9b8ef,002131.SZ,2026-01-14,5,0,5
d1b794b44844bb54451e1b9d10880ed40f4537fcf3dc9baae6ad2ca77afc90c9,002131.SZ,2026-01-15,5,0,5
68354068c880c38126fe034323c83078174ce62350c99ee85372e417959480ff,002132.SZ,2025-04-01,5,0,5
baa9c84e6a97b71e6bf031f1579d8a0ae80d73746bba340f722fad112ef230d8,002134.SZ,2024-10-10,5,0,5
6a82df9444020f4133949e062b2140a72c0805e85d4aaab265098dc7ee943018,002134.SZ,2024-10-11,5,0,5
111b6e1030b530a2cce455bf3604e87849d3d7d97ac39f68d261bd27d540652a,002134.SZ,2024-10-14,5,0,5
4192c96dff8da5277d519456bdb02ff9df1cc607000cdb123e9faee8ab67b889,002134.SZ,2024-10-23,5,0,5
34e2d6eee05ae8eddddab65eb25eddac5ffda19801a7179fc8467f90d8aaa557,002134.SZ,2024-10-24,5,0,5
32c5866898589712141bd96a4acf946369ebf751d318b589fdaca0fc5914bd4a,002136.SZ,2025-11-11,5,0,5
2e4c80540228a3f5d1f30de4a2d94280db4d40527a70a8eb87a3a496e97f3330,002136.SZ,2025-11-12,5,0,5
5de64e44c3d1cb2414e3f81cca5ee70f8a4091f9392247e9b48a53733c3e2da1,002136.SZ,2025-11-13,5,0,5
0827f57b1f6ca9552a4a0cd48c15663617bc7d62310a9a810fe810cd10141d28,002137.SZ,2024-12-24,5,0,5
2c4d7636eab5c3524af0bc352bdaa160fa463bfe3f8698afa0dba40deed2592f,002137.SZ,2024-12-25,5,0,5
7b6228b211b77dc738c81bc87be60d5f09ff11ee20f6d7221cd272ad576a6689,002137.SZ,2024-12-26,5,0,5
5270916df64d7169659f25bf7a0535e91c8a6afc23537ebabdcc375e86767387,002141.SZ,2024-02-22,5,0,5
9658d88e5cd975fbc7602fd375a9fd8c42f3df7902e2475fc4da4d3ac04d06a2,002141.SZ,2024-02-23,5,0,5
ae7bc7c5a6e5be03bb9448ffca1e5025e6b286f31bf7ad3cd7e23643c086a0ca,002141.SZ,2024-02-26,5,0,5
092defeabafa97d6a777cc84247c204c5cd095818e34ea22557e9813e22ca439,002141.SZ,2024-05-16,5,0,5
a50d0da774cf1471afd04d716fa636216d249e78a23746a2c12e421300030420,002141.SZ,2024-05-17,5,0,5
84590d64b855c400db0d31038c6819f4b0bf129168c3aee67920f421f70e911f,002141.SZ,2024-05-20,5,0,5
c3a68127b98020d45be2f807173bd32747c948d4d4751e33a9b9e743be2c641d,002141.SZ,2024-05-21,5,0,5
7f191cf6ed144a0c5211b43bd8a1158b159d42d39a30126d479b4df75a235902,002141.SZ,2024-05-22,5,0,5
c57176a149bcf660941d1986b46d6134c0a1fd92974ddd49fcfbc902b358c01c,002141.SZ,2024-05-23,5,0,5
df20dd00ee190b25871ad9a2d12b1f8c056302f5cd07bd461ebd4eb2dd116497,002141.SZ,2024-05-24,5,0,5
03439ffb92cf5fac87b9078455fae17f3a8248334a1e1458f5dcd37602153f3d,002141.SZ,2025-03-27,5,0,5
3baa0d37b2ed61b70df04692d03e16650e40399709e48735189e4ab01937ebd0,002141.SZ,2025-05-06,5,0,5
53a8dc76a4a36e5b0fa72ec3cd49b0ba56bad71cd36059c1a118386e8d7af4b8,002141.SZ,2025-05-08,5,0,5
c69c8c13d4ae8604f661a417c2616d69261a7dbfd5da8d89710d3103b93b3c16,002141.SZ,2025-05-09,5,0,5
c7240094b29c216b3bd8cc70646e983560c0eada367ae1ad9c617e0603cb7efa,002141.SZ,2025-05-12,5,0,5
6faf89b9a94232d0fdb33cd3bc513f46c0f3be23355021f2dae9e8f35ae95713,002141.SZ,2025-05-13,5,0,5
fd17ebab230791f9502bb8212c117cd1c879709cf9083f706379605d371b0194,002141.SZ,2025-05-14,5,0,5
c4a69e2cd7eb511a5ccb38fdfea22546158a509596238283bf4187eb922d3584,002141.SZ,2025-05-15,5,0,5
2e2203391af2f3dbb00fba077b52f317bc712251463929c256abfdd0e7ff3312,002141.SZ,2025-05-16,5,0,5
cd64eb6e4fba20d948b2b30fb81df7a5dad9074d013b013cf65259dac16cf5b4,002141.SZ,2026-06-18,5,0,5
2391600e4e4af4f04cb7c5cf6eb343f74c738d25130a63b0288348b90a1aa1a0,002141.SZ,2026-06-23,5,0,5
cd115fad7cdcbb90065fd97e281cfedbdfc1832b42dc5553d6564c6e4c00fe6d,002148.SZ,2025-08-07,5,0,5
5b988e185cced275c170cbfa817bfa752e8914ecce6013014c9121edf1053fd1,002148.SZ,2025-08-08,5,0,5
dcf6748ea49cb29259b8ecff729dd17a07b09f0a4b5ae64f45deb832de5b4ed1,002148.SZ,2025-08-11,5,0,5
f99743d9438f0c4c984991069d1b7a339c41778887a75b445dd2fdfcbf33e55d,002148.SZ,2025-08-12,5,0,5
ec54e3428c251aa0b14ae918205222cec1859c7bc09630dd6068bbff409b4bb8,002148.SZ,2025-08-13,5,0,5
0539eb73dbe6ab30656c30f2b8a1a5c42c5fcbb0e38812f2053cc4c4e122768c,002149.SZ,2025-12-10,5,0,5
e59a84ed1215f72da19ae9c388b99c9776c74deb6c3442413d2892e972592cdf,002149.SZ,2025-12-11,5,0,5
33d654ca0953f404e2b5cd8b120077c5f0f0347f68df080b943ecadce2eb9f29,002149.SZ,2025-12-12,5,0,5
56ed6035f4e2e472c7596cd9ff5ac32f15f4fc9c7ea178202247e391a0308523,002153.SZ,2024-10-08,5,0,5
b15a09899cc726d56b210c47e35a2ce255e0551d0973c007e337afaf618c6b5e,002153.SZ,2024-10-09,5,0,5
5d1351e84da77ca6c161defb679806a7a81a327a78f428d3a8dde3ff672b2a4c,002153.SZ,2026-01-15,5,0,5
05897883a80bd1ba6655bb9752d8888f4a0c96fdf59e854f2bd1f5ab54b6fd4c,002154.SZ,2024-09-30,5,0,5
0508e1519ba723ece5253596665a72818499f701b909637f2281a703d7ff224d,002155.SZ,2024-11-26,5,0,5
1e56f04262146f311987efdcca379008e343f27ee8c3324a8714b30394832d2e,002155.SZ,2026-01-29,5,0,5
99c5222b2b62433c23519fe88a5f283682c2564af87462eb5c2033d6e5a9a78d,002155.SZ,2026-01-30,5,0,5
ee4a48f9a79b98b6c65ba96a4943982718864e69f029f9be09d8b658262653ff,002155.SZ,2026-02-02,5,0,5
3e516db9cd6ad52533854a7a6aa0ca14740d195cb5a8c558807d08f9d7c80ae6,002155.SZ,2026-02-03,5,0,5
039290cba1f93ebdf05da525b305318127f006bb8d52f71136095c751a5734c3,002156.SZ,2024-11-05,5,0,5
bad95c072e04dbc4a38bb60603b4882398ef4c2717a65f451164ddce5f43399f,002156.SZ,2024-11-06,5,0,5
19942ff21a35d5b07a62065e64d4f9ea033543b2028968c857cc6389d932f298,002158.SZ,2025-08-20,5,0,5
8a21d291320beb98cec51050161520bc8ad05ff6c559c722789857380d1f7605,002158.SZ,2025-08-21,5,0,5
6a54f76a0ac05cede69ed3ef7069249f5c6d086c8edab963ca540df2cf84698b,002158.SZ,2026-05-11,5,0,5
4ca90f381fbfae2dadeaaeaa596464e53e8bb0c7f79dd0b799a74a4e44446dea,002161.SZ,2024-11-22,5,0,5
806ca7565e919709f90225d2efe9b052e1bf96150668b187a52eaeb53df4d4aa,002163.SZ,2025-12-25,5,0,5
80ed01555818cdf102a42df4e0a46153841e13c2ac34b3024f91ee903b50e56d,002163.SZ,2025-12-26,5,0,5
4f277229e80d145501a7c39d5861e4829bee5fe05803c0d40d8e2bad959149c0,002163.SZ,2025-12-29,5,0,5
e9213af2c7cf4de8d1f3fb20dfde092dfd4dead5d9e80848e0b22923e7f1d17c,002163.SZ,2025-12-31,5,0,5
3c0c202020a324a413d7159261edc4850b46c00ce5b67ae7c856c5f41bdbc316,002164.SZ,2025-01-16,5,0,5
037437dac48510d8caffd27d94c3b6fdd8acb228057581a7bf25108e79bc2442,002164.SZ,2025-03-20,5,0,5
1a7745aecc138baf601e5cd895dcbfe580147e0a4532d02aa0fbb7cf22f01786,002164.SZ,2025-03-21,5,0,5
2e9e558966aa7e3db50d9e1a9a83ba905f8096c0a8fd3e4b4fd2f1003de250b6,002165.SZ,2024-11-13,5,0,5
d03b1ecee0b02ee02c17a71f07cdf8909757851c9cf72ca891cc1a3be038b50a,002165.SZ,2024-11-14,5,0,5
78730c063c6689d776a2627c24b5e6c10630d6b197e94e860997d2b31d474060,002165.SZ,2025-04-16,5,0,5
77dc44f7db6bd54b1d592ac04a0aadb491635476e66b5f9a933f103d1c27e8b6,002165.SZ,2025-04-17,5,0,5
9678db3c21439c8a734d9d23dda1fce1bbb30951fb76348eaa1817223f358d3e,002165.SZ,2025-04-18,5,0,5
5251eabbb79a40742cf96d2b0c59f303aa5dd63b2a14b391ececb1fa373db10d,002165.SZ,2025-04-21,5,0,5
e4ad0d10f7d388351cd79317b16fe416487bb50716e88bbff4e0dc0a44a8f8ce,002165.SZ,2025-04-22,5,0,5
f861a8f06ca2d78cc2e068cf1b6e82e128821606a8bcd29fea91b5a4b5556ebf,002167.SZ,2024-04-02,5,0,5
b6ef67287001ea80d4ce6e21f86592c33d04eee1a9768a273139c2c3c6259b04,002167.SZ,2024-04-03,5,0,5
5bd13d24f86841452dad350eed1364cb4f464214cb64b07e844bf8902b1c4b74,002167.SZ,2024-04-08,5,0,5
ea0737809db45cab5e683c59dac1d44068a5e54aa5cd2eca066573262fd05e49,002167.SZ,2024-04-09,5,0,5
2c6e97a0e214083e82f8eefe0d43a1849ebe506cdcce9ddb8f1e09202dafe6cd,002167.SZ,2026-06-24,5,0,5
e832051c0b7aeefcaad273710dd8d8c264a317c7369e25597ef2113dc70af3c3,002167.SZ,2026-06-25,5,0,5
881af873795ea420052a1d83ee0490dfcb6e032a269ffd84b090355aabbf479c,002167.SZ,2026-06-26,5,0,5
943708f7dfefc72dcba24c78526fb16171f10e9c8e03de1e329fdcc4b46d9864,002168.SZ,2024-07-22,5,0,5
6ccd06f4565c77271fe0376024904aa977410d9a8c47ad696cbb2aceb9204eb4,002168.SZ,2025-05-09,5,0,5
f2a84c31dc3f3b9635af5a97c33331bdab43e0963be9fe8422b535210e87ccab,002169.SZ,2026-05-22,5,0,5
1da011fdfd3406ae0111ff68d558de0bfb1958ebdc6fc8af5f02ea8d70838d75,002172.SZ,2026-08-17,5,0,5
4c00c107b694e6395f874ae3a001c573e20e2c2d0328ca7dae02498532ad98b8,002172.SZ,2026-08-18,5,0,5
c1b0908e7484af633ec9b947081337eab9cba60538a7673fe147a53f03d15383,002173.SZ,2025-08-13,5,0,5
7f7df3fed82accedb2ea63bf828dc4ab465af7163b9c0e932e3eee059f569130,002173.SZ,2025-08-14,5,0,5
f83f8c861af39ed4bd21aeeb2b76eddbeb6a57bfc9d7214609f539dad1e22175,002173.SZ,2025-08-15,5,0,5
313edef81b4f359dbfb71f76b1c87e09da456ac8dca9816cbccf1c39bdd7ff49,002173.SZ,2025-08-18,5,0,5
99c95248fbcafda197603de830ca47048e7bfbbd91be8d836620a98ce0ce2140,002173.SZ,2026-01-08,5,0,5
361ca09f2eb3a5e9d467379e33301305371e31ee6af93e20fce94286e60485d0,002173.SZ,2026-01-09,5,0,5
b8bd64b3417a9385c3108663275e5cbd576bdc74f9a3cab307e91351fc65af83,002173.SZ,2026-01-12,5,0,5
3ed6f372ad007900e1ce7ea3861c69d99c570015ebc6a2145fd53f82b2c8224b,002173.SZ,2026-01-13,5,0,5
57a68eabe2824fd2a9bbe3c663c115241e88866d8afac4effb4101b5a1bc5afa,002175.SZ,2024-11-22,5,0,5
dd9108843e30e01f2839b2f1b045c5dc56265bc2db095caccf33a68df5505578,002175.SZ,2024-11-25,5,0,5
1428d8a67ad77cac4d6a29903b7f4da856c03633cdd1b06106d10d8f8f239e39,002175.SZ,2024-11-26,5,0,5
fcfe77132dd7b8bf26a582314425305d02bf0633de036e55618cf9e162580ad0,002175.SZ,2024-11-27,5,0,5
86fa3208b1b7a9d685ed4c4a8b2a3e7c1f6552c16fbb2ed830bbaeea2643215a,002175.SZ,2024-12-11,5,0,5
93c9cd0e965d82b640f5b5dd7ff13d559653f052f8e84ee16fcc81158f736568,002175.SZ,2024-12-12,5,0,5
100cc3547ba06152b659935eab77b5a6c5d9aa366e25ce16a4b7cfd7bf88452c,002175.SZ,2024-12-13,5,0,5
5b5486e5d2c7bdc868321aa7656eec54bd716fdba6a71591b7ffd7dd40766927,002175.SZ,2024-12-16,5,0,5
630426f046ca0659033e82abb50e873b264202da895b6d76fb221c06daff6424,002177.SZ,2025-06-03,5,0,5
841ad5b27dd468306d50577a185dea591cfaaf6000f15d34d793c57e61302f2c,002177.SZ,2025-06-04,5,0,5
8ab66692be4b79df8b99cd71bf69399323a5fe38e806696e409ad2f1782950a7,002177.SZ,2025-06-05,5,0,5
2cd3ba5f4538eab315ca00813130ccac840b52a0b24b651c5ae6898bb41f5c95,002177.SZ,2025-06-06,5,0,5
b42322333baf408b6945522316b1077975fea43288d7d2d7de53a15fde55e242,002177.SZ,2025-08-22,5,0,5
daf7d07935663d85a2f0ea0b5488e1f5dbfc72e023fae3214d50347e1fa6b415,002177.SZ,2025-08-25,5,0,5
b35ead0910ba6210c393659278ab4aa71092b5780645b69e530753adb67fddc8,002177.SZ,2026-01-06,5,0,5
e9badda8da9f1c7a291e98b804dc91edc9c2bf46f6fd78a198b8ac27adb4c61e,002178.SZ,2024-10-09,5,0,5
5cf5d6d684442c85ce338f51b09119b1158497fdf8f1472b0b3c32824263769c,002178.SZ,2024-10-10,5,0,5
247e7e73d61b9df8896ea3ef21824d430e98ddb44217bf74a12526bbe2a048e2,002178.SZ,2024-11-04,5,0,5
57a7f6fe00241564f3d08f81c48bd4c50ba4b825930c02b1d3c96552cb656aad,002178.SZ,2024-11-05,5,0,5
fb4dbe385187ef9cfc8b09052ad5e85504d196ee8c41d8d60debf4f91f1d26f9,002178.SZ,2024-11-06,5,0,5
92e14cd250983fefe67e3357cf38051e0b128a407ca01a53bdea4e3b98fc02fb,002178.SZ,2024-11-07,5,0,5
d9da0a3a44f939bbfc1203b21905d4ee040d979b6c13313c6f890cb58a9db4e7,002178.SZ,2024-11-08,5,0,5
200cb88a5dbf9a47836d9c9581e89484870b0d2ca10d4211d0b43770f3fa5edf,002180.SZ,2024-09-30,5,0,5
7206baf55f140ebefbc91ccb83ed106f45e81d68e22b577e96d9a4af54da475c,002180.SZ,2024-10-08,5,0,5
abf01381eff523ec2a1f322c6f293aad5647555bbda2f214aed3bc8f33fc8866,002180.SZ,2024-10-09,5,0,5
14e17525748e09395ca14a01bb25e93c6d2a0f21f3d1f4d0111a3e8838d49c56,002181.SZ,2024-11-26,5,0,5
e075804cccc26a6a26228df861897ab5df70984b51255fb6d2369a53ebf28a5d,002181.SZ,2024-12-11,5,0,5
81c5f68f34940b96cdfd63f5ccc04547b7fe1c8508a44ed37654b1fa923e8e40,002181.SZ,2024-12-12,5,0,5
17a5637a62d658699b53107d027b737e465b5dad77809b348a2c69111e9c7e80,002181.SZ,2024-12-13,5,0,5
60cb7aa9b01f053b6d279a18838388a0f7183d1b0577488308f79b7c666eeee0,002181.SZ,2024-12-16,5,0,5
eeec9d19b33fd3f435479392fca9108119a12932560ec462fb649ab196b28025,002181.SZ,2024-12-17,5,0,5
c89aa9b9492c6f05a3dc5ba77f067615fea34484cbdcf8d936e44648ee92b5cc,002181.SZ,2024-12-18,5,0,5
2498dcb56568f12f4b2e5f2ad71927e0f67b782adf2b5757ac38ef1c38193fc2,002181.SZ,2024-12-19,5,0,5
340f95106e1b3ff14373a61c86c53aa8cd74c3f52723d666fa9af71a2d45bbbb,002181.SZ,2025-06-12,5,0,5
92d0090ec209912b4521d795977fe021f9834c0ab6aa03ba166836fdcbe83788,002183.SZ,2024-10-29,5,0,5
6aff643cf8a7fabcb2740107dbb040eed0618407e885e6d6bb76637fb2bd4206,002183.SZ,2024-10-31,5,0,5
95407ee84a16694e3335d4d9480a6d12e064f63bfd8261b9197a3eaa9636cd31,002183.SZ,2026-05-11,5,0,5
592604048b2af34b262b0dd546d525855936fffadc7784750703f88edcc04840,002183.SZ,2026-05-13,5,0,5
c4542d4cfbdfa4f285a78bdd784105935d2280174233add34db0c52c462fd10a,002184.SZ,2025-01-06,5,0,5
34aff2623163ca3cf69942753ddc6dedaf4025337c4b13cceba5f609581a8dfe,002184.SZ,2025-01-07,5,0,5
3a82c74ec48c70a32f6476ff0d64bd02cf7f5ed96935c6e82cb6822325f4d86b,002184.SZ,2025-01-08,5,0,5
adc79ddd151301adcd71b9c313851d1c81cf1335ba468745004ceec3097717a5,002184.SZ,2025-01-09,5,0,5
2119a3a0371ca65e63c53202cc3dd4fcf2e54ebfc920a84bd9284505842a240f,002184.SZ,2025-01-10,5,0,5
1b061dc3daaf5f02ce453337d8a808a7fbe3e2746e887b1a16436ce9c4090c98,002185.SZ,2024-02-19,5,0,5
368ef3c3586ef9fa0c1fc724c29c3ce85ae7e51e551471ce27846372a7b6773f,002185.SZ,2024-02-20,5,0,5
9bec26dccc2a7d26ec21c9f5b76dbf512db120c1a5ba879309f6c7f424226b41,002185.SZ,2026-05-28,5,0,5
84c28e39dd8f42eaa86bf472eb5414069be01f459d7c3a56deba701d7f2fe1b4,002187.SZ,2024-12-03,5,0,5
aa38ea9a1ac81394e56000df3d463cbe11df6f457d6e3b8658c4b81d67a70b1d,002190.SZ,2025-05-12,5,0,5
b25ffaa3fe35e9092f3783117a609de9d7a7d914a980cb194b8ed67afa263e9d,002190.SZ,2025-05-13,5,0,5
34fd69659c6b7ee977a6437cf9a1197a9b93227b9f34e19bada1b82f03eb376f,002190.SZ,2025-05-14,5,0,5
951c435e21b7a31282dffeb13f7fc155bfe39a28ecbe7b07fe4eb2341ae48377,002190.SZ,2025-05-15,5,0,5
dd20a8a142d97f5acd12b5cb774239a9bf21cd01ce6a95728b1c2fcf032fb29b,002190.SZ,2025-05-16,5,0,5
a7e0ffe2e3ffc8ef2054fd1e49b9e65c929883005c1545f6989d9b18685668a7,002190.SZ,2025-05-19,5,0,5
48bf73e60c539272b350c97c77b909ead3e6d7e55b4ae445baf825dd7c34a78f,002190.SZ,2025-05-20,5,0,5
ecca97054c1d4109bc5695eb5373359c21977fe814c5727e560daa07eb26df0b,002190.SZ,2025-05-21,5,0,5
c2ed17b534e8e1deeebbcb5857373e17c33b8fea7fc9f0157a482b6d010291af,002190.SZ,2025-08-25,5,0,5
26d3591c03dfd464a719598686bcb30dbb13c12b90f55045f9ec972cde23e64d,002190.SZ,2025-08-26,5,0,5
6fb1ae61810de8207b986a2c4613b0d7485ee5a68b30f72bc366ca8d45cefedf,002192.SZ,2026-03-27,5,0,5
46105fddf2af0a7f4cc7c6588caf3fca57326ec5ab11bfd809c3457bdc30223f,002192.SZ,2026-03-30,5,0,5
0453979b4940b5a6588361af9241bc6767cd81f37466964d2267a71cbe15fbdd,002192.SZ,2026-03-31,5,0,5
94efc891283db3f7de54136f3d7cbed1be7ea4cc7e9aec20826d525c481cfd4f,002193.SZ,2024-12-03,5,0,5
8eddbefae17b9a1e4fd92a921a484bea003d54444e4ff0dd77046a94b21651a5,002193.SZ,2024-12-04,5,0,5
fc43a6f24dbc4ff493fed7eb85aad14e212967f7715281f9e8873d73a3e44cc1,002193.SZ,2024-12-05,5,0,5
8c9730a204fc5d2103f7bc6f5dce1750c21a3e334fcfd54fed0e70dadf854484,002193.SZ,2024-12-06,5,0,5
bd058e2ab605eff48fac9a83bfb0b778abb962c9208850923df2fe871beed7dc,002193.SZ,2024-12-09,5,0,5
adc5d6ebc4fabaebfbcb466743c26e1eaad3e96ce475b24597192f80ed0fc634,002194.SZ,2024-11-20,5,0,5
9a9d4439accd80ea6c049cad0d43ca251b9f39da9efe86cea38ffdab3bab933c,002195.SZ,2024-12-05,5,0,5
8f0212b30522e4352b1fa40493d3fba9016fcbf4d91e88f2500585ae3105c31e,002195.SZ,2024-12-06,5,0,5
bb2922f8705bc9dc2352cdc2f06874a812f1a0f73b32c90c048eda32400ae016,002195.SZ,2026-01-08,5,0,5
a23c0cda1e2cf23e22ca91378dbb1565e7052a1a2bfeae66c44a3f2fbe8c6983,002195.SZ,2026-01-09,5,0,5
e9448125d1e010ff5eeeb23079267c462d23e5816df5030de9347f90f03e837f,002195.SZ,2026-01-12,5,0,5
5f41660d244dcc069793db8413d216f7264c9e4f2015d87c0ee687c2d38c448c,002195.SZ,2026-01-13,5,0,5
d9f16ca941b6c68839c95fbe7e5f17d62005f442bddcaeed4f229f6f71552663,002195.SZ,2026-01-14,5,0,5
13d49115f4ba068ad9f81af50df7fed87eb24badaabe5b393b303a55ca697044,002196.SZ,2025-03-11,5,0,5
57153258372f28f7d403fa2d86268e9b8c1e6a9d169f1b3e867cf21813f99717,002196.SZ,2025-03-13,5,0,5
8d945aa190247414b6cad07e334e05982e31674ec0218ea2bcff9d973da99608,002196.SZ,2025-11-12,5,0,5
d318dd5f2ab8fef2841c3d94ddb5d367a877fb4d5ad36196d1d4df085ba44428,002197.SZ,2024-10-22,5,0,5
fee02f6fbda16e56dc85b32a664ee5f321f88220afefb61ea0887fd62f3f85b3,002197.SZ,2024-10-23,5,0,5
9ba4c424ddb35d50d8b20763927c83d6d04d98682c72e870f7f7af34e70f5df9,002197.SZ,2024-10-24,5,0,5
adb6caaf812c85b870120f31686147b25b4af943e9e21ddf83fac0a9e5cb744f,002197.SZ,2024-10-25,5,0,5
31256dfac5582aeeff701f6e57cbd712a79e003bdcd3ffd781fd777bee6102ea,002197.SZ,2025-03-12,5,0,5
7e203ad9d1569b1a6812aa8eb3940703770081f8c0b17d66757f2329732c6b64,002197.SZ,2025-03-13,5,0,5
b426f30d5afc8ecd656ac2c7f6b15aa272c36449c1bedfc23008b62c2fcaff55,002197.SZ,2025-03-14,5,0,5
bb186cb3077589efd4071b20ef468da8b4ed0ae1d59310daae9c461c16560845,002199.SZ,2024-06-17,5,0,5
72efe9ea74535a59cdaa08e2dcc38bf64eb710f81b176d29bee45ce5ae525fdf,002199.SZ,2024-06-18,5,0,5
0c6db429e3246dc27952265f0c0f596ddbc59359a85ca2240d3b97c16b569531,002199.SZ,2024-06-19,5,0,5
678557c00afb953730969c820f9d72f8d1b77c76d9db5b6e5d9da68230421f88,002199.SZ,2024-06-20,5,0,5
406538b56d657c613eacb68030276a82f22bb7df47ef8aaea717c189f82b72a4,002199.SZ,2024-06-21,5,0,5
e31231e308f87434bedccbbd7a0dc4fc0a388fb49898d0b6502539767284c082,002199.SZ,2024-10-21,5,0,5
980fb07030d31874bd25ce177c035a4fc81f0656a74080f79a3f8dd3f860ff81,002199.SZ,2024-10-22,5,0,5
6b22e11aa8430a9e1af5e7bc7f1e1a6a6e69ee68a71fcaf120d31e90697c5ee0,002199.SZ,2025-06-06,5,0,5
f81ce3b596c605a13c9b0d6c0581aec702b7bb0495c756b2598eccf81ad5ddb9,002199.SZ,2025-06-09,5,0,5
abca5327104d9298e2000888f4f019785a7921056e2f3c60bdedaf4712d6adb4,002199.SZ,2025-06-10,5,0,5
1451d8c2b4779cc0986e33665bb159420c18755b87e74dea5efae72b5c42f7c1,002199.SZ,2025-06-11,5,0,5
05c1ae12ba0339b8fd18dcb66ed0fb613299cd5247cfc77829c913e8b1b1a81d,002199.SZ,2025-06-12,5,0,5
52b62c7d8d170776c9ea344ca115dcaf76804f49b29210169c3fa4a85ac079f4,002199.SZ,2025-06-13,5,0,5
5d2116d3130a21c79da2fa3f2db9634f99293651d7c3a7e1b50c068cdfbd2464,002199.SZ,2025-06-16,5,0,5
0bb56fad320b8553033ace518ad26a3a0bafc3e88c69de0242117691ebf450a9,002199.SZ,2025-06-17,5,0,5
0fb074dec3598fddf737693b0ed5c593bbafe569bdd669cbd81964ee42bc05aa,002199.SZ,2025-06-18,5,0,5
1e5ac8e9ceee13dc1e7137d5791d4a9284a3a442d6efc55a048ca356b4027ddb,002199.SZ,2025-08-06,5,0,5
614145475a7e6ffaf859a3aff4ac47d3ad75f12f11ad37d5842d18a16c5d8486,002199.SZ,2025-08-07,5,0,5
4dbb8397b02945bf7c161350f3329cc979489ed8609d595f86c8c8d7847462da,002199.SZ,2025-08-08,5,0,5
2ec84f67005e2b8f53656d6e0dc9d06d903b1971c11052d447beafaab112ec4e,002199.SZ,2026-05-12,5,0,5
2f71478652667401592ee14b7de6463894251c8cd70fb0cf6e784555365d9cd5,002199.SZ,2026-05-13,5,0,5
e55c92e38487a6622748da4ce7223fa99683fe2a8d1c6b03b6ddc7407af90562,002199.SZ,2026-05-14,5,0,5
9049755f7a915dfcbd13e3afea5685190694b1a406d9a0bb10180934f5a8e8e0,002199.SZ,2026-05-15,5,0,5
5816e39a6cd3d31e773a2057c41255976ea2794ea36cbf522688a04abeac6fe1,002200.SZ,2025-04-28,5,0,5
9a75c04b773ce3776707709aa7e81c856bc0076e308d01c7770dfffb9b836058,002200.SZ,2025-04-29,5,0,5
64063390106fb2fd0e575058f453a2988813a5362a8917d91ab712b934a07e77,002200.SZ,2025-04-30,5,0,5
b9fb69bf6db6a2f8338e8f806615dc42c4760a377ea04a0980f171182f5df3fe,002200.SZ,2025-05-06,5,0,5
9cf102f29421809befb62f9e4190efdeb1b73e4917a5e0d95c8522a8e2a7189c,002200.SZ,2025-05-07,5,0,5
379e711e19260ccec97e536669fdc84424b7f70d38c9f6151ca8a068010d3dfe,002200.SZ,2025-05-08,5,0,5
83dae0cbcfb6e21a5ffae42bd0e1ded672954daf36ef90546460875eb3464562,002200.SZ,2025-05-09,5,0,5
4305ea8e431f8348e7c7f58f2da799e7942a9de4e6d491bf68d4d6f5349416e3,002200.SZ,2025-05-12,5,0,5
12e0ff7209a04e36b2993dfb84580b3608a381d63ba1fd957d42dc641cec751b,002201.SZ,2025-12-26,5,0,5
d7fc953ed64c2314023f93d5be4bd91c1ec1f6dd2e99499b5254f5a3c6c15266,002201.SZ,2025-12-30,5,0,5
7c860c64c3365c15e39676be7d9c2dcb2d3ee1e144ebbbad14fe50fda261779c,002201.SZ,2026-01-26,5,0,5
3064eb89024776b2dbe4317413a2f32d06fd01e19f27cb97cf94663e57df20a1,002202.SZ,2026-01-08,5,0,5
c8981e2aed6e97409adc8afa9ee6702b9ab6d0dd6ceae214ac69f6de2a6e8499,002202.SZ,2026-01-09,5,0,5
2c6aa7255a74fc21f1313f0ffdcd2205a5fa78b54a649415a286777f06b9adca,002202.SZ,2026-01-12,5,0,5
880ff61bc5257329a234f5a9b844e78b8011c08572aefbcb504e230897eb3580,002202.SZ,2026-01-13,5,0,5
b8f17d81a38fad814fd581f8d4243f806a3d4218126da5cfa632c942752c1992,002204.SZ,2025-03-24,5,0,5
b001a9742856be9a95c08cc41f9994d243b96e964aaafe2833c16b04fd4b2871,002204.SZ,2025-03-25,5,0,5
6f6f5bc6895d90395e6a69a12c801fbf04565ec1e1b91addb6807431a2beddb9,002204.SZ,2025-03-26,5,0,5
f7d78c92ebd2d65ed87aefdfaf17e252905662fc3844d5dac90c1a2c072b6c79,002207.SZ,2025-06-18,5,0,5
5603aa689e0b6b317fcacdbe0eb4deeadc29d562c9106240823e84806419d7fa,002207.SZ,2025-06-19,5,0,5
b9352e8861428d2b0d19a9ac7341c877831e4ba59f46ccc91f39d0f7e7a80bb7,002207.SZ,2025-06-20,5,0,5
0d1b78b095b0ad1c55919a2292ecbc8100f46091b741adaf26b2d466abc4848b,002207.SZ,2025-06-23,5,0,5
0915f5e23e8132e09e6f9a07c2f20d54af079b414011eec987342066fa41d292,002208.SZ,2024-09-26,5,0,5
912a3b5547d3149fb0b571c300446a6783a9d4908c015152a9a3d9b72e14a3c4,002208.SZ,2024-09-27,5,0,5
e17b7a1afe67a3f6e6397f09f0b9ab73d071cfeebeae44b2d64960246eb061f0,002208.SZ,2024-09-30,5,0,5
9f87bc702a29deb6c2f8e616a0174aa6d5dc62e92f96f7f5a0b62f260ec86ab3,002208.SZ,2024-10-08,5,0,5
95238efbb78f56ccc3582eaf5fd17210da6bfa2594fbde517b41d9210d005c4f,002208.SZ,2024-10-09,5,0,5
ed8440a1dba7dc0da7a77be07eee15fa01c23796ef700f17d905a60cf8fd2259,002208.SZ,2025-10-14,5,0,5
ef511d6cf3e8c4f0ba339f64d62c4223bc0520616fc487286657af856cab7bc6,002208.SZ,2025-10-15,5,0,5
5a2f011a4164e4c85b92b22c3727cad74c12afe3e46ae36e52fc0c5b325c209c,002208.SZ,2025-10-16,5,0,5
bbfa504eb7529a5099b1700e1f68a3c67d46a5053bff5f72d61878fe89bcde5c,002208.SZ,2025-10-17,5,0,5
484f98deb9822da02f40cf9d9d9095b347827a921f8f73714b9218184355957c,002208.SZ,2025-10-22,5,0,5
8c0b8c88971116b8b17ef987b55d04edadc98a48f816efae82ee655bc8f56709,002208.SZ,2026-05-13,5,0,5
b9ec0c052c4bc4873cb2a3156aed63e9ae5c9dff7dc7684d9266f794a56646c1,002208.SZ,2026-05-14,5,0,5
0160892ca97893ddf6ff7469abd469cc69a96b1068e9ff49efc9967850d4675f,002208.SZ,2026-05-15,5,0,5
7ae1a9c505b38558fe1aef1504dd4e5986e6f04ad9a1a435d6d2da892d8e5431,002208.SZ,2026-05-18,5,0,5
9109f191750ffd3d24c1d25a09fc6cc36e84a5d7409b239f9819729a86c287c0,002208.SZ,2026-05-19,5,0,5
046e42aa885a591be611e04f1e04a33f903244474936257238e1bef0457bef33,002209.SZ,2025-07-16,5,0,5
e898f84e77828d81e607c82b41b262d33711b026e9a8a7754897092076f0ee34,002209.SZ,2025-07-17,5,0,5
fd2aa8ca3daaf1811af9f58c5f04ec5036206adc9478bf32eccee84b62dc7776,002211.SZ,2024-03-19,5,0,5
31e39308af42777aa339107c06307468593d4443aa766ba1163d3896f36befb2,002211.SZ,2024-03-20,5,0,5
bbf08dffb03bd0e493269aa4d5aef17a3dd28abfb35e98d9823abf481e29913b,002211.SZ,2024-03-21,5,0,5
ca4c7463c0fea98afce39007be4566014eb6263def8dde95912b83328b884bc3,002211.SZ,2024-10-11,5,0,5
d1ee368570acc2b87924f4d5a87a12b1d06519c36dc90258d543df25e1f891ec,002211.SZ,2024-10-14,5,0,5
cf929d8ebe9bfadea65c69337e4eb1f4d67f8ad57af1b2d2d4b1c60dd87a701d,002211.SZ,2024-10-15,5,0,5
88c495b3d6f8f45d1ea8721554f8a1189fe2bf230fa166976a95d1e2155afc36,002212.SZ,2025-08-27,5,0,5
5bace2c93c116e6794fa8db9903ca440bbde4e8f838d7d53f0c7f187211a3a24,002214.SZ,2024-10-08,5,0,5
466fd43cdda75ad2f7d4fc9de9626e33aedd6b31e524394dee3ca821d19acfc2,002216.SZ,2024-09-30,5,0,5
2f028092dfb53760b36177aa77db058b260388eb59c12ee205555daa93d6c9ce,002217.SZ,2024-02-26,5,0,5
1296f71e04e9e7765815dd7108de086befbb0bc92fb20bfdd4b865f8cb9c5144,002217.SZ,2024-02-27,5,0,5
2ca44d9e693722da96ef3a5bcce7b9e117e2e4e72e8950d3583e770efc8ff064,002217.SZ,2024-05-16,5,0,5
1bd5725a675d26cdf24ff405cf652388bf6ce68b886d336458b8da07dbb5ba82,002217.SZ,2024-05-17,5,0,5
a747f84dfd1cc62a3a00b7b0b8b1fb6489503d49281cf9bc04ad9d4f6b209d5c,002217.SZ,2024-05-20,5,0,5
8d28ecda69f99cfe85ef36a0218edb1da06eea4679253b118736725cf0cfa924,002217.SZ,2024-10-29,5,0,5
deed538e1bdb97df723d349686f41873b0c3d5ee08031bfa53c2173bd64c076f,002217.SZ,2024-10-30,5,0,5
cc8f4dc353c42ed7d02f8c0e2e983e2192cf4e9feadba4ff73d90a4a137db3e0,002217.SZ,2024-10-31,5,0,5
18c81a8b92fa5f488571facf07f339d9276f232d303aa112b0b7bba3147919b0,002217.SZ,2024-11-01,5,0,5
79fbcf85c66335e648c52396580a112ae17ea004dffb78140f15353b2c4e70a8,002217.SZ,2024-11-04,5,0,5
44047523652b54e3b799e8a0e8e19fd42ebf99ee29fb418cfb575fa2e2640766,002217.SZ,2024-11-05,5,0,5
6b7b01db714c55874a83e7908536f729a8249df83c56607706da79be797b663d,002217.SZ,2024-11-06,5,0,5
9f497c76cc95e8409c9828bd9dbb8b5da092329eb564ca4d813834ab0ee1ad9b,002217.SZ,2024-11-07,5,0,5
2e3f38cfc8473ac57fd8202c3e5aebb30702deffd01f8c7d5de332aa170c3b79,002217.SZ,2024-11-08,5,0,5
0fc5fe480aff58c9e898ae9a83004e8dc6272550b00b7c8fe86cf959b5929a46,002217.SZ,2024-11-11,5,0,5
dc3f30e0f92419ea8aa931e314d1f05ca4a69f36c108ae65f0539a5c239d5a67,002217.SZ,2024-11-12,5,0,5
12b9891e38a745d7dbd820266bcdcbd39c08bda0c7e20ee7371d682eacb753b2,002217.SZ,2024-11-13,5,0,5
300a40d211a6c2408d40e80285fa981752a627bc04300db5cae82dfe1911997e,002217.SZ,2025-08-26,5,0,5
6a50ef2eb1c73a55bfd9f29ed57db7240c904ea6e297896d2b9f4e5bdb937e43,002218.SZ,2026-01-27,5,0,5
8a2d571ab8a835fcd69777462277b48a693ed42f02bf3ac6dea39823c926a421,002218.SZ,2026-01-28,5,0,5
827610bd7f0179e544c96c6eb1c54673cd97c866774d5f9b4ee81565399eaa40,002219.SZ,2024-10-09,5,0,5
deb52f5292a72a0e3bb2d89b8af08040b469f854d37304b18dcc125d52fee68f,002219.SZ,2024-10-10,5,0,5
16c8bfe5ae2f7e9279ca5f6077bc11f6ead160fc4cbbe56a42bb58e11863753e,002219.SZ,2024-10-11,5,0,5
8756787ab286d6e8ef95ad65dd59fed00585adc346e7c8721f111565bbdb17a1,002227.SZ,2024-11-21,5,0,5
ed707e16a0ad204d98e8eaac1ba4cd412228f34113c4c1748ab8f2c5795a4cfa,002227.SZ,2024-11-22,5,0,5
28c3150bac39b9fe6d6d5378884b71002aeb00493a14510a87f170258dc0987f,002228.SZ,2025-12-24,5,0,5
e6495aae6a87a05883084e452d228d4468f3bb17721554e630c4a48d3b1b36a6,002228.SZ,2025-12-25,5,0,5
18d26607e92457ed7cb474330ed186b2b696619cf3deb5fe3ef54c7502186be8,002228.SZ,2025-12-26,5,0,5
f2c7b2ba6f6cf52f1221188da68b60ec60715d2119f5ea82bb9d78990723f587,002229.SZ,2024-02-23,5,0,5
9b9bf14e136553ebfa4b28cb854b5b036deadb00e98966f242f13fcda26e19c3,002229.SZ,2024-02-26,5,0,5
ad838ebe25a505090086e28536be2c924df647582f1180bfd813f16dd30547c0,002229.SZ,2024-02-27,5,0,5
c89d2784d24b9da8c3850e9f45fd4be867755903869b3eaf9a7952db7dbebb45,002229.SZ,2024-02-28,5,0,5
6b8271088a07f581920609d0e52f6b88d439437dfa4ca7a1c525ed37742d3d41,002229.SZ,2024-10-08,5,0,5
bd7da6d3644178020f7196a6a6a7fcd9703052412037ad3c860637f89941d7c2,002229.SZ,2024-10-28,5,0,5
20645eda868f8223e0d0ca27174c0e84a90b38581198960f4316a6ba14fb6a56,002229.SZ,2025-04-30,5,0,5
d1e3f9d9620d151a44cdf3ba5b00bb6246527074a871c3a98d81184b7ffdec37,002229.SZ,2025-05-06,5,0,5
5a6ef7a01fcafb6fe5dc95072d7b05610d68ba48ea645f7507783b4a19308f26,002229.SZ,2025-05-07,5,0,5
95616553da2cccbe4565d01a76c82ddffac6aecfab6c3aad5db5399aebe694e5,002232.SZ,2024-07-26,5,0,5
08c6177cb11a5a5e5f70c46aff49783d9740d90ddafe32283c7bca2ab215f5aa,002232.SZ,2024-07-29,5,0,5
39daac625c01411d5e0bf85ed5006cae621d82e583e10908b085e016f5303247,002232.SZ,2024-07-30,5,0,5
c9b2e82ae10cae4c926c69a050770282da860ef9ac1cf32b8e26ac0f833bfcee,002232.SZ,2024-07-31,5,0,5
2c1647f72e7c6ad933ffb7a93882719d8451d85930251ad2cf13fdc692119348,002232.SZ,2024-08-01,5,0,5
6f79921dd083ee84f493a2575c50eb16c2619728bb5d9f691b4721aca3790303,002232.SZ,2024-08-02,5,0,5
4f24faea3f5a94b84c285ab8d51fa6f2056e619fadfd435ba3cef52aaa2f73fa,002235.SZ,2025-12-10,5,0,5
831e7b49fd5f1a4ebdc350c5097e708ab65a405bdc1ceaf2a92eb95384201d00,002235.SZ,2025-12-11,5,0,5
0e952474182367306e88b731ca89e1c38905716366754336cd161fc841686ce3,002235.SZ,2025-12-12,5,0,5
8989c4d75b4cbff3efb038dbd78fcc31da551e5fc660d71649dd37875eb04690,002238.SZ,2024-02-23,5,0,5
497d8c0d3407b063a02f3c405ffd3cb815103043b2acd3bf07e66abcd10c5b59,002243.SZ,2024-10-30,5,0,5
6e4616691050bfeaf9d9f97471cffd350837242eb4e7b747cb8263f8f0471b77,002243.SZ,2024-10-31,5,0,5
07f688c4fe96c9b928038244108d90a5c208534538bb32b14d6eb44adb8bf6ef,002246.SZ,2024-05-17,5,0,5
4e54fd5186c2c837274e6aa846b2d32efdd59920daef6c322cbf8e90cc11d6da,002246.SZ,2024-05-20,5,0,5
28962aa430ecd249cba111c75525fd34f91291ecc1b8ed992675dbf64c2a64a2,002246.SZ,2025-07-22,5,0,5
e8294df89fe97745d6fb27726cb16ef8e96a1b23a8c491f44fb8e79fdca30203,002246.SZ,2025-07-23,5,0,5
abb01560bdd04dbd8969694b34295d504b8d759593eebfe1099d4ba6289652c6,002247.SZ,2024-10-31,5,0,5
c84f03d9d2915f24aa163ce6ed51d1ad498194e338990182181a519c51655d39,002247.SZ,2024-11-05,5,0,5
d150bde438373d5092cbd6a504f856d8d36c5d2c33a0f7aa8432fc1ea12e21c6,002247.SZ,2024-11-06,5,0,5
cfb47e57886c8dab003e5222b3934bdf6c44d59ea989e47e69ac91b5c49cdb42,002248.SZ,2024-02-29,5,0,5
e1a07a0f5946497cb48b9064d5b4a25dcce8b705b4a89dfe268d861d404e4588,002248.SZ,2024-03-01,5,0,5
4cfe78ee4112b88697eb5c8b5cd839077fad4c18a71b1b065cce0f7ca1b893cb,002248.SZ,2024-10-28,5,0,5
cd598aa7068b5d1566050b9fc2849dbf3b3bf2b68ad49cb7a81eecbd297d4f1b,002248.SZ,2024-10-29,5,0,5
477502a5a7b8b8691e749bfb0f489f882765b6e4ada4a92577b620be7ae2fdcf,002250.SZ,2025-05-30,5,0,5
be25a4269b83869891676e0cdec01dba46bb470756c46ca02624691c3e57b778,002250.SZ,2025-06-03,5,0,5
e9fb4c9f94923906869b1397c114b8c5f8cfcbfa236a1aeedcecaaa71ca43922,002250.SZ,2025-06-04,5,0,5
d650163a90254780da6c1a090bb8bd085a9cd06eb3ed52e427ffef0d1d68e50c,002250.SZ,2025-06-05,5,0,5
93d732b5dade11f8f0f3942c13c27b5d677f7a54e8462e1b358db1eef7b823af,002250.SZ,2025-06-06,5,0,5
d5eb95938e3d2e00f3a528bcf6ad69ee3c9089e2c7629bcdc43c4644fb3857b2,002250.SZ,2025-06-09,5,0,5
83c5e7debde40358bbb1010cdf65805aad0ba70de7143ce51be80c9aa6474786,002250.SZ,2025-06-10,5,0,5
3a22d47c7a17107630ccbc4eef2e7ec4c7219cd01743723ce65bf8d443c04553,002250.SZ,2025-06-11,5,0,5
64687989792c4aa48089b42f836b89eab9864198dc83990b576b04855a88844c,002251.SZ,2024-02-23,5,0,5
499197c8251d4a8089385424c9087b5858384bf98c9768a55cc2c9f658c2d9d5,002251.SZ,2024-02-26,5,0,5
389318f864e6a96fe2a53a35b7eff9e2bcdb2dd1e531b23ccbf275ec524744ab,002251.SZ,2024-02-27,5,0,5
8a2ffc81b38f223217c3e110f816c51ea1890f6a25cb59b5cdf5027ab5d6f042,002251.SZ,2024-10-30,5,0,5
19b1d52bac9f43c45f22ad05d6b1f4e9e0727ecdaba253e45e04525229184a56,002251.SZ,2025-04-23,5,0,5
975a07c7bc9bae07118a2fbcd8b0d6ca7c62d92d782fd4ab07a75d42e6f6a502,002251.SZ,2025-04-24,5,0,5
4d5fbb68c6d88b124218840a15f04d756a8dcc91a220087066aff23b96f12c6a,002251.SZ,2025-04-25,5,0,5
d7a8489b789765665c4ac48b3a034ef8c10ee13c06aec17a6a33a45dad0cdd09,002251.SZ,2025-04-28,5,0,5
f497d5d49080e1fe025b3cc5224ba99fe24bd94b6ea3580499046a2aa700d7b9,002253.SZ,2024-04-29,5,0,5
0e4295e7ac8b6a396f0b741d21fed1797887452721147bba2d4c398ff275899e,002253.SZ,2024-04-30,5,0,5
d3dcea8b4e48245a888b8966586402ad206a1b87739713b865a5b60ae2db9c4a,002253.SZ,2024-10-30,5,0,5
0bcaef17bc873299ab60ea749a130b7d7148720c4cea352e59362470cad9f868,002253.SZ,2024-10-31,5,0,5
3dedb50e983201fc201d916982081a7925fb7bb7554c2392a4ed3b8d587213e0,002253.SZ,2024-11-01,5,0,5
b2f6c9167d86709c58619ae46c49d187d25b753857e03a2a8e152c2e444d4c40,002254.SZ,2026-06-11,5,0,5
0d6bbc71b8e2393331f4d51803128d5bffb558d63215fbbf4cfe14add451a396,002255.SZ,2025-11-06,5,0,5
82473b33f307ad4f588b52ec3d7eb7ec2a7c20484ec4e1fc148d6081f5e7886e,002255.SZ,2025-11-07,5,0,5
8eb62a5ae3fb538c2ab25b5d80804f71ce7e3be87618eb43bdf69a592ea42fc0,002255.SZ,2025-11-10,5,0,5
19db05d35aa1e264d43ab555e4494ec0459e16745b6a72fccf6633969a1bf1d3,002256.SZ,2024-10-11,5,0,5
4ab8f9e067c2cf0fba72b19a283b7f629656975f095f3af6300e9506afbc7370,002256.SZ,2025-09-01,5,0,5
a92e28009090b2ad4cb0a15ca57dafeb96c5c8dd2c6b3ef65624070ccd2c074e,002256.SZ,2025-09-02,5,0,5
c481a1ca614188a95186ac410c3776724cd7321669d776210a24f9c0f7e60fca,002256.SZ,2025-09-03,5,0,5
90f12142af9b2c7b0dae91fa372065ebd00db9a54c98e60a749018d747c7900c,002259.SZ,2025-05-09,5,0,5
7b4bf6833206a911d41b3a2c36ea95409d4f7be6fa6022f62d92c79172a772f7,002259.SZ,2025-05-12,5,0,5
14ff5320c1c8b7c24650c777befad0df77b67819558d98cfc05145915859c736,002259.SZ,2025-05-13,5,0,5
6a1a1d788580f10bb490e254dba8076a04067630c44629a07812b27a19aab4e4,002259.SZ,2025-05-14,5,0,5
6e58323748d77cd8c6b6dd18e1aae83921cbed3ef4f45dc7d77492fd8bbf9b59,002261.SZ,2024-02-19,5,0,5
8a1f0e15022960e9e3b2f8c412fe570e11ffc1c79e374b25d5483a22f4242b1c,002261.SZ,2024-02-20,5,0,5
64af7c5e4dfc33167501bd6efed86d9a766725cbf83a8435b7ec61e0351c734a,002261.SZ,2025-02-10,5,0,5
8ed4f33297a8dced6e9c214838041af9e12f8f895331c0b235627eac56a744b7,002261.SZ,2025-02-11,5,0,5
7df34d2dc95af19ad470c31a3ee077eff87375c36585c7e99d5f7cfcf2bb70b9,002261.SZ,2025-02-12,5,0,5
0501357f82d2dfa97e6e553581391f1eeca1c6368afb830f9004c14608fdbe95,002261.SZ,2025-02-13,5,0,5
77b13f308896927c6b1f36a31e51512ea6e49872ab7b17fead45fa87accc127e,002261.SZ,2025-02-14,5,0,5
8f1eb3cb7c05d1a00d194300f28783aabb38f34e04669ee86117cc75bdd7385e,002263.SZ,2025-06-27,5,0,5
8ec1bf99384ebee9e193448a925e691183d07b04a76a9abb008fa88584bdcfeb,002263.SZ,2025-06-30,5,0,5
cf91514591ee9bd53e0dbb161bef68246faebeb0a6df4f22b1b8bad27fee9875,002263.SZ,2025-07-01,5,0,5
7c0c8c748ac131c1a460658b4653cea3fbaf21fc67d5dcc37d1541c1b94ac564,002264.SZ,2025-11-26,5,0,5
6149229e6185b043ba57110f31f8158644058dfc8a711cce8854bdc96721b9da,002264.SZ,2025-11-27,5,0,5
47d5479275727836873fd8ca9a2a0c510f0e3d24d6255dea7cea67fa0fb9bfa9,002264.SZ,2026-01-15,5,0,5
1ec980aac02bfa37cbfe22572d14564af578f2295199b3e5abc9966a546274fa,002265.SZ,2024-12-05,5,0,5
3a6fe37edc258bb523ff9f6329aa4808f94e551517d408b8de188400bdcedeb3,002265.SZ,2024-12-06,5,0,5
93957d412143535930bc8a718c4a9df6d0a288728aa1f34633fb425d4f165b9f,002265.SZ,2024-12-09,5,0,5
db46cc05b43e690e9b8f0ba3c0a4f1f43a7b220b5234655840bd6935264d7659,002265.SZ,2024-12-10,5,0,5
06d4dc4d19876eee3cf291e10ba4761d6a2eeca1352730f623cf51a757dfaae8,002265.SZ,2024-12-11,5,0,5
d0380477cc7f7f56b32d6bb2fe5985fec37147e7b04fd1e9fa087fe540aa7f3f,002265.SZ,2024-12-12,5,0,5
d0a84be009fd5e05160b1fc7631941fcf49df72afb55036fe699b3dddecf1a3c,002265.SZ,2024-12-13,5,0,5
a9ae97b23fa0013c6d0e89987753a3b38475d5ac27556090fd2a0e4adc405207,002265.SZ,2024-12-16,5,0,5
624f4bfaffd97cf39d93f2b068ecda37d70941d3ed8e4d8049a9f203da01b6ec,002265.SZ,2025-06-26,5,0,5
1fe971e3df35ec2a070177d0f4107a02f5f93a32c968cefc7535e22ee3dbc15d,002265.SZ,2025-06-27,5,0,5
dccabbb885da26df2081395e383ec502bf671b384ceac7cccef44b349fc7dc11,002265.SZ,2025-06-30,5,0,5
44cd4459453f4aad42dc32bc1f6951cdf05d943718f20119d7799d6835ce1e9f,002265.SZ,2025-07-22,5,0,5
aa9aa9eaa730ff4aae68a1fdc2361e01b1f955387e4c548687e77a3429d940b0,002265.SZ,2025-07-23,5,0,5
46d1b23a004aabba3d612977a52d8600752a9e6037e1ca4c99228a31b642f434,002271.SZ,2024-10-08,5,0,5
18ec5e6611c995b5910f5221871b4044842c9853ea06f246199e5db7a71760ef,002272.SZ,2024-03-06,5,0,5
2e46e41fd4920973986c7a069eedb31eeb26351bdb0f160fef3d67a59e6b9fcc,002272.SZ,2024-03-07,5,0,5
dfa5119c3acc90b37b6e9c0297abca3f79af43112346b8f76df31fe8d4d86f90,002272.SZ,2024-03-08,5,0,5
cd9d5834423153701f7584169f06cbaa3af180b5ba396761a46ab6c5a54f01d1,002272.SZ,2024-03-11,5,0,5
c6727726f6658b6d70e0350dccabb07757d68f44362ec3613e12bcdb704221d2,002272.SZ,2024-10-18,5,0,5
62b8f4857d6e75fee7a9607715f9d64515080557f819e64ae7152f43aa37ef5a,002272.SZ,2024-10-21,5,0,5
0d3160ad3e6f2200777f14d15e2af013597b8a334f2e8b52ecee150bf57009f0,002272.SZ,2024-10-22,5,0,5
03fa08780219fc83cd863d2919a19458777373510d520cacea99397068efcb33,002272.SZ,2024-10-23,5,0,5
8cbdc6dae900919062bdc01e1efb701fc74d2b226000f30f5e111ad599c27c31,002272.SZ,2024-10-24,5,0,5
ceaa6382078ef7e7a868ece99a580e20283e65d7974f4ad5ea299dbf809d2375,002272.SZ,2024-10-25,5,0,5
9e4fe9307831d8130620c2d7228c0d14704dd9a96c3ad1b16fee7fe434bcd8cf,002272.SZ,2024-10-28,5,0,5
d215473daf23fa0fd47ee3254c93a4d7e9b5c63d9962fd987da74990fc1ad2fc,002272.SZ,2024-10-29,5,0,5
075911c4bd57966de6dfc08ac1f634152137900e4def27b82aba435f48ef01f5,002272.SZ,2024-10-30,5,0,5
07e6248d8a6f168a0fc06038cff9596fe7afb32c7a7a411989850197146233e6,002272.SZ,2024-10-31,5,0,5
9a459c43e69ad3b994efc236bcfb5b51bdb5ac4d0b92557c6fe2e8df1e904430,002272.SZ,2025-08-20,5,0,5
6b07a30c1cd355310cb58c3d7add0f45e97466d742755e028196653f4c600d82,002272.SZ,2025-08-22,5,0,5
e274f4eff709385e242e420492740bd5ff6996bc481b3348a689e7525617d7df,002276.SZ,2025-02-28,5,0,5
ecec0dc52cbd1e8adb021563a1be61617700751618747afbc6a497f5d30db973,002276.SZ,2025-03-04,5,0,5
1c09c7fb4ab8649d8ca9cfe1ffeda84a15421596747930ce5f9c610f3b25b9ed,002276.SZ,2025-03-05,5,0,5
14a064123029e5b7968d5a8a5f5a8bf3e066ef3434024977a618be343fc1373f,002276.SZ,2025-03-06,5,0,5
d5483de3850accf560d2967516808aa9454b2a54d743b12384ab9882c566c833,002277.SZ,2024-12-16,5,0,5
614c3207fdeee70edca9682f62482c6867d0cde2e7d31154d838c968ddf731ff,002277.SZ,2024-12-17,5,0,5
a1703cf06c486aea6355f3e6a36497734041dd193c7cfdb613669606dd0e4876,002277.SZ,2024-12-18,5,0,5
59a9822c49c8b029bfca69c42ee85d257aa25ef988f31d40323994763b04d57e,002277.SZ,2024-12-19,5,0,5
6ebdaab2a82e62b19a7bf308047722a46dff28393b3076dd66a61b28e71bbfde,002277.SZ,2024-12-20,5,0,5
2d10f9b7c50ad1201a1501793a0e905945235d5be2ad1bbd4e69824f34cc87a3,002277.SZ,2024-12-23,5,0,5
c64aa33b7aaa4cca32d467cc6d15747365d70edb973215f10b0cf69f2124a913,002278.SZ,2025-03-18,5,0,5
5946450a041d4763b5dbf5c966d691531bc56e3d2de0d3578e4d544b5026595f,002278.SZ,2025-03-19,5,0,5
fcb887de339551d42f7e0e6e623cdebe5126548cddfd8d51a142155fac74b2bb,002278.SZ,2025-03-20,5,0,5
a63dd366a444c9a3e8f3c6e6bc8c3385133abb3d56521aa20297bc73d83f94e4,002278.SZ,2025-03-21,5,0,5
4711634dceea211caadacd2f5a8cd86ab32cfe690190c4f29a791a545e5509bc,002278.SZ,2025-03-24,5,0,5
998b5801d50f3a638fc85624df075f58090ea7bdf1c9996bd4b130b16ba4c9a6,002278.SZ,2025-10-23,5,0,5
ca4c45c07982886b24d46d634369ae5364468dc10a29185e2b7dbdb9160803c0,002278.SZ,2025-10-24,5,0,5
a8bd8f58d662e5058ac62b880c451a45e67fa633e38e9d469462d7b9cf1942b1,002278.SZ,2025-10-27,5,0,5
f786040c29509dc96d020eb94abf795c786d7d436f6209e36457b15ce4c697c4,002278.SZ,2025-10-28,5,0,5
e69f679ac157fdb77a7da32b80f4e398d3314e44e21990fd4dc6c7422bc6e036,002281.SZ,2024-03-04,5,0,5
852c3faaedce02bc00181d5ba20a4f5cbfeff421ee4089d69650602f96b0ea0a,002281.SZ,2024-03-06,5,0,5
83e5eaf933e1da60f261f6b9b2a582dfa9b40b3a2fc79bc328d9c582b331c752,002281.SZ,2026-05-11,5,0,5
b5d01811d2c90d79421662f62ecd7c9e273bd9e6f823161843ec2279572dddaa,002285.SZ,2024-10-08,5,0,5
8d7adcd4932d0f0a555030a7fe35e87e7e8760d0599464127c9cc8b89b43a817,002285.SZ,2024-11-06,5,0,5
d0ff9040369f5baeea8a0b3cc6b6d81e9f4c41aa96db776cbacc8bfe003f42ba,002285.SZ,2024-11-07,5,0,5
45fe3390f2f720d841e4660aa54afd85e4d6a94b7854306d0a74ce27f6a614e1,002285.SZ,2026-09-21,5,0,5
639646a4a78401e231f5b7ca0dce87110ef388dc53e7d87b5151ac3ece52b9b9,002285.SZ,2026-09-22,5,0,5
235e96e75aa802b97bae4c16b59b747d1cc5d245b4f91b8055d2929b41723866,002287.SZ,2025-08-01,5,0,5
a7b5f098e59a9cddc41bd60f3c3076433ce508a0039153e3bf5a05a9db908bde,002287.SZ,2025-08-04,5,0,5
0a7a7d1455f69286c512065becbb32b22f44434db85dc0081a411e7758f32c0d,002289.SZ,2024-05-20,5,0,5
8b64fa9f2793717d09692e0a3ca2a7622cc8bad98ad475490cb02e5571f8fb45,002289.SZ,2024-05-21,5,0,5
ffe1e61e7b60ee3961540545138d45eb7381e9e853cbed4428d68506cca9271b,002289.SZ,2024-05-22,5,0,5
113abe8b3db733c2f33cde7af2208d5ddbcf55aecc5f9c8af690d58a57a989c2,002289.SZ,2024-09-03,5,0,5
ff80360c9895acb4547da3647459a9c9f3887f1da8e2fd99fa8ecedbc2d41550,002289.SZ,2025-04-03,5,0,5
3ed7251a14567a9883793363824aa1f2e536a85ab9128e94c854861a5c1b19e6,002289.SZ,2025-04-16,5,0,5
ef84bbaa60826e292d794a4c10b0fc545e00956c6af51393d090c6dd8ad1b408,002289.SZ,2025-04-17,5,0,5
404e302bb12b872dc68ee404f504d0df28be056a680d471e745f0a7dc8e61d42,002289.SZ,2025-04-18,5,0,5
7d6609ce7f5093205552481d5755dbfb2ace27e01acb27b4a989ae7e3929755e,002289.SZ,2025-04-21,5,0,5
fe84f7947e268ad969d7a95ca478816c296914523d0eb14b11af04b74aac6a07,002289.SZ,2025-04-22,5,0,5
e061d22b8e23615b8e459f2c7c7876ebb4d5a517e1215995d3a811ebaa50c935,002289.SZ,2025-04-23,5,0,5
705eee648b05dcdd7a8268d353c717514fb2210dc83abf34ffd6e7d6a13a4662,002289.SZ,2025-04-24,5,0,5
ce0f681b601f8e233d33cf0d1e4e7ffab98c1d641b7f6e969354a68cc9ebfb14,002289.SZ,2025-04-25,5,0,5
d3a9ca60e620ed646dc49fca77226bf9a4d96212f31a5a4b2da2acfbf4f077ca,002289.SZ,2025-04-28,5,0,5
696690d3f3ba10cea629c3e5ff1abf789f1f47c7c4855bb735bb186ef0f38868,002289.SZ,2025-04-29,5,0,5
ac8ee8f0d8c617a93946ff19b4c3b772166fda3a69e0cfb6c53d1942dbff03b9,002289.SZ,2025-05-06,5,0,5
c88754d5c3966e4f33bc7ed7960c1c9a9c70a6d72e39ee927a3d133bf7d5b727,002289.SZ,2025-05-07,5,0,5
736332da1ed37ef399c66b0da6d7392bba6c6368f10f744d2b2672de77c8b8fe,002289.SZ,2025-05-08,5,0,5
afed7726b5b84fad0b6c31e2d93f6ada15f41874a4a27240bd2b601f2fb1954d,002289.SZ,2025-05-09,5,0,5
ad5e71d729e78f0ded9ea45b00c2e75d512067d80d1ead103554e431f8b9fed9,002289.SZ,2025-05-12,5,0,5
7073e4417010f6eef4ef195c151e651c1cea74ee25c75c32331a04e10cfc6f37,002289.SZ,2025-05-13,5,0,5
b42e9e098bd75eb3d245a19d5b41821ce2b02336b9fc6e57165a749e03d4ef5d,002289.SZ,2025-05-14,5,0,5
79ff0eefc984cc3e8777eab3dc83c928e42d4a54c5e5b419ad587d9ef2cf8d39,002289.SZ,2025-05-15,5,0,5
452762a84a72515c4874043d8b09292c164f267a190acf3af841e01c7dda00d7,002289.SZ,2025-05-27,5,0,5
9a8d3a9731a55020151deb9e1000d8fdcb1e98ce64239fecf2b2428067101c95,002289.SZ,2025-05-28,5,0,5
6bbb96e4ff6c257a8baff1aba500a6e1fa457f912972f8042e1ec4227917b6a1,002289.SZ,2025-06-16,5,0,5
3359020b088e59120aee952f23b6e5175da4b98af0be4d432f7f095f7aab1aa9,002289.SZ,2025-06-17,5,0,5
847f6236f681e5c1e5f49827def68d1c24cb556eb526bf87a21cba9ba10851b0,002289.SZ,2025-07-11,5,0,5
7c04323cf96c2ce38e69dd24d17c7830f12435432e25d41807dde066eb24e782,002289.SZ,2025-08-06,5,0,5
b386d43ee8b43da5c096de99dca641a109b72e6bcd7fe52404b8f40562ef590b,002289.SZ,2025-08-07,5,0,5
b55fc465958ae52f37c9afb4ad76b7bc37b14ec6f020a1a19bdc5ccfeff16e2d,002289.SZ,2025-08-08,5,0,5
944dc2731a761b419dd9cf8c5b012789cf7247453c9dc9fd44612653c0a4b4cf,002289.SZ,2025-08-11,5,0,5
50baf4c727e1a93615ea0b2af648a7251f1fc1020e00819425c5ef4462940d7d,002289.SZ,2026-04-30,5,0,5
f054499afb5cf43504630e37336b5fb515cb59798e0a83d739868545155489df,002289.SZ,2026-05-06,5,0,5
a81420a7e07bb946918341dca520ae086af923e2bc9fbe7218e4ac3ee67244a6,002289.SZ,2026-05-07,5,0,5
f305bcb8f10c72000526317ff91a86645ef5a207848a7c684fa1579919d17d96,002289.SZ,2026-05-08,5,0,5
e04cc9d7106eb003fd27df6742a961c94634f861d8ec04a7220688de6b7e16bc,002289.SZ,2026-05-11,5,0,5
352df5f47b1a2a3979ab0934b39ca52392c85234268d2b4feca1e978e5470696,002289.SZ,2026-05-12,5,0,5
90d1f70829180a99800faa810301bbee42a71afaf33ddaea8a8bbf04e8e8b264,002289.SZ,2026-05-13,5,0,5
5be8476366f7b99d1941e9d743859e9db8f6883a29f4bb3c4751a015af0b9dd4,002289.SZ,2026-05-14,5,0,5
1bda62d7ab9e02b865a5043830a2250b0c68a0f4ac6bbb61c54a6d9e9e04d70b,002290.SZ,2025-02-24,5,0,5
316aabd5e5087355d14fdf458449a911b4a3af4b8655d7d951ca3c05101af4a4,002291.SZ,2024-12-18,5,0,5
9236a6758933e5825f75ec4ea3a92bd99bb0daedb5bd4806ce66b73d47476068,002295.SZ,2025-09-30,5,0,5
1b2cc8903cd2542a8dba7f5351d220d9e5cbe4bdff5a3186e254900de09b94ad,002295.SZ,2025-10-09,5,0,5
74862346c12cec218dbf04359592b6bd5d5c046f93d6302e59a5e8174e828322,002297.SZ,2026-04-16,5,0,5
4d3d3829cb25a7f22c087806b99be2b32141739b9852cacb151705718f4fccc8,002297.SZ,2026-04-17,5,0,5
9c499353b2e9e639e8417630aee69842eed3e931c83d8a67438c0a082f0bff55,002297.SZ,2026-04-20,5,0,5
54c4010dde669a40b5680539f7eade25c82ac8388ef091661a30009cfb106e97,002297.SZ,2026-04-21,5,0,5
4e99a12b51dad245aa383b1f9eef8b9896a69c6dd0fe3a8a64e7e5e45ce4ead2,002297.SZ,2026-04-22,5,0,5
0261ffbb00b354ab86f81dd1255347b4e80cfce21f94859f254e9c6e922c197d,002297.SZ,2026-04-23,5,0,5
2a63a15217924b2ae503428744e8755b68aab5d51a6155ce1ef65d67a347c5d7,002297.SZ,2026-06-23,5,0,5
027adf2abed375eeb43105a71e7782b7aecee59bd9f660c7102c52f1e8f30606,002297.SZ,2026-06-24,5,0,5
234cd929c36c3ec93709a2574a8b263adee2ce47a9980b5e48ac869e9c5f675f,002298.SZ,2024-03-13,5,0,5
875cf092d6ca983944c786cc46207e7387b27e2915debb3b43052a1db90ca472,002298.SZ,2024-03-14,5,0,5
73f18f954eaae6826381978c3f0c940e0ce6d7a3b56f64c5d76ef0ed893c797d,002298.SZ,2024-03-15,5,0,5
d87c26bf6e8da5ba777c2a9719fff686c9370e290e55bc9d319bdebd7d2881ff,002298.SZ,2025-06-10,5,0,5
69ab0110b32ed7dd1f1639794323aee37a8dfb9332061f936e157f02d280e32a,002298.SZ,2025-08-18,5,0,5
453ec9c40797650121b712f1aefca0053e59ccec57be9bfd015bc5ff6fc9716c,002298.SZ,2025-08-19,5,0,5
4ac2bf244c825a64046b1ebaedbc266b136d7ff86eedb67124297d50992db53f,002299.SZ,2024-09-30,5,0,5
f9ac37afe54bc1af934c5e93590973af4a8374b48941544110dbcb0db4e14323,002300.SZ,2025-03-26,5,0,5
e65600cf285a4a31b3be3002a0f2256e3da822a53f294cd605d31a1db253632a,002300.SZ,2025-03-27,5,0,5
0af79520c9ddf832c5c8ff64548a944d21dcbf69ce77210dc9b8fd06ef54ce21,002300.SZ,2025-12-05,5,0,5
8e6b781afd1d09eb9b00fe3bab6c62c551b1901fbb2318efaea54c11361fff81,002300.SZ,2025-12-08,5,0,5
43ec0f88aa7a00f97cb56fd28430273a035680997bae7b511ed427e64fae6dd5,002301.SZ,2024-11-29,5,0,5
0e2c80f2c64a36a2128bef77fe09f553a773521385f6ed6cd7f915ee9c483df0,002301.SZ,2024-12-02,5,0,5
8e693e33791ad04dfae9a5608ca300d1c0bbf584550de031bdd7c7efab3bd45a,002301.SZ,2024-12-03,5,0,5
69e91e27902c21dcb5d3190f78d7e1da6af1e1eeb53b089692d5ff1258d47d3e,002302.SZ,2024-08-28,5,0,5
e03d234b209452cb9661c2dc03efffaec18cbb845b20ee1165b2cd92308cafd7,002302.SZ,2024-08-29,5,0,5
9d213e02963f8c5b897b0e75e0b0dfc3e7d2159c73d856d351ba3d9cd09592ad,002302.SZ,2024-08-30,5,0,5
f569918a7147e2bdf12cb930d6066fe2af3b0258d6851778b543dc0703ff1f98,002303.SZ,2026-08-06,5,0,5
bc75fbda5d3726e9d75b49558d11ef8fb4ab65ce596085c57dad0e46a4503eaf,002305.SZ,2024-04-30,5,0,5
d373dc745df496902e9f3f3b482d5868d64e71c9f7883d5fa4a6be9bc7eb7183,002305.SZ,2024-05-06,5,0,5
35eaedab097bc7a6cb7a3e950df7b028e3b3f35523c5c186f87eda8e3c2a3073,002305.SZ,2024-05-07,5,0,5
5a7d5035f29f86c3784434cb09716a970f1778291a9efefe7f8ec261b5bfe1c8,002305.SZ,2024-05-08,5,0,5
0d7de24d92dd44522e5755b231c4b075bdfe5618cd1340663658acd3cf6dc9cf,002305.SZ,2025-05-20,5,0,5
b20e5a31957cab3fcc985da3385fb4f06e8a864cc116f43f8fc7d43a9365c7e7,002305.SZ,2025-05-21,5,0,5
d637c6408bee3bb9f242b4c2466687391ae5004e5ccce79299dfef121f505add,002305.SZ,2025-08-14,5,0,5
c35c5700bd767d5ceb2f7f5cac94acd40d0a014cafaa13086573494f6d80ef6d,002305.SZ,2025-08-15,5,0,5
92df2d3af53037889d4390a5dd97c0c88ed502814abfe83fdf99c8df55f569f6,002305.SZ,2025-08-18,5,0,5
6b936637990df805257b1e9ddbe492404b19c63d4f5e61829bcc7b8440468a30,002305.SZ,2025-08-19,5,0,5
4be18ae6be736dd1b707d522d117d82c6f76530ff3e67e946e5fe96d06588ddb,002309.SZ,2024-02-23,5,0,5
6e26d00c6a7b037f32f05bd86e2ee4f60cf0b83bc60deb64e10d332d29dd3849,002309.SZ,2024-02-26,5,0,5
500eb81e7481d4604ed422f324d41d847f7a0a2bfe76f95c4c6cd55ed28c2d80,002309.SZ,2024-02-27,5,0,5
e689b3a9258a566688d1f24d11900a9dff599a004495d0df3de62089b6614d19,002309.SZ,2024-04-30,5,0,5
8e0cc0f9a2561c16cbb83a22585a4604262c5c0caf3e64c3dab8f7f6756fd464,002309.SZ,2024-05-06,5,0,5
b01ef951ba18016c4a9cd406d9d5c58a9226381404398ed98a51517d3e90b4e9,002309.SZ,2024-08-22,5,0,5
1eed8547d370f111d8caaa74ab849623069f9b3b74bfed9829ea23f0d0ef0fc2,002309.SZ,2024-09-18,5,0,5
db2d2afe2014b84c4b337a3dd30f96ad4e0718d1680063e214d168fd0d4e4875,002309.SZ,2024-09-19,5,0,5
77d15414efd3b4c1d859afd80fe0dd4476b5da26cd0919d1a5f9525fcee8d2b0,002309.SZ,2024-09-20,5,0,5
f6be7abca5d7203c7979b908635c21e53f811ac47b7b418c52cff961a2f31f26,002309.SZ,2025-01-09,5,0,5
b494910590c324408a945bf8078aeb58e6687daadc79b87793e0e7f52eeb25e8,002309.SZ,2025-01-10,5,0,5
33a9ddfb9c38a96da291e2565363e8b6c36117d2c6e35e3d66c018cdba63e717,002309.SZ,2025-01-13,5,0,5
696d17ce86e0f1ea56ce66bddcd1e47035af9cd18ee57cb4d51f99fe05299297,002309.SZ,2026-03-25,5,0,5
57f5250526d2268b3e96581b293efdba0c84ee7fdac33e9752e140a66db8e6fe,002309.SZ,2026-03-26,5,0,5
51dc7a6e9f81e58c561bf4818fbb5421fc8727174121d34f17cee895f4368810,002310.SZ,2024-05-13,5,0,5
6d8dffe5107cb5cc608ebe073ed45e48e91fe6fe685d24fcced098465c961321,002310.SZ,2024-05-14,5,0,5
ae211c0b13f3a0bcb8334aa6bc06e017e67271297aab10820f2881db0dba2ad3,002310.SZ,2024-05-15,5,0,5
0380f90c4492a5017b8181c4562632a56d042e097b809fe7058fccc04f02bd7e,002310.SZ,2024-05-16,5,0,5
9a72b2e4ab8ea751efdeb9526a3ad2839a109410c15527ca9f40e3cbdcfe051e,002310.SZ,2024-05-17,5,0,5
2d9abf115220aa2963b213859ac6b21742f03c5a57cf2f20919d43b521a1e19e,002310.SZ,2024-05-20,5,0,5
1df766c74f2fb4cb69788130a9f9f125ed7f3bed9d085dd245bf490a6d42b4f1,002310.SZ,2024-05-21,5,0,5
4aaafa35ae670dfeaa341247c4a8c8fc8f137f28bd4d3ac6a02eb3580ed2f3bb,002310.SZ,2024-05-22,5,0,5
da738cbefecae42bf7f7aeb0b6495d13832a2e4fc1781c2f37fb58bddd777124,002310.SZ,2024-06-04,5,0,5
3b3d2cbd7a7c82b9581545eeb0531663cb515f2e34288fe5c92714a26bc9fa86,002310.SZ,2024-06-05,5,0,5
be7684fbe5d13bf2476e62594f0bd8cda183f82de1847e52f8a8621a2140e9a9,002310.SZ,2024-11-01,5,0,5
5ee58d196ce92ccb92871879175f0b22191b78e30ea399c27051144cae0769d1,002310.SZ,2024-11-11,5,0,5
028c763c50a7ea4ddecc239a7865bc03af6fa72b17aaf65732e48b48b396f8e0,002310.SZ,2024-11-12,5,0,5
88e5b73812bb04ec7ea2f3ce5df88f1cde177d560b0e962a4825dcf52694071e,002310.SZ,2024-11-13,5,0,5
142fdf59d6d752d527f88c2c3de66d020092d134f904b9e5ff6251e344a84eb5,002312.SZ,2024-10-29,5,0,5
f4dadbb267cffb81be395297b10b67bbd32f8c40e9dae2afe82298a93fe8ac59,002312.SZ,2024-10-30,5,0,5
c44872cfc489a68eeff400501d6164cf7f2eed667c2e705f65c07530ef7e022b,002312.SZ,2024-10-31,5,0,5
a54e00cecf987d3205f015dba35bc493f5ad48546cea70109a6035ac6356d0a8,002312.SZ,2024-11-01,5,0,5
b886d0c72c201885bd158ac5839d33ae8bc6e1b957296cd38b3c590e7bbfa719,002312.SZ,2024-11-04,5,0,5
614e38b454242e26fd2e1b1edff89b90fa0e6fe09d96e7c9b54d1264c86b20b4,002312.SZ,2024-11-05,5,0,5
bffedd8c05c35685db8b36b82e30b2ed5396c14b9292e58405ab8a8cd5d1b7da,002313.SZ,2024-02-27,5,0,5
98000d888959e65b7d119dad2ec3b941da4d7d2560acee1c6679df586ca87bbc,002313.SZ,2024-02-28,5,0,5
0e39eba987d7f5682deab39683dfd21279c31909458430321c84b4f75805bc38,002313.SZ,2025-08-08,5,0,5
900aa0e395b630fc48540b5b68e85715b8c31ceadaf07787b32f5b177754b42a,002313.SZ,2025-08-11,5,0,5
28f668dc67ad3ded1a1277efa9e47620c1b32e5a2db2ae59088c850cce305cb9,002315.SZ,2024-02-19,5,0,5
65fa64df1a84a613d7d181d21db69b403b0061e386569165e1a201275e487e34,002315.SZ,2024-02-20,5,0,5
eb627e840684b4490b69a545be92d78be259964c35609025345fb43d7794cade,002316.SZ,2024-02-22,5,0,5
32e0921f1bbc9deb283164144dfd105dd271cb52b10ac6d827887151424edca9,002316.SZ,2024-02-28,5,0,5
f53b843e4d9c2ddd70675df8738a8c866202f49d6f7bcdc1de782792d2000eb0,002323.SZ,2024-11-06,5,0,5
3c50c362afb42b34a4793a2f400fb7bc134623a49c605df49c8f008190505ded,002323.SZ,2026-02-12,5,0,5
8c1614cd22200df5ec7ba78cef62bfe0f9965050cffc302b60b7b720e7901b62,002324.SZ,2026-01-08,5,0,5
f35275fffc235282e095d576640e87b47401c2561a2ed2d39279e9c55132ca62,002324.SZ,2026-01-09,5,0,5
57ae39ae9cbea5d79d0e5f06de6001bbac6ed52cb08f531101047e9ee8ecfc2e,002326.SZ,2025-03-06,5,0,5
e3499fb3ebc3c01cdc88b10e8372baf41cc086d1db6a7db96642209970fc17ae,002326.SZ,2025-11-12,5,0,5
d493f5ff5cbc2e404158cc0cd7b7c1a10b162e6eb8171a818cf27d9f7cb0b94c,002326.SZ,2025-11-13,5,0,5
f13693c485bba990f398423fa99935aee7b348b844fc7838f050af3ed8f8545b,002326.SZ,2025-11-14,5,0,5
64b6e820f7c631dea0632d9515d391e7f6d089bb5fe6f735c1f52fbe1206292f,002326.SZ,2025-11-17,5,0,5
17d27546904b5614a3ee3ebade5e7c349caf8b50cd60b59b7e3e7a634702dae8,002328.SZ,2026-04-14,5,0,5
df7c919c36a6ca2a28eaf0df7f6435e983911e1deb4089696fbab39f4208dc66,002328.SZ,2026-04-15,5,0,5
6e779b0b003db536302d75eaf7ba23e1a332bbfb8055b81d70ff95128dbf4560,002328.SZ,2026-04-16,5,0,5
6ccbb6d67fca22b4d695dc0d141f85adcd90a0ff2ae9746e2905a2935003e15c,002328.SZ,2026-04-17,5,0,5
a9a9eb453ba25dc9b05e3aa3a9a9058f46a59f4acf515478dea7f0ac4ad16943,002329.SZ,2026-08-13,5,0,5
ea93f3d235facf19bb6287d6e553971626242650ca97d8aaab5e36836d4f58ee,002339.SZ,2024-05-14,5,0,5
074d5a34a6bcefb1f833f7596654bceb04990febdd507c629ed620fded6e6e8e,002339.SZ,2024-05-15,5,0,5
a8a8b8d2d76c4d93bbe601997632df3f582b2204243d0c635ec4dd0e956f2b54,002342.SZ,2025-03-18,5,0,5
f0d18dd515d939b72f24288384a55ac9ba4f77d9699891e67b0fa9cf1f601312,002342.SZ,2025-03-19,5,0,5
847e86b9fe949e543ec574363ae4130241ade7c518908ef73c3bbe7885745405,002342.SZ,2025-03-20,5,0,5
2b8276d7d4e95e23b589e6581a75da425666f62f3064979678332ea99739fd54,002342.SZ,2025-03-21,5,0,5
8fdf441b90f4aff9a3e6654fe7a59e2fe87443c99b2bc06ed6b15a73e81f18bf,002342.SZ,2025-03-24,5,0,5
2bd0f2c2730b79d20bb18580d0ad974ecf5497794a64ca862c8c35cdaf4ce662,002342.SZ,2026-01-12,5,0,5
465ebc68f0aed0e74ee63a492b2da786effcb2236d7280d2a2620753c4b4a1e2,002342.SZ,2026-01-13,5,0,5
2f8dcefc858b00ce102d463118ed25f94d442a3e29e4ecf5355ffdcabcda2b1e,002342.SZ,2026-01-14,5,0,5
f317d50723253a92d97a9959d828e4ca738815a241d7780f7d4cc7034017b6c1,002342.SZ,2026-01-15,5,0,5
982bee3eb1c9ec31a01ebcfe39634eb37d235948f5fd0e4b18dfcb709135c796,002342.SZ,2026-02-06,5,0,5
9ac9f3b182c8f8c36198c32f9ea838f5ab7bbdce65cd80a5911b74c88bb50992,002342.SZ,2026-02-09,5,0,5
b51ae907c16f27a46907eb83918af5574c9dbaa93e7e0fb221147e8755279598,002343.SZ,2024-03-04,5,0,5
71a31dc968fb6c7adc11b523fa67f40773e938654acf0a675803daf053738bc8,002343.SZ,2024-10-08,5,0,5
302741a078007e95751fe0e766a060cb03d1809ef8c285ed6c8c5662879f4afa,002344.SZ,2024-11-20,5,0,5
3b2952c955caef364913aa373a15eb45801ae9cf96c9af7fde94c9634c7cd5ac,002344.SZ,2024-11-21,5,0,5
7403e1697196dcbf1fc334b0fc4696952d0b69096ddb60c393644fb56c0f5999,002344.SZ,2024-11-22,5,0,5
bc6e638187446fe516e9d9b146b7d41890be8f5277c64cb0bac47234f47fd2cb,002345.SZ,2025-06-03,5,0,5
ec8bbc6dedb7b6271f30fd2910a81e89ba5916c9e63b77a79a35879fe988233a,002345.SZ,2025-06-04,5,0,5
61f0c83d2f289e3868829f093982237c481b6b166998c10a9b6f3621782ea739,002347.SZ,2024-12-03,5,0,5
693f171636d34156d44f2e95d4bfbf5c1e680ecafb2806e1b7d3b6a9e1ea1729,002347.SZ,2024-12-04,5,0,5
2aae1e73bd62b760585ee98b0bf992b10fced25186d33cc0ad22113c820c834d,002347.SZ,2024-12-05,5,0,5
9e3e2310cf6dbeecaf79c48ec140f16102c8a93f8105974d782902ea1c45ed83,002347.SZ,2024-12-06,5,0,5
1d4b059908a511a2343341061fad83d63724c79a688745125d4082ef73384127,002347.SZ,2024-12-09,5,0,5
86bd8cd6b7de9e319f9d95965ebcc29cc33df90d56e95038e0d6d05a98cee70b,002347.SZ,2024-12-10,5,0,5
9b337f0d898e4cb191efd15933d66824fb615c2a39506e9d595ce45047889dc8,002347.SZ,2024-12-11,5,0,5
c5e0b372f3179d41b7465dca461a04ab5ab05eefe17a9f9d5427538b600fbf0a,002347.SZ,2025-12-30,5,0,5
e365180f88364f27341d5987a653a08634c80e50a9d05cce847c3294ae733f68,002347.SZ,2025-12-31,5,0,5
571dbc4afb924c7a3517134bd045390b9e293ae25dd53e47a40f689d1d3a78d6,002347.SZ,2026-01-05,5,0,5
9eeecb7c8057dffe49033b21bc39fd8a6edcedcd5f0270a067e9575608e3c619,002347.SZ,2026-01-06,5,0,5
3744a0dbdbd5dc35900f5c96906d3bd98dcc20d39e55d2dc410056f9fbf8178e,002348.SZ,2025-12-04,5,0,5
786e922068933f2a85b4e076c54ffffdd5255cf583233d5c48ad623dad3b5dd7,002348.SZ,2025-12-05,5,0,5
1edd6d49b13396cf621510d07942f49a8494bedd18401e525117f607685b2903,002348.SZ,2025-12-08,5,0,5
7c4e5be29f80600ae88865aa41e51f9a166894cafb7cfa1f3282d894b766f207,002348.SZ,2026-05-07,5,0,5
905bf37843e50941011813addc2a0c57df0b3fdfa8dee2712b5ceb4c08f237c2,002348.SZ,2026-05-08,5,0,5
b2acc736f078ba0e9cc857f9ec51adcb3b86e4e0091b71b0f4a08f29f8928ca0,002348.SZ,2026-05-11,5,0,5
85644113734fe40b3761620d3189f52714c31a99a596ebc993562c8406bcf3a6,002351.SZ,2024-10-10,5,0,5
9e15eccfe58efb830f8786dcea2d58423a54a762842a579fe88fe269abe09040,002353.SZ,2026-03-02,5,0,5
c2a773bb1aa5b0728c3c10a96e2833567f1285cac5f6ef5f02766e579619ce4d,002354.SZ,2024-02-22,5,0,5
b8670059d255407e6611f877f59449ab641c524a7c3b90aa5350ccd11c606533,002354.SZ,2024-12-10,5,0,5
2f563cbe0b622af95d70689af41ba62020ca59124576c56d5b71445fa1a6abf0,002354.SZ,2024-12-11,5,0,5
b24b95ae4d0b0d1c6c0aa624b237d48fbed9c16ef6f109f183824a552eeba2ba,002354.SZ,2026-06-10,5,0,5
9a6d875d22a4b969330f8164b5057386df44c4d2a25e7a2a717bd6d1ec040f7c,002361.SZ,2025-01-03,5,0,5
262992426201a64987d4226bb0539c679ef0eaf18b11f0a1e801650f620940dc,002361.SZ,2025-12-23,5,0,5
948260fa20991d7bcc5972aca7dcdbb50f3865ab02ffb7f941476099cfcd0144,002361.SZ,2025-12-24,5,0,5
e7907637190600ff09887da65b7198315a933d7ed7dfaf44432ae0cdbc74d967,002361.SZ,2025-12-25,5,0,5
068cea459017575f4789414f29df98bcfb5f545d23814a0a507c09d5d5d9bbcc,002361.SZ,2025-12-26,5,0,5
59903b36e1b411695884c54ea8aa0b0b79ecf1ffd3b3bc30ae42fffb58b3d882,002361.SZ,2025-12-29,5,0,5
c9e4bb71ce9eaf01182da912a6efff955c708a7083080e427419a345ca4d1a28,002361.SZ,2025-12-30,5,0,5
cb8fc461eb49c8daf430ed907d0856947e4d686af836b17cdd5194cd3ed9196b,002361.SZ,2025-12-31,5,0,5
03918c1f289156de85930a3d5e029a1e222532a740b5fc7be4fe887cac34ddfb,002361.SZ,2026-04-01,5,0,5
d657c150afd97e19c1385a766bb40d557b77b31beebcfbb5965933b106f19f6f,002362.SZ,2024-12-10,5,0,5
8bac562bd07717673224a99bc28ad68da2e709e277bd13fe99fc56327d6095cf,002364.SZ,2025-01-08,5,0,5
3f484054653631498634ab526752cb7ca525c587a558855ddf7f1f0ac2e1575d,002364.SZ,2025-02-13,5,0,5
a47977793ba5a876c30d083e8ca44d35c0be20f24c3c58f05fb3175baedd68be,002364.SZ,2026-04-13,5,0,5
05a7762e863d955b8e68027f43e9528fb1cc7a3fea31d04e70a4701b8a611c65,002364.SZ,2026-04-14,5,0,5
d5e9d3317529cddf42f1971a78a74acff64afeb6687a6aed4707ed19f7cc0b98,002364.SZ,2026-04-15,5,0,5
084efa1bd30902f77d439fb88bb29ddea6b717fd3b9c40587eadb68e22462434,002365.SZ,2025-04-29,5,0,5
8b3dde98c1b4b05efc16fe247cc79233a7ba4f117d31197e7d27a3eacbbf03cc,002365.SZ,2025-05-23,5,0,5
09f90f4aed6f75771ba663314f8ae143dcab108bfb2411621fb1f79d9587f46a,002365.SZ,2025-05-26,5,0,5
5e8f7a23e32d90e6b0256f1a57c12a3dfc0a89cb3189d8335e3b54d2be35e5c6,002365.SZ,2025-05-27,5,0,5
1735fef4eaa821516658252f4cf78b7dc40d1b9852f8767e68fafb3ee4cfe22f,002365.SZ,2025-05-28,5,0,5
5150fc488c4a3a8e5731fd82fdae4ea00f6c3d07d1c5b9131f0fbc2109cbf933,002365.SZ,2025-06-18,5,0,5
b8ca595eccd1b348fa1437f74309cc5d412cf46642ab8f5714f9c9ca42821399,002365.SZ,2026-08-21,5,0,5
cc774bf24c427103a7cf0565beef208ec259af225b6d59546edcc522164d7c83,002366.SZ,2025-05-28,5,0,5
b8d7059cc2841b251562d3f055b5838bd7bf525e5bbd50f4a049d945a31e50a2,002366.SZ,2025-05-29,5,0,5
2614f8eb7e46ce41a3c8281fdd9e462acb75e3c1199a4881fc5fcefa59c8328b,002366.SZ,2025-05-30,5,0,5
31ed0453208f5c7d97879e2f312916907fe34ad1fe5781a2374271f103dcc942,002369.SZ,2025-02-24,5,0,5
0b780c15c37ceb8e653dbb4c4c9fd2ff270b99b77480f5cc67b23a776161ab48,002369.SZ,2025-02-25,5,0,5
f4a49dc1c895f2edb9815915e09f4903fbe920e0dea31a44b6a07d53fb00acdb,002369.SZ,2025-02-26,5,0,5
5a6fccc3245043a67976414d273cb541c9f7519b335e5c9bef0592fc72524433,002369.SZ,2025-02-27,5,0,5
d3c215f9baa57cbe7e210e768b01f11ecda63ff33f4f7f918aeb148688fe4b8a,002370.SZ,2025-07-30,5,0,5
17a73d8537e7f02ed834a6aba0f5f39cec8167281fc8b48df73ae982aae90997,002370.SZ,2025-07-31,5,0,5
f959c7e33e7641d50d391b50fcd86ee80e8608987131f6314d2d56ec795b2ab7,002370.SZ,2025-08-01,5,0,5
57dc6f4779c4202fc516de8e369c3bde0c27985d65067c77ea821634852cb948,002370.SZ,2025-08-04,5,0,5
233149ccd528ab7ef36f47c700c89cbf37fc29ac8b29f850db7649bc4023cf8e,002372.SZ,2024-09-30,5,0,5
e5afcaa5926216a7687c84734425f4e6442945f4992ddd19562d7b64af2c6e88,002374.SZ,2024-11-11,5,0,5
1dd0297be886f5127a5303469206bfa053dbc4c3d4082b772b769e83b2e787fc,002378.SZ,2025-08-26,5,0,5
1b0297c1a04b9775486612c9b26fdcd20a3a4bf72704ba9e5929d879beed1e3f,002378.SZ,2025-08-27,5,0,5
b06ff28bd095ebcb11bab99e6e5e7ccece32a31b1ebb2aa5027894370637e5ae,002378.SZ,2025-08-28,5,0,5
dc4d7987bd1cf81a0b6a3222b732f34d81dfc37767df5cd7188f67ddd6858d07,002378.SZ,2026-03-02,5,0,5
e6df10018863a0e434ca69e6640aa9264c3836b2e77b2ae661db7abb59cf4db3,002378.SZ,2026-03-03,5,0,5
1d9da7ab849e4b64d807275636c6b5c497837d81b76d45d5c11a16589b402b37,002378.SZ,2026-03-04,5,0,5
baddc33dcd901f35a292a8a57e59e0331805b76176a98c4315c935de42dd9be7,002387.SZ,2024-11-07,5,0,5
8399f1ac590b2b4cd6015f22b2ca9691dfb37b12a5c4a697ff39a9dffc612f50,002387.SZ,2024-11-08,5,0,5
a60bbd927ba7d25233d419cda9c635b6ea57de69062cd498224d5cef286c41c4,002388.SZ,2024-09-05,5,0,5
b792aa800cb1f7ab4d6c59590d1fab40a3cb2b991a19244c5f3c615d3f607eb8,002388.SZ,2024-09-06,5,0,5
ea62fbdfe22b096b14f9e9ef4abc005af5a981ed985b2c6ac374a3995a6a109b,002388.SZ,2024-09-09,5,0,5
704a52580c68ade74b7ab997a651c261552e1220bb1a3978eb6e932d60a0a98e,002396.SZ,2026-07-06,5,0,5
83abb7f8b1cb1315429bc1815f88f3f5d5c899e6bb68fa58587ecc9cb877733c,002397.SZ,2025-01-07,5,0,5
875a1660a2672b7f19080cf382bfdd8a0247d1cf73c34d7eb6ae0dce7e93ddc4,002397.SZ,2025-01-08,5,0,5
3489f27bc460497ee6f7f622e80e1f974be98036281240bd37d95d81f5d497d0,002400.SZ,2024-12-13,5,0,5
3182e1ea57d222684037ab13f221b660c8f3098ba142959f678b51e47adeaa55,002400.SZ,2026-01-14,5,0,5
f244e0b3924559cbd2b45e7a70a6d4b2b2624ce575522eb8b822f6fb6a1c72a6,002400.SZ,2026-01-15,5,0,5
e4e3e1edc62af15bb905b20f1fdd0c15c4007a500dc9e2d03879a81e51160b5a,002401.SZ,2024-10-08,5,0,5
430dac4c86e0c66545ad3975bbbfd724f3b6d0078f0cb70d8e2cb29bbf37d224,002402.SZ,2024-11-14,5,0,5
6594de1418d54e88326b9c5817fd04d6a3629073de1e154063f08b22c492cd1b,002402.SZ,2024-11-15,5,0,5
2c50d1c7c96cd57f7e5115b0b0f152b3adacb52bbca5eba719c83edd72ddd5d3,002402.SZ,2024-11-18,5,0,5
16aefc4724d00ac4c98d46c1071a89cf9b0734ad8a428cc23c4a47d54b721bf7,002403.SZ,2024-01-10,5,0,5
7a4545a48d334e6156d9fb4ccdc75ea96e3e813dc8363b32a0f2afc17f775b68,002403.SZ,2024-01-11,5,0,5
5f9eafd24dd40cce662bdadf8b7395c74066e3e74733e01e0e5466f60471942a,002403.SZ,2024-02-27,5,0,5
2e084ca4af4ad942cc2c88cad90aec5a8159067dff0379b2099cc493278c559b,002403.SZ,2024-02-28,5,0,5
fb77ac0573c1eab2b95d3a811e878da57918b92c93dec5e2417ca8f2468eacad,002403.SZ,2024-02-29,5,0,5
dda02548d0e35f06a13c4c22c42da67f7f2c9bde090d11629367b12954eaed1a,002403.SZ,2024-03-01,5,0,5
f42d17b6135fe3a547920f40bd028d1fda338c02078409ca690bf34bfc4ed7e2,002403.SZ,2024-11-21,5,0,5
6225be37c33eb20348468255b4a64f317eaf9c2e870eb30d19100bb114ab4e97,002403.SZ,2024-11-22,5,0,5
743f6d0fd8068f698bf29721ee92c5d1f6b799bba0252c26d704cd54abd894a8,002403.SZ,2024-11-25,5,0,5
c007da6690d7fcce44e74361c002c40b39c8d239f11db10ff1556dfaa3d263d3,002403.SZ,2024-11-26,5,0,5
c6af842ae3d79e7a6ca8f3d09ba671b975aba7499b31896a2ad668fddf0071a5,002403.SZ,2024-12-11,5,0,5
72251bb1db234dd0fffc3bc7dbd7053d49752fb867382f37ac0c905b85ca1858,002403.SZ,2024-12-12,5,0,5
dcb57e6fbe4d2ea61d9d633b77934234b42c196989c376bc7af1b3021692d30c,002403.SZ,2024-12-13,5,0,5
0f8a786c16ce82eeaefc1fd8d5f23fa92302d43262af897d97f189bae5b02c26,002403.SZ,2026-09-08,5,0,5
390e5c1e17a256b8e116e8ac702f90bfa2a400d16b6d5fd6ff2ca4f269e780cb,002405.SZ,2024-10-08,5,0,5
dfded7ccfd3900b7fbb8683c7585a18410ead5f00a37077b90bcafc7a7b7c8c7,002405.SZ,2024-10-09,5,0,5
bea524ad53e947fbf1fe3745f416549b36aa9c288b0e793973a8a00483ed989c,002406.SZ,2025-03-21,5,0,5
74bfc0ee7164525a5cf98baa3326c113116ea23f279d5034fe37f77948da10f1,002407.SZ,2025-09-30,5,0,5
272a06b07302c68eeed9aaae0fa9893a0a1fa3953dd09c96277cd11c2d589ffc,002410.SZ,2024-10-08,5,0,5
b58649ebdc55ada578bc1ea9508f9af7d44a37008185d302b5b9e1a9745c19c3,002410.SZ,2024-10-09,5,0,5
cee90375e9459dcc30c89af1ce58ac2349643fcd5e527f53254005801050381f,002412.SZ,2026-08-24,5,0,5
2923180d6729d3abbb3d125712ca607dd1abc875094cd3aab935a0e6b03104a9,002412.SZ,2026-08-25,5,0,5
edfb998efad122658213dbbc80056662bccf22cbf348acb7be6994fa29556a8f,002412.SZ,2026-08-26,5,0,5
d277773c92426e8e63bfe48930dfb6e4425965e6a775f368eb306385b5700faa,002412.SZ,2026-08-27,5,0,5
dfcfe7d7a28efb252d7a1bdd0b4e312cbf0852b0b48cc2d18e7b79d94619cba0,002412.SZ,2026-08-28,5,0,5
f4f1f8e2776a08bd1837956bf8b38f184d8282bf8d3c34371695508a1624443e,002413.SZ,2025-11-28,5,0,5
324e7f9861b892c72d0e9a3408c7003df8ca08ddb5a0022bdc2e0be3bb950329,002413.SZ,2025-12-01,5,0,5
615bd7c6345266770f87ef4813b00ca0a9b8c614d60571e516243b14beeeb9f1,002413.SZ,2025-12-02,5,0,5
1d9c90f8fc3ca30bdc18ca24ff026d7e156fc8a86423e88c91239071e0c7320c,002413.SZ,2025-12-31,5,0,5
87efe55d855c352d6fa1aeefc9ba98d517333e7917147f4bb25fdc06426bdb0c,002413.SZ,2026-01-05,5,0,5
29cf00512862bb84f7270677702cfb3a5fb60145c5e85d6ff050d8be6368b018,002413.SZ,2026-01-06,5,0,5
f2f2384b5df99f19a7689901d49c37d4cae9ff00bc2865efdc69a88b4b8282eb,002413.SZ,2026-01-07,5,0,5
bdc47113bc89d7c95c8a8515cc22f9264f245d3f34f9a5416a6f8fac35f63bde,002413.SZ,2026-01-08,5,0,5
a2f20ad0d1ccdef3896259d94dd4b707e0430a41af740def6baa8c203495870f,002413.SZ,2026-01-09,5,0,5
d650466f6917bfda57bc523134324a33f4194d0fbcd462c35ad6319f135b5006,002413.SZ,2026-01-12,5,0,5
6f0d85074a68974fb2b664f980bc6927887c81184a64be622293ac13dccc0a65,002416.SZ,2024-10-31,5,0,5
ad9f7075af61c7d04d25a13ca44d1331c01ac86a96820b5a427c396a5f1c9af2,002416.SZ,2024-11-01,5,0,5
8d65de6d7226264127636ef5d847792d7efb9497dd21938f0d7667192fecd4ba,002416.SZ,2024-11-04,5,0,5
16de1e1afe1d89136841c85fd2ea449ef0df58078ff67cfc093621417a855764,002416.SZ,2024-11-05,5,0,5
3c59ed369f9291fb9b69a0379c5958286331db512d4ce6382c1e51eef42665a3,002416.SZ,2024-11-06,5,0,5
4a7f692bc292aa25c8b78826dcd5600154aaa36d2dfc6b933d381049cc52d741,002416.SZ,2024-11-07,5,0,5
16cfda9a24f177ec8dd2d5f448401fc8cbeaf6048367aae0f77c0df81a0b0625,002418.SZ,2025-01-09,5,0,5
0de87e6d6ca77d16feaddd82eeb31676d9d1f65506f53dbff12019b56c154909,002418.SZ,2025-01-14,5,0,5
214dcc5f7cebcd599d743c35fc0a18079d6eba2cb2841be4c6f351e6e9abd27d,002418.SZ,2026-08-31,5,0,5
fad607b35215078a7f94cc0ded936e3abc77d712e9145446b6c3290bcdd87a0d,002418.SZ,2026-09-01,5,0,5
2e86c42ae4814a787bc9832d83ac194c44fb6e098e9ff4718865b9ccb37ffb2a,002421.SZ,2026-05-20,5,0,5
7c607ba929b70f6f662e661fe44fe0291140284cc1aa0d1bf746619152d3b48b,002421.SZ,2026-05-21,5,0,5
d945ea1dd3182d91a7720ac64ed5ea3c24cc2a336ded457803af2117b31247b4,002421.SZ,2026-05-22,5,0,5
fc994562b812ddb7ffb1583794733f8e1ac6b3593ff02028981d5f0612e149f4,002421.SZ,2026-05-25,5,0,5
34fb6bcecbfef06e42a42464f9b56737197071a777d5d45a5109e1f2dd16b1ac,002422.SZ,2026-07-03,5,0,5
6e4d8f8073205a3a42aad964d3fba46ea085696da28764b424efcc06871fc538,002423.SZ,2024-01-30,5,0,5
9135ceea5db2c445d5b3a7a3bb4bb3cd622abb9b8a79447b0f55edc532c91157,002423.SZ,2024-01-31,5,0,5
a59638149a535b1f2f2734b730a1878bf179ea9d996d34cef88f5eab1c01bc48,002423.SZ,2024-09-27,5,0,5
ad68097cdb1292f4f65aa1efda432fa12f5d414c8bb05b2ca78f868c1546138f,002423.SZ,2024-09-30,5,0,5
faa209e72391089fb39741041e45745a80aa08dddef3dbf430c13d05a18c6a93,002423.SZ,2024-10-08,5,0,5
3594873cd5ba5bedf3b14d885c681c968276c9d780dbc32ee7c05fc903700468,002423.SZ,2024-10-09,5,0,5
b588f147fd6f34976813ef4610c219b9d128396ff5e5e0effeb0712a3778ec79,002423.SZ,2024-10-10,5,0,5
8481622dc7efaa8d7407a8f37bf5117c5464333e4321b27133e1c9589c7c6159,002423.SZ,2024-10-11,5,0,5
5cf851d064c35094b2b8dc47c81642f291653b3fcfadf1c07ed58c946ebf4d56,002423.SZ,2024-10-14,5,0,5
8141f33465b8995ab20782343a2d5b64d2323f1c21a0da8bf8743748755a4ba0,002424.SZ,2025-06-25,5,0,5
50b7fe3f3f1cb12a066db8c6682c7e3f7928b683a51aa84a2af46111ea58a161,002426.SZ,2024-12-12,5,0,5
9c5cec910ead6a1720e869a1a2e7c896a45ede7b71fb0c7a7845b000d30b28b6,002427.SZ,2025-03-26,5,0,5
46d6e16ae01d873b346b1d593ae76e996c1cd325f15600f40b6639554d5ffd1a,002427.SZ,2025-03-27,5,0,5
d109368c0c129b25c8ef2652c9cd6a6a38ab5621275ad5ad9d88a395b47d330d,002427.SZ,2025-03-28,5,0,5
0479b0b1752f1a62ec7521028c2a5d54daaa288167c11edadf1faef701db46b2,002427.SZ,2025-04-23,5,0,5
afbb5b24d7a525afb9c572038357b61a57b88a66f835f2bca62eb5cfc7e43c90,002427.SZ,2025-04-24,5,0,5
5beb3beba429ee14195e6d9cf17dcb3272409625d9c8dc6ad1f78d58f286a72a,002427.SZ,2025-05-19,5,0,5
64dfe23710c79c5c818645ca4e15974815943c355040c81189f876614ae04aa3,002427.SZ,2025-05-28,5,0,5
20f2ada52269adeffb2cc4dd4f689b1124ffb0b7057f6b8569917a8761200345,002428.SZ,2024-11-05,5,0,5
255cb831f2a66e3a206052f10751a237c9e94e0772ea24bbff30f7c500884e44,002428.SZ,2024-11-06,5,0,5
5190c3196fb20efaee44b1a573d96eebad5989e5587bd31e74d937427fbd0da6,002428.SZ,2024-11-07,5,0,5
c310c44bf26ede686ddcf305b509a3c2ae7ad1c4815d6f65983dd578f601a56b,002428.SZ,2026-05-12,5,0,5
b8890baaeecd2b4d6f3e0baabd830a9d0ec37d53e71a60937988cad1952b7a9a,002430.SZ,2024-09-30,5,0,5
2f920fef8fee33b72da1d3c7d26b6db931e58bcae75b53c009258cd0cf235084,002431.SZ,2025-05-22,5,0,5
e748192676df6b27c67c12518d650e639ffe7e5cda4444861abf0e18d71fef01,002431.SZ,2025-05-26,5,0,5
cdc8a4f72b6a115b1520887b98cb7a745afeb999209e2024f0a9c034f29d8b09,002436.SZ,2024-10-08,5,0,5
52f35da36af405d7c58a3ce3518baf497cb78fe1870621e138213083ab9b05fc,002436.SZ,2026-06-18,5,0,5
9d1994ce4940d342381677b297a5d12d2da0a9f13e26d37285a541a6a14da64e,002436.SZ,2026-06-22,5,0,5
2c06217c1b84ceeedc6e664a38eb21fda8d132940c53901969d6a9b58490288d,002437.SZ,2026-08-13,5,0,5
2b40897732a52ea48285a57a6b4bc73be2821b5de08fe3e5abdae15773cc930d,002437.SZ,2026-08-14,5,0,5
40bfaa489c8d398d3b27234d9e7189a3906c507890c36ec388c4ace2058672ae,002437.SZ,2026-08-17,5,0,5
f29357a80cef399ad0277c7680108da6856673e08084ac29bf0f0229cbc27165,002437.SZ,2026-08-18,5,0,5
0075b3c53644142953dc2afd0c01c316f91556344408d40f12d438a5b9563930,002445.SZ,2026-03-12,5,0,5
8622fc00892c3ad3b7b0ab863a0753a095728788044dc0793410b74c90a62824,002445.SZ,2026-03-13,5,0,5
75d05648d4638c922af04b21c419b25ddc8884eef45895bda800ab1b4fa35ecd,002445.SZ,2026-03-16,5,0,5
1065aba0f0696361039080fa36ae5f13ab1e60b25f14c82789e9330f10f6cb27,002446.SZ,2026-01-15,5,0,5
6520333e2b4eb8dbc407f7573b29777f2a8d8e5af6c5237f1b76fee378ef1ec4,002449.SZ,2024-12-25,5,0,5
ad7df5a0afbf689d6e2b35025d853cb93def79dc5b0c6c4da27d4ed03aa1982e,002451.SZ,2025-11-07,5,0,5
521a8262f1f1ca857eeba55bed4fb38c30c88b08a99c7aa4861c5b44572f7802,002451.SZ,2025-11-10,5,0,5
48c013b2da75958dffcfa3e29ba9d8521ea62c98fe0156c421d818cf07cb2a45,002451.SZ,2025-11-11,5,0,5
8f24abd00df671b98414457398faf2e3a590e0898382afde94aa01d6ac29f919,002451.SZ,2025-11-12,5,0,5
c72d1d029ada0f14b3045c1060d52b11e069dc9a0332bd74b617b4b63e5b6626,002451.SZ,2025-11-13,5,0,5
9006b9bbff7c3136f46b31c080c582999b43b6a7e118496ac7489d2305da008d,002451.SZ,2025-11-14,5,0,5
047e1b8570388e704536770c21cf62f3d7d9bcc51d3f5a5f436ed94eab723f53,002451.SZ,2025-11-17,5,0,5
f36d71c242a06022177509999342cc7c3f7a2b2c4309c099a90dc1bcb4e73c4f,002453.SZ,2024-09-24,5,0,5
9d1a5aa842ee76bde3051a0948ecf816b91f1f864653ee9dba959a27ba155477,002453.SZ,2024-09-25,5,0,5
1852bb19b3933de318806867a4d81c9bc8c0d591a8ae71d1e045b65cb8435918,002453.SZ,2024-11-04,5,0,5
780ff1be59f4ae130dcaeebe24ab087af527a95634639cff6b582cf4108c6946,002453.SZ,2024-11-05,5,0,5
8884dc5d917ac95c982f25d0255082f672c297b48b1f3d704d08cc6b34f21e41,002453.SZ,2025-09-24,5,0,5
458f0e87a79122f2ef380be3b99b8cfdeec39d32ddd850a8f659983bfe6c0124,002453.SZ,2025-09-25,5,0,5
7240ca9b2d6b650e81c1b1a0a434bd962d1c76aa760ed0336dfe57b8916900d3,002453.SZ,2025-09-26,5,0,5
c3cd8fa6090e392984679e140c3d58154045f0d04ddb67bb955a0bc5506f28e4,002455.SZ,2024-05-07,5,0,5
a11517a1290b5a7c3ee55a17241559bb6dc7be3f01e68cb6309f842c6e69eaca,002455.SZ,2024-05-08,5,0,5
c2b60ffbbd23eea82be519821d1632c03670acf50e4fb1fd68037da39cca6ef2,002455.SZ,2024-05-09,5,0,5
efd97bb776cfd59c330e8db41a3506658ec01d60954120d54b5eb4b07520f5cc,002455.SZ,2024-05-10,5,0,5
bfabae6c63dba746d10fdf54f1cf04f8d756a2e3fc36e8296c61fd173a725417,002455.SZ,2026-02-03,5,0,5
6e0adca5a80aef4282d4e0f6ec49c2021ff8f329ffefb674e635d35de5246596,002455.SZ,2026-02-11,5,0,5
92cce7511e9a119f03d3af74e7cf0df663712695331b81bcfe0c9251dbe4ff36,002455.SZ,2026-02-12,5,0,5
f256ea3492bb12ada64aff3fcd54672b5b9d13e7b85c213741ab445564f2f15f,002456.SZ,2024-11-04,5,0,5
9e69c6e1b7d7044528677f2e1e4d1c7cd6d9fe76728315d4c37a0ccd1707dba9,002457.SZ,2024-10-11,5,0,5
8e39544f0788f4983fa3760aa66793acb9261cb20b0735680424d6689df305c4,002457.SZ,2024-10-14,5,0,5
bb4254d8c1573f7357542c3436ba0b8231afd772835ec29ab62342a9fea7a786,002457.SZ,2024-10-15,5,0,5
a5afd3929143d5c4c432f692c366533c85094cf551db727bac6ddfbe73252e5d,002457.SZ,2024-10-16,5,0,5
42a212b5754f636035f64a834f00c0ace1c5da2f1285980e1f41b63abfdf433d,002457.SZ,2024-10-17,5,0,5
9dce1ea520d7ffb946f05238ec3e128a0fabce0979b48dfd7e1084bf9d0ef31e,002459.SZ,2024-09-30,5,0,5
21f72582f8e9b904c5e4d42c581941541ec19d56013e7628e750a6ec755c081f,002459.SZ,2024-10-08,5,0,5
54237c5054a82df5843e24f2f3c095ae11e1900ad541cd5abd6ab7ba5d03e044,002459.SZ,2024-10-25,5,0,5
bd23a9c16e0ca980d945f37a64f7564639eb9a48424698d5c0f5be0097241b1e,002467.SZ,2024-02-21,5,0,5
312e8e05f73992f38e483a1a2c2fd27a7ed1c3650368acadea87e672aae6e1ee,002467.SZ,2024-02-22,5,0,5
1da2b3e2093a5bd5ff403ae1ff1d8fba6e05b389c94044801dea49f9aac9cc81,002467.SZ,2024-02-23,5,0,5
b655f142dd90f94f9b8ed15718e480e972d984d0b4c6daa753c6dbb34b2b8f0e,002467.SZ,2024-02-26,5,0,5
9a01f771c87506093e99b4308d33cc939fdb06776c83972b6a04381f33ca241d,002467.SZ,2024-02-27,5,0,5
4202b14847f8b3eef212ec3d0593f7c885e811801def10333a60870ca857c4b6,002467.SZ,2024-11-25,5,0,5
513dbd1cd11177c269b2e1a59da8fcc64b89c4c8db917fe1f099b6fd542eaf36,002467.SZ,2024-11-26,5,0,5
d840f851136e760418ee950a576cdce55390799f523b0a222a3a11806a4091fc,002467.SZ,2024-11-27,5,0,5
64e1b833479cb7a920232c713ae3b0208add41751a27285a7f7a2b0eb294d004,002467.SZ,2024-11-28,5,0,5
41536892002f3e3a2f80a1967b4b9da88d78b2e024190951727903244526e11c,002467.SZ,2024-11-29,5,0,5
fac12d38de6dc7a8bcdca16e13a9aec012b49133b9a978ae84a51a32f70a4948,002469.SZ,2024-11-18,5,0,5
53f201b908e254598719cdfbe9a8a7295f52ee3291871fee9dff313b357bde1f,002469.SZ,2024-11-19,5,0,5
46a49710175af35f70e1d532ae8c9ba4032a0bf1d8c8d81d067bf4296b713ca3,002469.SZ,2024-11-20,5,0,5
4316cbec76224cafb96726c2304c97feccf730ce857b53d30343063380d42ddd,002469.SZ,2024-11-21,5,0,5
b795f86b5e85b6e20c8f3503de09b7baa4bfea44228a001660acd8ff402dd24a,002469.SZ,2024-11-22,5,0,5
43250248a2c5c118a17b5b1ca26b0024896dfb9f30e913cfe70898f17619cee2,002469.SZ,2024-11-25,5,0,5
893e5f3cb5b903d02482a3ecb17a4d2fdd5685bae69449fa7406d1b3fb21da54,002469.SZ,2024-11-26,5,0,5
087b5a36071014c6280f124439ed10ae5584526b4294ceb48915a8d6ce164052,002470.SZ,2026-02-27,5,0,5
5feb26fe8f15a705085eaed03dd49e165fc9912e1ae97df48bc676a567bce296,002470.SZ,2026-03-02,5,0,5
b7bf2a235130778aa83b7ffd1226bb526ba28ff66ba35cb69bc92925b9103d24,002471.SZ,2025-05-08,5,0,5
de69c993226a1cefb3de8af96d6933dcc360ea6e61ee1ac15eda953500a08886,002471.SZ,2025-05-12,5,0,5
53588b73281ae3f08803ad992cb4b125383021b9128030cbcd8a5858a5d90a8e,002471.SZ,2025-05-27,5,0,5
8b28ff28ab3c5185e6a7d74fc420eed7c5c6c77948bd7b20daa43d0414d5ee7f,002471.SZ,2025-05-28,5,0,5
0c796050ea3d6ca759e29b24b9e1dde98d5ed2f9399e6f32c7afcbb04d29d9a2,002471.SZ,2025-05-29,5,0,5
3de8a3a653e74037c5c5331487f169e4b26e2d2011b1cdabc54ca41d13ba9b79,002471.SZ,2025-12-16,5,0,5
a7b8c4515a3c22e65c674c4e2b8dacd3d282b3468ba647de4c44d19ef884ba38,002471.SZ,2025-12-30,5,0,5
da5b38d03e0531669138ee7398833fdab289c079e3f0a7d609b1294093e54407,002471.SZ,2025-12-31,5,0,5
52dce84f3f6b5074476246dd63edb412dca348dac0fdb5bce7a31b784d86b6f4,002471.SZ,2026-01-06,5,0,5
db5bc817afbe37e12b9876023f08f040dd07355a65df485a5064f40b3137ce54,002472.SZ,2024-10-08,5,0,5
ec5be441f2548d231574910720a1f76df327d399c80c3f92b08b4ee774753264,002472.SZ,2024-10-09,5,0,5
e1bd60dca34721574f762fca760ff2e85be615fb9f8eea7eaf6c0fa232f94515,002472.SZ,2025-09-22,5,0,5
6cf9a35485e427891f290685f781ca0619a1741310cbdfeb1b2f4abd73dd7e81,002474.SZ,2024-10-08,5,0,5
676883a240cbdb16befb7dd5eb12fdab6768ab4f1b434f7b48a289b9119e68a8,002474.SZ,2025-11-20,5,0,5
df1579fbbbd084b3a203c8a860d5acb05be240cb56271275c8b41d23d30a1c80,002474.SZ,2025-11-21,5,0,5
afa0538a8bfa1895df4c19f331559fcf4bc3ffad8d29ec730259e9c22912e8ab,002474.SZ,2025-11-24,5,0,5
fb789db08278024c0b4e42b594f764125045dd71b8b66e1b45a1d00c3a8dbe99,002474.SZ,2025-11-25,5,0,5
3527efa483cc991fb9440f6bd8331551d138016fba7e2916129931a8d43a52f0,002482.SZ,2024-12-03,5,0,5
46d1fdd1f789e08c399763120a488317fc1f9fccab89bd9ba5118302c96b7626,002482.SZ,2024-12-04,5,0,5
9a5dd4cf38326a9519d4877fec3d5383f55f64beca5a7b2897197e6d47f41c6a,002482.SZ,2024-12-05,5,0,5
ff487d352472051bd6dbbd63a230e46c69f9b84eafc11e797b3487fab9330dde,002484.SZ,2025-01-13,5,0,5
aa0c05585fde8690f34bf3d660767c9ee2d67372cbd94b892b3c146dbf1d7abb,002484.SZ,2026-05-19,5,0,5
4c8f6cc6e56b7df93c74dcacbe8bfddbddd52418b35f5d36c3b5377356108a62,002484.SZ,2026-06-02,5,0,5
27455ad014d4e835ed8813328181dfa26869577077cca64f62ee3cab1844f7f7,002485.SZ,2025-06-11,5,0,5
64b29fdfff4e44867b3c89993fec7dc745988771ffa6dfd4034e9ff6c964c0a3,002485.SZ,2025-06-12,5,0,5
cd109df96e495f72cab3924c5925a1898891662f7dd7d6a999c0d05c999d2b70,002485.SZ,2025-06-13,5,0,5
92ad56233740fb931ebf767b635ee1a13500d1cd77d58170b4509fdbf7d2c4f7,002485.SZ,2025-06-16,5,0,5
067f076a0a09ccd5e2fde43fa2ca3dbce794bdaadc951585510675158fea456b,002485.SZ,2025-11-05,5,0,5
9002f7af6f286e526fe8f2fc7e99aaff6535bfabcd6dbdd0b6a16e050020385f,002485.SZ,2025-11-06,5,0,5
22bb032bf94c00fef736abfaed2d71ad9e2f2c3089588cbf1907580d58049387,002485.SZ,2025-11-07,5,0,5
2140a182b293120c64df8b96be5ba0e32e680fb9eb387ae1a5bf3e65908d3e32,002485.SZ,2025-11-10,5,0,5
937f030f1f3760b1b19c59831401a968feec5ffddff18684034149a9dae807f7,002490.SZ,2025-06-18,5,0,5
f512653cfaaad0959b571c701ade74d1322bb5e8931a40c4319f883aa8b95071,002490.SZ,2025-06-19,5,0,5
b7f46fa39a439d67cf493a6ffac141f7909e136f4813073e4edbe87932ebe4b4,002490.SZ,2025-06-20,5,0,5
a257edbc354208582f6d7a861eedc7a8f97e26053646a9361d0d34c00682c88f,002490.SZ,2025-06-23,5,0,5
a54427014f9bd3ee1728cbadc085ed8ad3d66ac5e2f93f95a21f9c85764259bc,002490.SZ,2025-06-24,5,0,5
54bd19d93f09bafc04daa9e9bbc10c54ae1898d63a3aa5a90dbfaab07d815fcc,002490.SZ,2025-10-23,5,0,5
699de9111301099d52ef99b6eec205f89df12246d24ff76ed6dca142fc34651c,002490.SZ,2026-03-05,5,0,5
85986691830042683b085ef76f9dba87401c7d999085521ec169ec8c092d3c7d,002490.SZ,2026-03-06,5,0,5
9cf416fda1bf8d0b59f79bbff371ef2923099edb50fb8d83809ca3dacc2f811e,002491.SZ,2026-02-02,5,0,5
d52fdfd4130070b75e0dbe33c4bac3b35919d4fa239961ee5a2abca803f6b88a,002491.SZ,2026-02-03,5,0,5
1e308341831df06515974b56a86a78f5adaa056e87548b356d3ea4020cc3be96,002491.SZ,2026-02-04,5,0,5
178269d7f976e17e711230bc0ef313f3f990c2d6fd55abfa0b360af3f2753bec,002491.SZ,2026-05-11,5,0,5
08ddcaf46d2a6f76994f7148b2361abe1afd09c8fdb6e53ff9763299d3b3d78b,002491.SZ,2026-05-12,5,0,5
76202875c04e12f9887566179860f528c6f9ae568149b8404723c9df96d08355,002491.SZ,2026-05-13,5,0,5
69ece39fe624d5b4103a264b26da29615a595b7c31f677f3c49ac9814ab36e42,002491.SZ,2026-05-14,5,0,5
2d9dd71305b7f75b989d9fc57d68892d8d46f6143b80f38410076096e73121b3,002491.SZ,2026-06-22,5,0,5
235dba27fc87d614f4290add8bb4b0b739671a7b8ea4d9eb09c10f0e02a42fff,002491.SZ,2026-06-23,5,0,5
8b711ccd837e6fffdfb88a0990f79eabfe44d3df3870cc07b6b533e3a1f08e7a,002491.SZ,2026-06-24,5,0,5
e8e04ec5a9fbcd148e9bf0d564f248d4f7f1c19a68848759254cb51e640a2487,002497.SZ,2025-07-25,5,0,5
a2a2489cba9caa1a59fbfe5dd155b9b2d0577a30639c902ee8fa7eaf120bc982,002498.SZ,2026-01-21,5,0,5
825bbdf44c73bd27e386f457f4425d7ead388b2d24c033f6cb5262bcac4489db,002498.SZ,2026-01-22,5,0,5
5064d5e3595a637775a7780668d15177f35c6f5db032773702a1a38e12779f83,002498.SZ,2026-01-23,5,0,5
6f9741ce2b9dfc4d2691f2ce3add8b93adef9157d50e2c3d7ae2492be3e4826d,002498.SZ,2026-02-25,5,0,5
46607bcc29e5c56673767111979bae6cf880a70d527ae7a4fd31c961ae2e5ef9,002498.SZ,2026-02-26,5,0,5
b8ffe528a7895167642b3ecd52f1d1b571293746ca31bb6a07d371427bdd7034,002501.SZ,2024-11-11,5,0,5
9428cc4dc1ddba583f9b96ffafe1e7465bc9197155dd1bd8a2bccf9f17bc88d1,002501.SZ,2025-02-26,5,0,5
e1274cce7e54d16cea148bdefb85be5467b0b6d7b49916dacee35d4da87bc02f,002506.SZ,2026-02-09,5,0,5
4fd0f0ec92816c0a8a75058ba800d07a29788b9d21a2214489a687e6bea0f3d5,002506.SZ,2026-02-10,5,0,5
70a9f176de7a9c970a0208e9fc910257b6cabc39a2249c597f9763f1da36a017,002510.SZ,2024-11-08,5,0,5
29c200311e5a2292f5e0f5389d4412c953723f9be5b5d32bd3e8d950f9403004,002510.SZ,2024-11-11,5,0,5
869a593280ae498159333bacbb4d1892ec9a146bf407ac03829dee9b4abb9b93,002510.SZ,2024-11-12,5,0,5
842fd0abe892952199a15073615a2aabf10a78d067aee839e86fc8573830b9c4,002510.SZ,2024-11-13,5,0,5
8ff629dbc180634b6a34ee3ff99154abf98443243dc641c38348b1eba41694ad,002510.SZ,2025-05-21,5,0,5
7e6aeb7354dd54b2c4270f93976a156beb8e805a375c3d7356b600888eb98dfb,002510.SZ,2025-05-22,5,0,5
4dcfa8a1ffe21de26a453c3631089c7351615da9176f98b0ea36c867188e2be7,002512.SZ,2025-10-28,5,0,5
9debbf9915c25c113641aa31e6fe884b2c04271b95549af75f6c0c4d838f2795,002512.SZ,2025-10-29,5,0,5
92f237f1814bd578bb8cb2d6ee6b441cd7e8ab84981c879589b6371c58bb2f5d,002513.SZ,2024-11-05,5,0,5
efd41ae7ab44fbb579ad352a67bbfb5018a0f363d1af75a47635b3c5581f6dc3,002513.SZ,2024-11-06,5,0,5
c7db5f6552a4158dd27e1b2c40eefdaa25680f8afe08d9680f166b90f69e3cbf,002513.SZ,2024-11-07,5,0,5
d85e4368798b2b64d139c3e061b244581e8c035db5dbfb7531a5f6ce051b60de,002513.SZ,2024-11-08,5,0,5
ceeea0c66bc9124987322452a96ecd71980bf1085237dfce82106171d1d301a3,002513.SZ,2025-09-25,5,0,5
691ddcd1502ec860b2131ccb2101fa151c12e38e3dbd2ef00de69e2cfdd41f22,002513.SZ,2025-09-26,5,0,5
04460eeaaed134bf60242e2f37789365650d7566edf0c6e65ff3a3681ac6d4de,002513.SZ,2025-09-29,5,0,5
6a75b038518423a7ecf77fe23abed86209a6b1f88bcdaa7a4fd504271fb29092,002513.SZ,2025-09-30,5,0,5
b2ce0aed5496f1cc5773816c3b9eba4a7eab592ac51af9e09eb312154059b080,002513.SZ,2025-10-09,5,0,5
43cba118bfb9b0b6efacb7b9ef52505f7d328f7b6701f992ccd829739ca323c8,002514.SZ,2024-09-02,5,0,5
babd374af121f4b80c4ec77f3ea53fc6284760389182464a24965947c69111a9,002514.SZ,2024-10-25,5,0,5
42014ef1548f6d4d87bd1819d4d388a239511878843a361c943aa43ffd40cbbb,002514.SZ,2024-10-28,5,0,5
81247508f01676322c53e19481bebb4dcd9fb498b79865f864f250e7279f183c,002514.SZ,2024-10-29,5,0,5
2828a35605dee56d6e0599e5560f79dc44f002fa025af52233c8676de6b791f2,002514.SZ,2024-10-30,5,0,5
789ef8ebca04c702dadcc25bb807ab7e7e4870c6d360484206b9071dc1ec9560,002514.SZ,2024-10-31,5,0,5
c300da32392ed33c2b0142d363a2af4ab35925eb3e011df4185a5b6f84333a9f,002514.SZ,2026-09-04,5,0,5
0e940aff7e0ceb0bdf719f6a6cd19f6d086a850af83bd1a8325f296e9a860ef5,002517.SZ,2024-10-08,5,0,5
4272babe847d19495ac22584197a220e4bc41fcce536f7ef92b99c02db1edb5b,002518.SZ,2025-08-21,5,0,5
f5dfa33be226bc2ffbe0084b2ba8a021a8292e84258770a9cd0f059f35d8d4a1,002519.SZ,2026-01-08,5,0,5
86d2282c3bd233c39263df7ee8b086d638e5044004ef468d99e4d5c560de7e37,002519.SZ,2026-01-09,5,0,5
f00ef447f07e80928b62d5a79fcb93e22a8ed27cfa048754126e86a66e2a0282,002519.SZ,2026-01-12,5,0,5
edf5c13e8b676bae1f5acaaba2bc52df92d3506f987e2ce7d4f43e9b015c2f5d,002519.SZ,2026-01-13,5,0,5
5c590c507766afbda97faa1ee6864af02aea7486fc95a55eb1fb45c3cf84a437,002519.SZ,2026-01-14,5,0,5
5618524ebc98c4de0471724b04ea2af5b480156ee2caddc640bada0ec6b68d23,002520.SZ,2024-09-06,5,0,5
d869300500e3c10b707dc021a3a3ceabdb38f967e5483471d48f28005a1499f5,002520.SZ,2024-09-09,5,0,5
b05e4bafc20db5864467b9bfffd57e062cdb57d6ad6ac837a86e13f19dd113fe,002520.SZ,2024-09-10,5,0,5
99e5c6ccda1aff813c61dd6d328c8f404629d395fa76eacdbc25c591c2d53aad,002520.SZ,2024-12-04,5,0,5
a4b68fa52c8febab5032e9736d738f1e6270019f87b67e8eb213466fbfda0126,002520.SZ,2024-12-05,5,0,5
ea62592edd35f0294f16f4a55774fca80bd28a849610c2e20127928902e4addd,002520.SZ,2024-12-06,5,0,5
51848ae8e6f65e9a9951d301ac580c5f18b312c887f886e65c733e5c7924bbb2,002520.SZ,2024-12-09,5,0,5
a58beb364da6e4b22d19d7ef80449422fd144d6dea7502a97c0beb2f2c66bab8,002522.SZ,2025-02-24,5,0,5
d1c37fca8ecc14396e840ddeab81b1e0fb8098bb4aa0b071691de4f46fc597f2,002522.SZ,2025-02-25,5,0,5
9ff534175439848a25b55c04a4e8f5948104c5c43a1beb774b42a346e69653f1,002522.SZ,2025-02-26,5,0,5
5682e6271c5825c29d42030fa62509bc0bee60a54c105edc5f444c331a672479,002523.SZ,2024-12-10,5,0,5
8a7db194be1373afd81e8b0943cae3d81c18e9ef1949dfff5c02d44ba740f6b9,002526.SZ,2024-12-02,5,0,5
bc5cfd4e53232536149cdf901ae514409cb160e6571c8eb21a2f092f3b5bfe87,002526.SZ,2024-12-03,5,0,5
0f7adb6d9be573cd9c8f9225b6e8470095284823e9ede7c2590bc8f2e6819f01,002526.SZ,2024-12-04,5,0,5
2d88d29c142403d076aec74d0e6e8c3b93132b9e961f35d86afe6ac1affc9156,002526.SZ,2024-12-05,5,0,5
35147833f4739c0d87d4704641a4f28ddb8d144c2129a3a947c0a5140f88d8bf,002526.SZ,2024-12-06,5,0,5
644e183a5f8a1599fb855daf1d3d6126e17c85b6d939919bb007c393e82e8e22,002526.SZ,2024-12-09,5,0,5
2e3fa3dc649b5014397d9f380344ebaf83c5c0fdefeb981025340a44816a9390,002526.SZ,2024-12-10,5,0,5
78e02ffc398185bb754fa0549056fa76f1c8d2bfe08d4e0622dd88941bcdb285,002527.SZ,2025-02-20,5,0,5
697aa703941754b2c4edbb1ba3df8e12c47e871ca846ca4a5672f6d81f3027dd,002527.SZ,2025-02-21,5,0,5
5524b96fc2ea308088d5d61f740a8ea0a6d4e739f360bda3c6c7b9ee9e1f24a5,002527.SZ,2025-02-24,5,0,5
68737c1010368bc4a786dbda3e414fed1e1a6f444942f88e6e497451d519bdc8,002527.SZ,2025-02-25,5,0,5
7abb6c56d041b9119c7833e410bc927346861ec52e0f5979f18ed9ced6771431,002528.SZ,2024-10-28,5,0,5
46065c59dccdb778337eea1f8334a0abe59c2cd204f59e1ffa3fa2872061bfcb,002528.SZ,2024-10-29,5,0,5
3afabc9af25343f6d7d52b3812d82331a5dbcb59910e3dd61d87547b40b3b249,002528.SZ,2024-10-30,5,0,5
6e726d3fe8a973e525c75b15ce5ee6b440092a6c251702f332d92b528ec5b057,002528.SZ,2024-10-31,5,0,5
41ba5ddaf22b26ef997d391fb2fca7463690370d831eab89d5f0bac87814880d,002528.SZ,2026-03-12,5,0,5
a403f2ffd6f1bc90a72cbe677d982eca2c5b5c74225789e5a921104ce8141114,002528.SZ,2026-04-10,5,0,5
23da463fa316032546afda03e0a7d7b9f1483632f6172460e669fd33db4fb24f,002528.SZ,2026-04-13,5,0,5
932e1f4a4a16dada21b344654fb2cb1fb2e6af6bfa0753141fc6be915a60ebfa,002528.SZ,2026-04-14,5,0,5
a2351fe03406cdb5bcde74ec694157a170fe6f2d6901af752686b8c18a67c2b9,002529.SZ,2024-10-25,5,0,5
f2f4663ac6de08daa161abd7511bd02f32342a02e6e385cd73a1e3cd12e67cea,002529.SZ,2024-10-28,5,0,5
92caf3fc069899927918e8755ed82d84b2af1d5da780fc0deef1815f46607af2,002529.SZ,2024-10-29,5,0,5
662255b4e0f751ebe45afdda42020452091c9a67f48eb6d1c4d093114a12ded4,002530.SZ,2024-12-10,5,0,5
9f6f49ecb5791c9034b2ce3853e4dc145ca1c9be2a16e84c62eedf914f10ce9d,002536.SZ,2025-08-14,5,0,5
e8489d63d80dd9fc4bfab466f17790eec60dbed4ae3af0fea8b6f8bd37911c93,002536.SZ,2025-08-15,5,0,5
35d6d53ec2e72f34b6031a36baef9ba5b7c84540f45f93365d308ec2a658c81a,002536.SZ,2025-08-18,5,0,5
f9317e49740888a6ef1f77480b8e6cf4390fae8267fcf8e70293f12062390f16,002536.SZ,2025-08-19,5,0,5
35756f4b18d2a86aac81c659091b5d92212151f6b0abf3fac934605b985d65d4,002536.SZ,2025-12-22,5,0,5
553779993426490c7b9e425636486dd3cb6b31cf06bced0c2b14273252958bd5,002537.SZ,2025-04-24,5,0,5
be43ef3b42bb2040c312544f8e863540a21d99c3ed7f948e3e04d868d7f639db,002537.SZ,2025-04-25,5,0,5
39d54cba4948ab23311684f454aeddda107d7df7b7f308105ff09fabb1ef31ed,002541.SZ,2024-09-30,5,0,5
8962e3dd83427e2c3e2eee67ea96a1b98bb152d67872538922b8c9e33c702467,002541.SZ,2024-10-08,5,0,5
17b528c5ecdb4b8fd66a1d1cd652854a26910739d1a36e11d8219eca5084a6cb,002542.SZ,2024-10-22,5,0,5
5b38f9fc79449a6724164d7d6f899c8b358a1050165bba98722c155aa7690d5c,002542.SZ,2024-10-24,5,0,5
feb4f0dabddde7ec8ae47eb8431c1d00481287e17ce7ea592d31af5c50354a55,002542.SZ,2024-10-25,5,0,5
a29471725a55df090568e4765f48707957e1cb02dd15b334ceff3b1cb47ecade,002542.SZ,2024-10-28,5,0,5
7a0ec5200e702dba1ad81ee4f25cce6b85e5ba22041e73c42718c6ff25d9392c,002542.SZ,2024-10-29,5,0,5
ef2e684105a3e4a6873faa8189ec888f0f22b1592f68cb1850c15cfb8b7dd693,002542.SZ,2024-10-30,5,0,5
5a1e72a43a82761c0c39456536ff070b664631031d357367bf708e3e70975b06,002542.SZ,2024-10-31,5,0,5
8faea10a1e65ffbef69196373536c81bb2f60fb458813e75ed5e766143756e0b,002542.SZ,2024-11-01,5,0,5
b55c2107e307e85f8c6d8414bf9d5a42f86cd383938ec281515f1dcde18889fd,002542.SZ,2024-11-04,5,0,5
b9ed818c16ca2211f92d2992dcdb1bd2208f9173d644064ef13aabeb2b48c013,002542.SZ,2024-11-05,5,0,5
bfe167059e4acafc5095ec8762eef5c9b25a9dec14d438f8f1e6ca7641bfbcc1,002542.SZ,2024-11-06,5,0,5
8de7e0d4409a59a0310d78b2a177350d873ec61e985893bf3ec55f692b933497,002542.SZ,2024-11-07,5,0,5
f17ac92a79456b7d238950e4d226d07f7144cabcadefae8514a0346a28d7477d,002542.SZ,2024-11-08,5,0,5
cf1e810e5607a5f5fd26ce32ba4578f02c403041e76ce54eab7da8476eb8b80a,002545.SZ,2025-09-12,5,0,5
c5721bd539291a0cdec2f097faedca84c9c4ade5b5c1bef3464ecb28117265b1,002546.SZ,2026-01-20,5,0,5
81f25ddae76ecc9c64dd592cfbf4ecc1005f80f7a29be1c1fd046086c6bc6048,002546.SZ,2026-01-21,5,0,5
2a3a2c3ee796ec374480a895b9808a7cea50d24f25a7511638ceae05b4a347ab,002547.SZ,2024-11-11,5,0,5
37b1b494d8502027d507ab1ed2dca24f335871bc976b47fe38b9f08824b2ff12,002547.SZ,2024-11-12,5,0,5
e6f579f77488387bb029ec302c1f212483ff5e598728cdb7f5a54e00eeb8f074,002549.SZ,2025-04-01,5,0,5
975bd7fc5af2995b6468a27571c102292742871269a1681bf5c6b0bf05bf4644,002549.SZ,2025-04-02,5,0,5
f6a7522ba8c3eefc63b0556f48c47947f7370505ebf5fc0460fe04774baebb41,002549.SZ,2025-04-03,5,0,5
11482a2c18d9b08ac41ddbd281f24f3b1f6c1fd73bb0ab0f777e6727d5642719,002549.SZ,2025-04-07,5,0,5
0b01acab658276fef91fe56a391476540a8e4572d7a82856e228e79732a8e5c7,002549.SZ,2025-04-08,5,0,5
7ed5b490eb9ccdad0d660651a1a17bb14873d37622a7b53a044903bbe8191a2c,002549.SZ,2025-07-03,5,0,5
ab0cf7045a90ee0f998c8e57ccc74f154282cab5c127e0c19389b8eed899b83a,002549.SZ,2025-09-23,5,0,5
12ee093ceb18379d3c2941b7488423b8653bcc291b781e4b73be13f6d1ad1757,002549.SZ,2025-09-25,5,0,5
586e334832f7a96dc17f138d4e4f6b034a89ccb60d41f545f63dca6ffb4d7db7,002550.SZ,2025-06-04,5,0,5
c946f7000f53d4690f5f8fdb58c8684baabd41e03f1ab71ccbc6f574a4f47a50,002552.SZ,2026-05-12,5,0,5
15be1561512aa780f77db63c34b76fa8f407052b2abe3e852c5a93b27a7b7a08,002552.SZ,2026-05-13,5,0,5
2b217093b2b10acaa7eabf97b0fbabec85aaf81adf64e7b9b0b17deb4fa36de5,002552.SZ,2026-05-28,5,0,5
88328f1db3055da8a587508a3f7d2a9295edc3cdb0b1ca31b18864188b0c49cb,002553.SZ,2024-11-21,5,0,5
4367ae46929bc884d19188896a84169e69d63f988e72fa9692bf7b0c835d6418,002553.SZ,2024-11-22,5,0,5
d53581bcc086ee83b5393332057058e02561a1f44b31e1213ef7a3e2e18e3c5c,002553.SZ,2025-03-20,5,0,5
5c3090b681d38b9a912f47f55a81bb2a1e77ddb3c5b9b32b63fa98a83cfb3a98,002553.SZ,2025-03-21,5,0,5
a293fb9e130bb7b33894d956158aabbdcf1e4711d36f4ffb6a2c02f7949f4582,002553.SZ,2025-03-25,5,0,5
013a49a982d3edacddf3ddd8224cb85643bd350fac85854438fed46eb3c10328,002553.SZ,2025-03-26,5,0,5
0181e1800facac8211c1bdb82b552962585d88f1587ebe916a5d222df1d84507,002555.SZ,2024-09-30,5,0,5
ec3688f5607e557f8e1381475834999dc2f5b8da17e0c1e54b236943391a9ca7,002555.SZ,2024-10-08,5,0,5
cbba5caf5e0c6e01b1ff40a532ba70356bded594140252b5bed4c8065d84469c,002559.SZ,2026-07-02,5,0,5
229131d673d152e7d09f8646c92215476465124335870ebd62e7accc03fb5723,002563.SZ,2024-09-30,5,0,5
9b74f6f123a80ca2c6b56a9268f02bbffbce78b8d25efc4269ec14e6978cf64a,002563.SZ,2024-10-08,5,0,5
04dafcdcdd8a4c3bdc8a5ef7e1afa3179395a1242801a3072c33bbbcb8096574,002563.SZ,2024-10-09,5,0,5
1e7486e4222a173b466c59f55f3d3f100e09503013e462a3cc84adc5dc195d35,002563.SZ,2024-10-10,5,0,5
a84b9863f6b2bf3e2ef83fd3b7bb4dcc6ebf61ba1dcdb9bfdfe21a4991b48e40,002564.SZ,2025-04-18,5,0,5
1b0157286513a31f3c7243d4149856701d131e17503f2526a22d025e66dd4322,002564.SZ,2025-07-31,5,0,5
70eb8f00cf1455a1bc772d52f93815a5cc05e2e2f3cc2a78a9aaa6a81fde219e,002565.SZ,2025-12-03,5,0,5
4c17f9c9deddafb859753faf82169b7883b0db3df794b9e349e751e52720c85d,002565.SZ,2025-12-04,5,0,5
3504ac1b994bd514ed159dc23ac47f01269da3b06f8c7876e4af5b00111210e3,002565.SZ,2025-12-05,5,0,5
f957bbb77a77fae33a38e7d267a7af9dadcf302f72d5b1c6c10f1a60ebf2b2ff,002565.SZ,2025-12-08,5,0,5
407bdaf8166af0f4f9859b51a35e042e37ca886338dcb1cc58bc1b15cad8d1ce,002568.SZ,2024-09-30,5,0,5
ed06e6585feb6e85eaef6bc61ff8c4d946cd4a77091414fe6ed857bf99189c7c,002569.SZ,2024-05-14,5,0,5
852cf4cf2d4c5aa32a617ea7120342330db48fb3b542c742a54509265fb4cb41,002569.SZ,2024-05-15,5,0,5
b6f14a3dacdc61821c7ef251f5b094abe4bd8b7ac0f95e81d74022b7a0c161f6,002569.SZ,2024-11-14,5,0,5
9592223be1b3ac7d33a8d48bf32ca9c8411096fa3fe75e7d876aa7e7e347e514,002569.SZ,2024-11-15,5,0,5
862f96e402c045e1d8c6238369a793889a08a0f14393399941e20d7df881ebe2,002569.SZ,2024-11-18,5,0,5
2a822f517680f3c1a6883ba3c715d490fe86286f291ebeb35c689f8afed89177,002569.SZ,2025-05-12,5,0,5
6a28217e0c8362b5f14c443cf9bbcdc236d22c9cc19092bb58c8e874a24f201a,002569.SZ,2025-05-13,5,0,5
3639c6dd76015f80b926c77e43a677dc8f32e418e8b44e11a21e7f6d19953dfb,002570.SZ,2024-10-30,5,0,5
a4c2724ac368432497a4da2dd32305cb381b23b0bcf12981f4739c10e16f5c02,002570.SZ,2025-04-11,5,0,5
3e1e1884356c8990c5b44752916e05c1bf767fa7933db2e206501f08c614dcb0,002570.SZ,2025-04-14,5,0,5
a3baf1ac5ddd7b1063ee8e9391cd9bae24d280e81602e174c729754a55494734,002574.SZ,2025-03-14,5,0,5
01031512750ef1bcb31778b41872fcd3421c0ed792f6b947fadc774607c542a4,002574.SZ,2025-03-17,5,0,5
af37e6b10c45cfb44e98aead954f258cda703277ed0b06ab49ae882dee4562fb,002574.SZ,2025-03-18,5,0,5
9c7ee0f079599e81308656c7a6a651cae12e57c7d7fac8ad6130252a3b74c613,002574.SZ,2025-03-19,5,0,5
35dcf100803fa0bb50e026d11dc3ea3a7d8f10f3176c0f2871fa6f7d45473457,002579.SZ,2025-06-23,5,0,5
c155b6c678c7be63053647b5531a8fca295c8c037c39a82d860ce4e6a69dbb03,002579.SZ,2025-06-24,5,0,5
a191234a4fd1ee183c760ee5f74400252bfeddc00ce575ac3581a3680edca4e2,002579.SZ,2025-06-25,5,0,5
cdcd6680118835ad3c3954c04a964b82824e818bbb2240bac054fe4a5fd6a25e,002579.SZ,2025-06-26,5,0,5
5e5491d2494a5c351895a2744653327ccf6f2e93d62a8f76b394439766643607,002579.SZ,2025-06-27,5,0,5
0c90c4be915c1971fa1af42445a101cf3b936415db7d3592e831fbc2dea7d601,002579.SZ,2025-06-30,5,0,5
996989334ac9bb9852e4175116f88ea7a5519938af1622e9e32e2a6ceff30639,002579.SZ,2026-05-28,5,0,5
0f91049845879b7434b6433ab32fa63e9de5fa5dc9f37f31ff47e85b832527b6,002579.SZ,2026-06-01,5,0,5
d23ea873f1a9cd3dc1892c729f2bf8fd434bec3971c4261eb32614f5e9813c0a,002579.SZ,2026-06-02,5,0,5
a9b93d7342ea6b0e967b019b2641aab8a06d5133220364919ec48a5870842961,002580.SZ,2025-02-26,5,0,5
56a5b433cd6b459c0df79c9e1a0466a71e7e83d3af56a038045f91b5caf9da8c,002580.SZ,2025-02-27,5,0,5
e5ff90f129c20779d97c0b4b38bf20aa2c346c1058b5000b83c7295490123dfe,002580.SZ,2025-02-28,5,0,5
26dbcce6f9c7f5a553a46b303f7b5dd1f776aa657fb11e3a126d825223195bb7,002580.SZ,2026-04-14,5,0,5
9cfd03b0934c63cd139224952e9de6a7160420b25e2b4a4bc1fd9ab45528de17,002580.SZ,2026-04-15,5,0,5
0083f88a8d8163017688e42b4b7fa747745cad621176437e5f75cbe76e2356a4,002580.SZ,2026-04-16,5,0,5
8bd6e3caa29a42da349e2841bbee544120a78ac93d6f2468331db422dfb49832,002580.SZ,2026-04-17,5,0,5
0a923c397d23df529a67b44e82e0271eae5f194c94ef189dac3c3327c4f4530f,002580.SZ,2026-04-20,5,0,5
c870580e5d616979082e1d1ab06d4ac75be7f78f82f592a89eaddcb519389623,002580.SZ,2026-04-21,5,0,5
1b26af7a875b5f984deb11c15263e551c9e99983db7a0d75adc55b83b324f167,002581.SZ,2024-10-08,5,0,5
2acc3a2e1878a929399ddb196f4ba34a463b999ad1ff1819f8f3746459c628e9,002581.SZ,2024-10-09,5,0,5
ba75c8faf9bd5da36f5c7ca5a10e90a0dfb111ce6b12bbb430d1c68ac093fa4f,002582.SZ,2024-09-30,5,0,5
b669e7ba406536dcb5b1a48a6ba5b96b4414ae0296f7964fa2acd339ca95449e,002582.SZ,2024-12-02,5,0,5
df7072254aafa0e405cd08dfbb66dc94fbd8914441b82299080dce278913603a,002583.SZ,2024-09-24,5,0,5
786f33adacb4e17db5f28cdba83e1c18f6f4e4220a9a3255a3dc434b0a0156d8,002583.SZ,2024-09-25,5,0,5
7f3730f8dd7f6df943db8eba0648b05faa5b8aa08957fdcb80bc0df82925cc81,002583.SZ,2024-09-26,5,0,5
fc73cf1a60ced01d31ac618ac008c8528723576f8ddc58bd73ef96e37d0ea6e6,002583.SZ,2024-09-27,5,0,5
9093437c6074d147a589e5b8ace5c87899a5fd2bf71ae51a55bb373e2dee97a3,002583.SZ,2024-09-30,5,0,5
145e5e6c3d19ed9f399e83c5c3341e010ebb0b95f694aaec1fe8668c5485e9e7,002583.SZ,2024-10-08,5,0,5
cc2dffe9dcf04a6d39116b5d19e0e41a77982d2c3d91dd691a3a537f176a97d0,002583.SZ,2024-10-09,5,0,5
78fb77e4d8816638948123d22838e364acd44ef01a6864d389b7ca54d98ea6be,002583.SZ,2024-10-11,5,0,5
a6abe4eb801e5621a7bc7243d19f8dd6a91ce9310eb7dd582fc9ee54e0e71c24,002583.SZ,2024-10-14,5,0,5
81d348f922b17ddff19794cb46c8fe0eee615b61aad1dd3c76a01ab2af9199e8,002583.SZ,2024-10-15,5,0,5
0dae667a3af5b934e976ea69942bd7be3c0f3386f8781ccfa8cef56ed9224359,002583.SZ,2024-10-16,5,0,5
d3d1a814ef59020019a780cd354abdea8b91867005b3740577ae4364e942ce43,002583.SZ,2024-10-17,5,0,5
92df1b6c435c9844e63dc574361232c8c5d7b57600a1745c16a6596109e60897,002583.SZ,2024-10-18,5,0,5
c211c77cc48bcc09d170e2cfca44aa9acc01196b6847145e10113f0c1669000d,002583.SZ,2024-10-21,5,0,5
58562109c43ffc8eec9734c74c874b0dc4adda972a648f1b08ed3a0bf58e23db,002583.SZ,2024-10-22,5,0,5
6223d1b68c78d833c568c03aeaa15a64152a8a23f140e75d3470fe77d1b7df3c,002583.SZ,2024-10-23,5,0,5
cc3bf6eb40ca986f026674e56f0baaa3cef2fff60fd0188f10b3d7333a194a82,002583.SZ,2024-10-24,5,0,5
fb186a421c3d6e16c6c6e542c6dc6bef4bb5629ebdd7e1b20adbbcd6c59fcb1d,002583.SZ,2024-10-25,5,0,5
31722257b5e68f50f054cadd32c4b71b1f25f9de7a64ef5b625614b3f72998c6,002583.SZ,2024-10-28,5,0,5
f23125711d328a2a966e8c52c24f092a5ce9ff70a995dd839fe7873de0fde63f,002583.SZ,2024-10-29,5,0,5
4848ae6e34f5bffac482a78839f9a3326d44ee04a4d2990806585b174d6da05f,002583.SZ,2024-10-30,5,0,5
0d5eccee4258d2295eb81ec6a1dc1639c702662e0f6661131a577e0dbf0eab05,002583.SZ,2024-10-31,5,0,5
63edcf078945dc8f8ffd5ec395dc16a06eb7c84254d5b78f17db4bc069317909,002583.SZ,2024-11-01,5,0,5
e1bc5b1a40af0e438594c75b19a995e7e259919d67ffd0540f5088466bb25520,002584.SZ,2024-02-22,5,0,5
824dc0197668a7448675fa09958a827a34d309317a6b09c70c0c7f8081a75c2a,002585.SZ,2026-05-28,5,0,5
07b71ccdb6763111bcd1ae82607b614de2ded4a6f9a4f270387f06baa0659c79,002586.SZ,2024-05-20,5,0,5
4552e975c2d65d5780f4a6997456b2586decc1144c5fb97530fb465c5ac83665,002586.SZ,2024-05-21,5,0,5
59d628c68db1dc4c5ec5c1e271d7a3c40e5c4270d4301f2a335f492c8efc1dec,002586.SZ,2024-05-22,5,0,5
10ef055dcf296a00af4c2fc46be4851c56137ed721819aaece6fd26a851ecd88,002586.SZ,2024-05-23,5,0,5
5b5f1f8977f484a5e89f8eb990d50b4f5fce561c6241d327f7ee151e015abcfb,002586.SZ,2024-05-24,5,0,5
176ff88f95f8f9f19d49f5a3f977173cca02b55a863754fbc95b1eb2941ed43c,002586.SZ,2024-06-13,5,0,5
9254551ed37f017944c368cd4dd58d08b2ff4de144494ea8c7cd192709c61c1d,002586.SZ,2024-06-14,5,0,5
df4539b3779c2d5b54ca1fa25abd50615cddb18c1b0ad304906916127cbbc9df,002586.SZ,2024-11-12,5,0,5
d846bdffc6c56861b511d8c38a8b5f8f78c44e919169eedf9053f80c3bea9c6b,002586.SZ,2024-11-13,5,0,5
11a8071748734b1bdff19d1fc28ea0c7ca784744cc113adcb33da5415c3d1646,002586.SZ,2024-12-11,5,0,5
e6ac411ddefbb4a061a5885f3d63c61d97dbccdd370912e8d8d69665e62a77eb,002586.SZ,2025-03-18,5,0,5
6a0f65b38e1382675cf5f6c36185011b3a9d02138430ec848d71e2f43beaa3ec,002586.SZ,2025-03-19,5,0,5
a40a806f28b6bf858b78844feaf6a7b84e60d3a55d3048f54a76bd03d08b249f,002586.SZ,2025-03-20,5,0,5
bf396b14b3d36d1012c3d2600cbaaeeda8eb2e447320c63aae7329dc8650c37d,002586.SZ,2025-03-21,5,0,5
4fef441edeae858eee2aa2efd96a721f76838eac469cf83f1a7ae10ac047ea10,002589.SZ,2025-12-08,5,0,5
12461efb69c2c153f90bed8b1084efdf62c8b136a9cb9cf755bb855df6ac60e6,002589.SZ,2025-12-09,5,0,5
91284559ad5e8393d1837993176ec3eb6c8f2a52620b6802ca3a804a81296e6c,002590.SZ,2024-04-23,5,0,5
44df5953a89accab6c75692319b8a08fe4e539a78334c13987132da1f4d370a1,002590.SZ,2024-04-24,5,0,5
ef988f9c8a9a181d0962cf7a63f1e43e3a55a2473e80f1d5d6f314550a0ae608,002592.SZ,2025-12-30,5,0,5
d2544ba0fd3b9947232d966587c5562456cf9239e544fe793698945fd2fdd972,002592.SZ,2026-01-06,5,0,5
8a58027de42f2a755d78db4acc52b43615eb79c7bed5afa0030243c6207f05c6,002592.SZ,2026-01-07,5,0,5
a0ad8bbc4e1275cb7135938aad584ad414b235bf8b20c70c2575dbc0625e12d6,002592.SZ,2026-01-23,5,0,5
bc10559d7fd4f81f6dd857970aa62b7142f4a634de38aaea2715e6fcbaf7d82a,002593.SZ,2024-12-02,5,0,5
9e58b99eb61946a39e925c582fd485c452de01d9793d68672cbd676cbfd0ec16,002593.SZ,2024-12-03,5,0,5
1b1d797b236fee201279f854fd47a510b2e9892f453813d3626ddadfef3521f4,002593.SZ,2024-12-04,5,0,5
4668b6a935d1dbbbafa86fb3697b409fb4f334d8aaeb4a2cd0e537e84161f404,002593.SZ,2024-12-05,5,0,5
8134f86e04c7eca24f07892db9609d5a13ddc21b4cf1edbaee381ac2aae9d618,002593.SZ,2024-12-06,5,0,5
0b7de3b3628ca43712f28b97e2cfd6c10a39fb77ef95bb8b0eb7aea3a0101d76,002593.SZ,2024-12-09,5,0,5
d4a4fac97beb019b735f16fdb0de351f38933750e0e701ec56432147eda965eb,002593.SZ,2024-12-10,5,0,5
ddaeb07f72662b5b925a63f2ad898fa0330bdd4a3d60e003e65d5c6efc8c1f5c,002593.SZ,2024-12-11,5,0,5
e6588ea5258ee92c6bc349a71d5a45ff8f5ec11eb8daa1b96d910d8e49d0b68f,002593.SZ,2024-12-12,5,0,5
234b0e3fdac13f116b94edd145e70a0c9b1fc61825f81d26025c27538ba27e9b,002593.SZ,2024-12-13,5,0,5
1330a08fd1494bfda0db23f383757c7c557034dcd598792d725fc24b1dc8fcae,002596.SZ,2025-12-01,5,0,5
6090f4059213be4d23f20b54e40ebbb7c28bc2c384c2a8f2af1ead7c391cba91,002599.SZ,2025-02-21,5,0,5
35dbedaa2b0b82d8974d272657c3f173f1814c7a98edcca76a3bef669a6a4bd3,002599.SZ,2025-02-24,5,0,5
41eaa038dd13649405a8c4c209dd6159fcebe90f40a609f23a4bd1d013795d98,002599.SZ,2025-02-25,5,0,5
b2d7a88e85a4c97d8f3ff2efef91128b6ce42bdda3bd5363d8c68665ba50aadb,002607.SZ,2024-08-05,5,0,5
f23826d42da213e06cc9bbc83f3d18a939b3fccdcefbece6ac3cf2c4879c0c81,002607.SZ,2024-08-06,5,0,5
086100ae1ab339b25a91ea2a6de9a378ab4adf42b13b86371d01c1f2876344e2,002607.SZ,2024-08-07,5,0,5
5f2f12a2ae4f185c532ddb352f7b03f36a463f7f13e1d60ed317eb5149994030,002611.SZ,2024-02-28,5,0,5
efc327b1827a4b6a324f312a52b5d6abf6b15bf62e151648d8f482811a59cc74,002611.SZ,2024-02-29,5,0,5
c9ef6e612a3d3d00c578668c54f5ba5d6ee3947838984ea43f95a79b95f97ddd,002611.SZ,2024-03-01,5,0,5
b76076c024bea67119ab4e66683cfc40b86e1ea87926767ade69178eca77fc00,002611.SZ,2024-03-04,5,0,5
a181a014ba7464bf381e4f367a2709ffb991fa53138f40b0b69055533475f4fa,002611.SZ,2024-03-05,5,0,5
2ba94527003ab673728c26d0f212c1bcfb49643675efbff1a0bafe0ee631e9a1,002611.SZ,2024-11-19,5,0,5
35735e1298d7db80ebcbb17aa120268f33021ecb79ecf9f0299fc3d3d65a62f8,002611.SZ,2024-11-20,5,0,5
a5b7d69a11f9072af0ea353c4402375aaf5ea1afd99f37a5ff2654eec506a553,002611.SZ,2024-11-21,5,0,5
b8ccf7f2d12229cdc7dec40ad1d7fd1d7cb185d26f9697d8bb10b8e78e99c3a4,002611.SZ,2024-11-22,5,0,5
bb4970855f1163306ca17c6e6396dca3ea86f3182ccec5a1c5611229c8a566ff,002611.SZ,2024-11-25,5,0,5
749f96e5b29e9614c3eb51818eeebc1ec7fbd0a431019921e1017a891022d86b,002611.SZ,2024-11-26,5,0,5
1fab3f743f160a30ee2deba16a2d41a99c516dc74a5d744cedc35662f85478dd,002612.SZ,2026-07-30,5,0,5
8b57c9c0785e2bf56dbece69166649257e1a1355a6cd9b701892376f8e3701e5,002620.SZ,2025-05-12,5,0,5
3231b8c9aee05b905489b5c9cbe264eeb62cb00873f356eb6a2cff51add37131,002620.SZ,2025-11-17,5,0,5
622814a08085884b66e2d61cc43a8753a96d670ca2aadd7aa9ad0b16a4e6ba4a,002620.SZ,2025-11-18,5,0,5
29b7ce872e087dd54a7274b3832f2c6d6f43f0a9f74e9c666715deae618e00a5,002620.SZ,2026-03-26,5,0,5
5959f013d6e5d8efab7cf29b617e19ea49c34cf7ada96e041094414996e7f511,002620.SZ,2026-03-27,5,0,5
5a95e5f5743592e7cfb96b8e2f90328a60a50606b2cbd19ac0bc03b7769eef2b,002620.SZ,2026-03-30,5,0,5
af4da345e94d283c62b8e1105bb677cd636185ee7cd2ef5a63bb3a95bd802ca2,002620.SZ,2026-03-31,5,0,5
5f6b892d47f40ee8b2bb07d89f59f329ee876d3947277b68bee95522f6f671c0,002620.SZ,2026-04-24,5,0,5
477448035004160837bca1d6afdd0f3a094263aeb951329ac78b1fbe3d3bd290,002623.SZ,2025-07-07,5,0,5
380e2996b11795171afa51c90d29a4ee52ecfa2133f20c7efa785c7e8e469142,002623.SZ,2025-07-08,5,0,5
a87af0a04ecfd0bdf4d85910147ffdd4152428a4b1be48d7f2a4a9dd365bf146,002623.SZ,2025-07-09,5,0,5
5569dcbb723647f260364ba635d813668678faacb09b08c3d5810570e31f25c2,002625.SZ,2024-10-08,5,0,5
dec40c8d70bdf750898b6045db63c8d4edd2b3cb63cc68daa00d02b528d4ab3c,002625.SZ,2024-10-09,5,0,5
eb1e3f92b5becd412bec8109ca33fde347881f375c368635f1677502f71c18c0,002625.SZ,2024-10-21,5,0,5
e241fee66a5c084220592d6ec773ceba844c86b295a5f0d2cc840b6bbd93d6d0,002625.SZ,2024-10-23,5,0,5
a40708439cfe4de063a0eb61e1a8897aeadb10935bb98e7dd553cb73feff693b,002628.SZ,2024-10-16,5,0,5
5a086956265715fae1cc7237c93e0dc209ddf0b760e199b887fc216917fbda63,002628.SZ,2024-10-17,5,0,5
a1a3a8362aee37a71a917c6d0ff03dfff9bb376135b7c13e72640355e84c3b91,002628.SZ,2024-10-18,5,0,5
e7ee4202a056c03d04b71c726433f0eb802bac8b4a96f962afaf971a703fb258,002628.SZ,2024-10-21,5,0,5
0b814d71549d21f200a891830f28ad17732497c7ad4ce054fe31d90f63ce8073,002628.SZ,2024-10-22,5,0,5
ae411410badd1301e944a4fcb04327d50b807c73c9b83ba151a1349a725574a1,002628.SZ,2024-10-23,5,0,5
142b9e2061519597c588faae54f311dd71c74802aac1b19c9da3006ab9c8eb5d,002628.SZ,2024-10-24,5,0,5
ef1a6ff06f3a8f476e7ba204e39462d677f8eede402aa836d0cba22606c729ef,002628.SZ,2024-10-31,5,0,5
959f6a5032dece28fc55a13adbc2d8095cc598703dbdc0c2b118255230c7d4e1,002628.SZ,2024-11-01,5,0,5
8e93e47a60de5fbb5b4cfd929be73c1afec5f592be4d81abf1328740ea8833ea,002631.SZ,2026-09-18,5,0,5
5b3c875ee34dbf9666b9318748e1d9a066ce0421f8b060c7caa5af7d76e3467a,002631.SZ,2026-09-21,5,0,5
50bdd6d188fb2a89a4e9c071bc1ba176b96ec0d6da85f6de441d197df52626ee,002631.SZ,2026-09-22,5,0,5
ecd05f6b12936e9ad43a39d617c11da1a76f754f3e25e5c9db371e6aa0257e00,002632.SZ,2025-12-02,5,0,5
b2aac7e2b77ca2acab5ccf36cc6e8bd99c1598e3fce27679d8099c9bbc9e95e3,002632.SZ,2025-12-03,5,0,5
95393079abccda0e12d98fd98c6cd64a4a4e6e49b7f1849ca18ee413cae9f731,002633.SZ,2024-10-30,5,0,5
d0d31834c8a09b58ee2789b8f2f9b739316403ed401cb7e7a23b6ef002e3ffc4,002633.SZ,2024-10-31,5,0,5
7a4f36ed6262f22f794b52ba9e0d82e89c640522ea3d70dc39e78ba87d0958e7,002633.SZ,2024-11-01,5,0,5
9d8853a196fe90ed8516e683e2020fc4582b06b7f804d2b7edd5df4f210dfd81,002634.SZ,2024-10-30,5,0,5
ec1fc5d3d8f3314e16f1ccb2f014425bebcdc90390be172f9e6b19788b0c1b6a,002634.SZ,2024-10-31,5,0,5
db22a7fcbdbb105290d63c713f3849fd1813de8104035d2bc0f48e24b30202fb,002634.SZ,2026-03-31,5,0,5
7d45025b8e5707ecdbc6b8a40a6fcfc09334911149319a87fbed8f0dbe9fb698,002635.SZ,2024-10-08,5,0,5
cea06edf1f633c4366211e136bd1a1ded0bd816a6e9be5bcf1e892ff4eaa5f8e,002636.SZ,2025-01-17,5,0,5
6703c05ae5ac05e410970b66c2c70d256683f91c9f22d706ac9d4ad7a95f95c6,002636.SZ,2025-01-20,5,0,5
d5b3fc7471c34bd23a716113a200d5255223a292a3ebe3864c594c03292fa1d2,002636.SZ,2025-01-21,5,0,5
1a866a751e2e8f99589f3b55f5714158fb0eba1f1043b785468d1790eedf9bd0,002636.SZ,2025-07-08,5,0,5
74018012e41047cb2c24137aee8de5b74bdbff94f32f3c42a3dd3d99004d622a,002636.SZ,2025-07-09,5,0,5
a51183c5add86413a52cca97da8565b9719329a4dcaa546bf7ad2344b118b0bc,002636.SZ,2025-07-10,5,0,5
2d39df99ea2d9386e5d4dcbabecdacb645b60bc76f1ab07227e6ebafc60c414d,002636.SZ,2026-06-10,5,0,5
1226e9655f8e787720395d3b3e67fcb91ea9b63c9ede7318ca6074beed947df7,002636.SZ,2026-06-11,5,0,5
c067c28f97f7ee2a54c01348b60f3fdbf0624304fccc9b3899bad0312b95e568,002636.SZ,2026-06-12,5,0,5
19b94a9485d034930c3607a8af62e61e9a1a6a851a236c221f1db0041dbc608a,002636.SZ,2026-06-15,5,0,5
77946a1cc45bc8e8b7ba67a4d325ba0eee221794e36badab1dc902dd61ecef5e,002636.SZ,2026-06-16,5,0,5
8349b17dd619023f8a470a06591b9651b1e71c04f1c95faf2e7f326a385b69d6,002638.SZ,2024-02-21,5,0,5
015660c994ea7e4876e973cc4242708f713dadd37fe6554c7ea930c5b1809b7e,002638.SZ,2024-02-22,5,0,5
dfa60419612a49e0e7f1cb932be1a7628551af96a25d355a3a1bc1c5e81f7725,002638.SZ,2024-02-23,5,0,5
2af50df1659e55fe0cced670202fb21c1fc75722e14bdd1e4cb6a4d547ff6ad9,002640.SZ,2024-09-10,5,0,5
ffdc2c93df92bdc4d800e1ea7c4ee031cfaf651b1730e5f9cec46246a554a8a1,002640.SZ,2024-09-12,5,0,5
6615caf59ad7efcbbc6e644210a788a6a46a06ec21e994afdd3d54302bb7dc29,002640.SZ,2024-09-26,5,0,5
e0f9939e74c6b08f8b34ecabbfe12fffc197a38ab66c59017b75a2290310a554,002640.SZ,2024-09-27,5,0,5
f74e28cf1453e0e13be3893f7a2272ab8be2f34c4290e9716374c6dc73951008,002640.SZ,2024-09-30,5,0,5
c8288c292cb7b28af1bf7c8ea5d7e959728da52eb253e1db3a897c44ee9da1b0,002640.SZ,2024-10-08,5,0,5
54d63687c97fdaf0379766348c355ff1f13059a7d3c02dafb9739975c9c92a6c,002640.SZ,2024-11-28,5,0,5
600fabcb0b5d3ff067aef86b1b16570d5919de1acc4f3da88762c27f169278a9,002640.SZ,2024-11-29,5,0,5
80c91f65f34bcb07ec976e7ec6faee23d463e3a7e41096f5fe53ee8403ac8745,002640.SZ,2024-12-02,5,0,5
5091579776f6d8fb60d6fed84c85d05b7173e846b483bd295a775375e699fc92,002640.SZ,2024-12-03,5,0,5
16689a2d1b704fa2c904212e6ea72cf5f4f8c920c2d16f6197a5605bb9a3600a,002640.SZ,2024-12-04,5,0,5
f54220d3cd052eb6b63d7c88fac68611d834190907eebe6940cae18a4ad4b019,002640.SZ,2024-12-05,5,0,5
e1294ab3179b4b64cfcddd03235df611975decd6b386a2ac7742fe4e79cc0001,002640.SZ,2024-12-06,5,0,5
ea946f8dee4f1dd0fa3e7c1021127bd3fd5c7f923ea1df89733a7e623336a0d9,002641.SZ,2024-01-12,5,0,5
617848612453c55f3807bfc7cbdfac9b92c8362a852fb7c97adaf231aa916bad,002641.SZ,2024-01-15,5,0,5
1f49ddf659deb31502866d4a934b3db424c1e5159281c7f43a04dce394bcef9f,002643.SZ,2024-09-30,5,0,5
de9351bd6857bb94060b202219f6f8dfefe626b2fa58afcd397afba1010cadd7,002643.SZ,2024-10-08,5,0,5
3cbf1fad15e1061f1115c849b8c48305dcb18eb1e161c7f14710554929b4777c,002643.SZ,2024-10-09,5,0,5
1400b60a3c53a8cd9d511fa4418b272691828bfe15bd6cdac29ff99dda3adae4,002645.SZ,2025-07-16,5,0,5
0ac5ce1403a2baf79879071b3a612adef22dacca398c7f78342efd5b6b018fdf,002645.SZ,2025-07-17,5,0,5
a27d53c6d295abd0c61fecabb0d47e99a359d376d246d6eae85020f354b396b9,002645.SZ,2025-07-18,5,0,5
79a971b04a3572a2e5f3313d88227d5c4585ad33322d7e6077e4684c1675b1fb,002645.SZ,2025-07-21,5,0,5
6d61c2023cf42c864b3417c2fe84e08f9819dadef36d7543072cc498eee807ed,002647.SZ,2024-10-09,5,0,5
9efec52697500dab000e9475c4e946b9d7cf6d5a42461360d71ac0a41e15a20c,002647.SZ,2024-10-10,5,0,5
c6f42e568b22250c2057ff33d73ff0c40f210fa864a82a711002a6430f5dcc91,002649.SZ,2024-02-19,5,0,5
7210c940e3a1310b94840a5876aa94beef6c49693227b463d7ab3073a8cd95ff,002649.SZ,2024-02-20,5,0,5
09963060c97b63985f0dad70aae6f9f646d302bd57aea4495d9bb754328aa8a6,002649.SZ,2024-10-09,5,0,5
5b82782cbc25430ab8b5debc08668bdd9bbc0a82d0786b41c2bd382ca5208e59,002649.SZ,2024-10-10,5,0,5
6c1f019eacffd9751b19fab4987c23556f23427f8ba0d2b7952ce3aeaf68edde,002650.SZ,2024-06-18,5,0,5
3771737705daefbc427ae89e58a4e4625bfcc6536d782540bc247d43aff8b2a3,002650.SZ,2024-06-19,5,0,5
68158e087eb13f16c5aa8fb7cb17bfaa81ed1d1a8c557e8dbbf4ef7fb74a8efd,002650.SZ,2024-08-26,5,0,5
59797edf0e8fd9a9d0ab1296bbf1659a7703e23421a0d5021cdd77063328dc07,002650.SZ,2024-08-27,5,0,5
8a54a3ffe93cdc6678db3831a5e4150004abc3d1af82332e09e0faecce4740d5,002650.SZ,2024-10-24,5,0,5
f1295e79646f5593685e4f412ceac99141606616b57b8a6c2f7469a7d279bbd3,002650.SZ,2024-10-25,5,0,5
06075dc3d05e1ef1a48d30131893d04a90fed4b1daf527271afa6a7320ec32c4,002650.SZ,2024-10-28,5,0,5
c07a59d9da0f2dbea091172208ef5fd9ca3f6cac68f75c09af632af8b4b24892,002650.SZ,2024-10-29,5,0,5
17208f86b33a9ca1bb476f2cb11c7037d9d1b1c16a9f314e230d9e20bae5b562,002650.SZ,2024-10-30,5,0,5
856151a2a06ab2a559c386497aa1fd15dae404f8d594f8ef11611007208470c3,002650.SZ,2024-10-31,5,0,5
0457f12784bc55a242271fa65fdbaf21a71ce703ca2d48c1d9ec3a9e504290eb,002650.SZ,2024-11-01,5,0,5
1018855b51f0c4346550f9fa03fdefaaedf1c8f4f88e96a2a591f868766600c1,002650.SZ,2024-11-04,5,0,5
0a0dae806391fef1be2c75df5691f778315570f0a0e0277a2b3d13660a4c030a,002650.SZ,2024-11-05,5,0,5
084ef40b341bec3a00cb0aff636e00d9f059fc392581b4a722cd0e957770e21f,002650.SZ,2024-11-06,5,0,5
052eaa0e827b92ea4db2b917ccd7742cd92c2c1981293c00cc3ccd6183e3628b,002650.SZ,2024-11-07,5,0,5
3c099a8009acff827e105050222e478ccaaa8068d6ab332c81579a7cab35c592,002650.SZ,2024-11-08,5,0,5
bf43b074176c97f2901e9634b5ad07e719e981429e00af76e124c2b7eec9b834,002650.SZ,2024-11-11,5,0,5
86620b9454543d98ac9f8d3818e5b98afab3b80b6fe59bfaf47499be251ab5ca,002650.SZ,2024-11-12,5,0,5
c18d3c590bddb2a46d2c315143eb22a094b436e1b80798067767d837683b7bf4,002650.SZ,2024-11-13,5,0,5
7e5d22e1c9fb70f4b5d1201fad93a4654d0caac4ef7eeaa5d51410f6d0b9973e,002650.SZ,2025-05-07,5,0,5
95cc983a44da85a4c69009d2eae84c64115c838719b8d42b9f9c9cec02cc789a,002650.SZ,2025-05-08,5,0,5
86be99e2169f054c6d83ad408e90f2ede090240452965d111a7475322fd983c2,002650.SZ,2025-05-09,5,0,5
946edd01ceb8d6d0bbc726f898311a9f17c7602cacb224122101487e388f51cd,002650.SZ,2025-05-12,5,0,5
c807fc196e1e5f89885cee233930e32a574a3606688427c8a8ab4b21940c8e6f,002650.SZ,2025-05-13,5,0,5
a139ca9d1a00b8de23e5d97caf27543a83eef560ea72d4310bbd5dfbcab035b1,002650.SZ,2025-05-14,5,0,5
e445d4b03be000e2696c169c4ca31e6a2e5c7cf6457c819fc2719d144a96d530,002651.SZ,2024-11-08,5,0,5
889a4a5fc95dda5602e7350740fc274f89ed2b083ad220941d4b9a97aaaead91,002651.SZ,2025-05-12,5,0,5
64f6b3f1bee8c3324c1a9bff37df9bec784eda0ca67ac3a94f48a0744ca3eb2b,002651.SZ,2025-05-13,5,0,5
e44fad47c01f5f67a9951725194913e2e9a875c3ff8230decc1c337fa2e445a0,002651.SZ,2025-05-14,5,0,5
e6cd647102c7197722a6bfbfa51f23143438de89282aaf05087716310dc03f53,002651.SZ,2025-05-15,5,0,5
666da215f2d8c676ba6709ce30f0e95dc5496ed3bab3aa7182bee1787ce25bbb,002651.SZ,2025-05-16,5,0,5
36b78b052c8a1378d38bb8aa73d991e15410df44fc04543f1aa5fe912408af7e,002651.SZ,2025-05-19,5,0,5
568905f01673205bbdfe869a6beb24130202f41a450366032ae3242b829fa954,002651.SZ,2025-05-20,5,0,5
79e47e4f592f34b45c346c2e131170fbfed56ad8b570bc6d7da8c69de54e76e6,002653.SZ,2026-07-02,5,0,5
d494161bffa86fca898686a5bf4744b8a410ec6d9711d1ea595eb85998068b9a,002653.SZ,2026-07-03,5,0,5
a069a1700ccdbe63d1471db94510c749c02aa1ff66ef079c3bcb5027bc228f2a,002654.SZ,2024-10-08,5,0,5
568d6cca2944af5d03577fb42d0fd8d23a1cacc264d15798ef92b620d1e23fe1,002654.SZ,2024-10-29,5,0,5
c416872b9413397473948d9af3398d693ab8adc087432fc2efed077322584789,002654.SZ,2024-10-30,5,0,5
28cd0279046524384887239b0e1e18668255dcaf9dff84954679d5cc5ef818bb,002654.SZ,2024-10-31,5,0,5
69d1d6ce04b3b6c0240e65ab5255bb2a68e42d30353c5c83838569f237277084,002654.SZ,2024-11-01,5,0,5
e7b44e7351124dd551284cc0263f7f3299084cc1b025b74b9cdc7a61404f380a,002656.SZ,2024-10-31,5,0,5
9478308857ff049b6a4d38a936aecc64eb27b1f48eb436663c8d2a7a5b07363e,002656.SZ,2024-11-01,5,0,5
2329e71964b14b1642e426ea4df35ef53de4fe9800d6ab4e7d0b0bd96e26724f,002656.SZ,2025-01-20,5,0,5
d6c847dc67ecf5b1fe23230f33d196d8f84fe05d2d1620befd1675de472984ff,002656.SZ,2025-01-21,5,0,5
38b533ce206a9534b0cb0fbdf7d912cae4f4fcbda47cd8f25618162a34ccb2e7,002656.SZ,2025-01-22,5,0,5
ac96b53a56f4e70ffeb6137d7c64876fc687874e7ed2dfed07b888577a59fe89,002656.SZ,2025-01-23,5,0,5
6044b755db3f87842f01ecba0c28af41d335761017060140c8b0c7984d7b274d,002656.SZ,2025-01-24,5,0,5
42022aec2b32ef4de658110c0d7ab110a6527d0d58a330a0099f5851961250f2,002656.SZ,2025-01-27,5,0,5
797495ae5c9102ab3e6960e8f8e9880ba032297044908062d2309de092ea9c74,002656.SZ,2025-02-05,5,0,5
aad7aaa498ff2a65077fde2405bffefd889dfdcacfea5c329d10e48adaff3553,002656.SZ,2025-02-06,5,0,5
131722297fa2fe4c5df05330d1a45f960cae52ae606d138ee57300cac97da376,002656.SZ,2025-02-07,5,0,5
c33b43b9f392af3c9adf8dedcfa24a0767b3c30eaecb7b8570c5807b1b518c95,002656.SZ,2025-02-10,5,0,5
e81d70164b43652bbefd06d26aefe917dc911697412989fe9dfc61cd4eeefab4,002657.SZ,2024-02-21,5,0,5
f8bdb67f585c410cf5480b02680908c5031f0fa64bae330615b4241ead63b03e,002657.SZ,2024-02-22,5,0,5
1ad13c0f960db4803db04885b528e5480669abf564afa69e0fef21555a5a637a,002657.SZ,2024-02-23,5,0,5
7aa03c4b5584bac1cc1961ecce9b311365ba748857ff4a67717766fe2b47f7c9,002657.SZ,2024-09-30,5,0,5
dca7fb5e0c4f7897333dc96a22fee61c8f66cf3e79500c47083105964ee33678,002657.SZ,2024-10-08,5,0,5
4fcf227c7bf667515142b54969c8275044ddea36489780f18fcc7f10d70ed03c,002657.SZ,2024-10-09,5,0,5
213b65ef8edd904653cdc9870c9bd193ec134f15bf6c4f7ce23cf021574d9f23,002657.SZ,2024-11-15,5,0,5
8e37e94129bb71b7503dd647d5a372c18dd1f8ccfb1772d0ee90509ce84eec43,002657.SZ,2024-11-18,5,0,5
32166006e8d2d9739223055d1e08239cb73fa3d8e1122092a4dfea1c0501b7a3,002657.SZ,2024-11-20,5,0,5
dcfd47ac2ee6c9ffc4644dbf55ebff3422f365ceee3a2efc686942bb59c3c6d3,002658.SZ,2025-07-03,5,0,5
6feb057eb37a05f4efe5d8a7a821f85f99e2ed4dc92bf08a7aa755986b9ec7df,002667.SZ,2024-02-22,5,0,5
f581e88aab5f6e495f1129f23550a89b68e353490f7fd9497eb9f7b96c8b4b0d,002667.SZ,2024-02-23,5,0,5
c152c99d6b21e4d6a7c0b65df7ab7ac4ab0f3540130602530a541e668a571feb,002667.SZ,2026-01-29,5,0,5
46468f7361362c145277f1d31dfe8d558636e657d7d8452b8cc3c57e86821678,002667.SZ,2026-08-25,5,0,5
ff6ea3a9bcede07d80bb870da9fde92910b6195984107aa2385d15f4e2660318,002670.SZ,2024-05-06,5,0,5
16d4533b0f405446a6de2db5dc056464357f8730e39eee55745cd240186c9353,002670.SZ,2024-05-07,5,0,5
954bff288d90e665abce622ed592a7c3e6225d7b99a2a101d7815932748d24fb,002670.SZ,2024-09-30,5,0,5
4a4cf3f161efe02ecbbc04e5febf25b765dcffb77bbc9e3a829089be0707f694,002670.SZ,2024-10-08,5,0,5
4b4d87dc42606b4c310dfc0a90a9a71bf12df606b488b0a561a13116591b4615,002670.SZ,2024-12-13,5,0,5
e8bc6c3e7c2b08bfb266a30ed817a4348ddf2d179ad654fd484bae77ec3d19c7,002670.SZ,2024-12-16,5,0,5
6eccfe41fe0ea757c12e59f1a233bd56bffe7961e92eaea7066ab93ddf754426,002674.SZ,2026-06-24,5,0,5
c9c61199ddf6dcee4772c582865f1ddada9e548cdae50bf82ebf109465d0b335,002674.SZ,2026-06-25,5,0,5
6aa5a5d9ad8eccf2dcfaa36c8a7801516301417d2d0ddcf23547fe8b060c6ec3,002674.SZ,2026-06-26,5,0,5
5bba7202ddbb44b359e04f9e0cd82868a9427a681ef68fc1b63fb27eefb676f6,002674.SZ,2026-06-29,5,0,5
9f4aef3e09fd1255047602d3330d5bbab40bb48847c7496d8d49d57c88f24105,002674.SZ,2026-06-30,5,0,5
433b9408d163e5b59be68dad4c79ee71ce9c822bf01cbdd5b0204f9e29844030,002676.SZ,2024-10-28,5,0,5
323c80fe560d0adbb8ea3b986bf096955d25c58eb060f9bcb93963e2dff08743,002681.SZ,2024-12-10,5,0,5
c4b70925e0fd2049f567988f2fa5598fc95de3d24bcb174e6aa09e84e02c31f0,002681.SZ,2024-12-11,5,0,5
5edfece09b9aeb4a87d4fb0f9743c3085a75738712a45fad6404a872f91f1b16,002682.SZ,2025-11-18,5,0,5
911ed2e47c3c235c6525f87843735536bb7eebcd8ad810b39d7cfe7a4abecd32,002682.SZ,2025-11-19,5,0,5
bed3f1311738ae4369306140a6158394e9cf71851f8d9d8f51f37f2a38e01a06,002682.SZ,2025-12-08,5,0,5
3d021e7d9f2c306d57b50f366e36af4a210f0d505be7f1b90f7cdbe99c2b0a79,002682.SZ,2025-12-09,5,0,5
f64382664eb1f2c5bc52ba8aedca4e9f15b159b8f766c6a928e9a2d012d6aa04,002682.SZ,2025-12-10,5,0,5
c605e45dbd023411f751d74aa3f37233b3ac7745f10e811fba5b0771570bf67a,002682.SZ,2025-12-11,5,0,5
89b4ddb86b563678e8b9ea291e925a9a2bca86d73f4e02ae523f09f4212eb595,002682.SZ,2025-12-12,5,0,5
df726c6672f03900b32e5c1ea26cb72a253947bb78c98096f7d2c624e3fc5ac5,002682.SZ,2025-12-15,5,0,5
25b84c6f450cee56ed46ebc002d0ebd68c52c3d870098749d9d2fd878074fdee,002685.SZ,2024-08-01,5,0,5
c441f7b56e0c9971a0b0183196889686d47fd89c8994980ba28dcbb710a94720,002685.SZ,2024-10-21,5,0,5
322ab11ca054b8552d4309c680c666f8afec6ed1098bf36df9946057c7111aa1,002685.SZ,2024-10-22,5,0,5
c74c62a8a174a75f8e0050b87ccfbe32a44c791e7bfea983b005fd0f4d4e6aea,002685.SZ,2024-10-23,5,0,5
46cf5084f237007c9ec4d2839872ab622c35fe5d4ebb989e6dcb717a4aff5611,002685.SZ,2024-10-24,5,0,5
ab45aa6777f344eb841fd53f582a8dc2037b8ed4acbf68581de863155cbaa8d5,002685.SZ,2024-10-25,5,0,5
cae6995a9ff4c1983f271251bdf5eec9e9b65f53109f835f4f5f8ac2ec77f35f,002685.SZ,2024-10-28,5,0,5
231722fe55d216c6ca923e0babd6c270bf045eaf3f26ea717ed9b806b818a27a,002685.SZ,2024-10-31,5,0,5
1a82d85c1a54425468d65f571e69459ce04b144a4a5822e3016b3c9dbffbc5d8,002688.SZ,2025-04-08,5,0,5
8cc5b337fa2ff881db7145d511ef7466f8d9dca8b76ccbc9a21baf00852fc22a,002688.SZ,2025-04-09,5,0,5
7bb68eac262029c4545c91db5fc2246b30ac210e95ff9e9cd8371955bbdad671,002688.SZ,2025-04-10,5,0,5
dcab0221d6bf8f5226f22d353d8abe4acfd84164b3f9270ad01db39b342a7b9d,002688.SZ,2025-04-11,5,0,5
9c7f4a3f9afafa5f1e5414badf2a431481968683f4a45dd0474ba58d9d4ed67b,002690.SZ,2024-10-08,5,0,5
27528a765adb61cd2500fc423e2044b14b6a7e0b4545642eb49a18df87458fe6,002691.SZ,2025-01-17,5,0,5
1e22a50a8c37b5f2db8f26adb7e930c5bff747160267021923f4ddac13229ca8,002691.SZ,2025-01-20,5,0,5
27d35b16c607fbdb680bfb1e40722233a606dfedf0fa1fee77354d6a6d3370de,002691.SZ,2025-01-21,5,0,5
6bd0f26d6bf3abfd65887d6459bf0675816b43644ce1872b266ff1bb1a28577b,002691.SZ,2025-01-22,5,0,5
5c48b44a07f785d90403ed04702e11f09ed89d89cd227863fb624e9baf128bef,002691.SZ,2025-01-23,5,0,5
ff6b1156cf8eaecf11930bc9d9ec6a1b0629ddfa073bd892f7d240a81a4500c9,002691.SZ,2025-02-07,5,0,5
1aa6670342cfa7d423e74d11cf7631d22073936bcd81529efc42e8c1ca498a4e,002691.SZ,2025-02-10,5,0,5
0a37477c3717c5d4e86832b352647ccaa1a3fe9e2aef45545130f8d538a7ee45,002691.SZ,2025-02-11,5,0,5
d44da4c1410a3312fcc74eb86b59ecb89fb6a8a6931a098706aff759b34f9b8b,002691.SZ,2025-02-12,5,0,5
da9d0a74604ec13130dd1ba2d15c63a494ee7fe99ffd63778e5aebbdf8ab086f,002691.SZ,2025-02-13,5,0,5
e97e37983a6215ba13ce6d607c655708dbfbb2f68789709a3e1f93d42f7f3ff9,002691.SZ,2025-02-17,5,0,5
b2aab4ab782f6801b3ef8f3f718a72ff11f013f695c28523cc87f052fdb74bd8,002693.SZ,2024-09-13,5,0,5
ae45b1c90140bc21880cbaf57db14c063f729465dc39468efd02a5645a14a239,002693.SZ,2024-09-18,5,0,5
527b2616c28ff994ad060f4dba9b63df6b60910e530fb91135ad3de0d6f3677b,002693.SZ,2024-09-19,5,0,5
ee02fa9b933ea59b8f9501b868ed5387d9253d597edda5fe1615f2aac70adc71,002693.SZ,2024-09-20,5,0,5
d26fb932bcbbd6bf01ffb5fdef2caa44ecd2aec306c5f15692fafbd6695fead5,002693.SZ,2024-09-23,5,0,5
ffa62614181487ea26cf6eb121acfc84f0e50ec5a19550c2098481afc7c637e0,002693.SZ,2024-09-24,5,0,5
167e1d296e975b8646222f4d87f08628d4fdb786653a3c06ba834f04fd926da0,002693.SZ,2024-09-25,5,0,5
c553b5fae797aa190407ec68a9a64c8224766d698a8350491c3385a9734b1a50,002693.SZ,2024-09-26,5,0,5
ecdaa07ff711fc1a8e987094fa09fddf1ca06056c8022de0540073ada114a987,002693.SZ,2024-09-27,5,0,5
bb1e6b00898905ce4e8fd44f15e32a940a11071ecd0502379b59eb249d64db24,002693.SZ,2024-09-30,5,0,5
321cf8958a71ad683cfa8394f57afe38c2abc41ed32c0928d77816cecb64624e,002693.SZ,2024-10-08,5,0,5
0970b8f8f792f10a0203418952477ab3e0c750958d5d32e2e6804c7a75a11e9e,002693.SZ,2024-10-09,5,0,5
5ef5506cf62ed9afd731d6916a9e145a70fb3811d903bac3c2e93628f38e7ed3,002693.SZ,2024-10-10,5,0,5
cfb56c89e0d76e69bf879cd97975b008a3ab73d03f19d0766afb6ddad949c687,002693.SZ,2024-10-17,5,0,5
c705a22bfba695362da95462297923077e3a373a3087254b3145a7a2fd097823,002693.SZ,2024-10-18,5,0,5
0eb5414403b627fe043470d423083a44412941390c5e45d2d7a820389a1feb96,002693.SZ,2024-10-21,5,0,5
765963c89e75f3f4c1da2f2d13e74281b486bf5fe14bc22d28e0e811cbbe9a81,002693.SZ,2024-10-22,5,0,5
dd4a1fa5c6c7fa15f964dba53a443b5583c2e92fd782bc9c359e597c1e40e35e,002693.SZ,2024-10-23,5,0,5
f3896ef685655fa77ba6334bec94b064a883fe9ea7f1134df334c3aea43c12fd,002693.SZ,2024-10-24,5,0,5
d43671db14fadca1d3e795fbb59f93011d7de35f48d7eccaa850a955bb4825af,002693.SZ,2024-10-25,5,0,5
f0927e2e78e12898fb62af98811731912bd4874482037322501c5c29354dfa2a,002693.SZ,2024-10-28,5,0,5
351f2f98937f2738e1effd270a18a57172ccd0a9d9d2d2c352cf985ee8a9494f,002693.SZ,2026-05-14,5,0,5
dec2b2458cef5749dd51e1a2f7f25dc2b6a46970698effa71451bf81f96a98c6,002694.SZ,2024-10-31,5,0,5
ed9cd75acf9aba9631035d5d2279c0f58601b65d117ef8fe16451d03b0dce281,002694.SZ,2024-11-01,5,0,5
aac0db40c7bbc476c7fd8c667c6482309ffbcdec78f02ff2e0c430095db87eb5,002694.SZ,2024-11-04,5,0,5
737113127f2670d87530e03c96c9de3bbae19fb9f03f0d98e5701391ef505e6a,002700.SZ,2024-11-07,5,0,5
0b989bd90a35c5aab8b72ea34cc3d0b0eea84f2553e3c6f04ebf5e3ae68da318,002700.SZ,2024-11-08,5,0,5
432befec00e485f5928d2193a2cd37af72d5bce5a0e44c1aaf35e798a84b1523,002700.SZ,2024-11-11,5,0,5
76fe9f8ae3893f51fd8caa2690f2a714321118845a068986459f507dda1d7260,002702.SZ,2024-12-12,5,0,5
af2d2b840626231004fef67e66ec570a2dd5012b6ccbad8fb6ec9ce6523e4695,002702.SZ,2025-11-28,5,0,5
384f15b02fbbea51dde033e6c4ca9771e809513395869065fef8b96b3b2d7e2c,002702.SZ,2025-12-01,5,0,5
13678bd3c8393c2abc55c5967913f4df76e46da79ee0ee173a208530dd0e6783,002702.SZ,2025-12-02,5,0,5
b44ab55af89629f558b19c9cfa4fe8f60d6f224efd0cb01d3c7d9224fe9cdb42,002702.SZ,2025-12-03,5,0,5
2b3981518f4122028617b19d80eeaa05141696b80b16e6cd850374d98f138cbb,002702.SZ,2025-12-04,5,0,5
bcafd4031556ffd6a0a7e36383c97ceef1f8a7c44ff34ed451f560deb65f9bbd,002702.SZ,2025-12-05,5,0,5
0744fa3c82c7799717fdec43c7de32c34c8871446521f2cc94b583d78bcc249b,002702.SZ,2025-12-08,5,0,5
6c13cd23ede8ca1f8638ec3220132073c1a1845444a723de1d33ded800253b24,002702.SZ,2025-12-09,5,0,5
3ca7393f0bac2ad361d141295e812e71e53e251f89e7f9f32aeb9eed5617e0cb,002703.SZ,2025-12-19,5,0,5
f6f89c4459cdb7bd2c26c6ad64b8d14878f60a9f4ceca85ad450bbb6a442b2dc,002703.SZ,2025-12-22,5,0,5
9a81a1a85ad05951a148f44b7705cccd6f6f669db83ac9c996b88e2982c0a56d,002703.SZ,2025-12-23,5,0,5
409be9fc20dc4dac924bc9da478e0964f7503366fe407e1bb7b9ba4406bb6230,002703.SZ,2025-12-24,5,0,5
35a28201fc41f18a65673b1ed1b7a5fb89d2d3beea189d2c335c4159ade12bc0,002708.SZ,2024-01-16,5,0,5
1e22463af436df9f51cca8715257643853c4fc243c725ab834c87459c792f49f,002709.SZ,2024-09-30,5,0,5
b6056c3251930299800f9328220095973a41853cc01a9076fd16f62114478c38,002709.SZ,2024-10-08,5,0,5
942057b39d0b4ac9929d88536f0e444c59f6f288d3c6ecdcafacaab7bcf4985f,002712.SZ,2024-10-31,5,0,5
c72effa6daaf4817639aa431cb0996555d1d7912e71783c07f8add093bca3a4e,002713.SZ,2024-10-25,5,0,5
67253adef4dd16bc2c1c2ed6438d791eb9fb884911f66733d1669ddd2a430e3c,002713.SZ,2024-10-28,5,0,5
ac798af5adc7b1c4a6de77b3d004a11f43f19a3657b3ae8ae664844c1d796efe,002713.SZ,2024-12-06,5,0,5
54b658aea209afbffff2372b2ca90d6b718775fe62b4966fb19fc670188e87a7,002713.SZ,2025-03-21,5,0,5
353fb9d10d9473f3f1d9abe825209fbfbb7e8c273df95eafec274aac7bf1564e,002713.SZ,2025-10-10,5,0,5
796822aca5c8de89131ec8392c11a5e3f90857e7100e55fabbb9605cc1d96f98,002713.SZ,2025-10-13,5,0,5
f04bb61cb240eb712cf25aff4a900db6dabdac92d0b4df03a809d5aa2e14e399,002713.SZ,2025-10-14,5,0,5
b891fd5762f4cb3a6c16e2c52324bbf56f5c9e507ce31f54efba303521351a5e,002713.SZ,2025-10-15,5,0,5
1de13fb99e52048e1f799b622ead7d5f557b7834795338a5a44caa23e5c58079,002713.SZ,2025-10-16,5,0,5
2978cd044c391fd2347baa647264cbee452c35149407cb5900ac212daff8c2c6,002713.SZ,2025-10-17,5,0,5
b412a7c6785bab940ef3b7bd6a25100e8a18cc8849644194ee5f173a849fd635,002713.SZ,2025-10-20,5,0,5
816d7ec4cb01ed257b00c408495a664375ec784738c4688f71677718ed45d2e0,002713.SZ,2025-10-31,5,0,5
0ba9acb2a9aeb59c380383918d97859f60f171fb316234829b0173b0911faa7b,002713.SZ,2025-11-03,5,0,5
ad9cd303573cbee221edf2743ed1ee611f909d2809f782a3815dedbbc672dd69,002713.SZ,2025-11-04,5,0,5
ec54034b18e3f036dabdacd68c2feb602c1392e5d8a1dbe22a3b26fef3a9ae53,002713.SZ,2025-11-05,5,0,5
f772af46a1dd3c8de672a9e8dc0cc059d2d3b29149e85a45f655656c048812c1,002713.SZ,2025-11-06,5,0,5
004e66b6d93cbc51233e6381530ea2b4389946b1f013a6b4e6fe904f77c6f3ac,002713.SZ,2025-11-07,5,0,5
de1bcb6c17fbafc065a437a8b9d5189748c2a7fcecbdd88e9353a363d0bcfbfa,002713.SZ,2025-11-10,5,0,5
a9ed4cb6c205a185456767e88f4b8caabc31415290039bc2d273e648e7bb8db9,002713.SZ,2025-11-11,5,0,5
b74d9a0bf38f01778ff5aa4f1c5f892f7121b3c1d62e6beced854eb7981376ca,002713.SZ,2025-11-12,5,0,5
705caf6df009c25a9e8629242707841793549ac79012fdf1790e1eb76fdf093d,002713.SZ,2025-11-13,5,0,5
4828df361d5b0ac470ac644ca15be09cf84e3eae93fbb309a38b09b630381a52,002713.SZ,2025-11-19,5,0,5
b1e66822d5f2a48e0710280414e02791a62fa9aecc83d7eb78af337ca1150e8f,002713.SZ,2025-11-20,5,0,5
1367d9969707abc98fd7bacfdc8ad905a3ce8b72adbd2c31a92adcdaaaf5f169,002713.SZ,2026-01-08,5,0,5
3ad29f0378d594ef8c0002088813354560043e55a5d75d25619ffe614dd9c1f8,002713.SZ,2026-01-09,5,0,5
e65af288cbb92abe172148a88d8ae57d85bf2d8d2e6f7b4136166d50f6d862d6,002713.SZ,2026-01-12,5,0,5
398cb0f31a858c64230e2a731c53ae9440ec55bcee176d40a0be23128e0b30a7,002715.SZ,2024-04-12,5,0,5
7bbc4b8f6549761c379fbda6d59e683aecb6636d7d4f26c50c53a68889c552e7,002715.SZ,2024-10-24,5,0,5
9861e000ac98d80e105ef379a5ec3e23398625ff6acfb7ab2932cb8c94a142ff,002715.SZ,2024-10-29,5,0,5
87e02b88708b41349b161ae336499fe0ca4d1bfc8fd70d56e8aff51929523412,002716.SZ,2026-01-15,5,0,5
c038be6fb3bb45d13a218852cddc728b09b814d78b6007be6df2802071baca63,002716.SZ,2026-01-16,5,0,5
f16a7f9d4d4494fe299c4d5cf2d71b150166d733faa2845cad3e34b7a075340d,002716.SZ,2026-01-19,5,0,5
19dbd9081a40a82315dbe4a853002454d1d7d9d8bcfffdd69048f182a3bbb61d,002716.SZ,2026-01-20,5,0,5
fa420cf69403c96b62e6170a13916b6960f31931a44b7daff8e5c325417e616a,002716.SZ,2026-01-21,5,0,5
6d3f5327caf0067ea781e763b555575bd4a741ddb7873e7c285a63749e63551c,002716.SZ,2026-01-22,5,0,5
8a1afb30724fdd7806380f6856366fd2de99963f6314b32ad50d42a553360f1b,002716.SZ,2026-01-23,5,0,5
f106fea51d33166ea3a0f6ceb076fd058321fe14825e8be75cb8421e9bda7a6e,002716.SZ,2026-01-26,5,0,5
eeb7dd20fed4517ee6e07ed7e89bdefd9d52445191def0333d6c1ba66a4c02df,002716.SZ,2026-01-27,5,0,5
a993328fa7766c905f91d3a97b9f390436b680882b226dc9d12f8789d449dace,002716.SZ,2026-01-28,5,0,5
2587e05a4ac6ea7e13593b493ee1dea64254cea15a7cf2770c7c389817c8e4ae,002716.SZ,2026-01-29,5,0,5
06d33b6379b15ea6d6f38d5eb287cee40b72af8214d6414be4091b26371ad5d5,002717.SZ,2024-09-20,5,0,5
74cda21db94a1b3f413152d48f3fd1ce1417425dd287d6a949a48ba62fdf129d,002717.SZ,2024-09-23,5,0,5
88d0d35a6a4f4d0b798c60340e9aadad85ee2144f4a432548b753d17ce24c602,002717.SZ,2024-09-25,5,0,5
36feaefc1125c7b1c9444c53d96c35bfc2b1c8deefab3c862a12098f8c19f1f0,002717.SZ,2024-09-26,5,0,5
173f1d849901d4a57a72ee694d499725905ae22654d35c6743d002fc172f0094,002717.SZ,2024-10-28,5,0,5
bb439afce73a47023d15978a03ab95823c796552d72f927b7ecb59dc369f406b,002717.SZ,2024-10-29,5,0,5
3b03ac488e4afd46c5bc806549f33669948b41e756aaff7de271be9f319e1669,002717.SZ,2024-10-30,5,0,5
7e11b51867f544155810177c3c53a7c450b5f510f19d0ff66617e3d212fc1bcf,002717.SZ,2024-10-31,5,0,5
89ad37c3788dc2cb45ffc8fd5bc9c423cca82dbcab9755896749565239b5f286,002717.SZ,2024-11-01,5,0,5
376ed2951ec8f4aeebb82d1c3f843a4eff5b054072504a21ce5f2f001b8e6f60,002717.SZ,2024-12-05,5,0,5
ad110bd0217c0ffefd66c2e1c86e35e13b1777b3028f19a0d64a4b3f0c48c711,002717.SZ,2024-12-06,5,0,5
4f3cd18c2439b0ac83b1cb83acf56f1e29ab7800783eddfe9825a2f29ba4d7b4,002717.SZ,2025-10-24,5,0,5
37e4923fac1bd8a3e553da9cf6f53b78b51d8683d53f865842390014f1f0e53c,002717.SZ,2025-10-28,5,0,5
8fd849e062f14775262ad890d17bc31cdab6e5c6854fcae3890a65fa78d17705,002718.SZ,2025-09-22,5,0,5
6c45ae7172adfe19828dd3064f30f6058f189728346df4cedfd1b3e00bb9cc3a,002718.SZ,2026-01-06,5,0,5
8ce2b053354794183d20b99fe0ffce7f7d870e153308cd96ce80207445b87592,002718.SZ,2026-01-07,5,0,5
f9d652581601b9b04ffb5fcf362cb1896348cc111350c09add565dced87e05aa,002718.SZ,2026-01-08,5,0,5
575cfc2b945b787fdc89affcf61681f79dd4e545d3ef682882af0ebec1c9e2ae,002721.SZ,2025-07-08,5,0,5
e9646f15ee0870d79b80f4aca97dfd65a1691a53a8f4ef296ac4be99dff63ad9,002721.SZ,2025-07-09,5,0,5
1b18ccb74e572957648dc1869dcf6ad28135c7de3ba4ec187f76eece4c2715f1,002723.SZ,2024-02-22,5,0,5
52bacfd59f9daf3ad0d152b24eab511ea7c09437ff90bf86315b9c0e3a500de9,002723.SZ,2024-02-23,5,0,5
9440a3e67b8fc10e41eedad46c2adf9a6c99042cbad596618c61e52568eece18,002724.SZ,2025-03-18,5,0,5
55869b59f957dce0fdefe180cc9801067d328537581974c2a8703f9e97011616,002724.SZ,2025-03-19,5,0,5
44df31047f8de09f41e06958ab45e9276362b7db131039bfb642a615d9dcf781,002724.SZ,2025-03-20,5,0,5
15347aca20ba3be6ccae17691dc586c1ae980ff6f3d7da517d43fe51750701ea,002724.SZ,2025-03-21,5,0,5
ab45c25a31461c0fda4b187126329cd1305363fb4047684e505404b7c89baf0c,002724.SZ,2025-03-24,5,0,5
74f06ac569505679ae80ca184546571976cfe673f99a7c7d8e084223d5f7be0c,002725.SZ,2024-10-29,5,0,5
df588706cbac1c4282263c793a26879c1a49afd4a4f02e2ee1c1ea8ed342511b,002725.SZ,2024-10-30,5,0,5
6d364a4d1469ee86ced874abf1cd7c1083dc09b59445ffb4d8b266bac4426f41,002725.SZ,2024-10-31,5,0,5
cea25677a589a80eec5dd4202dbb7cb66e48ca6c256c73a016fa5f6e3f1a3bde,002726.SZ,2026-08-20,5,0,5
652b965a9e42e104ef6b6cd20a2eb4b047c8888b4a1200d9faf454c32e0b5cb6,002727.SZ,2024-09-30,5,0,5
7697eec7389622a7a4f2d773ddf4a6658d24d11cdd1b02873181fd15f42ebab5,002730.SZ,2024-12-25,5,0,5
cb73689df3bb7f47553ef06f564505f231e00693a6ce8ed9a49e8f6b7bb193d4,002730.SZ,2024-12-26,5,0,5
95b4b683b6e1cb038963aad2726a374a520e79c1e6819a3e1203dc80e088bf61,002730.SZ,2024-12-27,5,0,5
18412cc8d0c0c8423d86a9b4fd9af01eb62b6ae76b875a08b10f6f9db00c7c62,002730.SZ,2024-12-30,5,0,5
b6adc108b2739194838a9d43f4f941b61a36b5fd6ab0549436e9b2c111b59f4c,002730.SZ,2024-12-31,5,0,5
39eac01e22575d246978e0359676d1abd2664ea8e866dac1831f7604efc725bb,002730.SZ,2025-01-02,5,0,5
103bc8ade130be5aa5a32bbb015b5a20094cbf1d132c854c7cea38528efb02bc,002730.SZ,2025-01-03,5,0,5
5ea74289935fa11b8e34d0564f158aba109aadb4d362d1981fe04fc37c8b6f9c,002730.SZ,2025-01-20,5,0,5
55f1d5abc50e2481b607d1a327c268223e89e86407e726146dc03981adcdc9ed,002730.SZ,2025-01-21,5,0,5
25c0dfe88bd4b5b8c8b16ef03528ce4e9e9d2054a0583b131fe4589104a55cca,002730.SZ,2025-01-22,5,0,5
a7d52b91695efc0bd250ea7d3abaa6b8b2b29a45035d0410f9f9b029ebc206da,002730.SZ,2025-01-23,5,0,5
371cddfca87fa3e59561a42c486478b70972cdba500eebc430ce8aa91a1ada2d,002730.SZ,2025-01-24,5,0,5
6f50ac734850523a928389dcd6dfa4b281f83b6d9dc40be1e7cef0e000be45b8,002733.SZ,2025-01-07,5,0,5
1162262e7cf16e06c4e01de6d3b40abf289878ff04edf7cb840fb50696f39141,002733.SZ,2025-01-08,5,0,5
6ee75fb5ea5a5d2ec324fd5ed37bd3ab87fe464ad6c781e2c51e009e7982cc21,002733.SZ,2025-01-09,5,0,5
e698fc0ea30ab3d98baa51c443490861bd22a7356566282a8f953b1b6305e626,002733.SZ,2025-01-10,5,0,5
f1082cfc150e23079a68f52b763cd167f19bb4f865980fa8c797395105c36a92,002735.SZ,2025-05-20,5,0,5
1d54ae8b00d1fadd9f8db5f616afd24c2f0cf58d319c28cfc177acfc918dbf7a,002735.SZ,2025-05-21,5,0,5
7728530ed6bf241d0b4c01c2b983ac28268544b381aca0aec038775ad0034947,002735.SZ,2025-05-22,5,0,5
e26cbdc6fc81ac8c2144bbe21cecb31071297f753918cf8948036793c0058c7d,002735.SZ,2025-05-23,5,0,5
ad670e9382973934c312c5e9c31faeeccc43f70bbc03c8e70ea86ef7e7566c4e,002741.SZ,2024-10-08,5,0,5
932e439b90e7cd2d8267948cb6cd57fb08bb277b9124ae15ac5fae0bec0d7102,002741.SZ,2024-11-25,5,0,5
b835815a1aab44367de0ac3e9dca24c293e914b9a342777b3f3902ae40736cd2,002741.SZ,2024-11-26,5,0,5
e6a23edb290454162ca384bab2b620ff8a3d57c5787e384b8943ccb4ec518313,002741.SZ,2024-11-27,5,0,5
b4976b1ead776a9ed40714007bd0b1404e87c29ac310636754ee46f11dd15f53,002741.SZ,2026-06-17,5,0,5
7fab79fe11b8ab16ef79d8be18148e8e8202d201fd02908322b1fdd5db5be593,002741.SZ,2026-06-18,5,0,5
15193423bd7bb86f104edd1a591aa6ffa0a50539369fb7a33628661e1a7f2c36,002742.SZ,2024-06-13,5,0,5
a9379d97ec272d2797c09fd6dd8c1669bd73901aabf61632cfdfa110c46cd8fc,002742.SZ,2024-06-14,5,0,5
2997a72be81070484591757d75480969341270d6de1b4f2602763712c4e53606,002742.SZ,2024-06-17,5,0,5
42ed183110f98eccd16d5d69f00999f6527b8d2411f82bc44826e1ac656614ba,002742.SZ,2024-06-18,5,0,5
e18bddde52bdc91e120625d3c334a821af2c4b01ae9d2aef5adc7a6c8393190c,002742.SZ,2024-06-19,5,0,5
9759fb79dfd830981e848b6249116d156cc8323768cd803b122b067d13a4cb0f,002742.SZ,2024-07-18,5,0,5
d86e1c6781502d81b1840ee9b9909967ee4bbc070bb55f0daf079f5ae03c37c8,002742.SZ,2024-08-05,5,0,5
043ea6ff528471612878db704abe68e7254739813b39d3aaf380ab2bab966e75,002742.SZ,2024-10-17,5,0,5
88a0701b7e845eaaea415b5b49db4a84b453f15ddbfb5add1a1c40c3112658c7,002742.SZ,2024-10-18,5,0,5
facb2654caed3b47f122f38f8763c3af70a241748f7f1595f3ce788454425ea0,002742.SZ,2024-10-21,5,0,5
cb64fa808a6a4b9e4a6da2c8c658a2287b8a4b18b986ee486898844486ded9ce,002742.SZ,2024-10-22,5,0,5
11922d0ddcd86cc546c0b540fe5ef0b70f190568b505eaf02ec341bd057d9895,002742.SZ,2024-10-23,5,0,5
ead67941c645d92f554e09e7da15072a9f9f4a56defd78baaa7c7afb01d01485,002742.SZ,2024-11-12,5,0,5
50080ced98c7ab918fe550b7790bb70e37d7f2459ef5d035ce5d61bb96399742,002742.SZ,2024-11-13,5,0,5
9b5b64ce35884727097992480b65cc8a65c587a9616d11d1f1ccfb33fe5625ba,002742.SZ,2024-11-14,5,0,5
359f30d10cd1908cdb121e24ad88eb09e66bdd455a4c8f367f6a641de59d489d,002742.SZ,2024-11-15,5,0,5
879b1adad6323380d1c229f66c1991821ceff3283ba5005c3dc525b46110415e,002742.SZ,2026-08-28,5,0,5
d779128863f37b8a120031677410e2b6db728c7d29937cce44a92de8de107981,002743.SZ,2024-10-30,5,0,5
492552c34324d12bd9ec2dd4ebb2de74fb2909b606ff279a0275109568c8e996,002747.SZ,2024-09-30,5,0,5
2de962b475ad4c23c23185df80e720353e69188b0d1ac85e58ca714bc5ac2f22,002747.SZ,2024-10-08,5,0,5
8239025b70be77106a2f03194a596e9b20ae1a4b5347006f8a9e0315bd0b4e72,002747.SZ,2026-06-09,5,0,5
65768d5e98414dfae7bf744ee8504157a6630265ffa973db424c615fcb450da0,002748.SZ,2025-10-24,5,0,5
198ff1f3e39c9ff57c9e21042f1b6937cf2a2577556afb9780c1d7578e60ea4c,002748.SZ,2025-10-27,5,0,5
f78e1ce39b576ebf6c558dbcf956328cbbd5916737dd3f12ff047cda79167d09,002748.SZ,2025-10-28,5,0,5
1979f60917b80ff0e4cbd62764ddb624b91be2c36a4571ec657c8f0132c89027,002757.SZ,2024-11-20,5,0,5
20dab737d6a46a9a10a9ad839530eb712bbf415e6fba52d7aa0ca6c1669fc67a,002757.SZ,2026-01-06,5,0,5
5b32f504e4526c7146d3ea73e564f1a16fc7f513404f38e2c786c6fcad8fc3db,002757.SZ,2026-01-07,5,0,5
4758af0e6dc6ade103542630700631e59f30390000dc43555ad753f879a419d4,002757.SZ,2026-01-08,5,0,5
75e3b8a5e7d509a1fb65d568d58ab702e1f32e210b9a20c5289532412c9e3134,002757.SZ,2026-01-09,5,0,5
b7f5e482276f7d7e54a9045a681fedf45d194da9a57135d2fdf4a28d5e5107a4,002757.SZ,2026-01-12,5,0,5
a84de5045a9b07cd2676883f558bae0bb62e036d7514801138ebc42b5a687b90,002757.SZ,2026-01-14,5,0,5
fe4d8ee51d3367cdbb566bb4ce34e2c326919fcb0e6fe3d904d4904b8b1a3a92,002759.SZ,2024-09-30,5,0,5
d9a805284a21771a5e346d895da90638b814ea74944e4a2c5bd62a7a630f9a93,002759.SZ,2024-10-08,5,0,5
a3e773580d57aaa362d9ce4f8687c859bde027d42b3f54320864bfed8b1d0ef5,002759.SZ,2024-11-22,5,0,5
8898f216d1967fa684077f7905ea745e0ece5aaf746e939a33630909fe7e1853,002759.SZ,2024-11-25,5,0,5
154b0577383aced7c08427fa3e26afaa7a2c2b9378439606789b24797c27021b,002759.SZ,2025-09-09,5,0,5
c527818dababc0c8f0d457d5f1ed52f3049424f14382fb11b37ee9c1eeb68c68,002759.SZ,2025-09-10,5,0,5
828af8cf11b530de31f988a75303342c9773c552ddace81cec90d8d75d4177b0,002759.SZ,2025-09-30,5,0,5
4fe7b50f39dc76658950306f7c0defbd5555ce3be3f3e24e57f4c88c7c5a6ba6,002759.SZ,2025-10-09,5,0,5
4479386cdd0a9e657117c3d7860d10d06384a8d23cbfb8252d702ce7e2242c41,002759.SZ,2025-10-13,5,0,5
cd042f18c2bcc05f324dfb69f167b7b991fcd47339709072eb951e2553f0786d,002759.SZ,2025-11-11,5,0,5
6628a589096eab6fe3f16c448c0ab80dba99b911822ce07edc249fcb4361e57d,002759.SZ,2025-11-12,5,0,5
cdefba688e4ba01888be925438c0d66088ecf9ca76bd5e2dea3e287617cd29c2,002759.SZ,2025-11-13,5,0,5
1551f6f8ddb2ab707f3cb2486a1afa2e9b16f2884e6799451f68a63b19692258,002759.SZ,2025-12-26,5,0,5
61e195e51c39361f4872dd2f5f1ea68c7bb221848f031282a9ca1d27c076fd40,002759.SZ,2025-12-29,5,0,5
f78b8503d81e780c63e739be94460f47bd1b9a77830a8b0334ee392ffe3c0890,002760.SZ,2025-03-11,5,0,5
a1ff36fcb34cff784c575c0794bb63194779d8c780bde002b88fb6ebb4194adc,002760.SZ,2025-03-12,5,0,5
0ccae5e1a002c730a79821e25b1cbdbb4900484f6ccefa2d0c870606b1ebd7a0,002762.SZ,2025-06-17,5,0,5
1530d74fb51489793fc5790000e795744aca76fdbf0410c33a80a5c960b7a5d0,002765.SZ,2024-11-05,5,0,5
ef7e7c10233738f9178e262ce7860260bcb662196f3029322dc034b7991541b8,002765.SZ,2024-11-06,5,0,5
2c20a8cb4e11bee5dfd0a73f5b654ab705e9e3dc18b01bbbcc82146d4ebc50cc,002765.SZ,2024-11-07,5,0,5
bef7749288cb67b92103ff00e51cfc5104fa28af775af365c925d3c54c8f3a48,002765.SZ,2024-11-08,5,0,5
fd1c429f0b88b0742a67a3a04a6fa7f933f9c49323100d25ec56f7fb54a3f033,002765.SZ,2024-11-11,5,0,5
37a2d4e870475957935a7a586991c35fcb7878e71ecf19c8c44ae29d265c3557,002766.SZ,2024-06-20,5,0,5
390dfccc8561a77e221ba63a5502243ce3c986e3711056bc1aba0d21ac52c06f,002766.SZ,2024-06-21,5,0,5
10f64673dd6335245be39252a15718c9ecc81301afd9d53d61f73191ee804760,002766.SZ,2024-06-24,5,0,5
1ad07772d327d2f8df90ab9021abdb4b090006c509ffc2bcccd4e4f097c5ddbd,002767.SZ,2024-06-14,5,0,5
ce465735b74a64cfdf2efd86a9300bdc8d03a77def7cf11559b395ac656c72b5,002767.SZ,2025-01-21,5,0,5
12903e5ba5e27558e429f618298de4a3473cd67512c68c6df6cf626f085d9add,002769.SZ,2024-02-21,5,0,5
ac3aba392f3bdd3fe9b4d3e13317c10e043ebce1e699f35195eca8ba7f36faf0,002769.SZ,2024-02-22,5,0,5
af482c66b7e8023dc9ff6e141ec6c3032fec385e93e5bbd3e91897a3fbc5d0a5,002769.SZ,2024-04-01,5,0,5
b72076ab624318b2a714c7fbda44aa9e187064eda6ae36118723566d353056f7,002769.SZ,2024-04-02,5,0,5
ce54c2879bc2f19e56bc80398352da03c4cfc2ef8182688459558f4e278e62e8,002769.SZ,2024-04-03,5,0,5
7da60928a5e1943165fcc0ecb443233bd342aa70b34a5a93cda8fbbfe1695b6f,002773.SZ,2025-07-22,5,0,5
2cd411b0dec8c4618b1d22b78832ee320806bf146b268915f70c83a7d9d1b4e9,002773.SZ,2025-07-23,5,0,5
a16ce047da13fbbac0cf9fb6e8881ef53435f5bb79d697132866758a35888ae9,002774.SZ,2026-01-08,5,0,5
1997a711018098166213482b4c2019200432df976c0b9bb1fb3225b0902efbe3,002774.SZ,2026-01-09,5,0,5
98078fe2756cb87c707a963b0ee070f06b9a8dd506bd3d2885c9aaead8809452,002774.SZ,2026-01-12,5,0,5
35fc60b7bed40b580abe2a7212ac4b5a2cd26a75d6ecae8616130a5b553c6b18,002775.SZ,2025-08-05,5,0,5
f38f5145074d0931a14a6c251cbc31f42ec773622547f0e950fd66a373d863f4,002775.SZ,2025-08-06,5,0,5
ba5f3ad9621d078cdc36de3cecfb3c96fdbd7ace58dd96c0613276533f3e0c77,002777.SZ,2024-10-09,5,0,5
0509f77f9e006622ca64456615e0479778cacc2d583b0e5d7575424d7f734426,002779.SZ,2024-02-20,5,0,5
afd6bff89ae9d6a9ef2dcbd15add209c30a01ea304891133712527b5ebde0e9b,002779.SZ,2024-02-21,5,0,5
2b3ea6d158bde708593be7d1a96305a602b622c02ab3ba6aadab6e93d07f16f8,002779.SZ,2024-02-22,5,0,5
748e086c00a6246de95a80f5794d8397c2b108bf51a714ed9dcb4daacbcab7d7,002779.SZ,2025-02-21,5,0,5
d9cd81a8a27235ddc539efec71d3c63f2be99df16d0d0b003dea161e720bd98c,002786.SZ,2024-02-23,5,0,5
aac93f53bf156defb6791930826e4566de7e016cd38c24804ce46f67fd03f60a,002786.SZ,2024-02-27,5,0,5
fccf8ace24ef412f3693a623cc690f1c3633df6591adae1ab4516b3a8e3685c4,002788.SZ,2025-12-22,5,0,5
4a5d3c464cec29bf127aa2baa5274ed1ab36f057da969eb759e5063b3510ae2a,002788.SZ,2025-12-23,5,0,5
cdcde150bf306ac2e2bfc221ea8991b29a17320c8a77336f888c6a98f483a906,002788.SZ,2025-12-24,5,0,5
3a3ccb58de845d9cf22a753cff359976fa2b906f11f529eb42d52a2a9b49e5d3,002788.SZ,2025-12-25,5,0,5
777a40b7a89c32f753a67ee5e962e58d9fd40b5081ecb4d7d289f0b09d89f866,002789.SZ,2025-03-21,5,0,5
4810c07c4fd983c3339e3dabbb374871b55b9dea0e4d8bd910e1119d0956fcde,002790.SZ,2025-10-31,5,0,5
73ab22e6c068563edc70b33765e2d34ae8bf71262286a6d93545a43a07df7166,002790.SZ,2025-11-03,5,0,5
84d284e537f048c0d1621e9475028b62b9cc54733148bce9405d40965cb36680,002790.SZ,2026-09-11,5,0,5
d8902d7e3d47b1ae71446053b3a0da12e62e270e70a84c58a5a2e583e7bf9ba5,002790.SZ,2026-09-14,5,0,5
dd20140c4952e4eb2cdeadad2013290bd7db2a31ee047114116ebf6e6e042919,002791.SZ,2024-09-30,5,0,5
61f519468696965446f6996c568489115f689753223100278ca3db2c06af98a3,002791.SZ,2024-10-08,5,0,5
a69c42d49802b67598323ef54c08c7ec985b2138bb80061ec08ebd8b07ec9d01,002792.SZ,2025-11-28,5,0,5
18436dd149568d9dba3d927c63d0d9d428cd8bf82d2a06252e0bdd85112f2ba7,002792.SZ,2025-12-01,5,0,5
ce7655f3e38aa9ae79e87c969a1b21229ad0425a5ec0e4415ba8773497319482,002792.SZ,2025-12-02,5,0,5
3159d1d7f53b1892ce797edbc7c7978cf71386343e5bc7eea575cc418b4ffe32,002792.SZ,2025-12-03,5,0,5
e0465013d99981d58c6fd1eca074c1e5532ff880fc5693aa48a953a61118eb9b,002792.SZ,2025-12-26,5,0,5
d8d3807b06840d74037bbf5ab4bee619eb32650adf85f7ca6887ab49f58bd286,002792.SZ,2026-01-08,5,0,5
0b2de9b9bc6da5faf8d4b2cccb5ea7001af60d75f2ce4b65b333294fe5aa325f,002792.SZ,2026-01-09,5,0,5
ee87460121c26794313c1cc68e543b6fea545b47baac0e507c3c6fb7b00a595f,002792.SZ,2026-01-12,5,0,5
655d68e63b5547cc34ad7128e267985ffb3bc26878ab624b80ac67597cd83a98,002792.SZ,2026-01-13,5,0,5
6de06e249fb255f8631879006a8c65102d7aa963f5ea7655fbb596b03f4e95ca,002796.SZ,2024-04-03,5,0,5
e7e319bf1f862bf9786ba3d021703668876b0a41b738ccd8e8f7a37ce5212a79,002796.SZ,2024-04-08,5,0,5
dca2598b54ba11afebe261f3f3f624d2e4f6db0c38b255836cfbfce784af1e85,002796.SZ,2024-04-09,5,0,5
1ece8e6d3caefe530975bfede438be5d1d852eecfcfa5070e38306d459e139d3,002800.SZ,2025-04-10,5,0,5
5658094713d8f8c952463dfd0c7aeb47b906a04b8e250aae5e8e665a50bf5c0c,002809.SZ,2025-04-22,5,0,5
8571675b6b72ddaedecec31c13c2e3730330953a2a3e7df72ae0eeba3e3b18e1,002809.SZ,2025-04-24,5,0,5
f81489ff1456f39e0347238c774d33159f999368a7253e6681cd1067fe3d2841,002809.SZ,2025-05-12,5,0,5
ec125d50a21a6d7ac703c9e7373ff57e9dba24cbb80b278f3f4e65a5126968ab,002809.SZ,2025-05-13,5,0,5
56e8ce63ffdc58b1a50e818c7691c10786d2790f51fbd7340226bc7c180aec11,002809.SZ,2025-05-14,5,0,5
508311c41db659883409fee35553eb62895acdb14e8eaccf3168856ad899e7a7,002811.SZ,2025-05-20,5,0,5
a7f3972aa0476a9d75ac509ca7749f726f3566deef944727e5b000e18b33ca71,002811.SZ,2025-05-21,5,0,5
eee8ecdceffada1cbc652c403c227de99750224bba5bd29af3881054206622be,002811.SZ,2025-05-22,5,0,5
a97ef45f0b40fb1d5f9ee2f9c52427988ce0aac6fc247bf3ff3fba37c8528ed2,002815.SZ,2026-09-11,5,0,5
7d645c82f09d7b954b823f9240b9319e34932a4452880f93cf8fc7fd3357873c,002815.SZ,2026-09-14,5,0,5
44f6f066b5a1cbf92c03802363051f36e05a83545e615d0835f452a30a44babd,002816.SZ,2024-10-10,5,0,5
908bea780757d9e08d77e5a148b82ceab1724f2cc9f6fdc598b7c4181b70401c,002816.SZ,2024-10-11,5,0,5
65d1db493c0204507425802ce4d23b8f515405e7f0837ac00f6e3fe4d5703b20,002816.SZ,2024-10-14,5,0,5
44b0b9517422d8e236618dc5a00c62c92f8d70c625ae7987e5bb1a3c7802cbe2,002816.SZ,2025-05-16,5,0,5
be078e6a5f45a8ac226e9a0a686efaf792de001b0292a254093443b50fd36bc4,002816.SZ,2025-05-19,5,0,5
9051600f0f4b7ccd240c603319c71b92827dd769d484bb5084a17052fd4c544b,002816.SZ,2025-05-20,5,0,5
0c2c8e956677a09399c63d4c5943e0e6df405f02997975c75c779a5ace7a889e,002816.SZ,2025-05-21,5,0,5
c9115c9903a7cf127c20e02cb16189e694a37dc6d8f347ea510acf9cab85ba85,002816.SZ,2025-10-15,5,0,5
b031df652686bc7e144efaad1b64a31246aef1baf9565d19205e7f6c2f961e57,002816.SZ,2026-01-16,5,0,5
d394611b46bbb66b71e91e4a603a1120e5dde4ab818ab87533d1449eb8c46b99,002816.SZ,2026-01-19,5,0,5
86c6a0ad1687ba46ff49a130818b39ab9feb7fbb4f5551688ecb720b50f8e537,002819.SZ,2024-01-08,5,0,5
4e2492b7e45b85fc241196181db2aa815787c903d3b0c991e6b46d22ddd27a11,002819.SZ,2024-01-09,5,0,5
409e82324104452cff10e4dbcf38add6cc06e2b9f9363908ef610d0c09842800,002820.SZ,2024-11-27,5,0,5
18903320237be86cfee698912fc86fd60b7ad3bd5c5788cecdd3a6f8a51e491e,002820.SZ,2024-11-28,5,0,5
613d216dca2af0d7a6403c6187874c9b802410ebfa2a240fd24280fd36da662c,002820.SZ,2024-11-29,5,0,5
a7c718164fbeb335ac56962da204b91f446edcd61718eabca54bc4ef2d0a6186,002820.SZ,2024-12-02,5,0,5
c9dc929bd49034c3c48cb3d6d511e056037d74bf00081b06c831e1c96fa3baf1,002820.SZ,2024-12-03,5,0,5
2696de0fb43dd81197ead26d854ded4ba132f95f6315ba431d2903a3e2aada6e,002820.SZ,2024-12-04,5,0,5
0ac3c681650bf464635481a440455a309ef6550e62bcb0ac80791d21bb13a988,002820.SZ,2024-12-05,5,0,5
01a300d7af41705c44a6290dba1e85e829a7625bb6e92785f70eb853b33fe82c,002822.SZ,2024-05-06,5,0,5
c60da40917a1b19a8fcfac419b6e7d14416714efd4a8a093719c45c2708c870f,002822.SZ,2024-07-25,5,0,5
d65a90373e8bdadb9ca94be4462767dc0cb878d072e5429b9441e626e0bd113a,002822.SZ,2024-07-26,5,0,5
a47ef86451ac8515e381353eee5132fae755e54522acba45ca0514113e367b06,002822.SZ,2024-07-29,5,0,5
5af7780e99860b1d91eff1bec5ce114e6c7be82f94a5ae7954b537cb430915b7,002822.SZ,2024-10-29,5,0,5
11f2b0e99b5f93e4bf0f2dd201afdca13932d518c268c75256177a63866453af,002822.SZ,2024-10-30,5,0,5
d24fa9398413c06b99266835d9cdc6abe2812325ec64facd5715c0dc5102e610,002822.SZ,2024-10-31,5,0,5
11e56ddf1669e5bb463ef7b52566093234805f957099ec8a50d78f627a6b12b6,002822.SZ,2024-11-01,5,0,5
16df301ef4e985418fff697c0f8647b4d3de6294a31dff76d332670e8541b7bd,002822.SZ,2024-11-04,5,0,5
a2b8a0ce24a328c131e4685e23e756dbd05623e7877f336949251d313ee1b88d,002822.SZ,2024-11-05,5,0,5
e82ab85f339026bce9198ad36568a7e3a78a904119d6759f42eb97379b713c55,002822.SZ,2024-11-06,5,0,5
efee6c652d2aa81bb0512fccfe67c8e481d53d7afab8e0d9e26eb5b056318ae7,002822.SZ,2024-11-07,5,0,5
445c2e16e5db98f75c0fcbe0cb0329557859dd0a617f0b99bc3855486ead4503,002822.SZ,2024-11-08,5,0,5
1076b380ae1360455236b05a21a0286b449274eeaa8b01dfbee8d9ca92d7a6c5,002822.SZ,2024-11-11,5,0,5
21ed9c0cda1d766ae768ed3c31c52c78a6b2bd924f8d7d352ab7c7eaa969dfd0,002822.SZ,2026-07-01,5,0,5
f5177045896c443727de47da291cf79e1126f89d956d1e1f546366dc2c269372,002822.SZ,2026-07-03,5,0,5
3048f1505e5abbeda2bf4566fbf4f86f813d868842e23d9e11c27e71a4c524b9,002823.SZ,2024-07-01,5,0,5
bf934c1b9515efe8a8d998f3e62ee47fc24d0ba050419986d163a0b4c6608d70,002824.SZ,2026-01-22,5,0,5
1c64cc799f215cc7d10488826977cd8c56089853a14960a5fe152dcf1bf7472d,002824.SZ,2026-04-13,5,0,5
99ba94fdf615afbabd4a98a81dc2cd204f690b23881123579dd97a60b0d1b2c7,002824.SZ,2026-04-14,5,0,5
d07d13f43af8ab5da12287c4a7f1706b6f53b0a7b1ea82d1fbdc0d7c917b0a4d,002824.SZ,2026-04-15,5,0,5
d2a2ce0dcac1ce5657ae747f595dc46939dfc09c14157f640710475375ddf03b,002826.SZ,2025-06-09,5,0,5
60ab3bec01bce63335e0969e532595784bdef398faa43d0e86a62a49d20f8b89,002826.SZ,2025-06-10,5,0,5
d955aae3c93cec05514718040fa7576b3e649d443eb2ed04b4e8f826cd8c6e0d,002826.SZ,2025-06-11,5,0,5
c9251b08fd4fefbc2241d45b448336a31326e440af4e14909e7bad3c5b3b5817,002826.SZ,2025-06-12,5,0,5
e4573fda6d4f5ea017b33286d72f70bc1aec0a8f66320cdc73c001c26b3899c4,002826.SZ,2025-06-13,5,0,5
5d132c0badfb937d064440b3e05e7b588d121b2a92bf1cf5e7b38c0153deed2e,002827.SZ,2024-10-16,5,0,5
07b0df8a929af423a8049936c2a1972f7457d302aa10c89c98463c14222daeb8,002827.SZ,2025-07-24,5,0,5
6496c0be2c39116b9a3276d723c11c1b38b757693b86dd121f22675df747d46b,002827.SZ,2025-07-25,5,0,5
b61ebf675e5fad4607128a0f24784be390cb548d63a87c51d059cc51b208dd06,002827.SZ,2026-07-31,5,0,5
ce99d3a680f6bb11c8d5e072e50c8ae4f3cce274f39ca122dea270683be0cc34,002827.SZ,2026-08-03,5,0,5
afb3c3614f2a0dd671ed344789ef13eccea3fe01521c0055cd805d58615ebb28,002827.SZ,2026-08-04,5,0,5
486193bea2aee481332978e1bc0460d1c12bb68717f49f4847d8c1c8a98d4549,002827.SZ,2026-08-05,5,0,5
1afcde8b77e8e6b8ba586305822b9e493c6a71a0d1a5d8335226a95a454e563b,002827.SZ,2026-08-06,5,0,5
3f2c5970bea27d164105778f907ba28547354315106f1bc9a955d87378c257b9,002827.SZ,2026-08-07,5,0,5
b14902692a3c8f642d854248ad5e5f6916258b369a649d03b7b03a1fa97ac4f5,002827.SZ,2026-08-10,5,0,5
ed802197417e2c2af3aa9bbbe53d7410b125dcf85b6a8e1a0405457f879eb5aa,002827.SZ,2026-08-11,5,0,5
c53ba45380032869cb86d94dd6c9a2e3e2d8acab06afbd8a249119aa4aec1dee,002828.SZ,2025-06-18,5,0,5
6b33867338bb0fae3031e20e199d91ebee10719662233277ffb611fbd8a8cc62,002828.SZ,2025-06-19,5,0,5
ed681c091e3407be4164ce20eb5e9731f758aebdd9052e1613a583c6c69cfe28,002829.SZ,2024-07-15,5,0,5
14aa55e795fc63c089eb5f7de5257ca5a76e6c384b5571bce0cc6e73e77eaabe,002829.SZ,2024-07-16,5,0,5
eb9775d2702e048793ae9f10144e63080e3a2e76f6a83612cfac6e380c407cc3,002830.SZ,2026-02-04,5,0,5
cc55f67bfa47bfff22f063804ddae56cccfddd2001ea9292d42ac049e39e4b34,002830.SZ,2026-02-06,5,0,5
58f89738a2944665aca38043b29b452eaa6ae919eb8bf7924a8bdb43e41c7acf,002830.SZ,2026-02-09,5,0,5
b474f8ac06236c2361ddd9e7fa44d01c20c4fae5f07943f2e39ebd389ed58a32,002832.SZ,2024-09-30,5,0,5
89a860278dbb80ded2a4e0dac6566569a9ea58b39c1e1702598a7d190a8bd46d,002835.SZ,2024-04-17,5,0,5
388c9ecdb10c903238c0c87be0bb6214e4281c7790f28ae15417e5293dc588ec,002835.SZ,2024-04-18,5,0,5
824a91e1439ff7860f922270947f2fad177401c2f0cd65136d458c3f8ae771fe,002835.SZ,2024-04-19,5,0,5
caafd7f4c491b81d791a9bb6dc8b75fd8ce0ca1736075b671b1a839962d589d1,002835.SZ,2024-04-22,5,0,5
0793479682f0c48cf9f440d7821ec9dc3e30335de03a5c86a2b3ad2730ddf3a5,002836.SZ,2024-02-27,5,0,5
b5f15e779d7c4cb8a712068ec5a418576c4b965bfe7995a1d8733aa7d2912e8d,002837.SZ,2025-08-12,5,0,5
641b937b10642aa6ae1835a2ea04288b5baf0a05127d52aa24f9ef2add8d3761,002841.SZ,2026-07-09,5,0,5
2d976309165ec4b05cb5cae35271ac04fa80e459185b94900e8e27e13766fb8d,002842.SZ,2026-02-11,5,0,5
c973d874896957c4b99bc8ab38c639add2ea628ade2ce206a13d8c251360bdfb,002842.SZ,2026-02-12,5,0,5
39f4d50ff8853d798f53353fae50abf7cc6175de3aa1d29e4742b183b12f892c,002842.SZ,2026-02-13,5,0,5
9c81f03a6028481d11280218760342dae90cd212a60ee8c0de1503f84cda0a5d,002842.SZ,2026-06-22,5,0,5
d130450811430518f86f9a057642d4bae2d86aac043296a2bee6a79b9b984efe,002846.SZ,2025-06-25,5,0,5
18a9d2893f4daa35f41207e679f4a17ffac39a70bdaee9acfc696d9407d358c3,002846.SZ,2025-06-26,5,0,5
7fe3f56a7fb1666fd3fbe981d4b103eaa314c612ec1483ff2cb4b4aa76229bfd,002848.SZ,2026-01-15,5,0,5
b6fb058e38645a09b225e1809c7c774231d6f763efbaca731d6147d78e695735,002849.SZ,2024-10-08,5,0,5
170e74256eeda5eaad4ad740657220aff4abf96570e1d3d05050e9bfd2d67cef,002851.SZ,2024-10-22,5,0,5
fb20c8a139a634add1e5b7c31b08df43d9eb03621d328cd4cc7893ee2ec9a1b1,002851.SZ,2024-10-23,5,0,5
2e3d6acecc02ffc6651d166011dff16da5afcc7f0ad96925840167e0da765577,002851.SZ,2024-10-24,5,0,5
6b458dd70fc137492e62ae6e2a9ddb1778c80d6deb313727a3e9f3c526eab7b1,002851.SZ,2026-06-22,5,0,5
0271a862d997e47570390efdbae9b484b5d5572db2ca4f6fabb679c23fe199b7,002853.SZ,2025-12-18,5,0,5
5cd42dee1822dfc9cf57ba8bd9e1451702fd9ff376e070a02d069208f49de28d,002853.SZ,2025-12-19,5,0,5
02eaf143b13fa2d762600b455a3b15a2f3d56a06b66cb7695eb073939def8dde,002853.SZ,2025-12-22,5,0,5
620af5d3a07aef51436c6beb957eaa220aa8d1f507dbd002ae1029187f7fb81c,002855.SZ,2026-08-28,5,0,5
196b39f9800ad8d352ec928485b029c7cd11b260966135512e4cc11f4c9a46f3,002855.SZ,2026-08-31,5,0,5
9b4151d16c1071a00b6b9717ecba586c898fc5682aba6ff155cc7d5bdcee1c26,002855.SZ,2026-09-01,5,0,5
4dc15bad643b35f1ecb2fd52535307107c2a4b667ddbf5268e250ae146acc1d4,002855.SZ,2026-09-02,5,0,5
3e0c7f5ec28040122019ef78ed33692c0163381234564714261bedeccc6d5d50,002855.SZ,2026-09-03,5,0,5
933c025b0f12de718235224a584a136a906e35a4b561107546f3c99781229df6,002856.SZ,2024-06-17,5,0,5
6c2ec14513bc136e959f70acf13e638159626b84804aab227ed28f0d27220ed6,002856.SZ,2026-05-06,5,0,5
4fb78cd4745cbf53d94f1e8de14f0906d4b4259c03b528c7ffac8d4f6dc3e4b8,002856.SZ,2026-05-14,5,0,5
a0e0c8ba56b2095258d9ba3241f2c059517193d3079cafc806a27abf59c9711f,002856.SZ,2026-05-15,5,0,5
c56f01c5bd33aa057678e6ee135f453c56ec446520460010f7f8e6b64382a743,002856.SZ,2026-05-18,5,0,5
46b2e893ee4c9c95bf94f1a5945181dd5c1be1761c7bc9738d1e196015fa7445,002856.SZ,2026-05-19,5,0,5
fcdfbbf8b784bf282f44ec71a69fd0ebe386acb8316bfc2dbe4bac37bb781162,002856.SZ,2026-05-29,5,0,5
afc02333dc26f31de23f81ad2da60bc2749d9a946ffca204e9ab80ce7ecc5f47,002856.SZ,2026-06-01,5,0,5
0591736010cca6feab74a72b891da96e67b17796e17495692720ad08dab68c8e,002856.SZ,2026-06-02,5,0,5
cd6dea329617ca44daab986c16df5c5ef3292abaec99b4b013d2ef3b0812f8c8,002856.SZ,2026-06-03,5,0,5
6b4bddc90abf873bb12bf1771418a0ed9584313b426aa470b659394b582803b3,002856.SZ,2026-06-04,5,0,5
d0842ef63c9f6e566f41212008080fcb58d88bef2158e1567c3dd71305845446,002856.SZ,2026-06-05,5,0,5
e093b950dcc3ba90144df3fec99029af4f011e2d4426c46611c7b881e26a3ba7,002856.SZ,2026-06-08,5,0,5
7280d47fa7d1b1dcb0b2d3d1256e8944c98ac49e6c725660d2b2821bf9cbd4c6,002857.SZ,2024-07-01,5,0,5
8fb091eb963309f1b490bc8899263102a887f584776873e542d526e1f78660d9,002857.SZ,2024-07-02,5,0,5
348214eca06db60b27c912f0c75352fc660cc0c7496b1f9350487fe55ef92a97,002859.SZ,2026-06-03,5,0,5
a5c42823336fc4ecc8be42747961bc2315e426cd7e0d46af345ae0fc897cc518,002859.SZ,2026-06-04,5,0,5
0f6eb158bda28b366cb7e06a36eb18d7945407e0d52f0bacc491efda98aa28dd,002859.SZ,2026-06-05,5,0,5
3ca317558aabbad740890e637eae98395b6d115c5b0760f7305a630611d3d0d7,002860.SZ,2025-05-08,5,0,5
7788e4efd0379d21eb13c65f1197fb3e2381071514b287a2dbf6c8939535b33f,002861.SZ,2024-07-01,5,0,5
5845b4f1fda483f34760550a28cbbc952dcc532793e08c6c359d15890ce8ef67,002861.SZ,2024-07-02,5,0,5
d64a84c04abfff46933afe97cd02ccdebd7d20e7de6802a0d99abd141bd3a237,002861.SZ,2025-01-22,5,0,5
b013a57e37dd0289831622958fc08cdb10b21d3e60f3b038bd679e68c22fdef3,002862.SZ,2024-11-22,5,0,5
d7ec5e51251fec3983ab606cb15e5a8b8c38e35f9fc4cc8a3e9e7f69ba2affd3,002862.SZ,2024-11-25,5,0,5
2a261cb09d817f81ba57c733ecfa54bc9e176ef515d2977d98047b7cadbca475,002862.SZ,2024-11-26,5,0,5
7c94c6847fa812b83bb84b1c7635b1a8853d17000f5044d8f113986e4abac170,002862.SZ,2024-11-27,5,0,5
cb68014e2cd9a3665b0b1b50f218cfaaebf483b4ba7d0d5fbbd7e8c85d249d04,002862.SZ,2024-11-28,5,0,5
125e2d913c72183c6f5430a6d2d8ccbf63f079e22c0157549e523bf8be0b57b7,002865.SZ,2024-09-30,5,0,5
3507b47df518dcb0b0b83ea7d594bb01337c26f6b7899bd802b8e8c749d73abc,002865.SZ,2024-10-08,5,0,5
82d201583c461b307a07c75e0bd810b0a26b89e5d571076b323e1df50a6a919c,002865.SZ,2024-10-31,5,0,5
03faea89298d4dbd5fd18c1e69e28b688ce265138c622cf70540a54506595984,002868.SZ,2024-01-16,5,0,5
1358905c3289bdcf9328e5fa4cc4ae67bd415ed29323c233a11beb5ac6067be9,002868.SZ,2024-01-17,5,0,5
13871c963a300f4e669255d2030f0dbdc92b19793f17b986a8ffc50dc387a4f1,002868.SZ,2025-05-07,5,0,5
5a70b0b8a8e195d820bee4745c165d46b39f9ecfd3dfb95e86dffc0a8917a47c,002868.SZ,2025-05-08,5,0,5
34d6784d1eaf231ec3ed1e98ee3f274ee1f42ac54736104202d5f5000123f07c,002868.SZ,2025-05-19,5,0,5
df756a17c5e072d241f5c9c0c2c738bc5f1f39d64032af1b9c58778d3a94d91f,002868.SZ,2025-05-20,5,0,5
3775a170fc287aad7d24a610a5a0645283dfebaf3686441fafac2a52aeceeb28,002868.SZ,2025-05-21,5,0,5
64dcd6a2ac2df64b61ff6ffc836e60edb2df1eafdf42b8845a380d7cda6e32a4,002868.SZ,2025-05-22,5,0,5
f315817a3e0eb98e1b83c76fd21eebc4632d7ec48d183e2979dcfc5d6c4f60fa,002868.SZ,2025-11-11,5,0,5
a463d71a459406f345ee11b7462f055e362288eaefcf5d1b245c7cbff4ff1555,002868.SZ,2025-11-12,5,0,5
cb3d81edc3ea9103f6bb05154165941ee3ed4d9b226037f56b8c48f43f749de5,002868.SZ,2025-11-13,5,0,5
37407749daa88afcd79bacc685540e640721a08e44922279ecad5dbfb5945106,002868.SZ,2025-11-14,5,0,5
a06396a5dfe1a85a76c6ec7a90a37fa9b90518e57dbeab35cbf0f20ae83aa64d,002868.SZ,2025-11-17,5,0,5
0fb749142c601b0772e47242c0920ef311bf9881e67fab1e7a1700a59560b9c2,002868.SZ,2025-11-18,5,0,5
155c0b75e77f363e78d6bd1bad0d0bb16d3e84a51197e75ed187236c82de65d1,002868.SZ,2025-11-19,5,0,5
2ed68ca0d6475f2981c7ea64937604659a9256c742d973f60b76794987a52782,002869.SZ,2024-06-20,5,0,5
be113ed00a73b9a3036e5f7cceb677f85d47134c70797fe41a72cab4dc343d17,002869.SZ,2024-06-21,5,0,5
defea14a1b1987256ed67cb3da19a490dce0dd8c139ddcc7bcc7f74136232b41,002871.SZ,2025-08-19,5,0,5
4074be8bd8d2822712ea144485f57975065b94bbc2ec29b5fad3b9b48aa92425,002871.SZ,2025-08-20,5,0,5
cb2bbef787b2ec47e14bdbdb05b1ea504d59cbe75be7a5dedf50d3f50fda474c,002875.SZ,2024-03-01,5,0,5
ee913c208273e5539e920276d73686453c4c95d826da0aafca4e25eae7eadc05,002875.SZ,2024-03-04,5,0,5
7e2561c0ba1f8fab8ffd4d780d88842476ada0cee8cb483afb87508caf131c14,002875.SZ,2024-03-05,5,0,5
5cbed4e74e6c4fb6e98fca9ff8e7f1d6a8eed028cf4901bd384236eff715fb3e,002875.SZ,2024-03-06,5,0,5
e937db06fdd909074bec3bbdb642992d60a43f8b4af9c9ad80dea7df552cdaef,002875.SZ,2024-03-07,5,0,5
2a04f9e68a9b1bb79d2b7c80ee80105903f7d2c1704fa1e29f85b4582e194b95,002875.SZ,2024-10-09,5,0,5
3bd9233384739295a62d7b637b7339ad12429860524b35123b391790f41f00f3,002878.SZ,2025-06-13,5,0,5
cfaf2ac64e5e10797faef4d3c3149ab5f307b76915ada6124e83cbefa8b8298d,002878.SZ,2025-06-16,5,0,5
d2d033dd82024cc591a9333f043fbdc84fde3f1c9e8498d5102a5fb6e05b1541,002878.SZ,2025-06-17,5,0,5
0a38b03b36ccdb1e3aa668f97484a0c4ae88d98c260f448584528d8f6318c3ae,002879.SZ,2026-07-24,5,0,5
952fd76c718ef475c24d53774467dd1176b29f6c9a363474a206fe767282e7b0,002879.SZ,2026-07-27,5,0,5
dfb8c8aa2fc135040a8d057f5d5f32fc8b44d145e5b92d4a2e4ad330d5484c6e,002879.SZ,2026-07-28,5,0,5
4a77c934e8cea26bb7548dd6d6824cfef2c8ba3e0c972520329349e4073099ef,002881.SZ,2025-02-06,5,0,5
81069ef8d43b242a8f5452de6f039d4356076c6ed08737569c06c6bf31f6ed4d,002881.SZ,2025-02-07,5,0,5
2cb8f087ded2a6dca8664525f1c37da9dfe5a1bcb8e00d341ca20153e3e0ceba,002881.SZ,2025-02-10,5,0,5
b9adef65427b2f28d67c5455d57732c9481cca81c33a8ff2fec932ab06ea8d3e,002881.SZ,2025-02-11,5,0,5
6a83b88ea26e12f8f26920c40d306e417a40238200bbd31e3f12d0f48c5a0a83,002881.SZ,2025-02-12,5,0,5
4c07016f183b57778542958ecdcee071274f08cb007b5aa4415e3459ec6a827e,002881.SZ,2025-02-13,5,0,5
c848a6e7f73fd0d8c65663ee03e2971cce115a53f45dc846f5e2e9bc03f17af8,002882.SZ,2024-01-11,5,0,5
7696eac63a68a25c63b21bfc6e4b01a7856cd0b9e3a49445d15eea4b29d8d88b,002883.SZ,2025-07-24,5,0,5
2b64d1a7269e7900b5ead614f0171b78e673a0bea66294749c713f80933674bf,002885.SZ,2025-11-06,5,0,5
e074e041c1aff839b9de67dad6e99d711b61e6f05f34bec6414aedb24817c224,002885.SZ,2025-11-07,5,0,5
dfbe666838e1c716132acab561f131af23f352ac21a1a0d0d160959318e02a88,002885.SZ,2025-11-10,5,0,5
c6786d928c9193355de7e20ac23adf8dcaef00d07ff6bf7448f7d67fc7e96161,002886.SZ,2026-09-02,5,0,5
ab24602ecbc0b6b585acaf1041d301b0da24a007d1c217ae4770ea6cbabb975f,002892.SZ,2024-11-06,5,0,5
d2ccdfe7f466a80d4a65ba6cc0e649ddbb34c4da2e6887d3c1a21ec1b6110186,002892.SZ,2024-11-08,5,0,5
7491398f2da56e70ed1400736926ab72e3a0fdc2e952a8900ececec1d5fee205,002896.SZ,2025-02-06,5,0,5
45146e7611e7902489bae5be677e8e30258b7e1d77eea53737620b6b8fe1bcf0,002896.SZ,2025-02-21,5,0,5
5367a14379f31488917a82319bd7325f2136e89f7c5270988654f9aac5fa4b42,002896.SZ,2025-02-25,5,0,5
abd9e333bdce014cedaaaf3c711aa70bb2860a28bc87213e37ecf799a227307c,002896.SZ,2025-02-26,5,0,5
336302bfadd57dd11d3109bfdc678cca5449df0d175177c3abd1a0de6365656a,002896.SZ,2025-02-27,5,0,5
1168e7fa98c55c6a839aafcaaa077e2f93b18f1a7907490a7fc869e2fa43d5be,002900.SZ,2025-04-08,5,0,5
239164b8fe8a2b018796c86f20cc94f007e6f81de3a6921d6223bb91e0b0fcc7,002900.SZ,2025-04-09,5,0,5
a8e877f869295ae9c158248ac7ff0785f7ce492885faf6432735eb32db49cee2,002902.SZ,2024-03-12,5,0,5
c8a4b5eb13d166bd3569a29a9f6a7792d1506bc83942a463bcdb2284fec37b73,002902.SZ,2024-03-13,5,0,5
ec1b24028b13a3c3c61492a7b5b33cfd3f5f8080ea353109c531b2245b8dbac6,002902.SZ,2024-03-14,5,0,5
8f4029ca612cecaa7f389a353e7cb1383c3999d128f7e72d5ce650520fa5b7dd,002902.SZ,2024-03-15,5,0,5
26dc5cf67fcf45d243b6702a5ad240fc1de37568a6d6c77b3eba67a4eef42867,002905.SZ,2025-03-17,5,0,5
4de7fd2e37918a352f08b53ddf3deb7f53c703d17a7e684c48ce797f85cf53b7,002907.SZ,2025-05-30,5,0,5
bcc529b7896237bbec7e84678039c86a07f1421ceadd3df8e0c5a44344af5dae,002907.SZ,2025-06-03,5,0,5
c3841fff0cd00bb440a3b3982e71c22234b5a368aab0aa61a6dce77553f88e30,002907.SZ,2025-06-04,5,0,5
d539a9c70ea4a4d54895b966fcb19f2b1fac9382be93dc90d2373e565f005811,002909.SZ,2025-05-16,5,0,5
1203d72ce259cbc2e11dd975f1cb48f35914986d1b4edfa604ebaf764d42d2b5,002909.SZ,2026-09-03,5,0,5
b414f5010f10c57fb77d04b3c0a2d5bef0a60bce3f1057d88032b84f6250efac,002909.SZ,2026-09-04,5,0,5
e068630616bb3cf1eec1adc2767bc00e5c465c18232dd3953bbe61e4c262e21d,002909.SZ,2026-09-07,5,0,5
7f3a7bd853dfe56f290110a84d1ec80d1054a4b12bbd49dd0068cd4f3f9fb633,002909.SZ,2026-09-08,5,0,5
e127fe4f58cda542c2907504a0d89c98d335d0b11673c353e12bc4adacf778f0,002910.SZ,2025-02-26,5,0,5
407d1a8e909f5e586403ec66ffdd5d419ea854d65cbaa20dc903b5f520281de2,002910.SZ,2025-02-27,5,0,5
a4f072cfaebb96761e572bebcd2e9b1c1f340c56bc888651333f622b951f9b4f,002910.SZ,2025-02-28,5,0,5
5a3825febadffa715e93d46a330d0eea15564d438f122f08880b8aab8f273326,002910.SZ,2025-12-22,5,0,5
767c32855ef09f40082e4b555f54711ff74d51d3a1f0c994af430f4dedf9e23d,002912.SZ,2024-10-30,5,0,5
8b74bbc0a13f2074c2dae849b9c4724a0221b73989fac15e7abc8d63ad19c44f,002912.SZ,2024-10-31,5,0,5
03b02dd5ea1b9f7cc5b2a09a0ea0e8989ff619fe74afcd9bc412f23115e9f74e,002912.SZ,2024-11-01,5,0,5
1402547bbbc6df125e7285fef0c8ddb983303406018d09b49c02d58a925b8470,002912.SZ,2026-09-15,5,0,5
d2896f41a2670235171dbfe5ac774551eb525cbe07d6c3e5089b0c6ee0a56336,002915.SZ,2025-04-28,5,0,5
b51b4a1bbcfda71b6df55ab24d6d1902156694391e7c1d6c1890a68f50fc6839,002915.SZ,2025-04-29,5,0,5
0c481183ae99658749f9e472ece1d269ce986c1fb6c56b8766bdcf8373be804c,002915.SZ,2025-04-30,5,0,5
4e017e0d50beeb88f34cf9524454ba71c7259160ad2aca926e50acc6c49fed26,002915.SZ,2025-05-07,5,0,5
f85545491107ca87e8d500536fce0304c34826659af662752042f88c486ff59b,002915.SZ,2025-08-11,5,0,5
69f4dfc15c412d6db88bacd0e63d27f11ffff4c22bf76e68c05661f4190c233b,002917.SZ,2025-01-14,5,0,5
058ce3f82b7e9ae1ddecf1fd6b7505a3dbd4d6a64d703984c52f8582919676f1,002917.SZ,2025-01-15,5,0,5
48be480c078aefb316f7fca04965f0d45cdc0aa39d6b87277e57b4170b4f2808,002917.SZ,2025-01-16,5,0,5
4a2ec53728a95cbeeb160c37ddde06e9ef8b443ad80c1cbec6d6539f75d3e87f,002917.SZ,2025-01-17,5,0,5
24bdff54c7fd71efb7c84ef86659cde007805b43efd905d235345b0576de896d,002917.SZ,2025-01-20,5,0,5
ee584e0f0b0492a261e91b8fe76836efe5069a13d7469ea2fb0380bd8e786b91,002917.SZ,2025-01-21,5,0,5
8c01bdafb2e25ca7e1549728a6e3d68d3718f0187b7cd32e6ec8d3748addc6fb,002917.SZ,2025-01-22,5,0,5
02451303f60033a69cf61a7106dcd2619be236f50979c7fd3ffbc76a6f1bbe1f,002918.SZ,2026-05-13,5,0,5
fb432cdf9b0fd25a579d80cf943d69a498d787f6d8ff825b31e3e91d3fd7afcc,002918.SZ,2026-05-14,5,0,5
fc09167ea1a539690f0c7bd49ba588aa45b25fee38acc708da8aa1beb42f22cb,002918.SZ,2026-05-15,5,0,5
2d18d81ba19b6d88c468219178f767ae83cc64a418514340af9108e452dccfb6,002923.SZ,2025-04-02,5,0,5
43db966f7d2557887f9bfde2c05007fcc1edc986c5c721575927924f99481070,002923.SZ,2025-04-03,5,0,5
455c09e6667687d07666ad88556f39579d29e6489b4882909cf7d1985bf40085,002929.SZ,2025-02-13,5,0,5
ab93e4e9fd97eebcdb53114bf2c93bfc9928f060a0ef7877b69b3ca00e2e15cb,002929.SZ,2025-02-14,5,0,5
e97ed584dad73b139dceb32eed3de8dfa1ea1dbbe0f1a09057dabc0d0e9f8eae,002929.SZ,2025-02-17,5,0,5
e83494fd4911900b45ace15715f4bf286a22feeb4b1f8479d0a7d2d37a93059e,002929.SZ,2026-05-08,5,0,5
4342bd9d3097812678c6bd03eb704f8d8acc099bdb6e32137cfbd68ed26449d5,002929.SZ,2026-05-11,5,0,5
884905b7270520c9b4db7698ff2fcdf4da64b2d1a1c8c12adeaa8f9b4897488c,002931.SZ,2025-12-29,5,0,5
8e92464a71cf12d1810367639d953d2720c6577cbb850ca4bdbc5d238ddc24f9,002931.SZ,2025-12-30,5,0,5
52d501bf939d80881791685a327da619e5e942a59433924c42acd25393412d66,002931.SZ,2025-12-31,5,0,5
2ab8efbb5e6776b593a9851b4607a590d992f0cd49775ed1c08ac85521b88a5a,002931.SZ,2026-01-05,5,0,5
2d35166fe1b7f633788fe808a0ae5bbde8a1e55f2e54a8e4b39916fa662c8dc7,002931.SZ,2026-01-06,5,0,5
aa5984b3fbbfef02f02764d7ea956b0e124530b484a2e9df12f59051688fc79d,002931.SZ,2026-01-07,5,0,5
b91fa650b2615cc6c79a218a3d6f30e001204b1c90b77bc874a522dc433fa92c,002931.SZ,2026-01-08,5,0,5
3775ccd90df8561d2e06633e38d12b3d98b2f43bc0a747da09882f93d2525392,002931.SZ,2026-01-09,5,0,5
951841fa4a643fb102bc53c0cd5d69d19bd1a7bbfa9470bef9b3edff9fe68c27,002931.SZ,2026-01-12,5,0,5
6a2becda57b15c3b80f6660c8375170174f2677c023ec099dfaac2ae2ab071dd,002931.SZ,2026-01-13,5,0,5
a7f540189f40622c68265fd4b635710454163f5e0dfb0195911acd03fa5ddf0b,002931.SZ,2026-01-19,5,0,5
e1afc2d855bea731eed2555a915130413727f4f50d262cfd26fc84b0faec2819,002931.SZ,2026-01-20,5,0,5
0dc861976698b6e99b5ac41d7e0fcadbb14ceee08feb56fcbe6d8c43236505b1,002931.SZ,2026-01-21,5,0,5
811e11193ff804c538d0fe70bf80fc1e54736350db6e7629bbd7056696e75b68,002931.SZ,2026-01-22,5,0,5
9ca12e28540c2721c12686519d52f565139aefbe9398051ad639f8df47454c9a,002931.SZ,2026-01-23,5,0,5
921f1b847b7e9f79acb732e9bfb095754f4aeba687f7ed55354a8689ceb31c7d,002931.SZ,2026-02-02,5,0,5
200ad66f0371bc2d59f7b1eabe6502e51f79b70a8987ca982b927041d45e8015,002931.SZ,2026-02-03,5,0,5
e64666fd98dea4963b1d1dd8410dbb2d1ab83bc16c290c0a60d290554da286ba,002931.SZ,2026-02-04,5,0,5
77ffdbfc5548f2aa1672b6131ad11ae3bea0b956d1ee9ada66b2d4051c1a421c,002931.SZ,2026-02-05,5,0,5
9ab197cce4bed869ae9eaca908ecde67d25e076589d6ae3f6433bddc0ff5ef9c,002939.SZ,2025-08-18,5,0,5
07b285fef6f867d5b42aa325808f45136dac8868991729004fdcb247d99919e8,002939.SZ,2025-08-19,5,0,5
99a1383890e701d63232123bd454b8f5fd2c836d1871d4142ec2ebb1ea698d8b,002940.SZ,2025-06-09,5,0,5
a6fe26552222b2f8e83d296584e817c330c024b27ef9f4648e2fdc483404bbb7,002940.SZ,2025-06-10,5,0,5
0b95125737abe27b211c0c9018427440980fdc8d5aa441cb148e416c1055b913,002940.SZ,2025-06-11,5,0,5
8ad61dd0ca77323fbe3aeb608a65b3e4e37fc51758664cf22003c464b0bc4441,002940.SZ,2025-06-12,5,0,5
98e0bccafb0fc4547a873be9d0b0a1b114c8bda61ceb2cd3e15c5ac31c184f5d,002940.SZ,2025-07-02,5,0,5
43a3ae840e13b67bdf5011142f52b87b6f05fcc4fcb1e11832d1db219ca78970,002940.SZ,2025-07-03,5,0,5
b63c9aefeac2cb84fe15f69940c92690c62df25e71385daffa139309952136bd,002940.SZ,2025-07-24,5,0,5
0b13b8d0cdbf3f06523868e26ce754d8fe1f9e8d0aa6fe33e81ff2152167aee6,002941.SZ,2025-08-13,5,0,5
e355ea5eaea9f0bff1e69a739050ba92052460c0651ffa3f14b3ad728237c174,002941.SZ,2025-08-14,5,0,5
163fbbe051125c5cdeb147f781a63d15f89386fc65614489724d6a8e67af2f86,002942.SZ,2026-08-31,5,0,5
ae4d5d9cec59cb8f2c0e105f0932a076184528bbc16d0694c75d29531a5fafa5,002942.SZ,2026-09-01,5,0,5
d989488258e4e45a58b373ef1edb56101c79edbfcc7d1ca154df1097bce3b8b9,002943.SZ,2024-10-08,5,0,5
db2589cbe2078552a6a6b664487697ed93adda5070a7b34b5e6183dbb1ac3622,002943.SZ,2026-01-07,5,0,5
75e7bbc11fc89c2fe91766510225d9f3142266cd11db6b52a6533aaea5ac5b32,002943.SZ,2026-01-08,5,0,5
c3a674a812d2df49e702cd5e24500e07a03e13d4d621f144af7229bd0b679958,002943.SZ,2026-01-09,5,0,5
0d9bb6b71a351923f92952600f3503388c1d3a96e58043e59d00e597f3cc2c01,002943.SZ,2026-01-12,5,0,5
caabd4d999a78617974e5294a6bd688034b1f9191a6052d826f2f645218ab32c,002943.SZ,2026-01-27,5,0,5
18f88e73f554b48e83dfee6761770bc9ddae34bf35fa966796110210c55b53ed,002943.SZ,2026-01-28,5,0,5
1c0ffac897fb31d08be83889a5b5de6998ea101eb50aeb7fd95ebb3b55cc92ad,002945.SZ,2024-09-30,5,0,5
2c0cc6c1318cb592b1321a8e52e32989186c9ff9ba7e8d1784c40c4947eec19a,002945.SZ,2024-10-08,5,0,5
a349b8303d7d6b19228872737c981489479531c39c6758b078e65656c96b1b14,002945.SZ,2024-10-09,5,0,5
572c5ac89889dabf3a898e106552b39e563b005795f386fa6d1b636c00e054fc,002945.SZ,2024-11-08,5,0,5
1f3479745d84d931b462de3ebbc68c32801898d286e1086036bae73cc73afde7,002951.SZ,2024-08-30,5,0,5
7a3b4f3ea60dca452db0463e782f666569f4cfc42433b86c9804caf3f6001081,002951.SZ,2024-09-02,5,0,5
90d6f2cff926e499ec59f70190926b07e4e8cdf7504d5bf3c8a3bdae22fbb1bd,002951.SZ,2024-09-03,5,0,5
c8f62450ea10b578a129fbbcea19111d16c22edee9203df3c10a39a6cea80318,002951.SZ,2025-06-06,5,0,5
270fa6c7e790d65f0aff12334848c70df98db16c87600a924e836d10261fcb4b,002951.SZ,2025-06-09,5,0,5
055f7c3f87e7d515a96c57dd225a3624e597333c26dbfffbb29957a5fdfb9a83,002951.SZ,2025-06-10,5,0,5
d377ec4301b28ffe53d16afdd70d1b1d496ccd12699b2db8bbc24170289f909c,002951.SZ,2025-06-11,5,0,5
4c466e1007d885274bd37cd89ec961db9f32d5c6cbf8455950429c4d2ddadfb6,002951.SZ,2025-07-10,5,0,5
5fc8981cbd91d3f4d36e5808348cb58b66ad7cb9a351acdb1aaf48002d39df34,002951.SZ,2026-06-03,5,0,5
566539cb3492bdae94ab945f63f0418e9bef4cb0138c42ad0d63e1921339d6ce,002951.SZ,2026-06-04,5,0,5
a91543c8bfebff0c315ddc997f45f15a3bbdfe11b22534b9d10745baec3bf442,002952.SZ,2024-02-23,5,0,5
8b9e8a39a45430d91656fad7e25a14b74e674a8b777a49d37dc29bfb3177bec9,002952.SZ,2024-02-26,5,0,5
3beffd13472e424a8a257278970a80d3cb71d1f84beeebfbe05249bdc1e9a502,002952.SZ,2024-02-27,5,0,5
843c97f9fe37ab1b8338aff2819a5561cbedf8fba6a46bf4550005f380c21e54,002952.SZ,2024-02-28,5,0,5
f34cd6b1b64c5cdc01412d4f2a9ce47493c2fbadd59ae3ff6c5d4878eb9fa29e,002952.SZ,2024-08-16,5,0,5
e0496a28552501c8b55fed2e39fbc392faaff7f1afd91a66134b049ab8b04d54,002953.SZ,2024-12-17,5,0,5
f31fab341023b520c4aaa192afc56b3d4f234eb6e1562e56c8f6ded52c54a522,002953.SZ,2024-12-18,5,0,5
068ccb406af5ff1dbe9553a4432e7794726dd440ef8ea99b6b02c4740cd310ac,002953.SZ,2024-12-19,5,0,5
36e5717b32cedd513ba83fcc3278ae5aa7d33ea339e3927e5e7aa877282d22dd,002957.SZ,2026-05-28,5,0,5
d8ac9a6845a5a9b70e4cc39f4bcb4424d3c25bd9428cecd31a618d3c3b66ea32,002957.SZ,2026-05-29,5,0,5
11fbb04e4e5378fb281010650247544a3b6787abb8a623449db2f2b67c9df54c,002959.SZ,2024-10-08,5,0,5
0981cf9b5f7a9db36018434f6d030d369e42e743f0e10f72503f5b9b17879b23,002962.SZ,2024-02-22,5,0,5
e4599b36520f4efa0739ee224a51380956fa80479a0c6eb424903ffc0379a56f,002967.SZ,2024-03-21,5,0,5
d673b202cf07ae3e4ed6be29353239737137344db0686ab9897bbfce82313aa6,002969.SZ,2025-12-18,5,0,5
866d32224e1abe1043d47a2383ca282e4cbfe3e592a56f2c90b5cd6e4fce5ff1,002969.SZ,2025-12-19,5,0,5
ae704c7707eed6b33cdd8acb4000ba0a2cdf49fa725eb78e49f538cd666dd73c,002969.SZ,2025-12-22,5,0,5
647fb26bd8fe980c8daab4b885e057b02ad2cdf8c8fdd346476ec13d3a1d4008,002969.SZ,2025-12-23,5,0,5
1ecb8f6030ddf85401d16ff8b6a1c770c508a4f72f32cd5d2566eca776b9e11b,002969.SZ,2025-12-24,5,0,5
cbf89cfc34d93634f8fee5cd3ec96774ddaa7f21766a51b4bc7c1a147b5c9a00,002969.SZ,2025-12-25,5,0,5
ac8c0171a5f5781d05040321a6f532e9fad3a30fcc15778a33897635d069b830,002969.SZ,2025-12-26,5,0,5
fe57f9627fb321b91eb2f12e55e1e334f95f6f403fda9a6c3d982bbd52b9fb5b,002969.SZ,2025-12-29,5,0,5
d9401dbb510a41905f4e3b2fb41b67975bfdf8e24331eb1e9815117db757217e,002969.SZ,2025-12-30,5,0,5
96cbfe32c9f7f105a92b872939b826d2d5f4a796e95a0afb6dc8b278389d7fd8,002969.SZ,2025-12-31,5,0,5
972f2d83391d10a615ee402a9f422844d9eeefa42cc3ec83e29978bb9aaec14c,002969.SZ,2026-01-05,5,0,5
3765b4b3074fff7aba0097732f581d70138c3490da391d8dc39b8ac62fc1a5f8,002969.SZ,2026-01-06,5,0,5
ef90502420f9ccd98f5e23dd16b1bee65a8f497dd4ca798709498645c86f3469,002969.SZ,2026-01-12,5,0,5
6806ca7c69f80306ce43279ebbe39ca8ee2ee1de30c9b33ce44853b3f2919ead,002969.SZ,2026-01-13,5,0,5
ba9a31d81afdb4aed392d2d228b34ccffa474fdbb92445d1af8dd1a348410bad,002969.SZ,2026-01-14,5,0,5
441f453a52f36931e8985d13d1df02415ac65b0e60ff11b54b105cad23193416,002969.SZ,2026-01-15,5,0,5
5e1826353403f99e2ea1bd5a2e296bb79eeec5eb3a8610e943b95afcab2932b8,002969.SZ,2026-01-23,5,0,5
b735823923a262463f0a1b501aed685a5d941fec6d49c4c98a308d625b102309,002971.SZ,2026-06-10,5,0,5
560d34953ca2d76218a702c39fc39cb99b2fa7101b207eaccde10d952bc815c5,002971.SZ,2026-06-11,5,0,5
95340cea163ae906c8b815bf487ed1cade2076ef13e2f2217c176ed816ee95e2,002971.SZ,2026-06-12,5,0,5
48fac236b3be1f1afe912749364072071d91f6c0e34a00dce192fec27454616d,002971.SZ,2026-06-15,5,0,5
f24e2cb54eeb582abef5da823ccff1a821691b0641df89ba7fea13d5d17ea68e,002975.SZ,2024-02-28,5,0,5
e744192635a1083c44bc9d9f0ac3fb342fa167e54664c18b25f77f1454e5570f,002975.SZ,2024-02-29,5,0,5
9e12f9dbab9db1e903c376a8aaa533ea34d74594a140178aca01587c62c5a12c,002977.SZ,2025-05-12,5,0,5
5d10903add25ce2f75121c26258f927957e804eea921a2fc97cc0139fb811f8a,002977.SZ,2025-05-13,5,0,5
edb5f95cd635b580a0945f5aff551812f05149ddea5cb5cc4fc198f24ab8aa98,002977.SZ,2025-05-14,5,0,5
27c8ccdb5e23f07fa1b00b756e6f5e3767ab3d838d7f029102a2290e8f37cd8f,002979.SZ,2026-07-06,5,0,5
6e7736823c2d950b7507b9e2bb34a23747f442b970c7ea879b328aef3c38583e,002980.SZ,2026-03-03,5,0,5
0384d8d5f5d55502a943f49eb775ec5db3ec831b32772b16bd8d6b36f5e4ce18,002980.SZ,2026-04-15,5,0,5
7503f23bc4926cc8ecb3bb37ca5302f1b5cde5ea915b4009bad8bc6f1eb5c722,002980.SZ,2026-04-17,5,0,5
3b0908ead48195524bb7d61616970b7af1d4503a38f4c8cd0e89fc6d680c7ee0,002980.SZ,2026-04-20,5,0,5
6820813a486b1b46d00b7098fcfc664cdaca5014bded47081e3d6dcd16490286,002980.SZ,2026-04-21,5,0,5
cb391b84e456cff1dbe3b8db3a5e64f124837cc89af20eda122f0e1e4bcd56b6,002981.SZ,2024-07-11,5,0,5
26adb9595fa40a4717a11d229ebca88940c814cb3fe7ed2fb0dcd6346629804a,002987.SZ,2024-10-08,5,0,5
659a837bb03f3a7a8991819c60924df5d59c3940ee07634ba1a12a72264da91b,002987.SZ,2025-02-20,5,0,5
7c7c01c66b1232a4bb781a4a4c6d4f17aeb0c9489ff529b263e047c9d2e5f102,002987.SZ,2025-06-26,5,0,5
31c05c42b2734921fc9afdfe6971f3914515b98cdbc4f3e070b624d025da0370,002987.SZ,2025-06-27,5,0,5
8fb950d59321869c99409a175185f7459af1524302521096925b9314b320ef46,002987.SZ,2025-07-09,5,0,5
f3266deb01ef281f580a66650d84de4e0a52663384e7c8bcab7d91038a7c8bf1,002990.SZ,2026-04-17,5,0,5
8209093bc59c549e34936979531e1376076d15fd7189857c3d86518f034b91fc,002990.SZ,2026-04-20,5,0,5
48c6dd6c1017d9efb644f13c461d54d32d81d6caad38323480e2cabba178a11a,002995.SZ,2024-02-22,5,0,5
d55f338956bee1dfe7c96182a2a0fb4210a91f2f5d6272244ba288486f97ffc1,002995.SZ,2024-02-23,5,0,5
e264d59b50e1613b6372dffe8a5fbb16f0673b9be5ecdcbfc001cf1ad521b275,002995.SZ,2026-01-27,5,0,5
e0436cf52bb70376c88308707eb5d0b60bf9b6ed21f37c23d3c6aaed774a2e4c,002995.SZ,2026-01-29,5,0,5
4be48914257a2d14ad5db4c2d578015d08069b8ab672e0adac5f5a16c21d3aed,002995.SZ,2026-01-30,5,0,5
1dbdbc0d9d70c5939c4353f4bce273a1bc1338edc11aa6541f3ef97ba4f8b981,003001.SZ,2024-10-29,5,0,5
5b79274420c97a89d1de40c59a6b485b95c4079bc0e8a0d8fbab60698271918f,003002.SZ,2024-10-09,5,0,5
67889ee6a9ee1f60b74a8e6663e1785a4efc89199d454df79646d71a96dbc9d3,003002.SZ,2024-10-10,5,0,5
5100a24dce11f967f7e8e785fef0e47b46f9d5a515575859d7a3ecbee79a0ca2,003002.SZ,2024-10-11,5,0,5
8217491d4eaa28eabb4dfecba168db2ec09217298314281973823b5f3f4c4c04,003002.SZ,2024-10-14,5,0,5
d4ee3fd02f5c5b1179427446803cc847c6d6882b336cdd8569b83edde8c46c04,003003.SZ,2025-04-23,5,0,5
eb45e978ea3e34def01703f22282eb475622506b6655f01e8c5db3a736161b9b,003003.SZ,2025-04-24,5,0,5
ff0ad211a3d323581c59d279e884eaae2b20aeb15c5ff6d29c18970e58445347,003003.SZ,2025-04-25,5,0,5
5e9c67f7f8bc79f9466d871a850f4eae285873424045c82f1a924b659b1a1c63,003003.SZ,2025-04-28,5,0,5
ab64413030524bf8c0f6ec274d04217af585c7c243aa0a0907906d40873ad955,003004.SZ,2026-01-09,5,0,5
8b898a1df63b6f853136016cb93b83e257b3aceac7675c2f2be084fc293bdc85,003004.SZ,2026-05-11,5,0,5
ac27f3e79c309898f6eddc7adfbc2c6762335f95fbd51eb73a1d40873057410a,003004.SZ,2026-05-12,5,0,5
97e98dab0ac732640c6d638b3cdfcf080ac7450928de7d6fb72b8a4ead4cbabd,003005.SZ,2024-02-22,5,0,5
09b37350e676295e04a8fd170964dd01d624d4574a9f0c4c7c076aa6e73c7577,003005.SZ,2024-02-23,5,0,5
51a2884b445aa9ab1990742bd3d03e80699d00482adbfe72b02f49f3e6a3e99e,003005.SZ,2026-09-02,5,0,5
4fa664b21b9997857dffbf6688f762ab949f5ea4ea4c3b6b092655c3228bd087,003005.SZ,2026-09-03,5,0,5
8fcef9da30bd07f95276bfd07b9d0c02ee614fe27742238532bf99c3c5f8555d,003007.SZ,2026-01-13,5,0,5
3d9c7c9f36e24417b3c0209e2c6429d45d435a287cc9919e488f699b31c82c4c,003007.SZ,2026-01-14,5,0,5
00e1e13e86113296eb5a6e6dfccb9844fbf4f9898d8e442189a7c66ad146050a,003007.SZ,2026-01-15,5,0,5
c7923f9776e0a4fd79dbbecf47bcb0552d3e09f8bb03c38ab182d066ab273d01,003015.SZ,2024-09-02,5,0,5
1fb8d16107609118d87ef04afcbe1a44a1d5fb0eb10ecbc4c73d42083aa95633,003018.SZ,2025-11-27,5,0,5
b332075502d6dcade77c447d2ad7eff018351d2f3e0219b2563f342e3b91830c,003018.SZ,2025-11-28,5,0,5
0b82441d1ddafb03d2ceb38de403986671607e6c84529f20293bcc4e5410db06,003018.SZ,2025-12-01,5,0,5
4805efa0125bf5d58eca2f3638d2898f862d77fe632841a1bdac02955b05db2f,003018.SZ,2025-12-02,5,0,5
3d8b3eff5d75f301ee0941a48cf54d582c2d0a91a32fd33f95fe0ff08f2e49a1,003018.SZ,2025-12-03,5,0,5
42377f8876dc2153548a893f999f702a8ad95bb5b9b9ce6bd729b3e4161226a2,003018.SZ,2026-02-11,5,0,5
bb3ed7f5f133aba323afab4fd5ec367ffb5f97616fde9534b57c245a60660782,003018.SZ,2026-04-22,5,0,5
e1b15ac9f62cf32abb5084cef6040b10de777e5fd7259dab01ef1d6256f31d67,003018.SZ,2026-04-23,5,0,5
afaf7d4aacd402af1f8f9683781ddbc8883a96c2ce8e5fa0bb8a07feec7f26de,003018.SZ,2026-05-20,5,0,5
10e9e53e8362ba6ac6a17c20cce4e02c77f37929fa252e818032a12de05d3399,003020.SZ,2025-04-18,5,0,5
7e24dc669d032eae3f381a4d9f2985cbcfac0aeac69e49e8018917fadbc71d59,003020.SZ,2025-04-21,5,0,5
51cfcc9ea43e8136c14b993641cbfab602dc9109415489f361af306542212345,003020.SZ,2025-04-22,5,0,5
d439ff24131676026ed7e24324e8fbcc0407a291113873a18680f4c30cb7a14f,003020.SZ,2026-07-15,5,0,5
93446aa6da391d8170439b3f183712db989c31287b625101bffee5b2f346d615,003021.SZ,2024-10-08,5,0,5
cc24285bab972de1f2d7bcd725e19ea46886a86903834f7ea82fb0a6a3450913,003021.SZ,2024-10-09,5,0,5
d44ea1dc73b1413b37f30b74b8d9175696fbcb9700c20b495322958c0c2056e3,003021.SZ,2024-11-25,5,0,5
708ac70aad565e5eaa5b2184b206bf2d946b6c74ee88d10a6f239fd360917102,003022.SZ,2024-09-30,5,0,5
e39c5f6e3b18e42bd4a2b4c19957b4ee210098dd613bc80ff3ef406782765e81,003022.SZ,2024-10-08,5,0,5
888f02f4e2952e11ac82273d2808e2795dc569d8e4f1ae93e0a7c5cbe321f48c,003025.SZ,2024-01-09,5,0,5
8d618419fe1983bbd4fe84d8628e3fdcd492630210fee1e17b88f9cc05a26939,003025.SZ,2024-01-10,5,0,5
20dfaa5f908ebd270bcd153cbbdd470f9a7fda0b63beb8c8cc790fe8e9c403ba,003026.SZ,2024-06-11,5,0,5
45a01d9cfd392dfee62e0376db59f40007b7f273a1cdb6d89baf6862f88f010f,003026.SZ,2024-06-12,5,0,5
0538f33026c1c9bb17f115a1d72eda160417907e5aad4361e761dc7da68abae8,003026.SZ,2024-08-02,5,0,5
b264a045805ddd6bde59abfc6d2fbca5d548a4428304cb175379aac0bad7547c,003027.SZ,2024-01-22,5,0,5
80abd409c69f6a9a24162ebc2f0bde3c915c98ea92e292890720827b5d18e963,003027.SZ,2024-01-23,5,0,5
ba658e2daf7711a2fada17f437733188a3fd47b784801ba6aef0ff7abc0990d2,003027.SZ,2024-01-24,5,0,5
5535a44b42134f4133178987c523b95cb13678480a0d22edcd9efd7fab398d72,003029.SZ,2025-06-26,5,0,5
aa3b1f76b6f9c512b14c32643f13f43c0d11df90a08d3e5666c2bb1b118f57a0,003030.SZ,2025-01-20,5,0,5
73c61dd0747dfa921b5adfe312fac15f969867df0d6e2042a5c91b4e4b245a7f,003030.SZ,2025-01-21,5,0,5
e4117e5577c56c65ec5a370cbc189443dcc9f2b1fc85c92a60ba1709738184d3,003031.SZ,2025-12-12,5,0,5
3530929b8451db7c82a6a12cb3803470be1e4dffc8e012fcc3c66c8b55db3983,003032.SZ,2026-07-30,5,0,5
d52e12ae61af3a355ca0f71bf1703df212ba24867e23f2dc3eeee0acf12eb0db,003032.SZ,2026-07-31,5,0,5
897681d655d1e492ae82ecd3881cf3c21f99511b0ce68c310287676941e67dec,003032.SZ,2026-08-03,5,0,5
a96463cad62a4fe1ff0b9451d091c6de2522b98ee106e3ea80c6115a2ce3bd9a,003032.SZ,2026-08-04,5,0,5
a418a9e05349125897034123a38033319489fb2eedf5f32296b4f347dd4b7a8f,003032.SZ,2026-08-05,5,0,5
eb8d0e409c8c3c80dd86bcc2541c716cabd7b78465ff9978aded7879d548cf11,003032.SZ,2026-08-06,5,0,5
d52ebc2a9d6fd6222741e91d8c1c2d8648e99f2ab39c83cc640a68c5f12797c4,003032.SZ,2026-08-07,5,0,5
cdd4bba704f7ba37960f31a4740d9ce2c8e049df3712d7b324147ba8c50f008d,003033.SZ,2025-03-04,5,0,5
032b50bb23f9da6c985093c1b737469aa95ece636833c0281d04826bf6991333,003033.SZ,2025-03-06,5,0,5
2562c812285b066cbe3b9ff93bbdc0f21a9cab600e6f80aa9c3e79344b70c6bb,003033.SZ,2025-03-07,5,0,5
f0e6bf0549268f0c5b66979dc2cf20fe4bf96508df7afe6f4250ebaa1ab4b171,003036.SZ,2024-11-22,5,0,5
eff9db1bb20bd23fce5a3a02303afdb9acd5cb58cca25f304a40c5dcb829cbf2,003036.SZ,2024-11-25,5,0,5
ebf77e61dca1e27080dcb7de2b52e18c9c6887da6dab36a81b3d87420d1c5a57,003036.SZ,2026-05-26,5,0,5
02cf392e93a79e2a62e43fb4ebf9a5a53ad405a44ef357790e68623a58d3da61,003036.SZ,2026-05-27,5,0,5
9bbb3d80c6f669ebe34b49ccaca764416bb82dcdced18fc595a1d73935caea21,003036.SZ,2026-05-28,5,0,5
56558ac12eb3c1ea3d3c18a3ecf1945e6a1e4a26c528a6b78742f1bc9743ca3b,003036.SZ,2026-05-29,5,0,5
ada299a578da5386c9857868d821ac3b70a75fb603cce57db6dd268003ce9c01,003040.SZ,2024-12-02,5,0,5
606a2fd8b29e244b92000ed86974844a09dcfe96562ba0b16cd41aba89d29f28,003040.SZ,2025-06-23,5,0,5
324a80454bc41b11e952c74ab758cb38ea4885d4abc6f4efddf24358181ba5ff,003040.SZ,2025-06-24,5,0,5
ab822823a4e62bfcf9b5df44910973f4f1f7234451faa87ac6f7f8953ae60e72,003040.SZ,2026-08-25,5,0,5
dc4717d5d424a7f504b8107b02b1c2922c56d1a0194a26c8c338ac0f91386bbc,003040.SZ,2026-08-26,5,0,5
1ae83763b66a9bbd5682d4f778e68676316e53b52d7dfc7070e8c3ef583da91c,003040.SZ,2026-08-27,5,0,5
19afe6396506e06ce8f89bbde0a101eeea5e481d0e6a842d7cb19a080a44f5c2,003040.SZ,2026-08-28,5,0,5
9573425a037706e4c03586f331211224d76e5e7f70482b2241b4a6974c2d4f1f,003040.SZ,2026-09-07,5,0,5
d0edd3e8f18c11b3747cae851d12c19b0b6934a3af371deb0eddc6633a7cc6a5,003041.SZ,2024-11-26,5,0,5
d18bb248958dc32eade5b21c69aff4c1d225365a348edc8dbe9c035fe643a555,003041.SZ,2024-11-27,5,0,5
a307a02bba25bcd01ebf21ec82e6bdd54ee3d580b08783fd0bec9a8702c369c0,003041.SZ,2024-11-29,5,0,5
f4c33f024aa46002821ed838573dbba96f1f775699aaea588c94b490e5a2da32,003041.SZ,2024-12-02,5,0,5
484515f5e5b1cc5eb09af3c91bb1ddb88791a38d3d97654faeae49b1cedb102c,003041.SZ,2024-12-03,5,0,5
45841bf9f97e4ad581ae9610577fad57365414dc1287725b746c401570d905c4,003041.SZ,2024-12-04,5,0,5
3a70b40d94cb7258f74ae6e9715dcae2168dd89ae3ea421279fc1d472905e9e2,003041.SZ,2024-12-05,5,0,5
c8ec569b36b985ae7652786196ad85720dc661514742afc439e240abe06e9b08,003041.SZ,2024-12-06,5,0,5
617bcbd7f97fe441d89d7e3622a8c9449649ff4e96eeb14fc2ffb0278e4cbdff,003041.SZ,2025-11-14,5,0,5
dfbecbbe100477c2182332ca4d8b0ed766187a650d54e81c3340fb1742792709,003041.SZ,2025-11-17,5,0,5
f8af589a7c732d62812f6b61e88d94c6eaa1e5139878c26c63e16999c8e4a981,003041.SZ,2025-11-18,5,0,5
d002e46360ffde89fd21c8990f3959cb4a53ed6e8e176bb4cdeb2008a0ab723a,003041.SZ,2025-11-19,5,0,5
376aee0e67332aedf7765ea4d604e5b6e786c7efbc553c8547e219a4980f7dea,003041.SZ,2025-11-20,5,0,5
22e07a2a54c5a6170edc470c9fbb11400cb7db5d994e2aade2a61a66dcb92c8c,003042.SZ,2026-01-28,5,0,5
77bcb79204b7466d4e70c2a132f25f6c0737cca24b5be8395010c7311299d128,003042.SZ,2026-01-29,5,0,5
341b2670615bc733639d53cb513cfcfe6b8494f00681f237ba9a10da81ffe187,600030.SH,2024-09-30,5,0,5
2cfa34aa03e278251962d63be99f8af19220ff24c5ab31b2f74fd423863c87e9,600030.SH,2024-10-08,5,0,5
0feab0a93c5f181c8e6fa82dc67e8c33262564c76636d711f1f788814fa1548b,600030.SH,2024-10-09,5,0,5
47623d88d33912c7eef0a512e0d5d80071dc67481f4aee4dfe2ac53e3a9bd1ed,600032.SH,2026-03-25,5,0,5
fb6e57c0c0413563e1ee48e1d00a09e8560e5a44dfa4da2a8386f5377e41063e,600032.SH,2026-03-26,5,0,5
283d72f8e88ea0bcb9bcaba1a647d6e6440b7fd24be6e6fcba7600ba7fcdca22,600053.SH,2024-01-23,5,0,5
4981afc121f798ed013440b10ae303ebbe40b6094041896d557599d7ea025b67,600053.SH,2024-01-24,5,0,5
c56379b4b2ac90e0729c887758a8b45d1a5736369324d2d5330eedb080e97663,600053.SH,2024-01-25,5,0,5
d47aaab81625c6178b2ad306a1167b6b373e30c9a9f1b9055688a7d8d958889e,600053.SH,2024-01-26,5,0,5
10e658af82e2a36a62628036277d4b2d1b078a8900d1191480e6f555ff44fc81,600053.SH,2024-01-29,5,0,5
3616652bfa924d8399f38a2cfcd185fca8143b1a68a8dbd7c5d46ae69e81d9d8,600057.SH,2024-09-30,5,0,5
59c27c44a3ad6ef9720a0eccc4addb9bb2fda54edd759fc379540c8a0a838375,600058.SH,2026-01-16,5,0,5
6330424509d92f52ae2fece329bb3759088501a34226f867a322bd6e9d32ba40,600058.SH,2026-01-20,5,0,5
44f57b505e0b9f3a9df36d7ef5e12106e009adb94430b94687722d094ddd4db5,600061.SH,2024-10-08,5,0,5
fe4e6c2f4e7ca019fcaecc382d439bfcd2b543d2dbc9d48af51c02a1ba9cc687,600076.SH,2024-07-02,5,0,5
d8ae226dc1db1fd9798746e3f1918425c10041a45a7d49c8862ed5a45ef8c9f8,600076.SH,2024-07-03,5,0,5
1d69725d9e9811a4bec5f765a06949fc4c6c5f8730359932ddc69090a0dfe0d4,600078.SH,2025-10-14,5,0,5
8b1920c3293dac9c097071cbc310f8535f055e12615c6cf03fe182198b8b8296,600078.SH,2025-10-15,5,0,5
feaf60fe2c45b9d1165c2c9a14fc7a7e3e93cf755e7f6d6ddc01fcf66e88109d,600078.SH,2025-11-10,5,0,5
539f0bce1857bd4916f41ed562d1423fe4e4ec86842770bf690915d27ee1938a,600078.SH,2025-11-11,5,0,5
dfdf205d3c3266af135d75cea6795b1c9a3b515e885d2ef114cc784aadcba790,600088.SH,2024-01-25,5,0,5
b5f2cd92746bc6632b1bfffdaf79f37131f796d13ea2612f64643ea71554ae3f,600088.SH,2024-01-26,5,0,5
b5eb4edd3c7cc5399ca629793ef97695e4d24cbfc042632376a7aa6bdbf08993,600088.SH,2024-01-29,5,0,5
a36b6ba513c3bd8535e7406a731da892e792274a2faaa529dbe39bbf24abb526,600088.SH,2024-01-30,5,0,5
be47be5692ab72fcc969582a3ed843a027d606168e22dec63aac8737efb1747d,600088.SH,2024-01-31,5,0,5
db8822d66bf379237b2cde0aceab53ed292132b2ad90f5a0b29a41daaf5aa163,600088.SH,2024-02-01,5,0,5
ba204b64fb8d00ea5e6c71d88188e77efd2c82e374902cc768170a2f38b3adf9,600088.SH,2024-02-02,5,0,5
c7cbf5959b8cc7e98c8c16258d7bd714682191af1ec45975d5ee818117829b68,600095.SH,2024-09-30,5,0,5
f17ad52f7fad9cb83b9a7a27bbe5d890b043923f904d2a7650543402807ff666,600095.SH,2024-10-08,5,0,5
8001a37c3c4e3271a50b1f8957140726f5779b3d1380320019f5760a81c4617c,600101.SH,2024-05-14,5,0,5
9a5c5b6064354ccf9412510caccee692de090973f6c34c9073d8d13e35ca7dff,600103.SH,2025-09-11,5,0,5
b8f12bfe1a1e9b7cc61f5c5d36569c8aaeecff19188c3542e86be44cf1b2d0c8,600103.SH,2025-09-12,5,0,5
7021aed96b2d8c34595058c238166b064ac4e7991587be8e68cf34ac3924afeb,600103.SH,2025-09-15,5,0,5
a6edc7f1a549c4c3673b2778a663ab2e65a0f95213b0346948a84dfe7a7e9630,600103.SH,2025-09-16,5,0,5
86f32f39929e74aa9bd05feb16cc33a0823abe864a597b66bfd960b7d9c4774c,600103.SH,2026-04-22,5,0,5
9d9f28735625e83a3ede2b71209a068ffef93d86ec90ae93bdda80b48c1c7eec,600103.SH,2026-04-23,5,0,5
1f6fecf104deb52fd8a6e34a4150d840f9a3afb637276c1d59bf1e42164cbd1b,600105.SH,2025-12-11,5,0,5
9bc4445b01b3073e73331b4f56d347cce57fff84774fd4c39914fe8f59ea25cc,600106.SH,2024-09-20,5,0,5
eb902509f8e034573c509ff785d7fc45b9ec0161f3c5a2f5b91435780e622673,600106.SH,2024-09-24,5,0,5
42fbe765dacfa7586bc214cc0284b65fc1b7a1b7e80bd402e4a5677b00794e29,600106.SH,2024-10-16,5,0,5
d3aae4253d203ac30605a5fb742eb8f3c3465001b5b5005d34dfaefb4d5f2c50,600107.SH,2025-08-20,5,0,5
5fe9fd4ed286940405cd2cbebcff80ebc94fdcbc2d0b31258691e49e70502547,600107.SH,2025-08-21,5,0,5
21dee78c343a60aec2fb23a1a0f40114ddf72d4935512ac2998fd0bd8b41ff55,600107.SH,2025-08-22,5,0,5
4477cca4bea5461dcb93dd2ffddfa5a7a6d7c96814c7d7ae5f0941370707218f,600107.SH,2025-08-25,5,0,5
dfb259b50490924ee145a3aa481811131d8f1375a3b1ecdf3d91d963a574ead3,600107.SH,2025-08-26,5,0,5
0d97cb2b05f33edfdf18b03ba98493294d39aade9a2538697a6e3d5bbbcf9177,600107.SH,2025-10-14,5,0,5
05e23ff76b5872f2730333883ab6032d0e3a8d803aba08a39898711083fe62e8,600107.SH,2025-10-15,5,0,5
f9a983de40229d9fddb63329619cc1a9e35b1bd6bc98bd1a23bc15712c5db656,600107.SH,2025-10-16,5,0,5
335da32a7833b21005faf27061f00105e2bc6a7e8b76bdd4198a0fb269173884,600107.SH,2025-10-17,5,0,5
f52953b3ae5544c88550fbd67a91de1ceb17259d915e3da4b3d1451973bedf9d,600108.SH,2026-03-04,5,0,5
96bf6ba278dc6a6f83fd678cfa6d0720f9105e3def738d3f10b6e0aee22b29b0,600108.SH,2026-03-05,5,0,5
88e54dcb54d28d3159a3ee668e9833ff93ee4e4ea431dd945eae93926b8d428a,600108.SH,2026-03-06,5,0,5
4fa91e54f566a21322e3ce065a25b8bad650f9569ac68c5748449c3e8ea348e2,600108.SH,2026-03-12,5,0,5
cd3c9e48eeb77eb7b190a5cabb0794a3d89bccc182425cded4632fdda6d0dd7d,600108.SH,2026-09-07,5,0,5
db35af7912ff50db6851238a6e48dd1c924d70ba8b0200f67f648fc3fb1dbff8,600108.SH,2026-09-08,5,0,5
7b149d57f4b96cc434e46d0dc6147136d740e2d167bc29bca64b2c152c01aca9,600108.SH,2026-09-09,5,0,5
04b8b2110698b072faaaad4f055a655afc0b58041875a81669e106bb29b97928,600108.SH,2026-09-10,5,0,5
c07af6ee434ce38f82c01b447f5cf5896549836bbdaa25c1743e4607901d67e7,600109.SH,2024-09-30,5,0,5
eb5316d6952d46ea339e6422530e7284c3bfea061e9d82eed17f981e27e51faf,600109.SH,2024-10-08,5,0,5
c91a2890e40e3c0397cfa3aaadddfc53f8524296ddb399fde5ee40278ea25dfc,600109.SH,2024-10-09,5,0,5
7677641c15f307f5ffd585bdac580714d4d875cf63f83419edefebd23a5206fa,600110.SH,2025-06-20,5,0,5
b40becdb1c1f2ceb03a2533ca96ef1839d388ab4388861dec414408b88906827,600110.SH,2025-06-23,5,0,5
0517b930d7963c17e71dec3f13ed5fc5d0785876e2d90161206d30c77cdbb5b4,600110.SH,2025-06-24,5,0,5
e427e7a14f53f8241cd7d92de4bdcdcbbdd1c05836f33bece8db65758b3004b2,600110.SH,2025-06-25,5,0,5
83c62491faea067e4c59a573226bc923a641391aae7f8e41ff8c31febc6decfd,600110.SH,2025-06-26,5,0,5
2ff0f8a01c6bf419e3ac7e50de5821059829ac0df57db2bcee62b5f04ea74e22,600110.SH,2026-06-17,5,0,5
c02ed4275e1cd5245567604d520d8818091d68f3e277107e8763a67870703e7a,600110.SH,2026-06-18,5,0,5
a0d145438748e07f1f7fd8be9fea40cc8256f8bc40e6e4af35ff60cff7c87b7c,600111.SH,2025-08-28,5,0,5
144ebadf6b6c619ce41980ebd6b11449de63b5b1b43a96bbad6f93fb007e2868,600113.SH,2025-06-20,5,0,5
d2068f73f9c02a05879f7bbdf097f6a6a14e7ff39e4cbbe9007c161ae6a88b0c,600113.SH,2025-06-23,5,0,5
a0708f05757330f83365824ea1f74b2badc082f29c244728c32fbeeac47b46de,600113.SH,2025-06-24,5,0,5
df5b3c362d93504ae301c787f0f5b0b710a8d1281dd0986a89d186897e742f42,600113.SH,2025-06-25,5,0,5
c9d4aa106d55e2da105511cd57bf69a6e66a77e69f3b8923cdcec35250ca85f1,600113.SH,2025-06-26,5,0,5
a4e7c4b2ca8ed00cde2e2e0e8722a43e763b8424c63b72661778b9451cce6846,600113.SH,2025-08-14,5,0,5
590d0f2f90a9655aca2b412bab7472ef65f3d44ca98596fd71d8c75b595e7663,600113.SH,2025-08-15,5,0,5
d52bf509f8b421f16dd99dd1f592bcd0d5818011b9cddc9a52abb9ef28d5bd11,600113.SH,2025-08-18,5,0,5
f8050a9f14f007897b462a0a5aa31a459e38dc7a8d40e7f41acc536c23948899,600117.SH,2024-09-30,5,0,5
b615eeef4a52755376357ca2b96dfb050b93506acac5839d552b447bd2ed9251,600117.SH,2025-07-24,5,0,5
af0af7cc7a80ac76fb1bfccb683252f6f7bfb9d10d512969f7d21a61d05d5830,600117.SH,2025-07-25,5,0,5
4b3543922ac6c571b6cd90fa881ff184e2269519529b7eaa984512f77bc0faad,600117.SH,2025-07-28,5,0,5
dc8dc24795ed45d2b0f14940d3e76490dfc6932650c17c1bfaaabd516814f1f3,600117.SH,2025-07-29,5,0,5
7e013bda9157b973b321ae06f78eaa101e401a3e6b77943fe8727ebaa9c37bbb,600117.SH,2025-07-30,5,0,5
e55caf12463313efe15056066ccc6c8ed50d6efc1e87d505cf59c67beff475a5,600117.SH,2025-07-31,5,0,5
f1c8170ae944c8c6b42c3417bdbef677c5e6959ec8ab84fda709523ad2bbabb9,600117.SH,2025-08-04,5,0,5
994227a5277f94ea0bf73f14b1d6155fb807d9e86a88853c771617edc1abffa1,600118.SH,2025-12-26,5,0,5
642ab286f5cae7f3a8943000560d50b4d13f59b29d9fcc5ad99c150d99348fb6,600118.SH,2025-12-29,5,0,5
886abf6a271046bb37f4c877fc541171a8fe60ad151ef362769d41f6081e5ea8,600118.SH,2025-12-30,5,0,5
59ff362e897b5c0854c0fdf755eb73e7949d07fd6e8833552c9b652517fdb874,600118.SH,2025-12-31,5,0,5
d4f7f9d2870e245c136f30c91ae02a4134183525e7e2598b67dc312543d9cd02,600119.SH,2024-01-26,5,0,5
57c5bc6ba940bf0c6d6193b52333d8a1ed2554a08a48fef29976b5c4858589f5,600119.SH,2024-01-29,5,0,5
0054d43921e50cdb02cdc4cacc86fb90159732cc16b4f299b174ded6a85e71f1,600119.SH,2024-01-30,5,0,5
cdb4f20636fef679ac848a698dd0534c3e47510ab65de91e458f7c1bc2af1350,600119.SH,2024-01-31,5,0,5
97ce5d4ef39e8d5b08fd179e8226a3c51c948702b06140179df5b3ea9307bef1,600120.SH,2025-02-07,5,0,5
fd8fd8cce650b7b1871448964623e681ef9809fd9358539f0bfd35141c6edf61,600120.SH,2025-02-10,5,0,5
c38204acbb257a475fe7f323a8e40362ae81a5644dacd7c99094bed588cbf64d,600120.SH,2025-02-11,5,0,5
f8b787d719ad0856223971ded4745adf249bbaef9911343342560dd0d72aebb8,600120.SH,2025-02-12,5,0,5
b05ea58f7b85679dccee4a5b6bad7e4e29e2b6422e82d7af640ddf5a44ecde14,600120.SH,2025-02-13,5,0,5
cd3f932f52c6e8ce215b30dfd176bf13d3c64915c57b78dceab6602f83490a0f,600126.SH,2025-02-07,5,0,5
d0ea9b97e8c6109e05f4c5a0693b69638c5c4130c74a080f10b8f805c9fd16ae,600126.SH,2025-02-10,5,0,5
651c923db23cce2b2ff20a8fdc5f6f99b9235b3384a92be82fbd15d753fcdf71,600126.SH,2025-02-11,5,0,5
59b86e776e97f560a2f54cdf188adda9532d3b53f864ae71056ac96d924a7a82,600126.SH,2025-02-12,5,0,5
e7c7575360b7e1c22c80d6f0fc4a90e797fdfc91cd4f4817dbc4ad8cadf930b5,600126.SH,2025-02-13,5,0,5
9bf696b849e966e1014fac15d2e54d4fe36af564898a0f8cb9a9865ea8c9d858,600126.SH,2025-02-14,5,0,5
7f39f0eab29f16cc948615d34d3a90aa739854013673641c04d2b1da4e422433,600126.SH,2025-02-17,5,0,5
4d356d8b8b9c285047c7fb929de2e1a5d3531e1bbdc7fb07a61dce479565b797,600126.SH,2025-02-18,5,0,5
cccd0b2d548f8276d5b7432132fb09956b968518282557e03da9a15ea4f6b0ca,600126.SH,2025-02-26,5,0,5
e82644e8851bec1b5b825a162224612ae495223d9689e413f4374faf87939c34,600126.SH,2025-02-27,5,0,5
23270fb6cceaea04fe3ca89a8b76504898eedadbb32ec62ed468f3c8bb8114c4,600127.SH,2026-08-20,5,0,5
addb2639ffadba5b16eb9c2573b68f8367b8ca96d3165f2154ee3fb98ba0a65e,600127.SH,2026-08-21,5,0,5
2328a86e9550ce7d5463e36f99fdf3bceac8d5e9b60162ed6b7b427a88a5cf49,600127.SH,2026-08-28,5,0,5
9bbc1b30a6ae13f6232e2291f71f9c58e25d5f8baa133c5c26d22f97ffcf98d6,600127.SH,2026-08-31,5,0,5
d7b906efb8e519274947b8ad2373655c051d2a8ed194878e5e321244e77088a5,600127.SH,2026-09-01,5,0,5
3294fc8bd133522c9f2053d9a2ebc551b91d5c459989d549f1d727b66e64e04f,600128.SH,2025-01-14,5,0,5
7cb3b2b651bf948dbb2bf2be8a62a550ae70946b7f52b68eaecd0e79fd2209b2,600128.SH,2025-01-15,5,0,5
a0e50f1999a45bbb0605e4e1ff6d0dbf9323eb948d23ff582625d2d585284e4e,600128.SH,2025-01-16,5,0,5
19dfd6b677c96186c513875a2e2a08603019d5c518a007f5145ebf2d7f16beeb,600128.SH,2025-01-17,5,0,5
7670bf2cce7099756bd20f8ae6ca56475b7517cb609efeecc584a746414b3e47,600130.SH,2024-11-04,5,0,5
dfa2b18cb376905fae32aad2d43bffae6d6a7f0e9d024d677b8e32480d9e9aee,600130.SH,2026-05-11,5,0,5
07055258614d290dd45440a170ee5a01383ab0854d2035c54486737d86f39adb,600130.SH,2026-05-12,5,0,5
816b92dd72eb50b84943f278c030dc6da65d4b5aa1f3a57cf72b182555b2f14c,600135.SH,2026-01-08,5,0,5
8860f424ab1b9e16efd4ee3757902727930e43c33de804e5306cc52fdade99ac,600136.SH,2024-04-26,5,0,5
9b695ad609d0748b5f242f6d0eec542b4ba45a64b5583d8c729493f6bfa295a0,600136.SH,2024-04-29,5,0,5
c85f2959311afa51668add0599b5bbeb32a7089456ae3fd5bd84ad380f216264,600136.SH,2024-04-30,5,0,5
6c81141782fe936f3c50b2c545f6af13c1486f9b65ebc721e7611df08bc5f95f,600136.SH,2024-05-06,5,0,5
e66108b800d095812c16000da383f2d707f54d326cff33f66a02fe2573b7c3c4,600136.SH,2024-05-07,5,0,5
eb567137a459504c9b5ed4d14a897449a5c6b38e6e09d693e9eb5549d686a74f,600136.SH,2024-05-08,5,0,5
b268409f67f048193f4f88da67a5c4eb97b8913a55c4a53af0dd50106db47107,600136.SH,2024-05-09,5,0,5
2e768c1f3346c89a1aa9586631763ef5e3b15f7ef0f77465a1238c2b8b854f17,600136.SH,2024-11-12,5,0,5
b7c346a0d1c18d0ebde31734ee96cd0ced2aa3640753d5f7dc296529a2751635,600136.SH,2024-11-13,5,0,5
f886736c4a9f5363661b7799de409673bdb0e487dcf1a778bf2edd585dfa4267,600136.SH,2024-11-14,5,0,5
954b081ad8689ebf9bde7c114749694eaec63733d7b9000201cf38af77f97e5c,600137.SH,2025-05-22,5,0,5
968f1a06433693b6d6d658cd22d2272e261453a9e0b5988161212774e15fd602,600137.SH,2025-05-23,5,0,5
4d47fd07fb94c7cd5063c2ad84c4c49e155cdd967d211bd3191d9cdadb5e4871,600151.SH,2024-09-30,5,0,5
097952ce4f3846269c7c9084a299457299ed716cbeee9d3c7b4fc84883ed9d8b,600151.SH,2024-10-08,5,0,5
74044757d1c889690bfa029dfc2c56823fd7a75575a191d479aaf8b7dd235622,600151.SH,2025-12-04,5,0,5
a2f9e0a15db1e9b22cf56d67c039362c2e3c2e1ac22ecaab42b87cf18e52b354,600151.SH,2025-12-05,5,0,5
1209c2045b58a76cd08b4aed67744bc0242b76af76f5d13481a29fb9983e1b6c,600151.SH,2025-12-08,5,0,5
8f648a15353cc463e0e3ab28de266b14afa46b437e81c23fa33acd26215243ea,600151.SH,2025-12-09,5,0,5
5d05930a8f1b3ed87bdb6b293e2ea5a9305862ad716075a9d0de8a9d7bc7175f,600155.SH,2024-09-30,5,0,5
2c5c185821b5c16245e4b503b3f8a20d873c2c18b2359d4d407aaf5749183954,600155.SH,2024-10-08,5,0,5
2734d4b4698c00d04d3e33c70a470b77f81349e514164e927a490aac989faed6,600155.SH,2024-10-09,5,0,5
85f7dcd59e4ee6d8ecc1106f082185949061415e9074be3f40e9b200352f3bb0,600156.SH,2024-01-22,5,0,5
a6cf51a0382381db11330c9b724764ecc5848d53082400622df014e792b5cf24,600156.SH,2024-01-23,5,0,5
76cc1b21d97ba2ef90c0e51fbb4502dcb394664bfd5db201068bbd720f16f8e2,600162.SH,2024-11-06,5,0,5
7e1d07c8a17656837dda7609cb348f5ae6a441f8cfa4d83a9636a19d348cf852,600162.SH,2024-11-07,5,0,5
30feef5a8d8c36bf227e0ed71607cc29ed090f8e08f02d06bcfabc21838e2708,600162.SH,2025-09-17,5,0,5
47e19b5c3e1c82a0086537a491a854269fe23f10c1ecd92f6002d7c85d70f25e,600162.SH,2025-09-18,5,0,5
7c7c41942ee4ac13a2a0471b9414e1e2f85818acb6ea8ab622c4ef451eb3fe5d,600162.SH,2025-09-19,5,0,5
4a8abd362cb26bd3d7f4deb785119d553c4acb4f9a16f75b5330eec7156d16a5,600162.SH,2026-05-28,5,0,5
fd4044ccd7e98f303f8fb31dff50a9012c68da1659da980428aeec8883c7bf54,600162.SH,2026-05-29,5,0,5
34a9c91f24e447c02273d8326a6d4b0b63d80aa836a8ca5446138a5939d54b5c,600162.SH,2026-06-01,5,0,5
384b13efa08b7b1edb0f181aa889f3d38eac87318908374335d6d9a8d85f9126,600162.SH,2026-06-02,5,0,5
c8768436608a2cc1cb0c5d02101e6b4cb0e92e3662b759ec5f5223ff75406b94,600165.SH,2024-03-25,5,0,5
ec5d4e8468a3277e74077f3e0ac79b24b63d549d583843bab54cdfc4c2f161c4,600165.SH,2024-03-26,5,0,5
46dacce748bddfc17f8844fcbeb3ed40cb2a2c08a17a922244f5ba397fff41d7,600165.SH,2024-03-27,5,0,5
a43b3c0709ba8b23bbce097c403a1f335103cb47bbf3530e3cac94396dab6a89,600165.SH,2024-03-28,5,0,5
ac33fc494397548dac0a6fb85d45d2de47f134fe5f9aa7ca009d391a2c1f8f31,600165.SH,2024-03-29,5,0,5
de7e50fbaeddd1b8429f18919e72f74bc9a91e7f15610d4b939645f736fe59ec,600165.SH,2024-07-15,5,0,5
e83f2471b9f4ec003df8b125aa86262e5a3f7bc4c14bc0a004b25358ec9155b5,600165.SH,2024-07-16,5,0,5
6ded16e0fc54223479fdf9b5481fade396d0d19bfa7205e19ce145baf18e3db3,600165.SH,2024-07-18,5,0,5
f9fd1fe7cb5b9639c4a655c47207160fafb3e7fa6a4ca6202a2e71b77d324820,600165.SH,2025-02-13,5,0,5
55c1f0b3893512b46a73ae88f912fddb0fba5d895ae9d127cc39be7974128d73,600165.SH,2025-02-17,5,0,5
c9deb4cfe94199312ebece7d1b33321e61b5fe64ce9854abe79673edefb6734a,600165.SH,2025-02-18,5,0,5
acf8a939ed3acd79b8f140e7fdacac88e8870b46b54e6d1ca350b6c734e89201,600165.SH,2025-02-19,5,0,5
7b894fd2b1c8bff366542cd91d3f55a49f1d6d8481bb357cb66f8f27e96b1b20,600165.SH,2025-12-16,5,0,5
983a7a213cc6398f9da09a0bd9c5979c66ffdac89a85df4e2985f0bc1b8b33e8,600165.SH,2025-12-17,5,0,5
008e3614b16d3149237b86b491db40248d80e31c450d2eb48d91837a8877f0c1,600165.SH,2025-12-18,5,0,5
f238bacb9885271f898e3eb94c0aff146691d9b02480488b8018ea8736989536,600165.SH,2025-12-19,5,0,5
dcd7096d38cd1f7236479f5c21e80e3eccf8ae831ca914b37fae3bc44986a14b,600165.SH,2025-12-22,5,0,5
7b9f93d5568ff72c710313a8207bc500eba4a307eee9ff88795c4eb2a1c9aa25,600165.SH,2025-12-23,5,0,5
a6d5383999d003e801fcadf5b6559f0c96438f97128113412e24f142eda3399f,600167.SH,2025-09-24,5,0,5
66f8ec0ea2adfbb2921400287f7eccc9109fcc0ff50505b8abfd9b3e25179dcf,600167.SH,2025-09-25,5,0,5
affa3670711729e12b70fc8105db73e58d32940c4be49bfc65213ed596b98415,600167.SH,2025-09-26,5,0,5
64ed461999697bc01eed60673e9311b72ca1f0c8499190e9c0e507cbeab1426e,600167.SH,2025-09-29,5,0,5
00b57bfdbab5f8b64ff04aab178497e969f61a7f208131d3dfbf4f1323154171,600170.SH,2025-09-17,5,0,5
1c9f6ad7e929b7fdaf6c59d6940dfa610719fdac0768ba86cbb532597c259e19,600170.SH,2025-09-18,5,0,5
6da57d96c4afa82fdf2834092a32e84a2d18c6cee3e303811fe4f36f47e12192,600170.SH,2025-09-19,5,0,5
6ea9c463ddfd3945d2d2a5d4705215d0671edeccf2e9f66893cee68438daa8a0,600171.SH,2024-10-09,5,0,5
835f2fce62fe4883dc986897d7fac7f02aa31c37c1ec2343abaf48587e969555,600171.SH,2024-10-24,5,0,5
67149ddbf61c5340409a204240309cb20b6f6efe0fdd0c1dd315bcadd0500de6,600171.SH,2024-10-25,5,0,5
968b33766f305ce54278f21367a75f93d5c4a5db1a8edb26eeafebf340306179,600171.SH,2024-10-28,5,0,5
9288a804aa917a24b1c92310526e5abed99581680f39ba14a20a3c83b49355fb,600171.SH,2024-10-30,5,0,5
24b8e012a134e818b16cbfa1cea727a57cd22b0b1a4578d3d51b5419a8498c2b,600171.SH,2024-10-31,5,0,5
cd40cb5ac004d876c2d41f0fad34b8be3b4b430a607a18fcd20fc55c0346193f,600172.SH,2024-10-30,5,0,5
79dde0c08d4a4d2ebcf6f17b9a50e8c5e9304eddab8559266c48a8e4d672c035,600172.SH,2024-10-31,5,0,5
ae3b28bc4ce8a9c60ca3a4eb82692c095fba0fb3f8dbf85d7b0beb551e92ff30,600172.SH,2024-11-01,5,0,5
4a64a1eab402dc5c031b2b3763fdb3d329fe38751f3f958e121bb6e31e03ea24,600172.SH,2024-12-05,5,0,5
a819cddade12a1a2c0a37f96c3d73f62c6968410ae7fbebe348f19d26d36b332,600172.SH,2024-12-06,5,0,5
2a0c8679e39accf2515da18f3c11fdb525c56d1d29d7150987d543be259f75b6,600172.SH,2024-12-09,5,0,5
ccc5a37167477a921315f6b4e77582ef9f15537a720c5d1a552233808f785e3b,600172.SH,2024-12-10,5,0,5
3f7b679a282e4fb3466668bbdc67249688b8ae6e99c666e8e2d1b72f5da3eebd,600172.SH,2026-05-28,5,0,5
fa74fd301456882283dc438bdecc636443772f8c7f6d2ef73db59c4d1dc6db25,600172.SH,2026-06-25,5,0,5
c62de6fb41b68c4ae49f72b5524968339263a3fc9b8871aea8e08418d640e3b2,600173.SH,2025-09-10,5,0,5
26b9c4576e4ffc603ae2631f72197c2425037e8654ef3d0c8da3f4d09b1ce02e,600173.SH,2025-09-11,5,0,5
dab0fdd3b2cb669789b476d40e26569b50f8bf0e5b40315b544a7e39923a6d9a,600173.SH,2025-09-15,5,0,5
fac145f527ceae14ba8fdc88851ee2bb15eab1aea93604d8b6bc0ebf9b97ed7e,600173.SH,2025-09-16,5,0,5
56f0febad4bd91689bcd65ba1df90e5f72ae103dd31a147b11affd79dd2b7809,600176.SH,2026-06-22,5,0,5
c0081774c047d45540d7e996f578809a4e78941298e4c34014ac79efe98cc8fc,600178.SH,2024-10-31,5,0,5
c74459afce41ddd8e25ef67c4c9ccdc881a5d4791ef4121a751b84c31e36492f,600178.SH,2024-11-01,5,0,5
a68f5a962f211f2fa34e29dd7b8b6014aac513ea0c76f1e948f4997719cba891,600179.SH,2025-12-25,5,0,5
521fc870ceac4151d18764eacf1b4913e7ed5ccbafd618eb6dfebafe1512dbc8,600179.SH,2025-12-26,5,0,5
172723fb450b4e2af42ea59a193fe3955ac1f6c04ab507aabfdab90dd8663994,600182.SH,2024-11-20,5,0,5
60fc127637a64fb168dc712c5a59ad75ad3cacd3f9a08325a6c78ad1d2866570,600182.SH,2024-11-21,5,0,5
0218cbf886fe5f5e0af1d8b05351a984a3dc9200e658646460956938411b91ac,600182.SH,2024-11-22,5,0,5
305965865fe4c0bdc78c1554fe793e41eedd506c5379c7c2c3661b8c4aa4145d,600186.SH,2025-02-11,5,0,5
6cf4e9f094a8bb13cee8a473aae4ab7419921fb7e73289a73b1e49f66da52955,600186.SH,2025-02-12,5,0,5
0d463a4a26f0a412aede38bf94d22a973241cba67b0da3c4b084da5a4bd0145d,600187.SH,2024-07-25,5,0,5
2ee48c46e393cecc1eff23eeede7febe4ed194526eb5093a437cbee0a24db6f0,600187.SH,2024-07-26,5,0,5
79a62cacc1e410f715325fe630bf8e0e753be704595d2a62e8365f8af77d041c,600187.SH,2024-07-29,5,0,5
af6f61383c4576964801bb30ec1660b87ae0675234804187923f8ff5a386b84f,600187.SH,2024-07-30,5,0,5
2fc41fc2706671e420c7b95e5b3c3497a7b3b952b2bd193873091cbd7b9fea43,600187.SH,2024-07-31,5,0,5
79db54b26ff7c20a658ca452a220e1723166c0f9b6b336517cac539f1adcb901,600192.SH,2024-08-13,5,0,5
5e497081e0b0ce0e2b2685b30f142209b0240da096ac71f15a40268264883628,600192.SH,2025-05-30,5,0,5
0696060d3e035e7c6989fe381301e64f5113ac01312f7960e1a8b19f0a386bb6,600198.SH,2024-09-20,5,0,5
6651114c0cfaff2c8266c6a6a26aa1bc877b4e574a8813f80286a5828a645b71,600198.SH,2024-09-23,5,0,5
3cc92837fd6d0754a9364e369cf40ad459fc244a4a7a3c2af90bdfae2d2d8637,600198.SH,2024-09-24,5,0,5
654f9bc3cafaa5921e77cfc35c02a00be030cb198077bd853fb3d3c155f347af,600198.SH,2024-09-25,5,0,5
5594bdde9b5ad45af35eda4eb96bfb7cb99a992cc672abe74f1c35b9641ab641,600198.SH,2024-10-25,5,0,5
0620b5ac58c729d1c080cb254374f9b58920643e4528b3e9efdedc539a3fdcaf,600198.SH,2024-10-28,5,0,5
eb79152ecd6c32bb937452b0a9c35088050a6bc649d3fe94e68dc8f350fbfe04,600198.SH,2024-10-29,5,0,5
f3a4672224a6b91bcbfed9bc1dc9c5eadad677a9b3c54917f1855506a438316f,600198.SH,2024-10-30,5,0,5
715b07439fcbaa5602d3a3de66701f42f7b3f438fda9e4bc2effa8ec469e51f0,600198.SH,2024-10-31,5,0,5
ddf3ffdcdc571d0016fe7f7e924b686fadb4162aaeb0d51d3ec1b1adc2a7d84a,600198.SH,2024-11-01,5,0,5
8af00b36a2f7e69038e04f4959b48f5d6dac58d5c7f32b45ea433978e501159f,600203.SH,2024-10-17,5,0,5
09bf32db5767cb7844ae4d59bb5d7144f801312f554667c1eac9a81f7e737bae,600203.SH,2024-10-18,5,0,5
ca5d06d2905d609f00050582d1ce36ff96ec1232281021ccfc3fa95c5b1f4204,600203.SH,2024-10-30,5,0,5
49b3a0299948f7637fb5253e6dfab66314bf70d0c79f7d1a1bcd122128fa7cdb,600203.SH,2024-10-31,5,0,5
bf228bc6997ac5f110a1baf3ab3e3e6b13ab816337f250edd441b6c40c9b52dd,600203.SH,2024-11-04,5,0,5
e48888eea6296b434c1ed6d5ede0b7176122f8640b4955ac7dc685a306d075b3,600203.SH,2025-08-07,5,0,5
7af5dd8ab3faef3b751f7d7e38a98416049af96f2c63b8463a10658f203b21f4,600203.SH,2025-08-08,5,0,5
e45dd7944ee5a3ba0679ee3c4f52e28c4a1265ab9233f672ef1a3ab4c784934b,600206.SH,2024-11-12,5,0,5
8476b804b3392fbc910781c9a7cb050bf6b2c4ffb2cd31b02fe816bedbc5275b,600206.SH,2024-11-13,5,0,5
7bec9fb36cc77d6c13fdff74bcd5fdb439634373be0664ea1846a7b7d8c387a5,600206.SH,2024-11-14,5,0,5
b54e81a0d21b1cceba53b94188cd27169f1f72d47dc5076698c4d51fc9799e31,600206.SH,2024-11-15,5,0,5
2d6f83706f8ad896a207b1d226fcb331dbc954dd6041a93d5ee0b53370ff8888,600206.SH,2026-06-16,5,0,5
699255ff6cb58ed179fd7d0185b87a07e1be5304e481c68dde6a53fd640bfbdd,600206.SH,2026-06-22,5,0,5
d937e01f51fe7d48c8dcff53178d5477e8cd2bd6a32a988c790490e248d258ab,600206.SH,2026-06-25,5,0,5
157ae9eeab34f168afcfe4de9bfc27ca4a21ffb0e31b9e7bccfc4b84c0680e58,600206.SH,2026-06-26,5,0,5
7399f0f4c877ae3d7cd0c1726bb834808df79faad9771f6b58f48debf8185ed9,600206.SH,2026-06-29,5,0,5
ae6dd672b9ab426327371cea3467630e8b1985f0c10a61896d2751341a4947ec,600206.SH,2026-06-30,5,0,5
b245ddf138ed9ab4086dd41ebda4cc203af48d75b426e09301e56234584af79a,600207.SH,2024-03-08,5,0,5
75f1fc72861bf8c2f1052205d5f8e9e27cf0966756978e84b9b5f95bd6218996,600207.SH,2024-03-11,5,0,5
7a786d3fb1888ffc842505988730741c7faaec6768fb286c206f3aa3162722e6,600207.SH,2024-03-12,5,0,5
c9d18b851f7412c0f6d8e5029207ce6b33fa518d9e0c6fdbdc9e10e1dbaed9d7,600208.SH,2024-10-08,5,0,5
2deac808f9382462424b9d974ea0b3b851d6e6e13e31015081a99bf9bb2d0ae1,600208.SH,2024-10-09,5,0,5
c329ee621079adf05d5fa5ebf48a9e47014489457f014867dbd137fd13fda102,600208.SH,2025-08-15,5,0,5
0b049fe5e391f3e2874cd0914082c4072e73529e84279278543e1a87580ada77,600210.SH,2024-11-11,5,0,5
740da41e18dad8f62ce1a71721041300e3ad5eb1d356065eff9ff8362b735331,600210.SH,2024-11-12,5,0,5
33f2d99d67ec263cf999689a3b7af702bf747c972e7d9fd7293f0ccd33b045c3,600212.SH,2024-10-25,5,0,5
0c46ce676b3e18dd13c21cea4a0bdc62b077b45c4e106264efb12e934bb86bc6,600221.SH,2024-11-05,5,0,5
a127c52c278aa54ebc7e627f01d61d4428b23628dbc76ed1ff5a491944d83ef7,600221.SH,2024-11-06,5,0,5
159d99f33b653295c3df08146b307b650270a8b5ae776368ad292ba2cdcbf394,600221.SH,2024-11-07,5,0,5
3da0c8002a0dcf57921522952bb4455b9b34332947630f2be4c615e374ae64db,600221.SH,2024-11-08,5,0,5
e400ae17ca7cf0a9716361524f22232f354745cbe5aad54cea30842211946bcc,600226.SH,2026-06-22,5,0,5
1337f8cdbc73e5c5fdf0281d9e887b97a1e7bbea9d72fd4348a3be4b3554fdbb,600227.SH,2026-03-11,5,0,5
88bd8f6460b25d3d64a8c0ff0d22e37ab531ae30a60b7c6d260b7e00c4943003,600227.SH,2026-03-12,5,0,5
d8d05ee330287d246f20a3b39ca45d6ca50611b43f831bc4682f7f54f430db02,600227.SH,2026-03-13,5,0,5
449a563179396e20262cc819e5c422e900a04f7f7e50efd36a82beddb65843e8,600227.SH,2026-03-16,5,0,5
f1cbd157614a2fb28eb0231b252fccb88a76219649e758660dddec25cb743127,600227.SH,2026-03-17,5,0,5
e8129117120b285a0ef1e127ee210929018806bcca919c17ee1d31f73d269d5a,600228.SH,2026-06-16,5,0,5
50007cffebec16ed2b9539a017b5176be0d47911ca6d2ab786e313018569ff42,600228.SH,2026-06-25,5,0,5
35ea714d5dab24fb4a0a71cc4921adcbc45279134961e543ae13fc41c9296a15,600228.SH,2026-06-26,5,0,5
c1d024dbf4faffa0e4c7da117cbdfd6fb3be5ab204155a9f7861fc0a65973239,600228.SH,2026-06-29,5,0,5
d9aad9b0cb31257a144dac47a848ff0d0bda0d6d15b972539aa33f04fa023c34,600230.SH,2025-07-21,5,0,5
a7b078ffa0296ca5a426b69e7492d7c17343546485b116aa67ca803f6b151fd6,600230.SH,2025-07-22,5,0,5
8488a8c7a88c3434108f1f81807814e2a175c32058ebfa926e76ca9d5ed9e888,600230.SH,2025-07-23,5,0,5
006af525893775be684d416526c4678e14219c7c8736554b4647c6e3b07c4124,600230.SH,2026-03-02,5,0,5
8efe3f4f4ff9dc247160286b52b9624b759b48b91e673e9077ce1c89c269d0ef,600232.SH,2025-06-11,5,0,5
c60c2d2dd4631d277f5dd078644f0b995978773d0599b11cea8e98986746d888,600232.SH,2025-06-12,5,0,5
75416c5824d9469a5e3784a4fc19c3ed22e2f79e5b4574e6ac319348c8bd2b87,600232.SH,2025-06-13,5,0,5
489867a24b573c7c706655d516519cef49c3dc2845dac51d269ceb910282a4cc,600234.SH,2024-02-23,5,0,5
52a828f134e40b9da50196aee4cfd6014f73118b86a4fd5588bf106494100b13,600234.SH,2024-06-17,5,0,5
d25cad45f470cf65da1091cf1feb31ae2c50cf58a3fd37241b8c795829c39233,600234.SH,2024-06-18,5,0,5
024f7f0d7cd21a0b3a7affbe7e9da02e5cd589b4b4757b61989803a6143023a7,600234.SH,2024-06-19,5,0,5
916469512b6141382e29e0dcabdc92b77439da2fa1c8d71aedf5164cd23d42a4,600234.SH,2024-10-30,5,0,5
8df81c945e8501a333831d4dc416111d4dd256951ea02de614635a33289a23f4,600234.SH,2024-10-31,5,0,5
e1d7265bbd14626c15c70a457ac9df729d3a76f141c49893ce3dc031bbbca319,600234.SH,2024-11-14,5,0,5
16bac09d61a00e7d15f0a2e623fe5c7846c05bda255fb4b40a17d266b4d194cd,600234.SH,2024-11-15,5,0,5
c65133fff910ba6d0251b3331e6c97e9a5212afccf4b1574c8d521db6d276f32,600234.SH,2024-11-18,5,0,5
e9a692a6dd75e4154c1e9e4b709cc04e11ea37ff55dc159ebaa10dc7523ca6fb,600239.SH,2024-09-30,5,0,5
7e390cb4b4cea7e8327894c76f15b97016f6027af8d33954094cc3acfc5e759e,600239.SH,2024-10-08,5,0,5
bef9789aeb6ca6ca87cce444b15833cd398cb8a9bd1f3b4f04ab8b1d09b3f778,600243.SH,2024-03-26,5,0,5
d723ec1690459e33451a5a2c2e747045ee9bac52d8e07c78e5a5c5afac9a0a4a,600243.SH,2024-03-27,5,0,5
cea3ac4e9190d69f139268cd21786a68f1e2da33a197836ca128f801e6811e05,600246.SH,2024-02-29,5,0,5
497b845eb9de508270ab2c5e6c3b637051b0bb711e4118251a357e121350aeb7,600246.SH,2024-10-29,5,0,5
4d7920d521cc827a724bfe6046364575ef51ec76fe57978ccfd0fbdfeea38068,600246.SH,2024-10-30,5,0,5
78b9c4fcae3b9c570ca53f988bbff5c4f5e74b713844d0c927acf25e199a1746,600246.SH,2024-10-31,5,0,5
e47cfeb105c567a0debf749e39288d27fbca0d4436ee0b648ec500d9236804c6,600246.SH,2024-11-01,5,0,5
37ae6ae3e026ebe95f01352aec77cd4fd5f4e4ed23900313b857fc7bf70d6d33,600246.SH,2024-11-04,5,0,5
7aa40f235f74848872828d0a001cbf60de3f52eb70506bb212bb3941f570e52c,600246.SH,2025-08-13,5,0,5
5f5c9884c0480b72f2cb92c6f39ff992e673fe600045db90658503cee9c9b7e1,600246.SH,2025-08-14,5,0,5
59a229877f7904dd13848251e77c7ff12d85e55e0a468b03dde8d89218754ade,600246.SH,2025-08-15,5,0,5
39dd2bb80df36c88ae7e9533cc5f06a382f244e6bbfe5dc1273a2d251cfc95b2,600246.SH,2025-08-25,5,0,5
a05f78a40b9a7c9636a3af40ed4650e3627062b72de921e1d24924f61266284e,600246.SH,2025-08-26,5,0,5
2086234cbeb3d009a725ad47f33da7762485978c0f88c3d9b9d05bd8790ac0e9,600246.SH,2025-08-28,5,0,5
bb80d33d107750916bc32b9dde910095220f3772796ed8937e50bd052f374cec,600246.SH,2025-09-03,5,0,5
f7e3733db7c642953e1ddd0871f3edde25426b51533a1e2d5cc10c150953d652,600249.SH,2025-04-16,5,0,5
29b44f2b72ce2bb909796d371cb9d49a7928bb145f622dd30c2199bbe314d109,600249.SH,2025-04-17,5,0,5
6cd620e62525729b4a174680267947d61c3a8f50223f8012a509c93699d450ad,600255.SH,2024-12-19,5,0,5
c38f78f0cdbc80e535f03b1f88db2768de29be38e7be752b0c195a3309b89814,600255.SH,2024-12-20,5,0,5
2299055d0ba40ce862a75644feb6e817a3d15ebcbc86cd0be47b6dcd279cd803,600265.SH,2026-06-01,5,0,5
134989d5b991e4805562ab6d5bc53f27ce59c2f1d295f2e0f286b0009beb4f40,600265.SH,2026-06-02,5,0,5
5559c52718e38766f7c64d68e827a25f166255e757e715b9f5bae82f02e65514,600265.SH,2026-06-03,5,0,5
b444080a9f0356a37f1046e1a69fc8ca14a80ffcf7c4339c4bfcbd5c519c46ce,600265.SH,2026-06-04,5,0,5
9a4840e2a7e815a74e7d70207d8f070698806c13653da86da643d634f8f4da4b,600266.SH,2024-05-23,5,0,5
e79e2a8748b09cba0608740c6e22a3897f56957ff908d012f0ce2fdb08757378,600266.SH,2026-01-07,5,0,5
a46d4b97aaa4215a096e97a5d648a4ebedea29f68fbbf07da14cfaba0f086c56,600266.SH,2026-01-08,5,0,5
a9b72759924afe9b16346602fe98c91212487d7102a448b94ead1f7127a2d7cb,600272.SH,2024-01-26,5,0,5
736ed5c54a952fa37969d159d04ab8b93aea8d69f966c4bdb8e0073b9fc83659,600272.SH,2024-01-29,5,0,5
4c7956f39709cd5691164a5f4f27d7512603cf661c6a4b32f622676cc71d2496,600272.SH,2024-12-16,5,0,5
1ccec615875fd3d0c49a3c41bc938be6db8f8df637b06cf1e88a1f5cdb6fe098,600272.SH,2024-12-17,5,0,5
fee653020b75ac720ac4593a1d870266317aed85acb3ab1ded85925e4c384309,600272.SH,2024-12-18,5,0,5
23c6f1d10fe4429c5c5f54e03e2ef86fc8335eb7c59e24640edda5e285a48dc7,600272.SH,2026-08-11,5,0,5
9cd84e4e2aea6ff0b067ecdf8fbe68c863361318c7114a550d37bf149bb85d50,600272.SH,2026-08-12,5,0,5
5aa80f1426bfd173393afaabd091924a30b533b4ecc2d105469443a5976ac617,600272.SH,2026-08-13,5,0,5
a242bba62c41ffcaba9bbbd759e36b938ed181ddf16f0faa9544cf0052f79a4e,600272.SH,2026-08-14,5,0,5
ee8d6159f40e1b11685b159f02739bae9c45e56f230d6c8c5047002b4a0a1aea,600272.SH,2026-08-17,5,0,5
2eb2687b448d7bac4cdf6a3640a3a3480e8d5383f7c0631bd06c4d69c04c37d4,600272.SH,2026-08-18,5,0,5
6fe6ef233eafc0e3045518e1acb88ef28ac7a7ffa4623f62c48a4629ed227a1c,600280.SH,2024-08-07,5,0,5
8c77de388097617facacc01101f8835f717d06813cab310e7df49ec492d31f8d,600280.SH,2024-08-08,5,0,5
3ed0a838908776dd74aec72e40a5a01200f60ac29072b1462ab3ca502f9d4e4c,600280.SH,2024-08-09,5,0,5
27a154fb5f54986bd4dc555d0f641de88f047c36e4602d7f0952391f8c9bf7ed,600281.SH,2025-05-06,5,0,5
c42fccad4ef6d43c750e265ae26b8540c1eeb3d08465135c38b36760f00704b9,600281.SH,2025-05-07,5,0,5
16b212f48f217086edefbd953b76bbb235fb04fbfdf6041634e16d9485ae1d9d,600281.SH,2025-05-08,5,0,5
5177949bbbeef02fd05232948f17514fd0bf9290b936a21b48899fbe05c4afb1,600281.SH,2025-05-20,5,0,5
4da3e64c0117a002a74f7eb8fac861b20ea3cf5b2274f546ba41f7678b41537b,600281.SH,2025-06-13,5,0,5
836cf5c826b997d8ef1a538feee25bc6c85b0d43d166e4934bd1378e75394034,600281.SH,2025-06-16,5,0,5
86ea8b63531b45e32ad5cdddfd0e37a6bca0f4c805c179ac73a5d7b606210923,600281.SH,2025-06-17,5,0,5
00a3a0abfae703bfa763be8a2f27060a9c44332ced05b5c1ec9b55d51dd565ae,600284.SH,2025-08-27,5,0,5
312ef233a7dbd5ffe5e48eea48ffe92ef11f25f95a2d0d988102625c9750b095,600288.SH,2024-11-22,5,0,5
73be2a74495330c943db16aabe7a50ae5bbc40266a92306a24fc78b720790476,600289.SH,2024-02-22,5,0,5
10c1b6be5a7cac2c20cf3d659ed6244484cc377c4a316a43b69f3bb6f23aefef,600289.SH,2024-02-23,5,0,5
fe71e1cb94cd4d981066c31a70c43c5135422059270d8e7f527a48348fa081a2,600289.SH,2024-02-26,5,0,5
c6c9375247f48d1f09c58524ca2cc98512ebdb08d14fe66555f79c9ac5aa26e6,600289.SH,2024-02-27,5,0,5
2ca1eedc3da90f57d767bba32d5233f472b66665cc9963156c2ab7e57e40b208,600289.SH,2024-04-29,5,0,5
c8d0fe15871308831e63964a00e6b2b5fad21ac5016676346c4d771b78186d7a,600289.SH,2024-05-06,5,0,5
bac5dbe4bbcc5dde706d84a5f76d8e1d7bc73da51dcd97bad3a23b93d056f74f,600289.SH,2024-05-07,5,0,5
87b650370b9bdec1da7b9b256bc086c8e4f63a3dacb15d184989234bcb79a256,600289.SH,2024-05-08,5,0,5
c190aafc1d197624a46c0290e84dc4dd401fac6e68ac1b5c0e7194ffc84feaf0,600289.SH,2024-05-09,5,0,5
72b801aaee50a6ef27c03443ea52f6d6cee3f8212efb114bbe032824469348ba,600289.SH,2024-09-03,5,0,5
790b70580733dc71c8588731defdedbc762bcdff67e3775c260017e21aac2205,600289.SH,2024-10-24,5,0,5
1f5c3961db571ed965da83951eb02dd8a1f4ac0920b70f9f993a80b9283db37c,600289.SH,2025-01-16,5,0,5
c1b0be9970c6461785acc111055ea88e124d24aaada18a1439d91bb514850911,600289.SH,2025-01-17,5,0,5
eef48950be8e1a893ef08d953c3a3f926d9f00cca54bdc4fe4e9ce5095a71489,600289.SH,2025-01-20,5,0,5
86cb17510c0b7933a8e7b7f0de7eb2b596b0ae228010997a3e11fbd5372ff981,600289.SH,2025-01-21,5,0,5
3d1cebb1888fa8eedba0fa346e7742fb7e2acb2cf93a2b1639c9131c913f6003,600289.SH,2025-01-22,5,0,5
e1594781679e5d69c26b0e2d4bbba196626d05087de4bd165c1147072a2f5762,600289.SH,2025-01-23,5,0,5
4c77c896eaf49985622ddf72fe644ce106e4ea98c1b2ce09752f23301b499a0c,600289.SH,2025-01-24,5,0,5
16524acbffc921fa20dd2c28c151ce5382b02a707d382e572114425f58dd2bbe,600289.SH,2025-01-27,5,0,5
bc08a4199599bd72eca0b405eee1d733e8d255a02b1d29620cd54007492ad6dc,600289.SH,2025-02-05,5,0,5
2b5b693c9aa5edb6bd7fdf3eb3179fe7674a71384fc6f30849b0d5a6168ee832,600289.SH,2025-02-06,5,0,5
8be967b03292ee62b0857618578138c9333ede14a26eac5eee72915d4ffb9a1c,600289.SH,2025-02-07,5,0,5
5f970f765cdaeac83e7dd2083ef4b518ae3c5151def4306199ae8f3067627bc0,600289.SH,2025-02-10,5,0,5
32c80e18941ff7d8eca6a947d7c2d27a749b6671c48fe3443ec68279692d7f1e,600289.SH,2025-02-11,5,0,5
4a97a4ec25d8d519ded228f5ffb4f6879dd6193f32737c2ca4adca9b66db76bd,600289.SH,2025-02-12,5,0,5
91a0580f7e11cb41915db0c54e2ef0671941451caca9a7d17e67ae937cff2485,600289.SH,2025-02-13,5,0,5
cc7c001aa4ec4acbe1c55f77a4674d6e086756d7f6088938fde4d04c426213bf,600289.SH,2025-02-14,5,0,5
d448d603c2c56746439e1ba7f58be7f1e6516d84c478df9183f80ee93590f029,600289.SH,2025-02-17,5,0,5
d1c80d753181a9622cbf76365e4928b4a98338c63fc8fab2adde2d47273a5b3d,600289.SH,2025-02-21,5,0,5
ad1ee502e33a31be66a18ec6264366be665e90177c2626f77fa2219bfafa0bc8,600289.SH,2025-02-24,5,0,5
586f97a62810602e846c6d2caea6da1b8bd3740c6e00fc791b452fa8a9fe5c25,600289.SH,2025-02-25,5,0,5
79f7ebc2523ac85e0aa7286afd67e2c341565e8c6c654e6849434a60a5ffde65,600289.SH,2025-02-26,5,0,5
93eb2bd9036a9d10d3cc3848806bc4b7402988bbee64af2cb478df4cbd7308fb,600289.SH,2025-02-27,5,0,5
4f2b00c2ceed9cd174895d010aa9b2521bd1e772b981c81c2f42d671ea581ffc,600289.SH,2025-03-06,5,0,5
b683ec6fddb6feb9ee9e491b7f5d9b5129ddd064f99ec69d06aba56b8e207847,600289.SH,2025-03-07,5,0,5
0c66b8c69331f54e8feaa02614f756e987804d1a621eee844ceacb5b1a7da7b0,600289.SH,2025-03-10,5,0,5
323350bc25797faa64ddda58a9fcdf5626cd4f4a4953368eff46c3a6666fe9b2,600289.SH,2025-03-11,5,0,5
7e5647351537840497859ca4976cadf3f1b44fd762abe3313cf75d26ea58849c,600289.SH,2025-03-12,5,0,5
48907e68d728bcc34a41c28764bd7a7decd1d8e37ac9cffb766ec2c1fd3bb3a4,600289.SH,2025-03-13,5,0,5
4408e58e30059769c055d33f2d794587f19648126e8ef43ca96a70bb57746116,600289.SH,2025-03-14,5,0,5
ec698ff243d7e69323e3ed716021576540d537c70150802678e8c0b97da2cdaa,600289.SH,2025-03-17,5,0,5
ce2ba194cd7177b9432a1ac65c82899e6ed5c7e3c326b01cf9d906bb29daeb07,600289.SH,2025-03-18,5,0,5
5edb25a8a2c70a92ac89959409a3decd3dde110ebee8b33ebdd4712b9f91fc80,600289.SH,2025-03-19,5,0,5
ead510117f6c0c69c91143feca0b7f21fb4df6e10c59ee7dec69f363da255ee6,600289.SH,2025-03-20,5,0,5
ce752f346448cc26304929e15d689b37be61d2ffbcef25385de4e4310b5edb27,600289.SH,2025-03-21,5,0,5
2a496ed43980d938fa88bd44ad959d3dae7f4059b6c2d89ad783d4a2267c5a5c,600289.SH,2025-03-24,5,0,5
e4e8c6ccecae17ae64485ca539db1ec7aa02e592c164737a97fd77d80456429e,600289.SH,2025-06-24,5,0,5
91be7b2a1a694de1a943d467260de49641f66f66b15ace566bd93a825e0ea421,600289.SH,2025-06-25,5,0,5
0b51c4ed04a93338fcc6bb88c0137f2f0f07a54db528e72923ec41ccbb7e3679,600289.SH,2025-06-27,5,0,5
85cdfe57bb90d70f8850e69452776a1d87f9dcabe7ad26aa23a0df83389efa08,600292.SH,2024-10-24,5,0,5
79d148b27ae72903f6ee938da69dabb0e48b4e0be34d3167ed49b8286cba4576,600292.SH,2024-10-25,5,0,5
82558e503eff57351312684324b8858ebed2bd29efaebfabf893fb3b9c481a3c,600292.SH,2024-10-28,5,0,5
2053d6a6c649245d7b6df522f95bb049660162e44fef0391c1921b41bc4b181d,600292.SH,2024-10-29,5,0,5
a464a740f25190f28b8912e7fe49268fecc6341b1fb8fb35467885105cf20993,600292.SH,2024-10-30,5,0,5
22809fd68270eef6fa1f887da2cfeac9cc9fb4153574daa11254c5e3eb2721f2,600292.SH,2024-10-31,5,0,5
c2258ea4ea5d836db9ebbe767b93d9d798aa180d9da153818baae439251e9e49,600292.SH,2024-11-01,5,0,5
5c2e3f368ee894744f16ca166ef1b80d4830ed9daf5b4518eeba31ac1c24eacd,600292.SH,2024-11-04,5,0,5
20c8229e7d9f9c3e27458d9c6a06e8d8b53e56f538866dfdba14207e3001174d,600292.SH,2024-11-12,5,0,5
cad0e986a1f175eab33db7567ebe0912114f68be071f86677d5f0563ed0bb80a,600292.SH,2024-11-13,5,0,5
b8757848d3ef0c2ccbb3029633f25ee0414e2b612ef1d3bfb80025d3c0c5bf01,600292.SH,2024-12-03,5,0,5
f1e5e5ca4f8df70c82a9ca055ba23e39565cf3f5cfa5fa1c9136147cc0afc6d1,600302.SH,2025-11-03,5,0,5
e1a73f2351a2ccff20914cbd1c9e1bc5a53f9bd270ed5dbeeaca9063af1beebc,600302.SH,2025-11-04,5,0,5
a95528c40fefe70416f8b49666f34fd2f992be03383b94e6478c5d2b6a54b864,600302.SH,2025-11-05,5,0,5
a0ab992158c88931a4b839ee3970c53396f674982cdb1c16d91e4bddec0c1727,600303.SH,2024-03-25,5,0,5
437f14c2c8bd29b75e24d78a7af75d59755df527faebbb5ff8bd4ee619b35ec3,600303.SH,2024-03-26,5,0,5
4f28ae85240a699922139a54cf65824bdc2ef647d77aa2a27facc7fca6fa13ae,600303.SH,2025-04-16,5,0,5
4e512f08aeaba0e9ae2d187f1540f26d230e93af191f0c5c23029385edfff010,600303.SH,2025-04-17,5,0,5
540a44e45e8000d50c595b327653d850742d171f31691bdb87092516ca28b299,600307.SH,2024-10-31,5,0,5
3a752d26497451e9b9e489bac3b5fd2159520ce4907121db46f977b64c479871,600310.SH,2024-10-28,5,0,5
cac67919eca52c322eb84867a3a67e90f0019bab1d745ce4d97749455035f6a0,600316.SH,2024-07-30,5,0,5
cc20b93c875eb61bb299e07a89b425dd1a368786f8b43bcd6b5910eea9f1870c,600318.SH,2024-01-18,5,0,5
6238b1b9adafcbe80b7442cd4a86849c0867994667848211eb8db2ba9fd8afb2,600318.SH,2024-01-19,5,0,5
a76e169f6980b47e850da689e6196e1414f7ef6268c1833f2fa3a3dd6854bf40,600318.SH,2024-01-22,5,0,5
e36d8719f612490c00209f5f65941bbd3a3e50d4f4328b39415ea7c699b04217,600326.SH,2025-07-23,5,0,5
f1f0f87dd246f924e3843fb24fd555dca2eb337676fd9c37bc600918091c1654,600326.SH,2025-07-24,5,0,5
dd8ece579d0dca58e8bc8a1f6144ef51f0d5784f39bdaf05a378303c6a89721e,600326.SH,2025-07-25,5,0,5
92c661590654bfe007fcf59558831777fb51d5f3c85d0077db864d9f5fa55647,600326.SH,2025-07-28,5,0,5
adf7e67b939e7500b018a1d5b49434d4613c2dca7656b427e00ac5700ba69d04,600326.SH,2025-07-29,5,0,5
60a784ea5b7eb7ad7cdf13074458b660e3a92129ce8d19600744ff84c834887f,600327.SH,2024-11-22,5,0,5
8eb8696a94e15367ec09643a975b84d339dfed9566786833f56ad8276eca36fc,600327.SH,2024-11-26,5,0,5
a699d2f5841df931284e3b7eddeca394d0940548b049269e98af7af94f13fd6d,600327.SH,2024-11-27,5,0,5
8d8f21000b07b1e302199df57d510e1e4e2d244a329b855366932917b887fcbf,600327.SH,2024-11-28,5,0,5
bc6efeb6b1f7e2e9692e2c89dc96bf713ce7b4a2ab560c053305889155e59f78,600327.SH,2024-11-29,5,0,5
1795bc1a7b377349cca2aff89eb9778c59518a6f2bbb12257421f4b502de802d,600327.SH,2024-12-02,5,0,5
ee376971701e1fc88e9746a46332d18ffc2c7bc700e07e0a36f329aac5db15a1,600327.SH,2024-12-03,5,0,5
ac99375b37e75a9dab327fe03c44797a5ce46126044abdf0a55a01409652fa4c,600329.SH,2024-10-08,5,0,5
63de9bc2345353ebc28eee9a7275dfaf61dc9fd31063184bc5ca241468a87c1c,600336.SH,2024-10-21,5,0,5
32ef56d610140f7df6bd9815ecf2844b300d6b31a90af53b7e151614d8221ef8,600337.SH,2024-09-30,5,0,5
e092f831b995b39ad52e6708ef8255113327d3a3f1924183eff0be3f330f6666,600337.SH,2026-01-08,5,0,5
3c7f9e6ba1cfc7691aa7efb9575ac9cc91c5e69180c980c4c08c4592d0697b0f,600340.SH,2024-10-08,5,0,5
c61fe09a55d77ce92fb0a5a46465cd02dad1518d36d5543c42f5fe0c31736e4e,600340.SH,2024-10-09,5,0,5
e23ebcc02e90791ec05712fd9c63d7d7af2b7b621bcd91fb80dc5a6ba4a64908,600340.SH,2024-10-31,5,0,5
23235dbfc8c876978f550b3003120ee3b9e2a94d621b676dcb405e53bb81f175,600340.SH,2024-11-01,5,0,5
fd9d9beab72e02a5c0d41005d1987967fbc2876ac70805fbc45e9b17d5833c96,600340.SH,2024-11-04,5,0,5
70498af26b9cbb4836228451df55aa863dfcc10d77a1735b92a93c9eb368761b,600340.SH,2024-11-05,5,0,5
08516cc1918e38a9b515b7d601ef4b08a4f4bf1420144bd15eb58e0e90050c8d,600340.SH,2024-11-06,5,0,5
4c3cad873d446af96c781f5567d5670ace3151ad2993d6bf913625056087fc30,600340.SH,2024-11-07,5,0,5
1eff9bdac5ba2e8377b444359715cb3d520af16b635dd74a770650a8d7b663ab,600340.SH,2024-11-08,5,0,5
d39747488f623a0834aaeafdc277ca8e424c0b21f7f40e050c3893d93840f255,600340.SH,2024-11-11,5,0,5
0cf46639b862d13934cc86d7bbc9b13b8a857aac6218f97cb7a56b4ad4a4d8db,600340.SH,2025-11-18,5,0,5
32348dd8d9509a483b1ee81cff026151dc765e9442f1575ebb88da8b947f6aa1,600340.SH,2025-11-19,5,0,5
fa3ee45c945eb71a67ba737b125b9445f010d74bda6647b13d6bfaae6a020efa,600345.SH,2024-02-19,5,0,5
e0804a3f3eb85801e4b797ff130463b484eff5e2e166c2030a98b32a0e61cacc,600345.SH,2024-06-19,5,0,5
07e8d0fb79894e1064e755e5488cd897facc1be34635b4c85aab959e02f7510e,600345.SH,2024-06-20,5,0,5
97b0ba82afc00531793fa5dba06f3b5ff1e4ddc403d40efcb33f35505c7c1976,600353.SH,2025-06-12,5,0,5
ba83c3598662b3ef514ae5b9d481c2b744d9da11e9aa3e74b1a88b9b3b2bc382,600353.SH,2025-06-13,5,0,5
f495bef3a4bfbeab5014539fbfcd35df53efb6a487eecc0ca1837c8c0e859778,600353.SH,2025-06-16,5,0,5
c73c23e2b0f60a8732ba449c1b8a39eb094c4aa49155583c8c04975d8e856f3f,600353.SH,2026-06-17,5,0,5
6afd35584501798cc384e3d00c460c25a6cccf28cfda7bd6a955adac177bc13d,600353.SH,2026-06-18,5,0,5
1077bad73f4d162832aed61d59c55f48de4760d8b6adf1c4e0c2fcb66a8933f7,600353.SH,2026-06-22,5,0,5
0d29aa0779d836cd774fc2b1a205b4ab6fc775cbcf242d07d4842948bfdd2613,600353.SH,2026-06-23,5,0,5
1d1143fe2d0d1f0817ea39363c0f2442b1d95010405495834e9bb9d8b771fa42,600353.SH,2026-06-24,5,0,5
97d8671bb1f193b18f3f44602fe18c4e4e6cb5846061dbbafcd2d2e232ade124,600353.SH,2026-06-25,5,0,5
c134fc5c392f3fe2eb72dca78a6692c61dd3118e7143da206ea0015545b573dc,600358.SH,2025-01-17,5,0,5
86850c6113b00f647ba94bb70aaa8da55f257f027058cea943bd9338b7ae6a49,600358.SH,2025-06-03,5,0,5
bbbf9e5e9eb4f57e8b29bc7cdd020d370db3ea440b51935aa2e9bd0c9afb9a4d,600358.SH,2025-06-04,5,0,5
a256f7ac19a8c7a87426d296a52eb84830eef67f0f1b2c599aee96bed3b4b232,600358.SH,2025-06-05,5,0,5
6a653ca0323e3214110653a2e467a3c93154aee407f90b6b33e6a5aed1fa6ba5,600358.SH,2025-06-06,5,0,5
948315eae3d7b481d19ed52631db03d06af606f0006a856ec3b37c528dce678a,600358.SH,2025-06-09,5,0,5
c71fad9203b0d38533bca8c6737745c42d8d05c1d726782deb9f02a6aad2c6e0,600358.SH,2025-06-10,5,0,5
786d0a9ab41be2be33b5ac4974133d2d894a31fff4408041f521811d27e96396,600358.SH,2025-06-11,5,0,5
d8aca7edcb6a0f419f60ef58159f3ebf2cbd2b8b848e5b84511e10cdede7c1ad,600358.SH,2025-06-12,5,0,5
c90b8216fc17fe00cce7d0a0097a879acca42806af3a7ec21be7b27c57969cbf,600358.SH,2025-06-13,5,0,5
ef7d7c94f04c12538a8624a057e5c06ad20ab51a84d719f4815f9f877858d67a,600360.SH,2024-06-13,5,0,5
82f04c82d3da3835d7390e4e6d485ee97991a8b3a5c3a2a12065828aaa1e82f9,600360.SH,2024-06-14,5,0,5
4f29508fb03773311cc1e29fb6ed5b5ac0751fb7b75a55521c02d9eff270e93f,600360.SH,2024-07-22,5,0,5
567f74a82541bde9f1c27cf6fed6b9f12f50eaf53a69fc51e065fa0e51e41166,600360.SH,2024-10-29,5,0,5
1b44547e57343c8f1699e61cf3e87918ed0475dc95f5ceaf3b847cec506756d1,600363.SH,2024-11-04,5,0,5
082869bdb85e5695cfbd1e1a4d61861eb84b305f854b5d46d893c0d9dbcab308,600363.SH,2024-11-05,5,0,5
9ca7df9c8c85ae2c3a75790f870bfed28f9e8118894f120379af2c242b10fbe4,600363.SH,2024-11-06,5,0,5
eda54fbacd140726ebedbf38a0d59d9356b058a3a0e0fe13eb8665cf56088f41,600365.SH,2025-04-24,5,0,5
66419c805ddab952a8ce66896525fb46c22f84cb4f2c5678e9bbb6b483266aa8,600365.SH,2025-04-28,5,0,5
08b2a2d23905686c9c5bc9c9b02c0348c18e069c52d66d01f35a00a5a46fee12,600367.SH,2026-06-03,5,0,5
b91423f02fd0571e1d7f86d036073ea6652c6c0423f2766f9e47a08fb0ad87ca,600367.SH,2026-06-04,5,0,5
e86abbaa3b05d9413e88e463f21164e6ac71bf39ae9282ff08a94a842efff236,600367.SH,2026-06-05,5,0,5
731845a3b7908a979d8ecc262420547174c6c2230c6a0ae2878ec33ae490fd03,600367.SH,2026-06-08,5,0,5
da93c4ae6a8df30902666ce65f386a32d1d81035b60c12dd3abde50b54698d3a,600367.SH,2026-06-09,5,0,5
7e566237680346f6ac9f3afd81abd365e8d158912d8c3a2aca515f06ea76c332,600367.SH,2026-06-10,5,0,5
1de77081c98a9f36865c1d10d0228457485d2eac47030d599bb991bc2a845e55,600367.SH,2026-06-11,5,0,5
3d2c65517db7bd558794fc168dca585e3b518280f2153c50e8ced261ef969ea9,600369.SH,2024-09-30,5,0,5
f0bfae02f1a93e41cf474a033d09b2dc8d7a820da1762b38733fe304033e0214,600369.SH,2024-10-08,5,0,5
a99ad7a678b0f0c19b5429ed71596f0c65e5b955dc15c38b7027471a2ca13dd8,600369.SH,2024-10-09,5,0,5
1ea781319e8a1ae88ee3e075c22861df319dca7635afd6618833d017a9c27ac1,600370.SH,2026-03-17,5,0,5
0a63c18152e5509a597d8d00146029d96e40f96c4e842f90bda4c9722ee91cb7,600370.SH,2026-03-18,5,0,5
9e591ae0086cc919b72215079a365e7a4a3dbb739a418f4ca92f0002ef7ad3cc,600371.SH,2026-08-28,5,0,5
3b95d4abf8f7d8fefbce2e7c4b71ed0c040c70017d21686e65404a481d9918c9,600371.SH,2026-08-31,5,0,5
4508a31b49c957d518d3ea08884be220b698af725e4c0ccbb0b44de0de74d366,600371.SH,2026-09-01,5,0,5
45012533e88237183e0e17c28352e60db9481099ee917e7b0b2e9a1ee509a5e1,600371.SH,2026-09-02,5,0,5
1dc504106cae80eac7b61a39751a64d8fb0129e709c29da1fab76dad58a92a8e,600375.SH,2024-02-21,5,0,5
af7a0718ff167e2a1219989fa58428085ec740607aead61b0ddff5f73ead7c21,600375.SH,2024-02-22,5,0,5
e8dab5e9e7a1ed53d5a75a2c8d7148977f70a372a53f0dd080b7799e5a216935,600375.SH,2024-02-23,5,0,5
4cca57e7cc34228f21c0831f45300687c1cd987054d75854819a0f2a6ceb53a1,600375.SH,2024-02-26,5,0,5
cb79db3f06e46ab2cf4f1ae73d54f4118b23b7bd3fb93d3d3aa1b621a768915b,600375.SH,2024-02-27,5,0,5
813a78b4fe6b6fec723697edab40ce8d4b6db813d732f1a637418ba97953788a,600375.SH,2024-02-28,5,0,5
dc622c2e59ca54bea4a562a4b97ae65ba7be14e3489619533df851aabca1b003,600375.SH,2024-02-29,5,0,5
fcff2f86ca0c9cade1b64a0653b9c7f007d5a0452955c1112feb740b1c9ee63e,600376.SH,2025-09-08,5,0,5
4002b11d71f4dc4257c933fc3d68dab68aa06f14d8e79ec4c7ce4216ee63c6d7,600376.SH,2025-09-09,5,0,5
56c6e88e55c439714141b2831bd8c9d0c5390e9282c92f635af92fe2ee6e721f,600376.SH,2025-09-10,5,0,5
7799ddf6cd4e78329a197d8c0cde08a54e574c259e83da52411583d0d179ef0c,600376.SH,2025-09-11,5,0,5
6284abdbeab21a41e7bfbc22cc40bfc68172526b268b975801f1d9da62faef09,600376.SH,2025-09-12,5,0,5
a6e1e1f7c7470050fb59daf2bb4bc36c51869ac819dd620c0e2d6c9f82324254,600376.SH,2025-09-15,5,0,5
9e033f54c290439ba53d9ea94531c74c587170108b93ffec00bae7a5321a547d,600376.SH,2025-09-16,5,0,5
041cf762bebb29ce2d4ef90895b5e9ce82145df08330fe1a0f63dc52cd0c211d,600376.SH,2025-09-17,5,0,5
4dba50c0451b9214749af3a75678115abb4d28f2232cda754283afbb5392eab7,600376.SH,2025-09-18,5,0,5
20ae82247259d1770f4c72491c145d90ab0eca1c2262c981afe2abedb5dde350,600376.SH,2025-09-19,5,0,5
fe7167ae7a0094ea1534f1c243120cf4b0f5a2c18b054ecead8a487202449fd2,600376.SH,2025-09-22,5,0,5
be58d577cd41906184e91bc24b16bb1a37d51ab9316cb6298f6cd04793f7d962,600378.SH,2026-06-10,5,0,5
764d3c77341441ddc100d4857bf0bef1613a533468d1f9e548507a4ecc7fe0ea,600378.SH,2026-06-11,5,0,5
792b46f9d017722ca09e91161ccebcd65acd7c0b1b8371391a1039a812ebf3c7,600378.SH,2026-06-12,5,0,5
260a05c7ce821cc2e8e863d227a63942919026fc3129e80d70974bb263705d49,600379.SH,2026-04-30,5,0,5
7f4f24ec982f291ff1fddca2807cc961931c5e87b48bc968413ca7e54fb47470,600379.SH,2026-05-06,5,0,5
8661e28946d90ce884afcadc0c4542092933e19b9bef707ccce2977f16f57632,600379.SH,2026-05-07,5,0,5
ea7ffa4d067c7d68704590b73e50bd3c992f50f4fa7b3ec2327021240c9f6dcd,600381.SH,2024-07-19,5,0,5
f3dea3c9a718040c5675803f3009de90134403180a403d4d226cd6282888678a,600381.SH,2024-07-22,5,0,5
be4fad4fe006eed37385419ca423587c1361847de26a36a52e5366c9cdfe836c,600381.SH,2024-07-24,5,0,5
7ab22dcc4f1cf8a6d5b5f39cba45a278c91a1c6e3c011ca042821a24d9e65501,600381.SH,2026-05-08,5,0,5
884e55024f715ac3916c5a7dd9c413fbaa94e9d58f29817e4ce6967f0b58d14e,600381.SH,2026-05-11,5,0,5
9eb86011574794fd4127c44f134c9ebd711ea2946a6b7524432dcfbfcb1e09ee,600381.SH,2026-05-12,5,0,5
b55a1da39b2af394d970a46d1b9228dfdae4f295ecf6f2d44b03c1a94c161c81,600381.SH,2026-05-13,5,0,5
7941cf5edb9e24053d8d519acb1945386e4bcb925f65f857bd1897bfcf3e5f22,600381.SH,2026-05-14,5,0,5
fd55c4909c054b8317d74892a825cfd6f9819682ef6e35af4ecafc036abe21bc,600381.SH,2026-05-15,5,0,5
77d330d8b91ffcb808b344201f4cea154a29a7997096e2d323d2148320ede4c2,600381.SH,2026-05-18,5,0,5
225eed0ef185eda3a3feb73c4e22eaaa46ccdb0b41440ed2b9d67e4067859ecc,600381.SH,2026-05-29,5,0,5
272d6894a6f42522dfd455bb061d1e005503f65d9e0379331878fbaba4e6d260,600386.SH,2024-08-01,5,0,5
3a63ac5cc471c281d3ac48b1b435499ba451ea6650c60de261231ab55fc3e1bb,600386.SH,2024-08-02,5,0,5
571f7049e6bada1ea82c28d2525633172e3720073855e83a985516075e660cc5,600386.SH,2024-08-05,5,0,5
216b6185564c67a39dc4fa8c075212b56525e1303d5e459e1123183ab813ed7d,600390.SH,2024-09-27,5,0,5
d5bed4c6787652b601b518a1ec02d6bd593584a9fe4df41fb4d9e493cf218135,600390.SH,2024-09-30,5,0,5
68bd9979ba4d2ec48c0220b4b32fdfb4af310fc241dfd7bf3bc83f11314b976e,600390.SH,2024-10-08,5,0,5
079edff8f7624fb4c21010157a6d80017fb9aa36296fedddaed64639f7d60bd8,600390.SH,2024-10-09,5,0,5
6ca5ab77886d1c65c5fa9440f17c442725413786e74bbf9859a44479db5cdfde,600390.SH,2024-10-10,5,0,5
86252d4584c43bc914443010adee4bfc8cd0fbf25d03fdb986ee5c2b1c256506,600396.SH,2026-03-18,5,0,5
f001cbb15bd60c9d91f75d6a57de33575f88255c6ca695a188af23af33c267a3,600396.SH,2026-03-19,5,0,5
75c0bde86984bc8bbc3e8c5d9dc9f1e5b40a8ba7b15b958f7f10a472d5572740,600396.SH,2026-03-20,5,0,5
501146f50194549fd8e70e806e2424b76ed2a1fa32d7850c60d0c1280c3a6f28,600396.SH,2026-03-23,5,0,5
95b7e29b1d528d707ddb41a2b6f1fa305012fd9766f8d5f446703b270ef8a1bd,600396.SH,2026-03-24,5,0,5
6b8e52efd67dc49ca86498fd42859fe20a339253c9d83d2f79ca344aaf7dafd7,600396.SH,2026-03-25,5,0,5
c376b0423deb00e61d5fceecbcbaa3ae9c21547e0e2f11b085e955a87d6fbd50,600396.SH,2026-03-26,5,0,5
81a8958b1b02bb23679d9a0b95171dea0908e057e55bef4e1ddbf19b57137cf9,600396.SH,2026-03-27,5,0,5
4ce6bbf02b875b4bd01ca58f6beb07eef280343763cfbb89a6b5950e2e8e0d85,600396.SH,2026-04-28,5,0,5
2fbb58f7020692dc749538d271081d8885bd3197e3969de745124e83804de3ac,600396.SH,2026-05-12,5,0,5
98a623a093cc1a2a8be2e7f858d78048e672dbbb913a609f9fb202b689f07423,600396.SH,2026-05-13,5,0,5
917e5276cdabf790f79f9607eec3520274b0fec08a1660a9d927f7a1f505af37,600397.SH,2024-12-30,5,0,5
a06794b738b02c997c6988f7df5e896a9e01f85bf737100d58db92584d32dccb,600397.SH,2024-12-31,5,0,5
6f231fa1f8ec594a9542eeed7ca23517d1a3fcc37d3c2e2e36a512e78752457d,600397.SH,2025-01-03,5,0,5
438d1635b91568ce703027e919858cb7467a2bd4f5fe7cf518fffdf7a52a168f,600397.SH,2025-01-06,5,0,5
69764017d30ee22f674b0a72e3ed0f4430b573129478b70109e9d6af0d93142f,600397.SH,2026-02-13,5,0,5
273ed5338c193469943a93becddd9af67ac16026f5b9cdeee2e64f359a434547,600397.SH,2026-02-24,5,0,5
3e4e9e434f06cb710f4d219d476e176206b8454b3402ac43876215d5f572c807,600397.SH,2026-02-25,5,0,5
09803774855a5c2461977c7ea7748bafa37f0146e3269770056cc01c211a66fa,600397.SH,2026-02-26,5,0,5
9a5f99553fb3b6d1045b16e1e992122113dd90e06f78e3bc7cc2cb50aa75bc6a,600397.SH,2026-02-27,5,0,5
38dd1bf29fa8584e8f6107ed975ebce13d99ef7c7b0bcd104637799531fe689a,600397.SH,2026-06-22,5,0,5
85b2aa53562ffdd84a4161e0907f8774834510eb7f9a66473e7d14cb06ef7091,600397.SH,2026-06-23,5,0,5
6ab017fd0abaea9aed43946559e1e66a4519827b7f55b6dfc26e41cb187bb7cf,600397.SH,2026-06-24,5,0,5
3bf018f6849e9e450856b03a9c5293be00409962dec0afa9bcbbda9d4dc2dd99,600400.SH,2025-09-24,5,0,5
ae25c19f2347504d2e31ae84e62bc5dcdd7c79f5b23c3cf1cdf753a3e1120d5f,600403.SH,2025-03-19,5,0,5
64a7a81e45637266f6b645d895809c2c3e0b87dad4ae971ee00beb20f5c5519b,600403.SH,2025-10-16,5,0,5
c95fffd3ac03836e1d7882afd7fabf499a55250ad0548b36d1c4e0742eba0c51,600403.SH,2025-10-17,5,0,5
a14c6c25da379f8486d4d73588ed9dcb493023f10f197dc35a5c696933976b86,600403.SH,2025-10-20,5,0,5
a42b5805b13991c67455e48a92bc467e8412c2923ab134277faf4489033b8ec7,600403.SH,2025-10-21,5,0,5
73217d41f4df171dda19fd262db4c37e5c20e3dff87c345bd4b04de52f70ed4d,600403.SH,2025-10-22,5,0,5
90909263ed2b1729b2df8ada9c5425d4789ce9938ae06bf115247a81243db064,600403.SH,2025-10-23,5,0,5
d3fa25e6736b34883da6d95ef61909f5734882b65263a432e9e3eea7c34c5edc,600403.SH,2025-10-24,5,0,5
dcaf527be3d465335ef9432cb74278f756604b5bd17c1d2b3ef4003732701599,600403.SH,2026-06-04,5,0,5
b41367c982ce5ae17f59d6240497b2eb5f3884752b9a7995491c581a1e294b88,600403.SH,2026-06-05,5,0,5
ee772576a3d8a87883c80fb8ee45a27f33414036116d2606cc00f0a42db0c880,600403.SH,2026-06-08,5,0,5
08e9200ee671aa293f79f9dabd7b18188133e55846dcff3321d958a9e9959ccc,600403.SH,2026-06-09,5,0,5
273f2e86a35e5f4262f2e187b4844426606f8d331ee116ab5fef7ff919a2e315,600408.SH,2025-11-13,5,0,5
3c633f241f66be5b783e44afc5d8b9b5200f3b76f782b081cd4a91d1d561286d,600408.SH,2025-11-14,5,0,5
6b0ef61215fcd5b780b3c955f1046582db5e042547b33efcab6e4d3346afaef6,600408.SH,2025-11-17,5,0,5
788a48d1c5b3a74d60faf1f0c305bf44a6932342580c6ba11fbc7a0c4a478007,600408.SH,2025-11-18,5,0,5
1088f59d62a9dfa57824bceb9a39c97479dcd21425bb9657a612c6c7a0ffd129,600410.SH,2024-11-26,5,0,5
ae460073ce1e83da3279cc9ff3b49e24ef00da506f73f20561dc45b58d6c516a,600410.SH,2024-11-27,5,0,5
860375a6c433a55d9981ff34039a0f7ee0c19879f1eaef63b35919616f496bba,600410.SH,2024-11-28,5,0,5
bcbe91745ee0b8fb7287fb209b1e300109908abab004337584c096a5263a933b,600410.SH,2024-11-29,5,0,5
6e5a6fca6dcdf67686f1a13d1c0794ca947d0965f9f40e816ffd6acc96205d14,600410.SH,2024-12-02,5,0,5
463cda2c99a4e978100f0b370552067c86194fd1cb5f72d7a03490c1c9b255d7,600410.SH,2024-12-03,5,0,5
df6748fe26b1bc5f20ad04807cff2bede5d6f194cf46c3506efc05cc83712585,600410.SH,2025-05-07,5,0,5
e81c781926458b69d06852f16d7f1e638eda10681e94983690b595bed6d87482,600410.SH,2025-08-12,5,0,5
6b57f4b393c29737ff7e1c666e071eabd41ea8a2b3029f8269e7046e2ccfd99b,600410.SH,2025-08-15,5,0,5
9a18211aa76e3940417d1443196efc835d4d2418852ae300088337c25fc29993,600410.SH,2025-08-18,5,0,5
6f90cb5e6640a6632afedbcfa466572824d77baccec22b10df31f1b4877bfbeb,600410.SH,2025-08-19,5,0,5
792845f76c3524e740dab9f964cdd3c54ca96bf7e7684c9bbded160c8995747b,600410.SH,2025-08-20,5,0,5
87d72c7626593bd5d0e9beca3ef60732e13884f6d966cc870b3c934324c182e2,600415.SH,2024-10-11,5,0,5
82214cab4f149c92b7836029eb7488bbce4e05563faac3818137eefa821e3e70,600423.SH,2025-01-17,5,0,5
ed587174cac7fcf07bf2bc6922ae9c0e6b4c777901b4886db2310121e2e26ceb,600429.SH,2025-11-13,5,0,5
0385f4788a3217e128fee2a827d1d009d8a45079f9df28908788c219de4b7405,600429.SH,2025-11-14,5,0,5
7894e5f4e5c5fbbb5b9b1ce0702e8d9821000140111716d384ea691d42caf497,600435.SH,2026-01-08,5,0,5
57c1576288828306023bf9c21b74bd3186d20b91720582014a1e7187dbf9664a,600435.SH,2026-01-09,5,0,5
3449e9dfd7616a6f7f801b0832c89a00cb7df74a5439df493bab8f7696495637,600435.SH,2026-01-12,5,0,5
de3b7874953002f90159d0b721ba6aab334f4819c5da2718b4934e3a8df42e13,600438.SH,2024-10-08,5,0,5
78282bd927dff73df2ce623e8fd531603a830a69b0360e3edaec53fab3fd97ac,600439.SH,2024-10-28,5,0,5
65148488d4a9426f736d39b41b83ccca8195340d7c0c2afbdb7eaeeab9f81a39,600439.SH,2024-10-29,5,0,5
57449d2349b59d0eab36f136d5e98784d91d6860b6c5e037b8d38849e7ac15fa,600439.SH,2024-10-30,5,0,5
d896a50d45933e281a0428a2a2a3675cc318f82e9122e34d6371fdc96b8bf711,600439.SH,2024-10-31,5,0,5
ba744f639516d8664ee14c6defc197cb2a77b5ba7629c35be877c0b0a08a02c2,600439.SH,2024-11-01,5,0,5
67d28ae9447694d94684d876cc376028cb99b2834364a793746668d36b3e0ad6,600448.SH,2025-05-09,5,0,5
6bcd9e2f06ec533acfb2824045e7f50d2533055c502cce112a61bb2d44945825,600448.SH,2025-05-12,5,0,5
523a6cef86d8ad8e8128ca68ebfd7e749fb3726f854e340442609915ed0be6f1,600448.SH,2025-05-13,5,0,5
a073a3bd4564338472b0d1dbfea96ddd20b7eb63117cf6bae6958640f868a657,600448.SH,2025-05-14,5,0,5
96dd59a27b2e8b42996674490d80529136726de4d6d824f7900d7a91b26af176,600448.SH,2025-05-15,5,0,5
e649d99f090fa399af48d0dddcc54a08b8f658aa1f40bcf3b1842aa9d85605ae,600460.SH,2024-10-08,5,0,5
e49349c5835bb67d636b97f4e1a334e85087884af21087da8af3d18aa865b489,600460.SH,2024-10-09,5,0,5
b9bac13b0898a6a1617aa7707e32cb134077c9eda632c5e3c25ca084849f32fd,600460.SH,2024-10-10,5,0,5
e879a0036b17d1309bdca9723f37e7a9c6c90a788a977c3027aae67d1792ca11,600460.SH,2026-06-22,5,0,5
adbf51dff0c6fb26e365fac6ad6da9c47a36423d638c310a9082cf72b48274d4,600460.SH,2026-06-23,5,0,5
668290842ca7662d42b9993c7076a1b1b30d6c8f35b935fc5a112458139c3827,600460.SH,2026-06-24,5,0,5
e374a4bf515a636034c7715ff9cb3772acab309a8016cc210ddb3397bdb3e3f7,600467.SH,2024-11-05,5,0,5
25bfdde9048cf9ae07414539fced9139bb8eb51a6003b24c03e635c6e18b34c1,600470.SH,2024-11-22,5,0,5
7324bbc020429ccb21887c1b6a44104f4ddd594a0a5b811d6682844f47badb6b,600470.SH,2024-11-25,5,0,5
3cdf99a1b62da9a39b248c6cbc7f7d4ec594b706213c0564e4f313dad27beb58,600470.SH,2024-11-26,5,0,5
9a7895eabf6974a8e0800f03a6b369e5b7d86c43879d4d406111658181197318,600475.SH,2025-07-08,5,0,5
f987e2227566ca8e0ea6d393955818c1c972b9762003d55349b6b68ac24f1cba,600475.SH,2025-07-09,5,0,5
f456f3fe7b6d8d96b72fced9f0e53e1165886980a95607dfcfebeacba20edcba,600475.SH,2025-07-10,5,0,5
e9885bc249e29ee2a082315a5111a75f326c80c3e9c0c921d2a22fa583abe0a9,600475.SH,2025-07-11,5,0,5
e3daf9a33241d1142d4ce3cabda34ac25b9f8cbe9a63b28f00c051ee8179d8e0,600475.SH,2025-08-08,5,0,5
d6513e337de01420cff5471b600b593ee09702febf2801c7a51bf9fbf660bacf,600475.SH,2025-08-11,5,0,5
a7c6f2136debd50ddf783140ff179bfc2be58367040131d4a00642c35e0369f2,600475.SH,2025-08-12,5,0,5
baadbb1050f949745142310b7065c2e4cd2f655ce456fa70c5595d1c169b8d65,600477.SH,2026-01-13,5,0,5
5fe566554651a04a5427d6769ce7f03ac2acdacaff5d4d90f209835f6a204926,600477.SH,2026-01-14,5,0,5
b9287d3cd037ee9baa7823010dc82aa199837331dde7de9113ee920d80a94ccb,600479.SH,2026-09-01,5,0,5
f70f27797161c7b742e19c623b5aa7b87384018b58e419796c194fc511ac6c2d,600481.SH,2024-10-30,5,0,5
c039723f2716890a5ea8e450078e756f13cd4843ebe3ae6c6605c4c310e5a783,600481.SH,2024-10-31,5,0,5
e1385b3b75714c0648db25d095c95f3077cc6b8d0d79366df142b512f1f35df2,600481.SH,2024-11-01,5,0,5
b8c1851bb793f99e8c3f6c1e2f5a9564299c1d2f7dc4533f9cd2ff218bde1bd8,600481.SH,2024-11-04,5,0,5
5198754519a5a6d08b5faf6499f90892d77be1be3a0e08557b5fd9ce37bdc35e,600481.SH,2026-02-09,5,0,5
ef5b7f16f658b64867f0371083f6e1559fa7b3d59f9971f94c3d2a0be0d6b4af,600486.SH,2024-09-30,5,0,5
5540c9b481f3e7a250515cb04a9a5b0cabeccf4ba8bc6b4f21c278bd22ef1498,600487.SH,2026-06-04,5,0,5
a25eab97051b221a01e4d1e60b0d414e7e43fefcc8827932d567e38b608826c6,600488.SH,2026-04-01,5,0,5
9b32d1ef0eccfb502426c5fc0156477073fe92b11564304ef93e40cfe1a69d6d,600488.SH,2026-04-02,5,0,5
a6b1463108eb2dd9797ba6d98b4c428b862b668f0ddba7e618ff0cde3bb874ef,600488.SH,2026-04-03,5,0,5
9453a6cff832240099ee8d2cbfeb1f0dc240c256ee7ed06397f54881b388c754,600488.SH,2026-04-07,5,0,5
f28d133e8850f456290915f66102f7c4af128e3e3f909c28cbb736e447d99a97,600488.SH,2026-04-08,5,0,5
d1aa425236a368e09a0f8d1c26a5e9687f3ef4a568cefa23837a3a85d719c6bb,600490.SH,2025-10-13,5,0,5
0160a918950cbe3bf0bd89a77e38111e2b53d3ebe16b09da255192c3113d76d0,600490.SH,2025-10-15,5,0,5
13d23e46f1447aeaf6499dd191a4f32af446564f44fc0ae931d919cde4080923,600490.SH,2025-10-16,5,0,5
e235b55cc1c26dc87c51cf4047114fac017aafe3f882187af783489691177c80,600498.SH,2026-03-02,5,0,5
78b6dccae87e6b6ef717ed89f9fb3d046bac44a1eb2f24233c3adf07288e59a1,600500.SH,2026-06-12,5,0,5
71a2d81415ca3b5bbabc798c86768902d6c73e9724405f5748e5f437fd6ff404,600500.SH,2026-06-15,5,0,5
fe8838836229fb25a29e775d441f9c5ce28a95f7a178a3fb681dacad4341fe48,600500.SH,2026-06-16,5,0,5
f805755384f1ea902469561ccebc924fac2cd14c46d19d571d369b49ac04f643,600501.SH,2024-05-31,5,0,5
f9155ce6942d37a7c694db835e12079bcfb13a4bb54a1e1aca2c863622d1d1bd,600501.SH,2024-06-03,5,0,5
f5a85c543a7cf5be642bd80a5ff22fddd8cd92314e049d8c65d4e4b009bf09bf,600501.SH,2024-07-30,5,0,5
51e46412d5b14a7fb0616ac767523f018bf5a0747a64e50c64968fbc8af867b6,600501.SH,2024-07-31,5,0,5
f30ed496ddb24cd49d1fa78517fcced13dbd3f94eeb8a194645f6ed2b994a38d,600501.SH,2024-08-01,5,0,5
04e122c2d55ed6d8305f83f8b18baa28c4a2f093dd9f6cd888588af02ed74946,600501.SH,2024-08-02,5,0,5
bf712d765351e6e8f892fd949341ff2292308019fc8f7e94f247b78101284251,600501.SH,2024-08-05,5,0,5
099495da07d28c10fdd1dbefa2dd4773aea243a61c5d1896db17541099ca2835,600503.SH,2024-12-10,5,0,5
05c9d58e02a7e8697a8f6a8cb0153f05daf05e24387e75bea41eaa0aedc6dc9a,600503.SH,2024-12-11,5,0,5
00195b14f3f8d6a6c393971ec6374b3fc2a70a5a9255f651d01b0d881e81a18a,600505.SH,2024-05-14,5,0,5
406907cadb0c7c71c6e322df453ff9fd4f77846a56d04e4abb2cc7dfb82fe493,600505.SH,2025-04-25,5,0,5
00ccc3162e10f7065ebc25d4c4cc45087fd3acf41524746f9e8eeeea7f6f1588,600510.SH,2024-09-30,5,0,5
dd7eeae33e989a7f17723de4edc229037ccebc89afb537373ac0bb9a7a3f9a5b,600510.SH,2024-10-08,5,0,5
380287b0e8d551cb95bd5395deb03e4c0250d0e9985656ee44df8f47f151de7c,600513.SH,2025-07-11,5,0,5
36828ef659a84eae51c120d3da0f8db86c118d4c0616b16d2ece9bd0b61309b2,600513.SH,2025-07-14,5,0,5
d789a5407ef8766e144e5a57cf26d4dea532b0c0853fa63b4978671968af48b2,600513.SH,2025-07-16,5,0,5
8e2eeb325b0b6466d7de5d5b02dac1ea2600d5bc59b0fc0a0cf578568d446ea3,600519.SH,2024-09-30,5,0,5
0733e3fe58e8ff06049ec880105562d514e9484c4cf43cc6b8b2722313a0dc9a,600520.SH,2024-02-21,5,0,5
c5d210eced06ab5f03a1dd5dcc8390449b4d62d1ff7ad389abb4ed0caa722fff,600520.SH,2024-02-22,5,0,5
5aa4fccf74799bbebd86fa039ebbb2e6f50bd41c339f50546b482f28e3ccf3fa,600520.SH,2024-02-23,5,0,5
5b4b7af61f4aeef271b6cdda5557aff6b0b1a17e235b209e2497695d0eb1cbe0,600520.SH,2024-02-26,5,0,5
bdece91534c64263b488238a6831587371ba4603f7fe2b337f3a0c1031de795d,600520.SH,2024-02-27,5,0,5
7e8f3df48ba287ecb10df7c55b75e2f9edc29b9a9a77e3689198a843c2f21f29,600520.SH,2024-10-17,5,0,5
85ca49a2ec05eacd763577dea7987e375e33a8cf26fa49910a0bafac6a212810,600520.SH,2024-10-18,5,0,5
6b71f7415d96aaff8c25826bbc0366a535ff5b28fbe8f045bb1a13eca1da2816,600520.SH,2024-10-21,5,0,5
d2db07ffa5c5aa31272defcc9b05f5f7b2de0c0c6d5011d1387a35982a041250,600520.SH,2024-10-22,5,0,5
ee3e954cd74f87264a8eb36ab37c68cfa3a9b248b44bfdc0d66028fcf3b83098,600520.SH,2024-10-23,5,0,5
adc7e446b4d4e72374723953b3f2b91556f0443dae84f407668b3f14d2626753,600520.SH,2024-10-24,5,0,5
70824bee267bf03d20b334bff57ba05e646d98d8a850f471d2e722081e23673b,600520.SH,2024-10-25,5,0,5
c88ba22ba08656ede13d139d764d40faeea4943bf824cdbe17c38fd576e9afd0,600520.SH,2024-10-28,5,0,5
1843b6e496f3c7c44da0df08bb440ed593d375d467a5670a619974b77331c268,600522.SH,2026-05-11,5,0,5
afefeaccff1898b7412e1b8e91fb65b4a58a3ae0786c405eb927d2b36c5dd6ad,600522.SH,2026-05-12,5,0,5
3309b8b568385d6b4934efa918842063aba64692fed6921f2b1b341d390f0bf4,600527.SH,2024-12-11,5,0,5
58bd42643ae80d15cc1602ad77556a12a46205e8ffc78f89a286e0db632523af,600528.SH,2025-07-24,5,0,5
1bebf7c21d977f6c9c54bb4edf701706b742bc677b3760ec81dce81bc8ada0ce,600528.SH,2025-07-25,5,0,5
83747e1ace32453fae44bd70e2eb6128d71326aa8d93d98a5f33084a712970a6,600530.SH,2024-05-20,5,0,5
d2194e6ecc59ae40ce830737daabe116f08f653c3638f40729060c14998533b1,600530.SH,2024-05-21,5,0,5
3b61414a9aa6ad71abcdeb5f4d4d73cf78ae59e85f502bd73c5cae7a306dec78,600530.SH,2024-05-22,5,0,5
d25b2363fb9bbaa736035c411165dde7f4bdd3553cd26a6f5680396a2c58a601,600530.SH,2024-05-23,5,0,5
4b0c4a41c6b94fb2e24b9c6b14fad12ce7b980431a92b5ec793ffdea8e363cad,600530.SH,2024-06-14,5,0,5
61cb851f33b435c737c2de1974cfc208148bcdfb2ca197e8ab315affce22eb6c,600530.SH,2024-06-17,5,0,5
a4b7c417d756d1b49553f7af1ac779f6a0141330cff3c3e9d1e758d10b1fcc44,600530.SH,2025-01-02,5,0,5
81d837899f9c922a73b6e8077b5cf6a48af2791729646369c2283360571689d0,600530.SH,2025-01-03,5,0,5
a0d59d80e92c9154c6c47d45bccc6307fc6e491fc25330498ba6f61b1908950d,600530.SH,2025-05-14,5,0,5
953bb806404df45d3e602cc4a2396d23224654325b4ae76b4cf306929f011fa6,600530.SH,2025-05-15,5,0,5
bac5f4e93442c29957932b074a0f0f765d262efc57b6f4d7f12eec237552b19d,600530.SH,2025-05-16,5,0,5
074e818ba1b110984bb087c03703f8099f6ee990ea57b2ed9b06553a8177f3b5,600530.SH,2025-05-19,5,0,5
3eb1105e954976da85c887afa48e4c2d34361a194910cd203d11d4eb90739298,600530.SH,2026-05-13,5,0,5
f89aa716855cee285adf8f01aaeb1219d0ef5061340b94a355cf4dc8012a9ca4,600530.SH,2026-05-14,5,0,5
b34f3f09c6ed44ba0986d614acc30fc8237eebd26085fa8992307e964abc9f33,600531.SH,2026-01-27,5,0,5
2422ceb11dd13f73022c2474eed881c743efbc5a3d3fcec6803bc3c637915f80,600531.SH,2026-01-28,5,0,5
c8f192fa17d385ab05569956e375a070207e95d3e26591e609d88ddf9152e4ee,600531.SH,2026-01-29,5,0,5
127e59ea935296d12c81fde4f15cf7baad17a03dc935cc129fc9af2999d5ef59,600531.SH,2026-01-30,5,0,5
83b220489ac32aaf65d75b5ac78a267f7e24443ca7e2bb853a3075d9e7beb2ee,600536.SH,2024-11-08,5,0,5
954b93cbb5597aeefd1e887713e2033a059e92b0c2fe2a83b9fa441f0b4f811f,600536.SH,2024-11-11,5,0,5
736cf5d9e8fd2a76af82f9d31d6048fed9c0af964bffadb1f499cbc1649394a0,600536.SH,2024-11-12,5,0,5
c35c9e70ea13877c25f0fff19db8b3a7579a0b747126c9c6cfc96286cc45b952,600537.SH,2024-09-30,5,0,5
1fe2e6da90241cf1e318a01065360e119164376d664b6d6d7c2e9d782b81cdf9,600537.SH,2024-10-08,5,0,5
78c9efc663d7856efe8370366fd549c0658002450aaad0a3d2a9e9d80e946433,600539.SH,2025-01-17,5,0,5
3900631113157c1f1310503cd303d6b649eb7b9dca0911c7c2996dc0cbe9d79d,600539.SH,2025-03-11,5,0,5
f47d1894c384d6b7d88e8ee6cb81bdd398434b01039cd612a3aea31c007cbc3a,600539.SH,2025-03-12,5,0,5
439366ab1c9aab8ed9f2a87dee0b7cfca94ff316227e19722fe22e3d754bfbd9,600539.SH,2025-03-13,5,0,5
c2506edf22e000ba977f1a1dc339686c893d70722b790fd48f1d026b94ea392f,600539.SH,2025-03-14,5,0,5
6b98ff01b02d8a61e12146b73cab7ac3884c860866f40bd96ed2994bfb9be7a7,600539.SH,2026-03-30,5,0,5
b1d853207c423eca3659f823c65c92e3214f23a58c4554f4f463ea4904bc5bda,600540.SH,2025-04-09,5,0,5
1c9474d8ae0ab2199f41b37fad602ed71f3435e69750572323b7aae6cd384550,600540.SH,2025-04-10,5,0,5
6acbc9b395341c06e4f7a90749382407310b0ac44bfad63d1c8f6b652367100c,600540.SH,2025-04-14,5,0,5
efb4a28ca5c0a163fe69855e8992521633d2eb61566e1978b803091b95d27404,600540.SH,2026-09-01,5,0,5
5e318e47e68c80c9d2977a83bb80c868a7497741ecdc1905079aba6897fe0ce4,600540.SH,2026-09-02,5,0,5
61933612686afc92a85eef24aba23009322afcba76ecf6616e7887180ff2ac7c,600540.SH,2026-09-03,5,0,5
96bb7e2ebdc1e3958ccd6aa18777183a528c40dff633b3a313d61014a5867e7d,600543.SH,2024-02-22,5,0,5
6ed4ee8078558f3d969fdc1f345ac95f4b50be20d8aa2343bbeb37dbc7143dda,600543.SH,2024-02-23,5,0,5
41ca400a15aa296a7576d57afccab747d403d26139266af1a67b45254ef5a6ea,600545.SH,2024-12-10,5,0,5
41edcbad8fccfab6315049f1d7af3934d3eebc7689f9ecf176d97d70dd7d5c28,600545.SH,2024-12-11,5,0,5
d5016aa04d6eb9bb396d825d3292ad49533c9a82dc78b4c2a8599438d9690abf,600545.SH,2024-12-12,5,0,5
91388c576aba51f874c03a921d7923e08c0bf8df54fce84c85835afcc4f8cf9c,600545.SH,2024-12-13,5,0,5
d9c387fcef11ad55b007d97c34c62145f7a7d424ddf97051f2fb4e7f094b749a,600549.SH,2026-06-22,5,0,5
3fc092396b7ac58bc5efff1ebaa093926c913c16dd4e25541781604090cc7393,600550.SH,2024-09-13,5,0,5
863382c0bd75edc6291b8b71e4e096d58f507060ce8fb9fa89dbdcc0002a08e7,600550.SH,2024-09-18,5,0,5
f5e8a9ee5ba1a4d6ab5d62274f1f4b584acf3678273e923c7598d5c2e3d9cd91,600550.SH,2024-09-19,5,0,5
16985a1b345bdabaa466d24022628a2761e56a4be2d41db3eed6a3455a204ee0,600550.SH,2024-09-20,5,0,5
c28d49d27ce0aa5fd39d05efd9b07484d921710cfb0597d89c226ae1ecc746c6,600550.SH,2024-09-23,5,0,5
58d49e56ffb4d26c469131cf3a1fbedfe8c4f9f578bc446c42a7fa11f91e7915,600550.SH,2024-09-24,5,0,5
3fe62326ec71e1d594fa0d8b7da4fed664b2b9d42319c0792d959c0e16feae97,600552.SH,2024-09-03,5,0,5
21576c19b27124cefc2137919b91c049b5eb68f1a67e926d0f033a5751a84d16,600552.SH,2024-09-04,5,0,5
5fe9ddae5306788da90fb668b52722f441cc421cdf47704d76a312be7350c8aa,600552.SH,2026-06-22,5,0,5
43696f4de2c22698826eaa507b013fcada611dc286cc829bacc975c1a94e2afd,600568.SH,2024-04-24,5,0,5
59e27c06e74c41a45cb67d708877084b29666587c8795394a8a66e05a713d678,600568.SH,2024-04-25,5,0,5
ae135fe39a12a3774ef432305c9db2a42c4996da73a5692dbfc275a7f54b4889,600568.SH,2025-11-17,5,0,5
158c0020a52852af959bc8d5de42b485e7b63ef7750737cc7e7533ca5c26d446,600568.SH,2025-11-18,5,0,5
54dbfa8fe0e5da55a675d3f6a1525af78f1006d284635a0a5898e1026da71947,600568.SH,2025-11-28,5,0,5
5265a30a3c0cf77cc14884ab379fac4ef4652bab410d3e14f3561e84c91163a6,600568.SH,2025-12-01,5,0,5
79db9664c8a415a63cb5ea16a5a64a1e0c64abbafc48d06c7905c9b5a7ac72d9,600570.SH,2024-09-30,5,0,5
a37b521f03b2295219ff9e4fb3784e9ce9eea19a9f22225a8c97ec2d8f4c27a6,600570.SH,2024-10-08,5,0,5
6ab7579e41b9380a753b653c2719585960b331d89ec6b92e881b1078a83b43e1,600570.SH,2024-10-09,5,0,5
cf43fdfb28f1bc1b768c8b3f09b4d37db7b100392ace4214a30ee82c83ba5e0f,600570.SH,2024-10-10,5,0,5
5f15d85ef5a54f8d47f9fe29eed55af8075603de7cbe5b721b58d15cb0424fd7,600571.SH,2024-02-21,5,0,5
2fc56f5700482b8c1c56f6f8e0dacd529e62f9cb7ff4ec9aac15cabadb2afaf7,600571.SH,2024-02-22,5,0,5
85da1f0492ee18fe08c4847154661741aea066a24e17a6345782b0f15ef19efb,600571.SH,2024-02-23,5,0,5
359f5bbdfedd79920566fe9da841b36166ce43117a9df009e688a2602469ff6a,600571.SH,2024-02-26,5,0,5
cea1cbb0948ad62f0eb7c799460b56dc729376e3f4d975606c571b740cc1b2af,600571.SH,2024-02-27,5,0,5
3a9b721b97548a6c694db4c9896b26e18ca1b2760defc970241b6a50b09a407a,600577.SH,2024-03-28,5,0,5
a6cf44bffcf99e042f7d5eeb480379f90e82a5319238e2808452aa835a205da1,600578.SH,2026-05-18,5,0,5
22e832d2c216a7b6f5a99f2659c24e1bc15223cc32477eddc0e55b527e3b049d,600578.SH,2026-05-19,5,0,5
35624c0af7245edce32254102601132aaddf37a8bcf4159babe25b3e8ec0c2a1,600578.SH,2026-05-21,5,0,5
bc6c096d1abb769f9a2df19b5a7570eca1bc2b5e293e49fa35a24d553bc33ed2,600579.SH,2024-02-23,5,0,5
609f4a8923b2641ce73ba604d8029b5ed47beb192d06fa5658c7c0402afbbd8b,600579.SH,2024-02-26,5,0,5
0602409888659f036f88cf2dfe6521ea9ff4a34051f74cd811f9ea06a5eb82c4,600579.SH,2024-02-27,5,0,5
623a73e19723f2eafa2b97a82209f5a9af0e28bd428054bddeff2e56ef1101d3,600579.SH,2024-02-28,5,0,5
b17a704a885b6feaec831256aa4b1533241385c591d4d6417e983489e2e1bdbb,600579.SH,2024-12-20,5,0,5
1e0f8061d3d4ccd9da3a2bad9db19523a72d23213f202f49d357be22938b296f,600579.SH,2024-12-23,5,0,5
267bbd6ca893f75452b0f9591bcd86e4f214c7ba1e2b0f9b84ef4873cb8c20ad,600579.SH,2024-12-24,5,0,5
71acb5e4731a660ed076375d39ed5d430438b5c21f012a987c6075b08a7acef3,600579.SH,2024-12-25,5,0,5
94053e90a0f734ca960fdebe08c2871460ddcf9f4e1731731a25d5ea33a88d45,600580.SH,2024-03-21,5,0,5
8eba656e99d3703b8ec7ca6ea2e8f495ed6398c3361747a1dd393519b1fab14e,600580.SH,2024-03-22,5,0,5
7fbb080936510c4ad484471e402590065ac0340186965191d032e6a74c9a43f9,600580.SH,2025-02-07,5,0,5
a8656804636608a0064b74d2e6371d3464c44ba8e15306c2f1c035ebc45bcfe2,600584.SH,2026-05-26,5,0,5
fe906b2dfa9523d9e0a05d82aa53499810981002f2d7b839dc2511c615c5a6c5,600588.SH,2025-02-13,5,0,5
c0cf5441d18cfaa9ed222a7d99d56ddbc141cda4cfc69657fe87ef6a29a729b6,600588.SH,2025-02-14,5,0,5
e2f99bace4ff990d151055b7c784098de17cb99112945c4f48d83b67a0ef0cc8,600589.SH,2024-01-08,5,0,5
b96427947ce376f7dded85ef8aafdfe67cdd2d7d172652d9ecdc0a3ef23f585d,600589.SH,2024-02-22,5,0,5
4fd06f7480084c897029043e4d51965c9bca73ff27d0a89dfe02728447c9e0a8,600589.SH,2024-09-24,5,0,5
6c241d6850f84bede5a2369bc9ee7240abdd00822e87a51765cfa6e0e2edbb39,600589.SH,2024-09-25,5,0,5
0f22e40074990c7693d5dbdd3990f9ef9d536b5922342d197153fc761560c65a,600589.SH,2024-10-30,5,0,5
7e6961b4f4017c14fcf288d0f6d744a138cc35477e2489a73d6abfc2a4abbe3e,600589.SH,2025-02-26,5,0,5
cf5fde70ba049e9eafb0815618177e0ace039af518936cf5454bddb61e56c45e,600589.SH,2025-02-27,5,0,5
0229d010b9a2775cbedc55d89408ab91a51403202698cc2f65da202f2d8e1f9d,600589.SH,2025-02-28,5,0,5
ac674c83bdb997f88c8b011977d13817462c6a9a0363308132ffd04ad87404cf,600589.SH,2025-03-03,5,0,5
e899360f737bb56803724817fd38e168dd10cff4e1020c5ab15a3c05a12bccf3,600589.SH,2025-03-11,5,0,5
995658bc07ad608cb65347003c4f2774eb1fb53b535d3131a923011c3cda0e4c,600589.SH,2026-01-12,5,0,5
ba04339458f4ea08fa169b1c482d1e1421bdef86091abaf909afb8f5670298da,600589.SH,2026-02-12,5,0,5
3c0cfdedbc2c7f4648032ce46b6e9ec7accd0ad113a47238283c493c47ad7d83,600590.SH,2024-10-21,5,0,5
460e774121f013a5c08ed0a615a4b0456447574b5cf86e9f170c6fde575d7074,600590.SH,2025-02-21,5,0,5
a9553e9147798320f8bf164e85e177e861bb5e7f76b04d1c9c8cacaeb19c6b76,600590.SH,2025-02-24,5,0,5
d8a324f66f80525a30c40953e42617157fd666368bb58d277a41430189589e76,600590.SH,2025-02-25,5,0,5
8b5c0b8bb76fba884fcbc5a44fe8f16d47490c70117199417f9a5ff65d594fde,600590.SH,2025-02-26,5,0,5
4a4e1476f3eda00bad5b3f6fe0fbe606688d45a7eef78b3af53e6bba23f9d61e,600592.SH,2025-05-08,5,0,5
43e960e8f0516fcb76ec15cafcd6f76e6f22ddfa11b474cd4131e134800af562,600592.SH,2025-05-09,5,0,5
71a3423b7d6f959da09f05e6f80e82a29ae4ec85044fb9d58227500f6c0238a2,600593.SH,2024-01-08,5,0,5
86f99d57a3611c467c11214e16cae86c56252ecf83ed58d109c06454437d8f80,600593.SH,2024-01-09,5,0,5
6231dd9128fb7d3f3884e08a94ff8c3abdbcd9420115701a720633ac9b41755b,600593.SH,2024-01-10,5,0,5
65b1ea80648d6c9f9f5d8bd27a971ffda336a0ce7e8dda5ca2a9833edd0ca01b,600601.SH,2025-09-15,5,0,5
5883e6757272d161218f5e6582e82fc331e29e229b0fbe84e4ee4cee3844b74b,600601.SH,2025-09-16,5,0,5
da1e0b574e220b5154c9ad2618a59881a8b397cf6474f73f5724108313c7e527,600603.SH,2024-10-22,5,0,5
7e4e69b110c3d96aa1c48cab4b023bdab0d0991f3296792d4ebebf9d844198bc,600604.SH,2025-07-16,5,0,5
8ecd7edd0b56dcc6a82116fa7dcc8290826d448cd8d4e0a917b42340463b66cc,600604.SH,2025-07-17,5,0,5
09d52a36988bb9bd44523c973777d1d8c4524f658e2735ac6d32fa51f3bcf01a,600605.SH,2024-02-21,5,0,5
fad38cdfd3e0be146cd6041ae519b524100f002e075cbf91b57fe841367a2170,600605.SH,2024-02-22,5,0,5
0e558afafec03b837e36fac048f67fee9cca20ffc543dfe35b98f9ba15425f64,600606.SH,2024-10-08,5,0,5
2ab4bbf411d263f0baacb7ceb4edeb8458167bdff0d9f627146b0276179c19bc,600606.SH,2024-10-09,5,0,5
5f0cdffb71eb49516c51abab0f01b77d471ea84ba106474d58bd7761f0ce7d96,600609.SH,2024-11-07,5,0,5
ae0406ae32caee5bdd67827125febbb93a9ddcb0fb26d5a0b9991eb0aa21af5b,600609.SH,2024-11-08,5,0,5
6f29fa8b68c9caf31c56ebdb3d0f7202499cf300177a994bfcc53ce4120366ca,600609.SH,2024-11-11,5,0,5
cd92cda1e0cb31d573bf4c15ff05ceb4cc6267af57100aecac76ae9b08c14206,600610.SH,2024-10-31,5,0,5
8a532c1a283c47b9344ac713439a4b098af7aae03a8a0ed10a6bd0fc531899ca,600610.SH,2025-03-19,5,0,5
7b200c8558d0753e057a0dd9d8c19a3a9364730d0c2bcbe7c053d484606e9d46,600610.SH,2025-03-21,5,0,5
a0bc210aff568311638e0ab459ca069c2375bc0bd717bde3ce969cb9c4a6101f,600610.SH,2025-03-24,5,0,5
ca134d32537babcd305100da1f7c0cad9de37597e23e8faf9dbe6736bf3e5be4,600610.SH,2025-03-25,5,0,5
a8687c40a3e9da3c5356a7e81d1892ffeb5414be9958f92b18bd95484fe167f1,600610.SH,2025-03-26,5,0,5
76c00c8d7a0a8b9739a9075ce363236573759d9b69385c6afb13d378a1e68f34,600610.SH,2025-03-27,5,0,5
0ccc20707b61506c297d8b314c0d28df1e53093486329d43cd84a93a4c90bbd3,600610.SH,2025-03-28,5,0,5
f9e0c322e6f56f41261ca1723c1e91764e03b31d84b046ff3a460f8c0563f149,600610.SH,2025-05-19,5,0,5
8b4ce08109d77283c3d67999492a3315efb1066c33235045fd87b37b8efcf693,600611.SH,2024-07-11,5,0,5
1e6d1dbd3e5b95178834150d5fd49a2aa3a1c1eeb4cf1183200160e45fe39c84,600611.SH,2024-07-12,5,0,5
de1e484160453065a5767fff3421098558c93238ca2c2f3a6498f3e44d3a5dfb,600611.SH,2024-07-15,5,0,5
6562a6e5bf572859ea435cb3c322f072edf2523928a69932c2c3cf5a82ece545,600611.SH,2024-07-16,5,0,5
22ea6772c49fd239c3769b51ad313e517de9ddb27932ed483cca506596f1f7b4,600611.SH,2024-07-17,5,0,5
f3560f13f14249687e583c050d04477ca19b77a63d55a54e76cf08f151445175,600611.SH,2024-07-18,5,0,5
0781091fafee2fe1ea6f7fbdd5b473c3004ba8acba74d6e373632754292ba206,600611.SH,2024-07-24,5,0,5
0d9d3a6d3dd05a7ed526059422b9f95ae6d5b05de444e8a2d24ad49eb6a8f5d5,600611.SH,2024-07-25,5,0,5
87dd4b8b18007b98d5b4aeb13a61d24735a104f5cdf415920b9c9e556338c298,600611.SH,2024-07-26,5,0,5
72c9d499e0f004302df59154510cd012089e781d3d6ac136016a7b3657e1e8bc,600611.SH,2024-07-29,5,0,5
74443100deb8bba715f5b9032286e73fcbe20b337b869aa4bf52273d7409ad91,600611.SH,2024-07-30,5,0,5
93e6f58a49fb1a303689f28f4d3e2902fdd9fc3dfe014600b959497e2da6ed74,600611.SH,2024-07-31,5,0,5
c5f4e7d70647ee6db72ba616788f0380fb09d2462716393b7ee4c832535fbf85,600613.SH,2026-08-18,5,0,5
354d89bcccd03dc7e8b4160f96b2d13cca5fe5a84b0b9bf38b265edc2c55271d,600613.SH,2026-08-19,5,0,5
a795329786877dc92af23eb57873b38ca8f2aed83a7eadb7f2ba5b89d0d74f80,600613.SH,2026-08-20,5,0,5
da6b768ec0b3e17fa2238258cf5a76deee4037d3a14830da8bc606d5437bc7f0,600613.SH,2026-08-21,5,0,5
f847ff232b1a7d5a5f8a668ca3d73a217fd97c090efb6c9a72f51752d3e1608b,600613.SH,2026-08-24,5,0,5
4ee623e51cbacb1bb4fd6ba7dc7afeb38d8c9f287cd6aaacc88108ca2e07bbe6,600617.SH,2025-10-20,5,0,5
a2945c7b1cbec2d8c0cd68c8911090d4567ddf63698c5e332c18a15e1bea032c,600617.SH,2025-10-21,5,0,5
af8ce2d2ff91d25257c28b6f74d3a6e1af571e168645c288b3828b58295804ed,600619.SH,2024-09-23,5,0,5
03b97246275d55eef9567d2e2e80fb5c8b8231b0ddbfca7c0ae650d9e2bd11d1,600619.SH,2024-09-24,5,0,5
3289877fa33c9a0276877d276df137151c47f23ae11580a89a6d9eddd8ea866b,600619.SH,2024-11-07,5,0,5
2f811fe55b307c585b42398f8af49cdada325f3cde42c144260b2b4f9225d5ca,600619.SH,2024-11-08,5,0,5
4e6c9ed1c5fb1363eac313f804a43b06c822f38d8bf363bb815651e28aefa1cd,600619.SH,2024-11-11,5,0,5
b4980f5b5bdc1fe11ca758e5e65f5ad6ac3dec0243f1227277d58a1eac398d2c,600619.SH,2024-11-12,5,0,5
f2cf9c0cc71711cb8346a056e2f6b6f4c1be3e75748991bada6b6f1fde6ccc22,600619.SH,2025-08-11,5,0,5
33c5662c6b31f351c52bac4212abb501c07dd860c75e59b684d27c1ee4de619c,600619.SH,2025-08-12,5,0,5
059916ba238e0f8fc047fd743fb0a73a1baf75f5654c6d84fc135dab215d73ee,600619.SH,2025-08-13,5,0,5
e684852106c8b771260d51290992940d1e190244ca74133ecb290ce4670d63b4,600620.SH,2025-07-18,5,0,5
a6452929bf2dcc7006ee141ab6f56729a6aa628f03881e7c5252774d4f631316,600622.SH,2024-10-08,5,0,5
f2b8e04410e556b441cddb3b8ae9ea5629ebcae55eaf24688d0c4716f5767ce8,600622.SH,2024-10-09,5,0,5
3ccab6976c17a1a7a95ec1add0b7654276cf2fb76c553aeac188a1dcc0ba41c0,600622.SH,2024-10-16,5,0,5
2d50a167a787ffa11609feb63df778f777a5726fc5dec4bddda697319047e41d,600622.SH,2024-10-17,5,0,5
96167faa95a3a2039fd1659a4275bc1b73a5a1cfbc34a1aefe165f47d62c4a57,600622.SH,2024-10-18,5,0,5
b1640e7653104fd855107837b70f69130c3a146acc9080846250877df00ffdda,600622.SH,2024-10-21,5,0,5
c2c063faa0cd9242bfba3689a4f8b893912a6b921afc9583609a222e7e0770db,600624.SH,2024-10-29,5,0,5
645a9355c29082d11734ed7afcd5a069d1394f16f0ab2b43190eb4da242ddba5,600624.SH,2024-10-30,5,0,5
e14ad60764489cdd8d741b155c6506556bc26f9ed0130661812daf61e5ffc456,600624.SH,2024-10-31,5,0,5
bdc8a719daf5c92cbc966b6fd6da556b024afcf055263ff5899e91d52e1acd74,600624.SH,2024-11-01,5,0,5
2d1852d9320f71697f93af6e3d87b73efafdfe25b99021168c5dd449162d622b,600626.SH,2024-07-16,5,0,5
6d9da427a0584816ecf206a1d0f7d5d6ad449e4f27a5a9a9b8482e130f703aaa,600628.SH,2024-11-28,5,0,5
292b9a64f39dca61863df69e5857b8ae6c35898054de730b16585e28e79f9082,600628.SH,2024-11-29,5,0,5
accd0ecfc47b332e0be25aeab47fc11fbf4860cf144cc427292280a4b31d4dd0,600628.SH,2024-12-02,5,0,5
2ba0384afbc347f2f71b359e3cad90533bd8c17af578afc9aeb554d985b1bc16,600628.SH,2024-12-03,5,0,5
c4031134a1712d475d8a8a5dd739bee66027a86f04daba02c5611d02233fe6d1,600629.SH,2024-01-26,5,0,5
2195bb24c636f0d11b29628fec4fce872e72966e55edb942ebc781bf6186cb8e,600629.SH,2024-01-29,5,0,5
ffe7fac0702ef1dcfb53818d880982a14c056faa21b6e1ce58e8a00eb6857079,600629.SH,2024-01-30,5,0,5
2c2d240df96b577fbf78fe4a9babbf3f49cf104f0b2b24ba189d43acc7179b79,600629.SH,2024-01-31,5,0,5
e865371ca4e5e0f0357baf338a2f19015d31451bc55ee79573fcbc2274eb62cb,600629.SH,2024-11-05,5,0,5
7a3601334b5f76648117eec07257c420b2d5eee708e444e51dff46a75fefe6b1,600629.SH,2024-11-06,5,0,5
1065322bf199de019d1518da9cb087fa216179591b318f82efdfbf529abac18c,600629.SH,2024-11-07,5,0,5
c7be47de062cd5631fc66e8cda12d2a84026268451845d2d976eefac80144f92,600629.SH,2024-11-08,5,0,5
bda8c4c81016788c739fdc256ea5c1112e926c7d5da9f457d0cc24fb98692fa2,600629.SH,2025-09-16,5,0,5
b5dcecffe5f0d5a3d31cf71640f063a7f863aff181b15b6634dedb54f6a95c9f,600629.SH,2025-09-30,5,0,5
54028ee7bbe5ee12ef7cf34b3c5b1765e32b261629795473ac372b0e9350d775,600629.SH,2025-10-09,5,0,5
b82eec0cb89d9bddc7550bca81aa7c037f763b0dc13dbf7d3a76ee402ab13bea,600629.SH,2025-10-10,5,0,5
ee9e929954b3207c8f9c8f3d319e541d4ac98261c8b26b3061bb03e5f1307ef6,600633.SH,2025-02-10,5,0,5
ea79c95b2840645929f5d70d5150dbbb30f45cdaec3b95d3205d00584a6634de,600633.SH,2025-02-11,5,0,5
e03594b8c5e7f4fdefefb89c4d6e19bacb721530534a259e92b29b7ea922a5d5,600633.SH,2025-02-12,5,0,5
c4f6bf426e9b81ecfc253fb6e13c41217a76504833256da6979b7959093756c1,600633.SH,2025-02-13,5,0,5
fece3432ada76bb454a2368307848930d57ae6b37e5c29fd88eec2ad0321ae7e,600633.SH,2025-02-14,5,0,5
39809def78c47ee6f3661eaebc7ad0f2f318334763dff5711fdf9834a6e85346,600633.SH,2025-02-17,5,0,5
7f54b869789a717908c5d55a467e6d16045dc9ea1f809fde2e1f2089794a45fd,600635.SH,2024-07-30,5,0,5
5f8499eb36e31499a8c7a183b92be3cf77cc1505dafcc0ed8970c98e5b7c2936,600635.SH,2024-07-31,5,0,5
f237c098816522fa54653ebd359a4f729829dd756039844daef459485a5d33fe,600635.SH,2024-10-30,5,0,5
803b8e0c870ec9f88e2bcd2b27be1ebfc8306c1ba18d3defa57c8ad665f46610,600635.SH,2024-10-31,5,0,5
9d9bb38511a8ec029d83f1db67f6e2dc9ffa1dd0f500295067b437910782d090,600635.SH,2025-09-22,5,0,5
0f6d823771e6d69fe35e47b6a81ead2d6d465770f1caf536d0bf4a926d24decc,600635.SH,2025-09-23,5,0,5
05fb92d74a37d22ad0f7d3fa9c441eb17cf24a376396b6e63d27a26b9a547afe,600637.SH,2026-01-12,5,0,5
21da4d9b6c380c858e3abd41feb3f935977d6bdc492b0527b27357a33a7d8734,600637.SH,2026-01-13,5,0,5
0b1750e15f2b00afc85529f6afe1548f710b8413d8bc6fa78d2826e8202c442f,600637.SH,2026-01-14,5,0,5
5d4aa9d409b7f3f4876500a43d9f6aefc7763f58e7b65ab71e2b642bd9328d76,600639.SH,2024-01-26,5,0,5
659d6edd3af8f4b1b5ec59b2d7a9a64623a44fcf734ab8e8b84cf42cc8170394,600639.SH,2024-01-29,5,0,5
a9ab4a180c36656d00b3c9b708b7f65ba0d9ec4d59f6ccacd810a6a155174004,600639.SH,2024-01-30,5,0,5
be5c4fa2746e90b8cfad7458b7d979a1bbf840fdd117a6388a40e85193fd4b31,600640.SH,2024-02-22,5,0,5
7faa6a3c65a668cd15936cee418aca4c9c38a75c9eac4164dbf22da5b08da174,600640.SH,2024-02-23,5,0,5
1f602f2720ee116ece1f290f8e58144852c6df20947a26702381235b0dc21350,600640.SH,2024-02-26,5,0,5
fb8a37b6d4041e3dfaa395ed17444dd7b133b16c8c6e9d36bfecc2b751295d3f,600640.SH,2024-02-27,5,0,5
f931b4e3af70560c520f3644095bc06b5b2740b8a26622cac340bc182e054f3c,600640.SH,2024-02-28,5,0,5
827f792d860444f3bd16b544f09179dd4d7545662138864e52e66c1746b34fab,600640.SH,2024-02-29,5,0,5
1445d9cb5caf7663c76937655990daca535744274af0783cbc9c291d881a628f,600641.SH,2024-10-08,5,0,5
01754692c3ddde85c9cf4ef42edb6411e0cb8fa159bf3539650e03f3458cab7b,600641.SH,2024-10-09,5,0,5
6949d4cc19a3e5ffc8cb177c9fe6df5c779cc453b58f9739fbac755eb5b8349d,600641.SH,2026-09-22,5,0,5
bedf976bc064f1881ef226637364120cea173f66350c2cae0cde590a87466542,600641.SH,2026-09-23,5,0,5
5b4b5869d5146409a410c9ff2c89176908b0db07c033dc87899dde730a2e7017,600643.SH,2024-09-30,5,0,5
54b0e92cb63d9d79d6ede0c850684d31e4eb2f816bd7f2ac96ddb6fe0a20d94e,600643.SH,2024-10-08,5,0,5
0dec0cb8df81fb385a2b72de05b26781951a16aa5e6a4a0ee37b7ee31f2720c9,600643.SH,2025-06-30,5,0,5
e872d5c7d168842653a5ba1049f33c4c8ab527cf243477c7a83aac24f0a1fdca,600643.SH,2025-07-01,5,0,5
342db9dbf85542f9df46454fa939e76dd545ff2a4b4095a211319eae64bd7afb,600643.SH,2025-07-02,5,0,5
43be1ec7c588e814fdc550b065f48b889a3ea4bfde0625cd0a9480dc38331a2b,600644.SH,2025-04-17,5,0,5
df0ec81627dc510574f91ad809741247c096e6c067d11267c7320344c08b5034,600644.SH,2025-04-18,5,0,5
1bc3cb7ebbe3a345fe3eb98e8e6af439ca7a26faf1b11be75495d8c7ac9494be,600644.SH,2025-04-21,5,0,5
0dc75be47814bfb8ba81669bb6f3babd51300b0b02f24fec12d76cf01de54aea,600644.SH,2025-04-22,5,0,5
cfbcac5d20c7b7b166224e835965cc6d271a5f63cf1677ecee38dca6a63116d1,600644.SH,2025-04-25,5,0,5
3f6b391e53749f50c58532cf0277046450f4cda883a8ee2121ddb84e8f79a1f3,600648.SH,2024-01-26,5,0,5
7a1cf89e2445f4356bb10682f92124a94d8561ff09b68f046a0037229afb65f3,600648.SH,2024-01-29,5,0,5
2500e180345c0a337020f75f4f2c89b1b667bb4cf3837ea8f1f977f14b585fb0,600649.SH,2024-09-30,5,0,5
70fca40d5a0805d50d3168c6ca6a1a030c13865f34d2d644090c97472e658584,600649.SH,2024-10-08,5,0,5
f32996d743cde2c2dc6ead8ef8d9a376ed31afbb4df3079a874097b059eddeae,600650.SH,2024-07-12,5,0,5
084510f5fb19d45bac2422b65e05eb733e68c0686679721961770cee978356f1,600650.SH,2024-07-15,5,0,5
64dfd56a5bb0275adf9a2f4dc24c1bb81270668acb8b8ff50efa35ddc019acbb,600650.SH,2024-07-16,5,0,5
1eab7f5ea2ab1e4409fe41a3331f6a1ac3f89825d0e1d49680a6e4135c36b29e,600650.SH,2024-07-17,5,0,5
caf8cfa6bf5c2ccf9c5d919bf471a3478e6978be6711671948856dc351895b92,600650.SH,2024-07-18,5,0,5
d9ebb49cae727c3c222aebd5fc193b1246ae4348b0a7c89f97d7f76a1bc79c59,600650.SH,2024-07-19,5,0,5
12391a70b5321f869abb381e0ac042ae7bfef98805afa95ce15d99bfd976656d,600650.SH,2024-07-22,5,0,5
2155f8ac564d0cbc283bf2fe15ba77b8c8e01a17a47c7ab63a9e0b0dbf9cc9ef,600650.SH,2024-11-21,5,0,5
80cdc8fab30902b6552c437c69285ad2b6b8cf1c12b4daad5e8974f64ff27536,600650.SH,2024-11-22,5,0,5
48461b10b5ce468d7bdcf792fedf5810691730a20b59ed374fc1965a34cd2962,600653.SH,2024-06-04,5,0,5
2bcbe905f214145ff2aaa752a6fddb77893b8491c93927901cb8c81f3c207c3f,600653.SH,2024-06-05,5,0,5
9f4057c416079f04155986b1701fb6b5d9f17993079dd07eb3e26cba32de974b,600653.SH,2024-10-28,5,0,5
c293f14ec60596fca50cd4e36e9dabcaf62251affad2701fbcc4a2e5a97438e2,600653.SH,2024-10-29,5,0,5
e15b8ef1313b0e46d3b3c055de488bf12d0c4db919e1f4d51be1190a4bf436ea,600653.SH,2024-10-30,5,0,5
342fd4d35f9a9f1743f12f5c8c97b68744516bc64b69be2ddc77a962266c4c48,600653.SH,2024-10-31,5,0,5
f8c333158fba893afd7bdc1152efd2a27ec8d49a533aff9a9fa0474241691cb3,600653.SH,2024-11-01,5,0,5
c633b94cb412ab94480d7e42af24d1b2eeb13dbf3528f6e8c26badf58aee0598,600654.SH,2024-11-13,5,0,5
c65ef6fdbe97ecdf6d291534f11a265f00155c7cc95e3f33f916966ff09b28b0,600654.SH,2024-11-14,5,0,5
844b963db0acfb283f025d4a9070469b6b9ff1f18022deb540b4264f469c9d1d,600654.SH,2024-11-15,5,0,5
35d63e0a9352f576bb31c6567205992cad2469ff17177bd2203e8de6492be0cb,600654.SH,2024-11-18,5,0,5
e243dfabb5290a21d990966e4e346d17a337d13ed0e20b070a349a136992887f,600654.SH,2024-11-19,5,0,5
8fa0465ab048cddbf4e89fb639e328c24415ad721b4109f9714936e8d4c3dd70,600658.SH,2024-09-20,5,0,5
42c2075f629bfab1107be081f06c26a21462ef3f45d340a6606abc3d37a7fcee,600661.SH,2024-02-20,5,0,5
a81489d1aeefce8b061c1bd339e5581044016aa87c2007b72b2e8581345ea106,600661.SH,2024-02-21,5,0,5
9e5909b1b84f5a966447ca2c1f304be6955c43af759179d90afc41e12b83030e,600661.SH,2024-02-22,5,0,5
090505b4389e2ac61969c5f5871d8791e4d9bda91040c0d8ea5ae530cbc677c3,600661.SH,2024-02-23,5,0,5
27c6c6c4c23441f921e96443e2e2c4f2cde97fefdfd8b344e0a1aed8ae7f5cbe,600661.SH,2024-02-26,5,0,5
7123cdfb54c29622f4d73c260107d998789fdd963dbcef5944d372337d93a6ae,600661.SH,2024-10-09,5,0,5
9cacd8d37c58a8b8fe4997a5cb13b5709eaffe9e1c82f663289167a3c5e3cddc,600663.SH,2024-10-08,5,0,5
6501ffd82fae7db1441b32664aa98ee36c8ca1b8ace2fcb058587472cd14f010,600664.SH,2026-07-15,5,0,5
9ae2e8a0ff52769e437e8b680fbe5a8ea1f4677b0aac53aa648b349e07ee2b0f,600664.SH,2026-07-16,5,0,5
ecbe3916721db1c87093ff755775dd2cd8a69067436ee2b19bb83b49051d2f9e,600664.SH,2026-07-17,5,0,5
c4f94517063e84f9b3b0c94a699094cb3f2e65eb9799405be831134f16847a86,600664.SH,2026-07-20,5,0,5
c5cf02d9807ca6d4a10b7fe6c52863dae6163e864ad727a4f9291b8f0f502c4a,600664.SH,2026-07-21,5,0,5
ad42359a9a1a7cf1b4baaf49f992288f229daaaa3cf811b3f482ef8fcbf85813,600664.SH,2026-08-12,5,0,5
0688835e1f7633c077b9ec05ab00af1e8833232126bde6c09a7ebde4c3bef609,600664.SH,2026-08-13,5,0,5
07429caee289b5331e5c9aaa4390aa3dd1f050d9fffd8139cd35b9728d7a49ee,600666.SH,2024-08-15,5,0,5
7833a74d20cbb1d3a7ee21b187249454d523d3d8f20154a147d6d07e67ae4ada,600666.SH,2025-02-11,5,0,5
741db66447826165a166845e656cae99cdd6782235a03c53249ba2486d3cef80,600667.SH,2026-06-22,5,0,5
7a52bf89262b17675c034b2d377c860b938c7217b28175cbb131248114729a3d,600667.SH,2026-06-24,5,0,5
d95e1d45ad5cd6685af8843c1be6d20c7df7a4ee96121f664c7d9e1a4bc34b46,600667.SH,2026-06-25,5,0,5
a5fab4a3b1e480f436e41cb6c316497551c71073ddf0eb8521f6ca847815c9b8,600667.SH,2026-06-26,5,0,5
22f7f0bacb67039e5f6dc122d98d8f61e777df87662a96937574758d75a42961,600667.SH,2026-06-29,5,0,5
7edbf458dd3dc097891c02c299fba37e87027110859a67c1c83fdd0a6711f1a1,600667.SH,2026-06-30,5,0,5
c286f7397552a38439aeada4c032785a735fe5c6b18be84e9efa0f7641609828,600667.SH,2026-07-01,5,0,5
6476eb004643f15a4bbad151c8c8aba1d1b14227ef1e5d21fc19439c000ba635,600673.SH,2024-02-08,5,0,5
8e7ae5bedccfd914364a594dbfc0e534c088b56f79b907e6e547e7ff98bef1ad,600673.SH,2024-02-19,5,0,5
ded801a093d1f048b2fb7cb9d8b308cdb4fd4a2ce6496b775bb7eacae2e08d39,600675.SH,2024-01-26,5,0,5
b45380d1b03af1e9ce857a63adc8fa12fde9c4652fef53a21632f2d359d63880,600675.SH,2024-01-29,5,0,5
ff12e5e9d340db40a13547e7b1d24b49d74dd1153b3ea29c066baca1ad83bdfe,600675.SH,2024-01-30,5,0,5
c32ea0f93a0add44ce61bf7d5996ddac8d1b1cc39569f84b72636ad63f682878,600676.SH,2024-07-30,5,0,5
8520389e690383f393072e94fb82e7380d4620deec9205885bbb4bada116bc5a,600676.SH,2026-01-14,5,0,5
cacd7b2e932c5ee981855ace79bd611a1baf400475f8266f239cb3fd0c9560c6,600676.SH,2026-01-15,5,0,5
7b4a645b6e1aef388f7e87ca6a50a66e97101058c807d271c26d6c50a467cf57,600678.SH,2024-03-01,5,0,5
d117669dccea6f1f07afdf2cf6143cd467d2add5643835b7e34d01608e25e13e,600678.SH,2024-03-04,5,0,5
f35687df4252bcabe5bf1e3346ac3a81c5ddf82d2f16f106cfa6736fa5e09713,600678.SH,2024-03-05,5,0,5
a1f6aaabcae97a3ce92b46b70be96805085fdc955ac1632b6f68544ec7127b99,600678.SH,2024-10-17,5,0,5
5554a495edf212b61ab7fa9313f740599c9b951281488f5bb56649251693c92c,600678.SH,2024-10-18,5,0,5
303775189eb51549b3f6630ec68b7407af40080c8ee02c5cb173d6e4ecbbfd6f,600678.SH,2024-10-21,5,0,5
5fd7b919959651a207daf9530c216052101a7728c34d4b86f008dd460b5e7a64,600678.SH,2025-02-20,5,0,5
630c4cedcd054a7392558621825ad887ff41ab7fe3f6db5991628f5f449a62e4,600678.SH,2025-02-21,5,0,5
1a5ff7556dc0d2a6c808fd0603d1c3abd3a00083f00e69d5bf947e419fd6a0bb,600679.SH,2024-01-26,5,0,5
c65761ec519108ddd8e38fe34367cfb691b1533a18910bc3241c264b8033a708,600679.SH,2024-01-29,5,0,5
8e80056a7726e9f0663451985a4eeb93c0f0acb5c318239f6849ad47154face2,600679.SH,2024-01-30,5,0,5
51d651825c28e6f84ec1cd88d8e78368ac73563cf2b38d79370068904327c766,600679.SH,2024-12-16,5,0,5
0d2d993eca0fe1f7808477526a1a28c39b82cf8c0d719475fc9ebd96d6185cb6,600679.SH,2024-12-17,5,0,5
9bbf1298c903a5dc31078ab742285d0b97661971dbd4bf73caa0f0df5ba04875,600679.SH,2024-12-18,5,0,5
332b7af78416a30ab48436336928885dca2749472f724a9724ad14ab7687a11c,600679.SH,2024-12-19,5,0,5
38f4a1ea640dcf938d5ba4cb0f356faef81c515a67a87973e3f83ee3700dd5d7,600679.SH,2024-12-20,5,0,5
2ce7661111c1738efba5c5cc1ca0f18b76b679f2fa4219825a161bdb4efaef61,600682.SH,2024-05-13,5,0,5
6b8c853aa5154ee0f5d5b011b8686dc5f3f302f725530587b0f7856c3b65aa3b,600682.SH,2024-05-14,5,0,5
a40f8f4ccf19fe2bfeb6dfbf8761dfc60fce8fe1a478febce5a991899df8a559,600682.SH,2024-10-08,5,0,5
d8d2113a84f9b621835363eae007dd8b6e157161f0f82ab302b30b2fd82fe1a7,600683.SH,2024-03-27,5,0,5
b9c946a4f5f0b5cc5b6df5b146a869d06d5a7019c232a0242af347d267963dde,600683.SH,2024-03-28,5,0,5
43b62b24de6f1c8fcb484e486a333b64276491a3608b5f54fdac2762c00d46c4,600683.SH,2026-02-09,5,0,5
a6863701416b9878f86e27a65b4f68e1a91806f5ac978ba454af914bdc98aefe,600683.SH,2026-03-17,5,0,5
db672085d17b4f1744e093eaa1c2e01a9f1f3ee811fc59b5b5aa0386b9990f65,600683.SH,2026-03-18,5,0,5
0e147ed1f86510dca2c80550aac2eefb47ad5ab1112061c70fc8b64b028c4f69,600683.SH,2026-08-13,5,0,5
80f7e17ca26b4befb141d9dbc990c838c57ae6da7d5668d85edac89f7384b7f5,600686.SH,2024-07-25,5,0,5
57a7f44659880a4b2ce03f206465930ba668321372f57e2a1097198dd2c460ae,600686.SH,2024-07-26,5,0,5
ec01150f8c0736fc2b7c44bdd9c654ea3d9f93428c0ebf4e83a6640155765de0,600686.SH,2024-07-29,5,0,5
552b3d1a814b090a4ab38067f2bac1aac7541cbd460ecf72fbc40724cacc552f,600686.SH,2024-07-30,5,0,5
685ae52add03711abbfacefa36d2e8b48314ee54b3950d5786ce4407b177936e,600686.SH,2024-07-31,5,0,5
ed533d06a72b118d8fa8b9d7687f5b3ba5c3cb3a3d964afce7b8285c6a63d222,600686.SH,2024-08-01,5,0,5
0e5c347a39d6170aceed72725aac2d6b960b933266c5bc0abd15062bd51641b2,600686.SH,2024-08-02,5,0,5
f94e0e847bcb40f8b670f56e03839e9a0fb2e06dfe577681d852fc5c6e40ba8c,600686.SH,2024-08-15,5,0,5
2aa6a6020512624009586c8daadd71c2cf7921e2de91cf5c46b1c3bc5d7fff14,600689.SH,2024-01-29,5,0,5
d350e3828b531778a902aa9bc093dce5ba2066f8c54cc8d212a92ab8f67e4e49,600693.SH,2024-12-16,5,0,5
e4068fb3d2f353cd6a6bbc437fb69f9a587563f5a4bb8545e6fe940b82caa270,600693.SH,2024-12-30,5,0,5
1b1ee81a21bd47307cde7233b5b6599e788ab66112baf7e4cc3d4d2c6cc43dff,600693.SH,2024-12-31,5,0,5
fbe75e287a420335e8fdc2f4e7d3bbe283d40f3ff808463c461ff218fd840b9b,600693.SH,2025-01-02,5,0,5
f878af73685538a82b811a8699c4ca8f16a852dd59fbd6dbe569cfde1c855904,600693.SH,2025-01-03,5,0,5
493df3b54cbf70bf4ae3951e26a45579d376d87bd44d7c5726f39e78e9f5322d,600693.SH,2025-01-06,5,0,5
ce27d08a5334f8850f58072c1bc8616ea6413772b1f012de1fdc24e6d66cbaa1,600693.SH,2025-11-13,5,0,5
020d12f64bdc05f8e91087d27b4e266ba86663f2f2c68533f5d657e60c8c5f98,600693.SH,2025-11-14,5,0,5
27ebb923edb8a18384ef54db209111f7a82eefd4f025104a84900264702dfa84,600693.SH,2025-11-17,5,0,5
f4924edc173b4101eea96b8c80674ea4fa208c33c8df11188283222823c5c4d3,600693.SH,2025-11-18,5,0,5
118d57509fc27741a84195e9fa4edb255c31efe17131dc4ec9abdc13785856a2,600693.SH,2025-12-10,5,0,5
c8923bce2f3c58eb311a146e1f6c6c32d63a24616be492eeca13250fe71a2cdd,600693.SH,2025-12-11,5,0,5
8d28977c146b9dd16d44b7d2515b04306b82c5599c9e6345544b01b6aa33c3c3,600693.SH,2025-12-12,5,0,5
36e95e7d233839367e78f470d9047716d68349a7b18f87d58410bbc8782cad16,600693.SH,2025-12-15,5,0,5
6bb27f819592c1c7df823e1a497d8372ac7755ebe0afc82901fd4f65bc532ce5,600693.SH,2025-12-16,5,0,5
5bfa91e2667c9a46d941e0e7a216f476527675cb12e39649342baa123f7e8e43,600697.SH,2025-04-11,5,0,5
ccf88e16e8fc2c588b52da556ff407f5632b31d2df01cdb3314661269302e162,600699.SH,2025-09-18,5,0,5
c69856eba6e06f92ce5fb2c8b8b05946394b920d5c089aca22b08303cb3c5be5,600699.SH,2025-09-19,5,0,5
370fe5712aabd594db9297fcd68528c211ec465885444f54bb2f2cd3f658cfb4,600702.SH,2024-09-30,5,0,5
9d64939841997746f8fbe3a4c7b25d6ca8a6ba1fe32c0c3d73ad6fcd6235af1c,600702.SH,2024-10-08,5,0,5
44cdf44badb5b7c3bd1ec00ee98daa5eaf32d29a558eb13eff3ebea1727a58fc,600702.SH,2024-10-09,5,0,5
f2a3a6749a2f5eed79e95c361bf16fc4c9f949fe37e7e4589c960cda53590e69,600702.SH,2024-10-10,5,0,5
a02393c17a886981ab4a530e2bc61899b372aa4cd36b51bd8602a17433c15578,600708.SH,2024-01-29,5,0,5
32878e4b722ce17076f4e0b24c7330aead6562e5f05baf5d9d0eac1e2ec78c91,600708.SH,2024-01-30,5,0,5
d460344b224ec4f2efad368a7970d63eab22a5e47eff43e31fc5456e8fade332,600711.SH,2024-07-15,5,0,5
584c00ec05c851d879d7ed0512759dc0bcc321decdc3021709a6b5f54bce383a,600712.SH,2024-10-30,5,0,5
4097dd1fd132116ba0f3128b27c935af3a9f4ba9dc339f95336bb421376274b6,600714.SH,2024-05-22,5,0,5
1d26983eb4c72b40d9b36dfaa3bb478b2e472a1733944de10f9f3ae671bd9508,600714.SH,2024-05-23,5,0,5
11a4c4c7ee7371ee729e728c1331850b1c2f3a536ce520137eefa21a2faa76c4,600715.SH,2024-02-22,5,0,5
6899f515841a5f81af92c9d23ebed189e37613fa5961115eb55ad3f3ae62375d,600715.SH,2024-02-23,5,0,5
861819efddc74b47309dcb3da5fec017e3e7b4cb2bb8abe5dc1ff4305e38ede6,600715.SH,2024-02-26,5,0,5
c5178680ae438b4fdb7beccc0bf92c089677ce5ab6a36e9aa3bda6c4ca48a976,600715.SH,2024-02-27,5,0,5
f3a055c6952a898d33a2ce6a457c44a91eb62f27a58cae543473d15e140f826b,600715.SH,2024-03-06,5,0,5
620a6fb47687d19023dd6d4d38303b815b66ca431aebe901ac81524c6d6793c0,600715.SH,2024-03-07,5,0,5
fe5206a0b8be8ffaa21f5f04e32125904e85d3daa89d6499c8ef25a57ba778a1,600715.SH,2024-03-08,5,0,5
3a514ee9fe96c9429587c3984b839bb8c9aada62cadc1a3c77e3dc0f89bad806,600715.SH,2024-03-11,5,0,5
983190ad3d2fc05ddd88ae4332d8107e73c830096793c16679959741448260e4,600715.SH,2024-05-17,5,0,5
e5e4ebc376d069e18322658480c0e77f98b52d03aab94df79bf56dca15d3fb9e,600715.SH,2024-05-20,5,0,5
fc40b3f4710b1fb08c73521e58170a885a73f5b0c5a708eb40ef9154a8a1e61a,600715.SH,2024-12-18,5,0,5
5ee83dd749538a62dede897c990f8246b6c38397fad5ee77e0fd71ae6cf6e793,600719.SH,2026-05-12,5,0,5
ea3ef9828a4bf2585c2584531a895da4fe2d42aeb9ce919e6d30e35ba1fa71b4,600721.SH,2024-08-05,5,0,5
7b1e6f69f53cd874afb4b2c6084417a9a42e8e7eb6f9c6f0fc5b6b6222fdfaae,600721.SH,2026-08-07,5,0,5
c7ec586d28e1902a4293a87877d4767b48d6c0f8a9427e62f9aab4f2376cc04a,600721.SH,2026-08-10,5,0,5
846d458c678b93b22c8502e7fdc613ab5b65c524120fcf2ccb33d6837b8e420d,600721.SH,2026-08-11,5,0,5
99baf87f5154e75722969bcc21a8fd79b370922e716a7767ae11923356f9e04d,600721.SH,2026-08-12,5,0,5
1cfd8a50e333a674a594e96fe1475fdb9f5f9a6a6d0ecc3ca4c8ba74cb28c2f5,600721.SH,2026-08-13,5,0,5
9d941099310337a4b153e3826c3c448042ce6eec743b8eb9cf74cd938f939d32,600722.SH,2025-06-18,5,0,5
0476263c70bce9ad0f7914af1317496f9df7936bf720139e52d1f163ec3ddf6f,600722.SH,2025-06-19,5,0,5
e560c1a7210ed0517b4825356170cf7084fcd7f1c520aa8b0fc32ab3108a9023,600722.SH,2025-06-20,5,0,5
29e95b5f1df7ba139d96d894e3c4c2b7b2cb5890072a306d50177dc7cf7bcf56,600722.SH,2025-06-23,5,0,5
8c5779435202e038c53dcc1a57015dcf12166bf1816ca3a26c50909a3d3e6562,600722.SH,2026-03-06,5,0,5
f0e434dc4f96e88a3b4bd96859500f998210e8e0c7b4548434220cddd5d09b77,600722.SH,2026-03-16,5,0,5
89033295c16b7d25ba90fe407e40e8be90a5c046645cafae72c72515b0b76a1c,600722.SH,2026-03-17,5,0,5
c85b30349740bd581f7ff0ecb5f1c04f72757ebfaa0a4367dd5b80a23caecf23,600722.SH,2026-09-02,5,0,5
a8761fdd2cdc7e94c04c83463d24d9063f1d1e489f686facf80396ffabeb8229,600724.SH,2024-10-31,5,0,5
4f90b77100131f8ac2db2a244181344ae3ad5cfbdfb84a6e5a796481cbe5ad09,600726.SH,2026-03-13,5,0,5
2470e8f40603b9fa5aa5835b6850a1830860b18054bbb4a76d3e94e30777f8f1,600726.SH,2026-03-16,5,0,5
d1813fb4913fec8f75b74c7093f47aabde5f48ccafa083ae9b60198158b819b5,600726.SH,2026-03-24,5,0,5
505d100c95fc29744be33c03837aabfbe9580ace41c32f8001a9ee748c016f1d,600726.SH,2026-03-25,5,0,5
3e13493dd17ee9dbff4f379753a962b5e282fba2bb3e110322a1793ce5882e77,600726.SH,2026-03-26,5,0,5
e24f39e068d812cbd2d3c37bddb91c300d78c94e6c9bf9263a676945ca5aef36,600726.SH,2026-04-28,5,0,5
9f3ba6a801bb13b36050aaf61825557ebcc32331074a1d1278c4b93ec53b8dad,600726.SH,2026-04-29,5,0,5
5192467c3137af11a4afd29171d618f14736ee9a2df8a10b0103022036d6fd1c,600726.SH,2026-05-28,5,0,5
6e4fcde80c8bddec3bb2b87f1d6e8e1be4c05b730bbcb331ada9ee4981b11349,600726.SH,2026-05-29,5,0,5
16c995794baad366f1d819894b5044cb9ecbd7e9eb74fdad8a891d8b2646d60b,600727.SH,2024-05-06,5,0,5
58df2b2487fe0e21a8e85e96749765f3f76c3b92fa6efa590ad5d43358ad97db,600729.SH,2024-09-30,5,0,5
8f6c4c0e148c709645846e8d10e53a3bcdbeb9a4585d7f5d24fb2e0b2dcbbcad,600730.SH,2026-05-11,5,0,5
adeb9da204d94dd8a66e0baf3c7f7d89fd6bde248d5dcc2c721cee0270ee0357,600730.SH,2026-05-12,5,0,5
64a4d74557cf91f8c0d402c80c7b6d9e76630291343c486dde088e4466c8612b,600730.SH,2026-05-13,5,0,5
1c4e9a82b8ac13a24804727f04deba2676b8802d5c874f3cfe6f4a83166189d7,600730.SH,2026-05-14,5,0,5
e14cdf8aeb2f39ec5befe4d4551ecccb33e404aa13f290dbcc29aa1835cc550d,600732.SH,2024-09-30,5,0,5
f63863db7bbb4a507d577baa83bb75b90c4b31b662e2928b46ef48f4fbe760c3,600732.SH,2024-10-08,5,0,5
bfda14470d23c24653e86b7d7923940d2773ca80a9619e5460b871d732ade2d4,600732.SH,2024-11-12,5,0,5
774a774820badd334cd1aa51aefdc6a6b069eef7ca02527362f6d2ecd3dadf9e,600733.SH,2024-03-01,5,0,5
8c6609135c3aa5fe2b9ef13297d2ca065f66ad928ad980d6bd2c2b35d6857a4e,600734.SH,2024-02-23,5,0,5
7437e1eefdec4a7a2f842d77800d486f68279a110cc84d330b548d688d789546,600734.SH,2025-11-25,5,0,5
2b686f0045650c467075b098c88aa2133089f4f2578161d7bd851dd5642206d7,600734.SH,2025-11-26,5,0,5
2acf5127a3cde4ce4237c073e0ab751901db003257a5f28fa503b3d1adc342e2,600735.SH,2025-11-03,5,0,5
60857635ddab3dea5c0e7850389e785259b8a0e47c3b1f85d15a8ddaac0f5eb0,600735.SH,2025-11-04,5,0,5
c64b9cde674e05b611f8e81c2b85809e3b2a196b3937f66f6f42ac11a874d79d,600735.SH,2026-01-26,5,0,5
7a2904e483c6216a2132c62e75c5de7f44b5a315099dca1536b6c10cd2241289,600735.SH,2026-01-27,5,0,5
10f3667b8600d2e510b5dd501677dc06b619ec84e4fc4c11cc3828b798c57337,600737.SH,2025-08-18,5,0,5
b622bf98a01d0232be16ea5a9a7ffa0bdb70ed4a1fa118b8db3e8aa79bf79f58,600739.SH,2024-09-27,5,0,5
b67adb97ae64205cb32c86e9f9e2a7ae457a292a39c2823d4502ceac37c50ebd,600739.SH,2024-09-30,5,0,5
b866ec9082d13e34d027eca657c2358bb414fc23146d7dd78f39938101d68e89,600739.SH,2024-10-08,5,0,5
2d04cecc8c34c1dfdeb3816a9acaf3934b877d0c81fd8b84a2c3468c2ccf88d7,600739.SH,2024-10-09,5,0,5
d6c29af35e94177d201068adf651fd54aaafd42543d9da457938d9adfb21cae8,600743.SH,2024-12-11,5,0,5
d89cb70ed4a0a02d733638a0c95ff1a5d60dcb985fee93276427846e7a8d740c,600743.SH,2024-12-12,5,0,5
28e15cb24c914ad524fb1e15d3b9128176e089357fcc15eb451d7fde509ec175,600743.SH,2026-04-10,5,0,5
d8df9a56cad517ce3d005643aaedc79b4727324a187d26d4d60a713c08cff72b,600743.SH,2026-04-13,5,0,5
12637355f745a3557d92b59aa261ba5269343c84c4783cbaecb96f98916ce591,600743.SH,2026-04-14,5,0,5
3c02d9186cbd83ec3c3c2214f8d42a35da480332c047dcd58d5c6e6e0f843565,600743.SH,2026-04-15,5,0,5
ce9f9ea233f1eb8af1e7f90ea80852ae5409d57b00580fe3e83178befaa5b79f,600744.SH,2025-04-29,5,0,5
62fba0636f8f298ce01335f1f8283f2c13815121e0e207ec338286605e9da3bf,600744.SH,2025-07-07,5,0,5
3875dcca2b86f51b09c916a9fabaec816d5c0a183abb1590710be89795bdcb37,600744.SH,2025-07-08,5,0,5
395daa21c25dac3991107cc10e16a013eedffdaf13944898cac54d37d789d4f5,600744.SH,2025-07-09,5,0,5
060489128c08a1f630984be9e7c5a0f909b3bdc4972d21298d4a066056e1bee4,600744.SH,2025-07-10,5,0,5
43c85fc3c883b9a8a668e2d31e289dd2ecdc9c52458776cdf6118b9c3cdf7572,600744.SH,2025-07-11,5,0,5
70a2de1a4864f152758be348fdda5fac6ce0139fb696b598666d0e163aebaa36,600744.SH,2025-07-14,5,0,5
dbe06ea945cdfe2a9e7784a6cfc6ceafdedf7c3d6f9baeff39969ef776377e56,600748.SH,2025-10-20,5,0,5
c89d2337f1069757585fa370fc53bf850883fe17f8b9ea411142115b513ba1c6,600748.SH,2025-10-21,5,0,5
95ae3d1d26be27adcbb9bffa21a75c201282a1bb3b541ea20b7becaf9f497d98,600748.SH,2025-10-22,5,0,5
dd9613deb10216dc7eab0431eaebedd2fcca958a76771c92f239bdf807792ad5,600748.SH,2025-10-23,5,0,5
eb2ba73479d2d842a76fc151f41dafe4340fcff6b03917311fa98bd314394714,600749.SH,2025-07-24,5,0,5
7fe531b298951412e858d4761b3e415926d396fed4dc90aeae17e82c37c8c686,600749.SH,2025-07-25,5,0,5
788873dd938977c3e57f0ad15f4426a8a60086085b7dbae227c8a5ba57baa230,600749.SH,2025-07-28,5,0,5
8c2bc8b11926c69bcc44160d2b1c7b331f78a315635b18bdd70d4323826f764a,600749.SH,2025-07-29,5,0,5
8677cc6c6dad258d4b7273e145701a9a744f50c73b95b4c216bad2167857d8a5,600749.SH,2025-07-30,5,0,5
c9cf01d630d5b4b70abdcba9854c4f873df62c4101c9ad211dbfbf3ada3174b2,600749.SH,2025-07-31,5,0,5
926c734e48e06da05a5cec523c1e2ef659f80a2670dec1efb9f3c014ae3caf60,600749.SH,2025-08-01,5,0,5
60cb4970faeaba2dfb1c4bdbfbcb98e0a58769db906ea04badb56e45cff107cf,600753.SH,2024-02-22,5,0,5
8fea117da7db66aaacac456e463d75b157e5ad64e4393924500be2bab08e0271,600753.SH,2024-02-23,5,0,5
319ded3a89a6cc8be409e709cfc86652858cc9dd138d9631cd2b4dd4e092c0c6,600753.SH,2024-02-26,5,0,5
056a19f73a25fa2c6a5de6865a37b3a093e17556f341416fbd78e454ec1ef526,600753.SH,2026-02-27,5,0,5
b6f950ecde1285574b47eea70e81274a9f87e2d30006e0c2e989aff14ce0a64f,600753.SH,2026-03-02,5,0,5
b872c928c059e66ce04d0da2729e8920c1e0c2ff961b8df2dfbdd0cb65f0b420,600754.SH,2024-09-30,5,0,5
040a25218f4369f4da679bf84c2756da36f28c60bea02285db43f05d63cf96eb,600756.SH,2024-10-08,5,0,5
7a69e691fb346fb4e436e5b1528cd8c2465a302ace8389e7dbaea4eaca53ffe7,600756.SH,2024-10-09,5,0,5
0c944137c5ade437e2d2bacbf32c94a1ea7f962d50293404d9fe8fc1f57f6ecf,600756.SH,2025-11-21,5,0,5
eb0ffe4dd553e3d09a94e6c5af295b5beeb97f83aff7e72d7ef4b7fdc0957866,600758.SH,2026-03-26,5,0,5
9381fc24701e561955ae468eeafdfe99ecdfb9930dd82493abc0ce0e139303df,600759.SH,2026-03-05,5,0,5
83590344f4c17d7a01c3b1efdf6b3ba375fdddfd351b795015d1a05cf8ad9a2e,600759.SH,2026-03-06,5,0,5
c64526234846b0e96811d0da4d13fe660031d3456291337c0bc2a18a56b36c9f,600760.SH,2024-11-08,5,0,5
2a0844376240aecda143b9ecce98ecd7e3931344831241802cb86550f9cef075,600763.SH,2024-09-30,5,0,5
b0186114ffd202e672fc2f22f7e5cf0c05078ab4c822f518b0a105ef42429e6d,600763.SH,2024-10-08,5,0,5
bdbc2acf37eb71c15e6e2e3235a8aee7cb2126d0c7ffd1bac8db052c655db4ca,600769.SH,2024-10-31,5,0,5
630d5f91a114d3eba40766d440c0593c44adf47bd2f9f3cb2b0b699445f4960e,600769.SH,2026-05-14,5,0,5
0aa4ef01038aeb43aa671918114b3de9241dee44c458183b393f282dfdb0dac4,600769.SH,2026-05-15,5,0,5
66f580ad6cb2b51bb2b734c7a7b4892804af8156d6819168445c79cac0a9d0b6,600769.SH,2026-05-18,5,0,5
fb94942840b1b639f421dec14d40a18a392c224850f700d31d3aad3391fc6e35,600770.SH,2024-10-22,5,0,5
170bd95f3fe5814cafae3aaedaba730ac41d723c55b1bbbaba55eb3e7ac9f3e8,600770.SH,2024-10-23,5,0,5
cd492e0064a2464cce8dc88a20b074f152bb15c4eefedd9534278fd62532c87b,600770.SH,2024-10-30,5,0,5
69e33845371e30ca5fdcf044497f5025e5f132d050d2e0b610e233f0e73f7741,600770.SH,2024-10-31,5,0,5
7df9f9ea61e113c6daac4c0911b25baa5f6b5a1b193a1ecc3cfc9fd0780a49d9,600770.SH,2025-05-20,5,0,5
dcf80a6eff19c4402a1e4676f8e4ed6634d4bbff7b1372b7df190db9f749e7df,600770.SH,2025-05-21,5,0,5
ac688ef18c222667d1934367f7dcc7b3c12b0d2fda10428f6e07f606ece01966,600770.SH,2025-05-22,5,0,5
1f619aa3fbf1ec768dc97cdfd9e1a169240a1ab9bc3f5565f60d162c682d1b24,600770.SH,2025-05-23,5,0,5
fb11dd59e177adf4029c5c778a3587b4119206ae280037de3b573e8f293b8c1d,600775.SH,2026-01-08,5,0,5
6cd2daaf38446ab3527338ce8e64e001fd771c95e2de62c932485af9d9ce0621,600775.SH,2026-01-09,5,0,5
c36ab640603d44c3fb446a1d19b983d843b2d91c2bb82dd17a18d8ccbb2581dc,600775.SH,2026-01-12,5,0,5
4e4473eb7ce879c7512d037d4deb9e6aa80245f26ee9904bcb8ff2e1b2bfd572,600776.SH,2026-01-14,5,0,5
3c202416acc0545e20bdb8facef39140cbb02c6e4b8d20a53acbeb85f317600e,600776.SH,2026-01-15,5,0,5
c1a49bec05a2bc4f6a514ca5e9eb473fecad48d06768f61cc90dce560f542168,600777.SH,2025-01-23,5,0,5
cfb6ae0c6941b4a42bd0f8136a048e57db2f0d8110a499e3d1a28ff4ab26163d,600777.SH,2025-01-24,5,0,5
b46b810c7f3a7cf35f3d9b2db99cc9b0476aee33f52a52e34c2f7950875bc2ee,600777.SH,2025-07-11,5,0,5
5333dce6f6007c87c52891952d78a355c97c033340635bb1e43b4e8ca2395bd5,600777.SH,2025-07-14,5,0,5
1c5e99425faa250623bf81b71254c81dc396deedb5d5e75e0df2df7b6b46d390,600777.SH,2025-07-15,5,0,5
804ca9690fada6ccf409e4f8521b587889a66858412c8b283bb5a6505cd8f99a,600777.SH,2025-07-16,5,0,5
185f15ed12d5d8b36b5ecc4674fd65666c102e8c449eb772de29fbcc29281a3d,600777.SH,2025-07-17,5,0,5
78091c1e8e57032d08387d8cfe376f36aba36968cf4d69f8f313c4a6a83d5c90,600777.SH,2025-07-18,5,0,5
7342731e7b916249e70f37ac79368515bc90f0c375879fecfb4d7054bda3be36,600777.SH,2025-07-21,5,0,5
22e587488ee3e3d74bfd4147a6daf83865506e1ec070827453fea482ccdc2c90,600777.SH,2025-07-22,5,0,5
da1f0a26b051ee31a322db31a27ba9204c456dc27a9f2512b4390d5f6253ea83,600778.SH,2024-12-13,5,0,5
e3232e1d75e55086a4835d30197467fe77107633a6298840151c40f54c1e6aa5,600778.SH,2024-12-16,5,0,5
e6d058827b71c5b98d041cffcbc0a143ff68d2b3d635e6fa778028eeb271d7b0,600778.SH,2024-12-17,5,0,5
e6fc1c524d32aad3c0cc71e20f318e0ffd29ad4585b5eb669c450379dc7d6a85,600779.SH,2024-10-08,5,0,5
fa7b14f8e747a1ff3f77cdc6933db8bfbdca69333b874e7945aef36d50cf22c8,600783.SH,2025-12-26,5,0,5
2d7d2b35386dd8569a8ec0f2a93cd127c64eab7d66d7358629edf1fc73a8f8d7,600783.SH,2025-12-29,5,0,5
75cca2f9a318790a1603a78de26db6575738c029a0d1e91c393a1ba81f55888e,600783.SH,2025-12-30,5,0,5
69fb8dab7776307402eaa70dbf7e35447a44652c09cd2025d9e66a7e0cdc5761,600783.SH,2025-12-31,5,0,5
f755cea746f3b9df3f5d192617ebfdb0db2874707f70cc4892cdc3a99c967ccc,600783.SH,2026-01-08,5,0,5
9eb9210d29b9a45f805c214e2d38404b87ec61d7910caf68e9cdeae0230f5d81,600783.SH,2026-01-09,5,0,5
ca5d580e2571a763225ca92b9795638776ef3efcc7319385286214b0d2f1654a,600783.SH,2026-01-12,5,0,5
44a83d12be6fce035a75ad72125dbcabbb3768fc9ac41bb18724c88eabc07b51,600783.SH,2026-01-13,5,0,5
d20b670597bb885e12223b445d47ec0875cd2a53aa09ec74a805ffa0d24f174a,600783.SH,2026-01-14,5,0,5
04248814ee563389cf256bcce5433f701ab79ec99e7445e20f58c1d3a2727608,600785.SH,2026-01-19,5,0,5
a4d4cca58a18dca6d49340e6b6e71eead1a874555ed17b53fec2fabe4d0b6f2b,600785.SH,2026-01-20,5,0,5
36abf97d3e077be49fadafab595eb8a90623e2bde1dafc952144b3bf671520ec,600789.SH,2024-05-08,5,0,5
20f8a0238cf0a0c319f25659bf36312a9fc78e04adeb16546d8b1c9d3a4645e0,600789.SH,2024-05-09,5,0,5
6da954075eaaf1586bb30ec456822ed6f5145a1b197ea7a9812b014f315662ca,600789.SH,2024-05-10,5,0,5
f15a02f9cef6e0140bd3561dce23ec1a9af372c7d57dfb9c37d4c285b541e11d,600789.SH,2024-05-13,5,0,5
1b04e2cac4efa6136717e8b79da399404b728de7247397a34363a839d9315051,600789.SH,2024-05-14,5,0,5
e4887e7b6698f07002d3f3583aed70cba0663810c87d40b1c7f175f147860697,600791.SH,2026-04-09,5,0,5
f120838e9fc9742367ced3c2b6821a993785f2da88a9f12d880a1244e5fe5bc5,600793.SH,2024-12-11,5,0,5
f123091c66f2266819d9a0913ab03abb3301673382878ff48d822651a9a9ae8d,600793.SH,2024-12-12,5,0,5
19d710eec0b10eef7a0a87a0cbd2f031f1d7fd8cab34ebf8321756dad5c1457d,600793.SH,2024-12-13,5,0,5
f3351c4e99e2478d7a92490aed6653b7ce712093e66b74eeb56159bef0ce0f24,600793.SH,2024-12-16,5,0,5
d204f57564504299b1a6cd0a7f7f1dcefb11ca06febdd65405db2e124a242ad6,600793.SH,2024-12-17,5,0,5
865790bca7f9110115c2e2773b6b35feadb0b5e0c1b9ce6efa1efd923006aa62,600793.SH,2025-04-24,5,0,5
683a75e4ac4aef31d75ae18b7d9bb7069deaeaca7490e600dde8b9664658a3f3,600793.SH,2025-05-21,5,0,5
4a884b7ac982346844e0c6249381ec767ddca6a7e1ac12b6b66bba39d59c9cec,600793.SH,2025-05-22,5,0,5
361bd0a63cc7e1cac33aefb94afa068ee011278c5cf14dbe122bfecaa8bf1134,600793.SH,2025-05-23,5,0,5
80807798b26dd2c34817edc94bcb37d3f29dbe03a99c04b5c4b2201653ef1e83,600793.SH,2025-05-26,5,0,5
0e40268bebdbe10134628fbbf070aa1fd16643694a8d7a3c3ec95cf90f322ed9,600793.SH,2026-07-06,5,0,5
39394f93bf62acf28d0901aa62cd295be615df40efbf0abf944b50c9401bf14d,600793.SH,2026-07-07,5,0,5
ea66c7704d93a0f77f7e30639340adf1a510bffbdac487260055637983d4655d,600794.SH,2025-04-22,5,0,5
9a0fdc767e91b4f03935bf590734e1e07a0348e0379cb9d6b81e8479bd0a7fa5,600794.SH,2025-04-23,5,0,5
5f544d89dd27cebc2dce867d4ae77bfd3bd9923fff06c4e5f39ce679d8eedd57,600796.SH,2024-12-06,5,0,5
180a502d3a6e10b899595a40e81f601c4376038d9b6948c550ef8b8ed2476243,600796.SH,2024-12-09,5,0,5
ed5481be87f2994c450c5214a67e4f1376817ef8762b05a86464e0a341d52c4b,600796.SH,2024-12-10,5,0,5
48f6819237616fc94b38f9d510ac3978c9f2075f109043d92a64470f7541df34,600798.SH,2025-05-16,5,0,5
a7a5fdc48902df20b1184ee59d2e814ad7c93ccfd10f73294a6111ac8b20b043,600798.SH,2025-05-19,5,0,5
2f0cd250ad0015ee4b55ba4bab9b27a5d3d0d35b64a90fbc1c1be94a2595d889,600798.SH,2025-05-20,5,0,5
d0ca867d909de23f890dfbc3664f41404633f2bd652c8408599194832e742153,600800.SH,2024-11-20,5,0,5
2ec79aa3f0ae3648f3353e726d1db73ab6b45c4be7d669640475ae77260464e5,600800.SH,2024-11-21,5,0,5
bbab0f8e29fb0ce0e4e3c616b3d6bed569088dbdbc3ade1ce034af5a26a69110,600800.SH,2024-11-22,5,0,5
5bebd8db66fea53bd201b58ff52ca15a83eba83d15a5e62d764f88fee67545f2,600800.SH,2024-11-25,5,0,5
1af49582d8961ac9f0cc441d259c358ec19e2c4dc4504939c89b7de8c1d6ba2c,600800.SH,2024-11-26,5,0,5
b0dc2126915377869640173b1da58ce78bd79aa0d95bcdd4e0fe306796f84916,600801.SH,2024-09-30,5,0,5
5d2335a02444cddeb2ec5d7b9cb9e7c55f59cf986cbc4b56dfd16124b2677d1f,600807.SH,2024-10-29,5,0,5
f43f90ba3e0d14882349e5e3807e8b279d185bb78f13ed277065b0f7fc9fb50e,600809.SH,2024-09-30,5,0,5
3bf9e1dd298e549d759aaca3bcbe3c8e34b5c226b587873e53eb8b52cca19d96,600809.SH,2024-10-08,5,0,5
355af01e9c568dcb41201de292a51d19477a81f46d2c09c91811331e11728c4d,600816.SH,2024-09-30,5,0,5
cb56b764354bbcbdd3ac82e2694b8b1fe93e131ace08403e644f8015825694fc,600816.SH,2024-10-08,5,0,5
24fd2f24141877251a031059e5bad5bc3d4b64ea0b0783710ca12c31823082b5,600818.SH,2024-03-08,5,0,5
da192ee7044be16fd63359a245104cb1046615c7f176a09a0d7ee6e39c044f22,600818.SH,2024-03-11,5,0,5
b31e8f52d9c4f42333841a2d8267ee9973028abdcbf4b35c889c961fe632d9d9,600822.SH,2024-01-26,5,0,5
e8b8f315bd4aa8fe82d21507b2ee2f65e601220489625b65b44f3231ec695be4,600822.SH,2024-01-29,5,0,5
ad3cbd3ac463501ac544439d17c380213960c54c32143b094c6bc4d886618030,600822.SH,2025-07-16,5,0,5
a0ef71a66bab011adfcabb8b00e6f72396dedf048ff3f879f6df4292ed922c15,600822.SH,2025-07-17,5,0,5
4cc081b255ec3c6a9a2c4cb0c147124c463912d98c7015797ebd91c4db08d970,600822.SH,2025-07-18,5,0,5
453a0eaeb99d31f07db35e205aef2ef17af6082561314958a9d5d54f5fd0cb7e,600824.SH,2024-12-16,5,0,5
f35531327522b229df19950817081fdaaa47208308d96197826a3e0a53f871ff,600824.SH,2024-12-17,5,0,5
d0abfe3a2067bb2709f43d87d0077bf47054882adec600fa76cc0e5faf22e3e2,600824.SH,2024-12-18,5,0,5
f4c772352d7614916e954197e4a145359a8e0e8e96a59649e3f1c504ae2c1eb9,600824.SH,2024-12-19,5,0,5
3f3d4dbe34887f0bc1b77dc294a496c3c47d8e5ef76422ed6a1cca7385cf4e03,600826.SH,2024-11-18,5,0,5
0b45d571284ecd042cbe3c668915f446bab0757b2cfff105ae9858d647f0d435,600826.SH,2024-11-19,5,0,5
df7e8da4f74a4dde225fc3bae7276979ffaf127d677ab09f75eade9248e3f605,600826.SH,2025-07-16,5,0,5
0d94626c040d57f9e7ad3f83fbdf8720647e8c00ed1d1e49132405e69da3e5fd,600826.SH,2025-07-17,5,0,5
df0ad4f0334eabe935ca37ee8ca0b1792dac18f45d78b98820694826a662ffab,600826.SH,2025-07-18,5,0,5
606c3fb3b6917f75c139a6cd6ad6e0b9fb015d07cb05fcfc61324c72c3749e84,600826.SH,2025-07-21,5,0,5
e6db85c6fc9ffebc637bb60b890fec794bf8c509316f36ead58b3137a7256442,600826.SH,2025-07-22,5,0,5
0e544f37eae3e32548ccfac4850a19645f5716b60090f65927588aeb4b13f44c,600828.SH,2025-04-29,5,0,5
f265133cc860ee2e193d8aab98722feedbb56b742558a9ae9d273c52a5f2666b,600828.SH,2025-04-30,5,0,5
bc3b0d1a64e306638afde4f11dc61c921b9f84a605c74a111963db3d1fdffe0f,600828.SH,2025-11-28,5,0,5
31020b68516b4e26d61e6f755a26a213f341a88f06448a370645fd12d19094c9,600828.SH,2025-12-01,5,0,5
a8e1dca31bcef3818ce4253079c2d6051b385a890cc4efd8633eaffc9263298f,600828.SH,2025-12-02,5,0,5
26be339528a4cb4877eb398ec090901d0edd3da9477406c1581f44ff5ced698d,600829.SH,2025-11-13,5,0,5
c76c3ee218b8bb1155bb564d0bf9a0084e8be573c487243ae52421243d8552ec,600829.SH,2025-11-14,5,0,5
2d1004f3ab055e2ecc0f923893918156b66073e036d4b2a6a04a1dfc85339582,600829.SH,2025-11-17,5,0,5
28e8dae70f8e1acca261153f1b7ac6151e996a0df41ddd84da5fff539567c05a,600829.SH,2025-11-18,5,0,5
02321b6481f9df17b88a2eb32a2e1018135356de9035cde0744aaac6cbe97a91,600829.SH,2025-11-19,5,0,5
b56f2e535eb94a21cae845468e7643bd11f6455d0e27e0df733a30072dbfc8a2,600834.SH,2024-07-29,5,0,5
1a7937efe2447225b018858510df5b5247c284e4cfa9233bd73d79128e69da9f,600838.SH,2026-01-12,5,0,5
51bedc3fd3943f044354e58a4d95e8c0515693b0bbb9db02ba0f431eefd6d8b8,600839.SH,2024-10-18,5,0,5
ee6739909c5d0f748b00be4cbf87f6368b73736fc4360b4684f7f8597bacef65,600839.SH,2024-10-21,5,0,5
216654e61348f027c0d7d14a2c0f3ed1824fdf2ab87b55eda521f7236cfc3180,600839.SH,2024-10-22,5,0,5
172076d31a7ab0e17dc31d4720607ed0d127cbbd2fab701cc8c811dd8bc0ce70,600839.SH,2024-10-23,5,0,5
1a81e7695719303c558270a74f2ec5144fb0611e03b1e1d7e91cb17a706d8948,600839.SH,2024-10-24,5,0,5
3c9efe5e20d9790a38a454b5b79c0af86babe258bca2baff5956b6c9fc93ecc8,600839.SH,2024-10-31,5,0,5
5f4ee221c0324410dc8d8f546379587c2587dacc39ca3721440f452964506be8,600839.SH,2024-11-01,5,0,5
116fcdbf8bf183c36d9bc14bcb7d0f2976f09fd545d75126b17bde79fd23cc76,600839.SH,2025-02-10,5,0,5
9cc9500ad0dd532a415a0a3c6c9d43e2adc50c7a05d59f8c2c7d83e4892af5ef,600839.SH,2025-02-13,5,0,5
5d50cbb8272cdd192d06a33581914a8f3eb92632ccf65b915494264c7b773fe5,600841.SH,2024-03-21,5,0,5
b8b07d72c4a6660ee6c6df7e7f9cc4bf12a4d9c10048879443d239c681659aa1,600841.SH,2024-03-22,5,0,5
c4bd654808277adcdb3c9ae15491e300f7e84595d88548a8198c7dcad0ad1b3c,600841.SH,2024-03-25,5,0,5
f57c210e12a4b1f16b54950667ee28cb5789d12e8ab3cf5d4469ad1f09dcba43,600843.SH,2024-10-25,5,0,5
b7ce304fe00761bf5c70598580335745478436c316cb97e8b696d83b6d897617,600843.SH,2024-10-28,5,0,5
0f33e419521cc7c13348212ddb22d477c41c6eb430b1d7d676a34cfb76d3c452,600843.SH,2024-10-29,5,0,5
2330a388343a4af8dac87e059b4176ef440c53d810568ff40c0c4b47fc3ab51e,600843.SH,2024-10-30,5,0,5
9ae471b7b8cae831d84a042b46ae25ff564322ee19932437bcea4a592ab63306,600843.SH,2024-10-31,5,0,5
a5586c7f58cb36dc895d12ee4bc3c037e17c378c7bf64b7db86fdd46dffe1466,600843.SH,2024-11-01,5,0,5
2dc04f0f051e27133d6bc102cf6d8e6a347a152667354c86cfee866307458190,600844.SH,2024-01-15,5,0,5
bc5887db4a474a5fb6fc0602d50c5b65d23f09b51ffbf604df956815376ef5fc,600861.SH,2024-09-30,5,0,5
03990fd8af0ff58e49bbcb55a4b1addd1459392e8a54298f2983af9cb1f52f8c,600864.SH,2024-09-30,5,0,5
21dda86f8d643168aa421b3707303f3473a57e7a25a25d11590360dc11805cae,600864.SH,2024-10-08,5,0,5
4a74fe594aaad1536784835ad579c92f7588bbcea232c35f089b3aef184e44ec,600864.SH,2024-10-09,5,0,5
b16fedf32902fa48b64864e583792452596530564e4db14827f62482a669854f,600865.SH,2024-10-30,5,0,5
7fcd1dc63d9a95d4e70d5d217100e7bfa374b07d888e17c1ac3e6e656f47cbbd,600865.SH,2024-10-31,5,0,5
3f12d8d64c56bee9711e05cee74c02ede8471b486e0fd196f8b706fd9eb3bfe1,600865.SH,2024-11-01,5,0,5
530778996d47e143b06e6f299ea294a88177687490b2606ac0cd44341b6935d4,600865.SH,2025-12-16,5,0,5
a486dd106595869392e4e97d5a880b4d9f1e2779cc771331ef7a6818b0416636,600865.SH,2025-12-17,5,0,5
f874f2683684c9578f0d8e1d731d6cb96fa480087c0c71fae3646e6ee0d697c8,600865.SH,2025-12-18,5,0,5
7b02045fbe948655782e6e7113dd1de1d2faafb734272d72afedbd9d2fb5998a,600865.SH,2025-12-19,5,0,5
c285436659bc9bbab2b1478b40f89aaa39e394c625a4254de53752f8508a687f,600865.SH,2025-12-22,5,0,5
ebad667903e043b175ca3bbb906a0f2d852223b9ef65a1d23cf38dc03380d7a3,600865.SH,2026-09-07,5,0,5
206e4a896b50c9c6de634e2283e5732ca14845450cf42a7701f54164598e0eb7,600865.SH,2026-09-08,5,0,5
ace7d028d3279dd14a355a98bd7c5dad2a111e7ca0694a01dc95a6acf333a5ef,600865.SH,2026-09-09,5,0,5
99e9c01fcbcffc2cca068a5e94e3673f664503c4818549fc6e254012276f2aa4,600865.SH,2026-09-10,5,0,5
5d8e1920ee3c4d5e52d8d301488825c8d2c980948b33e7e16b41c2c0bcbb671d,600866.SH,2024-05-08,5,0,5
274a4db19127c5f6c114a780dd8e0afbc11dfc0e2c9a9bec9adadc001f49bb95,600866.SH,2024-05-09,5,0,5
7263fa8aa200d0e79d55481cb87dad16c606180f39c523b5526038717b1d1fab,600866.SH,2024-05-10,5,0,5
54afe6a5dbc12a3fada73b4ec802cabd13df8df91d7d8835b00fce03891f300a,600868.SH,2024-12-11,5,0,5
1244a24a5c5fd7ea682db7b6687e03eb881c9dd25ef8d66988f5e7395c1523b5,600869.SH,2026-05-12,5,0,5
233f01095f99df4940d90972796afee870a4404265a7655668b41d1a6a47d798,600879.SH,2026-01-12,5,0,5
6a114d9eeb61d21d81e01b56587c95735978eb9ff8f924edce1cf895c29600ea,600881.SH,2024-09-26,5,0,5
5c57914f9b7aa7be71449af5b1ffb925958684ea1c548a11ac50beaae7392c81,600881.SH,2024-09-27,5,0,5
513a3f92e8967c2590dc821d549afeae493692b3acc144e7ca2eefd9ebbaa931,600881.SH,2024-09-30,5,0,5
eddf0b19db03f7e1c41474015f860902525cdeb382b851f5df32b2e07c0d2704,600881.SH,2024-10-08,5,0,5
6cff832cd5a2e775b3ac638bae1f299ef315d688be20df25b9aa744f9aa00991,600881.SH,2024-10-09,5,0,5
eae294f576eb0ce408d379dc57efba6657fc92d0ce33243205f5ee9930a8028e,600882.SH,2024-10-08,5,0,5
fdc078efc95d50c14f50a818a75133e4075df35fbd9f60f54b40bf1c27e77454,600887.SH,2024-09-30,5,0,5
35df83890fb954f73b1f87f2dafb0457ad489703763d309f9382167344b54a04,600888.SH,2026-06-25,5,0,5
10024a4162e66062b412193fc1425438696cbb65512e9ce0b951178b68b144d4,600889.SH,2024-05-15,5,0,5
afd0bc87a2787eb799b8eee891e399b46ee4d7cbbe24e0e5f041eb3f5872bd09,600889.SH,2024-05-16,5,0,5
dab8cc7ed220f3902b7a29eb72fe79336c8db4e46565ca0007d9347a91466c18,600889.SH,2024-05-17,5,0,5
f4e88b5d6349a36bd1e821fc5e723d506684f7d99b45eac7a187da53b86bdafc,600889.SH,2024-05-20,5,0,5
8e56d4ea41da3d39838af7521c19c35babd76a80f108c864d73d6098388d8712,600889.SH,2024-05-21,5,0,5
10908274eeeb379591ef9c498e75621cac3d58e12035a4cd87066aa1be109c88,600889.SH,2024-06-25,5,0,5
99908842975893b4d7d8879d0b7395d842f591735e440f78e731b695f518a492,600889.SH,2024-11-20,5,0,5
b1cde0b0dff07a1258ab0d7ebe9b9fdc4491768ef8d97fb26a0e4bd9a2e8ed89,600889.SH,2024-11-21,5,0,5
8db162c0a973a30f61d8ab5a9f0e082f11a82fb009bddd13f4fde90ff60a3f57,600889.SH,2024-11-22,5,0,5
51e70a36c50def27c88c75b61588f6c90e99b12feec2ed5c118142ea19cefd97,600889.SH,2024-11-25,5,0,5
952eb4ff283a84559328729473344ffd9bb779bc78df5cb7193bad4c7d9e2fd3,600889.SH,2024-11-26,5,0,5
bbd7078fe50237445bef546dde23d8db2fde293c8f9037c62536733a7a64f946,600889.SH,2024-11-27,5,0,5
8b05ab4bee949af5278ee003036f793f56ac98d05fcd769c42429a2328c08f10,600889.SH,2024-11-28,5,0,5
3b721ac75c52a8a8487e76bebe2990cd815ca4da9101ba89e2be31fd9c98b168,600889.SH,2024-11-29,5,0,5
a6486b60e1987ca568865c5cf4260b19ecfb7807e3e68be8095666f50717a546,600889.SH,2024-12-02,5,0,5
a729a04277590dd3b2b9cd25ff02a2d9e3c597ad01a0274d6f2ea13b632aa5ce,600889.SH,2024-12-03,5,0,5
45c7fd8fdb11a1a1e2f1bb7b9d77ca9b8b9cfcff3035aea61bf7e4253f4fc0ff,600889.SH,2024-12-04,5,0,5
48e77e2a2e21529c781912a70b3a6189fc2395cef57a52434056e48c036b8c86,600889.SH,2024-12-05,5,0,5
5df589ad3e439749935660ebbdf98928ee45afd12ac057e1974dfa496a780c84,600892.SH,2026-08-06,5,0,5
583a81b81e0a18478b00eb62d09f2461116ae2f018f8d9eb7e89baad3b31e54e,600903.SH,2026-05-19,5,0,5
66b81da6c50aa19378e21a10917ea9e816d8b026810de1e5b7399ca5e96416ef,600906.SH,2024-10-08,5,0,5
6d1135f5dc25a5044bb5a64dc8148d6d9251e27437245ea8fdcb993d7ffa449c,600906.SH,2024-10-09,5,0,5
46264197b0d25f6d6679acd686ce5e79b33c5bbecacccc0e7350b150aedf75ae,600909.SH,2024-09-30,5,0,5
b7206682ce255554a50a5e3ef1b077d64d13d6800f2d29734747f4dca161ec63,600909.SH,2024-10-08,5,0,5
884372f291ec5c5f7fc0d062d5a0e9a99a93e331f13fb13dd1d977e4427b89dc,600909.SH,2024-10-09,5,0,5
b420606b908b6acfc3c1c9c7d14327cd4df2184f7f8a9f1c7fac8d251319882e,600916.SH,2026-01-28,5,0,5
ecfb795eb7b8508d42cd4ffb9b31dfff7b518337d49575a5e76705dd7392ef9d,600916.SH,2026-01-29,5,0,5
1ff65483b7a10ea684f3b8c2d6fd89ad444b706170bf54d7a35d569e48c59849,600916.SH,2026-01-30,5,0,5
2c9368eb7a7e9bd8132737960b3b2febbadfa697e1ea082c6dd8130c27ef6efa,600916.SH,2026-02-02,5,0,5
1da628a63e69ecf26f289eee7650a8f583444505f4528d166a245581d33200a9,600939.SH,2024-10-17,5,0,5
7a9a402dd984ad8f167693d80b68bed5f34ac68775b73165083aef12afc317aa,600939.SH,2024-10-18,5,0,5
5a1012dd2b45f37d31d35638e2e218ae9fec81cdc03eb86523c2c003a20b596a,600939.SH,2024-10-21,5,0,5
361c6dccb66894324bc8bacc5762fba5d52079fbd5ae6d382787a497011b65ac,600956.SH,2026-03-17,5,0,5
44a3cef2fac7dd1581f4f8062f9a3cd8d5dc92c5ee38352da4cc7c0eca58a437,600960.SH,2025-06-30,5,0,5
7d51c23ecf6846eb8c7bf71a8bb8fa378c192f7dba5fa1b19cad25f542ba5bec,600961.SH,2026-04-21,5,0,5
fc2e59511d3f20d9799bb04a49e4ee04c000f763f67c6d009779041272ba75f6,600961.SH,2026-04-22,5,0,5
731fc24be7ba40eabd07643f93ebcc98149f3946d22b231b59102a3678c40d02,600961.SH,2026-04-23,5,0,5
3f5358a265a759a172bc4f30f9a0d9a3b58e900a5a0d50967f2d4b60e506237f,600962.SH,2025-07-10,5,0,5
26bba35f81abd0e260cab3e3bd600f7f59d113117012a0b276550705c75758b4,600962.SH,2025-07-11,5,0,5
92bc178fa80e3aa637b2ec391caca1a3b93162c95a5c1985f43cd4426d010298,600962.SH,2025-07-14,5,0,5
b29ac78a40d86cd6b3781fe80e2a30613b6dc5690a90ed6763be6c54788834ab,600967.SH,2025-06-30,5,0,5
11f453c695a0dde94d420a44629cb6f6aceb4a1f649b01fdf41aee5a1740eee5,600969.SH,2024-05-29,5,0,5
65da9d3cbc46e13a569f83737a1a73f379d1d6a501ce433543562989243fd82a,600969.SH,2024-05-30,5,0,5
930d84b88a76ea8678061f0ead6cd3ce3ca455aae1e85aa8aa0a2150780eb030,600979.SH,2024-12-13,5,0,5
0d7c85af9226e42aca61fdd9bf48da9f6c11705f0759285f2d692d1ec61fc82b,600980.SH,2025-06-12,5,0,5
332c6c212542bcb4e923edbda9883e38eac75135f4ccfc412e69e32c0132f511,600980.SH,2025-06-13,5,0,5
d47a98e8171aaf213c5093fa54bdad8562c076cda9658ce809fc871d7d93230c,600980.SH,2025-06-16,5,0,5
11b68c276ce8a6a0d37a432eb54881503596ca1e9305f79e6a073d3e59002ddf,600980.SH,2025-06-17,5,0,5
e8c3b2b440a6ff38942cbe3b17cf99195999761d74669b9013a812b7b0dd8bbd,600981.SH,2024-10-28,5,0,5
9a6446f6720f8842b3b33b3e8c3a1883e461d62c354bd8ad12921beb673cd26d,600982.SH,2026-03-27,5,0,5
4e74c62d66fa2ccc765d76c83ead9bf12059a27e01518611eb24e38fe633082d,600983.SH,2024-12-10,5,0,5
54014d4e8da223c185479dcafd7580d792e01b02583b65d89026b511bd76929a,600983.SH,2024-12-11,5,0,5
4dc804a3272bb070d0f1ccf13c9493a1562301bc19a1f1255f809b0a4783fbc5,600984.SH,2024-04-15,5,0,5
06246e024ba1fe26e0171a2f4736f9b6d16ded9d601a31205979100c29c894fc,600984.SH,2024-04-16,5,0,5
cb6d34c1e628b8f0c62c999528efaa229990207d69bdf792ff2400a1ebbea1e0,600986.SH,2025-02-13,5,0,5
d94d22419c3b0f3f6e1eab0e66bb9a900775fc93ef635e6e17df9d2bc10bb565,600986.SH,2025-02-18,5,0,5
d8ffd90dd70e2bff278881c50238131aa694df259cab40d1627a54e766a6452b,600986.SH,2026-01-14,5,0,5
ef037a203cfde2ed5d075423f3be085823d1bb006fc2420b76ca5aad353a5710,600986.SH,2026-01-26,5,0,5
395de5582a2dea7a65b442378584cd7c09a97ed3c8016bbeaae30b2eaec50bea,600988.SH,2025-04-16,5,0,5
01a8dc73fe9acf2ac46aa4586e57196fbfa507575128c2850fffe091ed9aecf7,600989.SH,2026-03-12,5,0,5
ccfc2c6dbe5a98b5987d011c902f9712f53edfb421973eb2c31ba1cf42e7ebd8,600990.SH,2024-10-10,5,0,5
1263c5797fb184312f7ac41d8739393613e15760e4360b1d071439669e120105,600999.SH,2024-10-09,5,0,5
573605722d41ea1320e720b9fb6e02394bb6c67dae18f61e14078b2c9936151f,600999.SH,2024-10-10,5,0,5
00fdea778fa4ef1742c965a5e640994f223efc6ed936b2c0c6ed4b145185b6e3,601003.SH,2025-07-04,5,0,5
1f8c0779e408cd5fd7feace1c20ff59701aa8ac1d3f0078442f8097896abd025,601003.SH,2025-07-07,5,0,5
6cd63732aa6517376bba75e3d0233ce0f9c065364fde6c1dde06ecca06da2dbd,601003.SH,2025-07-08,5,0,5
c7fb434212f45d6d3c63f6ec52810b0a1d09fa53d32dbdfe4f13d92daa835dd7,601003.SH,2025-07-21,5,0,5
75e6269f5cc4d3b9d16903d08a49c8f800c43bda48c73775e9c2f51c211c1637,601003.SH,2025-07-22,5,0,5
00496e379845c6cffd5000519c3cf4094f518646c52821f3d7e8005c53616c0f,601003.SH,2025-07-23,5,0,5
cf3d22026ff6a09d7cf806a0b08f240da0235646a5339a94a2f2ead2e5486c95,601003.SH,2025-07-24,5,0,5
e000fad31efaf55c5b2174cd314e0c54cee461498dceca6899d323ecc7c3f849,601008.SH,2025-04-09,5,0,5
f4967f77dc603415df8c3d2129f6b6b7c5a821fb48b5be12810bcc28b620e656,601008.SH,2025-04-10,5,0,5
42a5bdc91232d65b8a87e4a83be37f5c489c448b9b2ddbd46e39f0d133b34559,601008.SH,2025-04-11,5,0,5
ceb06f03b6a383fd1900254409c6820b29789e24b36975a1c435ee3682cc2691,601008.SH,2025-04-14,5,0,5
680615a4b29b8a781e67eb8b8a4b07dece378b058406337d9c67252c734e0d71,601008.SH,2025-05-16,5,0,5
de97c485ba5b46fe7875a7cb51cb16d6f1fb299a3d9adc9af4285ac38a2f4747,601008.SH,2025-05-19,5,0,5
3d5b2ec727879bf8c0d3d3b350f33b4e9eb1b8765fd60787aeb3f68e9e9de72a,601010.SH,2024-12-11,5,0,5
f4018d65a78f888a9df7b8608fc7c0c244c08308b944da539f08692def75734f,601010.SH,2024-12-12,5,0,5
4830bdf17239787446ba0b4aed14d8ae4fe07ad8369a44000add671bed89bed6,601010.SH,2024-12-16,5,0,5
2b08ce73da85e49fc9631865e66d487fdadf1deaf23f3e011f848a3e6008ecc3,601011.SH,2025-10-16,5,0,5
585be8b667a4e9b8bdbe4ba09808d8b84844acf3b4fc9ccac048762047ac21fc,601012.SH,2024-09-30,5,0,5
368710c3b5b9fe6512c4ff04e39f306c08c3ce7351a4d694ac65973e68e48cc4,601012.SH,2024-10-08,5,0,5
80b9e9d4513a90b81418420ae5f05d984660d8a935cd9340c1e36b5be04eef65,601020.SH,2024-05-28,5,0,5
65c43a5d06fd5d1a9f69ede1e8d8e8c1bbc9db03e61c141c6aad0fe20785e248,601020.SH,2024-05-29,5,0,5
2ab400165ffa1c6026c8ef8ce236f77cbeb37c8b1b0eb6dfab455b8550ae7489,601020.SH,2024-05-30,5,0,5
55f5b7f5458863b72bfd9d45f5fa6d643698724183b20fcda42a20118fa7aa34,601020.SH,2024-05-31,5,0,5
3ea248132b543efa9c6757fe5149b1f28d6bbefd17c91586c069b2cde6f34602,601020.SH,2025-03-07,5,0,5
4e71036e5262a9b02de419b45ff0f4c86f0b215718a1a8f5520b90bdd2728738,601020.SH,2025-03-10,5,0,5
5bc442e2561eb0b40b1d61bb10416e1254162fe2cc96b3d4e0cb85d1e0ec5ac5,601020.SH,2025-03-11,5,0,5
221b7beb65c7a1d1c8ec8828a19e41a6745819bf845cfcfff79b29f06c8c6faf,601022.SH,2025-05-16,5,0,5
b507633958de252d709e27b1d855152a4572599d1206992f25acf85f9cb129fd,601022.SH,2025-05-19,5,0,5
f8c217b34c52d2b98a54a28d891fb816835187023e8d43be9659432938d3b478,601059.SH,2024-09-30,5,0,5
a600663bdc45509a9a8a11cbd5f30fa9e0580450e7622dbb0255a513dd99b4af,601059.SH,2024-10-08,5,0,5
b81517394827b7ffa6716f647454d58c0b49605b92e52ac5244238ef19d82001,601066.SH,2024-09-30,5,0,5
f96e01c1f2ad355ba212b0c98cec92063f1a0f77dab3a9b0773dce15cefe7859,601066.SH,2024-10-08,5,0,5
5c6c509b7c23265138e6864ebf534dd945be31a3088d8c0a399918c4aa534ba2,601066.SH,2024-10-09,5,0,5
e5ed8fd66d07c97d5e4684287a5d74839869ddd2fbdb328d727138c9e9874492,601069.SH,2025-09-05,5,0,5
f2474c3aaaae83edebcf5ebf60795aca1d9a92230cc3307c01e622d61a9e6519,601069.SH,2026-01-29,5,0,5
19a33d088de8543dade77b5bc1e3c5116fa06e718227c6de61ab7233a8c522d5,601069.SH,2026-01-30,5,0,5
4395a0b1c260676649f54aed4523df342b71aff7708654e8e32969aaaccdef99,601086.SH,2024-10-11,5,0,5
52bb74ec9430fbe8a9712e276489eedcb50028522841292629066f255cc8c7e8,601086.SH,2025-04-09,5,0,5
1627f29766d09b815195ea7ea5d83a735cc9812fb2de79c3a250a045d90657df,601086.SH,2025-04-10,5,0,5
5fa5fad78d5d4e51786b659dc82e0aef89f8e7b901a58d30b8543f89b956a925,601086.SH,2025-04-11,5,0,5
990b146679194b08c12112f7aa720da1aa6b5c1a290a86e3141ea098beeb7aae,601086.SH,2025-04-14,5,0,5
4a4a5e119f9806f85e23b714027fcfdb29a0a91001fada82215e513bd411b38e,601086.SH,2025-04-15,5,0,5
c0dc95c63366302f43f0de7c5b84f6f7675f852756d38983550007968b72f217,601086.SH,2025-04-16,5,0,5
895946ad49ad8f8718e95486bacd0c535585c50868ebcdbc5228732843ccd3ef,601086.SH,2025-04-17,5,0,5
f066ff2c08b48b05997425d2d925ed11bdde24adc6d1b55407a9c19273e913b8,601086.SH,2025-04-18,5,0,5
ec629ccbdf235f7a31eaa966d5c598c754de83d078751b26ee89fdc79f836b6a,601086.SH,2025-04-21,5,0,5
2f162d5fd82f0d929aba66257d4b67ca554110c8d2eece3de0624168e1b92cf5,601086.SH,2025-04-22,5,0,5
c33d3e337066ac031f14fcf3d2da6934594425987f310d49f348932148955f9f,601086.SH,2025-04-23,5,0,5
3cbc4394ab2666cdb6a2d6c23cf346ce4c911d324b266e583d850559bf263a60,601086.SH,2025-04-24,5,0,5
831f584d5b092f0a4fd092fb917839a107aded456a9d71ac043f90282c11a4f2,601086.SH,2026-09-02,5,0,5
683a6b8de42f8d14cb3e3581d4e809972fe854af68b00a2e0b932feb808bf8fe,601086.SH,2026-09-03,5,0,5
810ff89e191858ff7b7f5887d1d67bcfcc42ee06436cf727268e2bef0dfb33b0,601086.SH,2026-09-04,5,0,5
321f2bf3b6b253608918e7ba7c301fc3024b5148b20f98b2f23ef04746f97eed,601086.SH,2026-09-07,5,0,5
27bc83340ee282b336fa736909f8acfaf8916ddb3aec77fb105e0a5b22256d6b,601086.SH,2026-09-08,5,0,5
7900d9a48f96d58f519b1611e76c42d14ae27579c32a34aa7e0240bb39bcca22,601099.SH,2024-09-30,5,0,5
6ffe0895f483e71263217bb071125eeb6bcb9d353280d8d4f56f597879e4ed7e,601099.SH,2024-10-08,5,0,5
d739928b932a0455feba106eba94e09ccff4661589bf6099d290eaa949ef8966,601099.SH,2024-10-09,5,0,5
de3bee9fb6b1cb5dc55ea9ea56986cde4e993c6e5126ad2ca509c1b5153baa26,601106.SH,2026-01-12,5,0,5
69b035a63ef567b6e0eab685e697c00ef273731a592d4069aa90d9cd238d9542,601106.SH,2026-01-13,5,0,5
1af75ca10a9f078e4222d65638f2c9783c5fe910e666be55b5ce0778f19837b9,601106.SH,2026-01-14,5,0,5
3914f62b5c70db09fd4a74016946c8706188ac9f134d9469d2a2bb83e2c027ab,601108.SH,2024-10-08,5,0,5
03d355ffbf35dd0cda1b9dc7c9f8c54c926227debdc179fc171fcd16bd6aba0a,601108.SH,2024-10-09,5,0,5
2104ffedd981d2b8888a90fb81ee72f78ae2a3c073d8dc7a59690d5891dca475,601116.SH,2025-02-17,5,0,5
0e63380483775243715affbb71551e38d8772ca9425b4becd542d5365d17b175,601116.SH,2025-09-15,5,0,5
b6a65944d0116c07370308fb47a035571f7034049c8ad89dad3b84509d3c2c9a,601126.SH,2026-05-12,5,0,5
0bce8c2543cdb7462132b55c934cbe4c029fb26eda9ebbd174dd170e6f8ac38e,601126.SH,2026-05-13,5,0,5
a136d48cacd0cf88a32304d9368a918f771014816730f9445d7db0ab3223ed0e,601126.SH,2026-05-14,5,0,5
161f5d9a9e31a77ce9fa787dc11413464f958ec9fcae7b56f26782361d83c534,601133.SH,2026-06-29,5,0,5
0ff8686c06b1cdac699369f77ee6ba7a8456cdf101f561b3fe853fd8d4292742,601133.SH,2026-06-30,5,0,5
eda89df1b2056066ffa14d4df64e0f83bf4cddc30382d00464c30d70d8be8fea,601136.SH,2024-09-30,5,0,5
a87688ec303e6265a7177fb4121dbe30d8b9c41ed3612f2e757ced7487b3ed8a,601136.SH,2024-10-08,5,0,5
6e4be2a026ba11c6de130af05e49e30bd9d71d51746a9413f1cb735b61f3a5ff,601162.SH,2024-09-27,5,0,5
3957e0c549344045cbbbde7fa7ed330ac5a3b4d815d5a0a3e66c593d27677c62,601162.SH,2024-09-30,5,0,5
f60e0aa00617421415891e81eb094d956f8a38d3b3e68ababdb16d7b13eef820,601162.SH,2024-10-08,5,0,5
9add6ddc604612afb54540f94f6e33bd624a41e04fc1dfbf21f454d5cf756e28,601162.SH,2024-10-09,5,0,5
7cd45c8c05e41ea762518c70a1dd6d1ee47604b53cfa75a2aa4dd12cd7eeecf1,601162.SH,2024-10-10,5,0,5
be73fe2b2abfd49d80fad8549b5c2956cd9fb8967458d7c95eb6a677e4e37479,601177.SH,2025-02-17,5,0,5
9b4df51af4e1cc83c39c5413dd1fb396f86cc54d73e2f52073a66c03f9963324,601177.SH,2025-02-18,5,0,5
5f174ba9246e85692585b7af32fa87fd2ff7d49cd0bb03ae32321ddd75b5030e,601177.SH,2025-02-19,5,0,5
fdcd12011c46c99ce0023a4d518ff5899acf74b6bd3c91bbf9db36908436718d,601177.SH,2025-02-20,5,0,5
3be7dffaa1b7138e8eed821c599b6f5c3a50a21343c89732778a8375c1fe81d5,601177.SH,2025-02-21,5,0,5
5a6a8a5e788a3e19046dfacbbf4bc622b7b5b580183dd4e47786d2587f319ab4,601177.SH,2025-02-24,5,0,5
17c4a6c0322baca8e7ad963887bfa359057b6601ee719399090b43e3268b3252,601179.SH,2024-04-16,5,0,5
071cb71d6aa962439779ce981907bc215f1fda545fb2b0aeb9e2bcf4e3c79feb,601179.SH,2024-04-17,5,0,5
b8cd078fad372461810dd2bf249c289bde7bfb773273901bab3ad95c03083120,601179.SH,2024-04-18,5,0,5
0fe9e305b7771be57b4a9917a0b73088dc2d7a86204389493fad2048cd2f0def,601198.SH,2024-09-30,5,0,5
9330bd6e76b9c9d13e90343c7bdb31e89ceac602f7d62588f3f24d1846d1e62b,601198.SH,2024-10-08,5,0,5
2b97b70ea996c3d7429742eb70060fdbcd1905a55dc97738cac70193e8319d9c,601198.SH,2024-10-09,5,0,5
a35ad693d2e64df453ab98861bbeeb5c1f0c995aa3cfed48070d91a1fd16d949,601208.SH,2024-02-20,5,0,5
2d2475624ef572d6659564127fe46f51c690a48202cdb6503b1b7a8082155144,601212.SH,2025-10-13,5,0,5
a409f48718fe9780d81617839b08b9048a23b117bda16bc9432a1b1aa5f50992,601212.SH,2025-10-14,5,0,5
1195db96a5a4175ece42eb40cf25cd9ad8ed84e49a04a6fcba6060c4938100cf,601212.SH,2026-01-23,5,0,5
dc4a943cf7ec8d08918401be87ab7eddb645e7123a5b065412706755ca1a43ff,601212.SH,2026-01-26,5,0,5
3baefba62d43e1d73ce679ac243b5c035fef9dfce4fad50e28732179936007f8,601212.SH,2026-01-27,5,0,5
31dde320943464facc761095c333bd1a83527dd01d7139302e4b45b5a3796120,601212.SH,2026-01-28,5,0,5
40ce2cee381367d7dc2389505adfc0499c4377e0f5e54e7696a8d5804d9157d6,601212.SH,2026-01-29,5,0,5
743c4c3e536208dd882f34eb3014b20a5a4ff94b0c840f358cb3bc6d9617fb35,601212.SH,2026-01-30,5,0,5
7449eeedb1c2c48f0673d2c55fec327d0fca66cf46cc59653fd4fef247d44d3f,601218.SH,2025-07-03,5,0,5
9a8317993e5e5bd7f116471b502e7485083e613d0eef974dbb5aff9dd497efb9,601218.SH,2025-07-04,5,0,5
cc532f84d66cb3514ee8fb0c5bb1231bc7d23e39b1545580ef34443bb6aea06d,601218.SH,2025-10-10,5,0,5
b1c51cb1802d88ac6cb6aa3dcef8060414f64834262a1a569c4e5f6499c3a5f8,601336.SH,2024-09-30,5,0,5
1a30820391ede601a61592a2ae5d1ead1085acd446f4dfb07e99ab3bec615075,601336.SH,2024-10-08,5,0,5
e0d778d40753cba8a1bb7e39b1f8f5c7f3770c8b002b4278968d9b375d1fde8b,601336.SH,2024-10-09,5,0,5
d745ad7088bbb8833a38f78d1e83c3043ff245e237a32d8614d32a02409acfd5,601336.SH,2024-10-10,5,0,5
d695e7d20ef9c8ae42babcfde36fd541753885f85a5999ab8e4fd5accfd5056a,601360.SH,2024-11-25,5,0,5
3a025c1acd0ed5d62e96c49e30117c4664d748c0cb7336e2074c5b1c3c2bc90c,601360.SH,2025-02-10,5,0,5
3ac34eb4e59121d8e2d37ca30843444e3c6b594ee56527728174dd90bcda8c40,601375.SH,2024-09-30,5,0,5
62002654fc92cfad849e9dce12e6bb74c2cf34bcb28b5e43a1c462fb63eb5a4e,601375.SH,2024-10-08,5,0,5
3972dec990beb27a85787e54e7b6359dfdb169f94900f774599cec5665e25920,601375.SH,2024-10-09,5,0,5
11b54a6e1b7d67590149ebe143f811f802420b548deb0f93c660739c0ca9e32b,601399.SH,2025-12-05,5,0,5
2dd9dbd111594db7a6cf5f4e9cef2a1620b94ba275cfa22ad790d3b21ed80e37,601399.SH,2025-12-08,5,0,5
936b9890c9c66c7acf8a2e2d1630d68c51870a3410fef0acf611841d301c638b,601399.SH,2025-12-09,5,0,5
b7b3ce3b818b60102d52094b7b65ed99b59e7860ce10ba700713a997b0aae0a3,601519.SH,2024-09-30,5,0,5
cf7e9fa3e354f364501a0e96a928c8120babe14f4d75280d3afd6c4f64438c52,601519.SH,2024-10-08,5,0,5
9249b2db63634d344469b0dffcef86ea1dfce9776ba0f2f8f4eb6eda0e10eb12,601519.SH,2024-10-09,5,0,5
66e201f61ba64fad33965849bc50d64c108c46cf54778772da86a4a98b9aa8bf,601519.SH,2024-12-05,5,0,5
3817d5bf554ee28bb857606b39a4c652eeedb349c7edb7463a1a2252c1dd5221,601519.SH,2025-07-09,5,0,5
3987e5fb60638e23c2a1084b6dc40db52a2b6a8e53fc0ab37a3bf8f76f857fb5,601519.SH,2025-07-10,5,0,5
a850aed52f51de105f2864b17930e0d752f9f1ac298e7eaa217ffb3abb03080b,601519.SH,2025-07-11,5,0,5
70e75ff530837d671f27eb96b675c9d4882a235ac76068cc6491c1ec5e2167ab,601555.SH,2024-09-30,5,0,5
87998913da698613b9b416c0d765f7c7f978913c844614db0ba36b032d6748b4,601555.SH,2024-10-08,5,0,5
8c452f7c9f736a7a8a820925e2e6748bb7a5a15a7d23f95aca545a7ab7ac458a,601555.SH,2024-10-09,5,0,5
219da0783596c75122903a995d2fe3c60a9393b5e221a826e62230c536915e05,601566.SH,2025-11-17,5,0,5
1772c5f79e1f9424735ff30d3f489a5c619daf063942fced03aef1254e43a14a,601566.SH,2025-11-18,5,0,5
5f871e881592c6911f681a5e54543a4e112ec520707045711aaa0641d846a11b,601566.SH,2025-11-19,5,0,5
5c1b407be9e8bb9e93edc094f902a6627346d88adc3506d3eec0a963a0b76a06,601566.SH,2025-11-20,5,0,5
ec56a894199f88564c7571fcafeb9d8a484fa212895bc72c007ddc341ab5e902,601566.SH,2025-11-21,5,0,5
0f72a0b515a139b5ae97465304ac38e43f49f28baf9b37321fffe9dd3cf3ad93,601579.SH,2025-05-22,5,0,5
80b649d015e63b0c2de340ef571d6152fd529a0cde6584e0ad8b25cffb0ef706,601579.SH,2025-05-23,5,0,5
e87440ff802f3d79931ec6e2ec95fcbaf351195bb8a8e7d9d3ee10cdfebcc2cf,601579.SH,2025-05-26,5,0,5
f6e678e76c9540bc1aff507bd1e21415fa3444eaf7503426cc7f03d52384c99f,601579.SH,2025-05-27,5,0,5
06eba20b13b3f1c1f39824bfe721d421dbb690c74c98ed5d0385abd3bd250a9b,601579.SH,2025-05-28,5,0,5
8fbfc0b0518fd0e9c57acf72fef0e70777413096eccbdc709a4a6fc8d09c247e,601579.SH,2026-09-18,5,0,5
b64e93237a092747c44caacda5e12c4dc998ae5b81ab111ce53621c41acd3d68,601579.SH,2026-09-21,5,0,5
2a7d4764969f0516274ba29fe5eacd2f22525324a611306db2712bf7ea45fd34,601579.SH,2026-09-22,5,0,5
79a3a7e5579eee5c728a771faa6b53c67e87102d1e6ac21bc499ae0713ec3158,601595.SH,2024-03-04,5,0,5
731dc7f27337bbb73bdc9a04f3aaa8f3651d9b2fb32137879ec1f45bf2db7406,601595.SH,2024-09-30,5,0,5
2f6cf9f61731dc92203fdf242e01286556a9b2c185f73c6524b10f5f80d581d5,601599.SH,2024-02-21,5,0,5
31216bdb25ee7883193140be94d22a494f0b4d72fb349dd5d0f9c3bf07a61e1e,601599.SH,2024-02-22,5,0,5
7589151cf317e52429c74ed0052f9626d938028fb0ef7de89cc8d4aaacbc78d5,601606.SH,2025-06-23,5,0,5
3e6568044712de25566286b35e961b519b2a32aeb5a252d01a302e2fff5fa881,601606.SH,2025-06-24,5,0,5
60fdb0eba3e676664d95c735ebd8b800926e0f5fb184fa9685ca83f17177dd3a,601606.SH,2025-06-25,5,0,5
f859eac3b9cbe8333cd0159a1da6c6a53f5c2672157087b4b1b5df49165aae06,601606.SH,2025-06-26,5,0,5
20ecffbe657ae9c1adf7b58886fa9515961879c4923284d3f926cbf418f50252,601606.SH,2025-06-27,5,0,5
a030aeff0ad55a2f35b01daa50e8df4d3942b5656cc9e34a9e53c44ed7f75c33,601606.SH,2025-06-30,5,0,5
7e505cbdd7137e49c57c4b37aba7818326f470b5b71d79c806d138ebd0d0dad7,601606.SH,2025-07-01,5,0,5
cf899073ce9ccd424cbe64078dbf8f15d15306e97446e0fbab7adf2871bc76c1,601606.SH,2025-07-02,5,0,5
ddddfd89dd9d6de28012fe156d555a6be047ed99c2c796f1429715cfd43c507a,601606.SH,2025-08-06,5,0,5
025220f5ca0ac7dc203beec54752a6e3820172887cd650fd5c5e2b70b6e7b434,601606.SH,2025-08-07,5,0,5
6d7b5a44b0e948dd30e50545fa39376a3111f3e837b926f2175436228c734a6f,601606.SH,2025-08-08,5,0,5
77821fe830f478ad0711b9e1d322bc11433041b9778b21a8781c5808e2ad0b98,601606.SH,2025-08-11,5,0,5
a9ef05806671c7802d4326d2e1daf630d021c8feef9c387eb10ba0dd8105ec6d,601606.SH,2025-08-12,5,0,5
32a506d7579056482bb19f68e3572fe150ff2dbb7692b931fc4a734434f78bdd,601606.SH,2025-08-13,5,0,5
53b944c7dd4eb4dcd71f3d6b4666225d676c0a6c15ed7d705606f84d281ba683,601609.SH,2025-08-18,5,0,5
98ef42c82a602d3425336c581964b2764d2812a3a1e6ecffabce6daef17c29cb,601609.SH,2025-08-19,5,0,5
59afafb0af61269d1045d271e629b21da7a06a99f2a2db6e85034e0fe1ebfdf1,601609.SH,2025-08-20,5,0,5
517c20996b37a02d74c37d0b4a72cd893ca3f2d1e8b1b1ab85f04de2806743b9,601609.SH,2025-08-21,5,0,5
03d597febef351d7171ebdff8c8bdf438c369ff68848719058517cc8093c9030,601611.SH,2026-01-12,5,0,5
a2c317ff9f84892a9b0d04be71ea3b9cb8890c2d84e96a10c005056d70f0c4e5,601615.SH,2026-01-26,5,0,5
6a55a09f4216bcc73300889e2d315d662a0e5aec7798a7bcf5a2edd252b39ced,601615.SH,2026-01-27,5,0,5
13ee4d92af86e3ec13d4f736f410b341eefbacb82ae55c33f92c6d7e4b59e02e,601615.SH,2026-01-28,5,0,5
1abada20495b0bb9a0335245e56e4c33b21a579b6c65e6c8aecbf6b72929ec62,601616.SH,2026-01-21,5,0,5
2da7c0f9017ab810abd594c385c5af58f89911b9f8b93d14fca49861df21c467,601616.SH,2026-01-22,5,0,5
6839bcc7e20b2bed35f6f3488b665ff53d16947724b8c4782f28d6bac1718243,601633.SH,2024-10-08,5,0,5
bcfefb0e6f677f9d1513c85e1eb83327fb7b75511574cd9d568e3da6186d5c7c,601636.SH,2024-09-30,5,0,5
2ad4d3b58d6d8a420d3c701dc6e860e1fe96b9c468668d65bc9f25be42061374,601669.SH,2025-07-24,5,0,5
c0a11d7cffd82c7f015ed715d8e60b731ed13f76132e4f36eb498996527fb9ec,601669.SH,2025-07-25,5,0,5
7c60e83444245fed13a3a2f304e7920377bf51c50378c9c831a61e143b4d07ba,601689.SH,2024-10-08,5,0,5
9705097e772087024bc0f7da3fb1dbf2d14d6344b6cef1fac7827e3842ea0d60,601689.SH,2024-10-09,5,0,5
ab9ab1e5d3f82b611a8976678fb3a99255af46be2963e0a773c3c978bd3e73de,601696.SH,2024-10-08,5,0,5
16c53ebdbc10aed4406fb540541ece51b88dd8c508bc9b4134782805a4434e5a,601696.SH,2024-10-09,5,0,5
9eb3028123efe2ace2cfb3ad53a01dbe14bf3309c5c7eec17c45e1b3bedaf8fc,601698.SH,2024-11-11,5,0,5
d641ba2820a0d724f1954b20de667f980edbe1c4d1aa628a3b258613364a1164,601698.SH,2024-11-12,5,0,5
d2e81e798744a5ffdd64c80a65d0da03f24186efc8c58ce26ca0a0e632d13599,601698.SH,2024-11-13,5,0,5
7905d4d07863eb2f0dc103ba6bd724df2817d13582e84b04e13d2986eace5748,601698.SH,2025-12-31,5,0,5
4a54f0e71f380dcb063ee76fce9b58d935dc3903561c520b89e263cc70975adb,601698.SH,2026-01-05,5,0,5
7dff9a204e205bff5b81d5284527620a9a447450b888f0ee2223c9871b3e7160,601698.SH,2026-01-06,5,0,5
4149eda45acdae3ea85cb6121095d912df06b2bff8b51476fca63a4ce8546f32,601698.SH,2026-01-07,5,0,5
ad7acf527dcc9ee518a1a516b722611dad0d7c9ce24eff4c4c10c1a5e5f62051,601700.SH,2026-08-06,5,0,5
2d79d12a04bc4942c63921d1c7ab13729825bab4a3251919f7d80cbadcda6c99,601700.SH,2026-08-10,5,0,5
34980bee48710e4830713949a9c6c9de8bdd600247625d363162a55e5eb987b7,601702.SH,2026-01-29,5,0,5
41246420cff311a6fe7e15e8870ece3be0fe697b69560f1f01ec1f967f76bade,601727.SH,2024-10-25,5,0,5
80cd542e10b2e453738c4a16d11c014b7c61218af20369b10c9536716a9539cc,601727.SH,2024-10-28,5,0,5
785c07506a42e65bfa3c6aab7c08ef8a96ab5330372ee7666db6a137a17e7c4d,601727.SH,2024-10-29,5,0,5
3e065dabbcfc38786a3cf4bcc1fe206cd08abbda230b9b7c504748788ec982bd,601727.SH,2024-10-30,5,0,5
19afc95c8c97a376db2f5ad0cb9609ebb0da8ec30754b5c36b00c420d0686331,601727.SH,2024-10-31,5,0,5
0b5acc5c4bade3de3b31c6ab6524fb89666a53f4560fa80a7e01fd864cd6ad0b,601727.SH,2024-11-01,5,0,5
cda2ac9e40e5b7eda0f4c6db6fca747f531650c520e282d98d262673a3a2786b,601727.SH,2024-11-04,5,0,5
a2510b630c2bce847e937cc36c57702911f43dbb5cb01fece292fd116decb4d7,601727.SH,2024-11-05,5,0,5
48bd88c488532c44cb1a015bccdae37b5460dbe098955d892271ed0085621b5a,601727.SH,2024-11-06,5,0,5
e56486bb0783cc31541d0d534dbbe3c5260f6327d6cda00c9224aab34f850366,601727.SH,2024-11-08,5,0,5
30e6fef40d86dc785988fd1b7a9d3fd949f7e4c76405f1b56dd400bed1c8e65d,601777.SH,2024-10-29,5,0,5
48900e459521ace1133aec3500ddf8ca72095b4e6c4e7163b7417b12803ff1e3,601789.SH,2026-03-11,5,0,5
1c6bf042aa96cd1a0c6514033b6b7f5970adcb343e07543b8a544e9c0b08bd7f,601789.SH,2026-03-12,5,0,5
aee700c88c0a4f3d3427277cf3f56b1cbb46f1770f7a65685ed81d9aaf80cca3,601798.SH,2024-02-19,5,0,5
4bb5d04db5885f51d519094802d034fa36729dc072ca06b613c430398f638cf6,601798.SH,2024-02-20,5,0,5
49f549eb8cb5a5ed49c5cec6262594d81358c319c4ca694cc08da69741d78910,601798.SH,2024-02-21,5,0,5
9e8e81d8c1299ab643f4feed82645edb3cdea430521864333daaf379e0609a56,601798.SH,2024-02-22,5,0,5
d3752c25000e6d735ff3fbc2aa95bb58559ecfe4d8c8a4be824c06a56d4e2658,601798.SH,2024-02-23,5,0,5
9cb401396405d29b720ff7f619ca44915453572dcc2c2a92e8be546fc07f476b,601798.SH,2024-02-26,5,0,5
91d309d9fa6683f008aca9391c643f29ded530ea6da66d32d4191645903e3a80,601798.SH,2024-02-27,5,0,5
3811fa8c2733ea47a32ce617e7ee7af983c0ffb3cdaf2ea853b0f7f996440f99,601800.SH,2024-10-08,5,0,5
cfaaf3b164e46aa6116e63e22c0add95dd5fe574db0ad144d6050ceb2ebb19a8,601811.SH,2026-09-23,5,0,5
1418c551694032850f078168689ef9846cf61c730d6a2cd0f8c92aae6c953266,601828.SH,2024-09-27,5,0,5
8fde4731cff6f3a254af4df31b611ed30eac5a05f9bdf5714d5b83e215ba737d,601828.SH,2024-09-30,5,0,5
249e68c5aff1aa7ad4bce5d3ef9d662d6cd3f8bfe65cbaa9d7a99f575010080e,601828.SH,2024-10-08,5,0,5
11970a3d33f0a4a88e4b93aac23595643e6da59c30b0a3e7702f976cd2750a98,601858.SH,2024-10-10,5,0,5
f8bb9c0c21a8bb169d62862eab56cc3f45a46b12fae29b1cd8318cd2dbf510eb,601865.SH,2024-09-30,5,0,5
139c7f4c2e4fe832286547b64d7a1d0ce4a8258bc294f024963bd55428b28d96,601865.SH,2024-10-08,5,0,5
1ecc47788539ae242829813ad691e4c4c7c25ec18dc6d9dc48736a37b21d7654,601868.SH,2026-03-12,5,0,5
6defe8cd02551d60afe1e01dd411193331fa6612c36ce3f5183f529bd1f6170f,601869.SH,2025-08-28,5,0,5
1c5baadb8a7d5ca0e1bfbbcbc6de0f5fdb0f84688ac4ce10b025cf15df1c77b7,601869.SH,2025-08-29,5,0,5
99d7f00c0ac35ac34e8600900167db7ae1fa23770c38ab676c908a40ffe78e3e,601869.SH,2025-09-01,5,0,5
43b0df6d9531603f45a61f9eaba81d80c605fa3b8b5fd42d53fc56af6c4e69c7,601869.SH,2025-12-22,5,0,5
04ab7f699bc87ec47477470f1f9932518e110416b4c3e451db017f231a7f5809,601869.SH,2025-12-23,5,0,5
de6076b5f6ac052fdb316b39b44584a7509256c1ee6480f74e054134bc87bc47,601869.SH,2026-02-10,5,0,5
2927ad40d6471ad1f7a3262899fc9d025811c0dac511acb54bb26c0ecfe555c8,601872.SH,2026-02-26,5,0,5
efc6ba0e45bd596fe4a6be1f4c7f0877a83a23c3ab516c12cf433e1038ed5a46,601872.SH,2026-03-02,5,0,5
6bba48540aa4d54ea67e52beebad4142eacb28aefb16b35ec356b78bd2fd9b3c,601872.SH,2026-03-03,5,0,5
e9dbc5ae52bda939f0cd320a9157d6f446b089b0b1dafe929f8c815a91a3db8b,601888.SH,2024-09-30,5,0,5
19ff5b9da0b842fd82f37c950bb0e40077c9f3de355d48cb1c8bbca0982ee81a,601888.SH,2024-10-08,5,0,5
dc22cac6f8487d94f21af62a414dbe372d3e7d18ddd2ccb29e2344430ccf46bb,601890.SH,2025-03-24,5,0,5
a054b587d1c5907a24fc31e8ce479d55c85cb5a20629b018257f70d01dbc830a,601901.SH,2024-09-30,5,0,5
74fa87ec2624258066ffa437685df2fd3d6673bca039399301acbdef36936217,601901.SH,2024-10-08,5,0,5
5f4f66ab36188d73e9c5fc3d163cbfa21b7095a5d1c42b2d84be3aa48305d628,601908.SH,2025-07-14,5,0,5
7cd19c4bde700fc92a4129d9fb1a1f867c64bee2a107d087f5da8ab8ec990c1d,601929.SH,2025-08-12,5,0,5
1e8b0e210ce96f75bc7d95aa658fd84b8877e32808fde9cde28c96d410b7c743,601929.SH,2025-08-13,5,0,5
ad131530e53078650d637fde64d31cb04984a692d2dfc392964df98c5cf21b34,601929.SH,2025-08-14,5,0,5
88cb0d21be059fecf06c1f683563bfb8a6cfef01bb25bb8326afe4142ebfd9d5,601929.SH,2025-08-15,5,0,5
ba654651a7b16799e601c368b69c568681c3d2fa2cc1ea1916390be84c60d0df,601929.SH,2025-08-18,5,0,5
51fae7a4ef94e67fa47761c2075c05aa61a445ce7f98161ed8d7ebcf6ef08c14,601929.SH,2025-11-05,5,0,5
283feb9153a7fb7b9e8160147a024588d357176b6035fa6d92bc7c207d353b3d,601933.SH,2024-09-27,5,0,5
33c1e8e361782794832155949cf8c7067eac5c886a72a4c8d35b55cd00700a42,601933.SH,2024-09-30,5,0,5
d220aab25235561b27588beddbbd960b5cfbedbd6e3850fdb1172650335e95cc,601933.SH,2024-10-08,5,0,5
c55750af298e19dba57fc02b91e4574a4a508adf185bf46f05ea8f7e5bbadfe4,601933.SH,2024-10-09,5,0,5
f22d3c801ab108c813795369bc79423609d967049e30ee053eeda36317fbc530,601933.SH,2024-11-01,5,0,5
524c767f5de9030f1111b3a306881b6b08a499f3ec21e5faa88100b5b7e1422b,601933.SH,2024-12-04,5,0,5
ba9e0e21881c7412a514b7646ae38fd74ea3b57f5716253bcab6369d8ed7d21a,601933.SH,2025-12-11,5,0,5
62e79f34b414220f6b030464a72314fc65661c6dc4e06d39db7599d0a8913add,601956.SH,2025-04-28,5,0,5
0b1bff77ac261b9c6dccfc52b5bd26a8157d709a02f968148842c7145f7798a3,601956.SH,2025-04-29,5,0,5
21ebd49cfbc98705ec31cf5057793041067016f897cb6a79566b6ab5477e7a13,601991.SH,2026-05-08,5,0,5
dbf0100d30ba42a9beab02f8ace853cdc6a9db7fa7ab142a62f10faa7ba6cf27,601991.SH,2026-05-11,5,0,5
8175b6edd1323fdebd8f234760e6a446072955fee7c5cb2786b2e183bb7dd1ee,601991.SH,2026-05-12,5,0,5
10491c7ec1af8e7730b7ae31c46f05dd5eb656ef4b9a0c666a3e891cc40c3cd2,601991.SH,2026-05-13,5,0,5
8fa51aed0a042fec63d73a935ccbd8bddf1843298f30e242c2de62bdfb12fa3d,601991.SH,2026-05-14,5,0,5
99a1c1eff5658a392c193f4432380c492ef4029e729c8725736c8d8e445aa735,601991.SH,2026-05-15,5,0,5
27e63c567180f27c9af2b3bc1b453db362b90b8b6ff61137483abdbefb2e4bca,603000.SH,2026-01-15,5,0,5
9f30b881ad767100b0e8bc9c5fcefb27b884c3bee706b73662e35077184add13,603000.SH,2026-01-16,5,0,5
95ce5560287b24582cd309e6d27c28814a18701c622981466bcb19627232e9a7,603001.SH,2026-06-22,5,0,5
824a0558537d6940d6989bac10b5da246fe3ff6a59e65ec821ad9dc8f72d28f9,603002.SH,2026-06-22,5,0,5
48e4a04cfdb8fc16179df2b45d5d47c0eb09fa2f790bc10c776633124ff8d58a,603004.SH,2024-11-21,5,0,5
723c798cea395fd163337f9428712c0cd4275f4f4f5939b066613df77b938d8d,603004.SH,2024-11-22,5,0,5
10fe620204df31456b1795d6ba1004554694d4d874e6eddaf9d2a734e4ce0a50,603006.SH,2024-03-29,5,0,5
8a5d847eb0b39280ee88256abcd23e5bb9e403c5e79242102e162bafa3b80d1f,603006.SH,2024-04-01,5,0,5
2d70402d65ffab112ef2cb5e9a1111865b2b99275444d16c1e358509e7355cdb,603006.SH,2024-04-02,5,0,5
06b4704225dae56214ed44829f53a0abcda782eb92db66214914e7962bb97379,603006.SH,2024-04-03,5,0,5
4a866d93de257cfed55f68b7a707470e8de05e3e13201d2ea69a7ab184c7ee50,603006.SH,2024-04-08,5,0,5
e3d04e8c7c6115701a2ed0830eedad172bd8e3c6c8eb7e5e8fd2618ef7e344ee,603007.SH,2024-02-20,5,0,5
9bb4f9ee72895662d29e472c1c0f9db3f0fd0084beb4630a42832dc51201a812,603007.SH,2024-02-21,5,0,5
4b7cfcde59f4099d7e8dc3503b4b90668e943a28eb42c9a5b4cf5c91d7cc25bd,603007.SH,2024-02-22,5,0,5
fb0e95745a12cb215e2f6708aed29c50bbf659e9f93309a3f0168c89218ff856,603007.SH,2024-02-23,5,0,5
f72f31709b6e648c7db3ac16055b6dc5bb769ce50178c0443d30751be8989e6b,603007.SH,2024-09-18,5,0,5
2bfd0e61d0c7bc0b81a2d871e4c0eedd8e228261817f2ad9121e64457646cb6a,603007.SH,2024-09-19,5,0,5
aaf88f5ab88a0230782d17a115b947c79b5867d01747ccf7db5029f67a8e572f,603007.SH,2024-11-04,5,0,5
8d152568eaac095ebf54b9a5ee11f2c7ec444e91ab1f9f08bd3e046517460998,603007.SH,2024-11-05,5,0,5
952678feceb14890814101399fd5c312eed055fce414b2daeaba5cd33c46e710,603007.SH,2024-11-06,5,0,5
37221d49fd6320139272a5d81262546c124fe543584151f7a38aa85fc1a05858,603007.SH,2024-11-07,5,0,5
d38457da2edd03b1de5b795e8dd2ae8452bcb2018bc02934b1530500993e8908,603007.SH,2024-11-08,5,0,5
1aae3edc6e41a5463d2c4e57aeb6547a22549c1409b262a2d94099fc95c62df8,603007.SH,2024-11-11,5,0,5
93c024fe6023df31f82afdb585ebc5e9e88e2f50fd29a436fb5d2514691ebfc3,603007.SH,2024-11-12,5,0,5
6abd71f6efea2f1967cfe04e9df425ce4f3ad003c64d8b0baa3d79de86ec22dc,603007.SH,2024-11-13,5,0,5
e41a78c1bc449008350eb89471420c9a75ba2942da5b8feffc40cc0f675a63aa,603007.SH,2024-11-14,5,0,5
b5d9115c5ee83f4fe087f0d53ad25f3416713fd8f97a9b792468fd5c8ffc43fb,603007.SH,2024-11-15,5,0,5
dcc35f03ae9c7a6e775018697542757f06d13a38bf7334b8c8ad6faf4c8a4779,603007.SH,2024-12-31,5,0,5
dcd8f1dc69ac7fe6c21beebdf7ce78908c64fc8819a8881b4158cfcb46813c64,603007.SH,2025-01-02,5,0,5
51b355e91c2407e70d115e78dbb48d70beaa8b82270bc08bbcfffb5c2000806f,603007.SH,2025-01-03,5,0,5
ffc4b3abde56f951494313a6c409be8b56353139905f94b23f78c1033cb5b416,603007.SH,2025-01-06,5,0,5
6bb082603aea641b38864e3cd89c5667e53c90a1566e0bc4b9c27f332bf90208,603007.SH,2025-01-07,5,0,5
e06f6c7a8ebf991e1214f24cd8d99504158e19b3555e3d98e0cef33d211ddb06,603007.SH,2025-01-08,5,0,5
f5d4ca609b16156078d8f64290cc9017ab71ca901dfb4bb465227c4ddbab242e,603007.SH,2025-01-09,5,0,5
a56367e166c75e760bab771af6d79b85ef1de5ac7d117d392aff78d7cb722508,603007.SH,2026-05-13,5,0,5
37a695bfeffec6d8aafa642ecc446ec03a7d24b93b5126497c7786785fb22cf4,603007.SH,2026-05-14,5,0,5
64afc69a57bd02b32898a42a72f422842a48616bc867225149183da38802ad70,603010.SH,2026-06-29,5,0,5
c671ce330b7594935dc56963626866a81f0a9dcf783e54ccee233458ca416dd7,603011.SH,2024-02-22,5,0,5
42b26801df630a1afbc3ec04f83f27f142a778010a08329ed0dc2e580b500c48,603011.SH,2024-02-23,5,0,5
75b3ebfea0138b589fa4b961b401dd8b8bf2586174e0cd7d10535a1b5945c05f,603011.SH,2024-02-26,5,0,5
965b3fddf8a191b571c57bfaa26069eeca977cf8afa8911690af998cdb40989e,603011.SH,2024-02-27,5,0,5
7315d98de2807c9bbbe6375e7228caafda1b5d8f907df1c6583bb9d163140c5d,603011.SH,2025-03-28,5,0,5
a41e0a18312724e09f662a170a28a5c5c7781fb72c2196bf50f32b4ac2a5e157,603011.SH,2025-05-28,5,0,5
eac530892f40d04e9d6dde35e373e8664c4a0c53175932fe153aaeb357455a43,603011.SH,2025-05-29,5,0,5
f368e18e6c3f6ac41ed43f04ba5eede9b27487c0c3212017b3e4170685c8f0f3,603011.SH,2025-05-30,5,0,5
d1361c90dd5e29293b2f35cac823ab4a2ad666bb8de91d3e02e4ab843284aac9,603011.SH,2025-10-13,5,0,5
2a50a77b16c685f5c24bb9817bcbef4fcb585009d74508a348c785f96d541048,603011.SH,2025-10-14,5,0,5
a133fff50dfb298b03a2d4a48b614a58f19d56cae786a5174c00d8cf8c7b81f3,603011.SH,2025-10-15,5,0,5
7e01cf389b235159e680ffe17cfe4c888d0371081666f4ebdab9d03137b1df68,603011.SH,2026-06-01,5,0,5
615071972fe886c43483ed79d20db4128fd8d8bed5b0bd6e176ec51e879880e9,603011.SH,2026-06-02,5,0,5
0b373a0e35b92ccfcd55dc75153d37ddbd37af07c30f1461018ffe1b37aed417,603011.SH,2026-06-03,5,0,5
60065f8b02f85eeaf181bd5b13cd020a45177df295875241fecb9cb5df0b5452,603011.SH,2026-06-04,5,0,5
490ce6ef7f5c898cf615f0760a7ee6a32786ddd60efdf391a162463e8a33c553,603015.SH,2024-11-22,5,0,5
d0e2abdafbf5a14e86c9ecebc40002989255455094423520d6b77116f71da240,603015.SH,2024-11-25,5,0,5
4339333e94ebce29332224be28c7c2e885c42403035f86f8361c4f95d83fe83e,603015.SH,2024-11-26,5,0,5
7342d9cd7913a6334c22f0b8c69d2d2d8600cbda9d0575411ac69afdf50a2faf,603015.SH,2024-11-27,5,0,5
2322f87191da73ccdc5d740bed162c471a1cbf14c1a6bdb7b1f2893d1bd72813,603015.SH,2025-01-14,5,0,5
3f31b7e33dda3d63d689da964d4f5b7fa3ce3e64d8efc81ce6b546ba23738449,603015.SH,2026-01-12,5,0,5
495204245968c13ada13efbbbda17510e916174fe9a14dff08f71dbfb432801c,603016.SH,2024-10-25,5,0,5
bb8c89e61ec5fce155a3b33df6837d818d51b19eed24c25bd288492157482424,603016.SH,2024-10-28,5,0,5
a455b85da9a5135d552f54d1ab8c73f5cb00a2c30be494b6fa1375af5a792290,603017.SH,2024-04-22,5,0,5
ba15f5be7bd87cf7b53b84cb768ddc8a106dcd51c5e9c1cfcd68036a78cd55e2,603017.SH,2024-04-23,5,0,5
91a69abaa2dc003b4bbe500876a717f34c66655245c4d0e468fb324abd387179,603017.SH,2024-04-24,5,0,5
1e03c7380ab9773a45de6d1f234ca2f9d4e5070a59554fbfa1854dd0fdc07a2e,603017.SH,2024-04-25,5,0,5
d58923f0145bdf123ad2393f3b03483de610f51dcacafc09c5f2ba9e50572dfc,603017.SH,2024-04-26,5,0,5
089ed69464927af75519b3a88561ed37e7299db31e48fee0e148f1758c109dac,603017.SH,2025-06-06,5,0,5
575a4965c5247c973f09686c3e4d408a11006c264991b57e315331f945df17c1,603019.SH,2024-10-09,5,0,5
136b72b0a888efa7250405eb1df586f106f8104a52c92691867cbb84aed9ab71,603019.SH,2024-10-10,5,0,5
0e21ecc6779672f33910b5a0ae687f1f985a2135203917651d538e9825006ad4,603021.SH,2024-10-23,5,0,5
ebac7fbf219e5e7b084db7b82090ab6534f0913d00b6b217b69240091181477d,603021.SH,2024-10-24,5,0,5
6134b73f088e0db714ab9ea1786eb722ea719ef56749fa6121355dd2701fa06b,603021.SH,2024-10-25,5,0,5
0d0873d4daae67f4661c4a685287c77acb67eaf14ec84c646d45455c708990ef,603021.SH,2024-10-28,5,0,5
ff9dd7e7273d75bd14e408b996f1b65770925e263005150c4b792e1deadab1db,603021.SH,2024-10-29,5,0,5
7f7027617ada2573870489d89f5a81b0054240b0d803e836dde26d5c547f74a5,603021.SH,2024-10-30,5,0,5
1eccf7323c58b0b487741aeaacb5fda96d5f3afe3fec47121b59a1ef2e71d1bd,603021.SH,2025-08-20,5,0,5
b32cc64129bbebce10de089333d52284e158e089859c4bbe4fadd87cdb5ce6c8,603021.SH,2025-08-21,5,0,5
6f3ed820cccebe5beefa0ad8ecb63e3fc1983c6b01f1db6ca652f501d79acda0,603021.SH,2025-08-22,5,0,5
f3998d70273cdfda14dd88d24d9a0cf257d16b5a469cd9eab68a504ed9aef3c6,603021.SH,2025-11-05,5,0,5
0110aa175a8b9e7b393491a843a46e10832afb732b73b500d95802f8ee71fe50,603021.SH,2026-02-09,5,0,5
38921e29578896b83f2c3e90af3b243533028ac84015fb37805e4e12eeb87509,603022.SH,2025-06-25,5,0,5
d4ed4d53fa75a7e4a6255de0e0f1c96710dc0068b39770496c9c6e40570d8bd4,603022.SH,2025-06-26,5,0,5
db7805eaaa2f92e834fa3d13ba395c5e2f4a7ea9e9749f5da29ddea7c323ba38,603023.SH,2024-02-27,5,0,5
4d2a5c70be2d73942d49ce17c053bb803c10c4aec6aeaa320c045171730bf20c,603026.SH,2025-11-13,5,0,5
3364e0fa1e7bd9b260ef684b471af601ec04799e73840d13c8940cd22ded522a,603026.SH,2025-11-14,5,0,5
b4df8f32d05f64211aef579a9f0a3e0cf6c0ca0fd98934d6e6c8c344c3f00695,603026.SH,2025-11-17,5,0,5
f12031434a6c6bbb66fa32a20d7151e3206dec47679edd97e02a0af3593ddb93,603026.SH,2025-11-18,5,0,5
c61fa4e0db1ab0139642b073b62b4a4bfc7a0c7514ce5ac174a819cf8186177c,603030.SH,2024-06-28,5,0,5
534fbb5cd41d3f6ac73fb2a00439fd66d8ec61c241a16df8210737d68412f389,603030.SH,2024-07-01,5,0,5
1884867fa0e5736a42a2e181060cca9b4639e6363652f53d95a053e8d2f6d395,603030.SH,2024-07-02,5,0,5
a5fe2286dd4f000d134f01b043e2563caecd7ee19f03f338c9574847e5618c0f,603030.SH,2024-07-03,5,0,5
d491ad2c3dab3a50e9e138e5bb64a1895ab4f96dfdb6552b75631c914cb4563e,603030.SH,2025-05-07,5,0,5
e1655d6af358c415179fed7419a01f18c1557c9f883799ff1e01f562220bca58,603038.SH,2024-01-15,5,0,5
2ec01e7dbbad6b4edf957f40eaa66ffc85cdaab655e31fa080c725361f23d2a4,603038.SH,2024-01-17,5,0,5
73e1835905f0d72b69fec28f051d00ffe4695118de9e016a263112c469949b77,603038.SH,2024-01-18,5,0,5
ed5815612d72e900c80dc74bdad72e19ddeae63e55fff24884f078e0c7eb7d31,603038.SH,2024-10-16,5,0,5
8c78f8f56d8963edef43ffaec1bf74ae04f99918646609a7f74954eafd2beac6,603038.SH,2024-10-17,5,0,5
07f32466383ec3a5b83274586c485a7bef55a6c1bcd4cc4fcc647d5d47ac8951,603038.SH,2024-10-18,5,0,5
eec7717a0343356a63d79d09ea3cf3510a056b012e4b8f87ed30ba0455fa4767,603038.SH,2024-10-21,5,0,5
c8d4f329c421259e916af1f0e7b7750497b0b7b9273468747676f3ea6872b142,603038.SH,2024-10-22,5,0,5
becf717bd9d88fced5f01dabc4cabe29b53648107f4082496f20e513e4980bae,603038.SH,2024-10-23,5,0,5
72a6c2eb58ce27b7ea1e1ac0e7289780bdc7f503cdebe097ca5495dff5c496a8,603038.SH,2024-10-24,5,0,5
4c5d3eb252e2a61f698c6e28a1f095c85c2c4dce9d45eb5b74a7f88f3fc1bc53,603038.SH,2024-10-25,5,0,5
31d17cc8ffe93de15b3a4248525eaeb1f7ab348a9e1e3316e38518cd9eedf77f,603038.SH,2024-10-28,5,0,5
3c3173e6ac0928ac589cc95f6ff98c378b0dbfd8fc25c1fd68eacb520e18841e,603038.SH,2024-10-29,5,0,5
76251d2a61686ad6a7007af8d1ae3f0ba9b455b652d007e0871dd9a35416d7ee,603038.SH,2024-10-30,5,0,5
99bc56412d5669fffe3151d15f1a3a1dbd750fe2bb8d9d692929b7117c301be0,603038.SH,2024-10-31,5,0,5
16bde224bf57bd313a2390ad110438ec9cd4156c278a77c10b91efae21cd02bc,603039.SH,2024-10-08,5,0,5
81984b71f72ae66a013f738f00a4a3e87509d10aef4fc957ade9f623695802cb,603039.SH,2024-10-09,5,0,5
721e08f2ffe7ab1f783c7d7c43a118396ab3397d07cb4257bd34f3d72779b9df,603039.SH,2025-02-06,5,0,5
708ec70bcbfd4ef48af29785f632e5b5ec887cdacbd5f2d8359c4753afeb0f34,603039.SH,2025-02-07,5,0,5
40e5b8d766c4f510b17a0a240e9c108892ce8a77b288c5414ac900c7e4fc1631,603039.SH,2026-08-05,5,0,5
94b6b9e3c83fc901a24b81351b847a95aaa5e384bd7e09b38cbc099e625c2cc6,603039.SH,2026-08-06,5,0,5
47e420794b75f02848da0d43070a30c27fd1046e484d8af18767e9cdfd4910a6,603040.SH,2025-05-07,5,0,5
6c8987b357693d4f4cf5b10a55adf206648f6e15a60a049f73ad66da8851b05a,603040.SH,2025-05-08,5,0,5
ae0a33aeb2ab29750852f6771b729f09841bf2c640cf3d51b236e1b4c9afd56a,603045.SH,2026-05-06,5,0,5
f6dfe1120cf746ab79d93b8939d3a9772def03fea35f6a1a3bbc20882db46b75,603045.SH,2026-05-07,5,0,5
c81d27e5c3a5f60d43063ec648357476175190dc9a4053636fea213b3536e81c,603045.SH,2026-05-08,5,0,5
d12903719f12dffae67010f5d8fd16bb47879e0b041a260f73b53dac3ea7d6bf,603045.SH,2026-05-11,5,0,5
dbc650e2e8af8f585e92a42718d79b39f95096faa5a64e19404ecc5013df3a8a,603045.SH,2026-05-12,5,0,5
9ada4e213d1962ef093da476d47f7578eb1763938d8c5107dc042b5b92d83eef,603045.SH,2026-05-13,5,0,5
953bc159e8487dc5257b7a8968601239caa66d1052ec42d66b656b6b5d84ffd8,603045.SH,2026-06-05,5,0,5
231247fbb81e9873d7f9fe93985d82590320da0379ed52c023f1171b3d95d6a4,603045.SH,2026-06-08,5,0,5
c54d176652abba04649c3ba8a5264a0fd851b3c73caf607c351221ef9573c6b9,603048.SH,2025-03-07,5,0,5
fe1391269c013771c18eed450c60f3d516d96c83e3fab9d17368fad0b2742c03,603048.SH,2025-03-10,5,0,5
2a046d734e008f681cb5c2b59636dee32dcefd2f15ec056b56c306e7e9813dcd,603052.SH,2026-01-09,5,0,5
f1a963c5a3309dc78090c97f64c7a391b7601f420ad6398296a1ac634879b271,603057.SH,2026-01-09,5,0,5
650989acb2805e8091547ef708bcf930222b3e863791f8edb595f7d6854ad34f,603057.SH,2026-01-12,5,0,5
d3fad181a3c5b6b254cf83daaa5a06611b1292ad65c7e4b0d46a770ef756c2ce,603059.SH,2025-08-05,5,0,5
5685736db7e569a059dc16a9f7b3e08c183cef5162153080f107f00004481749,603059.SH,2025-08-06,5,0,5
f972ab08ca4b03ef4fa851b06daac68012eaa931cef8724946bd89fd3d8207c8,603059.SH,2025-08-07,5,0,5
d724fa7d8f57b3349e51c548d6a69c5327d4c51eeff8151c2954b038594db7a7,603063.SH,2025-01-09,5,0,5
2cc4058ab8f4e18225b38d999ea27fe5ea93537f51f57246c6b5402792a04d56,603063.SH,2025-01-10,5,0,5
a8047d870305b30ac141d0e50d562ddcfaf4ce91cc05338fb70c1ab3f703f5b6,603063.SH,2025-01-13,5,0,5
954fc7ec3167e492454b814d82da2c3c266b13e2dc0b8a44044a2939681d3be1,603065.SH,2026-06-11,5,0,5
7fb4fd92784abce307036072fc545d58bc8b9d5dfdce7c5622c51bf2e3a7ca81,603065.SH,2026-06-12,5,0,5
8d28fc0a5d09a2eddaccb98263e77b43b93e929b6c7d8d8395e9f21b5d1f72e5,603065.SH,2026-06-15,5,0,5
647d95af00f5d159d6b689472e98229bf6bc13fab696a155fb2ca9dc92cb9c77,603065.SH,2026-06-16,5,0,5
a9350f3f2618406fdb05d8f49adfe4e9adb7c000efc7cf6072713c1f6abb4c80,603067.SH,2025-11-03,5,0,5
c0680f2b701cc5db0a9906b5494a5f87bb9192e3d6ef1177e53b6aaa383494f9,603067.SH,2025-11-04,5,0,5
011c258b8ae7d90974ce59877dd330e466dae2d0d6bd65a103d95893fff1a5fd,603067.SH,2025-11-05,5,0,5
24a34609039ea5f5c2ee5d4c6085c89b9104928f9493a3b5f96ab069ee5b59e3,603067.SH,2025-11-06,5,0,5
d2aaecae4c8f4738c1571b4a1c3a37742c7b440c2ca9cd313a1643cb838acea4,603067.SH,2025-11-07,5,0,5
12b180014b41a68f3ba3d29afaebefe833ec29c5235347a16224f0572ec0124d,603076.SH,2024-04-23,5,0,5
fc65665e3b410b2587097876cc940e671122a1e11b7e3ad88400f8028bcbf3bd,603076.SH,2025-06-04,5,0,5
4b68fd2010e8d79cbff64f95a629ca62eee5f9f93fa25924e764a87f575e5b3b,603078.SH,2026-01-22,5,0,5
9338438936663b1d276a160ba3f13d2cf09aff04b888cbc2601471bf0362d2d3,603078.SH,2026-01-23,5,0,5
319a361fbc359ec19bfbb078f4474c984418dbb5575895ff3e56eac88e1a0c9e,603078.SH,2026-01-26,5,0,5
c6e4dab43f55a4137aade3baf4b8516664bc4011153197d44c9b7322589b3ede,603079.SH,2024-03-27,5,0,5
c3d2158469a8648ee16702656b0827d96a079c3f4db9adb1d69edd8e5db91578,603079.SH,2024-03-28,5,0,5
638fc9d52c707b0bdea254928e62eedc061f6e47200655613cb6ff9b263ab2c9,603079.SH,2024-05-06,5,0,5
9b36ed02a2285e93bf35509899c95822153844089b4023059467a656c45e2496,603079.SH,2024-05-07,5,0,5
4d6d7b5d91fba2cb7761c49963f711f3b14d152994a96c317149ff75d0656771,603082.SH,2026-05-19,5,0,5
29a0f0aab61559e8943cb3a96ed349341b22d675f30b4dbee9e05bb5fc75b76c,603083.SH,2024-01-24,5,0,5
38fa7d9cab39988cc9cae0cfc7ccf3e352d3560599c1a03fdb4941cdb21c07e7,603083.SH,2025-08-27,5,0,5
756da3c6dec45f34aa306d73157b86142d443cb4f456ccff9ed64c2f221e3707,603083.SH,2025-08-28,5,0,5
21600939afc7f030ce64384c56b6156b7f1027aa272ea11ce8b631d1d597f877,603083.SH,2025-08-29,5,0,5
970b415ef7f623e8214f6dab5686599dbb54b38cff0a54ac80d81f75049fc7aa,603083.SH,2025-09-16,5,0,5
d140df9f62f425a18dbbc1526e2f6080e518eb97a0c4f52cb0c8befe461ffad0,603083.SH,2025-09-17,5,0,5
c638df0095aeb1e539ba392ebb19ffeeef9a6ed25d9fae087c7f14f6b78045d5,603086.SH,2025-02-18,5,0,5
9c8bcd8f9bdd4de5c290381fa1633a9bfe6b90f34aac8b89dae52663ffab755c,603086.SH,2025-04-24,5,0,5
4d081f876ddf3303d92d0219c080e86cab4a1a2b3950710f77f67d56e39ce9dc,603086.SH,2025-04-25,5,0,5
4ae1d31a0708f835ec453065eee34002333825076371b02e15e7ff5b6bd7b571,603087.SH,2024-10-08,5,0,5
561a80c74eaccd730f7f174c3da1a5ec0496feabaa0ef8017b12e6a908d596d3,603087.SH,2024-10-09,5,0,5
e7cab6e1d72be71d665b02900feca241f63cb8e82ae0b954564d62aca02afad0,603088.SH,2024-12-10,5,0,5
b58cdc6d23ac5fccdde686755bda31874e04a1dc56fd0f97671a405f08488729,603088.SH,2024-12-11,5,0,5
9fdb58c16a205096d3d6543ef50b335e764736fe01e606af039860c626ca3b94,603093.SH,2025-06-05,5,0,5
b16dd52395d82b52e2f7968c3dfd8a8da7e7f96ca467f961be80137effce63c7,603093.SH,2025-06-06,5,0,5
7760ddb6da8b59830cfb7317cdab8cd12d9c14b13d39fd49eeee05747e45adbe,603093.SH,2025-06-09,5,0,5
68e1394d7eb370bba5f599a94571aa44d10915a4929e569233c3f8702430e7ba,603093.SH,2025-06-10,5,0,5
0c7ba106fde838fc7a3ca1bd85d6efdfcd864c656d445131509152a9ecbc9ca8,603095.SH,2024-10-25,5,0,5
e8f36d061d77431878467a401de048fb472943885ccb0afa26a036a026843217,603095.SH,2026-04-30,5,0,5
c209a44f7687c043b47e15f7f18af18990f6912335b0d1acc9ee6368f362f5bc,603095.SH,2026-05-06,5,0,5
3e214d73b471d203990da982eafa35186fa597b8f26550bbe2c99a06d76008f4,603095.SH,2026-05-07,5,0,5
33cbb2004eed421403743a972bcbba8dda61b28fd63bcac803b2617678a1c357,603099.SH,2024-01-08,5,0,5
3ad4a999060ee36275d3965af23c349f28cd32b6523ed858d0b1e323da356210,603099.SH,2024-01-09,5,0,5
b1e8c14129296caf7d9231daec3101a859f886350e759179ba0259ae8eae1a1c,603099.SH,2024-01-10,5,0,5
3a1bbd218f9ef3532adee1e954b22b53defffd75382384403638dab42a04dbde,603099.SH,2024-01-11,5,0,5
b179cf9ec7cad4d73d15d19b42a12ce5cc9e215439e8060ec89ef87546ec70e2,603099.SH,2024-01-12,5,0,5
230bedcaa28a9d243bf081493c57d4fd9ec2df04eeeda23a064a688dabdf28af,603099.SH,2024-01-15,5,0,5
111fd25b59b39120cc409972a2935b4a505bca40549aea883244218d37f9288d,603101.SH,2025-08-25,5,0,5
fdea8a59a9d2a42ec32b6dba577dede78100faa625a34bf284aac5707ef547e7,603101.SH,2025-08-26,5,0,5
6dfdd980a85e553a5d118cd4e0851cc3e4cece2766c05f4fd6ac93622472961c,603101.SH,2025-09-10,5,0,5
600966e4c42c9d032fedee383bcdc4d39d263fe44a4e40ad65fd8fc5aa680733,603103.SH,2026-02-03,5,0,5
33cec81e59bde8453a4957a64fb679c12585aecc1197a40ea715afb502114950,603103.SH,2026-02-04,5,0,5
188c31e1ac2676c9d9ae2a54567d3e128c9e1103236e1c59fc01ed99b208a00c,603103.SH,2026-02-05,5,0,5
ff5536874e802554dacc2c019ed280a28dbea0ce97bf743c23e898f7f371a405,603103.SH,2026-02-06,5,0,5
5c68d32ca26637c1a69e3329080011893f97d16395a6b789aec9b0b5674cd280,603103.SH,2026-02-09,5,0,5
5921d80431299767161b0c6e4ced274973c89503998f9adbf88392fa65392b43,603103.SH,2026-02-10,5,0,5
0aacb61a2f13b296824021943b2007a9f54c8537e909a7dd68e2f7f4b146fe0c,603103.SH,2026-02-11,5,0,5
359d5b996b756f2b0855d0567ace5733ca1595d304720a2ac2f9d2bd63d4a1b5,603106.SH,2024-02-23,5,0,5
9c7aec9e039271b2788430d3d51e64ab4b94c0e239ee0f2ffaaebcf91a2e4e48,603106.SH,2024-02-26,5,0,5
5dff9c90801a7ad84c827ff34a31119782b997fb2e3a62406b8b82b67a09cbba,603106.SH,2024-09-26,5,0,5
24d9ff55fbf6750abb7fd7aa0c8d3900b1ce1d255dfc811ebd287caba9ad164b,603106.SH,2024-09-27,5,0,5
1962f1c923a11b908b62d8045251150db2d1679dde2bc992bc6a0d9c5ab4f4b1,603106.SH,2024-09-30,5,0,5
cb2829e8218db9f60059fc6f7daef515a366faef8470c86661e0ee6dd4486dec,603106.SH,2024-10-08,5,0,5
0f8edb3b402f1d16225a8ffbcb7474ababf109ef34dd28f8d9a5a69d41ec4000,603106.SH,2024-10-09,5,0,5
aa950648f12d906048dac905b07cb326e3316d7535bb4d17da84e248d7a64c72,603106.SH,2024-10-10,5,0,5
143cda250bf63ccce22f0d068cee628c7ae6a5341e67ac13324e74e31c2869b0,603106.SH,2024-10-28,5,0,5
1a433add7653ba5ed9faa909e338e548ef547c48ce39cfcda7ebe45f52a44c92,603106.SH,2024-10-30,5,0,5
188f250f1805402fddfec301fb2b734e56a7f072e589df7a7de665ae4d0dcb7c,603106.SH,2026-08-06,5,0,5
0410ee32072ee80dfb18230382fe70e18a122ac5064121d7613146ce83f21a96,603110.SH,2024-02-22,5,0,5
f6cdc7121adce06b3e543928fcf41fe8f452cb1f57ccfdce047eb8d7239fec8d,603115.SH,2026-05-19,5,0,5
52832bffc6aead8a8702d2aee85d86767e7121576bd8ff06796f4531c4f828d0,603115.SH,2026-05-20,5,0,5
2e313a2f59e0ea0181d17da138d841a64d01baed03fc9e84d64a3ec725b28194,603115.SH,2026-05-21,5,0,5
12a577e649c73187154411756b55ea98afe640a4f9a0147b6b40d7532b1e7ea9,603115.SH,2026-05-22,5,0,5
5b42205577155ece433a5d76eed6b554ab91e4fd928e9444c57f3812599d7f40,603115.SH,2026-05-25,5,0,5
c162c0c540a4870ecc8922d78982047eed31cc65401181e288a23d333be63a60,603117.SH,2024-02-23,5,0,5
a1043bbf771fa473c02cce408fc0877183afe791f2f53d61cd3d2dd8afb2a52e,603117.SH,2024-02-26,5,0,5
01f5a726c19ee4cfb50d423094fcc6c40233cbe227a03adb81bd4e676dc9dc7b,603117.SH,2024-06-25,5,0,5
bb1c222bed8567373333d93883ca1db64c95a49697df3a04b561b42f05ef32ee,603117.SH,2024-06-26,5,0,5
04f5c23bdad1feb48cbd4e9193401a9eb550e7208c777a520262901f6081d4cc,603117.SH,2024-06-27,5,0,5
c8afd84a80f451c9f70178a13f00b86017881c8bab3f2d302b8aa16bd9fed6bd,603117.SH,2024-06-28,5,0,5
f2d7d783566df1aef60bf690b346ab912e2ff38a028284386df8ec3418d07c37,603117.SH,2024-07-01,5,0,5
8ad32ac6ed9fb1e318f735fa5a18ee26b97c4c101fe0b6a8d12e5bdf4546b46e,603117.SH,2024-07-02,5,0,5
8a2ff10ac06a386aa067dec9f49df55112d1d79bf0b86f58c9a315ad0e50cd6c,603117.SH,2024-07-03,5,0,5
045b17410313df1775210096914661fc5cd3883e9612da8e177162c09c66d918,603117.SH,2024-10-22,5,0,5
513cad28e56de509acc39ad41e131b1c6fb7baccc197e7894f3dc48cbebcfdd7,603117.SH,2024-10-23,5,0,5
388d12eac24b36ebb6bd189f808a0f583412064459c69f004296c4952284646e,603117.SH,2024-10-24,5,0,5
374b89ead31dace667a4e3d7c0df15dd0801aba961049eac0063495cc1f5401e,603117.SH,2024-10-25,5,0,5
ddd4c5c344e87a77f0acec08ce338b111624a6d9ef1411c4b633b262fe11f874,603117.SH,2024-10-28,5,0,5
30009d140e4390c4df7cbf90d6a906759a20f5443326b45cd759f9501bc020a1,603117.SH,2024-10-29,5,0,5
8e4401f1db371b90ec0b33ab98e54ce55b130ae58c383cb00e02cb07bd7cf465,603122.SH,2025-10-31,5,0,5
e4db4f1f155cb793f3f948b7bf2a0d716f74706ea51170781e427e0d3347727d,603122.SH,2025-11-03,5,0,5
7b0177eff162487a908ddd04747e48a8b2a23aa7195bc50b8a53ed90e4b70544,603122.SH,2025-11-04,5,0,5
4b66778b18563a1f85c965f1a52687008bfddcf9121343d5f742716245cc336e,603122.SH,2025-11-05,5,0,5
00f83f156890e33cd12bcfdf95ac6667f0b41be62f682397d4b95d4046fb2ddd,603122.SH,2025-11-06,5,0,5
44497772b0d8f9e770110d1870eadbca67b48161090cd6a1ccba6dde07bec104,603122.SH,2025-11-07,5,0,5
b2fd7cec2c61e05b757730c2d5f5d3cb9698a8b1746564a0e64719d26c051eed,603122.SH,2025-11-10,5,0,5
d71dbff22a4d7cf19ed7efbe73aa6f4fba583734933b0c6f7715b28eba2fb3e0,603122.SH,2025-11-11,5,0,5
b0a310b328bc8695a42778ad09956f4b9f7475a789ceb0c339644a2e553600e1,603122.SH,2025-11-12,5,0,5
31eef585f6bc231839a4b582a20ec6b0df568b95820ee325f9920ebb0373c595,603122.SH,2025-11-13,5,0,5
9b8780fcf48596136e6966f010a87039cdb0438d78f18f962b831aa632bf5e30,603122.SH,2025-11-14,5,0,5
11b927a808d878c69ba5f86d03d6e47abc8b6d8353f26835c076b8b4cdbf1748,603122.SH,2025-11-20,5,0,5
029993d5043b1a99dfa73ad54486e19665b23fa837556a09fd35a2af539464f4,603122.SH,2025-11-21,5,0,5
738855db4656450d3336811b52a3b06048e57f5c7b356dfcfdedb44c4cf6e22f,603123.SH,2025-06-05,5,0,5
42e3a66597847b9a7a6caa3067759a73928de47dd083bc792c81db405df62aa0,603127.SH,2026-07-16,5,0,5
6788be1346191e8ecea642c2961cccbcd78d1e0c2fb321f285bbb451f0ff8c9f,603131.SH,2024-03-08,5,0,5
d72a49034d884fb0c5b4dc5602e0b039be4a23032536d9d9434338ba6b1720a5,603131.SH,2024-03-11,5,0,5
d15bb7120575633c03ea8e77c01ab6d24c97719a3b76f3a6129874919ffa189f,603135.SH,2024-02-19,5,0,5
97c51c34f323282c3adde4bae43f710952839038627efd61518600267dbadc4d,603135.SH,2026-06-08,5,0,5
c8ccac986f6da906ef8bec70fbcb35563b91fd034be7667d4a7675d9bf7bcdc4,603135.SH,2026-06-09,5,0,5
89d5537dacc077d9193e8fdd2e3a041b8335b04438e05cb545a185a22a90e266,603137.SH,2026-07-03,5,0,5
e93050b6a264735024fee6acb996c2104e78982a8d90d7596d010c01732c7e09,603137.SH,2026-07-06,5,0,5
811065e87fe3f9c2cef6b2cd7f5de4e77c37e770a16bde419a6dea453f910fe1,603137.SH,2026-07-07,5,0,5
c6eb984dc50133a6ee4a87f6c228ccdf2bbf9f13ad84a477bdb871253e1964d6,603137.SH,2026-07-08,5,0,5
1ee365394d1db84a278ce9b7145440d683f8e51d6280dd2fdec1918b926697aa,603137.SH,2026-07-09,5,0,5
1f2e1e490e768009b9bf5bfb5353e30de44d0925697058a69eb8488df936b188,603137.SH,2026-07-10,5,0,5
a18b65eafcc90690a4e8ecc86243d118ffed0db281804fda4eb3592ac9212cbd,603137.SH,2026-07-13,5,0,5
c8f47d89884f2657b69d1b3bb42c9738527ae5243a24bc86b6ffad37727ac250,603137.SH,2026-07-14,5,0,5
a596ece78e7616fee7d4b07ea9a9bf368b9efde01100012813a78a772ddfdb91,603137.SH,2026-07-15,5,0,5
801d4b62a059fa9e795a490a3e8328a4e242748bdb9aa23c8c31bfe9ebdcb9b5,603137.SH,2026-07-16,5,0,5
d25b3a021d0cd72ca5138bdbc94f2be688fefc8f6d54ac69fa1226f90feab1b9,603138.SH,2024-10-10,5,0,5
0add5eece159598e94a36c6303b518da5bc0640e790ceac0a5b6ae7793717e4b,603151.SH,2025-06-20,5,0,5
ca0cfb59871824efdef427b9b0dcd6ae5e7038dee1d5cf97812f47f70e099efc,603153.SH,2024-01-29,5,0,5
ad2bb1fa08824fc794df1dd61312ef512e8a251da07907d2601941fc0008b57b,603155.SH,2024-07-09,5,0,5
973a970ea20af14e998837898b0791e9c96f8bd768a50455a53f11d696dadb43,603156.SH,2025-09-29,5,0,5
a83e806427f407d0d44971eac8567deff811fa0583fe7e12702a4b17bef89e7f,603156.SH,2025-09-30,5,0,5
cefd35976cf5ecdb7f33f934897d6353f121adb66d42ece77f670ffb58870766,603156.SH,2025-10-09,5,0,5
8392e9d01f3657c10515a8c3b67d61c13d3ab8f561285a6a4959dbe05f5f3e7a,603156.SH,2025-10-10,5,0,5
2bb6f0f90d6155a3ac0e107ba6deca86a521a391da20b5bcc0e21630efbfcba1,603158.SH,2025-08-19,5,0,5
4d0784ed2c7254210b9bd65e1a57b9d582ffcd70ce5d76e5531339f60410add9,603158.SH,2025-08-20,5,0,5
563b79d01ff17732c23328576dc2ad4df1dcd5ceb52ac5bb8837f01739c0c52c,603160.SH,2024-10-09,5,0,5
cd48c53ce66b7111455714f5b90f47ec9023292eede784eddbf2f44830aaaa77,603160.SH,2024-10-10,5,0,5
e3d824f802418f6c6debf368f44974d3f7fac98fa89e681efa728c7e14931a2c,603163.SH,2025-12-25,5,0,5
4715c3a0486f4b593bbeff70d28284f45d5d691d7cabfae830c097952a43f94f,603163.SH,2025-12-26,5,0,5
c09119f4689e48fb1dabd42bbfa4ef34325e580ad136e9cb7060069bf9d14a42,603169.SH,2025-04-03,5,0,5
358c782ca689df2ce1b7ffa706b285fb2e1cff20987692800e30a202226c7346,603169.SH,2025-04-07,5,0,5
87d6124e0373f6f388a83019c255247eb344821314e24154c05fbc4b1cf3bec2,603170.SH,2024-09-30,5,0,5
2da76f72170f8bb55cbbe94705e409580483f6c068f339bc5e49282a73d57ff9,603170.SH,2024-10-08,5,0,5
bad26b5872127b5b66f45412d6d43d81ca81f670f419f4d0709e881476697385,603171.SH,2024-07-01,5,0,5
38914517bcbbe435a8f3914305bcf9e838fe9df043ec25db5b290692d6a44373,603171.SH,2024-07-02,5,0,5
c8d1c6f82e6d39cebe931e7870d11df7dc79dddd17d6b7285ae9f7ad7aebaaf7,603172.SH,2026-02-03,5,0,5
12a758d714caa9fbdfcab58069b36912fa7f58cf949a8324fadd932c583e0b1d,603172.SH,2026-02-04,5,0,5
c72cd99ae5901cfd01caabfa5f65c45668ad36e480afca57fc37a398ada93bf7,603177.SH,2025-01-17,5,0,5
05dab067db82233b2c3404abcc921d9e1b80079be651393dbf0bfe76ccf480b5,603177.SH,2025-08-29,5,0,5
68f22db5c30050d105b9f8b5d8b5f76f69248449d29305fd6efe383930c0914a,603177.SH,2025-09-01,5,0,5
e8c48e55045780f21e1c26a91712152ca41d0c42808a7a366b90a8ac72198e4b,603177.SH,2025-09-02,5,0,5
d736b4c0e2388c879feb68ad61b30bfc5fb2d3dd8ebbb3e7d8b9a7f872a0748c,603179.SH,2025-09-08,5,0,5
180f398d821864dffceb63736476c838f76ff8e152449efb1dfc8c5fe730eede,603185.SH,2024-09-30,5,0,5
9692081224161eade7703079d322e6b11e937b2ecd519b72ba174fd292906738,603185.SH,2024-10-08,5,0,5
1716aac045a9ef611be0c2ca5afed2edb956f0170a75b80b0df58935d5e63fd6,603185.SH,2024-10-30,5,0,5
b4f0b07d73554e457f16e6694c315f0ae7a722ce34f1336dfc089429b981a46e,603185.SH,2024-10-31,5,0,5
5509b77df9e593adcd9abcd18e1faa1a715eeaddacd595e2f544326668b15028,603185.SH,2024-11-01,5,0,5
44146f356bda6c9d2e8efc3b36e88d297cf064f56e85d2f055412f68c5f04eee,603185.SH,2024-11-04,5,0,5
4018d67e38de64328fd952792447aa9db052f04c5f795b0b9c087a82280a2a1b,603186.SH,2026-06-18,5,0,5
f4147bb8ee8a8195cde97379b0957fa0f334c12e076647cf9e24a970e860aaa0,603186.SH,2026-06-22,5,0,5
4dfb20bb1eb0b8338871a7bd77e8926c7145ae52e96c4460f9833123c383ecc3,603188.SH,2024-02-23,5,0,5
a69705adb798a1fcf73f3e204a2e080180662ec5df8c75c6b79cc4c2216f86c2,603188.SH,2024-10-09,5,0,5
08fcb0ccec5010f6deca70a1a06cc4ba4608e1b0231f999f96d7b110752a5f6a,603189.SH,2024-02-21,5,0,5
fdf9f6d5a95254ff45c0d46ad323d1839d4ffb10c9c3b32f29842dab20ed6db5,603189.SH,2024-02-22,5,0,5
81e7e6bbd58f4529ccfde6e3008cba48db85bc623660004b241045496d2c19d0,603189.SH,2024-02-23,5,0,5
8cbcbc8b4f5b830196e9a6fe0b2ddc95b3e61c29ecab6374194c191df39da64c,603192.SH,2025-05-26,5,0,5
4fc472838723c6caed0105f36f691a5d03c78465bdc5961c0e82db9fbf0d56ee,603192.SH,2025-05-27,5,0,5
dd0178d6184f8a3fafe9212670e9e3292262599dcf76c8795f6255ff1b697ed3,603192.SH,2025-05-28,5,0,5
6e6fc0383d3c100c06da5efdb9a2f8ae8152a550f25e02dba0085f683b767398,603196.SH,2024-11-05,5,0,5
b7181c081ddbbaecdb9b47152572d4283e6bb5a6149cc9d1a4b9a528fff8b20b,603196.SH,2024-11-06,5,0,5
7d94e2cf0b4906c77db81ff26f9f2fe25e03b0f5e9f1d63eb53687255062c2af,603196.SH,2024-11-07,5,0,5
e7b3bd1c355a67637bd16d2358c99ebd625886d0617ac6ae9d18113872ee0dfa,603196.SH,2024-11-08,5,0,5
c53a08cae8902800722441338d3b1fbc2a8a1901b4e51906860520dd43e1f5a6,603200.SH,2025-03-03,5,0,5
5d1f9a6f428d379b6a8a90108c7994797a60c835817d92b07422dcfce81627e4,603200.SH,2025-03-04,5,0,5
90f9e9cd884935707b33f3467397d3a75e80b03b336031328a0909735ac9b36d,603200.SH,2025-06-26,5,0,5
e1870a2063d4017533a443cb5701376b7a952a4445613116fa78af29c7b0accc,603211.SH,2025-01-24,5,0,5
779cb90bf3f91f1c146f3558e9e4e32a7cfde1f9a7de62f35fb47935a539f4e6,603216.SH,2025-11-24,5,0,5
ba6b96508d75a7a3a1918e7e70cb54fc7401a92611b78084cfeeac965be05579,603216.SH,2025-11-25,5,0,5
22ba4aa71526ff9a3dd2990251fa452adb6a06e3e10a497cb58cbd2ec98a7203,603216.SH,2025-11-26,5,0,5
d4b55fd8acb3a4405ed6718f0d5fad35d1344823f0b4b58ae0d99b6b1ccae5c5,603216.SH,2025-11-27,5,0,5
19f4eeda849daaf010346b11f9767498676f46ec3707c6eeb9dde97d7bccb71a,603216.SH,2025-11-28,5,0,5
adfbbbc6c4dba55d3c18038edce66d32496bfc4e76f6948e98058ee297bd138f,603216.SH,2025-12-01,5,0,5
6f80ea8e4e19d689c2ef505f583f33975ab045ea56157f751d95a021261c9ed7,603216.SH,2025-12-02,5,0,5
87daead36e11f1c38e9d6d1baa51dafbe120e79cf17544af9f4e549542f98fbc,603216.SH,2025-12-03,5,0,5
9e276d9f37e3171f9d232782202af53fe7e21d495d7526e473a043e33da604f8,603221.SH,2024-03-27,5,0,5
507715524c80535bb9f89e80301c12349270e3bb5f55effb5da2b0c6888644cd,603221.SH,2024-03-28,5,0,5
eeaa1dc70a0cec4f2b10ace3e2797faa2898081ba626d9f0dd57099bb2449811,603221.SH,2024-03-29,5,0,5
53c91857a51e2cb513e9cedeef20d4c7254aa62e41fec25bba000a7abd6b1cd9,603221.SH,2025-04-09,5,0,5
4fa84302e40873d6663a8d7199fc261ba500c91790b57e5ef8bfde7787fa16f7,603221.SH,2025-08-18,5,0,5
1d836bba405e1a6be671d18e29e3b422279f241fe5deddbb8a4d18ca55f7958c,603221.SH,2025-08-19,5,0,5
0c57666632fc882a501a35353620294657013343e91c41afe2d00d4043b6162a,603221.SH,2026-07-27,5,0,5
197ee539c59363c5281331228f9c7b8893503f02290f6dfcc413db18a9cf09aa,603221.SH,2026-07-28,5,0,5
ef7a8108d2bfb1c654e5470ad3de89b8e263bc1b82126d3ace55ae927986a272,603221.SH,2026-07-29,5,0,5
289b71aff3eef0f1fd37d76b326a71050a112f5c6429bf4ec3209644dec5d36a,603221.SH,2026-07-30,5,0,5
ae0df9f12041e130edfd49dce9aebeaf35e29cdd71ba3c1d3b0b310af2d3f68c,603221.SH,2026-07-31,5,0,5
647c69e73a5f5c4927a827d77396d67fac08ec673d4d2baa9c528d602eb57f6b,603221.SH,2026-08-06,5,0,5
e16b266ada05237f79110b1ae84b5a89c950ef54f5bf8d24bc43ecf6d8816ba7,603221.SH,2026-08-07,5,0,5
5e14774d45a08c8888125e411c46d1b69a73bc6aa1ada1f4c5a6cffc65422a4f,603221.SH,2026-08-10,5,0,5
c0cc50def1f8826033ddc5994a83f66ef31fac335e817f9c63eb82d3d896ada4,603221.SH,2026-08-18,5,0,5
08c4ce5911906519c79447b53dafd8b287fc8188c29eb8f87aa1adf85f320f5a,603222.SH,2024-05-10,5,0,5
0f4d588fcc2b8f3df4d752016847d0c0841cc1e2f0078be936fe89a63dcbbcad,603222.SH,2024-05-13,5,0,5
7560f4b1d49c3b5653c77328bbbb2f92a71fdc6a6d5d77ec72a540adf8419171,603222.SH,2025-08-19,5,0,5
b07f84dd71df8a80794ea0aee2d762fb5a0d50c37bbe41a5bfde04e7c79a7be4,603222.SH,2025-08-20,5,0,5
45914f522feeb664bedead935a44ad710b06a0f11d21daaa6d9b5cfe0e934fb5,603222.SH,2025-08-21,5,0,5
93023ad584b2a1efb3dad34db085e3d25098c5262ec680b7aef663cebd4180fe,603225.SH,2024-09-30,5,0,5
1ac1d99d5f8da1664c7b8e77927cb7f266c33123cbf9a815da65b2a2c1be1752,603226.SH,2025-06-06,5,0,5
e746728174783e02279f5819ac82aeab83c67ae4328391b4493a1fab90d0a9b7,603226.SH,2025-06-09,5,0,5
fb81dc480588eb30657e658e248367def9b961269d1885aff56745496932fd9e,603226.SH,2025-06-13,5,0,5
2644e40027e41cbcc3e6817d17ab20266f90a64728d5b4da478abca19532b298,603226.SH,2025-06-16,5,0,5
5b08e7d193d6460b533dc7efc1dd23fc795ddc1a5ed9559d0e90eaf5474f2916,603226.SH,2025-07-30,5,0,5
79de0fa700402475466bdd68e6c99901bf253a2afd3567b339ef64970e5192c4,603226.SH,2025-08-08,5,0,5
5f3264eee7a36d3452bac9f6fcc7b542d93311df36cae5b13159c1eebd0ebfcc,603228.SH,2025-10-29,5,0,5
c31aff94ed08a725ea8698af4afb53605c4067f3475377bb9dce82ec91d725c0,603230.SH,2026-09-21,5,0,5
d15fa6dc9060cb6afafb08aa09403156f36e2e9cda4ce535086275fe0331c6ff,603230.SH,2026-09-22,5,0,5
7840e465b69b76172940d9945c8a08e0ae13fdbd6a67457084e82398cfccbad8,603230.SH,2026-09-23,5,0,5
b637237a03cc6304d8569126b3433455835d70ac2f9572a0785997b7d0342483,603232.SH,2025-10-29,5,0,5
ba290683a355f50367b93e7a33e65b77f85345237378cc154a2237382bf7caea,603232.SH,2025-10-30,5,0,5
3752c34dbd24c850e6fbee7f464f7ee16bc4e29b4247b2a47a5c0de8529a0a40,603233.SH,2024-09-30,5,0,5
764bfb5a5942dfd144c7b256b675a082cc7d9f4406f7e6284868e627c580906d,603238.SH,2024-12-18,5,0,5
c7d0b80250dcbdb1b5c1fbe40ecbf56be191baeb14f2c93021f8b0acb97d211f,603238.SH,2024-12-19,5,0,5
50d9fff777700e235e3b21a2d0ced4f6b79d87ddf2c544922c6fad73aa7360fc,603248.SH,2026-09-18,5,0,5
b1e4fa39c63a0b9db27167caa40767e575ad739b202e0533cfd066315f8da8cd,603248.SH,2026-09-21,5,0,5
2e448ae4f18fdcd9736595e38f24d8a5311e6a51edf0ad8633daabbd74c36a07,603256.SH,2025-07-09,5,0,5
fd84683a62d3b041724bccf40b3428d73af7b425c8ddf81a1017e578974b9bf7,603256.SH,2025-08-18,5,0,5
542611da8e8fb3525f9e234a0b547b138de4c45767c8226c30cf1ae362022876,603256.SH,2025-08-19,5,0,5
a75ed20f5dda5d423e5c4b81e56a81359ae8801421a0f4f6f5c940cbdb1c7145,603256.SH,2026-02-12,5,0,5
2f856757bc13f33658ce26e64370dd80baa7160111b48b2e3a9520e5bef13f3d,603256.SH,2026-02-13,5,0,5
9926b0f8fa040182bdb1f7a1ce26af039a0f13fcab65a716c99afb78394772b7,603256.SH,2026-02-24,5,0,5
15c4858b03b5045b687d8bdd47e86a43106fe8598bdec428e9e86f5f1d63a124,603256.SH,2026-02-25,5,0,5
aa2f849ea8acea152437a2329cfd2b7e8d498b26f544df77f76da6563afbd1b5,603256.SH,2026-04-14,5,0,5
a3b5f9731b4e27667c55c74bf20748ecf7c4f49e8bf92a8e2571f72e6ee8956c,603261.SH,2024-03-08,5,0,5
64ddd506bc25b13baf6c72a62069f0c846e808d902bef3b57ec9e419e4c70420,603261.SH,2024-03-11,5,0,5
230f8765d895c8229121d4ae6c37c68d279e48dc424f5bea67b048e9a87f8744,603261.SH,2024-03-12,5,0,5
16061a6321c13d1242323a913df6e0c06649824dc826fcbe828eb9dec30ccc96,603261.SH,2024-03-13,5,0,5
b6054c04699746ecd201ca4dbe7d1eeed72b2d0ef966beda8740750bf63ac323,603261.SH,2024-03-14,5,0,5
976edf1853547dd95a86912483e2de7a49fa5268c903d0294bfe0de8d5871d08,603268.SH,2024-10-21,5,0,5
cbc915ea6c6ec09d2fdc0284c3c6b20098cd240968631794056fc69e459f650a,603268.SH,2024-10-22,5,0,5
a94b73982b332fba7a330390e587d517389db7a1ade0d8d373803e2424006677,603268.SH,2024-10-23,5,0,5
c5ae3a8a47809d68a4fc91e321146f387f02584c1e909fafa3d2c79887e17b0e,603268.SH,2024-10-24,5,0,5
fee99d77f3b58c0c709a0a6449da4f674a08380eded0f8729a0f0a510026f5ca,603268.SH,2024-10-25,5,0,5
e292592602a0eb6f5b5734ad3a682134416671dfaa686a59c1e5ff9fda39d826,603268.SH,2024-10-28,5,0,5
3b2e2cddadb1f0058f9e116cf619b9532963d67305d2b88f84eeca73db4ee973,603268.SH,2024-10-29,5,0,5
e6b516bc73a551dba0c9eda9fca873df791743b141a5c3b0749b579bd8034f25,603268.SH,2024-10-30,5,0,5
2943293684e0e7f514a80642c5c776dde4535084bcdfc267dd9e4b42ed519e0d,603268.SH,2024-10-31,5,0,5
18328f92e9275fb240cf7735281422c6be283cac4bbe41b80edc6c28d35b987c,603268.SH,2024-11-01,5,0,5
4c6982294caeb174fe4f2a48a96b94b09389961a17381fda29973199617b8cd4,603268.SH,2024-11-04,5,0,5
8b761915bdea6d895e104176f193583f692263255fcbf0f9dd2fa88ca4f7f932,603268.SH,2024-11-05,5,0,5
c0e671e62c15b1ccb0658eb11d8119dca0d276bb45aa5775ad1be26dc8a5b462,603268.SH,2024-11-06,5,0,5
85f736fcfcc369866d063e32032e9bee73e4f8d53d43bc5ed9fb4e336a76fb97,603268.SH,2026-02-26,5,0,5
c50ce72161de5c1833f043aff3d53babecb211e207d8b8be0a5035547d5e3f25,603268.SH,2026-02-27,5,0,5
6f3ab6f62d318a5d538ccca9145d8b6c3531340aebfd0e885b69e43b7438affe,603268.SH,2026-03-02,5,0,5
89717db53d614d6a4f6bcf101fa1a86d453a7768fb43bdc16c0d9636da028c35,603268.SH,2026-03-03,5,0,5
8cffc57fb6ed6cf48ae57bf83e1f660f682376aeeedca2cf8d7b5329207cf482,603269.SH,2024-02-21,5,0,5
773e9c639b6a4c73f5d37891dea114d10513bdc1cac486823b3c5df95dfc4707,603269.SH,2024-02-22,5,0,5
80f67f63f49de34aefd0aab40c63616412ee1be325a5f153a443faff20b6558c,603269.SH,2025-01-09,5,0,5
7031a03fb321619f49718db7e8634bfb2878d1d8ba42573bf00b3aa005bede7e,603269.SH,2025-09-23,5,0,5
04a52c00cc0495b8ddd02ec22d2ec4e5d831cd5289bbc6ef14ca210b6d3a6710,603269.SH,2026-09-02,5,0,5
53f6fbe2152c00f56cb0ad57921ce6ab2d896c809af2b0716934f5bdd9eed629,603272.SH,2026-03-26,5,0,5
c19ce3e4e2d758a32d67958a3e91199bff3d1c54e655e59babe489dda0b3a51f,603272.SH,2026-03-27,5,0,5
f9f1f2c4b255a647285f2f854c6ecf3cf7f4f7f0a6eaba858d9bb939624359dd,603272.SH,2026-03-30,5,0,5
483e443cf0ce115ff6ad7e8c7052f060a7d786c90224aa10593a19231ecfe8d0,603272.SH,2026-03-31,5,0,5
6824f5fc8999c3a89b8ec0fc3006db84435060e7fb6ccbd87c333e2e47be6810,603272.SH,2026-05-29,5,0,5
d45aea5530c0b10031fdea813d299a6696b3fed51ca24b705d6f7d6d2a45ef4d,603272.SH,2026-06-01,5,0,5
a455586ba50934ebc159d9fb158912dfc9eae185e8df9410168903a26f9b2055,603273.SH,2024-03-04,5,0,5
3987ac68bd7040b8eb07a22a1c66d9ddc420ba8c120cf2f9c4825c33f3d54fab,603273.SH,2024-03-05,5,0,5
b09950357a72a6b605fd8b02d6c37ad82c436402c56a59f04d3c97eb80ddb89f,603273.SH,2024-03-06,5,0,5
fdbe94f3319469da3cf49b281e614fba138322aab4b160e5981754eb09b6f45a,603273.SH,2024-03-07,5,0,5
8aaf70681719c0b16d03628b1942494cee8e09f375e5e2cc553726711b0c343b,603278.SH,2024-08-05,5,0,5
452a5c45fa79bc15abfc751bc9aa47d21bece090d3a97b88a10ca8ef277e3a98,603278.SH,2024-12-03,5,0,5
5b282d0e353c376fb4f12eee4db3072ebd681d29459e0fe32ae41df7dc59dbcf,603278.SH,2024-12-04,5,0,5
3a47259a759c03af056f2dd0094f57ebf693c17871f542ba3a2ac59dae0efc29,603278.SH,2024-12-05,5,0,5
c1d34c80f80d7e4b852a656094222776c6e767738f14ad284e311e5ee3506632,603278.SH,2024-12-06,5,0,5
15fdd934a2c3f04162faf998beff45c17125af706e11930c7a24a386d75c4821,603278.SH,2024-12-09,5,0,5
2c37a388c8a4bea5bcca4c21f85e35951e428af6a78a5107527f41acbddeb7ee,603278.SH,2025-12-29,5,0,5
b69fbc54eb364110b99275709977805015e9e448a87bfb47cdf20d9e255a280b,603278.SH,2025-12-30,5,0,5
eac189d63351515ad14dd0d1325417094e274d72a4df1e92a892f23e196b8b67,603278.SH,2025-12-31,5,0,5
a58bf0216511948d173bec79f5dfb47adf2db9627cf76db04f4d44368a38f675,603278.SH,2026-01-05,5,0,5
62fd7b8c134d6b31656efb93ac72c3863944244f214660b207e4c5a82ce17943,603280.SH,2025-07-24,5,0,5
389e37d7b99611e78d0f8e9d18b529725388ea4f8e7acb86676a9349827a6d39,603280.SH,2025-07-25,5,0,5
929cf770a07d50bdf29e3cfb16cf89375a97a72625b8c43babe494e1ce77169b,603280.SH,2025-07-28,5,0,5
fd6957da362b3fcd4bd7494fef65b58d2c7f581fa8765a5d9506ee6da92eb5ad,603280.SH,2025-07-29,5,0,5
8a8c21dc49420dcb4542900dea229a1b2fb9c34e01cdd4de965bb5236e7dc88d,603280.SH,2025-07-30,5,0,5
71ca698a564a528ea161e65d262ff2512b1cef4c1713c9fbfa79207ca50dd4dd,603280.SH,2025-07-31,5,0,5
117730ac791aad03c16332023781f0bafb04206f2ff3e722fb009f87f396d683,603280.SH,2025-08-01,5,0,5
fa13514a8daa289580d319bd2880b35b2a7dbbbedc0793f280eee858e88c0ba0,603286.SH,2024-02-27,5,0,5
a68a5ee2a0dff18ee15a1e03b33fbd9c48ec364ca877d1cf9946c47ff80e50f2,603286.SH,2024-02-28,5,0,5
a669da71f86f6b68845369aaacb11be33932b95dc5e1563f67984acbce3bea94,603286.SH,2025-05-06,5,0,5
96f6865298dc4c7798dfb5344c4797a32771d0c7976b32e8f2691e0e0ddd3ff8,603288.SH,2024-09-30,5,0,5
326e9beafcf54faf55287e395aa731a5898a169747522ae212fc4153fb24ae91,603288.SH,2024-10-08,5,0,5
0e5ae056f71576407b53dee7f037efff18266a343ace02eac1c8d812452e9b92,603290.SH,2024-09-30,5,0,5
f49f459531dee38a561ed53ac671235da883a7374bf7ec5b088f2cdfb478a92a,603290.SH,2024-10-08,5,0,5
b739cdb70efedbc39b11ab9669e347fc08d4538551b64c9c58c72f063ebd82ea,603290.SH,2024-10-09,5,0,5
bd2a3aa03b1f27994bde7b84d31f4dd8a43576411d8e0284d97c6149e5a2a3e1,603290.SH,2024-10-10,5,0,5
ee186e9739a7ac09f7156f0f43bdc485c3b1492b227e5b26583dd0d0e1fb6529,603297.SH,2024-11-04,5,0,5
49d5dae4161d0ea678e3376ae2bc1b74f7970b1fd4883596e33338f83d9bd58c,603297.SH,2024-11-06,5,0,5
d3bd186a1547db09a75c3f0f5f7c08b511858b1a726ad2f1fe71cba9fcdde585,603300.SH,2025-02-11,5,0,5
232554262c12fdee6675f4d6b057a2ddacbf3d6ab0cfdef6f3ebe862810b9026,603300.SH,2025-02-12,5,0,5
88aa04f00ddd5305bd4a7050b876aef0c53fdaa618c945bd8c69ead2b9e0f598,603300.SH,2025-02-13,5,0,5
758d14e555ac744a568f38cf5ce943053c614a9e6430d6b5f71ebb54d170b339,603301.SH,2025-09-12,5,0,5
665200f2c04e1d51ab8b6a20d672407d07ea1f13fafd7271def78e658839bdc8,603301.SH,2025-09-15,5,0,5
ff75ea48a2619ee105ad540ff0f01fd9f9c6fa0a79c8b6f0d4ec2819ad63fd6f,603301.SH,2025-10-13,5,0,5
4eb6045b6a786bc68118437eb97b35118926fdf5968c4274f15324de989569fb,603301.SH,2025-10-14,5,0,5
e499373432fc5a1f6ebb39e120ca943c324d5a07b5a52d729977eee5c4ec7183,603301.SH,2025-10-15,5,0,5
3a490ba1efe5c5ffaa62b5fe102c7cf8b647104a8a1da525baf657b6f48311fc,603311.SH,2026-05-19,5,0,5
886e9830981dbfbf00f2b77579503320fb40a0de0a2b2fe6f9145f4fdd7ae437,603311.SH,2026-05-20,5,0,5
b03f0c30c1a4f34afaabb0d280b58eea71b6ddfd4c4c77aa2cacc6acf88eecd4,603311.SH,2026-05-21,5,0,5
cbb255b33d77733f1ac203aa94ad8eadcd462d175fb0e6e8f75544a5ed993207,603315.SH,2025-03-20,5,0,5
2d699d7347f04e01aa0807de62fb502e9aa45ad6846bbc82332c6f9ac34d6c88,603316.SH,2025-07-01,5,0,5
596de8ae8cbfbd2ff33d774baf8e919bbc5afe39ad99a3ee178246d50e31ed83,603316.SH,2025-07-02,5,0,5
1d0afdf8ade5676c77da7ecb3050cb93fd21d5c4bf7c2d5f9bd6d4afa879ac75,603316.SH,2025-07-03,5,0,5
66f6f155c430f9f96c488e2ab76114fca1688ec56fae30d8a81c65b7d61b71e7,603316.SH,2025-07-04,5,0,5
3272e580ea27eb14e95b309f0e03376a11b3f00e5e0cf4ed4f0b84c98a702dfe,603316.SH,2026-05-21,5,0,5
18feeb2fb93b1e943e42cf6fc82371b0839b0a8e48eec88e5e775e711a76fd2a,603316.SH,2026-05-22,5,0,5
cb5c8125509df8218cafe04fef6017ce45b77bf9632701aecb405dc55ae39f9e,603318.SH,2024-11-22,5,0,5
e439b709695d41064dac5a49c72959d645044c49a49e2e89020631909af393d9,603318.SH,2024-11-25,5,0,5
2f52199eaf15f11ee4ffd40f0a77e82e9049b6dd3fa868e2b3a4b10e9d23c470,603318.SH,2026-03-04,5,0,5
a083dc0a97cadf9240f0acb3df2e7c05ba97fc0aba0b53fcf8b9c3db9c276861,603318.SH,2026-03-05,5,0,5
ed10432d10bdc5414d692c20d6bf5997e9e28ac0b4be94982b3d512a148510b0,603318.SH,2026-03-06,5,0,5
d68f2ca0933aa47fb080bf0ba53748dfac3dc6f3869d8e199b31d1319f7128a1,603318.SH,2026-04-24,5,0,5
08c81f1f6cd469acd19b70b84d5af1b95ad19c8cdbaba71b15baeb725bca7726,603318.SH,2026-04-27,5,0,5
c9743494d21a50efd771c888b239cbee3e4b407e3e605d57af7ea193a2f82ccf,603318.SH,2026-04-28,5,0,5
9426347931107d33c8a2d59c251ef6a0c4de7cac5800def0ba0742f06d2a317c,603318.SH,2026-04-29,5,0,5
44035302ad3f028bc2b024dc1c6a33226bbf6d29ac9e09b64f0f00ac29a61d32,603318.SH,2026-04-30,5,0,5
1cde96eed53b058d306888518c8eb39c48ace9707eef320583d3a8a5720f0fa7,603322.SH,2024-02-22,5,0,5
0a3e1ef44a541d623165cdc8773a2eb9076a8655aa29d72a7485e458d612a958,603324.SH,2026-06-29,5,0,5
ee6d19c7dbbeabacd7547f71bfebe5773d4096c76cc6ce6088741ec173976c0a,603324.SH,2026-06-30,5,0,5
6ac93e90a228b61499ec58ae155e3fcdf16f9dbd075724e96172bf8aa74c5e19,603324.SH,2026-07-01,5,0,5
c8dc9eaed06678b0a235a6af2e0a61cfa1354c195b17eb14be5bbe4daacde1a6,603327.SH,2024-03-05,5,0,5
e8e5f31af025caeee87ff0659be5d9ddb487685704f6bec26fb43c19f26b0a1b,603327.SH,2024-03-06,5,0,5
c2626112a37ace0a658fd26eaebd6d79253894ee4b8986e150fbbd99519d1ae0,603327.SH,2024-03-07,5,0,5
791f41dc4e3250e90b3db6a2c8e0b30feaecf10dadc4eff4c595fc59feb6139d,603327.SH,2024-03-08,5,0,5
33eafe1ff24cf59d6f918793ef350334a852f9239a1d8a696d95f8bf52f936f6,603329.SH,2025-04-10,5,0,5
b87fa89473dbb3a90bf764342aebda8cfea2fc4d953b9dea32525cdb7c101ea7,603330.SH,2026-06-04,5,0,5
8da6d89f4447aa214275597957b7b9ac6881ed874cde96ad8b013fed7d4257c4,603330.SH,2026-08-17,5,0,5
dfdc7a1228fd806d3d5523a1728b131634dc32178718b6ab44ef7d89c6104bab,603330.SH,2026-08-18,5,0,5
6140ad71c3fd8fbaa8049ade49b714fa76c88d50c6b8dec2a6c98fba3b3d38ff,603332.SH,2025-05-14,5,0,5
4f050c58cf7a84af45c6951f0cea0bc839c0a8a0b40c978cd46c9c5b0ee75a9b,603332.SH,2025-05-15,5,0,5
a0f0342c95b1034474d987a9c47ab9d93876d1596aabd7798b52aafb926b8254,603332.SH,2025-05-16,5,0,5
613c27453f53aebb6759bc11b016bf3aae2f7f12bdac6619a987b4e7330d3d53,603332.SH,2025-05-28,5,0,5
969f51ae1ff3c0ad4d3a2dd17308ffabb075144b21847a3e3bb2fe9cf9d1e7db,603333.SH,2025-05-27,5,0,5
a58e739a848be1c4fec5580b4c2463b782063af5b4b5748316620f1e471690b1,603333.SH,2025-05-28,5,0,5
6323b70d4763f83c8cc7cfdf6fa88929de489af15b329f41f445bfd25b804feb,603333.SH,2025-05-29,5,0,5
227203239af066be92c78dee54aacda6acff8b0db644f8de3c0f469079335bfb,603333.SH,2025-05-30,5,0,5
9bce7b0f397144ebbacaf4810b1b55cc159b8bac09582ff7d81c78363c5e2d1b,603345.SH,2024-09-30,5,0,5
57338c949a91b10598107e7d710b8c69d376445ed97c7a8f886e444fe3b8b32a,603353.SH,2025-04-01,5,0,5
32e42a53765a76496ad3580de089488dd43756c1154b00989e63de9cec03d3ab,603359.SH,2025-03-24,5,0,5
c7b8ff841d27f2f1f183fbb317280839faa7088ad74d5c33ed57ce96f2761200,603359.SH,2025-09-12,5,0,5
7208ecc9f7176b749db8fd10c21a839ad2ae6d559552c2e87d4f4b5081541937,603359.SH,2025-09-15,5,0,5
ff25027660d4ae21455773e8bc052ba752bbdc230dd4f94be37ff667f2137d42,603363.SH,2024-02-26,5,0,5
2f7f0fa32978604b6e25547d3b4ff463774c0b659b5ba00cecaba6797058c479,603363.SH,2024-02-27,5,0,5
3db2111a819df4c04153244dc90696d009d29c58e0d0eb00465d4980feb6dc70,603363.SH,2024-02-28,5,0,5
837a4d68156a7fe107c9a8bcf3ef955d9e3bb15259ac16553c9ae291de330042,603363.SH,2024-03-20,5,0,5
c995ad35f09a2dd517086557c515e808aca6a0487db83995d065809355acfa08,603363.SH,2024-03-21,5,0,5
17e97e7078d21442f0503e83eda009cf089cb06f8b641bef7f0d12b2e8acb1d7,603363.SH,2024-03-22,5,0,5
97f8dee76145bf71ea0bff43db7defd798183632573b7b2275b2d7a5d763f525,603363.SH,2024-11-06,5,0,5
614597aa4508c3fa9cb9eb9849b53ab9c225420d39c241179d0d28d99edaa900,603363.SH,2025-09-01,5,0,5
82684859ee7aa12cc2cb68af9ff1322485987c9c3d7ba8f18142ce9e6f242631,603366.SH,2024-11-07,5,0,5
0a93ad3f03925cb267bf6de5add934c025aed52bafeda7205f59f1ca0dec5fdf,603366.SH,2024-11-08,5,0,5
f7dc6a41d705b8f3147618caacc6121976f52558cb81125c4c1a2f68d63aa933,603366.SH,2024-11-11,5,0,5
8b6b1947f333ab44cb8963f6bd0d31d98365b7e1467d1ee99a37ee69a9b01f92,603366.SH,2024-11-12,5,0,5
d2929604096ebb8be5700dbb6a1cb73f3ccd866b8af8a30e6f55f7e5d8b22364,603366.SH,2024-11-13,5,0,5
e8db4dd6fc21d6e4ed18d029e5ce618c5b8575939020251a864b053d680642a8,603366.SH,2024-11-14,5,0,5
6df4140039b5a689ea2e4062da2e537fb78eb53ef2b233a20a59aa20c7a83702,603366.SH,2024-11-15,5,0,5
9e41682aed558ff8d5b5564072bc9f0797e20a33f470e875e8f517240ef5f476,603366.SH,2024-11-18,5,0,5
b1326e1463e7f047adb1e57c151ebfd966397e452590f7e92c422b57dfef063c,603366.SH,2024-11-19,5,0,5
b7c1fb645bd8c1fb364231ffec8dc59806a8e747142fe5c242cf24282c6fb151,603366.SH,2024-11-20,5,0,5
09873e90e79a3bcc7a4e803806eb03cec63af83e43d68b8792b46f85f85f0093,603366.SH,2024-11-21,5,0,5
c3f1630e4abb07e522ce3aeae7f458ff39f081842dc6b4b5e1c1f2ca1217f952,603366.SH,2024-11-22,5,0,5
667ee1673bb77768e1c1b8a1ca8d9f41e6fd2a613486d6d2a6074d760eb2dddc,603366.SH,2024-11-25,5,0,5
1117926d63509b0c098df824f274407708290b8d403faf98faf16deee1072f90,603366.SH,2024-11-26,5,0,5
e34e086f38310a4e94b529cf6484d691b5e21162ac70cb945728cc80e43b711f,603366.SH,2024-11-27,5,0,5
b70a7e4b36798450a613b255231eddbd3599436a8ee5a275b468afe0c3337ca2,603366.SH,2024-11-28,5,0,5
1bb37fbff19b8ef68128989e4b8d55274f483c543e5f4806582577a91976c8d4,603366.SH,2024-11-29,5,0,5
a2f70ed0313041b3712342f88d8ac675eb83ffb46488ca289ba31245a195c152,603366.SH,2024-12-02,5,0,5
43efa32e43fbc4b2a8e19c9a49bee67ac2528cb9120a48d5659293fe4f581966,603367.SH,2025-07-30,5,0,5
f6f88a170d4d8886804d79c6564ba33d401f5bee93a254708a0f87605e74cc69,603367.SH,2025-07-31,5,0,5
8ae0e5d1f90d908fd25d0a68349d2c4f05923859ab26a4ff85861e1574454d53,603367.SH,2025-08-01,5,0,5
215bf81d6535640bbd8002c6f5387a1d82818a114bb6596f15f5bc02d8c051f2,603367.SH,2025-08-04,5,0,5
8e360aff0ce3c36204c8aba36a26037aa4b3990632ba875c012e21b35a72c267,603369.SH,2024-10-08,5,0,5
b90a27cb8c41a5f844caec11db2a37c5ca86337a67529aaf74a7788f3e0d3a39,603377.SH,2024-03-21,5,0,5
d3803184f901450621ec816a245b4c47c27de049d2e8fe84e45b73faa56cc308,603377.SH,2024-03-22,5,0,5
55168783b5b237511f271159b4baba677f4ef33ce98519754e5cf433f50683a2,603377.SH,2024-03-25,5,0,5
64f55662d957da16ef23e03914de5f722ab90837c6201cc3b13e15a38df9fddf,603377.SH,2024-10-29,5,0,5
6d347602bcdc09f5781afe7a3ccf0dd9fb11fe280b641bad9b3d330800b957d9,603377.SH,2024-10-30,5,0,5
17f817609c9591ba9d37bf921aca6f018f68c72190561646424b6a8f583656eb,603377.SH,2024-10-31,5,0,5
993a6c4aef0e2bb8dd2d1ef2c992b00d3b340a31d332cc493f44230cd3618ae1,603377.SH,2024-11-01,5,0,5
f15fbe2004eb417ba37bd0fd1ffc53b82845e66f0c2579b4ae0ec1ffd5b3d7b2,603377.SH,2024-11-04,5,0,5
8dcdbc72e1408db49f1a6d8a23730b3403972430ecca3aa7f961ffcfdf5d14cf,603377.SH,2024-11-05,5,0,5
1cefa39445c0fb6a784e7036389e7add403ed6115c27ad2cccaf014ea7029dad,603377.SH,2024-11-08,5,0,5
741f537f5771d1cfc734a35cd18d40e56c3b25b9f816c0fa134f6ecfa28561da,603377.SH,2024-11-11,5,0,5
b6009e3c85dd84da19bee2ac891d17770c9b3b7526c697883443d9985ad94042,603377.SH,2024-11-12,5,0,5
2089a9b8d19a112a5b742f2a2fecf36604dd49d045989dac9adf1a480e2fd936,603377.SH,2024-11-13,5,0,5
77e0c0e3e1ff62e5c161075446d450424fd5af4954571d4e00dc011620aac950,603377.SH,2025-03-14,5,0,5
a617068937bec2b94ea07af4c421ba045bd6920e0be6c672685cffeaaa58971b,603377.SH,2025-03-17,5,0,5
e014167b77563f9115ab70b701fe8f03c2b63c2e5fe3777d0440cb0fd1a4f3dd,603377.SH,2025-08-22,5,0,5
4a645acc698c24840d84aac64a3044759f86fce86172d2a7d4dd0bf33524da11,603377.SH,2025-08-25,5,0,5
59fe7f392fb2406a640a8adf62060b9fff1a58d212d4e4481da3e5819b3f3abb,603377.SH,2025-08-26,5,0,5
93e3d20802cf1f5bbd43c131ed318851e3aa85ada6d8672f83ffb62a03e607c9,603377.SH,2025-08-27,5,0,5
c66851b8892592816dd483754c6e3101c7ac97cff51a46a858eae9a4f5cb9f80,603378.SH,2025-10-29,5,0,5
84595e0d234b4306f2fe30c8d2b9c292cc695f076c47167db00281915161b610,603378.SH,2025-10-30,5,0,5
f4c983ed205b55c9d7c61ef69ac350870bae58d65e7d0e5e86d5411b3d7b21e0,603378.SH,2025-10-31,5,0,5
a1b97a12635038980eb4b75ba1a6d7165f789508a9b664f92b7bb30ef55ce854,603379.SH,2024-09-30,5,0,5
ad33e73abe0aef1f999ca202ff78fd481c05f92fe5893d35c01e1e02f970cad1,603383.SH,2024-09-30,5,0,5
084facddc572507bc3333d9c514bcc264ed18ee21a7c85aae50ad4529b6b8585,603383.SH,2024-10-08,5,0,5
4b7b6d9ddf8270f23da2bf9101b772b8d3b7c345c82994a71b65f631e14f5f57,603383.SH,2024-10-09,5,0,5
32a511df2fb4da901d04c9f3942183c1a5ba7d99e6e3cecfd2270232cdd9c96e,603383.SH,2024-10-10,5,0,5
315f181d22a72367210f68b3d6fb8af6922a5304cd3c58e9e1fbb193940c1054,603386.SH,2025-12-08,5,0,5
ba4b1a3bb8c623655c6f60bdd25543a3ff8d05985cfeb58ccad077cc7f814de0,603386.SH,2025-12-09,5,0,5
7f490beea01f104f84a3d9fdfae9d94449cdb3a6c9ffa15e94e8988971c5ec48,603386.SH,2025-12-10,5,0,5
db294c48c0b2896d3ee7d2aafe78536c63ef5be96b974c931eedcbbee162919f,603389.SH,2024-03-27,5,0,5
dc6e075b82bf0ab7490186bc54ff09221c7fffe629fc80cae22a1c621dc1ad29,603389.SH,2024-03-28,5,0,5
c94d109e3743bcd3bae285a2f6b64909977b0f322ca5027e40dcf81cb1d79040,603389.SH,2024-03-29,5,0,5
44dba7745f13ebf3a1fc28df9c6593bb4836b95d9c039bae0ea7d4aaecea810f,603389.SH,2024-05-17,5,0,5
5758aae2c2e3844ade9ba9f30bde898aa94fbbc8ab59f4395f6a38156b8ccb5b,603389.SH,2024-05-20,5,0,5
11ddee40a3d1847ef6e8e2c2de8b4eb6bb991be3d421635a781f0fad19adab7b,603389.SH,2024-05-21,5,0,5
8a46143ac190df253c9be41d7573b8bed95caee8fb6c8890d6796a33d12ff298,603389.SH,2025-05-12,5,0,5
d82652d4fbba424d885f57b6089533c9276288e975566418479a0330e35d6ee8,603389.SH,2025-05-13,5,0,5
abcb96918099c169180886f97c202b26dc6ef694139ef5b9cd69a5b88eec40bd,603389.SH,2025-05-14,5,0,5
67906f332bcd565636b8a935c85235c5cdb0aaa42d1a031802f58272b9ae7985,603389.SH,2025-05-15,5,0,5
15c894b840d43a8e33a196d670c7c72acdac36744b75757e107fb67b9c90af2b,603389.SH,2025-05-16,5,0,5
5031fc382a0b013fc964baa67207c8d28276105e0bc13c68fd8b29150bdc59cb,603389.SH,2025-05-19,5,0,5
efb7114bc8b6c43220a2e980def55da5fdecb067557b685f2296e58270562cfd,603389.SH,2025-05-20,5,0,5
6d33ee68dae574d942aa5d10c1a7195ab8de6d1cefd977bfb8c50656d0174e5c,603389.SH,2025-06-25,5,0,5
1be2fdc7b1e712eafa0e786904fe4f655ea9648b80deb8cec600f68c49c75620,603389.SH,2025-06-26,5,0,5
f2894b0fff4f14ea458300db6b0913483352a6374f263bed8181d2d32edd5408,603389.SH,2025-07-04,5,0,5
ddd0b14cce8980e93908f06c2c3ccd871983b50d59cd4d294241b96e998079ba,603389.SH,2025-07-07,5,0,5
34d8dc4196077b637fcb983697fb155f5e2e7dea871790cae212eb2f7ed281c8,603389.SH,2025-07-08,5,0,5
e9aab9ded8df186493141e1cab5ac8e06a67b404a91399d1d95111e02f86b1d3,603389.SH,2025-07-09,5,0,5
88eb893bc09a0ccbc2a4ba8882200fb9cdfd3424ca872a85d5dfb2d770714f34,603389.SH,2025-07-11,5,0,5
4718bfb4ea8bb7455e3ffdd625614353dabd95f379614dcf179f9103bf718c94,603389.SH,2025-07-14,5,0,5
5c67a6080b15b0456ec2afcb11e75f7b3c62c2f8b47856cce1c9ffad2753181d,603389.SH,2025-07-15,5,0,5
80de749d87844afcfd96cae97cc5517423341ea8eec73f1c11194c017affeb25,603389.SH,2025-07-21,5,0,5
eb32fa40c0822f61df2437c43586701bd4a8ea7cd8e1da74a1b27bc1a21378f6,603389.SH,2025-07-22,5,0,5
7accc59d26b1c84820916aebcbe994b080379d70c199dfeaa29dac2e11ef8e1a,603389.SH,2025-07-23,5,0,5
cd3470795ba296618194174ae6a803b56dc1d0c3f7fd7613ed265b563d081888,603389.SH,2025-07-24,5,0,5
25309e29d5e29bb91ba2710463a77b6719e0b5a0cc562c2bf5fdc15453a4eaa8,603389.SH,2025-08-04,5,0,5
c4a66923b7ba25cac47f773b428f541d95c3d6762fd8639e81de26d77a6650e7,603389.SH,2025-08-05,5,0,5
b5b0d77b6d31ce622e7cfcf0a644b090c3709cd1958abc50b920e78cb591b5b1,603389.SH,2025-08-06,5,0,5
da806b7717f88877d5714500907de1389e977b8e97c8163cd34380cf307e3545,603389.SH,2025-08-21,5,0,5
707e6a7f8226fd699b8007056c8fa6594f6bde87838f101bd72a4ad829572d6e,603390.SH,2024-08-06,5,0,5
acf790f7b01cf308cf77d30305332da384f12b75d4addc4aa3e58d949fd92bdc,603390.SH,2025-05-27,5,0,5
1c07f65ca0b57764d5a0fd04918a5e0a4721bfef588cfa01176ec051cbda66d4,603390.SH,2025-05-28,5,0,5
a65a65c9c1e9fab686a6dbaf0e6669c1a04859d8535eb0471167b4178b7d60df,603390.SH,2025-05-29,5,0,5
0d604472fada8ac3c15c37cdf943d443b31b0fd894604607f69b01d690aac66c,603390.SH,2025-05-30,5,0,5
5cd2bf3b857454c9344008a791b979f4e04eb93c9ef5491fe0107e0c424b6971,603395.SH,2026-08-20,5,0,5
941d6ae969d9e36a7b56f730ef59a893fe75f7e1cd3a10086f448af3cbb7c51a,603398.SH,2024-11-05,5,0,5
f52ae4e5f1f7c1384a810ad717b53a46d83f414fd338127916dbb1290ebed236,603398.SH,2025-09-29,5,0,5
93d56131e10c845bb6b354e796d0c23010977f24c41b73bd999194fcb7d16142,603398.SH,2025-09-30,5,0,5
95f75af7db598223e8f02237f1ccc08fe475904c7d38648ebc33100c11321b86,603398.SH,2025-11-21,5,0,5
c9e8669a654b735b59026c143262f14a6c063c5f23f8fff720b6a83ccafee302,603398.SH,2026-05-11,5,0,5
7c0b48e60b99fe7473292c8e40e3d6309582d0dd671ea73b39fbcd23923422e3,603398.SH,2026-05-12,5,0,5
ce213c637e126d50f0eed2bb95ec052793c8abefa74fc34a2e6e4b1db38bc78d,603399.SH,2024-11-12,5,0,5
8a03005f2b090a240473b76a975c5e2fde790f60b222c4aaf7f8881a49321226,603399.SH,2026-04-30,5,0,5
80d64c7116b3a557c959ee53c91354cdec603eb8ab67f1450bc581a4e21a71e8,603399.SH,2026-05-06,5,0,5
9968df1c6c8e317b49cb0c6f8a1694a092106ee82c874fe1b9e0e38b5ae321ea,603399.SH,2026-05-07,5,0,5
59a483786485668045b1583b4e601e2902ec81f861a21cb65c958be45f4beba9,603399.SH,2026-05-08,5,0,5
eb8ff24e118fe2ffccda39f45963958e6517b95a8bc6cbce064abf7da074ab03,603399.SH,2026-05-11,5,0,5
3c5e093ba52bc540dd05063437d38401338e03f97f6de8809f478713d0819206,603421.SH,2024-12-23,5,0,5
d4bf8b7e6b411ac424f83efc719d5ea7db5c10e4bf357b0194a397c7113b8477,603421.SH,2024-12-24,5,0,5
b43ad87fca86ddb62a4ba74159ba981e70b7e5764d7a0af1f7d12edb342fc8c0,603429.SH,2024-10-31,5,0,5
24f9cb3838a737ea9fbfd1267ad6b6d72dfe0b2246d4c6d3f770258e1086237b,603444.SH,2024-10-08,5,0,5
bdd28c9ddb33d01c92a472666867dd46923cc9ae1a0c12e35335b9b37bccb633,603458.SH,2024-08-14,5,0,5
1ae3d89523ebc2b384c1ebe71106c894cb06a3dcca0ebc5ce5a5df1375343cbb,603466.SH,2024-12-10,5,0,5
03b8333adf1c0d6aeb7ae07a924c5058e1bc02168947d8694d8d88ef0b11fad7,603477.SH,2024-09-30,5,0,5
2f3c14340702f038d706522bda2b7b65cd403cb29b990c6fd70323f314638fa7,603488.SH,2024-02-22,5,0,5
871dacad411f507609d2178aa1498ba044dd08ad3442dccb039ad338dbdec037,603488.SH,2024-02-23,5,0,5
d776c3e2d23032c58d9e713875bbb3cdd2bc78eb838470c1fab1a9d2aba89219,603488.SH,2026-01-13,5,0,5
b5f07f1d9d9647f7191f2a5356d98e70126d80fa1013e6b316836343a94ecc04,603489.SH,2024-10-08,5,0,5
d57272a527f3e6d07f6a785b7abd3ae35e64a9f87c7d97092a86ce5eddb91f15,603496.SH,2024-02-27,5,0,5
fa41ad242145d9c912b2423946b8c8413cffe378f84404434defb861e5221eb6,603496.SH,2024-02-28,5,0,5
480d0b90a8db3516ec5515f79f66464701acaf4309f103e0d197590049d86f5a,603496.SH,2024-02-29,5,0,5
ef1f1bd2eca398c6ac9f60ae8005c74dea4029f39199af963c6fde342a95cbdf,603496.SH,2024-10-10,5,0,5
d07a1a8e114a299ca96581de8cb8ea3987f3c82902101029b6d6f4a244a76be1,603496.SH,2025-03-03,5,0,5
1e31a233d2b739b2e63aa09ae0d14f5e0865bac4a62a149138044e7c50d7a1a3,603496.SH,2026-01-14,5,0,5
d5560b830dbabfcbfa2fc4ce11e115f1d89c8b5954dfa8ab659f14d650bdca7f,603499.SH,2024-02-22,5,0,5
526d80f74ddf89b00f9a816cbd41b8790017782ce657d5e1daf587f8aa195b25,603499.SH,2024-02-23,5,0,5
4d6f79e63f58a426580777d92a85f19b7c82709e4a770c5b37aeb894d9d66236,603499.SH,2024-03-26,5,0,5
92cd5ebd4ee838b6fb94308f8bb4fa65ac7d058905acf52830a10c2c99937ac3,603499.SH,2024-03-27,5,0,5
34f7d00c486938f23b3a402e65d405ff9adef69bf86aaeef24a29209d52cef55,603499.SH,2024-11-12,5,0,5
721365ce11bc568564f2fc117fd79ff90ee35936c2f7d6634b6ff7a44436d96c,603506.SH,2024-05-13,5,0,5
6de3d87195aec69e0afb25c2e96b8ed62f3a7d8692a660d69e865d19a87d22a5,603511.SH,2025-01-17,5,0,5
2266fdb7c30c4df03d4d5a5457b1461b9505f2d0f876ba39593dd193d005a74c,603511.SH,2025-01-20,5,0,5
4f4654ad0c13744a3ac8d3f5ae0a125941f1f8e8f3fe4f290f8bbb102b333eb9,603515.SH,2024-09-30,5,0,5
8302877d56165af99e536b511952dc04766cd21f25964efb04782f202e21243a,603516.SH,2024-02-21,5,0,5
31b82f7641d864e2029eada0bc4a356ef92e600476085d926e33a567ba037716,603516.SH,2024-02-22,5,0,5
c446d836e354eba971915f0a1aabfa4297390a7ae9b6386468095957df2398f3,603516.SH,2024-02-23,5,0,5
009b4e00589c678ce5a46b071786bde1ef2916853a6f073cc397bd02d3211658,603516.SH,2024-02-26,5,0,5
4db51caca9240bbf38c20d986c394d957896ff1cc29b8b53d5c6683e332675aa,603516.SH,2024-02-27,5,0,5
c9631f6eb3ddff29d210e64f8e51401d840c34f66b04c45c2637f1ac26725691,603516.SH,2024-02-28,5,0,5
f2dd6403d72a8192ad56f1f2e67ded36819e77b9323ace0bfae9a0cf7ef0e574,603516.SH,2024-02-29,5,0,5
7ebb00f7d0b3f5809537a8e9e633120356ec938933af7d8d57b3b55cdf803189,603516.SH,2025-08-05,5,0,5
1caff0eeddec9a73c99080d677417923c4fe96e977c9cd8af1c3114604f5a663,603516.SH,2025-08-06,5,0,5
1b2bc5cb689223af25695e4f27379a0542b83144abd3ed5a033bfdae942d4c0f,603516.SH,2025-08-07,5,0,5
e7f02d6d264655539c79b884b8dadc4e8e42954b9a9dfee406b4180b2302df05,603516.SH,2025-08-11,5,0,5
fc6b8ddaa0dc8d6f28da9db458c81a7d239f90d74d8f34ba1a8d716904efb20c,603516.SH,2025-08-15,5,0,5
d288ebc82fc2adbdc8821a236b3b6a91cac0f755c0dd75010db552f3cb5af198,603516.SH,2025-08-18,5,0,5
c75ff1ecdb647ece46ff0958938236bbe71d1be3a8996ec0964a9b45c39ebebd,603516.SH,2025-08-19,5,0,5
a633bbca8014fa0c44813b05bc0dbd6aa276bc727c60834b33945ceac131a80a,603516.SH,2025-09-12,5,0,5
4029e84ea826d9d4774ef55d08d63588b896b2b6845922dfcde10901fceb160f,603516.SH,2025-09-15,5,0,5
3d1f14ca491bab62517acc296fb425126ed75fa4ef7dc69459eeae92b27567cb,603516.SH,2025-09-16,5,0,5
0c02ae12bfe2587fa3e2f3efd91b85089f9e11f552b3879ab4bdc88a550b900e,603516.SH,2025-09-17,5,0,5
04bfc7f1eb90de4eedd07918cafcbb2af4afd537f6723ec8e93ab635b90d3833,603518.SH,2025-06-03,5,0,5
b8bf62202e905c05d01308ee6a44c26f9a835b193316410a08f551684220c46e,603518.SH,2025-06-04,5,0,5
6650833e07a706364eabde6d1db37d30ccd5584528cb36fcace4a352172d55fc,603518.SH,2025-06-05,5,0,5
baa206ef45eb9ff76190be5e7b941f592fb5144cba8ff1f5fec76f29ccf30cc4,603527.SH,2024-11-22,5,0,5
707157414ed28976e91681536fa1028ca6307d5cddb4bbe4da7faa9c8b37a9c8,603527.SH,2024-11-25,5,0,5
9a4329351988ac915cb43084f6a5d85116b58a061a85a24e8aa262434b941b21,603527.SH,2024-11-26,5,0,5
4b08a2517426b527674e3d42b0e110b7a69a3430516ce614d3ec12003ea67db4,603528.SH,2024-02-22,5,0,5
f34cf4ea220ef96f5414f01523a73e6a38955b32ef77d18ade5b4dd65393e8bd,603530.SH,2026-03-04,5,0,5
4e336b0fd1ef052e8e1a123c8af5f9fef2d3448bdb5edad8e499246fe87eb835,603530.SH,2026-03-05,5,0,5
f7ef55c16b59adba213dcee0d3559aa9887168ca480ec7b0a3c22358ebb9606c,603533.SH,2024-03-22,5,0,5
bdf6fc179a2410ee14dfc188dc2d4d726f36338901796d1e73357a2f0de60520,603533.SH,2026-02-12,5,0,5
d8486fe965001b24a5b8fcf3352f9081da33e45f2b4e62f1c944c3ca3f89627c,603533.SH,2026-02-13,5,0,5
220e9c5d61e87c58efd4af9e7b45fccdb54a5dca1bf6eaa51be9f4ff143c75b8,603536.SH,2024-12-12,5,0,5
2f7df740fa470be2e511bf6da88862c68f7890ac790a7f4f52f553e3e92c3820,603536.SH,2024-12-13,5,0,5
786db03e5ced0853ee4b7feefaa04e3679e5755ab028993d47f43b0415cd8a38,603536.SH,2024-12-16,5,0,5
cb518aed3d7fd7b25eb7c0419372a41fceb0ba728bd52d5155cf9a2cd0c905a7,603538.SH,2026-03-26,5,0,5
dd0a8da5cef9f3aeedbde27fa6733e0cd4e4e4951c8a4ba10a58f9a2ed263587,603538.SH,2026-03-27,5,0,5
f49d5a6db4abad40673ca3e9b971ff7026b5be93dccc41154aa721b0211c6dce,603538.SH,2026-03-30,5,0,5
3dcfa167d837c0e39264590f180a46a56bc2c3df3be5db9532b80beba5831b9b,603538.SH,2026-03-31,5,0,5
5fb28cd0ea92b06963a6db2a64fb5faf1320142509376e336d6126215633694c,603538.SH,2026-04-14,5,0,5
20ee0b3f5039b2a9380b02efd32de89dced43850f1b22f9001c949a962e12c58,603538.SH,2026-04-15,5,0,5
aaf2e9e890d16c5db891640971510323a3b17bee762dd8f1ef0f00a3437a998f,603538.SH,2026-07-15,5,0,5
37cb1ae931346103b7e96b77d961b9ca5e8644688ca1a5fcc8f9c7ca509c28be,603557.SH,2025-05-08,5,0,5
82253e7a752652e9953dde8d2ec223c8a9d2d7366bc63b87d07f53b645acabb0,603557.SH,2025-05-09,5,0,5
9af0602ab6bd6b5d4e21c8b05693a4112b265cee2b0a19eabb6526a9607897ca,603557.SH,2025-05-12,5,0,5
50f4e2fb9160553ee5f9fc24b7c8271fbf21a1fc81642d490bfe05de60d007e9,603557.SH,2026-05-07,5,0,5
060c2455d8139527d8d0ac7a3bd7297e6103c538fde466ea4e433cb775382eb7,603557.SH,2026-05-12,5,0,5
2e4048d6e22ddcadd2b86b58a11b9414f3872205e3e75c16df62eea45a440449,603559.SH,2024-08-08,5,0,5
88f25702d24fbfe3ee5321ea818a3622c118caec7c0760ff361dc7780557f54f,603559.SH,2024-08-09,5,0,5
b30d08daad3bb48f62848e01f494a0746f30333983219d1c2aa44c11c1d670a7,603559.SH,2024-08-27,5,0,5
60171ce5ef93abc463cddc840cf02ff021bccf75a0506bc37230989ab2e8b4f6,603559.SH,2024-09-20,5,0,5
20d1515d0223f78bbe577829ccb9ebf48c011102e0813fde80fb958c45861118,603559.SH,2024-10-29,5,0,5
2c0415ddea899f53a16bc1738d1b492984e589bce6eceb6ace326bb4125fd668,603559.SH,2024-10-30,5,0,5
8b90523483d5aab99baeec879203f5d10d48510da77023f2cbbfdb871ae496a2,603559.SH,2024-10-31,5,0,5
e5afc58560cfed11817a55e67bcb42e9c60d6e1c3180b27bb740f377c4c9d1a4,603559.SH,2024-11-01,5,0,5
a14dd343e51740f7bd4242622644e9edaa6ab5c07a6ff92761bdf927f33aa70f,603559.SH,2024-11-04,5,0,5
b096a56c00041fa32735f45b2e7a2b2ce0f00640819ba6252488503d9a9304e1,603559.SH,2024-11-05,5,0,5
dcbe6a4ee9557f0481133eb471cecb48b51c13ff5236eab896da6f4e6bf48a8a,603559.SH,2024-11-06,5,0,5
6a56bd150cda7dde9e4335a5bfbca92c23c58a292ef8f1b99b15275f3a703815,603559.SH,2024-11-07,5,0,5
129cfda8a9355840d034fd4d90c78e03ae11b0a313ce22c05c039c5522a5bd57,603559.SH,2024-11-08,5,0,5
8511c2c7e78cc5d162110681170a431c3bf76f0159aeb8665edeaf5c35fae1c1,603559.SH,2024-11-11,5,0,5
90697e5f547a2fcc585ec2f62b7bf3aa334d85dda31e76e48942ef824408588c,603559.SH,2025-01-03,5,0,5
8fcb75fd625d5d65a5ce10d49d3afad544ac3b423be215d7aea8db9d24333de4,603559.SH,2026-05-15,5,0,5
10dddeb244c02f46bdf94a9c6d4bfa139c7cd9eace0f6b150cf96923f2f73adb,603579.SH,2025-03-31,5,0,5
83e2e61d52bf1c5edf5e9a1f2555099bc47d0b33c169bd7381f27f7180856411,603579.SH,2025-04-01,5,0,5
e2768822022e41050fe19593c534ff46c3ebd2f67063a46b5ecdb40b3efe7344,603580.SH,2024-03-08,5,0,5
c0a80ce61396ce85d9b1269b85dff1c1568837b40c14403013f299948c3af828,603580.SH,2024-03-11,5,0,5
fb644bfa36622db3e81900463c93372a818dc9ee3ed5a3ca503de7bc87844455,603580.SH,2024-03-12,5,0,5
0bda5b7153fa867985efe049e9235113e61be6dec4f1d929b6c756b6d234b5c2,603580.SH,2024-03-13,5,0,5
07369effbc0436deb4be241a2d220111fe051164daf3e7ea781970f80bfe8dea,603580.SH,2024-03-14,5,0,5
ce366dc01ac323bf7f45c93734d421c55ce35ae90b1ea8f2802304ea4491f4e1,603580.SH,2024-03-15,5,0,5
4b01b0da57f11623a6281027871c78ffd348ecc275e8b59d0ada5f13d968df94,603580.SH,2024-03-18,5,0,5
068c32a014079fcdd24c1868f6bfe64a3b5f4c4547c6034472779875effa03e6,603580.SH,2024-03-19,5,0,5
eab7dae7323aa80555086d4dddacdb46019b572d6c6b2b986abc527831c22fab,603580.SH,2024-03-20,5,0,5
7ef8621eb9cc361cd4a177a06257551464b948082c02feb76f2b82c5333723aa,603580.SH,2024-03-21,5,0,5
9f8aee8c5828f99aecf40b89b876f877ec457d91a4936fdf6c288065171f0140,603580.SH,2024-03-22,5,0,5
7bba8fcff333d3fcb2bc13734acdc12881a6f3cc87004d2b84b2cb9a5c885c02,603580.SH,2024-03-25,5,0,5
5bd1112d806cf9c96596b9b62d11569ab22415c1f1dd6935af77833dfbcc40c1,603580.SH,2026-05-08,5,0,5
9be2a0d8632e123387743248f5a3e48055e363c15ab1255606001c7e84ecd581,603580.SH,2026-05-11,5,0,5
c2b1e766ce8b75f0b64dae004b5422847982581bf899d5dc8bb9060bf4bda061,603580.SH,2026-05-12,5,0,5
6f7133a565d275a3d3f08baaa8c5e5f6811d297e067e0783d3fa016990f24557,603580.SH,2026-05-13,5,0,5
3c227989673928e224551fed0ce8b499e5e930aa8f38c57b90e0d908e5b896e4,603580.SH,2026-07-15,5,0,5
3d8c2c269bd9c0da24a3a2761272bff9194a2d051d382696a3d6f3979f5a50d6,603580.SH,2026-07-16,5,0,5
86ccc1592199dccfb82ebfa66cbcf0ceb0c8f76a8433c482871ad76cdff09d87,603580.SH,2026-07-17,5,0,5
c93751a1dbc342d0bd371e50da1e4676beb9d00b3d9b3da6418cdfeb62b137e4,603580.SH,2026-07-20,5,0,5
ce5b304806a85c7b97b86739414d99838259375c878118d709aa47686407deef,603580.SH,2026-07-28,5,0,5
bd1faee25dd6bf7d04108a82f2d17db1b4ad3886a653f5a331e6ff234a4570a0,603580.SH,2026-07-29,5,0,5
c7bd07ed04a3e4b431fac82e349562d87bb0edeadcdcc62dddec864701b9500f,603580.SH,2026-08-20,5,0,5
160efb22c6a9d37bd8090c50fe3578432e96bf54a7d6b0e803e680b2c0ce7633,603580.SH,2026-08-21,5,0,5
42d99aa6a92b8cf02f5ab07ae6f7e5f316b3785797f1bdb99bc2582d234ecd5e,603583.SH,2025-02-20,5,0,5
3450423e5afeffa9dc317e486bba0d76cdab8dac3a62340ad30d9e8ece1591a6,603583.SH,2025-02-21,5,0,5
b1775001e101027195ba6d330a777f76cc4604a84f232146454349eb11652eba,603586.SH,2024-06-25,5,0,5
c72ccf76cdb6a97afb230015873c8be17bb2bfdc00461b6cb09998a2cb16afd9,603586.SH,2024-06-26,5,0,5
2696c6210eef97f41c6d5802f8e4c0b930e7990cb6368d58cdbd348f19d49e0a,603586.SH,2024-06-27,5,0,5
f6919079db2aa102bc34e74c80f5374aaeba7a2ebb5eaacf146171bcf1a209db,603588.SH,2024-09-30,5,0,5
476cbafddf26b1ba63618685394980e79e6df28f2493d69b2ce99137cea18f33,603590.SH,2025-07-14,5,0,5
d872e2b1a3ab0232d0679025cf827c66a64ea53d489d41c70383cad32cc4abf4,603590.SH,2025-07-15,5,0,5
bdf2bce2d995d6af9bf32a55836642fa1cbc1adbb29147d1f95a243297837571,603595.SH,2026-06-24,5,0,5
d155b977cdd5c92c84cdd91802277c60059baef1615e781ca612ddfc70c70ccc,603595.SH,2026-06-25,5,0,5
247a2f2723b3eb0ff76fac0ffb25780656abd11b49ecdd6df8802afb28546964,603595.SH,2026-06-26,5,0,5
e66d344fccabac329f553988e9fddafeb3a100b2518b152a4b2b21396b35ad2d,603595.SH,2026-06-29,5,0,5
37e6a9ea53972e121138b7e9aa6e512b8d30baa61d059c5e7ab611b5ffad5df2,603598.SH,2024-02-23,5,0,5
c8eff629bc6574b0e2f1174a032a560c0329ab309d6c573b7167d1c66e19628e,603598.SH,2024-02-26,5,0,5
f9efa79abe02acfd61fa6fc6250e788724c5b72e0ecc7c71a404a67b2bb82584,603598.SH,2024-12-11,5,0,5
8b314d518650e87443388559ba6fca67fe948ab377e619cdaeba877f6651627d,603598.SH,2024-12-12,5,0,5
05d50b7754c3fa5e9ebd38b1ded038fa3285a7fc78f574b8833f333f40f43c62,603598.SH,2024-12-16,5,0,5
1255d1356897bb3078b9ff884fdc382967212019153fdcfd8b5e23dfc2b5af93,603598.SH,2026-01-09,5,0,5
a0d2f8ca7e2b4b27eb83e4d044d2137c0453a7307936fa66d6364ff918af8fc9,603598.SH,2026-01-12,5,0,5
ff4309d453ef6cf5325969b398c420b1cbdd544c50ab9978affc946869aa6828,603598.SH,2026-01-13,5,0,5
e8decb04369fdba8c582882243a9a21c4976325ec7fe965deb84bd1e8c60d319,603601.SH,2025-07-04,5,0,5
bec7ee043074279609c6c027962599962cc0facf601f2d6b7fe8fb257a9288a5,603601.SH,2025-08-21,5,0,5
84e6460b488d41cecc573ac247999a7870399adc0520f417b792698b7562cff3,603601.SH,2025-12-11,5,0,5
09858cb1af508dbbc08716a3688bd34690574c7f15f4daf655bb77648878bade,603601.SH,2025-12-12,5,0,5
8cf6c0820bef7a9f1e04c7dd4e7d7c864739c5f156496b2553792793175795ee,603601.SH,2025-12-15,5,0,5
eb3af1508789b098579bc5204d3311f2290220bf7cb3fce31e145c3437dce53c,603601.SH,2025-12-16,5,0,5
2f4a159c65c20e7c74dc446b302d00436e053342a3a72ec68036a8fe8d0c4298,603602.SH,2024-02-20,5,0,5
882f576b6885449065a60de3bb4adc358413d5c4e8d0fa556a1320dc6edfc5dc,603602.SH,2024-10-22,5,0,5
50f992f7c96cc8791a4400ffcf238b76eb7c6d6fe81ba71f8cea5564d1a05596,603605.SH,2024-09-30,5,0,5
7ab041f5ee1e3e896f6b4e9487df071a3c14dd5b1b941fd4e2c3240d41cd6b96,603605.SH,2024-10-08,5,0,5
2e4c1297b7dc00570c62700fd5d045019be7676414836cc188222770585218a2,603607.SH,2025-05-26,5,0,5
10d4ea58af432d22111c0661d4702aa79d31ac7d4bcb61311ff2f8144e2e3315,603607.SH,2025-05-27,5,0,5
9bbc894b18ba291398ad064aba06ccb8cabfbf3ceb76c46f87b7cdef7d73bf10,603607.SH,2025-05-28,5,0,5
a45f1f7a4a3312f9b352f796550ce72287b938414c83da69616b984fd4e49142,603608.SH,2024-03-06,5,0,5
507fbd45ca70453c559f08740a6f1a1ec74dbca5239f5fc6fe8b9548eda221ea,603608.SH,2026-06-16,5,0,5
845e718c743a72954cc6ef0f77f2ae4f064b8711b082d4033b9ec803a46d700d,603610.SH,2025-05-09,5,0,5
8a3db4f4c3d85cc924c73ae3d9b33c96fee9970564aefc1212b88bc3cdc9c7c7,603610.SH,2025-05-12,5,0,5
2694deb38b1ae5011137659dd52d146fa80edbf5a35a7d1cf3fb269e44e1bda6,603612.SH,2024-09-30,5,0,5
050337cfec460b91b94658a04ccbb42db3db7ae3ddcd8838061909809cc33276,603616.SH,2025-07-24,5,0,5
1d1c69b2b57420999d7f10907f17e8415e22549b37e321735723833bd6dbff4b,603616.SH,2025-07-28,5,0,5
4dd25adf65ade02e97872615fa696ae8e17c904b9cf3a29cb820bf7b6252a8d6,603616.SH,2026-02-06,5,0,5
e011efdb7bc7d6552e323be088bf777a7255147908606a10360d24c6460636f7,603616.SH,2026-02-09,5,0,5
4f36198631253b4a75a73da0a5e5914f9030d13295d9099c6556eb84832b06aa,603616.SH,2026-02-10,5,0,5
078d78803abae59560691777e8bdd75dda1b55f5513ad34e5c2e509a8e42b90f,603617.SH,2025-01-06,5,0,5
0d0e2e359693bcbdb0fd3adfc96560bf1ddafc311a5a1e5fa0500b11699c009d,603617.SH,2025-01-07,5,0,5
2c7206d935a808aaaac02b9e90cce230a47b4bc7178d804b0919d7c7ff7c3e0d,603618.SH,2025-09-19,5,0,5
aa82168bc440090f03a6ab78d664f06af0a3f57f2040693d7a16e616487a89bf,603618.SH,2025-09-22,5,0,5
33a280bded5b94f220c09274fcadfe57bbc7940c9b9c7cae90a6e86167f71931,603618.SH,2025-09-23,5,0,5
b277b33d4d62e3aba19c08f25edd8e239b32ab6a22651b7d463ac0601f199d4d,603618.SH,2025-09-24,5,0,5
c37fbf2bef38daec21af441f86fc233aa1b03386b01dfc07d7e6619af3ebe41c,603618.SH,2026-02-04,5,0,5
880b49e7b01040a5dc625cb36e88269b4d121699eba5c246f8aa13409b75d112,603618.SH,2026-02-05,5,0,5
3c8c09488a10708cf8f9e4db2c60af15979515e8bfc022fe3307c5b52c668141,603618.SH,2026-02-06,5,0,5
dd08b138074264507a0c3f0cfd5dc483df7abb2caa1867adf56fbb8872d36020,603618.SH,2026-02-09,5,0,5
00bd81c0cb70491b9f4a6562791bd8be57c4a8217ee97b1134cb02e237ffb520,603618.SH,2026-03-31,5,0,5
12d427aad59e9edb63994e597c058090ad6c80c7fd88f13b4308598f6c184231,603618.SH,2026-04-23,5,0,5
8069370fae4f4b3747b69f243037edc1df9b6f3573f317abb16292fbdbda6340,603618.SH,2026-05-12,5,0,5
f370087c7178030fab849beef9a3b199b2c22897ddff22ab48a1e8d3706e01b0,603618.SH,2026-06-22,5,0,5
dba0922109f098f6bbed745112b72bf8b2bc07561d5012a1acd58ac5b2c47e42,603626.SH,2024-08-29,5,0,5
a34ac0dab0e95742e17e0e02dff77df7727f3ac28fdcceb193551122bda4b529,603626.SH,2024-08-30,5,0,5
c8b58f654101769ed021cd4a97a1d112e0a50317eef803c49a8624418bc442bb,603626.SH,2024-09-02,5,0,5
5993f95ecfad6753a04009364a8e233a1e8cba6196bba9e05f69de89ab94892d,603626.SH,2024-09-03,5,0,5
80ee927944fb85fddc372f3ae3086d4a84d85af2d45150a4366584d3abfddfcf,603626.SH,2024-09-04,5,0,5
c8ac91f6145d058a9c837b2d7419003517db4349f9d37f5ec9eaf0c6c2a73930,603626.SH,2024-09-05,5,0,5
a14d7c4542d517e741eea8d85b66ed096aa8d3851587a6f5cc99c0f3264219ce,603626.SH,2024-09-06,5,0,5
7e44541d21fdb979c416a23a435dbebc506b0a744c146bd989c5abe791569c29,603626.SH,2024-09-09,5,0,5
1cfade5c9bdaa2fc5fa25345df08f26fceb1a621efc7b089034ba67cb273fffd,603626.SH,2025-08-20,5,0,5
b2290102c1732fd9c571df4227bbcca9bd5f3982e407cead874fdbe8bd536fdb,603626.SH,2025-08-21,5,0,5
7baaa4ca3b58e5287c8b7294dce127fd1f5c444688a30d9ba104b8461c3bae04,603626.SH,2025-08-22,5,0,5
10a337c5312a878c27333cbabee443ee59091e2ac5216b65928e7bc8edb46cdf,603626.SH,2025-08-25,5,0,5
c4cea986b3b8bc2faf770004d826e73f3f49e3ffb54132018c1def42474fc84a,603629.SH,2024-10-08,5,0,5
b1749d627918ada265128551952f9a65be2de101ba319c5b100ac29fea57ab33,603629.SH,2026-02-05,5,0,5
971ede1e09e09c20e81851bf9d8eeab51254f454d7d0b916ac8a2e0402ddd91c,603629.SH,2026-02-06,5,0,5
866c5800de6b9a6a07ce5f89c62d19f56f7725e1b4e575ea88c70df7f3d497b9,603629.SH,2026-02-09,5,0,5
4a6ca82c3f41c822166ed99985b95247fe2928d2aca3e3e3689080cb42847a22,603629.SH,2026-02-11,5,0,5
d73c02548f72f18e109d111068bb422c6db7672eeac46b6d036fdc5451be24da,603629.SH,2026-04-17,5,0,5
62d71d196452a195111fd75ee5ee595e725995573c7b3f9ff7c9d239c566deba,603629.SH,2026-04-20,5,0,5
31839462311a3d3c36f04edf1d2232b3abdf91a63b898af1299826188e4a391f,603629.SH,2026-05-06,5,0,5
cc3f5fe345706e1390949263cdbe605af7d6dfb20f5376274a5ae491114bbc87,603629.SH,2026-05-07,5,0,5
c9a8f22eb5d71199eeea75fbf2d62a6edeffeb42501544d4308cd10f8c7c7858,603629.SH,2026-05-08,5,0,5
77b342a1a15e3ec91c8e9f5c0630066eec151462b20e606ee39b84e173e0b99b,603648.SH,2024-01-26,5,0,5
5759fe3af1d53bf92d4af82be6104dc303ece1abfee3e242f519c1126022cd4b,603648.SH,2024-01-29,5,0,5
da61629ac025a589af0567076534baec6484c5e099c22fb6f23a91b97e12549f,603648.SH,2024-01-30,5,0,5
8c0585a5c71d1410b120f2d8c7da129326e03e19d203b55aa18ee50340ff8ae9,603656.SH,2024-10-24,5,0,5
64392f02a466fc004fb01a1a6232e6052c9dd421edb00cd7ec6e1487ebca54d2,603656.SH,2024-10-25,5,0,5
c30f1205d128511a54572e0115d8c3f4f2ea114c44ff65e088cef858abd52754,603656.SH,2024-10-28,5,0,5
a62f922fceb54ff3f8584830a60f158a04d5e4659100ebca7857294433ab9aaa,603656.SH,2024-10-29,5,0,5
a4f1255cda4bf5259f726747bda671f1b5a7c233a3413e5963e030bf0fe1ed1a,603656.SH,2024-10-30,5,0,5
2a2d480c7b4b289a90d397fb6eb576e2c16cac4ce2c7524a0c214bb99aec351c,603656.SH,2024-10-31,5,0,5
d8de0c4c379ded1424804ed5d3bd8248774c31790e4b32d33e52942ea6bc4f0c,603656.SH,2024-11-01,5,0,5
329562ee654b779d9be78fb0f0185eefc224ce5a1ef114be76bbebf337b1f340,603657.SH,2024-04-17,5,0,5
4cb30f79edf69c36b3c8facacb61223c7d23665af3c4a98ce1c8e4e35dfc8455,603657.SH,2024-04-18,5,0,5
6d763e32c0987efd884321f0eb2db531279bc2d6932c6e5712c7316da75432ad,603657.SH,2024-04-19,5,0,5
2da575ccaf54b64dcf818f922f7482f072bb7716105e8cc032b3f8ab459e7697,603657.SH,2024-04-22,5,0,5
7d14ac8a0d864e636405ed95eb92ddf385378dbc73fbba103b3d046641ee6640,603657.SH,2025-05-09,5,0,5
9ff3a55772d61d3d7cdb00eeafb9de2881d20d10a4056889cfa1c19462fd4328,603657.SH,2025-05-12,5,0,5
35a9c11cb9d507ca0b93d18e42a6f3f77baf9d7d1e3d018efe7d61aa10dc1a7e,603657.SH,2025-05-13,5,0,5
64ea0d2bbc44deb517066a1438f2b524f259662ad4db2d1b49309908e00fe193,603657.SH,2025-08-25,5,0,5
7b78bce7197affc870625d052d2bf6e6e75dd1ae729b9863daf6fc7ebadbe135,603659.SH,2024-09-30,5,0,5
c85c41553e8c0a7150c52a53472a7a26695ac8b2dfb97ee95bcfde7a5caeff95,603659.SH,2024-10-08,5,0,5
bc369399716768acbabcbbbcf5b3161f45e90293a17c763f290df555a74ee6be,603660.SH,2024-02-22,5,0,5
f6131fed034bdf3f1fa0a6c7c12838f21131c44be2a75030a394d88de284b800,603660.SH,2024-11-28,5,0,5
3d4a5fae24911e3424dc74fb7f7184b1d9179a7325df463297fc310e091c9e53,603660.SH,2024-11-29,5,0,5
84b7676649d67bbdc52ba3cbb75ede5fca786b85cfedb74451ea4585daa73620,603662.SH,2024-02-20,5,0,5
d58dd778d5751833cc0666babb7fe90014c381b119f9e5c04841de72b84134cd,603662.SH,2024-12-05,5,0,5
707d42cd62aa52253661c6000165a869fb06b9c78eccf7354ab1bd433bda39dd,603662.SH,2024-12-06,5,0,5
86bc394dd4dba43b72c92747568e17d10cd4f97a5aaeca0ffdb1b25c5f3e0528,603662.SH,2024-12-09,5,0,5
f821848804b56899d1d6b66c9017f7af1554366de67f6f68ac031883305ab277,603662.SH,2024-12-10,5,0,5
8e5a0373b4685568b199e0b5cec5bed574114b1039076ff969e964ac29963747,603662.SH,2024-12-11,5,0,5
06967f25572809386a421cb300758ba049a1821c7d6023bfa4643008fff54a0e,603662.SH,2024-12-12,5,0,5
222c3dae987120d0c14c0dc4d1aa75d4d08340c650e1934689e5660942f3ab4d,603663.SH,2024-04-01,5,0,5
b81a1c86ffdbd3f0ecac2551a0ff1f49c77b243ff92654daec1c91b765fca178,603663.SH,2024-04-02,5,0,5
8bfeb368d217d713bf3e9cc666bd38e5973669ad499353c51c674ef655a48c55,603663.SH,2024-04-03,5,0,5
43a249557a6f26a597bdf6b445c49d3683b88f2b7baead82814e754cdcfa4f41,603663.SH,2024-04-08,5,0,5
baf61fad05ca4ddb30fe536b612ee8cc92f0c0855ed6a49f919ce9f878fc2016,603663.SH,2024-04-09,5,0,5
d1aa385c595bb502cc72553a51201e0ca0a2ff5d03f1f75463b6a062bf26a273,603663.SH,2024-04-10,5,0,5
38f4f0521927ada7c8457322230c2ad26549a02be6428804771f2f40bff881c9,603663.SH,2026-06-23,5,0,5
febd4e524398d1c5bf4370678979b1b72ef4a3a66631a6cc28dd3e7504344aff,603666.SH,2024-10-08,5,0,5
d2a4ee02118c465f255aaf580e166cd97dd4733a586c665bb364cb87032b625f,603666.SH,2024-11-05,5,0,5
8f1e3b753e0c10de09b0acf8ab721a5189d54c09556d2018f48643072e41ff9f,603666.SH,2024-11-06,5,0,5
248162d592c8afd0f3fca9dc301890f274cb033f0b3b3c2078651c76b3b14be7,603666.SH,2024-11-07,5,0,5
d6978767eb15ab7adc72d0bf6c41dc85a33bac0760a1d992bdf7a1a765f88840,603667.SH,2024-12-04,5,0,5
4510549fede7fe39f02368c94123d4c70d8d40c68b071e4157cc6d16d126775f,603667.SH,2024-12-05,5,0,5
1b17949c933d239ecea79ac2e732a07be6ef671643493866f52c1a6614b40c8e,603667.SH,2024-12-06,5,0,5
33762f0379b59a9e2f4b5e726e8e756623ea048b6ae7b8df80156dcfb6d83bbc,603667.SH,2024-12-09,5,0,5
6b4088f7a01f240b79ca9f8fb04f92e9730270e6f907734c749181e98416c3a4,603667.SH,2025-01-14,5,0,5
05a8e9f691e28acd8b1a1559c1340c364c33880126cdcc60044d24519dd5a610,603667.SH,2025-01-15,5,0,5
041fb33a94fe1956557b74a7095d73193376884762a81c1b9b3641a2a0e09f4a,603667.SH,2025-01-16,5,0,5
d9e9d861d4058f552601005803588958b6751e81aa9034fcb09346a2372d1395,603667.SH,2025-12-31,5,0,5
0363c44347588af460321c75183b0668401384792932dff386e0817b0f0cdcb0,603667.SH,2026-01-05,5,0,5
5478d747a09dea9a15e3abf89070c7307ce626f5e6d913856e008b0228a53a39,603667.SH,2026-01-06,5,0,5
30ef4f649a1e6b6a74140fddfbd8b19ab56cbe8fd536235c8f99ae94f457c5e7,603677.SH,2025-03-17,5,0,5
b6a8d072a5a1db40cd612c84da0a300c5fcdf1489d0e8095c662235fe151dc3d,603677.SH,2025-03-18,5,0,5
42a2ce796e4006eb1a8320c2e30f2600ec3da5f7b4c5cef5839206fd653ca257,603677.SH,2025-03-19,5,0,5
86fc9cc85c5e2baebf50afedb685b66c522f656690172233ef3f86d194396f10,603677.SH,2025-03-20,5,0,5
8640e4ef0f4d9e2ca7a9c6894ce6191ae193a22b780bc2b7691b9e125098d887,603677.SH,2025-03-21,5,0,5
856195d20e3816a540c3d6b038eaabb16b925a8efa4ce7e59f384cb6966060dd,603678.SH,2024-10-08,5,0,5
bf4a285c28ea99d3e64163a305ca4e04f3453a51282d2df0663801bb68b67f62,603678.SH,2026-06-02,5,0,5
3e067e29b52069cd94cf0b978a5097ccc8965f0ebde54bc5081172c8e9451a45,603678.SH,2026-06-03,5,0,5
dd347ef6573146fb89ea7ead4bf43be18dc21261876d9aca2f8d9c31acb80eb7,603679.SH,2024-04-01,5,0,5
6b08e842f7af9920afe8b21cd356b5e7de55d7b743065684f22927dbe4f31205,603679.SH,2024-04-02,5,0,5
2f67dd280990e0e7e8e86971cd9b0735292628b448f61caf72834adb3c29e805,603679.SH,2024-04-03,5,0,5
05619e3f752c1e61b58b7fa9f2a5b3a23560252b09aa302d75fe1adc35e967e8,603681.SH,2025-05-29,5,0,5
6c96da76b5d2309a4be1b29d50c27fc4028e5de153c0135bb9663025d1edac69,603682.SH,2025-01-02,5,0,5
cacf7466fb890bfc514aa4c4d8c44cc073e6d5407e66d741ce19d474fa840b9a,603686.SH,2024-12-26,5,0,5
36edf4633e6b8b5e50a76fe3b5f888773266222551340b84d9977e3ed8ab5be4,603686.SH,2025-09-22,5,0,5
f1210d04e8f55a2e457ddb8c8fd13fbe98ce2c67a77b2abe21d4400a8268adf5,603686.SH,2025-09-23,5,0,5
dad67cb736d15e62c8e2bbcfc770ad797d99f1a01e146b34b2ea30ed00a3fa26,603686.SH,2025-09-24,5,0,5
aa409d5185369a1bc1451520b412dd8a13c77d8bfe8d05f6ee379b506bf01b6b,603686.SH,2025-11-04,5,0,5
0c62d353fac6f1f01108988ac32da8d876c827f1b6ad8fff2a1acbdccd033f96,603687.SH,2026-03-23,5,0,5
fd5a36cded3e42599d0fd1f8a3ca1a23e387a087a33744757e309ddaff3505ee,603687.SH,2026-03-24,5,0,5
f3979000d2bff0e9b125f66699b8050c5b192edf5dbe9de126f706a775a8b01f,603688.SH,2024-09-30,5,0,5
a143b7133551675151b5cf866b6b30ed0631c8cebd9fe16d5dd3a998c6dab506,603688.SH,2024-10-08,5,0,5
36ba977f53395ccac0d2e5ec5100f3d485596275d784b57b06ac42e161bea99a,603688.SH,2024-10-09,5,0,5
0241781261fd0e148140cd261ebe9a0005b2c1d126b39f5230a0fbcdf7d281f4,603688.SH,2025-04-11,5,0,5
c4d85c855441131a8fd9724c620d761b2711bdf08caca24194c15e2388262352,603690.SH,2025-10-14,5,0,5
e2536801cfa92c93b828fa6678a14f4f16785ebfbdd944700a722006f479e925,603696.SH,2025-04-18,5,0,5
12b60c961d620e1b4e193d1a8488ced24ac1a09dc8b941987350c6dfbfede41f,603696.SH,2025-04-21,5,0,5
3ecb44860c371274ec1effcdc84c20dbf65236c2b98b22aea0709696cfee59fe,603696.SH,2025-04-22,5,0,5
cb961b3a9175ab270e55bc39fe88e10c1848bb65c63143fdbb93c41ae448e4a3,603696.SH,2025-04-23,5,0,5
cf86ee8fc29f31a49a380888b356431269d66ca5c50b4ee76ce25acfafa167a4,603696.SH,2025-04-24,5,0,5
ed0a9e9febde05eb2c7855ce00db6e12704850e1587911d3d0d3e6179a2df3c2,603696.SH,2025-12-04,5,0,5
69e8fe5cca7e1377e16f0dd067120e9d8c6a5413f7c61fdae3eb91e8babc91b2,603696.SH,2025-12-05,5,0,5
56bb2abd1b7433a839b4461565529e7a41667bc131c4d9c65df15c8244691ac6,603696.SH,2025-12-08,5,0,5
303c02c039fb4c27987b4b424e8ffa9925e458adac57e4323d2ba7e88c973086,603696.SH,2025-12-09,5,0,5
cef5e2745c7b2ee4c80380f4dd07ddf62a86a340be03d7fe26c150499ee723d3,603696.SH,2025-12-10,5,0,5
de83e729c43740aa275e420276f7c25af8481f7513f8b26e69ccc26286a1258c,603696.SH,2025-12-24,5,0,5
39e9885459f8c6c1575b1a2c7ed1b555a18e696d4ee509f4c848c27dac9a07e4,603696.SH,2025-12-25,5,0,5
cf9fd214e7bd172d09eff3ea99a2aea50ec5fd3853c9370ccb585bfccc23a5b9,603698.SH,2025-12-10,5,0,5
2ef034446e3f5ee47b3ea130be77e901934d2e39e96dc46ff18d4a5076624ec7,603698.SH,2025-12-25,5,0,5
82bd097b31094fe1729e754c4c53c66e37601b51eac267adb0617b1dc30a4638,603698.SH,2025-12-26,5,0,5
cd8e2977ebf3ce1b2e78f66185bde362ddf7073792addb665c0d81432aa0a353,603698.SH,2025-12-29,5,0,5
5f9d60064e6e2e548670d1442e67082a5b8cdff8e1a10184eb4faf11691ba0aa,603698.SH,2026-04-17,5,0,5
667610209d41acf699deec99dd0057ffbb86f99d90cf540f8badc77019c9d824,603698.SH,2026-04-20,5,0,5
7a1911e8ec3c4237f17480348cdbea72e2bfc8ac0cd7d727a3eb5a055a03d204,603700.SH,2025-03-05,5,0,5
2e295cf685cc2c79ba3f0d8263815fc16b1445290f458b40598e0c55e84e2a3e,603700.SH,2025-03-06,5,0,5
361593996b5814e5d9a84984759fb727f9ab37e6f0cc437dd497964baea9945f,603709.SH,2025-04-11,5,0,5
623f07c353d14114bba2161b73f495ebfa8223b659777a516b464993ccba80c1,603709.SH,2025-04-14,5,0,5
34955c7326bdd7235375e488cdf172dbe08bf6bab7e639911a251610f87ffdc7,603713.SH,2024-09-30,5,0,5
ae09e8a9d64418aaf50d1ed43438c374f75a527cdc2ab6550f1761231a000116,603716.SH,2025-03-13,5,0,5
8abe93a3549ff78841fc2db34ef06ba97e53b93b55910512bc34ab61b271679d,603716.SH,2025-07-04,5,0,5
a2cf96fb4bcf405ebb5f490e2f28cecf88472d883a5a2ca1e48e869c958eded8,603716.SH,2025-07-07,5,0,5
fb67ef9d9491f356bb86626e1210449650c17910b1e3818722df5254a46110ab,603716.SH,2025-07-08,5,0,5
9995757334da8ecf591982b751a3da90f6d1dc083b9861430fe2b145362e2241,603716.SH,2025-07-09,5,0,5
08dd5ba6658862c580bfbc17478399392d2a4bc9f0860f7288d947de50c46f06,603716.SH,2025-07-10,5,0,5
f3ceabc81edcd2fb2d85c459e8ec6adaae3ed6e37e24754103d80ab8c026b7c9,603717.SH,2024-12-11,5,0,5
7a3dab3a0988364145ee21baefb04be29eb525df1c979bd37657b0644651f678,603717.SH,2024-12-12,5,0,5
11b38448d2774b03c52095ba532ba5111360c500cbe97a08a5d78206e2efa745,603717.SH,2024-12-13,5,0,5
749484ec2c0e4d20f2a9edd0c9eecac8e9fcccf7744b795fb9f3d2323db5de91,603721.SH,2024-02-23,5,0,5
01c496fd6fff44526b4cd7ada54c76fa6441752f5dfe359f29534a19ca2fe537,603721.SH,2024-02-26,5,0,5
f47dbf6ad51218953ca2c551f5d4b8d79f210630c5e456c888167e7fecb5df86,603728.SH,2024-02-20,5,0,5
24f140def36dd43a377ee2b297bc353af20a52d3fd0e51d139d93b9d0f14626b,603728.SH,2024-02-29,5,0,5
9b345198ec3d26edf852d8090bd21489979d4937c5a59f830f7600d97ef828c3,603728.SH,2024-09-30,5,0,5
e0b947437f0f2be127632115e5da6feaea2b8a8db38ff7e9198b0b4e11994404,603728.SH,2024-10-08,5,0,5
9cee917743e9b101cb9620a60e98a788cdad6467d14567c30451d7a1911afc1f,603728.SH,2024-10-09,5,0,5
09e1356c3f49e2c17073477c43960238c94d4467ca1daab8b27956c383eb3ea9,603729.SH,2024-02-23,5,0,5
878b4a36e6f55c68ad4be6ebec014c04633df30f26067c4957a3d092b3986725,603729.SH,2024-02-26,5,0,5
317098dbc1d2f88b68e3d6a0ecd5d03bf63104a809d6048293ed15f171fac823,603733.SH,2024-10-08,5,0,5
35eac01e172164b0c02233e2346968fd60c46dae94a6d34f2a464fd176831269,603737.SH,2024-10-08,5,0,5
873327f011f33ec3eb3252d2f9c21ee42a71688456c19505c7b3351d2cb6b70d,603739.SH,2024-05-06,5,0,5
0181182712424a4423001c3701b2e9f5b9060a0c2e295e66b9ae601445f778a1,603739.SH,2024-05-07,5,0,5
56b2c3cbf742476ef9c30eed172fefa3f17d918538ae0e5ff8996c57dbeea620,603739.SH,2024-05-08,5,0,5
b11a2a27ac0add9c5fa996802312bf7a6284833f33c1b25ca8ba781dfe5f5b92,603739.SH,2024-05-09,5,0,5
26e96979f7c8e6213ca48b76be7967cf539acbe2c37010210fd7a36113d3a269,603739.SH,2024-05-10,5,0,5
06eaa0b59e5b8a405711bd1ae1276f4913bfbe4dfde0823a62546c2360df2841,603757.SH,2025-08-14,5,0,5
091715ff604e48eb599c88744b43f9b363102862db6e4ca5f81c18e80c9cc93d,603757.SH,2025-08-15,5,0,5
f589463a5cabaf01c0e8aa33662d7609ffb0e841eeda1f56284c24d440004002,603757.SH,2025-08-18,5,0,5
3b74fe28b9337645b2b3f6b98bd8018a77074582494e9fb94608816064ef2086,603757.SH,2025-08-19,5,0,5
2598dac8f0055e933caaf29402b4f29ea68fa2bb15993944b3f8b68137d2d2cc,603758.SH,2025-02-21,5,0,5
bffa2c6344b3b1f6c18dc408606839708693ab4fa09462c038839c4ed6f7a50a,603758.SH,2026-08-12,5,0,5
b5119ddf193d183487035974186022d4cc5f5462eeac60b568645d2ebb6688bb,603758.SH,2026-08-13,5,0,5
fcde801a46486b0102d4896dfea54f9087b482d71545d8d096e7e081701f316f,603758.SH,2026-08-14,5,0,5
17554018bfb182e05630d20a5abf96fe461966ad10ea350bdabdaaccccacde28,603759.SH,2025-11-07,5,0,5
69170997ea2d866f21f4183a52b79a66c22f7165e214ed7530fa766e31c08ef1,603767.SH,2024-02-02,5,0,5
c5982e79750016c4c69055d0764255c06647d55890125b7b41990f1814289575,603767.SH,2024-02-05,5,0,5
0585dfad3edc075df2dd5b98271678ca91e77d5926ab3181cf91c15cfb869250,603767.SH,2025-08-05,5,0,5
bbeb46da4b34a1a68f19509eb9f1944aa4859945617e17f05ce6be2d3b93bdd8,603767.SH,2025-08-06,5,0,5
e9a25c48d751a75600764a1870318941f159df90fd70fa8c6933513079e446a9,603767.SH,2025-08-07,5,0,5
0db8964f5c3708a64e9454bb4a0d20465c09cd92aa9efd38f62f0990334d96f4,603767.SH,2025-08-08,5,0,5
0848980c0a72b2b470dab6cf63c7d656035a4f1039655ad71423e7763d64c0f0,603773.SH,2026-06-01,5,0,5
9c8ccdf3b0072edd96373b71c860d993218e2d6ede01a0ac2113d9045d35916f,603773.SH,2026-06-02,5,0,5
23b006f4a48ac2f9849d72a8c77ad5ba138bd7b600dacfc18a232b23ffc3a263,603776.SH,2025-03-20,5,0,5
174ef33ce08ec01c5a167762adebd6af4743f42581bf8fc9542af03daa1c2095,603776.SH,2025-03-21,5,0,5
c8bf9e28cd6edb99c436fcaaafed74c6a0572a82fb487c5de1e4ea2954788d7a,603776.SH,2025-03-24,5,0,5
8fde81ec771f115055d0b1cd8124b4943821211566deb266bce9f6d5ef9b10e3,603777.SH,2024-12-25,5,0,5
2edb0cc20f5bebec150de69bbdbbfc93b590cf9310ca7fbb88970ad8f5cf49ba,603777.SH,2024-12-26,5,0,5
daca010a98e3f30a09b90029986d42da93de4f05bbc7dee6f4b7e359e182eb01,603777.SH,2025-01-14,5,0,5
b2f15d554e199a0fbbb6ca8b6e7061956388ea86f85e88bb4132ebc64153f8e2,603777.SH,2025-01-15,5,0,5
d950e875f9aee28b8e1ec4abf01b46f228c149c9f2af0c7c58a631141b7421ef,603777.SH,2025-01-16,5,0,5
ca8676c883ff58e41114adf1ba399d06a622469acd016b242c863b9e26057292,603778.SH,2025-07-11,5,0,5
b49f30ef05cc2a7989ab2a564999cb1ada290df9f881b4c4558c02ceb76e2c2f,603778.SH,2025-07-14,5,0,5
c3ee83c113c7442b4448f19d4c54f2235899aa2321096b804024c4239079388f,603778.SH,2025-07-15,5,0,5
e20d7380c14a255adf72bbe2679bb896ee95aa522f8a848203edb2ef161d330d,603778.SH,2025-11-11,5,0,5
988883981ca8f8e9bba297eefe4bdb12ca0816756caf9d51bd167677ff3de855,603778.SH,2025-11-12,5,0,5
c25f87292764b12975622a379ccc50a298d62cd082444cef6fc1e34b4a885674,603778.SH,2025-11-13,5,0,5
d6da324e5bc163c68362fdfad39edd111dc87ea6012dc475d926a6841dd10a22,603778.SH,2025-11-14,5,0,5
cab0cc758fc3ab50ef3022fc9972f9efa77738ba5114c86cf338447af3f0c7e9,603778.SH,2025-11-17,5,0,5
e673b6f8033ff4416781f6f6ee283aedd2c8da7ed7bb9bb9730893e911bd5cd8,603778.SH,2025-11-27,5,0,5
6a18dffbc11f4f0a2fb80d959783ad71cf213c74c6aa252d4e2980ae349ed747,603778.SH,2025-11-28,5,0,5
20a15136a7e16c5815d3dd2ed4fc3dd446fce5f6aa467ce24805b4c23065f8c4,603778.SH,2025-12-01,5,0,5
35ba2e13b9951e50eb0cca8f42b3915e11fea03be19ec0fcd27211b77ddf6e21,603778.SH,2025-12-02,5,0,5
68bd48f14336fcd27837a47ded002b03ab978a8f6bb24cbf9b4f2aeffc3f94d7,603778.SH,2025-12-29,5,0,5
9d9a9adc8bf41cc26fe77361ef3acfd791d309d2f741ea55e9c47e63ccd33d61,603778.SH,2026-01-06,5,0,5
88d529500b86ada757dfcad334f3fe6cccdb0ca438e2924910153f655b5e47a3,603778.SH,2026-01-12,5,0,5
d6a9571d909a6371c3ce41b7f6869bcc192aa90371be324dc9f7855186f6c170,603778.SH,2026-01-13,5,0,5
6bd6c8c3c10c614e64aecd067e81c14ff34624cfc7d8b9b3b45990141c7a3cb0,603778.SH,2026-01-14,5,0,5
5e513a50099bc0b8ac3aad8574eb439575e16838aea7b2446b15be04b9e44560,603778.SH,2026-01-15,5,0,5
586ee8cb3cfe16df93921f96a14ffdd3103efbeeaf83b684b4d97fba6954cec4,603778.SH,2026-03-12,5,0,5
7e4680d92ef83d24987038a6a8e77b817b81f0e1f30de12c36309b0b033cb89c,603778.SH,2026-03-17,5,0,5
392b7698c102b237d56f744e949e9db05b6dfe89a79e956be9f0484bbdade4dc,603779.SH,2026-05-14,5,0,5
94d5b2795f33cdd3f0fd6f0c9d62edb52439e33dfeeee73d13293cd79e78a317,603779.SH,2026-05-15,5,0,5
38c083a3e4f2f96077985ce5dff5a0e805f818e4d0b2d32342199bd59e7a5b26,603779.SH,2026-05-18,5,0,5
b6268ddb998ab6056d26a8305b134e7252cfd984d4ab7b8e63873de250231c6d,603779.SH,2026-05-19,5,0,5
7ff288311614844ef261eefb372f6a87a1bae602597fedfa7a4e5f788da95c80,603779.SH,2026-05-20,5,0,5
26f5ccfdaa5a6bca510eebe9aab6d9c7bbe386aedf6f65627ab6f55d7c119ba6,603779.SH,2026-05-21,5,0,5
eff51ea9e285466cec6cdfe23ffc3077112e34730d149e1fff43674062d719ab,603779.SH,2026-05-22,5,0,5
14d209c725f8c0206640490b9487675054d7c0f876726754f88ea86f43f43e4c,603779.SH,2026-05-25,5,0,5
1ed48fef52f6b36b2396ff1795ba7bbbaa32d176080574fafd617bbfe56800fe,603786.SH,2025-09-22,5,0,5
95b359c39c718fa833ef4a30ea851fb72190b825f9138a8669de64f966c703e1,603786.SH,2025-09-23,5,0,5
4f0c667ba84fd5d8911db468053876024534122d81d187dd429bbdf144d92ae3,603786.SH,2025-09-24,5,0,5
d42673955f37305a6240bd16414f0bc4056dace1d9ab323166e587d411abd246,603789.SH,2026-07-06,5,0,5
57b515d1a90d99451c6dca2467f100ac3c1fdfd1508e06947701cde3b8ad5d5e,603799.SH,2024-09-30,5,0,5
eb4b034354cee212f08a3a8f1622af2c29109f63837fb787172d340a0ef41dc1,603799.SH,2024-10-08,5,0,5
5fb680bb6ec382cd3e89b35497b09c51bf62f824fdbf2379d3d5c6362bbba158,603799.SH,2024-10-09,5,0,5
208d62824f31cd923da42a5a128b074549be02f82e4e5711a293d00ce00d62f4,603799.SH,2025-10-13,5,0,5
f8ad86b0d84a8c517efbe49994951352bf884e9f5e136f6f3e0c49d99e08b04c,603800.SH,2025-08-11,5,0,5
7bb3f7ae380ffda19bf9ab59cacbbc76e45c28a5a351b43d2b891f0790f59d3c,603800.SH,2025-08-12,5,0,5
a57a25513e31c2afe7f01c7bf88efb99e3a3d3e483c0548d80dac71d8849876b,603800.SH,2025-08-13,5,0,5
138e78d9487f52519bb080a80b3fbc875e01d8e5e7c23e66321981143d0e7f18,603800.SH,2025-08-14,5,0,5
56d79f0b4921dac0b2bf74d50bc1aafa4dc58f3fc3c10ae4b0053367b33db4b9,603803.SH,2024-11-29,5,0,5
f539728d2bd354dee62ff77d9e0c0ac779ad747a490806b3637ced77af1734d5,603803.SH,2024-12-19,5,0,5
ea688e28d66221a04261f83fdc9edddfebe576c16ffc6058a9935f25c92c1a27,603803.SH,2024-12-20,5,0,5
e2a55de36ae8651ee387892a69fb6bcd9330dedffc2ed0ef781519ff69d8de34,603803.SH,2024-12-23,5,0,5
df4bbffcb475c2dd266002fd1706c9baa8e7ef20950d4e76816df2d531d42e6c,603803.SH,2024-12-24,5,0,5
9a205ba1c8b4309bb1a1696391b09a2847b0463e2f8027819104ca5858223c59,603803.SH,2026-03-24,5,0,5
c1063498745104b9c868c802254cc43ee38df2a6e8d07b1dffc57fe01c3cfa52,603806.SH,2024-09-30,5,0,5
e1b96bba35aa0fc3b75574538a74047e4e264d0f13baacfa8f100c0e7cf50484,603806.SH,2024-10-08,5,0,5
78bb31f9b66f05ddb4a72383454a2d1e6d107a1b9574186035e699c12cdcab05,603809.SH,2024-11-01,5,0,5
1f865c0410b2c3e1f3ab2c03b20cab62cd45a3829d01590b7c8f1bf6c991055d,603809.SH,2024-11-04,5,0,5
80399b222bdb520c51945517ef9d23484f777371c4f9caf75828e001e0414afa,603809.SH,2024-11-05,5,0,5
ff4b7708fa2dd83d3af303a4f5c376f167ade5439d5f40feb565256dbc33ef6c,603811.SH,2025-08-06,5,0,5
fa5eb43dfcb37a9d086fa4b3f7cea7110ade90f10b7e14a46af162bf5e50f661,603811.SH,2025-08-08,5,0,5
da94d62b73e8167df706c0cb054af04af5825b7a292a910f9eb59e95b610424f,603813.SH,2025-11-12,5,0,5
5f7852efb4718197f31e8afe91b697a12ac8c0e8c198649664ff7c5dd03cf40e,603813.SH,2025-11-13,5,0,5
32f61128e0d96bb9b1b5548502beeb2fe74f72fda0b995bfa199724d0b575237,603813.SH,2025-11-14,5,0,5
8938adc82500b69f1e8324f7575ab0a75e82c76f2832c56ef348053cd30f2569,603823.SH,2024-05-09,5,0,5
80c8dea379a666314ee4e5d595a37fb50bf8806bb7b77698d6cd4f035464dd25,603823.SH,2024-05-10,5,0,5
4c0ae4cd622b34e3fe66e04e32c09533f180a581c7449d3d0259d392bd55d7ff,603823.SH,2024-05-13,5,0,5
b21efb2790e74418d55e93669b96d5cbabbd6554bdb38dfeb470779c7e99e098,603823.SH,2026-06-10,5,0,5
e68a313afba4aa328bc03e3e78a1eb4e6c6c6db401c5620fcc80772a5aabd7fc,603823.SH,2026-06-11,5,0,5
c14da094fa8e2e8fb2b3b5f3e8cd0587b9e706aa431cba4d9d2dd5a4fbc58893,603823.SH,2026-06-12,5,0,5
334d30f87232f1453153cbfd2fff5eae1c8f3ee4f7a4106e26e521dcf153d0df,603825.SH,2024-02-22,5,0,5
4130d109fc4f93533124dd7c82aeb2be50ea26f2688bf98be2041a9274a41af8,603825.SH,2024-02-23,5,0,5
444821f8bc5e53ece8037e5482950001ba854f3a418fb403b6af0489922b6b1a,603825.SH,2024-02-26,5,0,5
5b961a37fb9aca60c9e4285720efbc778226c232b05517f5328f67bd3d3fe0a2,603825.SH,2024-02-27,5,0,5
d9f273ba8dcd65fa73fb9e28ee79d69f9768b296b77312193ea854ce99536dab,603825.SH,2024-02-28,5,0,5
b277d46e35d8d95d2e56b1ac7692c9a54b6784bc782b500ed24b641e2ea70d83,603825.SH,2024-02-29,5,0,5
72b17b34aae5e7f67e786b61d4d66d79cfd1d4f427c13bc30bd27a52ff2bb4b8,603825.SH,2024-12-10,5,0,5
2d018ec806d81cf1a7924914b9a9257d465eec55f31c0e515343d68281e24cd9,603828.SH,2024-10-23,5,0,5
0b56569cc82a8dbe5c8246c41b53e52987c32458f58c55eea1bdd215f874f1fa,603828.SH,2024-10-24,5,0,5
935fc60c4f35f7a94dce20ff3decf3d373034d6f0ab5915dcb32a8ecf876fea0,603828.SH,2024-10-25,5,0,5
f250fbbc39480ae6812bb129100b85bc020b3eb908e16b37d16e6e5ec4a15d30,603828.SH,2024-10-28,5,0,5
c78bec7aba1598838d78079a04277ba9723de92b424e43c67c867f282bd03525,603828.SH,2024-10-29,5,0,5
625aa0b8e1c4383e81bad49e9d584ce2cc8ff0ce1e43fd4e2c4bc66d573bdaef,603828.SH,2024-10-30,5,0,5
786868a09ff2f940b1a3760fef7c1c2724aff7182a1e4c97c704ff8e073180f2,603828.SH,2024-10-31,5,0,5
a8a5d835bc49747706ded5d3c31a4faa8d6507fc4f515704680e1063bdb865f4,603828.SH,2025-03-19,5,0,5
7e656b27e942d14903bc28fee31a2b881f7dd062abd7543899f3387067601434,603828.SH,2025-03-20,5,0,5
44c3396cbbf74a442ecdaa2a670015d5fe8461b1320ec7673a64f0c3d2dbe599,603828.SH,2025-03-21,5,0,5
715244f5c72977666b0f0f11206b5eba70a0f6f76e6fbf4d402e317d7d147a53,603828.SH,2025-03-24,5,0,5
4b41b226153bbf90f395b146479c978838fbf07b229e62ec588d7986bd888021,603828.SH,2025-03-25,5,0,5
d42458eefe07fab50c1e9dd3eb6a1aa2a0179c3b105404bffb99fdf5caf317c3,603828.SH,2025-03-26,5,0,5
97082e64463a5ddb4f479fe8c71c181f0562c4139a059e46d4c4a0ff1de4655e,603828.SH,2025-03-27,5,0,5
f2ee453e1d7286a51e07a3895027acd20d1e6aee8850d11a57753f2cb5b8f9df,603828.SH,2025-04-18,5,0,5
5d84a345c802faa37867644635f5efa99f981e4d70226d16f7f656bee866aff5,603828.SH,2026-01-13,5,0,5
f891ee98715a216caebbc614191f2bafa23a295602153dbf5b4bc401d2b9b65a,603828.SH,2026-01-14,5,0,5
20f9cfd7a479e1c0c63a8fe239f511c0fe9d9e103de1caee66c547cd247e5b5f,603839.SH,2025-09-05,5,0,5
e82fe03034a38f6a477dd91213a8f7ba1bad818c0034435b418e8e8a0f999028,603843.SH,2024-04-03,5,0,5
51a96aecf75ae61f17eaa67f54325b7d68569b391c8d5ce53dd8be5278c40838,603843.SH,2024-04-08,5,0,5
f319aa22892e2f87eedf3a34ec5757fde5649bc3564e9ff3be05b996a2358933,603843.SH,2025-09-09,5,0,5
e18c9c4c8c2e69fad2738c7313e68b552b4bd70c0f6ea8c2407555fa27d53a5e,603843.SH,2025-09-17,5,0,5
e33f0ef79da2cf30496629d33ad893e7ad08358947155ba4c7680cdb16017cc3,603843.SH,2025-09-18,5,0,5
eb6abe976239ed991ce928b189e074bf58760780e7ab1d6d2c69e4e42266ccbb,603843.SH,2025-09-19,5,0,5
a87221382adfc949714cee36b7da444962993bf91bf073471be5d5e093946be6,603843.SH,2025-09-22,5,0,5
7bd8da379cb7f33417ed94c5725865421ac8ebe5cd7cc16746b403f4c8cdbfbb,603843.SH,2025-09-23,5,0,5
94acbea49a7d520e0d8a928a9c646e790cc79d1502e12655a0ad0a9fbc897962,603843.SH,2025-09-30,5,0,5
db8c36505d22a7f70e09c3afacbb5186960b232cf9dac6cf119e117ddf6534f7,603843.SH,2025-10-16,5,0,5
de38e0ab6d35c0b307c078c90ad84f1e744d959b58866482fbe21708158aa2af,603843.SH,2025-10-17,5,0,5
e4ad1f3bed5dfb3cfb5cb92e199f927ec18c58003d44d88a89dbbe9af65331ae,603843.SH,2025-10-27,5,0,5
fd2ebc375f7a1abd1e64ba9902b6898cf46870f9d44d1ee507076e0bc7f48fb2,603843.SH,2025-10-28,5,0,5
3d3224517c86ecad0b21a569162867cb431172b3e4095ec2eb0dc770406d62c9,603843.SH,2025-11-12,5,0,5
f15ba9314183ec662740344817ed0a2e7a655a9270312d4229ffbcf287bd9023,603843.SH,2025-11-13,5,0,5
3435293c54a411a34d058d0203d4330984b922886a88452194bd99644f7d2080,603843.SH,2025-11-14,5,0,5
c0436b4b48d727be993735f7a0758deac2e925f87d3741e3a1e3d343f0105923,603843.SH,2025-11-17,5,0,5
47832ca6cd6d7cde562aafb838d03007afd1659939d29196cb2ee7cfa36094c8,603843.SH,2025-11-18,5,0,5
a95589af3f9d0a91ba54ad410f13fcb30b2cc6e24fc1a3d4dd2d5ec547caf831,603843.SH,2025-12-03,5,0,5
1fc601c78a5ed2b51d5032c8f9cbbcf9e672dab58c37b3549070e1449d62384f,603843.SH,2026-03-17,5,0,5
d140be78db0a4bd782eae11b817f6aceb1840332a62ef017171c465fca48ef8a,603843.SH,2026-03-18,5,0,5
c4ad9205564431d1896a1c7c7addb30516b9f5f14db7144a04e1b9486f3da06f,603843.SH,2026-03-19,5,0,5
1d16e865e08f38e766c2c53964c0485debc10596116bd28929593ef1e50d6234,603843.SH,2026-03-20,5,0,5
b17aa58be69f8d4a4450beba3e96492754e62d5f64697a0713e8a834fa7592d9,603843.SH,2026-03-23,5,0,5
9a54793fa286e3794b4bba6343c8d4e67bdcb5a78c559d2e53ab6a81533e18a5,603843.SH,2026-03-24,5,0,5
71920b9b2bd0b1501abb98e89962756e27479426f046ee4514b94e3a9eefaa6f,603843.SH,2026-03-25,5,0,5
f5473c232a65e6ae5832004bc1d1b2418e8b14d7af8da6e09fc0d37b05fefb27,603843.SH,2026-03-26,5,0,5
cc68d5a52f90f8f1444d5a782f2a4f48109cbca94675afd2a5be698f4ec44e26,603859.SH,2024-11-06,5,0,5
889b1989fcf62acf9f755f2bf83b5f6790991257e92b1d70ebcc63df1d254217,603859.SH,2024-11-07,5,0,5
b8111f024d95acc8ef36a6740117d72f650ee22267fedc793e851b0333fc8b60,603859.SH,2024-11-08,5,0,5
badbc8c502608276460212a9e2ae89f416ce01ada9a71cc3c799509f0c764e3a,603859.SH,2026-06-10,5,0,5
db7a5b5ade1ded33e8c0551591a00b6fdc8e25a27c0b72f45ed65e844c2c19f9,603860.SH,2024-04-18,5,0,5
aaee86403f4eaa59a88c0b23d6ba96f1b163fa6d3e91d41f31fe125124d27548,603860.SH,2024-04-19,5,0,5
e6627811aa40ea602c69cfe9ad68be6f9e99aeada798254cd8e61aab562a66a1,603877.SH,2024-10-08,5,0,5
85a7ec6a1f3b9b81f1b65dce898ce5c62a5f0c08768979cf5a25265ec56a403a,603879.SH,2024-03-14,5,0,5
6116386f79adc303f7c1d8b40e8856dd3d6919e6c2e20904064fb9c5780611b7,603879.SH,2024-03-15,5,0,5
bacba1f030d30c555aa12bca4ecca06f77a4688110ee8f1b07569841370f7aef,603879.SH,2024-03-18,5,0,5
352a41111a36f1f83948726488507643d45f365887a6bf50f067ba0c0e8eece8,603879.SH,2024-03-19,5,0,5
adf3271fcc581d6b9be6223821d9c8f24b16fb49fb0b2c91d34fc0becc7f51e7,603879.SH,2024-03-20,5,0,5
087cbb3e651b1d1a05b407dbd7bd64a52e79869e681f2940d85653a14ed03748,603879.SH,2024-03-21,5,0,5
df4944f8073a6a5cc7f78d3e13f66cbc38375de222b3d0461b67436cba21fb1a,603879.SH,2024-03-22,5,0,5
576719fdceb12bef2db93454fb8b7c0bd34ca1f41a2d276d53a7342ff21904d0,603879.SH,2024-10-28,5,0,5
9249587a4b59317801e9515630d8a954b94b7fa7681fc91567a08b200c1a5a13,603879.SH,2024-10-29,5,0,5
7420b4286ec3c14bddfc39b883a6be5ac56a0e362a0ea858e32b4787401bfb3b,603879.SH,2024-11-07,5,0,5
a88dc1bb34989b7035cd8c7e7f1805f24b9aa9d5f632bfebc75b33bf96c80cd4,603879.SH,2024-11-08,5,0,5
fb3d7205ff5f89511a2f43c35293edc71ed5cc2b034a8f1e8a5a259c04837174,603879.SH,2024-11-11,5,0,5
e9984a02bd2eb75c241e745f5ffb22700fcb54d19d79c666b872546e97ea00ec,603879.SH,2025-06-06,5,0,5
ef57c9faec3ca1751c6f42a61e4d021d69679faa329609239953a8ab8bc7cd1b,603881.SH,2025-02-14,5,0,5
cbe70bc6f04734b53009853b9e8b370d3e1944dbbab652b437b11e9c19def603,603881.SH,2025-02-17,5,0,5
f2cd6e214447c9ce3de2dd38f4d4ff5105f53fe8786a372543bc9faa158742e1,603881.SH,2025-02-18,5,0,5
688ebdbee0cb263e2fb80aa640fbd69bf63ae5d6efe59abdcd13e0ac575fa88c,603881.SH,2025-02-19,5,0,5
950c88385efa48c885a87e09cc7e42369978fdbf593e38e7ce6e046661791129,603882.SH,2024-09-30,5,0,5
ba129486cdc658eb6cc8050df61145e90fb1b580bb6e5c5a85c40729283860d3,603882.SH,2024-10-08,5,0,5
f49d2104da4cafbd413a8b9731889b42740aaf6588028b43db0edfae20a1e0f2,603882.SH,2024-10-10,5,0,5
1803dcdb63fd47ee860cdc424e0278c6cce0e81339d0bf4a2b37c1521793ff3a,603882.SH,2025-02-10,5,0,5
f5f07a3dc89a6d944b9d33dd876832ec678aa9bb0b6b2d5c33c44563d171a43c,603882.SH,2025-02-11,5,0,5
ccbbdbd8474ebc11461914f78f1bce1a57c354659b805b98218a6dee668c5581,603883.SH,2024-09-06,5,0,5
3a2aa39ff147ac433ebbde0709e429c0cc24c8b652b41c474ddcd57291150068,603883.SH,2024-09-09,5,0,5
f5746c8f7bf6acf354baabd47a00f183f8658750fd374f4f6f155228a73b2a43,603887.SH,2024-07-01,5,0,5
7240efeac1c507c2fad3acf09dcdd4a70eb2b68dbb9a6d0d36fdd2f9ea2ad6f5,603887.SH,2024-10-17,5,0,5
8ebe7925ef00c7ff52f4fca3d8ae4b9d0953ae975a6ec608a6ea7722b42f8a7c,603887.SH,2024-10-18,5,0,5
a170bdca23af4af824ceee20fffe4217c56ffd87cae1797f728a0f8e1e32af06,603887.SH,2024-10-21,5,0,5
66171c62820d7374e696c2fa010a20652287d9d58be89d6c835387691f4ac937,603887.SH,2024-10-22,5,0,5
ae6861201f3d6079d01b21c84e885d2ceb2713f7697c60586cf7c5c48f7af8c4,603887.SH,2024-10-23,5,0,5
55913cc18221b36d1674cc6a0e75a40a93a4caafea399a0b56ef57c3e84c6110,603887.SH,2024-10-24,5,0,5
4855a191e3a56a3cb46bbbdb381bca10b713710cb7d00253220c19a7a14d63bc,603887.SH,2024-10-25,5,0,5
272354c5814ce1a3a0fbc3d96625a2c9484b482be3d12cd0d0ef489032cac4e6,603887.SH,2024-10-28,5,0,5
09c6579d11dbaab5fb12543e9e0e61769c23821291241c123983c783cd58da57,603887.SH,2024-10-29,5,0,5
e62399233f3f8188bf2f8df9416b5ecf451742eec5c323d99617e1e45d2d6f87,603887.SH,2024-10-30,5,0,5
b66fee7915cfa6764efc62125ea5ed9424310bb3759d95ffdb0b713c5efe31a6,603887.SH,2024-10-31,5,0,5
384f20b8b15fe51b0210b1fa1e982f4e37bf2d65dbae2bd0896cbff1bc538c54,603888.SH,2026-01-14,5,0,5
8cff8766e72597ac4a45b267f0f66f86aabe674783a9bfc9e4042bba8192ddec,603888.SH,2026-01-15,5,0,5
915a5902d9bbc41119672e7086ead95fdda9054f5c8c7a1ecd8fed0111315158,603893.SH,2024-10-08,5,0,5
cc4fe1eb27078fd7935070d81c32f3ba56cd51d6b231b5703060e9014b6859ee,603893.SH,2024-10-09,5,0,5
64ec17065445d075fc862e6c9aabfed40ea317cd46e78bd600bd2f45559398da,603895.SH,2024-02-29,5,0,5
42fb7e1f3c1cd3cc0ef2aa46449feb6d2e66e812cdc5ebceda6faf9a05c3ce8b,603895.SH,2024-03-01,5,0,5
fabc2d4c0b1ef5d57221495d440dba0006891256b94a991b56a28d80c3a77651,603896.SH,2024-09-30,5,0,5
a715eda3a984339f6bcbab8c94e0c487a1c952115abd1891ab5b9a154637acb6,603900.SH,2024-04-03,5,0,5
b5b599f1fb77d319fcdc23d147cc6a430d6c4b734dd987062c2b83fba8cf8dec,603900.SH,2024-04-08,5,0,5
8709914cd709dbde4efb108c3e5d430443688cdf6b9d8b0f3a3e655204217730,603900.SH,2024-04-09,5,0,5
f2cb817b65766d79d023a23b47d87c65c85f1a11230bd0d544add1a19124ad29,603900.SH,2024-04-10,5,0,5
00e6b750a163fcbd1d9ee940dae93704a0962b6b27e3556b5f7a22a1e1184d1c,603900.SH,2024-04-11,5,0,5
52a6aad0e87c16ec0a80bd627f0e2e347795311b5b7135d1dba10c95c3528b24,603900.SH,2024-04-12,5,0,5
4ae4723ac35ba29bdcabefbf4d240cd2cb944cf909af9572f118da1f5bc28cd1,603900.SH,2024-04-15,5,0,5
2138d26d60116e408677e0094fcf2f28c78891611885a9049bcee225e3b2ffa3,603900.SH,2025-05-23,5,0,5
1487e2cf5cac96ff48b0cce13bacb7b8c56cb28461b40887aea2bf3c9f6c85d2,603900.SH,2025-05-26,5,0,5
5ce5a2c75e9148896a307bbd1b0934d8098b33f76b4249e125c80174af980273,603900.SH,2025-05-27,5,0,5
fe3ee09278b0accbd9ad6a7e9aa7791f48a2904c0b7735495059b873b815885e,603900.SH,2025-05-28,5,0,5
118e6121afaeb9dff01e7cbdb51046f6f2d06c6c4aed0a13baea56f368fdb5c1,603906.SH,2024-11-28,5,0,5
a3290840c632b6f062a71f8192b8dde09debd1b25d70046aacbe6af667bb934d,603906.SH,2026-04-24,5,0,5
3723fbd404075c49694314e35ea39cdc94abc92a593c3d04956caf0f6518eef3,603915.SH,2024-09-30,5,0,5
3fada2ce0b75a513d80405650a6c98bac9162209cabb3bd7562fddd8587154e9,603915.SH,2024-10-08,5,0,5
863abdee15785c2e77030dc648be5bf1a85da85821ed342cfcfe87a742f26fee,603915.SH,2025-02-25,5,0,5
8b90535fbd12c13be052395c21898510c5e8f030bb909ce0043908303b903367,603916.SH,2025-07-24,5,0,5
ab51828ca8077b203c188d45a3fc72f7e696b5f4d5f04b2ac7436a0314ab249e,603916.SH,2025-07-25,5,0,5
53d88d0e0768c41ddb49b1407597ee1d83859478f58d6964c62b2cab1f8392a7,603916.SH,2026-05-14,5,0,5
acc53a8dd06fc7f99e979245ea73728e7117f88b855d4385cdf672d48eee40b7,603917.SH,2024-02-22,5,0,5
9bdfe8180ca6b5dc21fe061ced48fbc0eaae8b956094a3d6270d168f1f4a63af,603917.SH,2024-02-23,5,0,5
806129f4c3ddcab4aabf16ef4ad0b76d5cf371a45eddd4773e1b4b358378ff2d,603917.SH,2024-02-27,5,0,5
52148ae2cbaa9dc3ab2de1f962cacefc63560238d6998516cf807a36045def31,603918.SH,2024-11-12,5,0,5
e8cb0b4d7a161a6da5e11fc82b0ee1d0850038e26d04a16c37b065b87df70c3f,603918.SH,2024-11-13,5,0,5
18918495b5086e76feb6b076ce02e3fe0242c1741a0f293ec4d75978219ece17,603918.SH,2024-11-14,5,0,5
f96eff9558c64fe4fa84450a1e0d1c3a7e82b1c9daa725c4814c0978c1b43814,603920.SH,2024-09-30,5,0,5
b01b46d1ac3f8d2918b2a40b366bf71567d32bef4742c5c0f6605ce0233365d3,603920.SH,2024-10-08,5,0,5
4939770bb2e392fe5888ae6a7800df805c20fcdab3e94ec6ace1243a30788c21,603920.SH,2024-10-09,5,0,5
38bfb6ec7023c24f873c81bc6312f9a6ea198ac31c51ed3ba8dc8f69a70f828a,603920.SH,2024-11-11,5,0,5
b1d2e04eab08399bed0031054185ce2145065d8b23141dc6ce2b6d9462b8bc27,603922.SH,2024-11-07,5,0,5
45ad6499bbfe2d37123bec250e2c120c5ace33708167a7a4436bee402e269cc2,603926.SH,2026-01-22,5,0,5
ed7de289b62f215e13e3ecbf72c58afe529c6d3598854daebdbc604d3faabd62,603926.SH,2026-01-23,5,0,5
a5b7313ab962d868f5ea9695f2667f2115d2635c3ebeaae2751d6a23b7f54e77,603927.SH,2024-11-11,5,0,5
e83f4aa9738fe5af43f34d14a26a4f79fe0373242426fe5a262ac40892598e04,603928.SH,2024-05-08,5,0,5
41781e851454728f3c1de6a5a071d948bc7f5d08db212d5206e0a9d2654de326,603928.SH,2024-05-09,5,0,5
ee44c87e3224a034edbe73d010470c1f91039e286cefad81001df010900c78cd,603928.SH,2025-01-22,5,0,5
922d8dd7a0a199eae555f01a9f9444f1e7cef4d5d7d958cbe43af31fddb5da69,603928.SH,2025-01-23,5,0,5
4d77795cbc35e0f3eb2f506d52ce310cbc8010a8c41659fcbb5f00610263e231,603928.SH,2025-01-24,5,0,5
8fe0675b84548d812c554a71d18172f59962cd85e8acd281ccb6256318b5490b,603928.SH,2025-01-27,5,0,5
94411dbba5c116055a4e12ef246fb75fb0dfd9e50eaf118b71b3cfd684d4a264,603928.SH,2025-06-24,5,0,5
0aace0b9eba0134f035f4cfe510de0fc489c8858739325cb42c10f94386e4d58,603928.SH,2025-06-25,5,0,5
5494723f29eeaede88f58b7f4e4c5f79bea32120fb9ae56e211f44e9d20e2c4d,603928.SH,2025-06-26,5,0,5
11d3e30ba692efdb9db6bc20ec130d4a8ea610e439465032b12d338bf8a9cfe0,603928.SH,2025-06-27,5,0,5
193bbd3ab90ddff8c552bb24e3839105002b8291ab713928ea3669d5c9bbac17,603928.SH,2025-06-30,5,0,5
48eb347b52943726328f2342d857143234b35c659c9e45f496d397366c4dd2d4,603928.SH,2026-07-02,5,0,5
d84aeb27c998f6e34791eee6fd6ee72a50a24b51e62d66928c82fbd6b27db6b8,603929.SH,2025-11-06,5,0,5
3ca918e97c67cb15fab310ca08158db44b571185331d8d8b1776e12afac32413,603929.SH,2026-03-18,5,0,5
de081821b5f318aa3cb95d871e038c0e4c815f22d5a8f2c90d13d60a348d1643,603929.SH,2026-03-20,5,0,5
1c025e443093e5d550a6f568259e1432aab67f74a80332f9aa643358fbda83fd,603929.SH,2026-06-10,5,0,5
163913ed598260b26a3883408c87bca9f87375d6d86f98bbf78850c662c9782b,603929.SH,2026-06-11,5,0,5
e4c864cf61aa9135635075f1f9343f2bf9389b766e302194699d5fd9fe540f44,603933.SH,2024-02-21,5,0,5
f98f715b0636aea3b0d9128d04d5217217f72598e275a9528174e17d0f928d16,603933.SH,2024-02-22,5,0,5
9b450fb6a4c4f2b72404d268919a43f02316df7b873a5c6e5e1b947ccbf8f9e4,603933.SH,2024-02-23,5,0,5
49dcfb11610ef1a051abf979724938bc6c4d1b275672befa8ead05ee47c13f2d,603933.SH,2024-02-26,5,0,5
6c0b7e5fb9133e182df7ef3128072b98cbf705c188599f633f13b944e2240bce,603933.SH,2024-02-27,5,0,5
3f8bda86c695f33e8c859ddf02da1a80bf9c6a4fc4374a6ab6610fb2cae4d67a,603933.SH,2024-02-28,5,0,5
e10eaa72e26b70eef66e42dca9e22ae080f87243fcb0fd355c80e8f5bf09fcda,603933.SH,2025-10-22,5,0,5
9bf489787f4b68935adef16126e20fa95d20c99110c8b501061c2ecb8c1360bd,603933.SH,2025-12-02,5,0,5
9583cfd00cfe6b720851cd140a43f65612ac3fe004ec8432a47e0d37eca35fa3,603933.SH,2025-12-04,5,0,5
1d5707b7d3dcba78e59538ef5fd83b72f1d5da65e0a1b41f9e21f66132ba8be4,603936.SH,2026-05-28,5,0,5
33705b51b25997e1e88795765c487d04f7c6370ac11abfb5c84ef6947d782b1e,603937.SH,2026-05-08,5,0,5
bb4543d9a22b2f9bc39cd51c2b45ac7758d9f1a542d1e4090f6ddf562aad45fd,603938.SH,2025-04-02,5,0,5
f9618b94d44f3b352f4323e4ff14f8a04a28c6bc2e4fa322b251595315a4a3f8,603938.SH,2025-04-03,5,0,5
da7afcd46573c35623e16b18e401050a37c2286653a0682cea8ebbb8b8631db9,603938.SH,2025-10-20,5,0,5
b849589b8ffc329490ab9fdaad7530de7ec173fba9dc2f70a553683da2508942,603938.SH,2026-01-12,5,0,5
8c454c50a53ddc7fe19abe329c40b736ecd4cf60b89941c7fcb1ec00a0fa1722,603938.SH,2026-06-26,5,0,5
add0cfad5753c3e8ebc721cbfcece30414c5afabe558ee7d88410768f81f3cfb,603939.SH,2024-09-30,5,0,5
5ab1b9e068f7f0e43c1771f031cf5acd3d644a841441d5ec589c8673fd36a006,603939.SH,2024-10-08,5,0,5
e891b95762f178957c5cbabab027476364d945f1edb192153b232ac70865f09c,603948.SH,2025-06-26,5,0,5
16c81ae10a2258557d54022eeaf0af6e420fa603338c6783ca75256454df2560,603948.SH,2025-09-01,5,0,5
ec724ec019a8ac6c4f8799456ba9aa170ebedad179377aa7e75fe10dbd387900,603948.SH,2025-09-02,5,0,5
0de0f67eeb15a3c836dedc4a24efa5e217a6775b3af11df09a1e8edb47b9029b,603949.SH,2025-03-21,5,0,5
a302bf1df4699353ffe5df39486dd410a78c9f31dd635fe64f2f73b22c5b5754,603949.SH,2025-03-24,5,0,5
4e35aaa69a5ee69bc646a07b14a469fea4e4da5a799d220fb3af39287bb29202,603949.SH,2025-03-25,5,0,5
b4feb9076c8b55f669e2662eb0f9279abc98d52906256890d48293f17dddb045,603950.SH,2026-04-15,5,0,5
f509b8ec90b8ed36dc547d7df21dde6366224ed24cd2bd51bfd4a199e20773c2,603955.SH,2024-11-08,5,0,5
43ed22e33d7aed06ca753a18088076b87704096add0b45ec83321a81df04ba5b,603955.SH,2024-11-11,5,0,5
220bd06285423010993ac743e02e4e387bac0b2ad530b872332bbf65b40c84f2,603955.SH,2024-11-12,5,0,5
5ba11dd0e77583208ef0e7af21c3774678ba6c06ceee5135845fa91333eedb53,603955.SH,2024-11-13,5,0,5
96813d5948e182b5039893c48c43e82e26fc8255ed39f7c294b34674418c5163,603955.SH,2024-11-14,5,0,5
1e8f855e7fa4c8044e712fd62bc1d0fbd28aeedd061e4e8586a89f014c253f23,603955.SH,2024-11-15,5,0,5
edd7f67e7703ec6221bd14e1a23d93767de300059f18b304a0a514da815e996a,603955.SH,2024-11-18,5,0,5
8f311cddb50340cbe4fbfb5bd042536ae2101cbc66acc72907aeb3e3240276da,603955.SH,2024-11-19,5,0,5
ffff7206efee86854347dd486102261b9138ff2addb3258354ec391e4b140495,603955.SH,2024-11-20,5,0,5
c3eff791d1aa9d528d281a50ab504370834e84788e6ad8ba7c2cf35131810807,603955.SH,2024-11-21,5,0,5
29c7961c8b5f743518ea4575cdc373a933a1aa0432ea121e203d9e83b2d4386e,603955.SH,2024-11-22,5,0,5
ab51cc4a92133eb816d5747fb35742c211460d061c1f4cad6765f5705b822f16,603955.SH,2025-05-21,5,0,5
87c95ec83e0f035f90c8bc7c1acaa12afc14c07ce59bca6e161fac4a7523b73a,603956.SH,2025-02-14,5,0,5
a7a77040a522654ffae38ba2015a2c3eb98bfc67aaafdfc0d7b6fc25d6c5860f,603956.SH,2025-02-17,5,0,5
87b707f4ebb7e9e5dea64680df927cd6ec4164a471353b18c533d63841cb495f,603956.SH,2025-02-18,5,0,5
013855ea75a1516bd9deb09f2e9bbd57cb7692d19fb282b59fe43c41a58add81,603956.SH,2025-02-19,5,0,5
49ce2e4991286cc2708138fe1c13b388d13abac87bf93953653558d3a8021473,603958.SH,2024-01-22,5,0,5
31387da7f000fcdd659686143b937de3c21bc433eb8742d3113cd6f9a972c259,603958.SH,2024-01-23,5,0,5
f2de95bd1b9f9dd2b54cf0385f5f279c20e034c6b09a4e0cd328ff4e6ba7137e,603958.SH,2024-01-24,5,0,5
960d3dc8e324686f8a74542eb6354bf20e7f59275261fdcf9384c593c6703bf1,603958.SH,2024-01-25,5,0,5
4021423aa988e94beb34ec5802e2a4241f13722d064c4f46970a9a48299f2e29,603958.SH,2024-02-07,5,0,5
e2aa9d92cc207f379c923da50b9ac7eb2bac3f03e2318473efa4ca38a0647f1a,603958.SH,2024-02-08,5,0,5
697960542cb82e7371000477a236d8ff300f63c8549dd5b676eace9e50de4bca,603958.SH,2024-02-19,5,0,5
92ff3b60916222812fb677a275cff66454cd9ff7aa5b9aa125beff97dd1fde19,603958.SH,2024-10-29,5,0,5
df896e888d8aa78d95a21f696d0409e2ffc96afab6cb3a31fc06881e8a557e55,603958.SH,2024-10-30,5,0,5
4c1acd6c15b088367942b5c856b7ffa35713870c77c0bced9bbd5b423639140c,603958.SH,2024-12-27,5,0,5
c37765510274b3895d2e178e2cdde45a27bd6522236be38b5ff4daed6102da7c,603958.SH,2024-12-30,5,0,5
d735c084a743beef17c6e032c979c13698d84efe07f51863b66279adc602b773,603958.SH,2026-01-30,5,0,5
eb5768fc84ca3c45370899d09720f810f6043aeec69e09def9905ea48d34e6a4,603958.SH,2026-08-21,5,0,5
a1ec5cd2976068af15e47aeec7ef16bfca74e902a3b76df0e6ef4b540856ffc3,603958.SH,2026-08-24,5,0,5
eb1e929ebfc779c6040d2f694f366e5d10e0897a335de723e9d6ca54230b7998,603958.SH,2026-08-26,5,0,5
5b2e0b5b0f061c1b5b68938ba5b4336ca24d2c3116951354d7540ce68b90c47a,603959.SH,2024-06-12,5,0,5
dc03fda51299d6dd00078bf66a2b4e73f0158d8e307bc157e3fe78e4a6e05ead,603959.SH,2024-06-13,5,0,5
2b568286ea451aef559e197ae6613ecbffe014f075a1544f056e6902952120a7,603959.SH,2024-06-14,5,0,5
d3d8458a5e1aab672a1311be38aa0fb4c1a67a9c0e6619328bc9526da3db0846,603959.SH,2024-10-31,5,0,5
40db0d7725ab10b2f8c6a1b65c3997fb54770c9b4bf14f3566cf41f952e23932,603959.SH,2024-11-01,5,0,5
3f98abfe73811a326dd488fc2da87b4b7ac94a2e58f569c9b235d4efe1aa5928,603959.SH,2024-11-04,5,0,5
71f1f68e530e3d519defae4fe75fd1fbd190272e8d134998d487953f0886441f,603959.SH,2024-11-05,5,0,5
0be21f61bc8863bf5455a6978479bfba7276fae47ff5860b1dd430969388a549,603959.SH,2024-11-06,5,0,5
57d9da0c3d17bbb8e322c83b1be6d5769abf78d3b2e893a61088353b3047c0c1,603959.SH,2024-11-07,5,0,5
ea2f64a9b192ba937e8e84d079a04724406b0f8a9b162013b5953792ed1ec206,603959.SH,2024-11-08,5,0,5
21262115b903fbe2592cb3ff260efbc1ab1b8c9395bb042511fe1cdfd551f351,603959.SH,2024-11-11,5,0,5
1db31d5d16d5268b330be220e0fc1db59f80f21e4c99c3c7d67e970b6ff73665,603959.SH,2024-11-12,5,0,5
2c7dbf0a6b0dd5470c6747bcb54ef61c8558d3814edd0e9f99b47b9148ad7b7f,603959.SH,2024-11-13,5,0,5
0aeb73565873c604e101673c246f8085fdf140c43f96890bb88d21b95b835a4d,603959.SH,2024-12-25,5,0,5
b26503f7ece255b4f9c41d9858d7c63bb6827165dff9a074d31b776e63f0a2c5,603959.SH,2024-12-26,5,0,5
2497185d21e561ceab8e9a8f7ea74bbdb4bb52db16fe13b55a154d7d75733cc5,603959.SH,2024-12-27,5,0,5
1e6d17f68f64ce5dc191e992dcc7587fc60d4aa87e744320ca9afc65ce05d49f,603959.SH,2024-12-30,5,0,5
f5ba9e573b905fa74a8e0cde40bc85bee8a122026cd73d1ed4e0a0b20c7f2aa1,603959.SH,2024-12-31,5,0,5
4ef7797ca6c44935d610e09d16cd830321027d5edebd8ee97c48783147e2d5d2,603959.SH,2025-01-02,5,0,5
095c71aea5a09b25b9521de0cd97a4ecc9acb1e83fd090b31417828dd5ba3d1b,603959.SH,2025-01-03,5,0,5
e96194dd539a12cfa10d85a37a9e4a88caa6d66f115490fb9fb5d624a4011ee2,603959.SH,2025-01-06,5,0,5
ad2f19b110e39d64f054e91cb29c052dffa7cadb65fdd030c699576af37e3d38,603959.SH,2025-01-07,5,0,5
5dbd6750cffc65cbc18d2f1ab8c5f65c17d9deaa3281ddb0927ee264c4dee882,603959.SH,2025-06-09,5,0,5
8b436ff5b69fad2f2535a4f7e933f40525b8a9091179fdb1ed469928eb7604a3,603959.SH,2025-06-10,5,0,5
e0dbeddb4832a8dec9eb58eab5c4350512c651ff2db043e3b9f2e4f2eb677b74,603959.SH,2025-06-11,5,0,5
596b607965b3b4b2eef102b9437f26052c7cff3d87065137037afc517546320e,603959.SH,2025-06-12,5,0,5
d7473419d1edc7f4c548f082ec1859fc91739b9bdcc5e1521db5d27edaea9030,603959.SH,2025-06-13,5,0,5
8a351c3ebefe561786ef01fcb8188939e88ed9b95fc932a481209d1e7324f479,603960.SH,2024-02-06,5,0,5
e300ea49a094ce674a4a468a8107e5cc79ea14dcf71989d5fabc58daa8092725,603960.SH,2024-02-07,5,0,5
7aa9723a165755b70963b226c76b0957f025f6ea6a723a15b79313ff67b1f8d5,603960.SH,2024-02-08,5,0,5
e465e382a65d04ce2e040e9d8a9ba5e4473f48bef9aaa090d99ba3b82b3d40b1,603960.SH,2024-02-19,5,0,5
e9c6847c3d0030d978920e088ca37cb6de5995f80ea96a8094af4ada44dd84c7,603960.SH,2024-02-20,5,0,5
a4d883e70c4be7b146d9a5cb4e1c35404b770bd25ac86c0aea936907d5f37f96,603960.SH,2024-02-21,5,0,5
af8a27ffd4b07f88bb985acc8277caf096dec9d907b3bb566250fa7ffae55b32,603960.SH,2024-02-22,5,0,5
4335f0bc90e73ca196fcb6c5d4bebadab859cf6ca08a6131bda9fa74d0466b52,603960.SH,2024-02-23,5,0,5
9bbc48545e4bc8ee63634e411f769a4dab65e4b88db3c63892ed645ae7f4d797,603960.SH,2024-02-26,5,0,5
d93c2d7ee9bc1fff3070622f5ee1ee03a6314aa78b8e5bc3ae884c45abd7a3a0,603960.SH,2024-02-27,5,0,5
836f6fdb6e4437aff04b4fccc1cb887bacceb460c921806c235857e8d5a13f38,603960.SH,2024-02-28,5,0,5
7b533962a670ad5f44187d211b0b67c84c2b9dd202fb7da5bdd453cc7e305cd0,603980.SH,2026-02-10,5,0,5
92dc80beb20312cc1e1fcd5630a5694b8925d4285edc6bd47ab6aa3048e67ef2,603980.SH,2026-02-11,5,0,5
15ef6308a91f7104f49cf630303a759de78d76aadb82f11bf6c5196625aff5d3,603985.SH,2024-09-30,5,0,5
1796e20d4b0d5149cc721870daf22e4b549b7f97080ce38fdd6778a6ee351792,603985.SH,2024-10-08,5,0,5
63aff38fafdb5fbb876cc5e205850644674589a10f7ee6808e3a58302ff3a897,603986.SH,2024-09-30,5,0,5
a797d51d1cd19c07c5be94b0a854a3e8e9d0aeab634a1e04fd1b18a5a8568de2,603986.SH,2024-10-08,5,0,5
f540f050c48ba4cbf65a987f7c1b5c62c3b9110c2f42dcfc2579fa3d95130680,603986.SH,2024-10-09,5,0,5
7721e93b1ce9db025080a100a0e4a69be2021eeb810d6fd7c5c4fd9068888d99,603986.SH,2026-06-22,5,0,5
665f7d864f739e185436c9f87080f26926433b8f112400c56d8262cdc92dc483,603986.SH,2026-06-24,5,0,5
c5760f838f358cdd52a50731987d394b498843b0b9a771dc20e26e9f88c9e250,603986.SH,2026-06-25,5,0,5
04e3a3552a32ec836e4952c25970f179fe432cb881aa4be8e932dcefbbae9b9d,603988.SH,2024-04-09,5,0,5
c587d38461cfb9a41ce1ddbc1318c6d6fbcf7b63657b781e14be08e8e258b6a5,603988.SH,2024-04-10,5,0,5
4339a06b293ec919495b736f0da15ba81f41ee6edd5c334dd5c4b4494502c043,603988.SH,2024-04-11,5,0,5
55f2a038153fb448dfe19acd9606ca55b93118ad048dabf87ee35ed0b62c0ae8,603988.SH,2024-07-30,5,0,5
95d06f303edbdade8cd4a0c9ff6b7fc0094b6c89f56318dfbd8671d16f4de1a1,603988.SH,2024-07-31,5,0,5
fc89a39de242d2ae58edbba48f9c31557373362f26bb77f5c859ec25ef8e4805,603988.SH,2024-08-01,5,0,5
048ed0962b9aa9f6bc85812ad896714ae4baf3cc3b7042e3a037f9efaa39db14,603988.SH,2024-08-02,5,0,5
f9733724549188e31fcca5d7177e60b04775d5e701b49264a5aba89c23fe96d0,603989.SH,2026-05-22,5,0,5
76dcbe3a91074e05ebb8a5037af081603e076cadcc2b64835e70f664bd6bc90e,603989.SH,2026-05-25,5,0,5
153e477b7777dcb9ea7bd2c5524bc8abb8905c7fe544c0df94be315da316a370,603989.SH,2026-05-28,5,0,5
6581e3a9c6d317948683ede6bc6ac8d49faee15a58eb3fe98108b362a55e0a53,603989.SH,2026-06-18,5,0,5
ad88e13a68ee3138d41ac79f129b1a298658662f60788256035000ea8f38acb0,603989.SH,2026-06-22,5,0,5
c6fb7912091b08e210e4721948f5c41af99925e1b6eb1a88aaddfa1ad2d7c03a,603989.SH,2026-06-23,5,0,5
594a8a09fc793e1d138813b5a40c2c2286fb2d08c6c34dd482a851f6a3767bfe,603989.SH,2026-06-24,5,0,5
0972069a41e9709ece46a860797e8b030a4487553d5cd3cf31e41ac4375469ae,603989.SH,2026-06-25,5,0,5
22bebcfc11832866fe6dfbaef63fffcc5208e5c38d26b18a7e9fb6982c98bbc5,603991.SH,2024-10-09,5,0,5
c8c526cb9761d81aceaf97f67255a3b8d5297e3624945a64e0a3f6eef73391d9,603991.SH,2024-10-10,5,0,5
b05f7c5b3eb4faf7af5ea8b2e89c714f67f519040b86444ca114dc919813cf34,603991.SH,2024-10-24,5,0,5
21cd69e3bed3ae064a84873f2e7739474a893f7ee723620381b344fe0bccc070,603991.SH,2024-10-25,5,0,5
c4ad2126ee7efabef721c13d2756c1816ca0c48a613472edbd24ead722c2d505,603991.SH,2024-10-28,5,0,5
c4e8564d0e61182e5b9988dcc59f667228a778501dd36842b6169463e621f439,603991.SH,2024-10-29,5,0,5
ef3efc8f0e34c7a4b5cf50dda22dc0745f631df2b88573b49025ad5f8fa6cf38,603991.SH,2024-10-30,5,0,5
cb35db6ed73baec714846b1fba66881ca0c47bd4a24ba4a6fa1fcef8809db7ea,603993.SH,2025-10-09,5,0,5
5f37737680a989f83c290756d205bbe278a00a33a80e6a3323d10cf289cf2052,605001.SH,2024-04-22,5,0,5
4f241bff0b65ced8e9948b26603a0f49cff822789f9130b17976d36f9a99d124,605001.SH,2024-04-23,5,0,5
9e95204564f559f4f522161e181577ad1ee5ff159686555f23b8139fccebe8f0,605005.SH,2025-06-04,5,0,5
638ca0397fc19fdef104996bf0ecbc89cb7715b190a65459a6284454f7f54d51,605006.SH,2024-12-09,5,0,5
8a36dc8ba9b42636b848cafa753f5e123b1757b3f4213d051fce69d39db973bd,605006.SH,2024-12-10,5,0,5
d0d4a54d7098b341796a91b3d2fbc4c6ff22dfb32f6a7406c46c68fbbcad1758,605006.SH,2024-12-11,5,0,5
069e2f49364925bf032c819b971c17fcb4e4d48c88159fda972698793b896a3c,605006.SH,2024-12-12,5,0,5
32afbf2e8334f7e9e8c951bea266c4d85e1057c20d025332da803cd0922d2f6e,605006.SH,2024-12-13,5,0,5
3ce0166723f22dc2e59f063d95e4edaad2c9b62a2925545dfe18147826d51784,605006.SH,2026-05-08,5,0,5
de43d73658bbe798240fa59c3e27ea204e7ba3171538116bff1b76acc644e07e,605006.SH,2026-05-11,5,0,5
f736cfa23395d0ba944fb7c8115debfa6bf4134572940c8556823be0887975bc,605006.SH,2026-05-12,5,0,5
05c3b670517d44a8425f286f240c24c7e48dce674b5dd9aace3515780d295b87,605006.SH,2026-06-16,5,0,5
df38cf13b1aaecbef5a98ed7ab1164c38fc85fbc12d4acec58fe3824460991b7,605006.SH,2026-06-17,5,0,5
aa1392901c9160fd00dad2dab31c66bcfb847efa90b5cb77abb75bccc09e461f,605018.SH,2026-06-09,5,0,5
be750d40262a353971d25e1bf1d0fab9a16a900818e6498d8745386daa94cf32,605028.SH,2024-11-20,5,0,5
860e0437027287ed6fec08d53cd5ba29e68ee41ecb57bf06f4a86b01bd62da36,605028.SH,2025-08-22,5,0,5
092341fe8b423d9c317c42a57099fe4f48e195ad9fe70a250cd19c4b437d951a,605028.SH,2025-08-25,5,0,5
bcd4b48811c41066257a26d7e49bb48711e89f87d488f383f79b7618342d5c70,605033.SH,2025-01-07,5,0,5
506f87c140254a6aff55df094dff16170e38259499a8de9f1b7a28bb0fc4f3e2,605033.SH,2025-01-08,5,0,5
28ca6879295a0fd731b403726c24650421fcdb5bd463acadee08363c2ce0f983,605033.SH,2025-01-09,5,0,5
c2f196441de37e8972f5cb7e31d63b5fe4615c0328944ee6ec1aa18d270d7915,605033.SH,2025-01-10,5,0,5
4ffd35dd925a270285143ed5384368e663e6ae9e3d0e02e4f8d4a3d4f671f80f,605033.SH,2025-01-13,5,0,5
7494d09c9e4b7f3a305b496ee36bfc0729c61b5b4fad0864f6377c8e3da89270,605033.SH,2025-01-14,5,0,5
859571390d04a3a1349bb2e0ad4b575d18bb223594ba6cbb11638be910ca6a40,605033.SH,2025-01-15,5,0,5
19dfb7ec072de1d77557e63c75f21a7cd5fb596140209e2ae01dfee0cf78e40e,605033.SH,2025-01-16,5,0,5
6e014fe440a3d97185af3ee3c625857d1b7206bc606fceb75670062eb73ae4c8,605033.SH,2025-07-22,5,0,5
264a6d0878b884f05e5747e2004b71c5d1cf27bc56cf416ce62ee0f469dbd9c4,605033.SH,2026-02-24,5,0,5
ee8afdf7bf5dce0884f693acf3f6b4f7982f02190d4c6bc70adfe00d4f19fa10,605033.SH,2026-02-25,5,0,5
af8e64ac530b8032d629acb03e586642b547a233508624ce51edfdc5c1244b45,605055.SH,2025-05-14,5,0,5
56f8fa2d27b1ac9a74d120eb6ce09617254189170a8fd316d549e31382f6b622,605055.SH,2025-05-15,5,0,5
33aae1c8c603c065df698702b8d33523c58bcc5b0a1704c8f736e8518eb93344,605055.SH,2025-05-16,5,0,5
b8ebc2383f81ac37587b1b200eff62edb1d8f9a9bd1b1cca641a9c3ab49f688c,605055.SH,2025-05-19,5,0,5
d5282f1b7f2ea024261680f7f6cd48a7310108e09b476cc7c8af966d815c3590,605055.SH,2025-05-20,5,0,5
bb6ee7e5b8ff07cfc32dbb6a53e214f67d5ed6d8f7047216fa36a7cc4085ec34,605058.SH,2026-09-16,5,0,5
5a0b375e6418f98624dc065268b9470fcc9bd456695c259eaaf29d11df503b1d,605058.SH,2026-09-17,5,0,5
b54cbb8771ed0c53d30c665265a0814dfbef992fcdc61e07d5bf751167733beb,605058.SH,2026-09-18,5,0,5
6291cb3954c2939e38f4acdff637811a8a0e85f0907b3ad81a0023cf9b3e9215,605060.SH,2026-02-12,5,0,5
a70255b19e6fc389fb099baf8e7f3c830b650868caa35c4239a0b44dcc0f4604,605060.SH,2026-02-26,5,0,5
db715b9075c87e613d8545e53fe6d77dc2263237454ed9975bdc3270743efb7e,605066.SH,2025-03-04,5,0,5
8a6b5dfa1eae77db94f0430150452d499b7e48a0722dfb8c1d644c4518f1da2d,605066.SH,2025-03-05,5,0,5
26e13d3be319c372ce249f16c7ff62432615a2fc289af8c7bc5ac8ceebf33d42,605066.SH,2025-03-06,5,0,5
67ffb381734a31a52c57005098a79e4e4fdbddbd99f13bcab7095cf5d25a6de9,605068.SH,2026-07-31,5,0,5
1bf3d038166c6ab6e2c917d976d8022f2bc38852fa5498b93c8fece9c74bf6f4,605069.SH,2024-10-31,5,0,5
ee381a9138e0b6416c678386a0ecda12ca24ace7aef73f339abaa79df3cfc8d3,605069.SH,2025-03-12,5,0,5
8723c01b6f5e8450beb30c9dd87e3ac41bff6d63fbea355c208fcbc055cccd69,605089.SH,2024-10-08,5,0,5
5bfbfb56d4a6cb89971ef3dc6415a47e11a505117529ebe25133ded6934af6a1,605099.SH,2025-06-05,5,0,5
d8a7cd918b818a333bca4408542f1a2de0d25946fcbccf6ab4782d95d7d4be93,605099.SH,2025-06-06,5,0,5
4b0b4e1bb9ae30c5f5c539e69ee7b4a814e43916758a582d87e5d00beb9fcff9,605099.SH,2025-06-09,5,0,5
9f45f452f2a70b36d0808366c3521c8c97574c653c319ef6a0ee318b72abdd7a,605099.SH,2025-06-10,5,0,5
74ba7022941d5cba6f6bf1c1674a791c5631fadf1802b33e010bdb8c96d96a42,605099.SH,2025-06-11,5,0,5
2fb55ed850c2c4b5df2b6f10994130f8b4757858e407e428f12296f0269e47ac,605100.SH,2025-02-26,5,0,5
54e4d7ccb66f0896438e5fb539011f9a7af867c80c00382008a7451e537def05,605100.SH,2025-02-27,5,0,5
988eef2607ca627ed2e4c8e79a7db19daea4624fee493e3322bff5c7b78d6899,605100.SH,2025-02-28,5,0,5
9a1896575a230dd67681ee93ae3323aab3239b5820732f8f6b0587f38f5f9bd5,605100.SH,2025-03-03,5,0,5
64a6ec3c0702dd43c818f2e7a2edd7bced5cb44e44c9947011cd8cee184ec62f,605100.SH,2025-03-04,5,0,5
96fd243250331733866f4db97ab936ca54798f29a96fe2b156f1397e6e45f0ae,605108.SH,2024-09-30,5,0,5
b24a3245e7eb5c66cdf5805c7f64d29f5dc64a76e642ef4fe0afb6412034265c,605111.SH,2024-10-08,5,0,5
d2efa8450ecc9d2b3e3eeaed0957398bc15141e625ab107fe8d4ebc25dcb2e32,605111.SH,2024-10-09,5,0,5
a6bff8711de3605af998c568e36406f8022bbf3b07b0220b91fb028352841f78,605117.SH,2026-03-03,5,0,5
13a4637372238a4b042751db3a263f046da7a84ab48551a464b7daccf57d536b,605122.SH,2025-07-10,5,0,5
43859081689864a601fb2dc7fde2102e7de2b7504ecd1a06d14297ac2190790f,605122.SH,2025-07-11,5,0,5
6ce3f1fa2a9ac6aabe790d169f9f68595e63dddd5ca5572a98637db3b0d03123,605122.SH,2025-07-14,5,0,5
0640ef3fa4fb8b4a930d81af23fb7ede8b81f05b9a89042dedf5c96c4e788d4c,605136.SH,2025-05-20,5,0,5
e0d77ec1a7bb1ed186be4777affb3f0e8de6e153eb6531e0ad3b926a246de080,605136.SH,2025-05-21,5,0,5
de50823af5aa56df26008efc5ce0541f5513b146e4c5641ae0907c145a71957b,605136.SH,2025-05-22,5,0,5
6b2954fc03234e730aaf3ebf3b257b5d89143660d0d2cbae69f285d8b93ba36a,605136.SH,2025-05-23,5,0,5
6a3385daf7f5babacdb00bd63ebe66254534a2c3431f903dad467a859a349128,605136.SH,2025-05-26,5,0,5
e2be640a7905f7b21f13b065f4b7ba84135cb6f5a1b37c3d6d7d0d8c8c8a268d,605162.SH,2025-07-09,5,0,5
8597985a13d4289431dc1326456ef1fa8c696a0c605fa026f236361f46b56b46,605162.SH,2025-07-10,5,0,5
fa9c3b03643e3bb2deae7c01bcc25533ee5b21f5702d9b051fd8593f44a134a5,605162.SH,2026-04-07,5,0,5
70cf825edf9e1dcaec51c9204ca746a630dc664c661bc75d19ed8a19c836c0a3,605162.SH,2026-04-08,5,0,5
b4e16af76ccbe08ca0f91b5f5d163aa1c21dae9e7c3d29e72689cf33fad182fd,605169.SH,2025-08-08,5,0,5
3b18384d444c65f0d13bacb7cd0971e7f48263e487fc5f245d6cdd91dbabbf0c,605169.SH,2025-08-11,5,0,5
e419cfd58afa3394ec451acee98b42753faf4dc0c49fa03782f384945d584bcc,605169.SH,2025-08-12,5,0,5
9b84e2bb34f7c7aa5257f725e0d6ed8b7b00c9136fbc536ee20899d44f644cbe,605169.SH,2025-08-13,5,0,5
a198f095c308161d7fb776e81981da6a9792d90285617d156fae5901ca12373e,605178.SH,2024-02-21,5,0,5
7e82ab08eef4a1164534981b3d63d6f3c48a014b79bdd4e5e2190996afacb25b,605178.SH,2024-02-22,5,0,5
51bdfa23340a84106edbd842efe8169783a2be2bf5e2042d9b9bd95ad0d67842,605178.SH,2024-06-27,5,0,5
603cb2073e4a27bdc234276f0132e0663a42ff5051c52f76fe77c235e3bbe875,605178.SH,2024-06-28,5,0,5
a80c498bf22270f97b5fdf1be94df9d9339a1f045d8c098695da8ce32af23c75,605178.SH,2025-10-27,5,0,5
b4c9607932d63794a319060b2c82c2f232e591148a6a2f4e6991efde6a01907c,605178.SH,2025-10-28,5,0,5
14accb8b0614ad8b0474d398379d1b2917c571f3a4a7bda02baaf4506bc7177b,605178.SH,2025-10-29,5,0,5
7017e0850b4449a93dafab4eebbdbe9dc33085bbcfe1cd44f2c15e03d91709e7,605178.SH,2025-10-30,5,0,5
a4b308864ec51e663aa88b9df4d9c5b77fcabf56538e5000d8e37f1a3b5656b4,605178.SH,2025-10-31,5,0,5
8ed7ebaf6a9c41b4b5256b7c77e869225ebbf71674458737cc29c17b3741e157,605178.SH,2025-11-03,5,0,5
89b4dcd629d7929226a90603d957f3221bea613944190fe5c0fa54fbd7831ddc,605178.SH,2026-07-03,5,0,5
b4da3e3927fbf94e8e92859795ab3c56654d465fb0abf2c0b06dfbf7e8cd4126,605179.SH,2024-11-29,5,0,5
f57637e352bd8f20d1c87fb7f127864cde90bab9398bae933d34f559fcbeecd3,605179.SH,2024-12-02,5,0,5
c899479830e04b98ee29279665eed77c99e6dcb99bee1451031eac8ce573634a,605179.SH,2024-12-03,5,0,5
4006a7ce6af2e14c6c7d500cc466e968c933bb7cff98de0ede0f0b859f390154,605179.SH,2024-12-04,5,0,5
367913345cf3f89cce48d434f9c4ad6244b12d9caa82a0585e94156434e60466,605179.SH,2024-12-05,5,0,5
8a88e7f6b3528b3941b7ec604e2faaef6b69e895d68da6fc2daf9379f3c11390,605179.SH,2024-12-06,5,0,5
7eec5b89e26a8bb8839e558d31ec596f9e7cf40addd9aa5f8c20f610b09b1d70,605179.SH,2024-12-09,5,0,5
c8720c3ac6f795ff4cd519f863ebc6b4e629377bb804c19f6b373a2d171919f7,605179.SH,2024-12-10,5,0,5
b81cc746bc5852dd5f4a3277e2a5e8fcdb0643e1a30e2d8be5370b07c9986985,605179.SH,2024-12-11,5,0,5
11c3d3161dafec300c578194b2ade87012e1aa55b2c984871ee8a87b9654a5ea,605179.SH,2024-12-12,5,0,5
a812e12bdd24913ed341c5e578cb897e45bc9b40db9badc24ec9d47ee20b77a2,605179.SH,2026-07-31,5,0,5
dee57d0d24a6bb5e8b11dc318f967f5d7bcfb2cca3c74370dfa2b6b2516106c7,605179.SH,2026-08-03,5,0,5
c5f00fbf139773764d6f182958607ae14d096e3523f858ae9699015850398d7a,605179.SH,2026-08-04,5,0,5
73c2543c03fb7050ad7f6d40f9a30a6f26bb7bb3e10d3e3f6cfb6bbd186c6ec0,605179.SH,2026-08-05,5,0,5
4add4d2c548e2ffb41ba7b0791547e2753ad6d21dd9e044de007519c1b89ba87,605179.SH,2026-08-11,5,0,5
bf07147bfd8a6e013e2c51239c5142d5ef124a29a4a5c7f447cb12f597e992e1,605179.SH,2026-08-12,5,0,5
28ab468aec3de8b732d48fe518188890be51bb025ff714e0687e28f2a4eacd54,605179.SH,2026-08-13,5,0,5
3db73a157b04f61d9758d4ca8e430a052c4e96a56429e1bf7be87ca721116681,605179.SH,2026-08-14,5,0,5
3db63eda6a9fa611dd00427bc0577c0275efcd96004d9320a1a79ef3798a7ac0,605179.SH,2026-08-17,5,0,5
92bb42c1da6d08708812a4a4292bdab19bb5bebe3a976c00e5681fdaeb01d21d,605179.SH,2026-08-18,5,0,5
997a56c4a79816d25fe77ceaf196eedf1abce68619a072111703d2e4bee92832,605180.SH,2024-03-26,5,0,5
5bdc1de9a34d911e5d7a427a14027db91a32eda2fc36f629cbe41ffa7400485f,605180.SH,2024-03-27,5,0,5
e7f8ac88cf418b1a97767154d2a0d6ec94dd5d8c51d1fae600aec976e4104f42,605180.SH,2024-03-28,5,0,5
b95d279ff6e71b0054bcc9b9ca60e22b18e526aa1330db559b5055aa2c3b6542,605180.SH,2024-03-29,5,0,5
381cfe73f4e69d85bbdc67cd92895b0a48ab32bed5992a08d0124557b0c7722c,605180.SH,2024-04-01,5,0,5
7a89e4ef99b1b0f05e9431e600322fbb50085ae6e61a4fd88e75a3752116aa47,605180.SH,2024-04-02,5,0,5
899dfb09300362015b0a7b28b6bc683bf76bfd2f10bf1fa8381b84ea325bcbab,605180.SH,2024-04-03,5,0,5
1b8a0420d2e5f0d511f3968d0a5c4b038fb82721146fc8cf3af6437d5fae614b,605188.SH,2025-04-16,5,0,5
19dc2a2a4f854dbb7b18a0e42e65eaed34dd210412ad25f82dfc26839efb0f6f,605188.SH,2025-04-17,5,0,5
6cb7f6dd1961da10b06ef28403dcc5638bb243c134a191bf8c9494b87b3e3052,605188.SH,2025-04-18,5,0,5
ec7b73253ae3b72f3a1c5816100632b508a2a52cce11a007a1d27534963f9f6f,605188.SH,2025-04-21,5,0,5
7eeb7403c3fda0ae63fae77dba4e7c9eb10ca6526007618dda2bdda7dd5b3da5,605188.SH,2025-04-22,5,0,5
a365d5e40c2fdb4ad523e0025e8173b898daab0127756ac8b63670038d8e5507,605188.SH,2025-04-23,5,0,5
ce2ec3e480ccbc4528e8495abe3b337137db8d0c5d9937f2889d1fbbd4599359,605188.SH,2025-09-01,5,0,5
a2f3dd53bfb4afa107360133788e52ff33609bcbb1250be2a88d27a4149c2b7f,605198.SH,2024-04-03,5,0,5
8e8a0443b27d798f12362b8d99c9b1e8ba9010fd68bf7a203d82aeebd415eb26,605198.SH,2024-04-08,5,0,5
d3f33243e4c1b213940e9c4a003cc0e35fc66efd552a82585a85238a23e126b1,605198.SH,2024-04-09,5,0,5
ae3e25544ad8ec05c4f8f8bdd7670e7eac59552bb576a34fa7393ac384ed1a88,605198.SH,2026-05-18,5,0,5
fdd32e50da7c7ce42e2eae2c2ff2172abc8a02f36f4c1937148d6408a8d0d81f,605198.SH,2026-06-17,5,0,5
d71e20e93fb3c7153aee4946fcd0306b8069d1ce298512ce856778f955a0459e,605198.SH,2026-06-18,5,0,5
0abb0c46a8998e0f4f1762211c89c6180a4242310a64f32f27d5daf2e043a3f2,605199.SH,2024-11-29,5,0,5
8309f9b62f36a186cbcf954b49fb135d99e4f4e732c0f1db8ee525aa153469d1,605199.SH,2024-12-02,5,0,5
7bb2e51cfd75f4f0daf8bb19e1885d55261dbba1130f64b6bb859ff90965372e,605199.SH,2024-12-03,5,0,5
53b986f217956d1b3beb32407652e8c191f851080cd6a8afc6c1e21051e395bd,605199.SH,2024-12-04,5,0,5
bf23ff01742f61a436858adcd76da285f8a520e0404b635f3f30db973c96fe7c,605199.SH,2024-12-05,5,0,5
39a6230c5511318d21185612821657d00c1bdee8468a8cf7a9cca956a5e867a1,605208.SH,2025-03-10,5,0,5
fd72cc088cc0a4ab4074a19fe11386af7c0483bfab48c6a33d96c24d659f464d,605218.SH,2024-09-05,5,0,5
84d1394c55eb6c776ffeac6a6a39fcd6a635fd1296205065b70ffa2d87687582,605218.SH,2024-09-06,5,0,5
4419af41cf838414da10405ba7136c1e98d5d6a40eca9b8ca94fc011dc8dfe95,605218.SH,2024-11-08,5,0,5
9b72642900d09e04cbac8d6cfe67fe9c9237f850a24eacd6586c124ab9fe2e3e,605255.SH,2025-08-27,5,0,5
7f03c99669f3ba3a3e7fe981f67158c80dfb0540b7a7d898e39aedbe89cb186e,605255.SH,2025-08-28,5,0,5
b1ed1136cd3e0d9e008dd7338176ae1011515ce112031cc9350d9f7b05826c33,605255.SH,2025-08-29,5,0,5
67bd8cbdf0ea7843fb5473b145993b020dd2f730a219d562d7ef4ac54e887a17,605255.SH,2025-09-01,5,0,5
424fccdfd28a364482d9cb36547a1168e3374e8f526e2800c1907d7e7eb45e88,605255.SH,2025-09-02,5,0,5
095786e5f53d4da9e235417002308d516fd300715342f444898c4a8bc0eb8f9d,605255.SH,2025-09-03,5,0,5
233fc607f2ab1f4cf9b1642d022e911b02ed6d36837e6deb60639d2db8a82c75,605255.SH,2025-09-09,5,0,5
f9b9e6dd996231bfefcee6a75f3be63266ec85e2e6f8d7f3e7b05efff8fff2ff,605255.SH,2025-09-10,5,0,5
ea93464e8c273cfc23de618247ab03594946208fea62c9715becaff554b62684,605255.SH,2025-09-18,5,0,5
bc71f1867286eea3d165bcdfe45161a399b3259920195040dad45ca9aa1ace5b,605255.SH,2025-09-19,5,0,5
995620abe61bbe670b758efe2019b6381fc5f873173bd6a23b52d2ff28eedbfd,605255.SH,2025-09-22,5,0,5
6c489686a097db8cab4fb8b7eecf5af40fa354162c8816b1276dc36ec5c6abf2,605255.SH,2025-09-23,5,0,5
6eb0068e8a8135e6dcdf70c2b701153d8545eebdc8421633b4c958f01474b25e,605255.SH,2025-10-16,5,0,5
cc9c12a8124f34278cc3b1e25960ef5dfdbe964e908fab6fba7ccb9e8e0d0426,605255.SH,2025-12-30,5,0,5
04a72ece261ebfe6bd58ae7a58443d0404aa2d4da4d7a49b0fdcf482c84c623d,605258.SH,2024-06-06,5,0,5
e69b19b23057d23fe0e39215693becaeecc16888910699cdec7f26a0c3b97a21,605258.SH,2024-06-07,5,0,5
d7494cd63a1e6f29040d57ef0fbf29eb3340a0a4fc3109aff076fcfbc01818bd,605258.SH,2024-06-11,5,0,5
a117f672a725c9f36fded94ef4c993ad43b45e81be9ae74a0c4abd58a1379198,605258.SH,2024-06-12,5,0,5
b45c5b2177e1fc22f65b0d08344c0b1846251b777a1cec28b6272dd702fc8090,605258.SH,2024-06-13,5,0,5
45572deb59ce8402f5553013726e1b8af9967d5f9810c94bbb1572b6eb315f36,605268.SH,2026-03-09,5,0,5
a09ef38dbe0dc2114026320b8b660d2f00851d8a18512b0e083b42578034f414,605268.SH,2026-03-10,5,0,5
b239b49b2baffe072d9356eb9ef371905e7839f51f69365084be9ad2380b2c5f,605268.SH,2026-03-11,5,0,5
3309414617da0272fb29403065b831a8ec46f3cc22cbfab0748da36288c19857,605277.SH,2024-03-21,5,0,5
d86eaf8f8e45f836f52619dd9b70df17295049d4cf619d3d843093b74562270a,605277.SH,2024-03-22,5,0,5
bf8e62a844b7b98c41d992ef2f4208c054dd86bed7729878ea03623fff1096e1,605277.SH,2024-03-25,5,0,5
a5ed4584b80ba05d0ec0250d5436914b15bd10ef46f6c66d07c631293f50f0cc,605286.SH,2026-08-13,5,0,5
e164221b863610229552c2f54ee00f35f79d595fe880c1c28001b3f36ccde080,605287.SH,2026-01-16,5,0,5
3ad0eeb5e4bbba26678a0b660194c929e965df839bc1aa2191bbe9f13fe28877,605287.SH,2026-01-19,5,0,5
46719baae8264d8fff2947100b6f6c745fb944f391839a858d374aebd4f4c466,605287.SH,2026-02-12,5,0,5
732b1dbb4f7e442cc0e271da0e842ce155a7fd2c87648a64c4182df34ae6bf5d,605288.SH,2026-05-21,5,0,5
278a917db52eaae910227330334acdcd1942b4e5a7eee833b501db321372558e,605289.SH,2026-02-25,5,0,5
4191db9eaed27103e33bf66b64989c748b32d66bdb0855d2e0749b676b7200db,605289.SH,2026-02-26,5,0,5
77732f2055e5b01803b00dadfa7b8247fb49e3c3dfded4c0dedb94ea00c6a8aa,605289.SH,2026-02-27,5,0,5
6982c16ac1be3048b7150c12470e08d8c8026bd8d1f9af17f7f7e01a8a3260be,605289.SH,2026-03-02,5,0,5
adcfa5a00d2254e55025aab439f4100499e6a09fb67ec672cd320612e091b3d0,605289.SH,2026-03-03,5,0,5
b865c8dedd9d741fc7a4ebfa85f9bd6b5c1e37b9ae08ee1609b66f90ead22ca5,605298.SH,2024-03-12,5,0,5
dc3a1c7c370d54dcf3ca8210080dcb342d3050b0db65b47079c1b9c2d018d7bc,605298.SH,2024-03-13,5,0,5
cb11a3eb47b536197230dbba417f60843b7ed1a1f22950f3ca50d864cf77cd59,605298.SH,2024-11-11,5,0,5
bf25b5936e37608941a1b5350ff141310f6d27b138b0d69c5ab1bcb6d6869f69,605299.SH,2025-12-09,5,0,5
40bba295e25b01777935ec187028dac6ee02a6ea750b24a1d168cc3176dc432a,605299.SH,2025-12-10,5,0,5
c2076e5e3799949b4553d7235d512acb5368ae3bb22ee55c2761a09466c9a810,605299.SH,2026-04-30,5,0,5
9a322aa6754db7034e9173a1e8bcb135919ad80640a6fa38b770367fc0d0e6a2,605303.SH,2025-03-12,5,0,5
a691294c0d359ab48cc5d118a72b02ee88501537914815e591975f7356acd20f,605303.SH,2025-03-13,5,0,5
8fe20bd04778f4cca9270472acf2855e9d6aa1614c8f60dabbeb09f5c59dc3b7,605303.SH,2025-08-21,5,0,5
6330e1dc282d78b72bc4a67cab76356b7063ef7b503b710c1ef6fd706e326955,605303.SH,2025-08-22,5,0,5
3aac5008f323ddd3f9e613e8f075e427acc67f5b563abb701c1816e10c53c0c8,605303.SH,2025-08-25,5,0,5
b5cb7b0a5e030accd7cfe19a7ddd918b29d751b2939e51dcdd39ed0dde6ffb0f,605303.SH,2025-08-26,5,0,5
af256bacfba166d3b28dab67cf479c7768787aadfc48c178191d890d61e2ccbd,605303.SH,2025-08-27,5,0,5
23d7552bbbfc659fc5a7f6ca70860a3b456a221b2fcaa933a2f2741a5d5573e9,605318.SH,2026-06-11,5,0,5
4801c255d4983963b58e0e53588d3ae26808c24f50a208a7175e34b93e28d0ea,605336.SH,2024-12-12,5,0,5
f38ea1cf0d9da348a9b7d2150ce8be13da52f85892a12f0249803fda300428e9,605336.SH,2024-12-13,5,0,5
49fb07c53879f399a349ee282fe5dc2a818f2c93f7713ca83b46173244ecb155,605336.SH,2024-12-16,5,0,5
20d5806f1b8139fcb543f7cd2a50187ed4fe2f04bb6c7c52f6e4b467d46abc00,605376.SH,2026-05-25,5,0,5
93a05624b521620d39882c63bed5d6d3a092914a815faeef30bb55bc5c30ac22,605376.SH,2026-06-22,5,0,5
60ab856726b00b5b05275b949130b5a9547b6a2fc3eae097997cde0c3ef446c9,605378.SH,2025-08-12,5,0,5
bc406cea91f153bf5756f65a5cd26d9ac868e7605314780e33199ad960b81ebb,605388.SH,2025-05-29,5,0,5
95ff7d7a0727e259f2e623b91bf26549039c67e618cbf05a90e5e4951180e057,605388.SH,2025-05-30,5,0,5
963c6cd3dc14d02309186d368ecc17e6400afff726545b370645dc7672c2067d,605388.SH,2025-06-03,5,0,5
c52fa063973ec8caf743f23128f1530536c42eddc9c5b4ba4c2af9a4dcd28088,605388.SH,2025-06-09,5,0,5
f22ce4adfb732b7bbdb3e39d8f7b60dd1405a4e5eced0bbdc2befbc44e6305cc,605389.SH,2026-04-27,5,0,5
80e887a6ec8ee75754ba7551a83e4598e92d8a05769e4d68ef2c5f76c56821df,605389.SH,2026-04-30,5,0,5
838b76b6cb522fda62593d99b32c1fe3e32bfefab34e31494b61c97ba9ee5e6d,605398.SH,2024-02-22,5,0,5
2ff164ccc9011e1b8226d5d69a10e872ac1e9833a43eaf226b30ac3f95a4ee9d,605398.SH,2024-02-23,5,0,5
042c83bd28717b407bc69bfa3ab56bcfc04bd1156f77c8ded605e8daa9084a1e,605398.SH,2025-01-27,5,0,5
fca3163415aa086e90b5a2b87e3943917c4a368077665b3f8de1084e81c73766,605398.SH,2025-02-05,5,0,5
96674d55e5989a78cd78644e48186045ee1110fc61d6dda79f660ce9c8da9e45,605398.SH,2025-02-06,5,0,5
6f64e0474dd5a1539eb133c176139c1c5723e5e426b4ef4117ef3a217430104c,605398.SH,2025-02-07,5,0,5
894a3864a3f1ceb289f5c2fe4aef8fc23783b5cdfd81a8c40ccef0c14e08141a,605398.SH,2025-02-10,5,0,5
45fb9dbfa8d0515ae1f2815e2e57e0141e97de7d1953fd16d0197dead8f6c8e9,605398.SH,2025-02-11,5,0,5
6f1b888db4821d4cc0d575c2e19a7d0dae6e689e8401fbbed262e0206029dd9d,605398.SH,2025-02-12,5,0,5
633b0aa5bd68b4fffb3e611db2b78504a79157c52a6d8f6a0be91dc8cb67a211,605398.SH,2025-02-13,5,0,5
64ca975912c4a910fdb74798525d3f75897c010b00379c30ad34bea3aa55dad4,605398.SH,2025-02-14,5,0,5
5334d107a34fc126cf0198f910d3d899afe1d28be39be18d1d4072d2dd192c56,605399.SH,2024-01-19,5,0,5
56ffcf96a760aad3e2488e789f80f0c137cb6f5b968ddb55fc8c8ed6c236bff7,605399.SH,2024-01-22,5,0,5
020377e15254c6403aac0c291f08c4bf27e4aac270478f641a5b6f88d4fa4dac,605488.SH,2025-01-23,5,0,5
dbc9397368b556866d1cb48a3bb6cf9e6153e840153cf4ceef1b14928f9d605e,605488.SH,2025-01-24,5,0,5
3b68a1544805759dae7e34f54687705da733094c82ce8a713020189b0052d18f,605488.SH,2025-02-20,5,0,5
1c370d42493ac80f5c2b462970d300a85b1c60c25b12ee6ab1db9d9d85fcfd77,605488.SH,2025-02-21,5,0,5
74e6b536e1711f79bc1b36c00e955924261fe723883d5ae8257a52398f9866b0,605488.SH,2025-02-24,5,0,5
ebacf7769a5ff3dfc59a6c5160bb809573c48d0d9ed48eb42bd0300788404011,605500.SH,2025-07-08,5,0,5
8a77bb76f569722a10fa8d6745cf27b66d0bad6f334ec6b7f57dd715853064c5,605500.SH,2025-07-09,5,0,5
a4e1fdc953f9e31fea3a87865e8322f924e0d026ba85bbec21f21067c4190924,605500.SH,2025-07-10,5,0,5
6e6610ac152155cfdc3cc2d2c463756f3b9d92057c12a8e83235a95543056435,605500.SH,2025-07-11,5,0,5
7ef1c76f059fdee199caaed6fd131c082dfa4468b307e90302ddcda522e5a4b2,605500.SH,2025-07-14,5,0,5
475c425c8f63ee22f20e7d4b0107ad6128a7519f2de18b83b674a2a3e2e33313,605577.SH,2026-09-03,5,0,5
cae6e587039e8bcf838f42213f2f58bbc2e9bca65bbf170e9a7ede7d5d6a3af9,605577.SH,2026-09-04,5,0,5
380ce36ed1cfbac3c0b4cc6f0d786065ca0d0b38b9f1db1a013835f6db621803,605577.SH,2026-09-07,5,0,5
836f1e64b34ab7c189df04184ae9b4bc51dc7a5404cbe7c334f43004a94baa7c,605577.SH,2026-09-08,5,0,5
2ed7935d5d845a5233f566ed87b4b694f96fd16282524ba87310766159a96bfb,605577.SH,2026-09-14,5,0,5
b09f32b4157308a3018a76e2388aef13ec6dbcc1db09b9bacd41f952e49bcf3f,605580.SH,2026-05-28,5,0,5
c8a1ae61ed45c392c10c61e2d83b159c92dbfcd43b46e227763e0b606c2f8e3f,605580.SH,2026-05-29,5,0,5
3b157bbf20b065afcf02b2e184dee2b3dfebc750c04cf03e5a4779e72e84e5c0,605598.SH,2025-08-11,5,0,5
a9ed84d8a028769281766ec4fb86ff50bd67ee15b5d69e4a7195d203085a177c,605598.SH,2025-12-26,5,0,5
cab71f7d4bfd57e4207f23b49db34150b7d5a72fdab6904dde06d19aee86fd77,605599.SH,2026-02-06,5,0,5
22483fdc4daf41477ce366783ca8e6ba9573ef1fa1087289f364de0794dc57dd,605599.SH,2026-02-09,5,0,5
