security_id,date,observation_instance_id,status,event
000006.SZ,2024-10-24,00006bea712409649fefea8cc14d66acf39c6c3dd1f02aec5a89227052ed286d,ACTIVE,POOL_ADMISSION
000006.SZ,2024-10-25,00006bea712409649fefea8cc14d66acf39c6c3dd1f02aec5a89227052ed286d,ACTIVE,POOL_OBSERVATION
000006.SZ,2024-10-28,00006bea712409649fefea8cc14d66acf39c6c3dd1f02aec5a89227052ed286d,ACTIVE,POOL_OBSERVATION
000006.SZ,2024-10-29,00006bea712409649fefea8cc14d66acf39c6c3dd1f02aec5a89227052ed286d,ACTIVE,POOL_OBSERVATION
000006.SZ,2024-10-30,00006bea712409649fefea8cc14d66acf39c6c3dd1f02aec5a89227052ed286d,ACTIVE,POOL_OBSERVATION
000006.SZ,2024-10-31,00006bea712409649fefea8cc14d66acf39c6c3dd1f02aec5a89227052ed286d,SIGNALLED,ENTRY_SIGNAL
000006.SZ,2024-11-01,00006bea712409649fefea8cc14d66acf39c6c3dd1f02aec5a89227052ed286d,EXPIRED,PENDING_SIGNAL_HORIZON_EXPIRED
000008.SZ,2024-12-05,798c2c03854ede0ea6ac442a3a6a6336bf43782dd816e4f5443bdedfa0b60b84,ACTIVE,POOL_ADMISSION
000008.SZ,2024-12-06,798c2c03854ede0ea6ac442a3a6a6336bf43782dd816e4f5443bdedfa0b60b84,ACTIVE,POOL_OBSERVATION
000008.SZ,2024-12-09,798c2c03854ede0ea6ac442a3a6a6336bf43782dd816e4f5443bdedfa0b60b84,ACTIVE,POOL_OBSERVATION
000008.SZ,2024-12-10,798c2c03854ede0ea6ac442a3a6a6336bf43782dd816e4f5443bdedfa0b60b84,ACTIVE,POOL_OBSERVATION
000008.SZ,2024-12-11,798c2c03854ede0ea6ac442a3a6a6336bf43782dd816e4f5443bdedfa0b60b84,ACTIVE,POOL_OBSERVATION
000008.SZ,2024-12-12,798c2c03854ede0ea6ac442a3a6a6336bf43782dd816e4f5443bdedfa0b60b84,ACTIVE,POOL_OBSERVATION
000008.SZ,2024-12-13,798c2c03854ede0ea6ac442a3a6a6336bf43782dd816e4f5443bdedfa0b60b84,EXPIRED,POOL_EXPIRED
000016.SZ,2024-08-02,56b7edd4d80cf60457b94178d470c6d48c97772903e90294ccf2672a4aaec5eb,ACTIVE,POOL_ADMISSION
000016.SZ,2024-08-05,56b7edd4d80cf60457b94178d470c6d48c97772903e90294ccf2672a4aaec5eb,ACTIVE,POOL_OBSERVATION
000016.SZ,2024-08-06,56b7edd4d80cf60457b94178d470c6d48c97772903e90294ccf2672a4aaec5eb,ACTIVE,POOL_OBSERVATION
000016.SZ,2024-08-07,56b7edd4d80cf60457b94178d470c6d48c97772903e90294ccf2672a4aaec5eb,ACTIVE,POOL_OBSERVATION
000016.SZ,2024-08-08,56b7edd4d80cf60457b94178d470c6d48c97772903e90294ccf2672a4aaec5eb,ACTIVE,POOL_OBSERVATION
000016.SZ,2024-08-09,56b7edd4d80cf60457b94178d470c6d48c97772903e90294ccf2672a4aaec5eb,ACTIVE,POOL_OBSERVATION
000016.SZ,2024-08-12,56b7edd4d80cf60457b94178d470c6d48c97772903e90294ccf2672a4aaec5eb,EXPIRED,POOL_EXPIRED
000016.SZ,2024-10-24,24c733936ff74f491572b737e4c4743a0662e546c8388796416939140a6904b7,SIGNALLED,ENTRY_SIGNAL
000016.SZ,2024-10-25,24c733936ff74f491572b737e4c4743a0662e546c8388796416939140a6904b7,SIGNALLED,EXECUTION_PENDING
000016.SZ,2024-10-28,24c733936ff74f491572b737e4c4743a0662e546c8388796416939140a6904b7,SIGNALLED,EXECUTION_PENDING
000016.SZ,2024-10-29,24c733936ff74f491572b737e4c4743a0662e546c8388796416939140a6904b7,SIGNALLED,EXECUTION_PENDING
000016.SZ,2024-10-30,24c733936ff74f491572b737e4c4743a0662e546c8388796416939140a6904b7,SIGNALLED,EXECUTION_PENDING
000016.SZ,2024-10-31,24c733936ff74f491572b737e4c4743a0662e546c8388796416939140a6904b7,SIGNALLED,EXECUTION_PENDING
000016.SZ,2024-11-01,24c733936ff74f491572b737e4c4743a0662e546c8388796416939140a6904b7,EXPIRED,PENDING_SIGNAL_HORIZON_EXPIRED
000016.SZ,2024-11-04,a6cb5ae45fa4618408c414380566acd0c7a5bc5aa27b173c621e1154832a9e42,ACTIVE,POOL_ADMISSION
000016.SZ,2024-11-05,a6cb5ae45fa4618408c414380566acd0c7a5bc5aa27b173c621e1154832a9e42,ACTIVE,POOL_OBSERVATION
000016.SZ,2024-11-06,a6cb5ae45fa4618408c414380566acd0c7a5bc5aa27b173c621e1154832a9e42,ACTIVE,POOL_OBSERVATION
000016.SZ,2024-11-07,a6cb5ae45fa4618408c414380566acd0c7a5bc5aa27b173c621e1154832a9e42,ACTIVE,POOL_OBSERVATION
000016.SZ,2024-11-08,a6cb5ae45fa4618408c414380566acd0c7a5bc5aa27b173c621e1154832a9e42,ACTIVE,POOL_OBSERVATION
000016.SZ,2024-11-11,a6cb5ae45fa4618408c414380566acd0c7a5bc5aa27b173c621e1154832a9e42,ACTIVE,POOL_OBSERVATION
000016.SZ,2024-11-12,a6cb5ae45fa4618408c414380566acd0c7a5bc5aa27b173c621e1154832a9e42,EXPIRED,POOL_EXPIRED
000017.SZ,2026-08-25,2e58e301ff87ebcc98393f071f87378481fdaf3fc333445aa9c69e2830bfb814,ACTIVE,POOL_ADMISSION
000017.SZ,2026-08-26,2e58e301ff87ebcc98393f071f87378481fdaf3fc333445aa9c69e2830bfb814,ACTIVE,POOL_OBSERVATION
000017.SZ,2026-08-27,2e58e301ff87ebcc98393f071f87378481fdaf3fc333445aa9c69e2830bfb814,ACTIVE,POOL_OBSERVATION
000017.SZ,2026-08-28,2e58e301ff87ebcc98393f071f87378481fdaf3fc333445aa9c69e2830bfb814,ACTIVE,POOL_OBSERVATION
000017.SZ,2026-08-31,2e58e301ff87ebcc98393f071f87378481fdaf3fc333445aa9c69e2830bfb814,ACTIVE,POOL_OBSERVATION
000017.SZ,2026-09-01,2e58e301ff87ebcc98393f071f87378481fdaf3fc333445aa9c69e2830bfb814,ACTIVE,POOL_OBSERVATION
000017.SZ,2026-09-02,2e58e301ff87ebcc98393f071f87378481fdaf3fc333445aa9c69e2830bfb814,EXPIRED,POOL_EXPIRED
000020.SZ,2026-03-19,3b55f939985fd9a3952520c1e5e63e3b69ca19c863802da4c18b1a302cff0d44,ACTIVE,POOL_ADMISSION
000020.SZ,2026-03-20,3b55f939985fd9a3952520c1e5e63e3b69ca19c863802da4c18b1a302cff0d44,ACTIVE,POOL_OBSERVATION
000020.SZ,2026-03-23,3b55f939985fd9a3952520c1e5e63e3b69ca19c863802da4c18b1a302cff0d44,ACTIVE,POOL_OBSERVATION
000020.SZ,2026-03-24,3b55f939985fd9a3952520c1e5e63e3b69ca19c863802da4c18b1a302cff0d44,ACTIVE,POOL_OBSERVATION
000020.SZ,2026-03-25,3b55f939985fd9a3952520c1e5e63e3b69ca19c863802da4c18b1a302cff0d44,ACTIVE,POOL_OBSERVATION
000020.SZ,2026-03-26,3b55f939985fd9a3952520c1e5e63e3b69ca19c863802da4c18b1a302cff0d44,ACTIVE,POOL_OBSERVATION
000020.SZ,2026-03-27,3b55f939985fd9a3952520c1e5e63e3b69ca19c863802da4c18b1a302cff0d44,EXPIRED,POOL_EXPIRED
000026.SZ,2025-07-02,b04e5f6edab48bd2d8653306348771605f0cafefaaf47b0585d0f3c158621dc5,ACTIVE,POOL_ADMISSION
000026.SZ,2025-07-03,b04e5f6edab48bd2d8653306348771605f0cafefaaf47b0585d0f3c158621dc5,ACTIVE,POOL_OBSERVATION
000026.SZ,2025-07-04,b04e5f6edab48bd2d8653306348771605f0cafefaaf47b0585d0f3c158621dc5,SIGNALLED,ENTRY_SIGNAL
000026.SZ,2025-07-07,b04e5f6edab48bd2d8653306348771605f0cafefaaf47b0585d0f3c158621dc5,SIGNALLED,EXECUTION_PENDING
000026.SZ,2025-07-08,b04e5f6edab48bd2d8653306348771605f0cafefaaf47b0585d0f3c158621dc5,SIGNALLED,EXECUTION_PENDING
000026.SZ,2025-07-09,b04e5f6edab48bd2d8653306348771605f0cafefaaf47b0585d0f3c158621dc5,SIGNALLED,EXECUTION_PENDING
000026.SZ,2025-07-10,b04e5f6edab48bd2d8653306348771605f0cafefaaf47b0585d0f3c158621dc5,EXPIRED,PENDING_SIGNAL_HORIZON_EXPIRED
000032.SZ,2026-06-16,43374890e33aa16b332feacc7449e30bae1990b9e2e4c7d349d7ad1a230ea84d,ACTIVE,POOL_ADMISSION
000032.SZ,2026-06-17,43374890e33aa16b332feacc7449e30bae1990b9e2e4c7d349d7ad1a230ea84d,ACTIVE,POOL_OBSERVATION
000032.SZ,2026-06-18,43374890e33aa16b332feacc7449e30bae1990b9e2e4c7d349d7ad1a230ea84d,ACTIVE,POOL_OBSERVATION
000032.SZ,2026-06-22,43374890e33aa16b332feacc7449e30bae1990b9e2e4c7d349d7ad1a230ea84d,ACTIVE,POOL_OBSERVATION
000032.SZ,2026-06-23,43374890e33aa16b332feacc7449e30bae1990b9e2e4c7d349d7ad1a230ea84d,ACTIVE,POOL_OBSERVATION
000032.SZ,2026-06-24,43374890e33aa16b332feacc7449e30bae1990b9e2e4c7d349d7ad1a230ea84d,SIGNALLED,ENTRY_SIGNAL
000032.SZ,2026-06-25,43374890e33aa16b332feacc7449e30bae1990b9e2e4c7d349d7ad1a230ea84d,EXPIRED,PENDING_SIGNAL_HORIZON_EXPIRED
000056.SZ,2024-10-30,3b7ea736a2e07a8136ab1a89e0078ff10b1c733dfa70be971c7d6f6dade20cad,ACTIVE,POOL_ADMISSION
000056.SZ,2024-10-31,3b7ea736a2e07a8136ab1a89e0078ff10b1c733dfa70be971c7d6f6dade20cad,ACTIVE,POOL_OBSERVATION
000056.SZ,2024-11-01,3b7ea736a2e07a8136ab1a89e0078ff10b1c733dfa70be971c7d6f6dade20cad,SIGNALLED,ENTRY_SIGNAL
000056.SZ,2024-11-04,3b7ea736a2e07a8136ab1a89e0078ff10b1c733dfa70be971c7d6f6dade20cad,SIGNALLED,EXECUTION_PENDING
000056.SZ,2024-11-05,3b7ea736a2e07a8136ab1a89e0078ff10b1c733dfa70be971c7d6f6dade20cad,SIGNALLED,EXECUTION_PENDING
000056.SZ,2024-11-06,3b7ea736a2e07a8136ab1a89e0078ff10b1c733dfa70be971c7d6f6dade20cad,SIGNALLED,EXECUTION_PENDING
000056.SZ,2024-11-07,3b7ea736a2e07a8136ab1a89e0078ff10b1c733dfa70be971c7d6f6dade20cad,EXPIRED,PENDING_SIGNAL_HORIZON_EXPIRED
000056.SZ,2024-12-05,9776116708533c1ee94c4b7fb3cb6f2b5112614eba4aad859e73cd459d919bba,ACTIVE,POOL_ADMISSION
000056.SZ,2024-12-06,9776116708533c1ee94c4b7fb3cb6f2b5112614eba4aad859e73cd459d919bba,ACTIVE,POOL_OBSERVATION
000056.SZ,2024-12-09,9776116708533c1ee94c4b7fb3cb6f2b5112614eba4aad859e73cd459d919bba,ACTIVE,POOL_OBSERVATION
000056.SZ,2024-12-10,9776116708533c1ee94c4b7fb3cb6f2b5112614eba4aad859e73cd459d919bba,ACTIVE,POOL_OBSERVATION
000056.SZ,2024-12-11,9776116708533c1ee94c4b7fb3cb6f2b5112614eba4aad859e73cd459d919bba,ACTIVE,POOL_OBSERVATION
000056.SZ,2024-12-12,9776116708533c1ee94c4b7fb3cb6f2b5112614eba4aad859e73cd459d919bba,ACTIVE,POOL_OBSERVATION
000056.SZ,2024-12-13,9776116708533c1ee94c4b7fb3cb6f2b5112614eba4aad859e73cd459d919bba,EXPIRED,POOL_EXPIRED
000058.SZ,2024-10-30,387e75174cd9bd335dfcc0c930299b70e5b4cc237cfab45ab93b017d2cfaa642,SIGNALLED,ENTRY_SIGNAL
000058.SZ,2024-10-31,387e75174cd9bd335dfcc0c930299b70e5b4cc237cfab45ab93b017d2cfaa642,SIGNALLED,EXECUTION_PENDING
000058.SZ,2024-11-01,387e75174cd9bd335dfcc0c930299b70e5b4cc237cfab45ab93b017d2cfaa642,SIGNALLED,EXECUTION_PENDING
000058.SZ,2024-11-04,387e75174cd9bd335dfcc0c930299b70e5b4cc237cfab45ab93b017d2cfaa642,SIGNALLED,EXECUTION_PENDING
000058.SZ,2024-11-05,387e75174cd9bd335dfcc0c930299b70e5b4cc237cfab45ab93b017d2cfaa642,SIGNALLED,EXECUTION_PENDING
000058.SZ,2024-11-06,387e75174cd9bd335dfcc0c930299b70e5b4cc237cfab45ab93b017d2cfaa642,SIGNALLED,EXECUTION_PENDING
000058.SZ,2024-11-07,387e75174cd9bd335dfcc0c930299b70e5b4cc237cfab45ab93b017d2cfaa642,EXPIRED,PENDING_SIGNAL_HORIZON_EXPIRED
000062.SZ,2024-08-20,bf8b8e4f42d668a9903c381a767cdb964c544aefbf3c481464b20c5616bb7821,ACTIVE,POOL_ADMISSION
000062.SZ,2024-08-21,bf8b8e4f42d668a9903c381a767cdb964c544aefbf3c481464b20c5616bb7821,ACTIVE,POOL_OBSERVATION
000062.SZ,2024-08-22,bf8b8e4f42d668a9903c381a767cdb964c544aefbf3c481464b20c5616bb7821,ACTIVE,POOL_OBSERVATION
000062.SZ,2024-08-23,bf8b8e4f42d668a9903c381a767cdb964c544aefbf3c481464b20c5616bb7821,ACTIVE,POOL_OBSERVATION
000062.SZ,2024-08-26,bf8b8e4f42d668a9903c381a767cdb964c544aefbf3c481464b20c5616bb7821,ACTIVE,POOL_OBSERVATION
000062.SZ,2024-08-27,bf8b8e4f42d668a9903c381a767cdb964c544aefbf3c481464b20c5616bb7821,ACTIVE,POOL_OBSERVATION
000062.SZ,2024-08-28,bf8b8e4f42d668a9903c381a767cdb964c544aefbf3c481464b20c5616bb7821,EXPIRED,POOL_EXPIRED
000062.SZ,2024-08-29,0f75247caf5731be19b0bc969f23875ec2d48a4655bbbc68c2df2191eccc9315,ACTIVE,POOL_ADMISSION
000062.SZ,2024-08-30,0f75247caf5731be19b0bc969f23875ec2d48a4655bbbc68c2df2191eccc9315,ACTIVE,POOL_OBSERVATION
000062.SZ,2024-09-02,0f75247caf5731be19b0bc969f23875ec2d48a4655bbbc68c2df2191eccc9315,ACTIVE,POOL_OBSERVATION
000062.SZ,2024-09-03,0f75247caf5731be19b0bc969f23875ec2d48a4655bbbc68c2df2191eccc9315,ACTIVE,POOL_OBSERVATION
000062.SZ,2024-09-04,0f75247caf5731be19b0bc969f23875ec2d48a4655bbbc68c2df2191eccc9315,ACTIVE,POOL_OBSERVATION
000062.SZ,2024-09-05,0f75247caf5731be19b0bc969f23875ec2d48a4655bbbc68c2df2191eccc9315,ACTIVE,POOL_OBSERVATION
000062.SZ,2024-09-06,0f75247caf5731be19b0bc969f23875ec2d48a4655bbbc68c2df2191eccc9315,EXPIRED,POOL_EXPIRED
000062.SZ,2024-09-09,7fda528c1806b66b4999c3bdb1c18b9ca03e2d8a5f4c0367aec769ecbc4b079d,ACTIVE,POOL_ADMISSION
000062.SZ,2024-09-10,7fda528c1806b66b4999c3bdb1c18b9ca03e2d8a5f4c0367aec769ecbc4b079d,ACTIVE,POOL_OBSERVATION
000062.SZ,2024-09-11,7fda528c1806b66b4999c3bdb1c18b9ca03e2d8a5f4c0367aec769ecbc4b079d,ACTIVE,POOL_OBSERVATION
000062.SZ,2024-09-12,7fda528c1806b66b4999c3bdb1c18b9ca03e2d8a5f4c0367aec769ecbc4b079d,ACTIVE,POOL_OBSERVATION
000062.SZ,2024-09-13,7fda528c1806b66b4999c3bdb1c18b9ca03e2d8a5f4c0367aec769ecbc4b079d,ACTIVE,POOL_OBSERVATION
000062.SZ,2024-09-18,7fda528c1806b66b4999c3bdb1c18b9ca03e2d8a5f4c0367aec769ecbc4b079d,ACTIVE,POOL_OBSERVATION
000062.SZ,2024-09-19,7fda528c1806b66b4999c3bdb1c18b9ca03e2d8a5f4c0367aec769ecbc4b079d,EXPIRED,POOL_EXPIRED
000066.SZ,2024-11-01,87a4abcd822b0f5135dfecf4ef7591ee5b2594aa1a33ed37f8de043aa5452d41,ACTIVE,POOL_ADMISSION
000066.SZ,2024-11-04,87a4abcd822b0f5135dfecf4ef7591ee5b2594aa1a33ed37f8de043aa5452d41,ACTIVE,POOL_OBSERVATION
000066.SZ,2024-11-05,87a4abcd822b0f5135dfecf4ef7591ee5b2594aa1a33ed37f8de043aa5452d41,ACTIVE,POOL_OBSERVATION
000066.SZ,2024-11-06,87a4abcd822b0f5135dfecf4ef7591ee5b2594aa1a33ed37f8de043aa5452d41,SIGNALLED,ENTRY_SIGNAL
000066.SZ,2024-11-07,87a4abcd822b0f5135dfecf4ef7591ee5b2594aa1a33ed37f8de043aa5452d41,SIGNALLED,EXECUTION_PENDING
000066.SZ,2024-11-08,87a4abcd822b0f5135dfecf4ef7591ee5b2594aa1a33ed37f8de043aa5452d41,SIGNALLED,EXECUTION_PENDING
000066.SZ,2024-11-11,87a4abcd822b0f5135dfecf4ef7591ee5b2594aa1a33ed37f8de043aa5452d41,EXPIRED,PENDING_SIGNAL_HORIZON_EXPIRED
000069.SZ,2024-10-08,8928d2ab4dbb0db2c954ef7b02370f7c4e32f882048feb7f7d9e653f565ef86a,ACTIVE,POOL_ADMISSION
000069.SZ,2024-10-09,8928d2ab4dbb0db2c954ef7b02370f7c4e32f882048feb7f7d9e653f565ef86a,ACTIVE,POOL_OBSERVATION
000069.SZ,2024-10-10,8928d2ab4dbb0db2c954ef7b02370f7c4e32f882048feb7f7d9e653f565ef86a,ACTIVE,POOL_OBSERVATION
000069.SZ,2024-10-11,8928d2ab4dbb0db2c954ef7b02370f7c4e32f882048feb7f7d9e653f565ef86a,ACTIVE,POOL_OBSERVATION
000069.SZ,2024-10-14,8928d2ab4dbb0db2c954ef7b02370f7c4e32f882048feb7f7d9e653f565ef86a,ACTIVE,POOL_OBSERVATION
000069.SZ,2024-10-15,8928d2ab4dbb0db2c954ef7b02370f7c4e32f882048feb7f7d9e653f565ef86a,ACTIVE,POOL_OBSERVATION
000069.SZ,2024-10-16,8928d2ab4dbb0db2c954ef7b02370f7c4e32f882048feb7f7d9e653f565ef86a,EXPIRED,POOL_EXPIRED
000070.SZ,2025-11-26,58692cab17836bbe4d14073e14751967c2e65975e91c66a7e372ef92de47a9c3,ACTIVE,POOL_ADMISSION
000070.SZ,2025-11-27,58692cab17836bbe4d14073e14751967c2e65975e91c66a7e372ef92de47a9c3,ACTIVE,POOL_OBSERVATION
000070.SZ,2025-11-28,58692cab17836bbe4d14073e14751967c2e65975e91c66a7e372ef92de47a9c3,ACTIVE,POOL_OBSERVATION
000070.SZ,2025-12-01,58692cab17836bbe4d14073e14751967c2e65975e91c66a7e372ef92de47a9c3,SIGNALLED,ENTRY_SIGNAL
000070.SZ,2025-12-02,58692cab17836bbe4d14073e14751967c2e65975e91c66a7e372ef92de47a9c3,SIGNALLED,EXECUTION_PENDING
000070.SZ,2025-12-03,58692cab17836bbe4d14073e14751967c2e65975e91c66a7e372ef92de47a9c3,SIGNALLED,EXECUTION_PENDING
000070.SZ,2025-12-04,58692cab17836bbe4d14073e14751967c2e65975e91c66a7e372ef92de47a9c3,EXPIRED,PENDING_SIGNAL_HORIZON_EXPIRED
000078.SZ,2025-12-01,ba3145ebacb4ed913fbfd24af1cece802f8de4fb79f9d2443518974caaac5672,ACTIVE,POOL_ADMISSION
000078.SZ,2025-12-02,ba3145ebacb4ed913fbfd24af1cece802f8de4fb79f9d2443518974caaac5672,ACTIVE,POOL_OBSERVATION
000078.SZ,2025-12-03,ba3145ebacb4ed913fbfd24af1cece802f8de4fb79f9d2443518974caaac5672,ACTIVE,POOL_OBSERVATION
000078.SZ,2025-12-04,ba3145ebacb4ed913fbfd24af1cece802f8de4fb79f9d2443518974caaac5672,ACTIVE,POOL_OBSERVATION
000078.SZ,2025-12-05,ba3145ebacb4ed913fbfd24af1cece802f8de4fb79f9d2443518974caaac5672,ACTIVE,POOL_OBSERVATION
000078.SZ,2025-12-08,ba3145ebacb4ed913fbfd24af1cece802f8de4fb79f9d2443518974caaac5672,ACTIVE,POOL_OBSERVATION
000078.SZ,2025-12-09,ba3145ebacb4ed913fbfd24af1cece802f8de4fb79f9d2443518974caaac5672,EXPIRED,POOL_EXPIRED
000096.SZ,2025-02-26,c92113c185b581eb20f9248006b7dd568726b52cee87dfd2e64d7d9f7b2b0748,ACTIVE,POOL_ADMISSION
000096.SZ,2025-02-27,c92113c185b581eb20f9248006b7dd568726b52cee87dfd2e64d7d9f7b2b0748,ACTIVE,POOL_OBSERVATION
000096.SZ,2025-02-28,c92113c185b581eb20f9248006b7dd568726b52cee87dfd2e64d7d9f7b2b0748,ACTIVE,POOL_OBSERVATION
000096.SZ,2025-03-03,c92113c185b581eb20f9248006b7dd568726b52cee87dfd2e64d7d9f7b2b0748,ACTIVE,POOL_OBSERVATION
000096.SZ,2025-03-04,c92113c185b581eb20f9248006b7dd568726b52cee87dfd2e64d7d9f7b2b0748,ACTIVE,POOL_OBSERVATION
000096.SZ,2025-03-05,c92113c185b581eb20f9248006b7dd568726b52cee87dfd2e64d7d9f7b2b0748,ACTIVE,POOL_OBSERVATION
000096.SZ,2025-03-06,c92113c185b581eb20f9248006b7dd568726b52cee87dfd2e64d7d9f7b2b0748,EXPIRED,POOL_EXPIRED
000402.SZ,2024-09-30,2c3ba0b7468b101458bdcc49814da59fcd7af441b7c4ea5bb16c48221aa6cd67,ACTIVE,POOL_ADMISSION
000402.SZ,2024-10-08,2c3ba0b7468b101458bdcc49814da59fcd7af441b7c4ea5bb16c48221aa6cd67,ACTIVE,POOL_OBSERVATION
000402.SZ,2024-10-09,2c3ba0b7468b101458bdcc49814da59fcd7af441b7c4ea5bb16c48221aa6cd67,ACTIVE,POOL_OBSERVATION
000402.SZ,2024-10-10,2c3ba0b7468b101458bdcc49814da59fcd7af441b7c4ea5bb16c48221aa6cd67,ACTIVE,POOL_OBSERVATION
000402.SZ,2024-10-11,2c3ba0b7468b101458bdcc49814da59fcd7af441b7c4ea5bb16c48221aa6cd67,ACTIVE,POOL_OBSERVATION
000402.SZ,2024-10-14,2c3ba0b7468b101458bdcc49814da59fcd7af441b7c4ea5bb16c48221aa6cd67,ACTIVE,POOL_OBSERVATION
000402.SZ,2024-10-15,2c3ba0b7468b101458bdcc49814da59fcd7af441b7c4ea5bb16c48221aa6cd67,EXPIRED,POOL_EXPIRED
000407.SZ,2025-11-14,3e6d7bec94662986ef7955f63c85bf21dc2c15b32453d45b086526768fcc8ca1,ACTIVE,POOL_ADMISSION
000407.SZ,2025-11-17,3e6d7bec94662986ef7955f63c85bf21dc2c15b32453d45b086526768fcc8ca1,ACTIVE,POOL_OBSERVATION
000407.SZ,2025-11-18,3e6d7bec94662986ef7955f63c85bf21dc2c15b32453d45b086526768fcc8ca1,ACTIVE,POOL_OBSERVATION
000407.SZ,2025-11-19,3e6d7bec94662986ef7955f63c85bf21dc2c15b32453d45b086526768fcc8ca1,ACTIVE,POOL_OBSERVATION
000407.SZ,2025-11-20,3e6d7bec94662986ef7955f63c85bf21dc2c15b32453d45b086526768fcc8ca1,ACTIVE,POOL_OBSERVATION
000407.SZ,2025-11-21,3e6d7bec94662986ef7955f63c85bf21dc2c15b32453d45b086526768fcc8ca1,ACTIVE,POOL_OBSERVATION
000407.SZ,2025-11-24,3e6d7bec94662986ef7955f63c85bf21dc2c15b32453d45b086526768fcc8ca1,EXPIRED,POOL_EXPIRED
000409.SZ,2025-03-06,60c35bb2d45fe59f16ffc61a567464efb2febf56444aca9ca8ee88b03c007496,ACTIVE,POOL_ADMISSION
000409.SZ,2025-03-07,60c35bb2d45fe59f16ffc61a567464efb2febf56444aca9ca8ee88b03c007496,ACTIVE,POOL_OBSERVATION
000409.SZ,2025-03-10,60c35bb2d45fe59f16ffc61a567464efb2febf56444aca9ca8ee88b03c007496,ACTIVE,POOL_OBSERVATION
000409.SZ,2025-03-11,60c35bb2d45fe59f16ffc61a567464efb2febf56444aca9ca8ee88b03c007496,SIGNALLED,ENTRY_SIGNAL
000409.SZ,2025-03-12,60c35bb2d45fe59f16ffc61a567464efb2febf56444aca9ca8ee88b03c007496,SIGNALLED,EXECUTION_PENDING
000409.SZ,2025-03-13,60c35bb2d45fe59f16ffc61a567464efb2febf56444aca9ca8ee88b03c007496,SIGNALLED,EXECUTION_PENDING
000409.SZ,2025-03-14,60c35bb2d45fe59f16ffc61a567464efb2febf56444aca9ca8ee88b03c007496,EXPIRED,PENDING_SIGNAL_HORIZON_EXPIRED
000415.SZ,2024-11-05,b89e381786b991cda6c3be862e412066fca1be234f470ad1dc8993993c97089c,ACTIVE,POOL_ADMISSION
000415.SZ,2024-11-06,b89e381786b991cda6c3be862e412066fca1be234f470ad1dc8993993c97089c,ACTIVE,POOL_OBSERVATION
000415.SZ,2024-11-07,b89e381786b991cda6c3be862e412066fca1be234f470ad1dc8993993c97089c,ACTIVE,POOL_OBSERVATION
000415.SZ,2024-11-08,b89e381786b991cda6c3be862e412066fca1be234f470ad1dc8993993c97089c,SIGNALLED,ENTRY_SIGNAL
000415.SZ,2024-11-11,b89e381786b991cda6c3be862e412066fca1be234f470ad1dc8993993c97089c,SIGNALLED,EXECUTION_PENDING
000415.SZ,2024-11-12,b89e381786b991cda6c3be862e412066fca1be234f470ad1dc8993993c97089c,SIGNALLED,EXECUTION_PENDING
000415.SZ,2024-11-13,b89e381786b991cda6c3be862e412066fca1be234f470ad1dc8993993c97089c,EXPIRED,PENDING_SIGNAL_HORIZON_EXPIRED
000417.SZ,2026-05-22,c1f00a615a9ef9666d0028e08629ff317978accbf1b8768bb0e4e0f295d1695a,ACTIVE,POOL_ADMISSION
000417.SZ,2026-05-25,c1f00a615a9ef9666d0028e08629ff317978accbf1b8768bb0e4e0f295d1695a,ACTIVE,POOL_OBSERVATION
000417.SZ,2026-05-26,c1f00a615a9ef9666d0028e08629ff317978accbf1b8768bb0e4e0f295d1695a,ACTIVE,POOL_OBSERVATION
000417.SZ,2026-05-27,c1f00a615a9ef9666d0028e08629ff317978accbf1b8768bb0e4e0f295d1695a,ACTIVE,POOL_OBSERVATION
000417.SZ,2026-05-28,c1f00a615a9ef9666d0028e08629ff317978accbf1b8768bb0e4e0f295d1695a,ACTIVE,POOL_OBSERVATION
000417.SZ,2026-05-29,c1f00a615a9ef9666d0028e08629ff317978accbf1b8768bb0e4e0f295d1695a,ACTIVE,POOL_OBSERVATION
000417.SZ,2026-06-01,c1f00a615a9ef9666d0028e08629ff317978accbf1b8768bb0e4e0f295d1695a,EXPIRED,POOL_EXPIRED
000428.SZ,2026-07-31,89d45da220dadf233db05b764d30b3a1de52a5693e9dc7be9ca359510184e6a9,SIGNALLED,ENTRY_SIGNAL
000428.SZ,2026-08-03,89d45da220dadf233db05b764d30b3a1de52a5693e9dc7be9ca359510184e6a9,SIGNALLED,EXECUTION_PENDING
000428.SZ,2026-08-04,89d45da220dadf233db05b764d30b3a1de52a5693e9dc7be9ca359510184e6a9,SIGNALLED,EXECUTION_PENDING
000428.SZ,2026-08-05,89d45da220dadf233db05b764d30b3a1de52a5693e9dc7be9ca359510184e6a9,SIGNALLED,EXECUTION_PENDING
000428.SZ,2026-08-06,89d45da220dadf233db05b764d30b3a1de52a5693e9dc7be9ca359510184e6a9,SIGNALLED,EXECUTION_PENDING
000428.SZ,2026-08-07,89d45da220dadf233db05b764d30b3a1de52a5693e9dc7be9ca359510184e6a9,SIGNALLED,EXECUTION_PENDING
000428.SZ,2026-08-10,89d45da220dadf233db05b764d30b3a1de52a5693e9dc7be9ca359510184e6a9,EXPIRED,PENDING_SIGNAL_HORIZON_EXPIRED
000504.SZ,2026-09-22,3277ad122254b3d9b68825fde313232699db336353b86c5fbade1317fe30c061,ACTIVE,POOL_ADMISSION
000504.SZ,2026-09-23,3277ad122254b3d9b68825fde313232699db336353b86c5fbade1317fe30c061,ACTIVE,POOL_OBSERVATION
000506.SZ,2026-01-29,4b29c1d88ce5d748cc56f48a4b916e0a99cad2ac0fbd230ef18080ea0602de6a,ACTIVE,POOL_ADMISSION
000506.SZ,2026-01-30,4b29c1d88ce5d748cc56f48a4b916e0a99cad2ac0fbd230ef18080ea0602de6a,ACTIVE,POOL_OBSERVATION
000506.SZ,2026-02-02,4b29c1d88ce5d748cc56f48a4b916e0a99cad2ac0fbd230ef18080ea0602de6a,ACTIVE,POOL_OBSERVATION
000506.SZ,2026-02-03,4b29c1d88ce5d748cc56f48a4b916e0a99cad2ac0fbd230ef18080ea0602de6a,ACTIVE,POOL_OBSERVATION
000506.SZ,2026-02-04,4b29c1d88ce5d748cc56f48a4b916e0a99cad2ac0fbd230ef18080ea0602de6a,ACTIVE,POOL_OBSERVATION
000506.SZ,2026-02-05,4b29c1d88ce5d748cc56f48a4b916e0a99cad2ac0fbd230ef18080ea0602de6a,ACTIVE,POOL_OBSERVATION
000506.SZ,2026-02-06,4b29c1d88ce5d748cc56f48a4b916e0a99cad2ac0fbd230ef18080ea0602de6a,EXPIRED,POOL_EXPIRED
000509.SZ,2024-08-13,852a2319ff3e9115f4792f6c2c9cc8dda86ee91dfbe5d063541b5b7edbd9ca22,ACTIVE,POOL_ADMISSION
000509.SZ,2024-08-14,852a2319ff3e9115f4792f6c2c9cc8dda86ee91dfbe5d063541b5b7edbd9ca22,ACTIVE,POOL_OBSERVATION
000509.SZ,2024-08-15,852a2319ff3e9115f4792f6c2c9cc8dda86ee91dfbe5d063541b5b7edbd9ca22,ACTIVE,POOL_OBSERVATION
000509.SZ,2024-08-16,852a2319ff3e9115f4792f6c2c9cc8dda86ee91dfbe5d063541b5b7edbd9ca22,ACTIVE,POOL_OBSERVATION
000509.SZ,2024-08-19,852a2319ff3e9115f4792f6c2c9cc8dda86ee91dfbe5d063541b5b7edbd9ca22,ACTIVE,POOL_OBSERVATION
000509.SZ,2024-08-20,852a2319ff3e9115f4792f6c2c9cc8dda86ee91dfbe5d063541b5b7edbd9ca22,ACTIVE,POOL_OBSERVATION
000509.SZ,2024-08-21,852a2319ff3e9115f4792f6c2c9cc8dda86ee91dfbe5d063541b5b7edbd9ca22,EXPIRED,POOL_EXPIRED
000509.SZ,2026-05-28,ad6e247c98ebe05f199d933cb9683814147fa7361dd565d4fea770a476dea2a4,ACTIVE,POOL_ADMISSION
000509.SZ,2026-05-29,ad6e247c98ebe05f199d933cb9683814147fa7361dd565d4fea770a476dea2a4,ACTIVE,POOL_OBSERVATION
000509.SZ,2026-06-01,ad6e247c98ebe05f199d933cb9683814147fa7361dd565d4fea770a476dea2a4,ACTIVE,POOL_OBSERVATION
000509.SZ,2026-06-02,ad6e247c98ebe05f199d933cb9683814147fa7361dd565d4fea770a476dea2a4,ACTIVE,POOL_OBSERVATION
000509.SZ,2026-06-03,ad6e247c98ebe05f199d933cb9683814147fa7361dd565d4fea770a476dea2a4,ACTIVE,POOL_OBSERVATION
000509.SZ,2026-06-04,ad6e247c98ebe05f199d933cb9683814147fa7361dd565d4fea770a476dea2a4,ACTIVE,POOL_OBSERVATION
000509.SZ,2026-06-05,ad6e247c98ebe05f199d933cb9683814147fa7361dd565d4fea770a476dea2a4,EXPIRED,POOL_EXPIRED
000510.SZ,2025-04-17,3c00820df3631650ce73f9bfbd5588838c4f0b7bf00723e558e04ee2665a3797,SIGNALLED,ENTRY_SIGNAL
000510.SZ,2025-04-18,3c00820df3631650ce73f9bfbd5588838c4f0b7bf00723e558e04ee2665a3797,SIGNALLED,EXECUTION_PENDING
000510.SZ,2025-04-21,3c00820df3631650ce73f9bfbd5588838c4f0b7bf00723e558e04ee2665a3797,SIGNALLED,EXECUTION_PENDING
000510.SZ,2025-04-22,3c00820df3631650ce73f9bfbd5588838c4f0b7bf00723e558e04ee2665a3797,SIGNALLED,EXECUTION_PENDING
000510.SZ,2025-04-23,3c00820df3631650ce73f9bfbd5588838c4f0b7bf00723e558e04ee2665a3797,SIGNALLED,EXECUTION_PENDING
000510.SZ,2025-04-24,3c00820df3631650ce73f9bfbd5588838c4f0b7bf00723e558e04ee2665a3797,SIGNALLED,EXECUTION_PENDING
000510.SZ,2025-04-25,3c00820df3631650ce73f9bfbd5588838c4f0b7bf00723e558e04ee2665a3797,EXPIRED,PENDING_SIGNAL_HORIZON_EXPIRED
000514.SZ,2025-07-10,ad3b4e7167d03527596ef8f26dced457be3e2ed65f3084a196a73b9dc0f8d7ad,ACTIVE,POOL_ADMISSION
000514.SZ,2025-07-11,ad3b4e7167d03527596ef8f26dced457be3e2ed65f3084a196a73b9dc0f8d7ad,ACTIVE,POOL_OBSERVATION
000514.SZ,2025-07-14,ad3b4e7167d03527596ef8f26dced457be3e2ed65f3084a196a73b9dc0f8d7ad,ACTIVE,POOL_OBSERVATION
000514.SZ,2025-07-15,ad3b4e7167d03527596ef8f26dced457be3e2ed65f3084a196a73b9dc0f8d7ad,SIGNALLED,ENTRY_SIGNAL
000514.SZ,2025-07-16,ad3b4e7167d03527596ef8f26dced457be3e2ed65f3084a196a73b9dc0f8d7ad,SIGNALLED,EXECUTION_PENDING
000514.SZ,2025-07-17,ad3b4e7167d03527596ef8f26dced457be3e2ed65f3084a196a73b9dc0f8d7ad,SIGNALLED,EXECUTION_PENDING
000514.SZ,2025-07-18,ad3b4e7167d03527596ef8f26dced457be3e2ed65f3084a196a73b9dc0f8d7ad,EXPIRED,PENDING_SIGNAL_HORIZON_EXPIRED
000518.SZ,2026-05-25,81182880e998f839ec2e4423be747b3d81ea96d8d0424b45b181831576b6f0a2,SIGNALLED,ENTRY_SIGNAL
000518.SZ,2026-05-26,81182880e998f839ec2e4423be747b3d81ea96d8d0424b45b181831576b6f0a2,SIGNALLED,EXECUTION_PENDING
000518.SZ,2026-05-27,81182880e998f839ec2e4423be747b3d81ea96d8d0424b45b181831576b6f0a2,SIGNALLED,EXECUTION_PENDING
000518.SZ,2026-05-28,81182880e998f839ec2e4423be747b3d81ea96d8d0424b45b181831576b6f0a2,SIGNALLED,EXECUTION_PENDING
000518.SZ,2026-05-29,81182880e998f839ec2e4423be747b3d81ea96d8d0424b45b181831576b6f0a2,SIGNALLED,EXECUTION_PENDING
000518.SZ,2026-06-01,81182880e998f839ec2e4423be747b3d81ea96d8d0424b45b181831576b6f0a2,SIGNALLED,EXECUTION_PENDING
000518.SZ,2026-06-02,81182880e998f839ec2e4423be747b3d81ea96d8d0424b45b181831576b6f0a2,EXPIRED,PENDING_SIGNAL_HORIZON_EXPIRED
000520.SZ,2024-10-30,a17f9f3991ef8f2ceb20c0abb72b08c49b8b82ca25bd99905d45ea7016fddb52,ACTIVE,POOL_ADMISSION
000520.SZ,2024-10-31,a17f9f3991ef8f2ceb20c0abb72b08c49b8b82ca25bd99905d45ea7016fddb52,ACTIVE,POOL_OBSERVATION
000520.SZ,2024-11-01,a17f9f3991ef8f2ceb20c0abb72b08c49b8b82ca25bd99905d45ea7016fddb52,ACTIVE,POOL_OBSERVATION
000520.SZ,2024-11-04,a17f9f3991ef8f2ceb20c0abb72b08c49b8b82ca25bd99905d45ea7016fddb52,SIGNALLED,ENTRY_SIGNAL
000520.SZ,2024-11-05,a17f9f3991ef8f2ceb20c0abb72b08c49b8b82ca25bd99905d45ea7016fddb52,SIGNALLED,EXECUTION_PENDING
000520.SZ,2024-11-06,a17f9f3991ef8f2ceb20c0abb72b08c49b8b82ca25bd99905d45ea7016fddb52,SIGNALLED,EXECUTION_PENDING
000520.SZ,2024-11-07,a17f9f3991ef8f2ceb20c0abb72b08c49b8b82ca25bd99905d45ea7016fddb52,EXPIRED,PENDING_SIGNAL_HORIZON_EXPIRED
000533.SZ,2024-12-31,99f55654506f9d6bfe4b5a3bc9ad91d24a1fe76397f2ee8c77c0636b6679b7ac,ACTIVE,POOL_ADMISSION
000533.SZ,2025-01-02,99f55654506f9d6bfe4b5a3bc9ad91d24a1fe76397f2ee8c77c0636b6679b7ac,ACTIVE,POOL_OBSERVATION
000533.SZ,2025-01-03,99f55654506f9d6bfe4b5a3bc9ad91d24a1fe76397f2ee8c77c0636b6679b7ac,ACTIVE,POOL_OBSERVATION
000533.SZ,2025-01-06,99f55654506f9d6bfe4b5a3bc9ad91d24a1fe76397f2ee8c77c0636b6679b7ac,ACTIVE,POOL_OBSERVATION
000533.SZ,2025-01-07,99f55654506f9d6bfe4b5a3bc9ad91d24a1fe76397f2ee8c77c0636b6679b7ac,SIGNALLED,ENTRY_SIGNAL
000533.SZ,2025-01-08,99f55654506f9d6bfe4b5a3bc9ad91d24a1fe76397f2ee8c77c0636b6679b7ac,SIGNALLED,EXECUTION_PENDING
000533.SZ,2025-01-09,99f55654506f9d6bfe4b5a3bc9ad91d24a1fe76397f2ee8c77c0636b6679b7ac,EXPIRED,PENDING_SIGNAL_HORIZON_EXPIRED
000533.SZ,2026-03-09,da49cb2cf437923ced171ddde0970e6f55131fc00a5fa47785fea9799b65d75e,ACTIVE,POOL_ADMISSION
000533.SZ,2026-03-10,da49cb2cf437923ced171ddde0970e6f55131fc00a5fa47785fea9799b65d75e,ACTIVE,POOL_OBSERVATION
000533.SZ,2026-03-11,da49cb2cf437923ced171ddde0970e6f55131fc00a5fa47785fea9799b65d75e,ACTIVE,POOL_OBSERVATION
000533.SZ,2026-03-12,da49cb2cf437923ced171ddde0970e6f55131fc00a5fa47785fea9799b65d75e,ACTIVE,POOL_OBSERVATION
000533.SZ,2026-03-13,da49cb2cf437923ced171ddde0970e6f55131fc00a5fa47785fea9799b65d75e,ACTIVE,POOL_OBSERVATION
000533.SZ,2026-03-16,da49cb2cf437923ced171ddde0970e6f55131fc00a5fa47785fea9799b65d75e,SIGNALLED,ENTRY_SIGNAL
000533.SZ,2026-03-17,da49cb2cf437923ced171ddde0970e6f55131fc00a5fa47785fea9799b65d75e,EXPIRED,PENDING_SIGNAL_HORIZON_EXPIRED
000533.SZ,2026-07-29,4619687a39fedcb88e4cbb0a7461ab8b3397d1004a4ef3a52cb2290d9499256d,ACTIVE,POOL_ADMISSION
000533.SZ,2026-07-30,4619687a39fedcb88e4cbb0a7461ab8b3397d1004a4ef3a52cb2290d9499256d,ACTIVE,POOL_OBSERVATION
000533.SZ,2026-07-31,4619687a39fedcb88e4cbb0a7461ab8b3397d1004a4ef3a52cb2290d9499256d,ACTIVE,POOL_OBSERVATION
000533.SZ,2026-08-03,4619687a39fedcb88e4cbb0a7461ab8b3397d1004a4ef3a52cb2290d9499256d,ACTIVE,POOL_OBSERVATION
000533.SZ,2026-08-04,4619687a39fedcb88e4cbb0a7461ab8b3397d1004a4ef3a52cb2290d9499256d,ACTIVE,POOL_OBSERVATION
000533.SZ,2026-08-05,4619687a39fedcb88e4cbb0a7461ab8b3397d1004a4ef3a52cb2290d9499256d,ACTIVE,POOL_OBSERVATION
000533.SZ,2026-08-06,4619687a39fedcb88e4cbb0a7461ab8b3397d1004a4ef3a52cb2290d9499256d,EXPIRED,POOL_EXPIRED
000536.SZ,2024-09-12,00de76b2f1fc7ef677112130004ea2d675a31b23790a097e60a32a0dc4b52c07,ACTIVE,POOL_ADMISSION
000536.SZ,2024-09-13,00de76b2f1fc7ef677112130004ea2d675a31b23790a097e60a32a0dc4b52c07,SIGNALLED,ENTRY_SIGNAL
000536.SZ,2024-09-18,00de76b2f1fc7ef677112130004ea2d675a31b23790a097e60a32a0dc4b52c07,SIGNALLED,EXECUTION_PENDING
000536.SZ,2024-09-19,00de76b2f1fc7ef677112130004ea2d675a31b23790a097e60a32a0dc4b52c07,SIGNALLED,EXECUTION_PENDING
000536.SZ,2024-09-20,00de76b2f1fc7ef677112130004ea2d675a31b23790a097e60a32a0dc4b52c07,SIGNALLED,EXECUTION_PENDING
000536.SZ,2024-09-23,00de76b2f1fc7ef677112130004ea2d675a31b23790a097e60a32a0dc4b52c07,SIGNALLED,EXECUTION_PENDING
000536.SZ,2024-09-24,00de76b2f1fc7ef677112130004ea2d675a31b23790a097e60a32a0dc4b52c07,EXPIRED,PENDING_SIGNAL_HORIZON_EXPIRED
000536.SZ,2024-10-30,0edb1c05cb998310e69498743e10b9237c64c6f6c6f707a3307aa60ba1245002,ACTIVE,POOL_ADMISSION
000536.SZ,2024-10-31,0edb1c05cb998310e69498743e10b9237c64c6f6c6f707a3307aa60ba1245002,ACTIVE,POOL_OBSERVATION
000536.SZ,2024-11-01,0edb1c05cb998310e69498743e10b9237c64c6f6c6f707a3307aa60ba1245002,ACTIVE,POOL_OBSERVATION
000536.SZ,2024-11-04,0edb1c05cb998310e69498743e10b9237c64c6f6c6f707a3307aa60ba1245002,SIGNALLED,ENTRY_SIGNAL
000536.SZ,2024-11-05,0edb1c05cb998310e69498743e10b9237c64c6f6c6f707a3307aa60ba1245002,SIGNALLED,EXECUTION_PENDING
000536.SZ,2024-11-06,0edb1c05cb998310e69498743e10b9237c64c6f6c6f707a3307aa60ba1245002,SIGNALLED,EXECUTION_PENDING
000536.SZ,2024-11-07,0edb1c05cb998310e69498743e10b9237c64c6f6c6f707a3307aa60ba1245002,EXPIRED,PENDING_SIGNAL_HORIZON_EXPIRED
000536.SZ,2024-11-08,09a99086eea1d81a2e6da0085f921aed832a7a79253094449861c0ecd205805c,ACTIVE,POOL_ADMISSION
000536.SZ,2024-11-11,09a99086eea1d81a2e6da0085f921aed832a7a79253094449861c0ecd205805c,ACTIVE,POOL_OBSERVATION
000536.SZ,2024-11-12,09a99086eea1d81a2e6da0085f921aed832a7a79253094449861c0ecd205805c,ACTIVE,POOL_OBSERVATION
000536.SZ,2024-11-13,09a99086eea1d81a2e6da0085f921aed832a7a79253094449861c0ecd205805c,ACTIVE,POOL_OBSERVATION
000536.SZ,2024-11-14,09a99086eea1d81a2e6da0085f921aed832a7a79253094449861c0ecd205805c,ACTIVE,POOL_OBSERVATION
000536.SZ,2024-11-15,09a99086eea1d81a2e6da0085f921aed832a7a79253094449861c0ecd205805c,ACTIVE,POOL_OBSERVATION
000536.SZ,2024-11-18,09a99086eea1d81a2e6da0085f921aed832a7a79253094449861c0ecd205805c,EXPIRED,POOL_EXPIRED
000539.SZ,2026-06-01,13d226ba6c9ae584187607dbc81cd947d6d8d02d8629e441c2af8b145a10953e,ACTIVE,POOL_ADMISSION
000539.SZ,2026-06-02,13d226ba6c9ae584187607dbc81cd947d6d8d02d8629e441c2af8b145a10953e,ACTIVE,POOL_OBSERVATION
000539.SZ,2026-06-03,13d226ba6c9ae584187607dbc81cd947d6d8d02d8629e441c2af8b145a10953e,ACTIVE,POOL_OBSERVATION
000539.SZ,2026-06-04,13d226ba6c9ae584187607dbc81cd947d6d8d02d8629e441c2af8b145a10953e,ACTIVE,POOL_OBSERVATION
000539.SZ,2026-06-05,13d226ba6c9ae584187607dbc81cd947d6d8d02d8629e441c2af8b145a10953e,ACTIVE,POOL_OBSERVATION
000539.SZ,2026-06-08,13d226ba6c9ae584187607dbc81cd947d6d8d02d8629e441c2af8b145a10953e,ACTIVE,POOL_OBSERVATION
000539.SZ,2026-06-09,13d226ba6c9ae584187607dbc81cd947d6d8d02d8629e441c2af8b145a10953e,EXPIRED,POOL_EXPIRED
000547.SZ,2025-11-19,1e565c39ed4c4382e3da3c27d10bbcf5e506d01315c1ccadc3c955dfc12c5884,ACTIVE,POOL_ADMISSION
000547.SZ,2025-11-20,1e565c39ed4c4382e3da3c27d10bbcf5e506d01315c1ccadc3c955dfc12c5884,ACTIVE,POOL_OBSERVATION
000547.SZ,2025-11-21,1e565c39ed4c4382e3da3c27d10bbcf5e506d01315c1ccadc3c955dfc12c5884,ACTIVE,POOL_OBSERVATION
000547.SZ,2025-11-24,1e565c39ed4c4382e3da3c27d10bbcf5e506d01315c1ccadc3c955dfc12c5884,SIGNALLED,ENTRY_SIGNAL
000547.SZ,2025-11-25,1e565c39ed4c4382e3da3c27d10bbcf5e506d01315c1ccadc3c955dfc12c5884,SIGNALLED,EXECUTION_PENDING
000547.SZ,2025-11-26,1e565c39ed4c4382e3da3c27d10bbcf5e506d01315c1ccadc3c955dfc12c5884,SIGNALLED,EXECUTION_PENDING
000547.SZ,2025-11-27,1e565c39ed4c4382e3da3c27d10bbcf5e506d01315c1ccadc3c955dfc12c5884,EXPIRED,PENDING_SIGNAL_HORIZON_EXPIRED
000551.SZ,2025-12-25,46d2fa1f4bf931e69a1aaf6d7d750f8c36ec538d2f86380a8dba672a73669f86,ACTIVE,POOL_ADMISSION
000551.SZ,2025-12-26,46d2fa1f4bf931e69a1aaf6d7d750f8c36ec538d2f86380a8dba672a73669f86,ACTIVE,POOL_OBSERVATION
000551.SZ,2025-12-29,46d2fa1f4bf931e69a1aaf6d7d750f8c36ec538d2f86380a8dba672a73669f86,ACTIVE,POOL_OBSERVATION
000551.SZ,2025-12-30,46d2fa1f4bf931e69a1aaf6d7d750f8c36ec538d2f86380a8dba672a73669f86,ACTIVE,POOL_OBSERVATION
000551.SZ,2025-12-31,46d2fa1f4bf931e69a1aaf6d7d750f8c36ec538d2f86380a8dba672a73669f86,ACTIVE,POOL_OBSERVATION
000551.SZ,2026-01-05,46d2fa1f4bf931e69a1aaf6d7d750f8c36ec538d2f86380a8dba672a73669f86,ACTIVE,POOL_OBSERVATION
000551.SZ,2026-01-06,46d2fa1f4bf931e69a1aaf6d7d750f8c36ec538d2f86380a8dba672a73669f86,EXPIRED,POOL_EXPIRED
000553.SZ,2024-10-25,fe25ca98166a09beae84fd17becb20f9e8a506d8534473db6b16e45de43537ee,ACTIVE,POOL_ADMISSION
000553.SZ,2024-10-28,fe25ca98166a09beae84fd17becb20f9e8a506d8534473db6b16e45de43537ee,ACTIVE,POOL_OBSERVATION
000553.SZ,2024-10-29,fe25ca98166a09beae84fd17becb20f9e8a506d8534473db6b16e45de43537ee,SIGNALLED,ENTRY_SIGNAL
000553.SZ,2024-10-30,fe25ca98166a09beae84fd17becb20f9e8a506d8534473db6b16e45de43537ee,SIGNALLED,EXECUTION_PENDING
000553.SZ,2024-10-31,fe25ca98166a09beae84fd17becb20f9e8a506d8534473db6b16e45de43537ee,SIGNALLED,EXECUTION_PENDING
000553.SZ,2024-11-01,fe25ca98166a09beae84fd17becb20f9e8a506d8534473db6b16e45de43537ee,SIGNALLED,EXECUTION_PENDING
000553.SZ,2024-11-04,fe25ca98166a09beae84fd17becb20f9e8a506d8534473db6b16e45de43537ee,EXPIRED,PENDING_SIGNAL_HORIZON_EXPIRED
000558.SZ,2024-12-16,288eef23c5578198f67d27aeeb76892828151a04a88073a9428e1a6df8583f8d,ACTIVE,POOL_ADMISSION
000558.SZ,2024-12-17,288eef23c5578198f67d27aeeb76892828151a04a88073a9428e1a6df8583f8d,ACTIVE,POOL_OBSERVATION
000558.SZ,2024-12-18,288eef23c5578198f67d27aeeb76892828151a04a88073a9428e1a6df8583f8d,ACTIVE,POOL_OBSERVATION
000558.SZ,2024-12-19,288eef23c5578198f67d27aeeb76892828151a04a88073a9428e1a6df8583f8d,ACTIVE,POOL_OBSERVATION
000558.SZ,2024-12-20,288eef23c5578198f67d27aeeb76892828151a04a88073a9428e1a6df8583f8d,ACTIVE,POOL_OBSERVATION
000558.SZ,2024-12-23,288eef23c5578198f67d27aeeb76892828151a04a88073a9428e1a6df8583f8d,ACTIVE,POOL_OBSERVATION
000558.SZ,2024-12-24,288eef23c5578198f67d27aeeb76892828151a04a88073a9428e1a6df8583f8d,EXPIRED,POOL_EXPIRED
000559.SZ,2025-09-18,6836ae059bac34cb9c1875910f7945e63548ee4179c91b51a4ee56852aca59eb,ACTIVE,POOL_ADMISSION
000559.SZ,2025-09-19,6836ae059bac34cb9c1875910f7945e63548ee4179c91b51a4ee56852aca59eb,ACTIVE,POOL_OBSERVATION
000559.SZ,2025-09-22,6836ae059bac34cb9c1875910f7945e63548ee4179c91b51a4ee56852aca59eb,ACTIVE,POOL_OBSERVATION
000559.SZ,2025-09-23,6836ae059bac34cb9c1875910f7945e63548ee4179c91b51a4ee56852aca59eb,ACTIVE,POOL_OBSERVATION
000559.SZ,2025-09-24,6836ae059bac34cb9c1875910f7945e63548ee4179c91b51a4ee56852aca59eb,SIGNALLED,ENTRY_SIGNAL
000559.SZ,2025-09-25,6836ae059bac34cb9c1875910f7945e63548ee4179c91b51a4ee56852aca59eb,SIGNALLED,EXECUTION_PENDING
000559.SZ,2025-09-26,6836ae059bac34cb9c1875910f7945e63548ee4179c91b51a4ee56852aca59eb,EXPIRED,PENDING_SIGNAL_HORIZON_EXPIRED
000561.SZ,2025-08-18,921af2ef014df6d0529eb4858ee0eb3bd8792922a155dd907d10d456d9247d3b,ACTIVE,POOL_ADMISSION
000561.SZ,2025-08-19,921af2ef014df6d0529eb4858ee0eb3bd8792922a155dd907d10d456d9247d3b,ACTIVE,POOL_OBSERVATION
000561.SZ,2025-08-20,921af2ef014df6d0529eb4858ee0eb3bd8792922a155dd907d10d456d9247d3b,ACTIVE,POOL_OBSERVATION
000561.SZ,2025-08-21,921af2ef014df6d0529eb4858ee0eb3bd8792922a155dd907d10d456d9247d3b,ACTIVE,POOL_OBSERVATION
000561.SZ,2025-08-22,921af2ef014df6d0529eb4858ee0eb3bd8792922a155dd907d10d456d9247d3b,ACTIVE,POOL_OBSERVATION
000561.SZ,2025-08-25,921af2ef014df6d0529eb4858ee0eb3bd8792922a155dd907d10d456d9247d3b,ACTIVE,POOL_OBSERVATION
000561.SZ,2025-08-26,921af2ef014df6d0529eb4858ee0eb3bd8792922a155dd907d10d456d9247d3b,EXPIRED,POOL_EXPIRED
000564.SZ,2024-11-08,8b49f7205f1b7c08c9610afca45342e6e927f4f21fea77c6e8b89cae95a4e2e5,ACTIVE,POOL_ADMISSION
000564.SZ,2024-11-11,8b49f7205f1b7c08c9610afca45342e6e927f4f21fea77c6e8b89cae95a4e2e5,ACTIVE,POOL_OBSERVATION
000564.SZ,2024-11-12,8b49f7205f1b7c08c9610afca45342e6e927f4f21fea77c6e8b89cae95a4e2e5,SIGNALLED,ENTRY_SIGNAL
000564.SZ,2024-11-13,8b49f7205f1b7c08c9610afca45342e6e927f4f21fea77c6e8b89cae95a4e2e5,SIGNALLED,EXECUTION_PENDING
000564.SZ,2024-11-14,8b49f7205f1b7c08c9610afca45342e6e927f4f21fea77c6e8b89cae95a4e2e5,SIGNALLED,EXECUTION_PENDING
000564.SZ,2024-11-15,8b49f7205f1b7c08c9610afca45342e6e927f4f21fea77c6e8b89cae95a4e2e5,SIGNALLED,EXECUTION_PENDING
000564.SZ,2024-11-18,8b49f7205f1b7c08c9610afca45342e6e927f4f21fea77c6e8b89cae95a4e2e5,EXPIRED,PENDING_SIGNAL_HORIZON_EXPIRED
000565.SZ,2025-04-30,24900c54fefc9f65e1db0cba3672080767012979029b986aef532a26c1f65671,ACTIVE,POOL_ADMISSION
000565.SZ,2025-05-06,24900c54fefc9f65e1db0cba3672080767012979029b986aef532a26c1f65671,ACTIVE,POOL_OBSERVATION
000565.SZ,2025-05-07,24900c54fefc9f65e1db0cba3672080767012979029b986aef532a26c1f65671,ACTIVE,POOL_OBSERVATION
000565.SZ,2025-05-08,24900c54fefc9f65e1db0cba3672080767012979029b986aef532a26c1f65671,ACTIVE,POOL_OBSERVATION
000565.SZ,2025-05-09,24900c54fefc9f65e1db0cba3672080767012979029b986aef532a26c1f65671,ACTIVE,POOL_OBSERVATION
000565.SZ,2025-05-12,24900c54fefc9f65e1db0cba3672080767012979029b986aef532a26c1f65671,SIGNALLED,ENTRY_SIGNAL
000565.SZ,2025-05-13,24900c54fefc9f65e1db0cba3672080767012979029b986aef532a26c1f65671,EXPIRED,PENDING_SIGNAL_HORIZON_EXPIRED
000566.SZ,2024-09-11,9fac97b68386df9b0fa1c76b49d23370369354f87c81bee418a6d8ac78cceea4,ACTIVE,POOL_ADMISSION
000566.SZ,2024-09-12,9fac97b68386df9b0fa1c76b49d23370369354f87c81bee418a6d8ac78cceea4,ACTIVE,POOL_OBSERVATION
000566.SZ,2024-09-13,9fac97b68386df9b0fa1c76b49d23370369354f87c81bee418a6d8ac78cceea4,ACTIVE,POOL_OBSERVATION
000566.SZ,2024-09-18,9fac97b68386df9b0fa1c76b49d23370369354f87c81bee418a6d8ac78cceea4,ACTIVE,POOL_OBSERVATION
000566.SZ,2024-09-19,9fac97b68386df9b0fa1c76b49d23370369354f87c81bee418a6d8ac78cceea4,ACTIVE,POOL_OBSERVATION
000566.SZ,2024-09-20,9fac97b68386df9b0fa1c76b49d23370369354f87c81bee418a6d8ac78cceea4,ACTIVE,POOL_OBSERVATION
000566.SZ,2024-09-23,9fac97b68386df9b0fa1c76b49d23370369354f87c81bee418a6d8ac78cceea4,EXPIRED,POOL_EXPIRED
000566.SZ,2026-07-02,1e642712181e8114574feee5f644500933b3da274737f7ab75572c4c5ae2119b,ACTIVE,POOL_ADMISSION
000566.SZ,2026-07-03,1e642712181e8114574feee5f644500933b3da274737f7ab75572c4c5ae2119b,ACTIVE,POOL_OBSERVATION
000566.SZ,2026-07-06,1e642712181e8114574feee5f644500933b3da274737f7ab75572c4c5ae2119b,SIGNALLED,ENTRY_SIGNAL
000566.SZ,2026-07-07,1e642712181e8114574feee5f644500933b3da274737f7ab75572c4c5ae2119b,SIGNALLED,EXECUTION_PENDING
000566.SZ,2026-07-08,1e642712181e8114574feee5f644500933b3da274737f7ab75572c4c5ae2119b,SIGNALLED,EXECUTION_PENDING
000566.SZ,2026-07-09,1e642712181e8114574feee5f644500933b3da274737f7ab75572c4c5ae2119b,SIGNALLED,EXECUTION_PENDING
000566.SZ,2026-07-10,1e642712181e8114574feee5f644500933b3da274737f7ab75572c4c5ae2119b,EXPIRED,PENDING_SIGNAL_HORIZON_EXPIRED
000572.SZ,2025-11-05,1d01a85365609387b18d817fecc005f2685b23dac5116fcbbedde0df0733b5aa,ACTIVE,POOL_ADMISSION
000572.SZ,2025-11-06,1d01a85365609387b18d817fecc005f2685b23dac5116fcbbedde0df0733b5aa,ACTIVE,POOL_OBSERVATION
000572.SZ,2025-11-07,1d01a85365609387b18d817fecc005f2685b23dac5116fcbbedde0df0733b5aa,ACTIVE,POOL_OBSERVATION
000572.SZ,2025-11-10,1d01a85365609387b18d817fecc005f2685b23dac5116fcbbedde0df0733b5aa,ACTIVE,POOL_OBSERVATION
000572.SZ,2025-11-11,1d01a85365609387b18d817fecc005f2685b23dac5116fcbbedde0df0733b5aa,ACTIVE,POOL_OBSERVATION
000572.SZ,2025-11-12,1d01a85365609387b18d817fecc005f2685b23dac5116fcbbedde0df0733b5aa,ACTIVE,POOL_OBSERVATION
000572.SZ,2025-11-13,1d01a85365609387b18d817fecc005f2685b23dac5116fcbbedde0df0733b5aa,SIGNALLED,ENTRY_SIGNAL
000572.SZ,2025-11-14,1d01a85365609387b18d817fecc005f2685b23dac5116fcbbedde0df0733b5aa,EXPIRED,PENDING_SIGNAL_HORIZON_EXPIRED
000573.SZ,2025-01-08,620a93f0750afdf1ff0b14d75b203617627ef6cd793abdcf8fe4c410f60c5ac9,ACTIVE,POOL_ADMISSION
000573.SZ,2025-01-09,620a93f0750afdf1ff0b14d75b203617627ef6cd793abdcf8fe4c410f60c5ac9,ACTIVE,POOL_OBSERVATION
000573.SZ,2025-01-10,620a93f0750afdf1ff0b14d75b203617627ef6cd793abdcf8fe4c410f60c5ac9,SIGNALLED,ENTRY_SIGNAL
000573.SZ,2025-01-13,620a93f0750afdf1ff0b14d75b203617627ef6cd793abdcf8fe4c410f60c5ac9,SIGNALLED,EXECUTION_PENDING
000573.SZ,2025-01-14,620a93f0750afdf1ff0b14d75b203617627ef6cd793abdcf8fe4c410f60c5ac9,SIGNALLED,EXECUTION_PENDING
000573.SZ,2025-01-15,620a93f0750afdf1ff0b14d75b203617627ef6cd793abdcf8fe4c410f60c5ac9,SIGNALLED,EXECUTION_PENDING
000573.SZ,2025-01-16,620a93f0750afdf1ff0b14d75b203617627ef6cd793abdcf8fe4c410f60c5ac9,EXPIRED,PENDING_SIGNAL_HORIZON_EXPIRED
000586.SZ,2026-04-08,855f6369f435299328e80e9718fbb386c646d83acf9dbba40f684b2bee313461,ACTIVE,POOL_ADMISSION
000586.SZ,2026-04-09,855f6369f435299328e80e9718fbb386c646d83acf9dbba40f684b2bee313461,ACTIVE,POOL_OBSERVATION
000586.SZ,2026-04-10,855f6369f435299328e80e9718fbb386c646d83acf9dbba40f684b2bee313461,ACTIVE,POOL_OBSERVATION
000586.SZ,2026-04-13,855f6369f435299328e80e9718fbb386c646d83acf9dbba40f684b2bee313461,ACTIVE,POOL_OBSERVATION
000586.SZ,2026-04-14,855f6369f435299328e80e9718fbb386c646d83acf9dbba40f684b2bee313461,ACTIVE,POOL_OBSERVATION
000586.SZ,2026-04-15,855f6369f435299328e80e9718fbb386c646d83acf9dbba40f684b2bee313461,ACTIVE,POOL_OBSERVATION
000586.SZ,2026-04-16,855f6369f435299328e80e9718fbb386c646d83acf9dbba40f684b2bee313461,EXPIRED,POOL_EXPIRED
000592.SZ,2025-10-28,12be3b5456cb1f5864f0e1f3e85ec0c9cf3019ff02aa1d3f2dcc1f758b4854a0,ACTIVE,POOL_ADMISSION
000592.SZ,2025-10-29,12be3b5456cb1f5864f0e1f3e85ec0c9cf3019ff02aa1d3f2dcc1f758b4854a0,ACTIVE,POOL_OBSERVATION
000592.SZ,2025-10-30,12be3b5456cb1f5864f0e1f3e85ec0c9cf3019ff02aa1d3f2dcc1f758b4854a0,ACTIVE,POOL_OBSERVATION
000592.SZ,2025-10-31,12be3b5456cb1f5864f0e1f3e85ec0c9cf3019ff02aa1d3f2dcc1f758b4854a0,ACTIVE,POOL_OBSERVATION
000592.SZ,2025-11-03,12be3b5456cb1f5864f0e1f3e85ec0c9cf3019ff02aa1d3f2dcc1f758b4854a0,ACTIVE,POOL_OBSERVATION
000592.SZ,2025-11-04,12be3b5456cb1f5864f0e1f3e85ec0c9cf3019ff02aa1d3f2dcc1f758b4854a0,ACTIVE,POOL_OBSERVATION
000592.SZ,2025-11-05,12be3b5456cb1f5864f0e1f3e85ec0c9cf3019ff02aa1d3f2dcc1f758b4854a0,EXPIRED,POOL_EXPIRED
000592.SZ,2025-11-06,9a0dcdaaa368a67be2e9e4dc8585ad9a2aaf134f280543d24989ddeac02a9541,ACTIVE,POOL_ADMISSION
000592.SZ,2025-11-07,9a0dcdaaa368a67be2e9e4dc8585ad9a2aaf134f280543d24989ddeac02a9541,SIGNALLED,ENTRY_SIGNAL
000592.SZ,2025-11-10,9a0dcdaaa368a67be2e9e4dc8585ad9a2aaf134f280543d24989ddeac02a9541,SIGNALLED,EXECUTION_PENDING
000592.SZ,2025-11-11,9a0dcdaaa368a67be2e9e4dc8585ad9a2aaf134f280543d24989ddeac02a9541,SIGNALLED,EXECUTION_PENDING
000592.SZ,2025-11-12,9a0dcdaaa368a67be2e9e4dc8585ad9a2aaf134f280543d24989ddeac02a9541,SIGNALLED,EXECUTION_PENDING
000592.SZ,2025-11-13,9a0dcdaaa368a67be2e9e4dc8585ad9a2aaf134f280543d24989ddeac02a9541,SIGNALLED,EXECUTION_PENDING
000592.SZ,2025-11-14,9a0dcdaaa368a67be2e9e4dc8585ad9a2aaf134f280543d24989ddeac02a9541,EXPIRED,PENDING_SIGNAL_HORIZON_EXPIRED
000595.SZ,2024-09-24,df0e0b23dd43c43f2ec387235ece65f09f976577b3af123bc15abac9c716aeda,ACTIVE,POOL_ADMISSION
000595.SZ,2024-09-25,df0e0b23dd43c43f2ec387235ece65f09f976577b3af123bc15abac9c716aeda,ACTIVE,POOL_OBSERVATION
000595.SZ,2024-09-26,df0e0b23dd43c43f2ec387235ece65f09f976577b3af123bc15abac9c716aeda,ACTIVE,POOL_OBSERVATION
000595.SZ,2024-09-27,df0e0b23dd43c43f2ec387235ece65f09f976577b3af123bc15abac9c716aeda,ACTIVE,POOL_OBSERVATION
000595.SZ,2024-09-30,df0e0b23dd43c43f2ec387235ece65f09f976577b3af123bc15abac9c716aeda,SIGNALLED,ENTRY_SIGNAL
000595.SZ,2024-10-08,df0e0b23dd43c43f2ec387235ece65f09f976577b3af123bc15abac9c716aeda,SIGNALLED,EXECUTION_PENDING
000595.SZ,2024-10-09,df0e0b23dd43c43f2ec387235ece65f09f976577b3af123bc15abac9c716aeda,EXPIRED,PENDING_SIGNAL_HORIZON_EXPIRED
000597.SZ,2024-08-09,7717db396549a563a04b2a6b37db14e4b998348ce4d1d3a9f899f335f2874640,ACTIVE,POOL_ADMISSION
000597.SZ,2024-08-12,7717db396549a563a04b2a6b37db14e4b998348ce4d1d3a9f899f335f2874640,ACTIVE,POOL_OBSERVATION
000597.SZ,2024-08-13,7717db396549a563a04b2a6b37db14e4b998348ce4d1d3a9f899f335f2874640,ACTIVE,POOL_OBSERVATION
000597.SZ,2024-08-14,7717db396549a563a04b2a6b37db14e4b998348ce4d1d3a9f899f335f2874640,ACTIVE,POOL_OBSERVATION
000597.SZ,2024-08-15,7717db396549a563a04b2a6b37db14e4b998348ce4d1d3a9f899f335f2874640,ACTIVE,POOL_OBSERVATION
000597.SZ,2024-08-16,7717db396549a563a04b2a6b37db14e4b998348ce4d1d3a9f899f335f2874640,ACTIVE,POOL_OBSERVATION
000597.SZ,2024-08-19,7717db396549a563a04b2a6b37db14e4b998348ce4d1d3a9f899f335f2874640,EXPIRED,POOL_EXPIRED
000601.SZ,2026-03-25,cc1a09f9268d578fa2627f7e287df536ac3ef7a40bf8cba89372edb69450bfec,ACTIVE,POOL_ADMISSION
000601.SZ,2026-03-26,cc1a09f9268d578fa2627f7e287df536ac3ef7a40bf8cba89372edb69450bfec,ACTIVE,POOL_OBSERVATION
000601.SZ,2026-03-27,cc1a09f9268d578fa2627f7e287df536ac3ef7a40bf8cba89372edb69450bfec,ACTIVE,POOL_OBSERVATION
000601.SZ,2026-03-30,cc1a09f9268d578fa2627f7e287df536ac3ef7a40bf8cba89372edb69450bfec,ACTIVE,POOL_OBSERVATION
000601.SZ,2026-03-31,cc1a09f9268d578fa2627f7e287df536ac3ef7a40bf8cba89372edb69450bfec,ACTIVE,POOL_OBSERVATION
000601.SZ,2026-04-01,cc1a09f9268d578fa2627f7e287df536ac3ef7a40bf8cba89372edb69450bfec,ACTIVE,POOL_OBSERVATION
000601.SZ,2026-04-02,cc1a09f9268d578fa2627f7e287df536ac3ef7a40bf8cba89372edb69450bfec,EXPIRED,POOL_EXPIRED
000605.SZ,2024-11-08,532f99d81fc2e5955aa5c75d375663c28d2a6b8813ebaa2458a4c2b1a40a7b1c,ACTIVE,POOL_ADMISSION
000605.SZ,2024-11-11,532f99d81fc2e5955aa5c75d375663c28d2a6b8813ebaa2458a4c2b1a40a7b1c,ACTIVE,POOL_OBSERVATION
000605.SZ,2024-11-12,532f99d81fc2e5955aa5c75d375663c28d2a6b8813ebaa2458a4c2b1a40a7b1c,SIGNALLED,ENTRY_SIGNAL
000605.SZ,2024-11-13,532f99d81fc2e5955aa5c75d375663c28d2a6b8813ebaa2458a4c2b1a40a7b1c,SIGNALLED,EXECUTION_PENDING
000605.SZ,2024-11-14,532f99d81fc2e5955aa5c75d375663c28d2a6b8813ebaa2458a4c2b1a40a7b1c,SIGNALLED,EXECUTION_PENDING
000605.SZ,2024-11-15,532f99d81fc2e5955aa5c75d375663c28d2a6b8813ebaa2458a4c2b1a40a7b1c,SIGNALLED,EXECUTION_PENDING
000605.SZ,2024-11-18,532f99d81fc2e5955aa5c75d375663c28d2a6b8813ebaa2458a4c2b1a40a7b1c,EXPIRED,PENDING_SIGNAL_HORIZON_EXPIRED
000605.SZ,2024-11-20,ee618eb76efc784f19b9582438dbb0008f6b99796bcf96bcbdd37a2e2b7c3d3b,ACTIVE,POOL_ADMISSION
000605.SZ,2024-11-21,ee618eb76efc784f19b9582438dbb0008f6b99796bcf96bcbdd37a2e2b7c3d3b,ACTIVE,POOL_OBSERVATION
000605.SZ,2024-11-22,ee618eb76efc784f19b9582438dbb0008f6b99796bcf96bcbdd37a2e2b7c3d3b,ACTIVE,POOL_OBSERVATION
000605.SZ,2024-11-25,ee618eb76efc784f19b9582438dbb0008f6b99796bcf96bcbdd37a2e2b7c3d3b,ACTIVE,POOL_OBSERVATION
000605.SZ,2024-11-26,ee618eb76efc784f19b9582438dbb0008f6b99796bcf96bcbdd37a2e2b7c3d3b,ACTIVE,POOL_OBSERVATION
000605.SZ,2024-11-27,ee618eb76efc784f19b9582438dbb0008f6b99796bcf96bcbdd37a2e2b7c3d3b,ACTIVE,POOL_OBSERVATION
000605.SZ,2024-11-28,ee618eb76efc784f19b9582438dbb0008f6b99796bcf96bcbdd37a2e2b7c3d3b,EXPIRED,POOL_EXPIRED
000607.SZ,2025-07-11,dc054393650c81e09ba54b7ebd75f081f71d4505c414ba60a4378e061e450c7f,ACTIVE,POOL_ADMISSION
000607.SZ,2025-07-14,dc054393650c81e09ba54b7ebd75f081f71d4505c414ba60a4378e061e450c7f,ACTIVE,POOL_OBSERVATION
000607.SZ,2025-07-15,dc054393650c81e09ba54b7ebd75f081f71d4505c414ba60a4378e061e450c7f,ACTIVE,POOL_OBSERVATION
000607.SZ,2025-07-16,dc054393650c81e09ba54b7ebd75f081f71d4505c414ba60a4378e061e450c7f,ACTIVE,POOL_OBSERVATION
000607.SZ,2025-07-17,dc054393650c81e09ba54b7ebd75f081f71d4505c414ba60a4378e061e450c7f,ACTIVE,POOL_OBSERVATION
000607.SZ,2025-07-18,dc054393650c81e09ba54b7ebd75f081f71d4505c414ba60a4378e061e450c7f,ACTIVE,POOL_OBSERVATION
000607.SZ,2025-07-21,dc054393650c81e09ba54b7ebd75f081f71d4505c414ba60a4378e061e450c7f,EXPIRED,POOL_EXPIRED
000608.SZ,2024-09-27,80cca38aaf06c31a6d1d9e740e9cb31635133f8477a5e1da028ee8cbf9a5cff9,ACTIVE,POOL_ADMISSION
000608.SZ,2024-09-30,80cca38aaf06c31a6d1d9e740e9cb31635133f8477a5e1da028ee8cbf9a5cff9,ACTIVE,POOL_OBSERVATION
000608.SZ,2024-10-08,80cca38aaf06c31a6d1d9e740e9cb31635133f8477a5e1da028ee8cbf9a5cff9,ACTIVE,POOL_OBSERVATION
000608.SZ,2024-10-09,80cca38aaf06c31a6d1d9e740e9cb31635133f8477a5e1da028ee8cbf9a5cff9,ACTIVE,POOL_OBSERVATION
000608.SZ,2024-10-10,80cca38aaf06c31a6d1d9e740e9cb31635133f8477a5e1da028ee8cbf9a5cff9,ACTIVE,POOL_OBSERVATION
000608.SZ,2024-10-11,80cca38aaf06c31a6d1d9e740e9cb31635133f8477a5e1da028ee8cbf9a5cff9,ACTIVE,POOL_OBSERVATION
000608.SZ,2024-10-14,80cca38aaf06c31a6d1d9e740e9cb31635133f8477a5e1da028ee8cbf9a5cff9,EXPIRED,POOL_EXPIRED
000620.SZ,2025-10-23,5f9ac264808be4fc1a7e354859f087d4fd6a0ba427b02af604f02bb1c9b0542f,ACTIVE,POOL_ADMISSION
000620.SZ,2025-10-24,5f9ac264808be4fc1a7e354859f087d4fd6a0ba427b02af604f02bb1c9b0542f,ACTIVE,POOL_OBSERVATION
000620.SZ,2025-10-27,5f9ac264808be4fc1a7e354859f087d4fd6a0ba427b02af604f02bb1c9b0542f,ACTIVE,POOL_OBSERVATION
000620.SZ,2025-10-28,5f9ac264808be4fc1a7e354859f087d4fd6a0ba427b02af604f02bb1c9b0542f,ACTIVE,POOL_OBSERVATION
000620.SZ,2025-10-29,5f9ac264808be4fc1a7e354859f087d4fd6a0ba427b02af604f02bb1c9b0542f,ACTIVE,POOL_OBSERVATION
000620.SZ,2025-10-30,5f9ac264808be4fc1a7e354859f087d4fd6a0ba427b02af604f02bb1c9b0542f,ACTIVE,POOL_OBSERVATION
000620.SZ,2025-10-31,5f9ac264808be4fc1a7e354859f087d4fd6a0ba427b02af604f02bb1c9b0542f,EXPIRED,POOL_EXPIRED
000626.SZ,2025-10-17,67ccaea53f89047d3baada313f51c19d064802d7bfdf320794353f77373804e5,ACTIVE,POOL_ADMISSION
000626.SZ,2025-10-20,67ccaea53f89047d3baada313f51c19d064802d7bfdf320794353f77373804e5,SIGNALLED,ENTRY_SIGNAL
000626.SZ,2025-10-21,67ccaea53f89047d3baada313f51c19d064802d7bfdf320794353f77373804e5,SIGNALLED,EXECUTION_PENDING
000626.SZ,2025-10-22,67ccaea53f89047d3baada313f51c19d064802d7bfdf320794353f77373804e5,SIGNALLED,EXECUTION_PENDING
000626.SZ,2025-10-23,67ccaea53f89047d3baada313f51c19d064802d7bfdf320794353f77373804e5,SIGNALLED,EXECUTION_PENDING
000626.SZ,2025-10-24,67ccaea53f89047d3baada313f51c19d064802d7bfdf320794353f77373804e5,SIGNALLED,EXECUTION_PENDING
000626.SZ,2025-10-27,67ccaea53f89047d3baada313f51c19d064802d7bfdf320794353f77373804e5,EXPIRED,PENDING_SIGNAL_HORIZON_EXPIRED
000630.SZ,2026-01-29,3f53d086f9c262ffd8d595273ef915cabf791324dfb700a6b9c73f0edea982d8,ACTIVE,POOL_ADMISSION
000630.SZ,2026-01-30,3f53d086f9c262ffd8d595273ef915cabf791324dfb700a6b9c73f0edea982d8,ACTIVE,POOL_OBSERVATION
000630.SZ,2026-02-02,3f53d086f9c262ffd8d595273ef915cabf791324dfb700a6b9c73f0edea982d8,ACTIVE,POOL_OBSERVATION
000630.SZ,2026-02-03,3f53d086f9c262ffd8d595273ef915cabf791324dfb700a6b9c73f0edea982d8,ACTIVE,POOL_OBSERVATION
000630.SZ,2026-02-04,3f53d086f9c262ffd8d595273ef915cabf791324dfb700a6b9c73f0edea982d8,ACTIVE,POOL_OBSERVATION
000630.SZ,2026-02-05,3f53d086f9c262ffd8d595273ef915cabf791324dfb700a6b9c73f0edea982d8,ACTIVE,POOL_OBSERVATION
000630.SZ,2026-02-06,3f53d086f9c262ffd8d595273ef915cabf791324dfb700a6b9c73f0edea982d8,EXPIRED,POOL_EXPIRED
000632.SZ,2025-11-12,ce60243cab4136cc9d717ddf4fddc8446056014d038dfa23857a8bdd339d3b14,ACTIVE,POOL_ADMISSION
000632.SZ,2025-11-13,ce60243cab4136cc9d717ddf4fddc8446056014d038dfa23857a8bdd339d3b14,ACTIVE,POOL_OBSERVATION
000632.SZ,2025-11-14,ce60243cab4136cc9d717ddf4fddc8446056014d038dfa23857a8bdd339d3b14,ACTIVE,POOL_OBSERVATION
000632.SZ,2025-11-17,ce60243cab4136cc9d717ddf4fddc8446056014d038dfa23857a8bdd339d3b14,ACTIVE,POOL_OBSERVATION
000632.SZ,2025-11-18,ce60243cab4136cc9d717ddf4fddc8446056014d038dfa23857a8bdd339d3b14,ACTIVE,POOL_OBSERVATION
000632.SZ,2025-11-19,ce60243cab4136cc9d717ddf4fddc8446056014d038dfa23857a8bdd339d3b14,ACTIVE,POOL_OBSERVATION
000632.SZ,2025-11-20,ce60243cab4136cc9d717ddf4fddc8446056014d038dfa23857a8bdd339d3b14,EXPIRED,POOL_EXPIRED
000639.SZ,2024-11-07,0014784a2aecaf8301bfa2d5d4283db80e78d222bb5a11af607f5df3a20f050f,ACTIVE,POOL_ADMISSION
000639.SZ,2024-11-08,0014784a2aecaf8301bfa2d5d4283db80e78d222bb5a11af607f5df3a20f050f,ACTIVE,POOL_OBSERVATION
000639.SZ,2024-11-11,0014784a2aecaf8301bfa2d5d4283db80e78d222bb5a11af607f5df3a20f050f,ACTIVE,POOL_OBSERVATION
000639.SZ,2024-11-12,0014784a2aecaf8301bfa2d5d4283db80e78d222bb5a11af607f5df3a20f050f,ACTIVE,POOL_OBSERVATION
000639.SZ,2024-11-13,0014784a2aecaf8301bfa2d5d4283db80e78d222bb5a11af607f5df3a20f050f,ACTIVE,POOL_OBSERVATION
000639.SZ,2024-11-14,0014784a2aecaf8301bfa2d5d4283db80e78d222bb5a11af607f5df3a20f050f,ACTIVE,POOL_OBSERVATION
000639.SZ,2024-11-15,0014784a2aecaf8301bfa2d5d4283db80e78d222bb5a11af607f5df3a20f050f,EXPIRED,POOL_EXPIRED
000665.SZ,2025-03-11,7f72afd060530213f3c44020546da958d8e91a18642ed15740958d53a5d6e2fa,ACTIVE,POOL_ADMISSION
000665.SZ,2025-03-12,7f72afd060530213f3c44020546da958d8e91a18642ed15740958d53a5d6e2fa,ACTIVE,POOL_OBSERVATION
000665.SZ,2025-03-13,7f72afd060530213f3c44020546da958d8e91a18642ed15740958d53a5d6e2fa,ACTIVE,POOL_OBSERVATION
000665.SZ,2025-03-14,7f72afd060530213f3c44020546da958d8e91a18642ed15740958d53a5d6e2fa,ACTIVE,POOL_OBSERVATION
000665.SZ,2025-03-17,7f72afd060530213f3c44020546da958d8e91a18642ed15740958d53a5d6e2fa,ACTIVE,POOL_OBSERVATION
000665.SZ,2025-03-18,7f72afd060530213f3c44020546da958d8e91a18642ed15740958d53a5d6e2fa,ACTIVE,POOL_OBSERVATION
000665.SZ,2025-03-19,7f72afd060530213f3c44020546da958d8e91a18642ed15740958d53a5d6e2fa,EXPIRED,POOL_EXPIRED
000678.SZ,2025-03-13,5afa97d0bf355a751fbc8ce7ae984e7e309818c371dc03c3df55123ada8b8d10,ACTIVE,POOL_ADMISSION
000678.SZ,2025-03-14,5afa97d0bf355a751fbc8ce7ae984e7e309818c371dc03c3df55123ada8b8d10,ACTIVE,POOL_OBSERVATION
000678.SZ,2025-03-17,5afa97d0bf355a751fbc8ce7ae984e7e309818c371dc03c3df55123ada8b8d10,SIGNALLED,ENTRY_SIGNAL
000678.SZ,2025-03-18,5afa97d0bf355a751fbc8ce7ae984e7e309818c371dc03c3df55123ada8b8d10,SIGNALLED,EXECUTION_PENDING
000678.SZ,2025-03-19,5afa97d0bf355a751fbc8ce7ae984e7e309818c371dc03c3df55123ada8b8d10,SIGNALLED,EXECUTION_PENDING
000678.SZ,2025-03-20,5afa97d0bf355a751fbc8ce7ae984e7e309818c371dc03c3df55123ada8b8d10,SIGNALLED,EXECUTION_PENDING
000678.SZ,2025-03-21,5afa97d0bf355a751fbc8ce7ae984e7e309818c371dc03c3df55123ada8b8d10,EXPIRED,PENDING_SIGNAL_HORIZON_EXPIRED
000681.SZ,2024-12-12,f9863c0e24fb779cd3d328399487eb3c6f096dba49d1f164121ed3b33a3f26d0,ACTIVE,POOL_ADMISSION
000681.SZ,2024-12-13,f9863c0e24fb779cd3d328399487eb3c6f096dba49d1f164121ed3b33a3f26d0,ACTIVE,POOL_OBSERVATION
000681.SZ,2024-12-16,f9863c0e24fb779cd3d328399487eb3c6f096dba49d1f164121ed3b33a3f26d0,ACTIVE,POOL_OBSERVATION
000681.SZ,2024-12-17,f9863c0e24fb779cd3d328399487eb3c6f096dba49d1f164121ed3b33a3f26d0,ACTIVE,POOL_OBSERVATION
000681.SZ,2024-12-18,f9863c0e24fb779cd3d328399487eb3c6f096dba49d1f164121ed3b33a3f26d0,SIGNALLED,ENTRY_SIGNAL
000681.SZ,2024-12-19,f9863c0e24fb779cd3d328399487eb3c6f096dba49d1f164121ed3b33a3f26d0,SIGNALLED,EXECUTION_PENDING
000681.SZ,2024-12-20,f9863c0e24fb779cd3d328399487eb3c6f096dba49d1f164121ed3b33a3f26d0,EXPIRED,PENDING_SIGNAL_HORIZON_EXPIRED
000695.SZ,2025-05-22,3aeccb70d030d080268939a1bb979b04c56e92fa0a6690ff7cd6ebdc37fdd24d,ACTIVE,POOL_ADMISSION
000695.SZ,2025-05-23,3aeccb70d030d080268939a1bb979b04c56e92fa0a6690ff7cd6ebdc37fdd24d,ACTIVE,POOL_OBSERVATION
000695.SZ,2025-05-26,3aeccb70d030d080268939a1bb979b04c56e92fa0a6690ff7cd6ebdc37fdd24d,ACTIVE,POOL_OBSERVATION
000695.SZ,2025-05-27,3aeccb70d030d080268939a1bb979b04c56e92fa0a6690ff7cd6ebdc37fdd24d,ACTIVE,POOL_OBSERVATION
000695.SZ,2025-05-28,3aeccb70d030d080268939a1bb979b04c56e92fa0a6690ff7cd6ebdc37fdd24d,SIGNALLED,ENTRY_SIGNAL
000695.SZ,2025-05-29,3aeccb70d030d080268939a1bb979b04c56e92fa0a6690ff7cd6ebdc37fdd24d,SIGNALLED,EXECUTION_PENDING
000695.SZ,2025-05-30,3aeccb70d030d080268939a1bb979b04c56e92fa0a6690ff7cd6ebdc37fdd24d,EXPIRED,PENDING_SIGNAL_HORIZON_EXPIRED
000712.SZ,2024-11-29,97c7740ebaa06d174241a7bbb47a9f06a0766d66fa11eb2223602236a9613d42,ACTIVE,POOL_ADMISSION
000712.SZ,2024-12-02,97c7740ebaa06d174241a7bbb47a9f06a0766d66fa11eb2223602236a9613d42,ACTIVE,POOL_OBSERVATION
000712.SZ,2024-12-03,97c7740ebaa06d174241a7bbb47a9f06a0766d66fa11eb2223602236a9613d42,ACTIVE,POOL_OBSERVATION
000712.SZ,2024-12-04,97c7740ebaa06d174241a7bbb47a9f06a0766d66fa11eb2223602236a9613d42,ACTIVE,POOL_OBSERVATION
000712.SZ,2024-12-05,97c7740ebaa06d174241a7bbb47a9f06a0766d66fa11eb2223602236a9613d42,ACTIVE,POOL_OBSERVATION
000712.SZ,2024-12-06,97c7740ebaa06d174241a7bbb47a9f06a0766d66fa11eb2223602236a9613d42,ACTIVE,POOL_OBSERVATION
000712.SZ,2024-12-09,97c7740ebaa06d174241a7bbb47a9f06a0766d66fa11eb2223602236a9613d42,EXPIRED,POOL_EXPIRED
000712.SZ,2026-08-31,4da39623a4afe8278c65f8f9a9ee8d01a1b5b64e2d1001a9a7a3c9f47f0467cf,ACTIVE,POOL_ADMISSION
000712.SZ,2026-09-01,4da39623a4afe8278c65f8f9a9ee8d01a1b5b64e2d1001a9a7a3c9f47f0467cf,SIGNALLED,ENTRY_SIGNAL
000712.SZ,2026-09-02,4da39623a4afe8278c65f8f9a9ee8d01a1b5b64e2d1001a9a7a3c9f47f0467cf,SIGNALLED,EXECUTION_PENDING
000712.SZ,2026-09-03,4da39623a4afe8278c65f8f9a9ee8d01a1b5b64e2d1001a9a7a3c9f47f0467cf,SIGNALLED,EXECUTION_PENDING
000712.SZ,2026-09-04,4da39623a4afe8278c65f8f9a9ee8d01a1b5b64e2d1001a9a7a3c9f47f0467cf,SIGNALLED,EXECUTION_PENDING
000712.SZ,2026-09-07,4da39623a4afe8278c65f8f9a9ee8d01a1b5b64e2d1001a9a7a3c9f47f0467cf,SIGNALLED,EXECUTION_PENDING
000712.SZ,2026-09-08,4da39623a4afe8278c65f8f9a9ee8d01a1b5b64e2d1001a9a7a3c9f47f0467cf,EXPIRED,PENDING_SIGNAL_HORIZON_EXPIRED
000716.SZ,2024-11-06,36244c68c818a2a374868e29a42060e57e405cf5956f95f4d0dbf63d23b81fc4,ACTIVE,POOL_ADMISSION
000716.SZ,2024-11-07,36244c68c818a2a374868e29a42060e57e405cf5956f95f4d0dbf63d23b81fc4,ACTIVE,POOL_OBSERVATION
000716.SZ,2024-11-08,36244c68c818a2a374868e29a42060e57e405cf5956f95f4d0dbf63d23b81fc4,ACTIVE,POOL_OBSERVATION
000716.SZ,2024-11-11,36244c68c818a2a374868e29a42060e57e405cf5956f95f4d0dbf63d23b81fc4,ACTIVE,POOL_OBSERVATION
000716.SZ,2024-11-12,36244c68c818a2a374868e29a42060e57e405cf5956f95f4d0dbf63d23b81fc4,SIGNALLED,ENTRY_SIGNAL
000716.SZ,2024-11-13,36244c68c818a2a374868e29a42060e57e405cf5956f95f4d0dbf63d23b81fc4,SIGNALLED,EXECUTION_PENDING
000716.SZ,2024-11-14,36244c68c818a2a374868e29a42060e57e405cf5956f95f4d0dbf63d23b81fc4,EXPIRED,PENDING_SIGNAL_HORIZON_EXPIRED
000716.SZ,2024-12-03,43cbc8efbc38ace6a5e977fa1e57af55bd263123cee961e04a1432f66a86f2d7,ACTIVE,POOL_ADMISSION
000716.SZ,2024-12-04,43cbc8efbc38ace6a5e977fa1e57af55bd263123cee961e04a1432f66a86f2d7,ACTIVE,POOL_OBSERVATION
000716.SZ,2024-12-05,43cbc8efbc38ace6a5e977fa1e57af55bd263123cee961e04a1432f66a86f2d7,ACTIVE,POOL_OBSERVATION
000716.SZ,2024-12-06,43cbc8efbc38ace6a5e977fa1e57af55bd263123cee961e04a1432f66a86f2d7,ACTIVE,POOL_OBSERVATION
000716.SZ,2024-12-09,43cbc8efbc38ace6a5e977fa1e57af55bd263123cee961e04a1432f66a86f2d7,ACTIVE,POOL_OBSERVATION
000716.SZ,2024-12-10,43cbc8efbc38ace6a5e977fa1e57af55bd263123cee961e04a1432f66a86f2d7,ACTIVE,POOL_OBSERVATION
000716.SZ,2024-12-11,43cbc8efbc38ace6a5e977fa1e57af55bd263123cee961e04a1432f66a86f2d7,EXPIRED,POOL_EXPIRED
000717.SZ,2024-09-26,5443b5a9518074a8b34125e59f5e5a7c0cee12b40aa412771515be43e8a534f3,ACTIVE,POOL_ADMISSION
000717.SZ,2024-09-27,5443b5a9518074a8b34125e59f5e5a7c0cee12b40aa412771515be43e8a534f3,ACTIVE,POOL_OBSERVATION
000717.SZ,2024-09-30,5443b5a9518074a8b34125e59f5e5a7c0cee12b40aa412771515be43e8a534f3,ACTIVE,POOL_OBSERVATION
000717.SZ,2024-10-08,5443b5a9518074a8b34125e59f5e5a7c0cee12b40aa412771515be43e8a534f3,ACTIVE,POOL_OBSERVATION
000717.SZ,2024-10-09,5443b5a9518074a8b34125e59f5e5a7c0cee12b40aa412771515be43e8a534f3,ACTIVE,POOL_OBSERVATION
000717.SZ,2024-10-10,5443b5a9518074a8b34125e59f5e5a7c0cee12b40aa412771515be43e8a534f3,ACTIVE,POOL_OBSERVATION
000717.SZ,2024-10-11,5443b5a9518074a8b34125e59f5e5a7c0cee12b40aa412771515be43e8a534f3,EXPIRED,POOL_EXPIRED
000717.SZ,2024-12-11,c171bdff7e40c2f7511932b6c8bb7f7ea5d0800fa234e32b0feb63f685a56c83,SIGNALLED,ENTRY_SIGNAL
000717.SZ,2024-12-12,c171bdff7e40c2f7511932b6c8bb7f7ea5d0800fa234e32b0feb63f685a56c83,SIGNALLED,EXECUTION_PENDING
000717.SZ,2024-12-13,c171bdff7e40c2f7511932b6c8bb7f7ea5d0800fa234e32b0feb63f685a56c83,SIGNALLED,EXECUTION_PENDING
000717.SZ,2024-12-16,c171bdff7e40c2f7511932b6c8bb7f7ea5d0800fa234e32b0feb63f685a56c83,SIGNALLED,EXECUTION_PENDING
000717.SZ,2024-12-17,c171bdff7e40c2f7511932b6c8bb7f7ea5d0800fa234e32b0feb63f685a56c83,SIGNALLED,EXECUTION_PENDING
000717.SZ,2024-12-18,c171bdff7e40c2f7511932b6c8bb7f7ea5d0800fa234e32b0feb63f685a56c83,SIGNALLED,EXECUTION_PENDING
000717.SZ,2024-12-19,c171bdff7e40c2f7511932b6c8bb7f7ea5d0800fa234e32b0feb63f685a56c83,EXPIRED,PENDING_SIGNAL_HORIZON_EXPIRED
000718.SZ,2025-09-12,72ee28bf442610e40e4c6a8bc39dc6d019f8789904c04e9784ad736fbeac05fc,ACTIVE,POOL_ADMISSION
000718.SZ,2025-09-15,72ee28bf442610e40e4c6a8bc39dc6d019f8789904c04e9784ad736fbeac05fc,ACTIVE,POOL_OBSERVATION
000718.SZ,2025-09-16,72ee28bf442610e40e4c6a8bc39dc6d019f8789904c04e9784ad736fbeac05fc,ACTIVE,POOL_OBSERVATION
000718.SZ,2025-09-17,72ee28bf442610e40e4c6a8bc39dc6d019f8789904c04e9784ad736fbeac05fc,ACTIVE,POOL_OBSERVATION
000718.SZ,2025-09-18,72ee28bf442610e40e4c6a8bc39dc6d019f8789904c04e9784ad736fbeac05fc,ACTIVE,POOL_OBSERVATION
000718.SZ,2025-09-19,72ee28bf442610e40e4c6a8bc39dc6d019f8789904c04e9784ad736fbeac05fc,ACTIVE,POOL_OBSERVATION
000718.SZ,2025-09-22,72ee28bf442610e40e4c6a8bc39dc6d019f8789904c04e9784ad736fbeac05fc,EXPIRED,POOL_EXPIRED
000720.SZ,2026-03-27,d77d2335255aadc87320ec08f75acd91947286c6a4a75cae87b0812a585a5a67,ACTIVE,POOL_ADMISSION
000720.SZ,2026-03-30,d77d2335255aadc87320ec08f75acd91947286c6a4a75cae87b0812a585a5a67,ACTIVE,POOL_OBSERVATION
000720.SZ,2026-03-31,d77d2335255aadc87320ec08f75acd91947286c6a4a75cae87b0812a585a5a67,ACTIVE,POOL_OBSERVATION
000720.SZ,2026-04-01,d77d2335255aadc87320ec08f75acd91947286c6a4a75cae87b0812a585a5a67,ACTIVE,POOL_OBSERVATION
000720.SZ,2026-04-02,d77d2335255aadc87320ec08f75acd91947286c6a4a75cae87b0812a585a5a67,ACTIVE,POOL_OBSERVATION
000720.SZ,2026-04-03,d77d2335255aadc87320ec08f75acd91947286c6a4a75cae87b0812a585a5a67,ACTIVE,POOL_OBSERVATION
000720.SZ,2026-04-07,d77d2335255aadc87320ec08f75acd91947286c6a4a75cae87b0812a585a5a67,SIGNALLED,ENTRY_SIGNAL
000720.SZ,2026-04-08,d77d2335255aadc87320ec08f75acd91947286c6a4a75cae87b0812a585a5a67,EXPIRED,PENDING_SIGNAL_HORIZON_EXPIRED
000750.SZ,2024-09-27,39286b5f49a095438e5393d4484769ebb4cdefc27da980233e4dacc77020142f,ACTIVE,POOL_ADMISSION
000750.SZ,2024-09-30,39286b5f49a095438e5393d4484769ebb4cdefc27da980233e4dacc77020142f,ACTIVE,POOL_OBSERVATION
000750.SZ,2024-10-08,39286b5f49a095438e5393d4484769ebb4cdefc27da980233e4dacc77020142f,ACTIVE,POOL_OBSERVATION
000750.SZ,2024-10-09,39286b5f49a095438e5393d4484769ebb4cdefc27da980233e4dacc77020142f,ACTIVE,POOL_OBSERVATION
000750.SZ,2024-10-10,39286b5f49a095438e5393d4484769ebb4cdefc27da980233e4dacc77020142f,ACTIVE,POOL_OBSERVATION
000750.SZ,2024-10-11,39286b5f49a095438e5393d4484769ebb4cdefc27da980233e4dacc77020142f,ACTIVE,POOL_OBSERVATION
000750.SZ,2024-10-14,39286b5f49a095438e5393d4484769ebb4cdefc27da980233e4dacc77020142f,EXPIRED,POOL_EXPIRED
000753.SZ,2024-11-29,9c14cfdbbce4e47dfc4ceb4b0c1210a8c62b38fd888e61231c18d48e2156bf82,ACTIVE,POOL_ADMISSION
000753.SZ,2024-12-02,9c14cfdbbce4e47dfc4ceb4b0c1210a8c62b38fd888e61231c18d48e2156bf82,ACTIVE,POOL_OBSERVATION
000753.SZ,2024-12-03,9c14cfdbbce4e47dfc4ceb4b0c1210a8c62b38fd888e61231c18d48e2156bf82,ACTIVE,POOL_OBSERVATION
000753.SZ,2024-12-04,9c14cfdbbce4e47dfc4ceb4b0c1210a8c62b38fd888e61231c18d48e2156bf82,ACTIVE,POOL_OBSERVATION
000753.SZ,2024-12-05,9c14cfdbbce4e47dfc4ceb4b0c1210a8c62b38fd888e61231c18d48e2156bf82,ACTIVE,POOL_OBSERVATION
000753.SZ,2024-12-06,9c14cfdbbce4e47dfc4ceb4b0c1210a8c62b38fd888e61231c18d48e2156bf82,ACTIVE,POOL_OBSERVATION
000753.SZ,2024-12-09,9c14cfdbbce4e47dfc4ceb4b0c1210a8c62b38fd888e61231c18d48e2156bf82,EXPIRED,POOL_EXPIRED
000759.SZ,2024-12-12,ab26e31722992c161d49d0434679bc5e895b7c8a8f6de439e2acaded6aaf1aa7,ACTIVE,POOL_ADMISSION
000759.SZ,2024-12-13,ab26e31722992c161d49d0434679bc5e895b7c8a8f6de439e2acaded6aaf1aa7,ACTIVE,POOL_OBSERVATION
000759.SZ,2024-12-16,ab26e31722992c161d49d0434679bc5e895b7c8a8f6de439e2acaded6aaf1aa7,ACTIVE,POOL_OBSERVATION
000759.SZ,2024-12-17,ab26e31722992c161d49d0434679bc5e895b7c8a8f6de439e2acaded6aaf1aa7,ACTIVE,POOL_OBSERVATION
000759.SZ,2024-12-18,ab26e31722992c161d49d0434679bc5e895b7c8a8f6de439e2acaded6aaf1aa7,SIGNALLED,ENTRY_SIGNAL
000759.SZ,2024-12-19,ab26e31722992c161d49d0434679bc5e895b7c8a8f6de439e2acaded6aaf1aa7,SIGNALLED,EXECUTION_PENDING
000759.SZ,2024-12-20,ab26e31722992c161d49d0434679bc5e895b7c8a8f6de439e2acaded6aaf1aa7,EXPIRED,PENDING_SIGNAL_HORIZON_EXPIRED
000759.SZ,2024-12-30,02aeda52a319c5d49e0c11630ceb96295c9c8b5525e34ac5a3172b7add93ec4e,ACTIVE,POOL_ADMISSION
000759.SZ,2024-12-31,02aeda52a319c5d49e0c11630ceb96295c9c8b5525e34ac5a3172b7add93ec4e,ACTIVE,POOL_OBSERVATION
000759.SZ,2025-01-02,02aeda52a319c5d49e0c11630ceb96295c9c8b5525e34ac5a3172b7add93ec4e,ACTIVE,POOL_OBSERVATION
000759.SZ,2025-01-03,02aeda52a319c5d49e0c11630ceb96295c9c8b5525e34ac5a3172b7add93ec4e,ACTIVE,POOL_OBSERVATION
000759.SZ,2025-01-06,02aeda52a319c5d49e0c11630ceb96295c9c8b5525e34ac5a3172b7add93ec4e,ACTIVE,POOL_OBSERVATION
000759.SZ,2025-01-07,02aeda52a319c5d49e0c11630ceb96295c9c8b5525e34ac5a3172b7add93ec4e,ACTIVE,POOL_OBSERVATION
000759.SZ,2025-01-08,02aeda52a319c5d49e0c11630ceb96295c9c8b5525e34ac5a3172b7add93ec4e,EXPIRED,POOL_EXPIRED
000783.SZ,2024-10-08,16e5a3cdd6a2f71456ccf64ea3c9f8199750ce1826d60ec28ab14dbca4d5340b,ACTIVE,POOL_ADMISSION
000783.SZ,2024-10-09,16e5a3cdd6a2f71456ccf64ea3c9f8199750ce1826d60ec28ab14dbca4d5340b,ACTIVE,POOL_OBSERVATION
000783.SZ,2024-10-10,16e5a3cdd6a2f71456ccf64ea3c9f8199750ce1826d60ec28ab14dbca4d5340b,ACTIVE,POOL_OBSERVATION
000783.SZ,2024-10-11,16e5a3cdd6a2f71456ccf64ea3c9f8199750ce1826d60ec28ab14dbca4d5340b,ACTIVE,POOL_OBSERVATION
000783.SZ,2024-10-14,16e5a3cdd6a2f71456ccf64ea3c9f8199750ce1826d60ec28ab14dbca4d5340b,ACTIVE,POOL_OBSERVATION
000783.SZ,2024-10-15,16e5a3cdd6a2f71456ccf64ea3c9f8199750ce1826d60ec28ab14dbca4d5340b,ACTIVE,POOL_OBSERVATION
000783.SZ,2024-10-16,16e5a3cdd6a2f71456ccf64ea3c9f8199750ce1826d60ec28ab14dbca4d5340b,EXPIRED,POOL_EXPIRED
000785.SZ,2024-12-12,9fd1611e08a112e3def3c3dfb73986c3367c301fe33aea4d796f8e2c32cbce61,ACTIVE,POOL_ADMISSION
000785.SZ,2024-12-13,9fd1611e08a112e3def3c3dfb73986c3367c301fe33aea4d796f8e2c32cbce61,ACTIVE,POOL_OBSERVATION
000785.SZ,2024-12-16,9fd1611e08a112e3def3c3dfb73986c3367c301fe33aea4d796f8e2c32cbce61,ACTIVE,POOL_OBSERVATION
000785.SZ,2024-12-17,9fd1611e08a112e3def3c3dfb73986c3367c301fe33aea4d796f8e2c32cbce61,ACTIVE,POOL_OBSERVATION
000785.SZ,2024-12-18,9fd1611e08a112e3def3c3dfb73986c3367c301fe33aea4d796f8e2c32cbce61,ACTIVE,POOL_OBSERVATION
000785.SZ,2024-12-19,9fd1611e08a112e3def3c3dfb73986c3367c301fe33aea4d796f8e2c32cbce61,ACTIVE,POOL_OBSERVATION
000785.SZ,2024-12-20,9fd1611e08a112e3def3c3dfb73986c3367c301fe33aea4d796f8e2c32cbce61,EXPIRED,POOL_EXPIRED
000785.SZ,2025-02-13,8be8c8d27dcc54089a693c221917eee57150283b52500e0cbfb4c2f4810a7b32,ACTIVE,POOL_ADMISSION
000785.SZ,2025-02-14,8be8c8d27dcc54089a693c221917eee57150283b52500e0cbfb4c2f4810a7b32,ACTIVE,POOL_OBSERVATION
000785.SZ,2025-02-17,8be8c8d27dcc54089a693c221917eee57150283b52500e0cbfb4c2f4810a7b32,ACTIVE,POOL_OBSERVATION
000785.SZ,2025-02-18,8be8c8d27dcc54089a693c221917eee57150283b52500e0cbfb4c2f4810a7b32,ACTIVE,POOL_OBSERVATION
000785.SZ,2025-02-19,8be8c8d27dcc54089a693c221917eee57150283b52500e0cbfb4c2f4810a7b32,ACTIVE,POOL_OBSERVATION
000785.SZ,2025-02-20,8be8c8d27dcc54089a693c221917eee57150283b52500e0cbfb4c2f4810a7b32,ACTIVE,POOL_OBSERVATION
000785.SZ,2025-02-21,8be8c8d27dcc54089a693c221917eee57150283b52500e0cbfb4c2f4810a7b32,EXPIRED,POOL_EXPIRED
000793.SZ,2024-10-28,13f7ba09581cd7929f7497fa4429e1618ff1e1d77bc47b0c3671dd07e393cef2,SIGNALLED,ENTRY_SIGNAL
000793.SZ,2024-10-29,13f7ba09581cd7929f7497fa4429e1618ff1e1d77bc47b0c3671dd07e393cef2,SIGNALLED,EXECUTION_PENDING
000793.SZ,2024-10-30,13f7ba09581cd7929f7497fa4429e1618ff1e1d77bc47b0c3671dd07e393cef2,SIGNALLED,EXECUTION_PENDING
000793.SZ,2024-10-31,13f7ba09581cd7929f7497fa4429e1618ff1e1d77bc47b0c3671dd07e393cef2,SIGNALLED,EXECUTION_PENDING
000793.SZ,2024-11-01,13f7ba09581cd7929f7497fa4429e1618ff1e1d77bc47b0c3671dd07e393cef2,SIGNALLED,EXECUTION_PENDING
000793.SZ,2024-11-04,13f7ba09581cd7929f7497fa4429e1618ff1e1d77bc47b0c3671dd07e393cef2,SIGNALLED,EXECUTION_PENDING
000793.SZ,2024-11-05,13f7ba09581cd7929f7497fa4429e1618ff1e1d77bc47b0c3671dd07e393cef2,EXPIRED,PENDING_SIGNAL_HORIZON_EXPIRED
000795.SZ,2024-11-05,ea4bb8028a69a16bd012c108e011f4095d46cd3f3d90205c2a0c2387caed51aa,ACTIVE,POOL_ADMISSION
000795.SZ,2024-11-06,ea4bb8028a69a16bd012c108e011f4095d46cd3f3d90205c2a0c2387caed51aa,ACTIVE,POOL_OBSERVATION
000795.SZ,2024-11-07,ea4bb8028a69a16bd012c108e011f4095d46cd3f3d90205c2a0c2387caed51aa,ACTIVE,POOL_OBSERVATION
000795.SZ,2024-11-08,ea4bb8028a69a16bd012c108e011f4095d46cd3f3d90205c2a0c2387caed51aa,ACTIVE,POOL_OBSERVATION
000795.SZ,2024-11-11,ea4bb8028a69a16bd012c108e011f4095d46cd3f3d90205c2a0c2387caed51aa,ACTIVE,POOL_OBSERVATION
000795.SZ,2024-11-12,ea4bb8028a69a16bd012c108e011f4095d46cd3f3d90205c2a0c2387caed51aa,ACTIVE,POOL_OBSERVATION
000795.SZ,2024-11-13,ea4bb8028a69a16bd012c108e011f4095d46cd3f3d90205c2a0c2387caed51aa,EXPIRED,POOL_EXPIRED
000798.SZ,2025-11-19,d3ffbfa216d25490007b6710d0450a7212a9f9bf1df4b93a95413c61b3045b56,ACTIVE,POOL_ADMISSION
000798.SZ,2025-11-20,d3ffbfa216d25490007b6710d0450a7212a9f9bf1df4b93a95413c61b3045b56,ACTIVE,POOL_OBSERVATION
000798.SZ,2025-11-21,d3ffbfa216d25490007b6710d0450a7212a9f9bf1df4b93a95413c61b3045b56,ACTIVE,POOL_OBSERVATION
000798.SZ,2025-11-24,d3ffbfa216d25490007b6710d0450a7212a9f9bf1df4b93a95413c61b3045b56,ACTIVE,POOL_OBSERVATION
000798.SZ,2025-11-25,d3ffbfa216d25490007b6710d0450a7212a9f9bf1df4b93a95413c61b3045b56,ACTIVE,POOL_OBSERVATION
000798.SZ,2025-11-26,d3ffbfa216d25490007b6710d0450a7212a9f9bf1df4b93a95413c61b3045b56,ACTIVE,POOL_OBSERVATION
000798.SZ,2025-11-27,d3ffbfa216d25490007b6710d0450a7212a9f9bf1df4b93a95413c61b3045b56,EXPIRED,POOL_EXPIRED
000799.SZ,2024-10-08,aef7722b7e070244d6bff97c471155b628070934caee21e8559138ade803d477,ACTIVE,POOL_ADMISSION
000799.SZ,2024-10-09,aef7722b7e070244d6bff97c471155b628070934caee21e8559138ade803d477,ACTIVE,POOL_OBSERVATION
000799.SZ,2024-10-10,aef7722b7e070244d6bff97c471155b628070934caee21e8559138ade803d477,SIGNALLED,ENTRY_SIGNAL
000799.SZ,2024-10-11,aef7722b7e070244d6bff97c471155b628070934caee21e8559138ade803d477,SIGNALLED,EXECUTION_PENDING
000799.SZ,2024-10-14,aef7722b7e070244d6bff97c471155b628070934caee21e8559138ade803d477,SIGNALLED,EXECUTION_PENDING
000799.SZ,2024-10-15,aef7722b7e070244d6bff97c471155b628070934caee21e8559138ade803d477,SIGNALLED,EXECUTION_PENDING
000799.SZ,2024-10-16,aef7722b7e070244d6bff97c471155b628070934caee21e8559138ade803d477,EXPIRED,PENDING_SIGNAL_HORIZON_EXPIRED
000801.SZ,2024-11-21,aee4ea64688e3f711b7ea6ce7b58bdc27a6670e3d0581c1d6940a8afc2e56da6,ACTIVE,POOL_ADMISSION
000801.SZ,2024-11-22,aee4ea64688e3f711b7ea6ce7b58bdc27a6670e3d0581c1d6940a8afc2e56da6,ACTIVE,POOL_OBSERVATION
000801.SZ,2024-11-25,aee4ea64688e3f711b7ea6ce7b58bdc27a6670e3d0581c1d6940a8afc2e56da6,SIGNALLED,ENTRY_SIGNAL
000801.SZ,2024-11-26,aee4ea64688e3f711b7ea6ce7b58bdc27a6670e3d0581c1d6940a8afc2e56da6,SIGNALLED,EXECUTION_PENDING
000801.SZ,2024-11-27,aee4ea64688e3f711b7ea6ce7b58bdc27a6670e3d0581c1d6940a8afc2e56da6,SIGNALLED,EXECUTION_PENDING
000801.SZ,2024-11-28,aee4ea64688e3f711b7ea6ce7b58bdc27a6670e3d0581c1d6940a8afc2e56da6,SIGNALLED,EXECUTION_PENDING
000801.SZ,2024-11-29,aee4ea64688e3f711b7ea6ce7b58bdc27a6670e3d0581c1d6940a8afc2e56da6,EXPIRED,PENDING_SIGNAL_HORIZON_EXPIRED
000802.SZ,2026-08-13,396dd849c73d478774b0bb1cae4c4b718f6cced15a7096225283f6cf50c60031,ACTIVE,POOL_ADMISSION
000802.SZ,2026-08-14,396dd849c73d478774b0bb1cae4c4b718f6cced15a7096225283f6cf50c60031,ACTIVE,POOL_OBSERVATION
000802.SZ,2026-08-17,396dd849c73d478774b0bb1cae4c4b718f6cced15a7096225283f6cf50c60031,ACTIVE,POOL_OBSERVATION
000802.SZ,2026-08-18,396dd849c73d478774b0bb1cae4c4b718f6cced15a7096225283f6cf50c60031,ACTIVE,POOL_OBSERVATION
000802.SZ,2026-08-19,396dd849c73d478774b0bb1cae4c4b718f6cced15a7096225283f6cf50c60031,ACTIVE,POOL_OBSERVATION
000802.SZ,2026-08-20,396dd849c73d478774b0bb1cae4c4b718f6cced15a7096225283f6cf50c60031,ACTIVE,POOL_OBSERVATION
000802.SZ,2026-08-21,396dd849c73d478774b0bb1cae4c4b718f6cced15a7096225283f6cf50c60031,EXPIRED,POOL_EXPIRED
000811.SZ,2026-06-22,cf0939991b0102d2fad65e635d92d67905f6d5b5eed1e0e640b4db6244f56030,ACTIVE,POOL_ADMISSION
000811.SZ,2026-06-23,cf0939991b0102d2fad65e635d92d67905f6d5b5eed1e0e640b4db6244f56030,ACTIVE,POOL_OBSERVATION
000811.SZ,2026-06-24,cf0939991b0102d2fad65e635d92d67905f6d5b5eed1e0e640b4db6244f56030,ACTIVE,POOL_OBSERVATION
000811.SZ,2026-06-25,cf0939991b0102d2fad65e635d92d67905f6d5b5eed1e0e640b4db6244f56030,INVALIDATED,HARD_INVALIDATION
000813.SZ,2024-12-12,e312dbc201bbc32023b97e14a38c7f460121b89f97eadf13802544bda1defb9e,SIGNALLED,ENTRY_SIGNAL
000813.SZ,2024-12-13,e312dbc201bbc32023b97e14a38c7f460121b89f97eadf13802544bda1defb9e,SIGNALLED,EXECUTION_PENDING
000813.SZ,2024-12-16,e312dbc201bbc32023b97e14a38c7f460121b89f97eadf13802544bda1defb9e,SIGNALLED,EXECUTION_PENDING
000813.SZ,2024-12-17,e312dbc201bbc32023b97e14a38c7f460121b89f97eadf13802544bda1defb9e,SIGNALLED,EXECUTION_PENDING
000813.SZ,2024-12-18,e312dbc201bbc32023b97e14a38c7f460121b89f97eadf13802544bda1defb9e,SIGNALLED,EXECUTION_PENDING
000813.SZ,2024-12-19,e312dbc201bbc32023b97e14a38c7f460121b89f97eadf13802544bda1defb9e,SIGNALLED,EXECUTION_PENDING
000813.SZ,2024-12-20,e312dbc201bbc32023b97e14a38c7f460121b89f97eadf13802544bda1defb9e,EXPIRED,PENDING_SIGNAL_HORIZON_EXPIRED
000818.SZ,2025-02-07,654ffb434c7f0726bf9355e416694bd8d3cc6c998a840d8ca27c1ea7f4e30121,ACTIVE,POOL_ADMISSION
000818.SZ,2025-02-10,654ffb434c7f0726bf9355e416694bd8d3cc6c998a840d8ca27c1ea7f4e30121,ACTIVE,POOL_OBSERVATION
000818.SZ,2025-02-11,654ffb434c7f0726bf9355e416694bd8d3cc6c998a840d8ca27c1ea7f4e30121,ACTIVE,POOL_OBSERVATION
000818.SZ,2025-02-12,654ffb434c7f0726bf9355e416694bd8d3cc6c998a840d8ca27c1ea7f4e30121,ACTIVE,POOL_OBSERVATION
000818.SZ,2025-02-13,654ffb434c7f0726bf9355e416694bd8d3cc6c998a840d8ca27c1ea7f4e30121,ACTIVE,POOL_OBSERVATION
000818.SZ,2025-02-14,654ffb434c7f0726bf9355e416694bd8d3cc6c998a840d8ca27c1ea7f4e30121,ACTIVE,POOL_OBSERVATION
000818.SZ,2025-02-17,654ffb434c7f0726bf9355e416694bd8d3cc6c998a840d8ca27c1ea7f4e30121,EXPIRED,POOL_EXPIRED
000820.SZ,2026-08-04,fb6b54ce37e9fca18f6254f2c5a16f0af93de64d45d4dfe473df25594b16875c,ACTIVE,POOL_ADMISSION
000820.SZ,2026-08-05,fb6b54ce37e9fca18f6254f2c5a16f0af93de64d45d4dfe473df25594b16875c,ACTIVE,POOL_OBSERVATION
000820.SZ,2026-08-06,fb6b54ce37e9fca18f6254f2c5a16f0af93de64d45d4dfe473df25594b16875c,ACTIVE,POOL_OBSERVATION
000820.SZ,2026-08-07,fb6b54ce37e9fca18f6254f2c5a16f0af93de64d45d4dfe473df25594b16875c,ACTIVE,POOL_OBSERVATION
000820.SZ,2026-08-10,fb6b54ce37e9fca18f6254f2c5a16f0af93de64d45d4dfe473df25594b16875c,ACTIVE,POOL_OBSERVATION
000820.SZ,2026-08-11,fb6b54ce37e9fca18f6254f2c5a16f0af93de64d45d4dfe473df25594b16875c,ACTIVE,POOL_OBSERVATION
000820.SZ,2026-08-12,fb6b54ce37e9fca18f6254f2c5a16f0af93de64d45d4dfe473df25594b16875c,EXPIRED,POOL_EXPIRED
000823.SZ,2026-06-26,2a6b25639289dc33acdcbeafb0533302aecc038c49f7589d7ce6a313cbd6ab55,ACTIVE,POOL_ADMISSION
000823.SZ,2026-06-29,2a6b25639289dc33acdcbeafb0533302aecc038c49f7589d7ce6a313cbd6ab55,ACTIVE,POOL_OBSERVATION
000823.SZ,2026-06-30,2a6b25639289dc33acdcbeafb0533302aecc038c49f7589d7ce6a313cbd6ab55,ACTIVE,POOL_OBSERVATION
000823.SZ,2026-07-01,2a6b25639289dc33acdcbeafb0533302aecc038c49f7589d7ce6a313cbd6ab55,ACTIVE,POOL_OBSERVATION
000823.SZ,2026-07-02,2a6b25639289dc33acdcbeafb0533302aecc038c49f7589d7ce6a313cbd6ab55,ACTIVE,POOL_OBSERVATION
000823.SZ,2026-07-03,2a6b25639289dc33acdcbeafb0533302aecc038c49f7589d7ce6a313cbd6ab55,ACTIVE,POOL_OBSERVATION
000823.SZ,2026-07-06,2a6b25639289dc33acdcbeafb0533302aecc038c49f7589d7ce6a313cbd6ab55,EXPIRED,POOL_EXPIRED
000833.SZ,2024-11-13,de2e501384df8be7334493740f72cd8e9934f851391cf8dbbdeae56b056d7beb,ACTIVE,POOL_ADMISSION
000833.SZ,2024-11-14,de2e501384df8be7334493740f72cd8e9934f851391cf8dbbdeae56b056d7beb,ACTIVE,POOL_OBSERVATION
000833.SZ,2024-11-15,de2e501384df8be7334493740f72cd8e9934f851391cf8dbbdeae56b056d7beb,ACTIVE,POOL_OBSERVATION
000833.SZ,2024-11-18,de2e501384df8be7334493740f72cd8e9934f851391cf8dbbdeae56b056d7beb,ACTIVE,POOL_OBSERVATION
000833.SZ,2024-11-19,de2e501384df8be7334493740f72cd8e9934f851391cf8dbbdeae56b056d7beb,ACTIVE,POOL_OBSERVATION
000833.SZ,2024-11-20,de2e501384df8be7334493740f72cd8e9934f851391cf8dbbdeae56b056d7beb,ACTIVE,POOL_OBSERVATION
000833.SZ,2024-11-21,de2e501384df8be7334493740f72cd8e9934f851391cf8dbbdeae56b056d7beb,EXPIRED,POOL_EXPIRED
000833.SZ,2024-11-22,77e79b56cc192292627561aeb355ef878635570e21cfa2b3241e2dd9185510d7,ACTIVE,POOL_ADMISSION
000833.SZ,2024-11-25,77e79b56cc192292627561aeb355ef878635570e21cfa2b3241e2dd9185510d7,ACTIVE,POOL_OBSERVATION
000833.SZ,2024-11-26,77e79b56cc192292627561aeb355ef878635570e21cfa2b3241e2dd9185510d7,ACTIVE,POOL_OBSERVATION
000833.SZ,2024-11-27,77e79b56cc192292627561aeb355ef878635570e21cfa2b3241e2dd9185510d7,ACTIVE,POOL_OBSERVATION
000833.SZ,2024-11-28,77e79b56cc192292627561aeb355ef878635570e21cfa2b3241e2dd9185510d7,ACTIVE,POOL_OBSERVATION
000833.SZ,2024-11-29,77e79b56cc192292627561aeb355ef878635570e21cfa2b3241e2dd9185510d7,SIGNALLED,ENTRY_SIGNAL
000833.SZ,2024-12-02,77e79b56cc192292627561aeb355ef878635570e21cfa2b3241e2dd9185510d7,EXPIRED,PENDING_SIGNAL_HORIZON_EXPIRED
000852.SZ,2025-10-23,ee9fe4bdcee0f10d788d50925c391cbb7f279b4d8b96967359e43b597bf41268,ACTIVE,POOL_ADMISSION
000852.SZ,2025-10-24,ee9fe4bdcee0f10d788d50925c391cbb7f279b4d8b96967359e43b597bf41268,ACTIVE,POOL_OBSERVATION
000852.SZ,2025-10-27,ee9fe4bdcee0f10d788d50925c391cbb7f279b4d8b96967359e43b597bf41268,ACTIVE,POOL_OBSERVATION
000852.SZ,2025-10-28,ee9fe4bdcee0f10d788d50925c391cbb7f279b4d8b96967359e43b597bf41268,ACTIVE,POOL_OBSERVATION
000852.SZ,2025-10-29,ee9fe4bdcee0f10d788d50925c391cbb7f279b4d8b96967359e43b597bf41268,ACTIVE,POOL_OBSERVATION
000852.SZ,2025-10-30,ee9fe4bdcee0f10d788d50925c391cbb7f279b4d8b96967359e43b597bf41268,ACTIVE,POOL_OBSERVATION
000852.SZ,2025-10-31,ee9fe4bdcee0f10d788d50925c391cbb7f279b4d8b96967359e43b597bf41268,EXPIRED,POOL_EXPIRED
000856.SZ,2025-01-23,43e4126e9ac07f3be5760f810d9dbd49610a8b07c1f14627d448fe8c9e8acce1,ACTIVE,POOL_ADMISSION
000856.SZ,2025-01-24,43e4126e9ac07f3be5760f810d9dbd49610a8b07c1f14627d448fe8c9e8acce1,ACTIVE,POOL_OBSERVATION
000856.SZ,2025-01-27,43e4126e9ac07f3be5760f810d9dbd49610a8b07c1f14627d448fe8c9e8acce1,SIGNALLED,ENTRY_SIGNAL
000856.SZ,2025-02-05,43e4126e9ac07f3be5760f810d9dbd49610a8b07c1f14627d448fe8c9e8acce1,SIGNALLED,EXECUTION_PENDING
000856.SZ,2025-02-06,43e4126e9ac07f3be5760f810d9dbd49610a8b07c1f14627d448fe8c9e8acce1,SIGNALLED,EXECUTION_PENDING
000856.SZ,2025-02-07,43e4126e9ac07f3be5760f810d9dbd49610a8b07c1f14627d448fe8c9e8acce1,SIGNALLED,EXECUTION_PENDING
000856.SZ,2025-02-10,43e4126e9ac07f3be5760f810d9dbd49610a8b07c1f14627d448fe8c9e8acce1,EXPIRED,PENDING_SIGNAL_HORIZON_EXPIRED
000856.SZ,2025-02-20,5aa7c44678a5ae49db92a8a26f8139c52b0f9d7612189a177453241ef8e986c1,ACTIVE,POOL_ADMISSION
000856.SZ,2025-02-21,5aa7c44678a5ae49db92a8a26f8139c52b0f9d7612189a177453241ef8e986c1,ACTIVE,POOL_OBSERVATION
000856.SZ,2025-02-24,5aa7c44678a5ae49db92a8a26f8139c52b0f9d7612189a177453241ef8e986c1,ACTIVE,POOL_OBSERVATION
000856.SZ,2025-02-25,5aa7c44678a5ae49db92a8a26f8139c52b0f9d7612189a177453241ef8e986c1,ACTIVE,POOL_OBSERVATION
000856.SZ,2025-02-26,5aa7c44678a5ae49db92a8a26f8139c52b0f9d7612189a177453241ef8e986c1,ACTIVE,POOL_OBSERVATION
000856.SZ,2025-02-27,5aa7c44678a5ae49db92a8a26f8139c52b0f9d7612189a177453241ef8e986c1,ACTIVE,POOL_OBSERVATION
000856.SZ,2025-02-28,5aa7c44678a5ae49db92a8a26f8139c52b0f9d7612189a177453241ef8e986c1,EXPIRED,POOL_EXPIRED
000859.SZ,2024-10-21,d0ed8f5e29ce4d66c8c724923efa2d98e57f1e62cc1dfbaba9649006866f09d3,ACTIVE,POOL_ADMISSION
000859.SZ,2024-10-22,d0ed8f5e29ce4d66c8c724923efa2d98e57f1e62cc1dfbaba9649006866f09d3,ACTIVE,POOL_OBSERVATION
000859.SZ,2024-10-23,d0ed8f5e29ce4d66c8c724923efa2d98e57f1e62cc1dfbaba9649006866f09d3,SIGNALLED,ENTRY_SIGNAL
000859.SZ,2024-10-24,d0ed8f5e29ce4d66c8c724923efa2d98e57f1e62cc1dfbaba9649006866f09d3,SIGNALLED,EXECUTION_PENDING
000859.SZ,2024-10-25,d0ed8f5e29ce4d66c8c724923efa2d98e57f1e62cc1dfbaba9649006866f09d3,SIGNALLED,EXECUTION_PENDING
000859.SZ,2024-10-28,d0ed8f5e29ce4d66c8c724923efa2d98e57f1e62cc1dfbaba9649006866f09d3,SIGNALLED,EXECUTION_PENDING
000859.SZ,2024-10-29,d0ed8f5e29ce4d66c8c724923efa2d98e57f1e62cc1dfbaba9649006866f09d3,EXPIRED,PENDING_SIGNAL_HORIZON_EXPIRED
000859.SZ,2025-11-24,b4fbcea368c7ffc9f4f0e45ccd047bcb3fe4dfe0a990771b4dc2e4e707e86130,ACTIVE,POOL_ADMISSION
000859.SZ,2025-11-25,b4fbcea368c7ffc9f4f0e45ccd047bcb3fe4dfe0a990771b4dc2e4e707e86130,ACTIVE,POOL_OBSERVATION
000859.SZ,2025-11-26,b4fbcea368c7ffc9f4f0e45ccd047bcb3fe4dfe0a990771b4dc2e4e707e86130,ACTIVE,POOL_OBSERVATION
000859.SZ,2025-11-27,b4fbcea368c7ffc9f4f0e45ccd047bcb3fe4dfe0a990771b4dc2e4e707e86130,ACTIVE,POOL_OBSERVATION
000859.SZ,2025-11-28,b4fbcea368c7ffc9f4f0e45ccd047bcb3fe4dfe0a990771b4dc2e4e707e86130,ACTIVE,POOL_OBSERVATION
000859.SZ,2025-12-01,b4fbcea368c7ffc9f4f0e45ccd047bcb3fe4dfe0a990771b4dc2e4e707e86130,ACTIVE,POOL_OBSERVATION
000859.SZ,2025-12-02,b4fbcea368c7ffc9f4f0e45ccd047bcb3fe4dfe0a990771b4dc2e4e707e86130,EXPIRED,POOL_EXPIRED
000880.SZ,2024-07-31,8e848ec27a8f2479a125065404dc50f30c3ffe8451f3c62e0257b9e1429ac619,ACTIVE,POOL_ADMISSION
000880.SZ,2024-08-01,8e848ec27a8f2479a125065404dc50f30c3ffe8451f3c62e0257b9e1429ac619,ACTIVE,POOL_OBSERVATION
000880.SZ,2024-08-02,8e848ec27a8f2479a125065404dc50f30c3ffe8451f3c62e0257b9e1429ac619,ACTIVE,POOL_OBSERVATION
000880.SZ,2024-08-05,8e848ec27a8f2479a125065404dc50f30c3ffe8451f3c62e0257b9e1429ac619,SIGNALLED,ENTRY_SIGNAL
000880.SZ,2024-08-06,8e848ec27a8f2479a125065404dc50f30c3ffe8451f3c62e0257b9e1429ac619,SIGNALLED,EXECUTION_PENDING
000880.SZ,2024-08-07,8e848ec27a8f2479a125065404dc50f30c3ffe8451f3c62e0257b9e1429ac619,SIGNALLED,EXECUTION_PENDING
000880.SZ,2024-08-08,8e848ec27a8f2479a125065404dc50f30c3ffe8451f3c62e0257b9e1429ac619,EXPIRED,PENDING_SIGNAL_HORIZON_EXPIRED
000880.SZ,2024-12-26,2cfd264cd4fb335c9a8f3edf103cdf5a32ac9fd65560c2aeceb34270f72e36d3,ACTIVE,POOL_ADMISSION
000880.SZ,2024-12-27,2cfd264cd4fb335c9a8f3edf103cdf5a32ac9fd65560c2aeceb34270f72e36d3,ACTIVE,POOL_OBSERVATION
000880.SZ,2024-12-30,2cfd264cd4fb335c9a8f3edf103cdf5a32ac9fd65560c2aeceb34270f72e36d3,ACTIVE,POOL_OBSERVATION
000880.SZ,2024-12-31,2cfd264cd4fb335c9a8f3edf103cdf5a32ac9fd65560c2aeceb34270f72e36d3,ACTIVE,POOL_OBSERVATION
000880.SZ,2025-01-02,2cfd264cd4fb335c9a8f3edf103cdf5a32ac9fd65560c2aeceb34270f72e36d3,ACTIVE,POOL_OBSERVATION
000880.SZ,2025-01-03,2cfd264cd4fb335c9a8f3edf103cdf5a32ac9fd65560c2aeceb34270f72e36d3,ACTIVE,POOL_OBSERVATION
000880.SZ,2025-01-06,2cfd264cd4fb335c9a8f3edf103cdf5a32ac9fd65560c2aeceb34270f72e36d3,EXPIRED,POOL_EXPIRED
000882.SZ,2025-01-23,61051e69ed2a0874ec34c55911ebb63b2dc7359e6d24cd68ff98f363a33c79b0,SIGNALLED,ENTRY_SIGNAL
000882.SZ,2025-01-24,61051e69ed2a0874ec34c55911ebb63b2dc7359e6d24cd68ff98f363a33c79b0,SIGNALLED,EXECUTION_PENDING
000882.SZ,2025-01-27,61051e69ed2a0874ec34c55911ebb63b2dc7359e6d24cd68ff98f363a33c79b0,SIGNALLED,EXECUTION_PENDING
000882.SZ,2025-02-05,61051e69ed2a0874ec34c55911ebb63b2dc7359e6d24cd68ff98f363a33c79b0,SIGNALLED,EXECUTION_PENDING
000882.SZ,2025-02-06,61051e69ed2a0874ec34c55911ebb63b2dc7359e6d24cd68ff98f363a33c79b0,SIGNALLED,EXECUTION_PENDING
000882.SZ,2025-02-07,61051e69ed2a0874ec34c55911ebb63b2dc7359e6d24cd68ff98f363a33c79b0,SIGNALLED,EXECUTION_PENDING
000882.SZ,2025-02-10,61051e69ed2a0874ec34c55911ebb63b2dc7359e6d24cd68ff98f363a33c79b0,EXPIRED,PENDING_SIGNAL_HORIZON_EXPIRED
000889.SZ,2025-06-09,5060c23a894300cf233a25e4b52c6bb84d2d3b32bc3cf59242bdd57b74655ce6,ACTIVE,POOL_ADMISSION
000889.SZ,2025-06-10,5060c23a894300cf233a25e4b52c6bb84d2d3b32bc3cf59242bdd57b74655ce6,ACTIVE,POOL_OBSERVATION
000889.SZ,2025-06-11,5060c23a894300cf233a25e4b52c6bb84d2d3b32bc3cf59242bdd57b74655ce6,ACTIVE,POOL_OBSERVATION
000889.SZ,2025-06-12,5060c23a894300cf233a25e4b52c6bb84d2d3b32bc3cf59242bdd57b74655ce6,ACTIVE,POOL_OBSERVATION
000889.SZ,2025-06-13,5060c23a894300cf233a25e4b52c6bb84d2d3b32bc3cf59242bdd57b74655ce6,ACTIVE,POOL_OBSERVATION
000889.SZ,2025-06-16,5060c23a894300cf233a25e4b52c6bb84d2d3b32bc3cf59242bdd57b74655ce6,ACTIVE,POOL_OBSERVATION
000889.SZ,2025-06-17,5060c23a894300cf233a25e4b52c6bb84d2d3b32bc3cf59242bdd57b74655ce6,EXPIRED,POOL_EXPIRED
000889.SZ,2026-04-15,5bf32f901716c160f20ba26b3e7b28b581b23a901a9d23290ade062c444e5536,SIGNALLED,ENTRY_SIGNAL
000889.SZ,2026-04-16,5bf32f901716c160f20ba26b3e7b28b581b23a901a9d23290ade062c444e5536,SIGNALLED,EXECUTION_PENDING
000889.SZ,2026-04-17,5bf32f901716c160f20ba26b3e7b28b581b23a901a9d23290ade062c444e5536,SIGNALLED,EXECUTION_PENDING
000889.SZ,2026-04-20,5bf32f901716c160f20ba26b3e7b28b581b23a901a9d23290ade062c444e5536,SIGNALLED,EXECUTION_PENDING
000889.SZ,2026-04-21,5bf32f901716c160f20ba26b3e7b28b581b23a901a9d23290ade062c444e5536,SIGNALLED,EXECUTION_PENDING
000889.SZ,2026-04-22,5bf32f901716c160f20ba26b3e7b28b581b23a901a9d23290ade062c444e5536,SIGNALLED,EXECUTION_PENDING
000889.SZ,2026-04-23,5bf32f901716c160f20ba26b3e7b28b581b23a901a9d23290ade062c444e5536,EXPIRED,PENDING_SIGNAL_HORIZON_EXPIRED
000890.SZ,2025-12-16,a40cbd45fc08a3866f6918887b15f6bea61d64c4e9f12a4e4223dcf8b6055687,ACTIVE,POOL_ADMISSION
000890.SZ,2025-12-17,a40cbd45fc08a3866f6918887b15f6bea61d64c4e9f12a4e4223dcf8b6055687,ACTIVE,POOL_OBSERVATION
000890.SZ,2025-12-18,a40cbd45fc08a3866f6918887b15f6bea61d64c4e9f12a4e4223dcf8b6055687,ACTIVE,POOL_OBSERVATION
000890.SZ,2025-12-19,a40cbd45fc08a3866f6918887b15f6bea61d64c4e9f12a4e4223dcf8b6055687,ACTIVE,POOL_OBSERVATION
000890.SZ,2025-12-22,a40cbd45fc08a3866f6918887b15f6bea61d64c4e9f12a4e4223dcf8b6055687,ACTIVE,POOL_OBSERVATION
000890.SZ,2025-12-23,a40cbd45fc08a3866f6918887b15f6bea61d64c4e9f12a4e4223dcf8b6055687,ACTIVE,POOL_OBSERVATION
000890.SZ,2025-12-24,a40cbd45fc08a3866f6918887b15f6bea61d64c4e9f12a4e4223dcf8b6055687,EXPIRED,POOL_EXPIRED
000890.SZ,2026-02-26,1be3195da52ca742efc55fcbce32a189fe43df93aae480936caff8e3b4ddd9a6,ACTIVE,POOL_ADMISSION
000890.SZ,2026-02-27,1be3195da52ca742efc55fcbce32a189fe43df93aae480936caff8e3b4ddd9a6,ACTIVE,POOL_OBSERVATION
000890.SZ,2026-03-02,1be3195da52ca742efc55fcbce32a189fe43df93aae480936caff8e3b4ddd9a6,SIGNALLED,ENTRY_SIGNAL
000890.SZ,2026-03-03,1be3195da52ca742efc55fcbce32a189fe43df93aae480936caff8e3b4ddd9a6,SIGNALLED,EXECUTION_PENDING
000890.SZ,2026-03-04,1be3195da52ca742efc55fcbce32a189fe43df93aae480936caff8e3b4ddd9a6,SIGNALLED,EXECUTION_PENDING
000890.SZ,2026-03-05,1be3195da52ca742efc55fcbce32a189fe43df93aae480936caff8e3b4ddd9a6,SIGNALLED,EXECUTION_PENDING
000890.SZ,2026-03-06,1be3195da52ca742efc55fcbce32a189fe43df93aae480936caff8e3b4ddd9a6,EXPIRED,PENDING_SIGNAL_HORIZON_EXPIRED
000890.SZ,2026-03-17,e08310e3c5006316aae43755f204be7b9d7c7150c18f4719f3c745c175a7f94d,ACTIVE,POOL_ADMISSION
000890.SZ,2026-03-18,e08310e3c5006316aae43755f204be7b9d7c7150c18f4719f3c745c175a7f94d,ACTIVE,POOL_OBSERVATION
000890.SZ,2026-03-19,e08310e3c5006316aae43755f204be7b9d7c7150c18f4719f3c745c175a7f94d,ACTIVE,POOL_OBSERVATION
000890.SZ,2026-03-20,e08310e3c5006316aae43755f204be7b9d7c7150c18f4719f3c745c175a7f94d,ACTIVE,POOL_OBSERVATION
000890.SZ,2026-03-23,e08310e3c5006316aae43755f204be7b9d7c7150c18f4719f3c745c175a7f94d,ACTIVE,POOL_OBSERVATION
000890.SZ,2026-03-24,e08310e3c5006316aae43755f204be7b9d7c7150c18f4719f3c745c175a7f94d,ACTIVE,POOL_OBSERVATION
000890.SZ,2026-03-25,e08310e3c5006316aae43755f204be7b9d7c7150c18f4719f3c745c175a7f94d,SIGNALLED,ENTRY_SIGNAL
000890.SZ,2026-03-26,e08310e3c5006316aae43755f204be7b9d7c7150c18f4719f3c745c175a7f94d,EXPIRED,PENDING_SIGNAL_HORIZON_EXPIRED
000892.SZ,2025-02-26,01b584072a41518f5d02f5674ae34338cd8a9f3840adc0a8e3a3198c25bf8b19,ACTIVE,POOL_ADMISSION
000892.SZ,2025-02-27,01b584072a41518f5d02f5674ae34338cd8a9f3840adc0a8e3a3198c25bf8b19,ACTIVE,POOL_OBSERVATION
000892.SZ,2025-02-28,01b584072a41518f5d02f5674ae34338cd8a9f3840adc0a8e3a3198c25bf8b19,ACTIVE,POOL_OBSERVATION
000892.SZ,2025-03-03,01b584072a41518f5d02f5674ae34338cd8a9f3840adc0a8e3a3198c25bf8b19,ACTIVE,POOL_OBSERVATION
000892.SZ,2025-03-04,01b584072a41518f5d02f5674ae34338cd8a9f3840adc0a8e3a3198c25bf8b19,ACTIVE,POOL_OBSERVATION
000892.SZ,2025-03-05,01b584072a41518f5d02f5674ae34338cd8a9f3840adc0a8e3a3198c25bf8b19,ACTIVE,POOL_OBSERVATION
000892.SZ,2025-03-06,01b584072a41518f5d02f5674ae34338cd8a9f3840adc0a8e3a3198c25bf8b19,EXPIRED,POOL_EXPIRED
000892.SZ,2025-11-26,70102ad21bfa03db0df29891beff933d43024a3d80a39ec483753e832c015f15,ACTIVE,POOL_ADMISSION
000892.SZ,2025-11-27,70102ad21bfa03db0df29891beff933d43024a3d80a39ec483753e832c015f15,ACTIVE,POOL_OBSERVATION
000892.SZ,2025-11-28,70102ad21bfa03db0df29891beff933d43024a3d80a39ec483753e832c015f15,ACTIVE,POOL_OBSERVATION
000892.SZ,2025-12-01,70102ad21bfa03db0df29891beff933d43024a3d80a39ec483753e832c015f15,ACTIVE,POOL_OBSERVATION
000892.SZ,2025-12-02,70102ad21bfa03db0df29891beff933d43024a3d80a39ec483753e832c015f15,ACTIVE,POOL_OBSERVATION
000892.SZ,2025-12-03,70102ad21bfa03db0df29891beff933d43024a3d80a39ec483753e832c015f15,ACTIVE,POOL_OBSERVATION
000892.SZ,2025-12-04,70102ad21bfa03db0df29891beff933d43024a3d80a39ec483753e832c015f15,EXPIRED,POOL_EXPIRED
000892.SZ,2026-09-04,4323f54287ed037b761baa4d55fe1d415bd68dc6da165a9c8f2530339c159788,SIGNALLED,ENTRY_SIGNAL
000892.SZ,2026-09-07,4323f54287ed037b761baa4d55fe1d415bd68dc6da165a9c8f2530339c159788,SIGNALLED,EXECUTION_PENDING
000892.SZ,2026-09-08,4323f54287ed037b761baa4d55fe1d415bd68dc6da165a9c8f2530339c159788,SIGNALLED,EXECUTION_PENDING
000892.SZ,2026-09-09,4323f54287ed037b761baa4d55fe1d415bd68dc6da165a9c8f2530339c159788,SIGNALLED,EXECUTION_PENDING
000892.SZ,2026-09-10,4323f54287ed037b761baa4d55fe1d415bd68dc6da165a9c8f2530339c159788,SIGNALLED,EXECUTION_PENDING
000892.SZ,2026-09-11,4323f54287ed037b761baa4d55fe1d415bd68dc6da165a9c8f2530339c159788,SIGNALLED,EXECUTION_PENDING
000892.SZ,2026-09-14,4323f54287ed037b761baa4d55fe1d415bd68dc6da165a9c8f2530339c159788,EXPIRED,PENDING_SIGNAL_HORIZON_EXPIRED
000901.SZ,2025-08-11,79e1d4d2384c93b6cba7b150a466cad8f5617006e8bfba0d4468f62b0e9a3945,ACTIVE,POOL_ADMISSION
000901.SZ,2025-08-12,79e1d4d2384c93b6cba7b150a466cad8f5617006e8bfba0d4468f62b0e9a3945,ACTIVE,POOL_OBSERVATION
000901.SZ,2025-08-13,79e1d4d2384c93b6cba7b150a466cad8f5617006e8bfba0d4468f62b0e9a3945,ACTIVE,POOL_OBSERVATION
000901.SZ,2025-08-14,79e1d4d2384c93b6cba7b150a466cad8f5617006e8bfba0d4468f62b0e9a3945,ACTIVE,POOL_OBSERVATION
000901.SZ,2025-08-15,79e1d4d2384c93b6cba7b150a466cad8f5617006e8bfba0d4468f62b0e9a3945,ACTIVE,POOL_OBSERVATION
000901.SZ,2025-08-18,79e1d4d2384c93b6cba7b150a466cad8f5617006e8bfba0d4468f62b0e9a3945,SIGNALLED,ENTRY_SIGNAL
000901.SZ,2025-08-19,79e1d4d2384c93b6cba7b150a466cad8f5617006e8bfba0d4468f62b0e9a3945,EXPIRED,PENDING_SIGNAL_HORIZON_EXPIRED
000903.SZ,2024-10-31,95ed2af8f6099efd14bc06fa8feacb3a42e670ee98a55b97c372b507ca0dfc2a,ACTIVE,POOL_ADMISSION
000903.SZ,2024-11-01,95ed2af8f6099efd14bc06fa8feacb3a42e670ee98a55b97c372b507ca0dfc2a,ACTIVE,POOL_OBSERVATION
000903.SZ,2024-11-04,95ed2af8f6099efd14bc06fa8feacb3a42e670ee98a55b97c372b507ca0dfc2a,ACTIVE,POOL_OBSERVATION
000903.SZ,2024-11-05,95ed2af8f6099efd14bc06fa8feacb3a42e670ee98a55b97c372b507ca0dfc2a,ACTIVE,POOL_OBSERVATION
000903.SZ,2024-11-06,95ed2af8f6099efd14bc06fa8feacb3a42e670ee98a55b97c372b507ca0dfc2a,ACTIVE,POOL_OBSERVATION
000903.SZ,2024-11-07,95ed2af8f6099efd14bc06fa8feacb3a42e670ee98a55b97c372b507ca0dfc2a,ACTIVE,POOL_OBSERVATION
000903.SZ,2024-11-08,95ed2af8f6099efd14bc06fa8feacb3a42e670ee98a55b97c372b507ca0dfc2a,EXPIRED,POOL_EXPIRED
000903.SZ,2024-12-06,a7c835dff38e857ad432501ce591a7bf09c677a5176c8b736b0d070dd360f12d,ACTIVE,POOL_ADMISSION
000903.SZ,2024-12-09,a7c835dff38e857ad432501ce591a7bf09c677a5176c8b736b0d070dd360f12d,ACTIVE,POOL_OBSERVATION
000903.SZ,2024-12-10,a7c835dff38e857ad432501ce591a7bf09c677a5176c8b736b0d070dd360f12d,ACTIVE,POOL_OBSERVATION
000903.SZ,2024-12-11,a7c835dff38e857ad432501ce591a7bf09c677a5176c8b736b0d070dd360f12d,ACTIVE,POOL_OBSERVATION
000903.SZ,2024-12-12,a7c835dff38e857ad432501ce591a7bf09c677a5176c8b736b0d070dd360f12d,ACTIVE,POOL_OBSERVATION
000903.SZ,2024-12-13,a7c835dff38e857ad432501ce591a7bf09c677a5176c8b736b0d070dd360f12d,ACTIVE,POOL_OBSERVATION
000903.SZ,2024-12-16,a7c835dff38e857ad432501ce591a7bf09c677a5176c8b736b0d070dd360f12d,EXPIRED,POOL_EXPIRED
000903.SZ,2025-05-29,9c5a9620d4ec8dc494073de986322fd5320d7e838c1d390065a2aff49e57be0f,ACTIVE,POOL_ADMISSION
000903.SZ,2025-05-30,9c5a9620d4ec8dc494073de986322fd5320d7e838c1d390065a2aff49e57be0f,ACTIVE,POOL_OBSERVATION
000903.SZ,2025-06-03,9c5a9620d4ec8dc494073de986322fd5320d7e838c1d390065a2aff49e57be0f,ACTIVE,POOL_OBSERVATION
000903.SZ,2025-06-04,9c5a9620d4ec8dc494073de986322fd5320d7e838c1d390065a2aff49e57be0f,ACTIVE,POOL_OBSERVATION
000903.SZ,2025-06-05,9c5a9620d4ec8dc494073de986322fd5320d7e838c1d390065a2aff49e57be0f,ACTIVE,POOL_OBSERVATION
000903.SZ,2025-06-06,9c5a9620d4ec8dc494073de986322fd5320d7e838c1d390065a2aff49e57be0f,ACTIVE,POOL_OBSERVATION
000903.SZ,2025-06-09,9c5a9620d4ec8dc494073de986322fd5320d7e838c1d390065a2aff49e57be0f,EXPIRED,POOL_EXPIRED
000905.SZ,2025-12-10,96bfd3cc01f023962e2fe88b34626adf67a8661cf625ddf55dcae05ea79466c1,ACTIVE,POOL_ADMISSION
000905.SZ,2025-12-11,96bfd3cc01f023962e2fe88b34626adf67a8661cf625ddf55dcae05ea79466c1,ACTIVE,POOL_OBSERVATION
000905.SZ,2025-12-12,96bfd3cc01f023962e2fe88b34626adf67a8661cf625ddf55dcae05ea79466c1,ACTIVE,POOL_OBSERVATION
000905.SZ,2025-12-15,96bfd3cc01f023962e2fe88b34626adf67a8661cf625ddf55dcae05ea79466c1,ACTIVE,POOL_OBSERVATION
000905.SZ,2025-12-16,96bfd3cc01f023962e2fe88b34626adf67a8661cf625ddf55dcae05ea79466c1,ACTIVE,POOL_OBSERVATION
000905.SZ,2025-12-17,96bfd3cc01f023962e2fe88b34626adf67a8661cf625ddf55dcae05ea79466c1,ACTIVE,POOL_OBSERVATION
000905.SZ,2025-12-18,96bfd3cc01f023962e2fe88b34626adf67a8661cf625ddf55dcae05ea79466c1,EXPIRED,POOL_EXPIRED
000910.SZ,2026-09-23,a1185f7a3a36911babe7b4fc919c3a8c668d3272cba65933face1adc5d0ee70d,ACTIVE,POOL_ADMISSION
000917.SZ,2024-10-30,ba83c82066be8808c96d5cf8dca08155bb8438d8af31f6d3e36708d1941c332f,ACTIVE,POOL_ADMISSION
000917.SZ,2024-10-31,ba83c82066be8808c96d5cf8dca08155bb8438d8af31f6d3e36708d1941c332f,ACTIVE,POOL_OBSERVATION
000917.SZ,2024-11-01,ba83c82066be8808c96d5cf8dca08155bb8438d8af31f6d3e36708d1941c332f,ACTIVE,POOL_OBSERVATION
000917.SZ,2024-11-04,ba83c82066be8808c96d5cf8dca08155bb8438d8af31f6d3e36708d1941c332f,ACTIVE,POOL_OBSERVATION
000917.SZ,2024-11-05,ba83c82066be8808c96d5cf8dca08155bb8438d8af31f6d3e36708d1941c332f,ACTIVE,POOL_OBSERVATION
000917.SZ,2024-11-06,ba83c82066be8808c96d5cf8dca08155bb8438d8af31f6d3e36708d1941c332f,ACTIVE,POOL_OBSERVATION
000917.SZ,2024-11-07,ba83c82066be8808c96d5cf8dca08155bb8438d8af31f6d3e36708d1941c332f,EXPIRED,POOL_EXPIRED
000948.SZ,2024-09-20,00757793ad7bfd2cf82267c4226da600affd03aa81f6ae34c69bcc718f293530,ACTIVE,POOL_ADMISSION
000948.SZ,2024-09-23,00757793ad7bfd2cf82267c4226da600affd03aa81f6ae34c69bcc718f293530,ACTIVE,POOL_OBSERVATION
000948.SZ,2024-09-24,00757793ad7bfd2cf82267c4226da600affd03aa81f6ae34c69bcc718f293530,ACTIVE,POOL_OBSERVATION
000948.SZ,2024-09-25,00757793ad7bfd2cf82267c4226da600affd03aa81f6ae34c69bcc718f293530,ACTIVE,POOL_OBSERVATION
000948.SZ,2024-09-26,00757793ad7bfd2cf82267c4226da600affd03aa81f6ae34c69bcc718f293530,ACTIVE,POOL_OBSERVATION
000948.SZ,2024-09-27,00757793ad7bfd2cf82267c4226da600affd03aa81f6ae34c69bcc718f293530,ACTIVE,POOL_OBSERVATION
000948.SZ,2024-09-30,00757793ad7bfd2cf82267c4226da600affd03aa81f6ae34c69bcc718f293530,EXPIRED,POOL_EXPIRED
000952.SZ,2025-11-27,7a85ab6134f3fa60922d9a172a74e77308f941559548dae7add21bdd8ac0036b,ACTIVE,POOL_ADMISSION
000952.SZ,2025-11-28,7a85ab6134f3fa60922d9a172a74e77308f941559548dae7add21bdd8ac0036b,ACTIVE,POOL_OBSERVATION
000952.SZ,2025-12-01,7a85ab6134f3fa60922d9a172a74e77308f941559548dae7add21bdd8ac0036b,ACTIVE,POOL_OBSERVATION
000952.SZ,2025-12-02,7a85ab6134f3fa60922d9a172a74e77308f941559548dae7add21bdd8ac0036b,ACTIVE,POOL_OBSERVATION
000952.SZ,2025-12-03,7a85ab6134f3fa60922d9a172a74e77308f941559548dae7add21bdd8ac0036b,ACTIVE,POOL_OBSERVATION
000952.SZ,2025-12-04,7a85ab6134f3fa60922d9a172a74e77308f941559548dae7add21bdd8ac0036b,ACTIVE,POOL_OBSERVATION
000952.SZ,2025-12-05,7a85ab6134f3fa60922d9a172a74e77308f941559548dae7add21bdd8ac0036b,EXPIRED,POOL_EXPIRED
000953.SZ,2024-08-02,bdfcb25124b17adbfd59d12c0e8471e9717092f85d7e78bff888eb609ad2acd0,ACTIVE,POOL_ADMISSION
000953.SZ,2024-08-05,bdfcb25124b17adbfd59d12c0e8471e9717092f85d7e78bff888eb609ad2acd0,ACTIVE,POOL_OBSERVATION
000953.SZ,2024-08-06,bdfcb25124b17adbfd59d12c0e8471e9717092f85d7e78bff888eb609ad2acd0,SIGNALLED,ENTRY_SIGNAL
000953.SZ,2024-08-07,bdfcb25124b17adbfd59d12c0e8471e9717092f85d7e78bff888eb609ad2acd0,SIGNALLED,EXECUTION_PENDING
000953.SZ,2024-08-08,bdfcb25124b17adbfd59d12c0e8471e9717092f85d7e78bff888eb609ad2acd0,SIGNALLED,EXECUTION_PENDING
000953.SZ,2024-08-09,bdfcb25124b17adbfd59d12c0e8471e9717092f85d7e78bff888eb609ad2acd0,SIGNALLED,EXECUTION_PENDING
000953.SZ,2024-08-12,bdfcb25124b17adbfd59d12c0e8471e9717092f85d7e78bff888eb609ad2acd0,EXPIRED,PENDING_SIGNAL_HORIZON_EXPIRED
000958.SZ,2024-10-24,acdc83742afd4596a256df25e799742d0f9b5482a160ab2f5a0606c28b8c4b36,ACTIVE,POOL_ADMISSION
000958.SZ,2024-10-25,acdc83742afd4596a256df25e799742d0f9b5482a160ab2f5a0606c28b8c4b36,ACTIVE,POOL_OBSERVATION
000958.SZ,2024-10-28,acdc83742afd4596a256df25e799742d0f9b5482a160ab2f5a0606c28b8c4b36,ACTIVE,POOL_OBSERVATION
000958.SZ,2024-10-29,acdc83742afd4596a256df25e799742d0f9b5482a160ab2f5a0606c28b8c4b36,ACTIVE,POOL_OBSERVATION
000958.SZ,2024-10-30,acdc83742afd4596a256df25e799742d0f9b5482a160ab2f5a0606c28b8c4b36,ACTIVE,POOL_OBSERVATION
000958.SZ,2024-10-31,acdc83742afd4596a256df25e799742d0f9b5482a160ab2f5a0606c28b8c4b36,ACTIVE,POOL_OBSERVATION
000958.SZ,2024-11-01,acdc83742afd4596a256df25e799742d0f9b5482a160ab2f5a0606c28b8c4b36,EXPIRED,POOL_EXPIRED
000958.SZ,2024-11-04,4e55925fb31a52de73e750a3917e81dde7230370579e1bdd5fa25654bec49040,ACTIVE,POOL_ADMISSION
000958.SZ,2024-11-05,4e55925fb31a52de73e750a3917e81dde7230370579e1bdd5fa25654bec49040,ACTIVE,POOL_OBSERVATION
000958.SZ,2024-11-06,4e55925fb31a52de73e750a3917e81dde7230370579e1bdd5fa25654bec49040,ACTIVE,POOL_OBSERVATION
000958.SZ,2024-11-07,4e55925fb31a52de73e750a3917e81dde7230370579e1bdd5fa25654bec49040,ACTIVE,POOL_OBSERVATION
000958.SZ,2024-11-08,4e55925fb31a52de73e750a3917e81dde7230370579e1bdd5fa25654bec49040,ACTIVE,POOL_OBSERVATION
000958.SZ,2024-11-11,4e55925fb31a52de73e750a3917e81dde7230370579e1bdd5fa25654bec49040,ACTIVE,POOL_OBSERVATION
000958.SZ,2024-11-12,4e55925fb31a52de73e750a3917e81dde7230370579e1bdd5fa25654bec49040,EXPIRED,POOL_EXPIRED
000965.SZ,2025-04-21,62da1b6cd6d586ac8057fb964966d08a8941d0a65afefe80396b61eae3c46c0c,ACTIVE,POOL_ADMISSION
000965.SZ,2025-04-22,62da1b6cd6d586ac8057fb964966d08a8941d0a65afefe80396b61eae3c46c0c,ACTIVE,POOL_OBSERVATION
000965.SZ,2025-04-23,62da1b6cd6d586ac8057fb964966d08a8941d0a65afefe80396b61eae3c46c0c,ACTIVE,POOL_OBSERVATION
000965.SZ,2025-04-24,62da1b6cd6d586ac8057fb964966d08a8941d0a65afefe80396b61eae3c46c0c,SIGNALLED,ENTRY_SIGNAL
000965.SZ,2025-04-25,62da1b6cd6d586ac8057fb964966d08a8941d0a65afefe80396b61eae3c46c0c,SIGNALLED,EXECUTION_PENDING
000965.SZ,2025-04-28,62da1b6cd6d586ac8057fb964966d08a8941d0a65afefe80396b61eae3c46c0c,SIGNALLED,EXECUTION_PENDING
000965.SZ,2025-04-29,62da1b6cd6d586ac8057fb964966d08a8941d0a65afefe80396b61eae3c46c0c,EXPIRED,PENDING_SIGNAL_HORIZON_EXPIRED
000967.SZ,2025-02-21,ab18f6ec28ae40929222f18362cb155ab4017ed66e66bbeb37bf64b8a83f6369,ACTIVE,POOL_ADMISSION
000967.SZ,2025-02-24,ab18f6ec28ae40929222f18362cb155ab4017ed66e66bbeb37bf64b8a83f6369,ACTIVE,POOL_OBSERVATION
000967.SZ,2025-02-25,ab18f6ec28ae40929222f18362cb155ab4017ed66e66bbeb37bf64b8a83f6369,ACTIVE,POOL_OBSERVATION
000967.SZ,2025-02-26,ab18f6ec28ae40929222f18362cb155ab4017ed66e66bbeb37bf64b8a83f6369,ACTIVE,POOL_OBSERVATION
000967.SZ,2025-02-27,ab18f6ec28ae40929222f18362cb155ab4017ed66e66bbeb37bf64b8a83f6369,ACTIVE,POOL_OBSERVATION
000967.SZ,2025-02-28,ab18f6ec28ae40929222f18362cb155ab4017ed66e66bbeb37bf64b8a83f6369,ACTIVE,POOL_OBSERVATION
000967.SZ,2025-03-03,ab18f6ec28ae40929222f18362cb155ab4017ed66e66bbeb37bf64b8a83f6369,EXPIRED,POOL_EXPIRED
000969.SZ,2025-10-14,20d085783ba33edcd14d3f014db37f7461744aba1128a2348a926800f0b0c6e0,ACTIVE,POOL_ADMISSION
000969.SZ,2025-10-15,20d085783ba33edcd14d3f014db37f7461744aba1128a2348a926800f0b0c6e0,ACTIVE,POOL_OBSERVATION
000969.SZ,2025-10-16,20d085783ba33edcd14d3f014db37f7461744aba1128a2348a926800f0b0c6e0,ACTIVE,POOL_OBSERVATION
000969.SZ,2025-10-17,20d085783ba33edcd14d3f014db37f7461744aba1128a2348a926800f0b0c6e0,SIGNALLED,ENTRY_SIGNAL
000969.SZ,2025-10-20,20d085783ba33edcd14d3f014db37f7461744aba1128a2348a926800f0b0c6e0,SIGNALLED,EXECUTION_PENDING
000969.SZ,2025-10-21,20d085783ba33edcd14d3f014db37f7461744aba1128a2348a926800f0b0c6e0,SIGNALLED,EXECUTION_PENDING
000969.SZ,2025-10-22,20d085783ba33edcd14d3f014db37f7461744aba1128a2348a926800f0b0c6e0,EXPIRED,PENDING_SIGNAL_HORIZON_EXPIRED
000973.SZ,2024-11-19,407469d5302514e7a19eef75b6b30f19541cd3c5971fae12bea29f0e7fd54692,ACTIVE,POOL_ADMISSION
000973.SZ,2024-11-20,407469d5302514e7a19eef75b6b30f19541cd3c5971fae12bea29f0e7fd54692,ACTIVE,POOL_OBSERVATION
000973.SZ,2024-11-21,407469d5302514e7a19eef75b6b30f19541cd3c5971fae12bea29f0e7fd54692,ACTIVE,POOL_OBSERVATION
000973.SZ,2024-11-22,407469d5302514e7a19eef75b6b30f19541cd3c5971fae12bea29f0e7fd54692,ACTIVE,POOL_OBSERVATION
000973.SZ,2024-11-25,407469d5302514e7a19eef75b6b30f19541cd3c5971fae12bea29f0e7fd54692,ACTIVE,POOL_OBSERVATION
000973.SZ,2024-11-26,407469d5302514e7a19eef75b6b30f19541cd3c5971fae12bea29f0e7fd54692,ACTIVE,POOL_OBSERVATION
000973.SZ,2024-11-27,407469d5302514e7a19eef75b6b30f19541cd3c5971fae12bea29f0e7fd54692,EXPIRED,POOL_EXPIRED
000978.SZ,2026-09-10,9b6a04cf39ffacdec2eb73f10bd0525806414edc0a91dd02c6c6e9a22e6161e2,ACTIVE,POOL_ADMISSION
000978.SZ,2026-09-11,9b6a04cf39ffacdec2eb73f10bd0525806414edc0a91dd02c6c6e9a22e6161e2,ACTIVE,POOL_OBSERVATION
000978.SZ,2026-09-14,9b6a04cf39ffacdec2eb73f10bd0525806414edc0a91dd02c6c6e9a22e6161e2,ACTIVE,POOL_OBSERVATION
000978.SZ,2026-09-15,9b6a04cf39ffacdec2eb73f10bd0525806414edc0a91dd02c6c6e9a22e6161e2,ACTIVE,POOL_OBSERVATION
000978.SZ,2026-09-16,9b6a04cf39ffacdec2eb73f10bd0525806414edc0a91dd02c6c6e9a22e6161e2,ACTIVE,POOL_OBSERVATION
000978.SZ,2026-09-17,9b6a04cf39ffacdec2eb73f10bd0525806414edc0a91dd02c6c6e9a22e6161e2,ACTIVE,POOL_OBSERVATION
000978.SZ,2026-09-18,9b6a04cf39ffacdec2eb73f10bd0525806414edc0a91dd02c6c6e9a22e6161e2,EXPIRED,POOL_EXPIRED
000980.SZ,2024-08-05,891b338fe5673a44825be911a8ded340ee28d2691e29d9ff58f5bd81ddac4e65,ACTIVE,POOL_ADMISSION
000980.SZ,2024-08-06,891b338fe5673a44825be911a8ded340ee28d2691e29d9ff58f5bd81ddac4e65,ACTIVE,POOL_OBSERVATION
000980.SZ,2024-08-07,891b338fe5673a44825be911a8ded340ee28d2691e29d9ff58f5bd81ddac4e65,ACTIVE,POOL_OBSERVATION
000980.SZ,2024-08-08,891b338fe5673a44825be911a8ded340ee28d2691e29d9ff58f5bd81ddac4e65,ACTIVE,POOL_OBSERVATION
000980.SZ,2024-08-09,891b338fe5673a44825be911a8ded340ee28d2691e29d9ff58f5bd81ddac4e65,ACTIVE,POOL_OBSERVATION
000980.SZ,2024-08-12,891b338fe5673a44825be911a8ded340ee28d2691e29d9ff58f5bd81ddac4e65,ACTIVE,POOL_OBSERVATION
000980.SZ,2024-08-13,891b338fe5673a44825be911a8ded340ee28d2691e29d9ff58f5bd81ddac4e65,EXPIRED,POOL_EXPIRED
000980.SZ,2026-09-14,893eed7cdcd5a53b190c1c232c7adf1a1e6224e178d56ae65a7256761edc018c,ACTIVE,POOL_ADMISSION
000980.SZ,2026-09-15,893eed7cdcd5a53b190c1c232c7adf1a1e6224e178d56ae65a7256761edc018c,ACTIVE,POOL_OBSERVATION
000980.SZ,2026-09-16,893eed7cdcd5a53b190c1c232c7adf1a1e6224e178d56ae65a7256761edc018c,ACTIVE,POOL_OBSERVATION
000980.SZ,2026-09-17,893eed7cdcd5a53b190c1c232c7adf1a1e6224e178d56ae65a7256761edc018c,ACTIVE,POOL_OBSERVATION
000980.SZ,2026-09-18,893eed7cdcd5a53b190c1c232c7adf1a1e6224e178d56ae65a7256761edc018c,ACTIVE,POOL_OBSERVATION
000980.SZ,2026-09-21,893eed7cdcd5a53b190c1c232c7adf1a1e6224e178d56ae65a7256761edc018c,ACTIVE,POOL_OBSERVATION
000980.SZ,2026-09-22,893eed7cdcd5a53b190c1c232c7adf1a1e6224e178d56ae65a7256761edc018c,EXPIRED,POOL_EXPIRED
000981.SZ,2024-11-08,b077614563ec71544931ae806b3a0de302f6477a857487776e81042c3ee42ca9,ACTIVE,POOL_ADMISSION
000981.SZ,2024-11-11,b077614563ec71544931ae806b3a0de302f6477a857487776e81042c3ee42ca9,ACTIVE,POOL_OBSERVATION
000981.SZ,2024-11-12,b077614563ec71544931ae806b3a0de302f6477a857487776e81042c3ee42ca9,ACTIVE,POOL_OBSERVATION
000981.SZ,2024-11-13,b077614563ec71544931ae806b3a0de302f6477a857487776e81042c3ee42ca9,ACTIVE,POOL_OBSERVATION
000981.SZ,2024-11-14,b077614563ec71544931ae806b3a0de302f6477a857487776e81042c3ee42ca9,ACTIVE,POOL_OBSERVATION
000981.SZ,2024-11-15,b077614563ec71544931ae806b3a0de302f6477a857487776e81042c3ee42ca9,ACTIVE,POOL_OBSERVATION
000981.SZ,2024-11-18,b077614563ec71544931ae806b3a0de302f6477a857487776e81042c3ee42ca9,EXPIRED,POOL_EXPIRED
000981.SZ,2024-12-06,825fbb6b54907aa0cf578c428c2338d08207f42f736c9896474856b6bc82de99,ACTIVE,POOL_ADMISSION
000981.SZ,2024-12-09,825fbb6b54907aa0cf578c428c2338d08207f42f736c9896474856b6bc82de99,ACTIVE,POOL_OBSERVATION
000981.SZ,2024-12-10,825fbb6b54907aa0cf578c428c2338d08207f42f736c9896474856b6bc82de99,ACTIVE,POOL_OBSERVATION
000981.SZ,2024-12-11,825fbb6b54907aa0cf578c428c2338d08207f42f736c9896474856b6bc82de99,ACTIVE,POOL_OBSERVATION
000981.SZ,2024-12-12,825fbb6b54907aa0cf578c428c2338d08207f42f736c9896474856b6bc82de99,ACTIVE,POOL_OBSERVATION
000981.SZ,2024-12-13,825fbb6b54907aa0cf578c428c2338d08207f42f736c9896474856b6bc82de99,SIGNALLED,ENTRY_SIGNAL
000981.SZ,2024-12-16,825fbb6b54907aa0cf578c428c2338d08207f42f736c9896474856b6bc82de99,EXPIRED,PENDING_SIGNAL_HORIZON_EXPIRED
000981.SZ,2025-09-17,f5c56574d62c617f8ced46569534b3816281f7673143786da58162cc74078987,ACTIVE,POOL_ADMISSION
000981.SZ,2025-09-18,f5c56574d62c617f8ced46569534b3816281f7673143786da58162cc74078987,ACTIVE,POOL_OBSERVATION
000981.SZ,2025-09-19,f5c56574d62c617f8ced46569534b3816281f7673143786da58162cc74078987,ACTIVE,POOL_OBSERVATION
000981.SZ,2025-09-22,f5c56574d62c617f8ced46569534b3816281f7673143786da58162cc74078987,ACTIVE,POOL_OBSERVATION
000981.SZ,2025-09-23,f5c56574d62c617f8ced46569534b3816281f7673143786da58162cc74078987,SIGNALLED,ENTRY_SIGNAL
000981.SZ,2025-09-24,f5c56574d62c617f8ced46569534b3816281f7673143786da58162cc74078987,SIGNALLED,EXECUTION_PENDING
000981.SZ,2025-09-25,f5c56574d62c617f8ced46569534b3816281f7673143786da58162cc74078987,EXPIRED,PENDING_SIGNAL_HORIZON_EXPIRED
000993.SZ,2025-11-10,f512b58c27a4e7612e526336e20b8e68dd52f07ad3d1274ef206d2b5b6d3947d,SIGNALLED,ENTRY_SIGNAL
000993.SZ,2025-11-11,f512b58c27a4e7612e526336e20b8e68dd52f07ad3d1274ef206d2b5b6d3947d,SIGNALLED,EXECUTION_PENDING
000993.SZ,2025-11-12,f512b58c27a4e7612e526336e20b8e68dd52f07ad3d1274ef206d2b5b6d3947d,SIGNALLED,EXECUTION_PENDING
000993.SZ,2025-11-13,f512b58c27a4e7612e526336e20b8e68dd52f07ad3d1274ef206d2b5b6d3947d,SIGNALLED,EXECUTION_PENDING
000993.SZ,2025-11-14,f512b58c27a4e7612e526336e20b8e68dd52f07ad3d1274ef206d2b5b6d3947d,SIGNALLED,EXECUTION_PENDING
000993.SZ,2025-11-17,f512b58c27a4e7612e526336e20b8e68dd52f07ad3d1274ef206d2b5b6d3947d,SIGNALLED,EXECUTION_PENDING
000993.SZ,2025-11-18,f512b58c27a4e7612e526336e20b8e68dd52f07ad3d1274ef206d2b5b6d3947d,EXPIRED,PENDING_SIGNAL_HORIZON_EXPIRED
000993.SZ,2026-09-14,efb9057201fb81f7df56d2b4341cad543a5cebbaac3ea166225d430cb09ecbef,ACTIVE,POOL_ADMISSION
000993.SZ,2026-09-15,efb9057201fb81f7df56d2b4341cad543a5cebbaac3ea166225d430cb09ecbef,ACTIVE,POOL_OBSERVATION
000993.SZ,2026-09-16,efb9057201fb81f7df56d2b4341cad543a5cebbaac3ea166225d430cb09ecbef,ACTIVE,POOL_OBSERVATION
000993.SZ,2026-09-17,efb9057201fb81f7df56d2b4341cad543a5cebbaac3ea166225d430cb09ecbef,ACTIVE,POOL_OBSERVATION
000993.SZ,2026-09-18,efb9057201fb81f7df56d2b4341cad543a5cebbaac3ea166225d430cb09ecbef,ACTIVE,POOL_OBSERVATION
000993.SZ,2026-09-21,efb9057201fb81f7df56d2b4341cad543a5cebbaac3ea166225d430cb09ecbef,ACTIVE,POOL_OBSERVATION
000993.SZ,2026-09-22,efb9057201fb81f7df56d2b4341cad543a5cebbaac3ea166225d430cb09ecbef,EXPIRED,POOL_EXPIRED
000995.SZ,2024-09-30,a679d7b7b81ddf0e81411d52c3e54723e156b484574476614eda3110c79a3f4b,SIGNALLED,ENTRY_SIGNAL
000995.SZ,2024-10-08,a679d7b7b81ddf0e81411d52c3e54723e156b484574476614eda3110c79a3f4b,SIGNALLED,EXECUTION_PENDING
000995.SZ,2024-10-09,a679d7b7b81ddf0e81411d52c3e54723e156b484574476614eda3110c79a3f4b,SIGNALLED,EXECUTION_PENDING
000995.SZ,2024-10-10,a679d7b7b81ddf0e81411d52c3e54723e156b484574476614eda3110c79a3f4b,SIGNALLED,EXECUTION_PENDING
000995.SZ,2024-10-11,a679d7b7b81ddf0e81411d52c3e54723e156b484574476614eda3110c79a3f4b,SIGNALLED,EXECUTION_PENDING
000995.SZ,2024-10-14,a679d7b7b81ddf0e81411d52c3e54723e156b484574476614eda3110c79a3f4b,SIGNALLED,EXECUTION_PENDING
000995.SZ,2024-10-15,a679d7b7b81ddf0e81411d52c3e54723e156b484574476614eda3110c79a3f4b,EXPIRED,PENDING_SIGNAL_HORIZON_EXPIRED
000995.SZ,2026-02-03,a12059ee7fb135374bb71da62c7dd08c2e37a5e27bab915c71b3f2376488c73d,ACTIVE,POOL_ADMISSION
000995.SZ,2026-02-04,a12059ee7fb135374bb71da62c7dd08c2e37a5e27bab915c71b3f2376488c73d,ACTIVE,POOL_OBSERVATION
000995.SZ,2026-02-05,a12059ee7fb135374bb71da62c7dd08c2e37a5e27bab915c71b3f2376488c73d,ACTIVE,POOL_OBSERVATION
000995.SZ,2026-02-06,a12059ee7fb135374bb71da62c7dd08c2e37a5e27bab915c71b3f2376488c73d,ACTIVE,POOL_OBSERVATION
000995.SZ,2026-02-09,a12059ee7fb135374bb71da62c7dd08c2e37a5e27bab915c71b3f2376488c73d,SIGNALLED,ENTRY_SIGNAL
000995.SZ,2026-02-10,a12059ee7fb135374bb71da62c7dd08c2e37a5e27bab915c71b3f2376488c73d,SIGNALLED,EXECUTION_PENDING
000995.SZ,2026-02-11,a12059ee7fb135374bb71da62c7dd08c2e37a5e27bab915c71b3f2376488c73d,EXPIRED,PENDING_SIGNAL_HORIZON_EXPIRED
001208.SZ,2025-12-16,c2235e58000f6743e9528ef8214f0d7e1a5e5477c3943d69f46ea64d15a03031,ACTIVE,POOL_ADMISSION
001208.SZ,2025-12-17,c2235e58000f6743e9528ef8214f0d7e1a5e5477c3943d69f46ea64d15a03031,ACTIVE,POOL_OBSERVATION
001208.SZ,2025-12-18,c2235e58000f6743e9528ef8214f0d7e1a5e5477c3943d69f46ea64d15a03031,ACTIVE,POOL_OBSERVATION
001208.SZ,2025-12-19,c2235e58000f6743e9528ef8214f0d7e1a5e5477c3943d69f46ea64d15a03031,SIGNALLED,ENTRY_SIGNAL
001208.SZ,2025-12-22,c2235e58000f6743e9528ef8214f0d7e1a5e5477c3943d69f46ea64d15a03031,SIGNALLED,EXECUTION_PENDING
001208.SZ,2025-12-23,c2235e58000f6743e9528ef8214f0d7e1a5e5477c3943d69f46ea64d15a03031,SIGNALLED,EXECUTION_PENDING
001208.SZ,2025-12-24,c2235e58000f6743e9528ef8214f0d7e1a5e5477c3943d69f46ea64d15a03031,EXPIRED,PENDING_SIGNAL_HORIZON_EXPIRED
001209.SZ,2024-12-02,81c2fdd11cd72f69c0865021ef07f184ab54ae9ae6ca7ee9ff701e154c030b99,ACTIVE,POOL_ADMISSION
001209.SZ,2024-12-03,81c2fdd11cd72f69c0865021ef07f184ab54ae9ae6ca7ee9ff701e154c030b99,ACTIVE,POOL_OBSERVATION
001209.SZ,2024-12-04,81c2fdd11cd72f69c0865021ef07f184ab54ae9ae6ca7ee9ff701e154c030b99,SIGNALLED,ENTRY_SIGNAL
001209.SZ,2024-12-05,81c2fdd11cd72f69c0865021ef07f184ab54ae9ae6ca7ee9ff701e154c030b99,SIGNALLED,EXECUTION_PENDING
001209.SZ,2024-12-06,81c2fdd11cd72f69c0865021ef07f184ab54ae9ae6ca7ee9ff701e154c030b99,SIGNALLED,EXECUTION_PENDING
001209.SZ,2024-12-09,81c2fdd11cd72f69c0865021ef07f184ab54ae9ae6ca7ee9ff701e154c030b99,SIGNALLED,EXECUTION_PENDING
001209.SZ,2024-12-10,81c2fdd11cd72f69c0865021ef07f184ab54ae9ae6ca7ee9ff701e154c030b99,EXPIRED,PENDING_SIGNAL_HORIZON_EXPIRED
001209.SZ,2025-11-10,2d9da0069b1c78863a213d99114494a997c20edf19f73bf66aea052a7898f123,ACTIVE,POOL_ADMISSION
001209.SZ,2025-11-11,2d9da0069b1c78863a213d99114494a997c20edf19f73bf66aea052a7898f123,ACTIVE,POOL_OBSERVATION
001209.SZ,2025-11-12,2d9da0069b1c78863a213d99114494a997c20edf19f73bf66aea052a7898f123,ACTIVE,POOL_OBSERVATION
001209.SZ,2025-11-13,2d9da0069b1c78863a213d99114494a997c20edf19f73bf66aea052a7898f123,ACTIVE,POOL_OBSERVATION
001209.SZ,2025-11-14,2d9da0069b1c78863a213d99114494a997c20edf19f73bf66aea052a7898f123,ACTIVE,POOL_OBSERVATION
001209.SZ,2025-11-17,2d9da0069b1c78863a213d99114494a997c20edf19f73bf66aea052a7898f123,ACTIVE,POOL_OBSERVATION
001209.SZ,2025-11-18,2d9da0069b1c78863a213d99114494a997c20edf19f73bf66aea052a7898f123,EXPIRED,POOL_EXPIRED
001212.SZ,2024-07-25,3362d37e648d5473241865f83660476bcdb62de9c7de53fc1f6a4c959d8c1b09,ACTIVE,POOL_ADMISSION
001212.SZ,2024-07-26,3362d37e648d5473241865f83660476bcdb62de9c7de53fc1f6a4c959d8c1b09,ACTIVE,POOL_OBSERVATION
001212.SZ,2024-07-29,3362d37e648d5473241865f83660476bcdb62de9c7de53fc1f6a4c959d8c1b09,ACTIVE,POOL_OBSERVATION
001212.SZ,2024-07-30,3362d37e648d5473241865f83660476bcdb62de9c7de53fc1f6a4c959d8c1b09,ACTIVE,POOL_OBSERVATION
001212.SZ,2024-07-31,3362d37e648d5473241865f83660476bcdb62de9c7de53fc1f6a4c959d8c1b09,ACTIVE,POOL_OBSERVATION
001212.SZ,2024-08-01,3362d37e648d5473241865f83660476bcdb62de9c7de53fc1f6a4c959d8c1b09,ACTIVE,POOL_OBSERVATION
001212.SZ,2024-08-02,3362d37e648d5473241865f83660476bcdb62de9c7de53fc1f6a4c959d8c1b09,EXPIRED,POOL_EXPIRED
001212.SZ,2025-04-07,71e14d2704ac7fc614b94d0880852f90f02916db8ec9466859874e370867345e,ACTIVE,POOL_ADMISSION
001212.SZ,2025-04-08,71e14d2704ac7fc614b94d0880852f90f02916db8ec9466859874e370867345e,ACTIVE,POOL_OBSERVATION
001212.SZ,2025-04-09,71e14d2704ac7fc614b94d0880852f90f02916db8ec9466859874e370867345e,ACTIVE,POOL_OBSERVATION
001212.SZ,2025-04-10,71e14d2704ac7fc614b94d0880852f90f02916db8ec9466859874e370867345e,ACTIVE,POOL_OBSERVATION
001212.SZ,2025-04-11,71e14d2704ac7fc614b94d0880852f90f02916db8ec9466859874e370867345e,ACTIVE,POOL_OBSERVATION
001212.SZ,2025-04-14,71e14d2704ac7fc614b94d0880852f90f02916db8ec9466859874e370867345e,SIGNALLED,ENTRY_SIGNAL
001212.SZ,2025-04-15,71e14d2704ac7fc614b94d0880852f90f02916db8ec9466859874e370867345e,EXPIRED,PENDING_SIGNAL_HORIZON_EXPIRED
001216.SZ,2025-11-19,f7f2923c43a8842f5b7041961605feb297294c90175b7732c5e93eb097c48092,ACTIVE,POOL_ADMISSION
001216.SZ,2025-11-20,f7f2923c43a8842f5b7041961605feb297294c90175b7732c5e93eb097c48092,ACTIVE,POOL_OBSERVATION
001216.SZ,2025-11-21,f7f2923c43a8842f5b7041961605feb297294c90175b7732c5e93eb097c48092,SIGNALLED,ENTRY_SIGNAL
001216.SZ,2025-11-24,f7f2923c43a8842f5b7041961605feb297294c90175b7732c5e93eb097c48092,SIGNALLED,EXECUTION_PENDING
001216.SZ,2025-11-25,f7f2923c43a8842f5b7041961605feb297294c90175b7732c5e93eb097c48092,SIGNALLED,EXECUTION_PENDING
001216.SZ,2025-11-26,f7f2923c43a8842f5b7041961605feb297294c90175b7732c5e93eb097c48092,SIGNALLED,EXECUTION_PENDING
001216.SZ,2025-11-27,f7f2923c43a8842f5b7041961605feb297294c90175b7732c5e93eb097c48092,EXPIRED,PENDING_SIGNAL_HORIZON_EXPIRED
001216.SZ,2026-09-18,3e3eac968753388837fad7682433e2e7798a9e477b7a22cb95ea7bf0d6a2166b,ACTIVE,POOL_ADMISSION
001216.SZ,2026-09-21,3e3eac968753388837fad7682433e2e7798a9e477b7a22cb95ea7bf0d6a2166b,ACTIVE,POOL_OBSERVATION
001216.SZ,2026-09-22,3e3eac968753388837fad7682433e2e7798a9e477b7a22cb95ea7bf0d6a2166b,ACTIVE,POOL_OBSERVATION
001216.SZ,2026-09-23,3e3eac968753388837fad7682433e2e7798a9e477b7a22cb95ea7bf0d6a2166b,ACTIVE,POOL_OBSERVATION
001226.SZ,2025-07-28,49b3c4e3388f7b4f6e32bab165d57905f82af3fbda49a8a5376c2071499d50cb,ACTIVE,POOL_ADMISSION
001226.SZ,2025-07-29,49b3c4e3388f7b4f6e32bab165d57905f82af3fbda49a8a5376c2071499d50cb,SIGNALLED,ENTRY_SIGNAL
001226.SZ,2025-07-30,49b3c4e3388f7b4f6e32bab165d57905f82af3fbda49a8a5376c2071499d50cb,SIGNALLED,EXECUTION_PENDING
001226.SZ,2025-07-31,49b3c4e3388f7b4f6e32bab165d57905f82af3fbda49a8a5376c2071499d50cb,SIGNALLED,EXECUTION_PENDING
001226.SZ,2025-08-01,49b3c4e3388f7b4f6e32bab165d57905f82af3fbda49a8a5376c2071499d50cb,SIGNALLED,EXECUTION_PENDING
001226.SZ,2025-08-04,49b3c4e3388f7b4f6e32bab165d57905f82af3fbda49a8a5376c2071499d50cb,SIGNALLED,EXECUTION_PENDING
001226.SZ,2025-08-05,49b3c4e3388f7b4f6e32bab165d57905f82af3fbda49a8a5376c2071499d50cb,EXPIRED,PENDING_SIGNAL_HORIZON_EXPIRED
001229.SZ,2024-11-22,a352c03f3f45fb07b8299c9f137fc9409ba98ba79dc820463fed3a4e37bb5b68,ACTIVE,POOL_ADMISSION
001229.SZ,2024-11-25,a352c03f3f45fb07b8299c9f137fc9409ba98ba79dc820463fed3a4e37bb5b68,ACTIVE,POOL_OBSERVATION
001229.SZ,2024-11-26,a352c03f3f45fb07b8299c9f137fc9409ba98ba79dc820463fed3a4e37bb5b68,ACTIVE,POOL_OBSERVATION
001229.SZ,2024-11-27,a352c03f3f45fb07b8299c9f137fc9409ba98ba79dc820463fed3a4e37bb5b68,SIGNALLED,ENTRY_SIGNAL
001229.SZ,2024-11-28,a352c03f3f45fb07b8299c9f137fc9409ba98ba79dc820463fed3a4e37bb5b68,SIGNALLED,EXECUTION_PENDING
001229.SZ,2024-11-29,a352c03f3f45fb07b8299c9f137fc9409ba98ba79dc820463fed3a4e37bb5b68,SIGNALLED,EXECUTION_PENDING
001229.SZ,2024-12-02,a352c03f3f45fb07b8299c9f137fc9409ba98ba79dc820463fed3a4e37bb5b68,EXPIRED,PENDING_SIGNAL_HORIZON_EXPIRED
001234.SZ,2025-04-15,fae2580b4e6ec550f12673966d500da0acd947bd011b5be1092dd707352a303d,ACTIVE,POOL_ADMISSION
001234.SZ,2025-04-16,fae2580b4e6ec550f12673966d500da0acd947bd011b5be1092dd707352a303d,ACTIVE,POOL_OBSERVATION
001234.SZ,2025-04-17,fae2580b4e6ec550f12673966d500da0acd947bd011b5be1092dd707352a303d,ACTIVE,POOL_OBSERVATION
001234.SZ,2025-04-18,fae2580b4e6ec550f12673966d500da0acd947bd011b5be1092dd707352a303d,ACTIVE,POOL_OBSERVATION
001234.SZ,2025-04-21,fae2580b4e6ec550f12673966d500da0acd947bd011b5be1092dd707352a303d,ACTIVE,POOL_OBSERVATION
001234.SZ,2025-04-22,fae2580b4e6ec550f12673966d500da0acd947bd011b5be1092dd707352a303d,ACTIVE,POOL_OBSERVATION
001234.SZ,2025-04-23,fae2580b4e6ec550f12673966d500da0acd947bd011b5be1092dd707352a303d,EXPIRED,POOL_EXPIRED
001234.SZ,2025-09-18,0150b01b98c731e358d4bddb707188c73eacd1949b4d3843970807445b966e91,ACTIVE,POOL_ADMISSION
001234.SZ,2025-09-19,0150b01b98c731e358d4bddb707188c73eacd1949b4d3843970807445b966e91,ACTIVE,POOL_OBSERVATION
001234.SZ,2025-09-22,0150b01b98c731e358d4bddb707188c73eacd1949b4d3843970807445b966e91,ACTIVE,POOL_OBSERVATION
001234.SZ,2025-09-23,0150b01b98c731e358d4bddb707188c73eacd1949b4d3843970807445b966e91,SIGNALLED,ENTRY_SIGNAL
001234.SZ,2025-09-24,0150b01b98c731e358d4bddb707188c73eacd1949b4d3843970807445b966e91,SIGNALLED,EXECUTION_PENDING
001234.SZ,2025-09-25,0150b01b98c731e358d4bddb707188c73eacd1949b4d3843970807445b966e91,SIGNALLED,EXECUTION_PENDING
001234.SZ,2025-09-26,0150b01b98c731e358d4bddb707188c73eacd1949b4d3843970807445b966e91,EXPIRED,PENDING_SIGNAL_HORIZON_EXPIRED
001236.SZ,2025-06-27,dd459da9bde7c9096230fb9e3c38880dc273f140b1cb4690d5c630c51aefdfdf,ACTIVE,POOL_ADMISSION
001236.SZ,2025-06-30,dd459da9bde7c9096230fb9e3c38880dc273f140b1cb4690d5c630c51aefdfdf,ACTIVE,POOL_OBSERVATION
001236.SZ,2025-07-01,dd459da9bde7c9096230fb9e3c38880dc273f140b1cb4690d5c630c51aefdfdf,ACTIVE,POOL_OBSERVATION
001236.SZ,2025-07-02,dd459da9bde7c9096230fb9e3c38880dc273f140b1cb4690d5c630c51aefdfdf,ACTIVE,POOL_OBSERVATION
001236.SZ,2025-07-03,dd459da9bde7c9096230fb9e3c38880dc273f140b1cb4690d5c630c51aefdfdf,ACTIVE,POOL_OBSERVATION
001236.SZ,2025-07-04,dd459da9bde7c9096230fb9e3c38880dc273f140b1cb4690d5c630c51aefdfdf,ACTIVE,POOL_OBSERVATION
001236.SZ,2025-07-07,dd459da9bde7c9096230fb9e3c38880dc273f140b1cb4690d5c630c51aefdfdf,EXPIRED,POOL_EXPIRED
001255.SZ,2026-01-15,0fca44142fda34b90046bd9ae8b0f2a2676f236b78d2f9a063f902f1c134630e,ACTIVE,POOL_ADMISSION
001255.SZ,2026-01-16,0fca44142fda34b90046bd9ae8b0f2a2676f236b78d2f9a063f902f1c134630e,ACTIVE,POOL_OBSERVATION
001255.SZ,2026-01-19,0fca44142fda34b90046bd9ae8b0f2a2676f236b78d2f9a063f902f1c134630e,ACTIVE,POOL_OBSERVATION
001255.SZ,2026-01-20,0fca44142fda34b90046bd9ae8b0f2a2676f236b78d2f9a063f902f1c134630e,ACTIVE,POOL_OBSERVATION
001255.SZ,2026-01-21,0fca44142fda34b90046bd9ae8b0f2a2676f236b78d2f9a063f902f1c134630e,ACTIVE,POOL_OBSERVATION
001255.SZ,2026-01-22,0fca44142fda34b90046bd9ae8b0f2a2676f236b78d2f9a063f902f1c134630e,ACTIVE,POOL_OBSERVATION
001255.SZ,2026-01-23,0fca44142fda34b90046bd9ae8b0f2a2676f236b78d2f9a063f902f1c134630e,EXPIRED,POOL_EXPIRED
001258.SZ,2026-07-21,98510d26744d85d3b3c622a1869a5126e41e0f2e1e01ffdbd5552b8c81808d84,ACTIVE,POOL_ADMISSION
001258.SZ,2026-07-22,98510d26744d85d3b3c622a1869a5126e41e0f2e1e01ffdbd5552b8c81808d84,ACTIVE,POOL_OBSERVATION
001258.SZ,2026-07-23,98510d26744d85d3b3c622a1869a5126e41e0f2e1e01ffdbd5552b8c81808d84,ACTIVE,POOL_OBSERVATION
001258.SZ,2026-07-24,98510d26744d85d3b3c622a1869a5126e41e0f2e1e01ffdbd5552b8c81808d84,ACTIVE,POOL_OBSERVATION
001258.SZ,2026-07-27,98510d26744d85d3b3c622a1869a5126e41e0f2e1e01ffdbd5552b8c81808d84,ACTIVE,POOL_OBSERVATION
001258.SZ,2026-07-28,98510d26744d85d3b3c622a1869a5126e41e0f2e1e01ffdbd5552b8c81808d84,ACTIVE,POOL_OBSERVATION
001258.SZ,2026-07-29,98510d26744d85d3b3c622a1869a5126e41e0f2e1e01ffdbd5552b8c81808d84,EXPIRED,POOL_EXPIRED
001259.SZ,2026-05-14,f0c2f433cdd5b4416f1a9884c17b1bb28f1d3eeebc18994d4067dcd81a32338d,ACTIVE,POOL_ADMISSION
001259.SZ,2026-05-15,f0c2f433cdd5b4416f1a9884c17b1bb28f1d3eeebc18994d4067dcd81a32338d,ACTIVE,POOL_OBSERVATION
001259.SZ,2026-05-18,f0c2f433cdd5b4416f1a9884c17b1bb28f1d3eeebc18994d4067dcd81a32338d,ACTIVE,POOL_OBSERVATION
001259.SZ,2026-05-19,f0c2f433cdd5b4416f1a9884c17b1bb28f1d3eeebc18994d4067dcd81a32338d,ACTIVE,POOL_OBSERVATION
001259.SZ,2026-05-20,f0c2f433cdd5b4416f1a9884c17b1bb28f1d3eeebc18994d4067dcd81a32338d,ACTIVE,POOL_OBSERVATION
001259.SZ,2026-05-21,f0c2f433cdd5b4416f1a9884c17b1bb28f1d3eeebc18994d4067dcd81a32338d,ACTIVE,POOL_OBSERVATION
001259.SZ,2026-05-22,f0c2f433cdd5b4416f1a9884c17b1bb28f1d3eeebc18994d4067dcd81a32338d,EXPIRED,POOL_EXPIRED
001298.SZ,2025-06-30,e57ecbac5acc911c38e695b182b6e7daadddd11d97ad64130907a04ad9dd75d6,ACTIVE,POOL_ADMISSION
001298.SZ,2025-07-01,e57ecbac5acc911c38e695b182b6e7daadddd11d97ad64130907a04ad9dd75d6,ACTIVE,POOL_OBSERVATION
001298.SZ,2025-07-02,e57ecbac5acc911c38e695b182b6e7daadddd11d97ad64130907a04ad9dd75d6,ACTIVE,POOL_OBSERVATION
001298.SZ,2025-07-03,e57ecbac5acc911c38e695b182b6e7daadddd11d97ad64130907a04ad9dd75d6,ACTIVE,POOL_OBSERVATION
001298.SZ,2025-07-04,e57ecbac5acc911c38e695b182b6e7daadddd11d97ad64130907a04ad9dd75d6,ACTIVE,POOL_OBSERVATION
001298.SZ,2025-07-07,e57ecbac5acc911c38e695b182b6e7daadddd11d97ad64130907a04ad9dd75d6,ACTIVE,POOL_OBSERVATION
001298.SZ,2025-07-08,e57ecbac5acc911c38e695b182b6e7daadddd11d97ad64130907a04ad9dd75d6,EXPIRED,POOL_EXPIRED
001316.SZ,2025-05-08,549d5116c48177c043163a339538b93decccb0e15c0b8859ef99271f5fb5c50e,ACTIVE,POOL_ADMISSION
001316.SZ,2025-05-09,549d5116c48177c043163a339538b93decccb0e15c0b8859ef99271f5fb5c50e,ACTIVE,POOL_OBSERVATION
001316.SZ,2025-05-12,549d5116c48177c043163a339538b93decccb0e15c0b8859ef99271f5fb5c50e,ACTIVE,POOL_OBSERVATION
001316.SZ,2025-05-13,549d5116c48177c043163a339538b93decccb0e15c0b8859ef99271f5fb5c50e,ACTIVE,POOL_OBSERVATION
001316.SZ,2025-05-14,549d5116c48177c043163a339538b93decccb0e15c0b8859ef99271f5fb5c50e,ACTIVE,POOL_OBSERVATION
001316.SZ,2025-05-15,549d5116c48177c043163a339538b93decccb0e15c0b8859ef99271f5fb5c50e,ACTIVE,POOL_OBSERVATION
001316.SZ,2025-05-16,549d5116c48177c043163a339538b93decccb0e15c0b8859ef99271f5fb5c50e,EXPIRED,POOL_EXPIRED
001318.SZ,2025-03-19,a237dd45f6246859839fec18e71247a5da832c9fdec9500d5387719586218caa,ACTIVE,POOL_ADMISSION
001318.SZ,2025-03-20,a237dd45f6246859839fec18e71247a5da832c9fdec9500d5387719586218caa,ACTIVE,POOL_OBSERVATION
001318.SZ,2025-03-21,a237dd45f6246859839fec18e71247a5da832c9fdec9500d5387719586218caa,SIGNALLED,ENTRY_SIGNAL
001318.SZ,2025-03-24,a237dd45f6246859839fec18e71247a5da832c9fdec9500d5387719586218caa,SIGNALLED,EXECUTION_PENDING
001318.SZ,2025-03-25,a237dd45f6246859839fec18e71247a5da832c9fdec9500d5387719586218caa,SIGNALLED,EXECUTION_PENDING
001318.SZ,2025-03-26,a237dd45f6246859839fec18e71247a5da832c9fdec9500d5387719586218caa,SIGNALLED,EXECUTION_PENDING
001318.SZ,2025-03-27,a237dd45f6246859839fec18e71247a5da832c9fdec9500d5387719586218caa,EXPIRED,PENDING_SIGNAL_HORIZON_EXPIRED
001330.SZ,2025-12-12,9126d5f63452bf80d59cea37a1ff19ad5e145b5360b587831f81546d64803c24,ACTIVE,POOL_ADMISSION
001330.SZ,2025-12-15,9126d5f63452bf80d59cea37a1ff19ad5e145b5360b587831f81546d64803c24,ACTIVE,POOL_OBSERVATION
001330.SZ,2025-12-16,9126d5f63452bf80d59cea37a1ff19ad5e145b5360b587831f81546d64803c24,ACTIVE,POOL_OBSERVATION
001330.SZ,2025-12-17,9126d5f63452bf80d59cea37a1ff19ad5e145b5360b587831f81546d64803c24,ACTIVE,POOL_OBSERVATION
001330.SZ,2025-12-18,9126d5f63452bf80d59cea37a1ff19ad5e145b5360b587831f81546d64803c24,ACTIVE,POOL_OBSERVATION
001330.SZ,2025-12-19,9126d5f63452bf80d59cea37a1ff19ad5e145b5360b587831f81546d64803c24,ACTIVE,POOL_OBSERVATION
001330.SZ,2025-12-22,9126d5f63452bf80d59cea37a1ff19ad5e145b5360b587831f81546d64803c24,EXPIRED,POOL_EXPIRED
001331.SZ,2025-08-04,f121fa83b2437116587785d394379c027280e771ae076670138830fac2bba30a,ACTIVE,POOL_ADMISSION
001331.SZ,2025-08-05,f121fa83b2437116587785d394379c027280e771ae076670138830fac2bba30a,ACTIVE,POOL_OBSERVATION
001331.SZ,2025-08-06,f121fa83b2437116587785d394379c027280e771ae076670138830fac2bba30a,ACTIVE,POOL_OBSERVATION
001331.SZ,2025-08-07,f121fa83b2437116587785d394379c027280e771ae076670138830fac2bba30a,ACTIVE,POOL_OBSERVATION
001331.SZ,2025-08-08,f121fa83b2437116587785d394379c027280e771ae076670138830fac2bba30a,ACTIVE,POOL_OBSERVATION
001331.SZ,2025-08-11,f121fa83b2437116587785d394379c027280e771ae076670138830fac2bba30a,ACTIVE,POOL_OBSERVATION
001331.SZ,2025-08-12,f121fa83b2437116587785d394379c027280e771ae076670138830fac2bba30a,EXPIRED,POOL_EXPIRED
001331.SZ,2025-12-17,1e49b2cb240c70f26ff756a9734aad0802f9a3f8528460887e49de41d5e21f0f,ACTIVE,POOL_ADMISSION
001331.SZ,2025-12-18,1e49b2cb240c70f26ff756a9734aad0802f9a3f8528460887e49de41d5e21f0f,ACTIVE,POOL_OBSERVATION
001331.SZ,2025-12-19,1e49b2cb240c70f26ff756a9734aad0802f9a3f8528460887e49de41d5e21f0f,ACTIVE,POOL_OBSERVATION
001331.SZ,2025-12-22,1e49b2cb240c70f26ff756a9734aad0802f9a3f8528460887e49de41d5e21f0f,ACTIVE,POOL_OBSERVATION
001331.SZ,2025-12-23,1e49b2cb240c70f26ff756a9734aad0802f9a3f8528460887e49de41d5e21f0f,ACTIVE,POOL_OBSERVATION
001331.SZ,2025-12-24,1e49b2cb240c70f26ff756a9734aad0802f9a3f8528460887e49de41d5e21f0f,ACTIVE,POOL_OBSERVATION
001331.SZ,2025-12-25,1e49b2cb240c70f26ff756a9734aad0802f9a3f8528460887e49de41d5e21f0f,EXPIRED,POOL_EXPIRED
001331.SZ,2025-12-26,7943d8294d978183f7a2e80f8f9fbd5c31cf4e6a45794f6f6a4c1fd56f160a0e,ACTIVE,POOL_ADMISSION
001331.SZ,2025-12-29,7943d8294d978183f7a2e80f8f9fbd5c31cf4e6a45794f6f6a4c1fd56f160a0e,ACTIVE,POOL_OBSERVATION
001331.SZ,2025-12-30,7943d8294d978183f7a2e80f8f9fbd5c31cf4e6a45794f6f6a4c1fd56f160a0e,ACTIVE,SUSPENDED_NO_ENTRY_EVALUATION
001331.SZ,2025-12-31,7943d8294d978183f7a2e80f8f9fbd5c31cf4e6a45794f6f6a4c1fd56f160a0e,ACTIVE,SUSPENDED_NO_ENTRY_EVALUATION
001331.SZ,2026-01-05,7943d8294d978183f7a2e80f8f9fbd5c31cf4e6a45794f6f6a4c1fd56f160a0e,ACTIVE,SUSPENDED_NO_ENTRY_EVALUATION
001331.SZ,2026-01-06,7943d8294d978183f7a2e80f8f9fbd5c31cf4e6a45794f6f6a4c1fd56f160a0e,ACTIVE,POOL_OBSERVATION
001331.SZ,2026-01-07,7943d8294d978183f7a2e80f8f9fbd5c31cf4e6a45794f6f6a4c1fd56f160a0e,EXPIRED,POOL_EXPIRED
001331.SZ,2026-01-08,ddb52126e23c9c4e4dfd16cb8fd33d880706b60deeaf83675068d895c5dbc52d,ACTIVE,POOL_ADMISSION
001331.SZ,2026-01-09,ddb52126e23c9c4e4dfd16cb8fd33d880706b60deeaf83675068d895c5dbc52d,SIGNALLED,ENTRY_SIGNAL
001331.SZ,2026-01-12,ddb52126e23c9c4e4dfd16cb8fd33d880706b60deeaf83675068d895c5dbc52d,SIGNALLED,EXECUTION_PENDING
001331.SZ,2026-01-13,ddb52126e23c9c4e4dfd16cb8fd33d880706b60deeaf83675068d895c5dbc52d,SIGNALLED,EXECUTION_PENDING
001331.SZ,2026-01-14,ddb52126e23c9c4e4dfd16cb8fd33d880706b60deeaf83675068d895c5dbc52d,SIGNALLED,EXECUTION_PENDING
001331.SZ,2026-01-15,ddb52126e23c9c4e4dfd16cb8fd33d880706b60deeaf83675068d895c5dbc52d,SIGNALLED,EXECUTION_PENDING
001331.SZ,2026-01-16,ddb52126e23c9c4e4dfd16cb8fd33d880706b60deeaf83675068d895c5dbc52d,EXPIRED,PENDING_SIGNAL_HORIZON_EXPIRED
001337.SZ,2026-01-27,ce1ce2aa428bc1b6a95d42e9aa66cf4491ec50e25f48216bddc107f69c4fa0f8,ACTIVE,POOL_ADMISSION
001337.SZ,2026-01-28,ce1ce2aa428bc1b6a95d42e9aa66cf4491ec50e25f48216bddc107f69c4fa0f8,ACTIVE,POOL_OBSERVATION
001337.SZ,2026-01-29,ce1ce2aa428bc1b6a95d42e9aa66cf4491ec50e25f48216bddc107f69c4fa0f8,ACTIVE,POOL_OBSERVATION
001337.SZ,2026-01-30,ce1ce2aa428bc1b6a95d42e9aa66cf4491ec50e25f48216bddc107f69c4fa0f8,ACTIVE,POOL_OBSERVATION
001337.SZ,2026-02-02,ce1ce2aa428bc1b6a95d42e9aa66cf4491ec50e25f48216bddc107f69c4fa0f8,ACTIVE,POOL_OBSERVATION
001337.SZ,2026-02-03,ce1ce2aa428bc1b6a95d42e9aa66cf4491ec50e25f48216bddc107f69c4fa0f8,ACTIVE,POOL_OBSERVATION
001337.SZ,2026-02-04,ce1ce2aa428bc1b6a95d42e9aa66cf4491ec50e25f48216bddc107f69c4fa0f8,EXPIRED,POOL_EXPIRED
001360.SZ,2025-07-23,7a1ec91259b0b677f28524194ed3c1742827cb9491d41289eba0317a8c00350c,ACTIVE,POOL_ADMISSION
001360.SZ,2025-07-24,7a1ec91259b0b677f28524194ed3c1742827cb9491d41289eba0317a8c00350c,ACTIVE,POOL_OBSERVATION
001360.SZ,2025-07-25,7a1ec91259b0b677f28524194ed3c1742827cb9491d41289eba0317a8c00350c,ACTIVE,POOL_OBSERVATION
001360.SZ,2025-07-28,7a1ec91259b0b677f28524194ed3c1742827cb9491d41289eba0317a8c00350c,ACTIVE,POOL_OBSERVATION
001360.SZ,2025-07-29,7a1ec91259b0b677f28524194ed3c1742827cb9491d41289eba0317a8c00350c,ACTIVE,POOL_OBSERVATION
001360.SZ,2025-07-30,7a1ec91259b0b677f28524194ed3c1742827cb9491d41289eba0317a8c00350c,ACTIVE,POOL_OBSERVATION
001360.SZ,2025-07-31,7a1ec91259b0b677f28524194ed3c1742827cb9491d41289eba0317a8c00350c,EXPIRED,POOL_EXPIRED
001379.SZ,2024-07-25,f8f98ef3cea5fd808323f4f4145fd9bc6136b589de1d0432135c457cc9e7f03c,ACTIVE,POOL_ADMISSION
001379.SZ,2024-07-26,f8f98ef3cea5fd808323f4f4145fd9bc6136b589de1d0432135c457cc9e7f03c,SIGNALLED,ENTRY_SIGNAL
001379.SZ,2024-07-29,f8f98ef3cea5fd808323f4f4145fd9bc6136b589de1d0432135c457cc9e7f03c,SIGNALLED,EXECUTION_PENDING
001379.SZ,2024-07-30,f8f98ef3cea5fd808323f4f4145fd9bc6136b589de1d0432135c457cc9e7f03c,SIGNALLED,EXECUTION_PENDING
001379.SZ,2024-07-31,f8f98ef3cea5fd808323f4f4145fd9bc6136b589de1d0432135c457cc9e7f03c,SIGNALLED,EXECUTION_PENDING
001379.SZ,2024-08-01,f8f98ef3cea5fd808323f4f4145fd9bc6136b589de1d0432135c457cc9e7f03c,SIGNALLED,EXECUTION_PENDING
001379.SZ,2024-08-02,f8f98ef3cea5fd808323f4f4145fd9bc6136b589de1d0432135c457cc9e7f03c,EXPIRED,PENDING_SIGNAL_HORIZON_EXPIRED
001379.SZ,2024-08-05,fb965141dbe636f7ac2a4a933d5d7e14b1cda72ca5c860eef43736e24ff30ae4,ACTIVE,POOL_ADMISSION
001379.SZ,2024-08-06,fb965141dbe636f7ac2a4a933d5d7e14b1cda72ca5c860eef43736e24ff30ae4,ACTIVE,POOL_OBSERVATION
001379.SZ,2024-08-07,fb965141dbe636f7ac2a4a933d5d7e14b1cda72ca5c860eef43736e24ff30ae4,ACTIVE,POOL_OBSERVATION
001379.SZ,2024-08-08,fb965141dbe636f7ac2a4a933d5d7e14b1cda72ca5c860eef43736e24ff30ae4,ACTIVE,POOL_OBSERVATION
001379.SZ,2024-08-09,fb965141dbe636f7ac2a4a933d5d7e14b1cda72ca5c860eef43736e24ff30ae4,ACTIVE,POOL_OBSERVATION
001379.SZ,2024-08-12,fb965141dbe636f7ac2a4a933d5d7e14b1cda72ca5c860eef43736e24ff30ae4,ACTIVE,POOL_OBSERVATION
001379.SZ,2024-08-13,fb965141dbe636f7ac2a4a933d5d7e14b1cda72ca5c860eef43736e24ff30ae4,EXPIRED,POOL_EXPIRED
001395.SZ,2025-04-18,9d06066f008b5b5928ec7f3b3c267f4acb487fcab832585f8fb3afceabd30156,ACTIVE,POOL_ADMISSION
001395.SZ,2025-04-21,9d06066f008b5b5928ec7f3b3c267f4acb487fcab832585f8fb3afceabd30156,ACTIVE,POOL_OBSERVATION
001395.SZ,2025-04-22,9d06066f008b5b5928ec7f3b3c267f4acb487fcab832585f8fb3afceabd30156,ACTIVE,POOL_OBSERVATION
001395.SZ,2025-04-23,9d06066f008b5b5928ec7f3b3c267f4acb487fcab832585f8fb3afceabd30156,ACTIVE,POOL_OBSERVATION
001395.SZ,2025-04-24,9d06066f008b5b5928ec7f3b3c267f4acb487fcab832585f8fb3afceabd30156,ACTIVE,POOL_OBSERVATION
001395.SZ,2025-04-25,9d06066f008b5b5928ec7f3b3c267f4acb487fcab832585f8fb3afceabd30156,ACTIVE,POOL_OBSERVATION
001395.SZ,2025-04-28,9d06066f008b5b5928ec7f3b3c267f4acb487fcab832585f8fb3afceabd30156,EXPIRED,POOL_EXPIRED
001400.SZ,2026-01-09,2f138638bc018638e6efb15308121aa462e1a2a83b57e099b7ab8cbbafb71385,ACTIVE,POOL_ADMISSION
001400.SZ,2026-01-12,2f138638bc018638e6efb15308121aa462e1a2a83b57e099b7ab8cbbafb71385,ACTIVE,POOL_OBSERVATION
001400.SZ,2026-01-13,2f138638bc018638e6efb15308121aa462e1a2a83b57e099b7ab8cbbafb71385,ACTIVE,POOL_OBSERVATION
001400.SZ,2026-01-14,2f138638bc018638e6efb15308121aa462e1a2a83b57e099b7ab8cbbafb71385,SIGNALLED,ENTRY_SIGNAL
001400.SZ,2026-01-15,2f138638bc018638e6efb15308121aa462e1a2a83b57e099b7ab8cbbafb71385,SIGNALLED,EXECUTION_PENDING
001400.SZ,2026-01-16,2f138638bc018638e6efb15308121aa462e1a2a83b57e099b7ab8cbbafb71385,SIGNALLED,EXECUTION_PENDING
001400.SZ,2026-01-19,2f138638bc018638e6efb15308121aa462e1a2a83b57e099b7ab8cbbafb71385,EXPIRED,PENDING_SIGNAL_HORIZON_EXPIRED
001896.SZ,2026-02-24,e3f10bf7a583455427b10d0c96a21158f0f4e304e60e2f2255bffaf2d6478455,ACTIVE,POOL_ADMISSION
001896.SZ,2026-02-25,e3f10bf7a583455427b10d0c96a21158f0f4e304e60e2f2255bffaf2d6478455,ACTIVE,POOL_OBSERVATION
001896.SZ,2026-02-26,e3f10bf7a583455427b10d0c96a21158f0f4e304e60e2f2255bffaf2d6478455,ACTIVE,POOL_OBSERVATION
001896.SZ,2026-02-27,e3f10bf7a583455427b10d0c96a21158f0f4e304e60e2f2255bffaf2d6478455,ACTIVE,POOL_OBSERVATION
001896.SZ,2026-03-02,e3f10bf7a583455427b10d0c96a21158f0f4e304e60e2f2255bffaf2d6478455,ACTIVE,POOL_OBSERVATION
001896.SZ,2026-03-03,e3f10bf7a583455427b10d0c96a21158f0f4e304e60e2f2255bffaf2d6478455,ACTIVE,POOL_OBSERVATION
001896.SZ,2026-03-04,e3f10bf7a583455427b10d0c96a21158f0f4e304e60e2f2255bffaf2d6478455,SIGNALLED,ENTRY_SIGNAL
001896.SZ,2026-03-05,e3f10bf7a583455427b10d0c96a21158f0f4e304e60e2f2255bffaf2d6478455,EXPIRED,PENDING_SIGNAL_HORIZON_EXPIRED
002009.SZ,2025-12-30,c78e0ca53ca4f37a70097dd44633437741b1ea569bb921c346b617277bb3d59d,ACTIVE,POOL_ADMISSION
002009.SZ,2025-12-31,c78e0ca53ca4f37a70097dd44633437741b1ea569bb921c346b617277bb3d59d,ACTIVE,POOL_OBSERVATION
002009.SZ,2026-01-05,c78e0ca53ca4f37a70097dd44633437741b1ea569bb921c346b617277bb3d59d,SIGNALLED,ENTRY_SIGNAL
002009.SZ,2026-01-06,c78e0ca53ca4f37a70097dd44633437741b1ea569bb921c346b617277bb3d59d,SIGNALLED,EXECUTION_PENDING
002009.SZ,2026-01-07,c78e0ca53ca4f37a70097dd44633437741b1ea569bb921c346b617277bb3d59d,SIGNALLED,EXECUTION_PENDING
002009.SZ,2026-01-08,c78e0ca53ca4f37a70097dd44633437741b1ea569bb921c346b617277bb3d59d,SIGNALLED,EXECUTION_PENDING
002009.SZ,2026-01-09,c78e0ca53ca4f37a70097dd44633437741b1ea569bb921c346b617277bb3d59d,EXPIRED,PENDING_SIGNAL_HORIZON_EXPIRED
002015.SZ,2025-06-18,228b78ba0aa57d89181e0c76d5088ce167910d71d75e19bd56b08c09586cd38f,ACTIVE,POOL_ADMISSION
002015.SZ,2025-06-19,228b78ba0aa57d89181e0c76d5088ce167910d71d75e19bd56b08c09586cd38f,ACTIVE,POOL_OBSERVATION
002015.SZ,2025-06-20,228b78ba0aa57d89181e0c76d5088ce167910d71d75e19bd56b08c09586cd38f,ACTIVE,POOL_OBSERVATION
002015.SZ,2025-06-23,228b78ba0aa57d89181e0c76d5088ce167910d71d75e19bd56b08c09586cd38f,ACTIVE,POOL_OBSERVATION
002015.SZ,2025-06-24,228b78ba0aa57d89181e0c76d5088ce167910d71d75e19bd56b08c09586cd38f,ACTIVE,POOL_OBSERVATION
002015.SZ,2025-06-25,228b78ba0aa57d89181e0c76d5088ce167910d71d75e19bd56b08c09586cd38f,ACTIVE,POOL_OBSERVATION
002015.SZ,2025-06-26,228b78ba0aa57d89181e0c76d5088ce167910d71d75e19bd56b08c09586cd38f,EXPIRED,POOL_EXPIRED
002031.SZ,2024-12-04,85974c55382bd651dfa0b4bc02b5a91a4306c8e6eff1b07685aa5f948593ece2,ACTIVE,POOL_ADMISSION
002031.SZ,2024-12-05,85974c55382bd651dfa0b4bc02b5a91a4306c8e6eff1b07685aa5f948593ece2,ACTIVE,POOL_OBSERVATION
002031.SZ,2024-12-06,85974c55382bd651dfa0b4bc02b5a91a4306c8e6eff1b07685aa5f948593ece2,ACTIVE,POOL_OBSERVATION
002031.SZ,2024-12-09,85974c55382bd651dfa0b4bc02b5a91a4306c8e6eff1b07685aa5f948593ece2,ACTIVE,POOL_OBSERVATION
002031.SZ,2024-12-10,85974c55382bd651dfa0b4bc02b5a91a4306c8e6eff1b07685aa5f948593ece2,SIGNALLED,ENTRY_SIGNAL
002031.SZ,2024-12-11,85974c55382bd651dfa0b4bc02b5a91a4306c8e6eff1b07685aa5f948593ece2,SIGNALLED,EXECUTION_PENDING
002031.SZ,2024-12-12,85974c55382bd651dfa0b4bc02b5a91a4306c8e6eff1b07685aa5f948593ece2,EXPIRED,PENDING_SIGNAL_HORIZON_EXPIRED
002036.SZ,2025-02-11,6145a9451a6d9f4593548aad6d3e0e19ccc42505bc1c240761b2a432ae0820f9,ACTIVE,POOL_ADMISSION
002036.SZ,2025-02-12,6145a9451a6d9f4593548aad6d3e0e19ccc42505bc1c240761b2a432ae0820f9,ACTIVE,POOL_OBSERVATION
002036.SZ,2025-02-13,6145a9451a6d9f4593548aad6d3e0e19ccc42505bc1c240761b2a432ae0820f9,ACTIVE,POOL_OBSERVATION
002036.SZ,2025-02-14,6145a9451a6d9f4593548aad6d3e0e19ccc42505bc1c240761b2a432ae0820f9,ACTIVE,POOL_OBSERVATION
002036.SZ,2025-02-17,6145a9451a6d9f4593548aad6d3e0e19ccc42505bc1c240761b2a432ae0820f9,SIGNALLED,ENTRY_SIGNAL
002036.SZ,2025-02-18,6145a9451a6d9f4593548aad6d3e0e19ccc42505bc1c240761b2a432ae0820f9,SIGNALLED,EXECUTION_PENDING
002036.SZ,2025-02-19,6145a9451a6d9f4593548aad6d3e0e19ccc42505bc1c240761b2a432ae0820f9,EXPIRED,PENDING_SIGNAL_HORIZON_EXPIRED
002037.SZ,2025-07-24,7f867bfcad2e818f0fe8365cb78015999d104f03f6467eedf476d95b28bb08b5,ACTIVE,POOL_ADMISSION
002037.SZ,2025-07-25,7f867bfcad2e818f0fe8365cb78015999d104f03f6467eedf476d95b28bb08b5,ACTIVE,POOL_OBSERVATION
002037.SZ,2025-07-28,7f867bfcad2e818f0fe8365cb78015999d104f03f6467eedf476d95b28bb08b5,ACTIVE,POOL_OBSERVATION
002037.SZ,2025-07-29,7f867bfcad2e818f0fe8365cb78015999d104f03f6467eedf476d95b28bb08b5,ACTIVE,POOL_OBSERVATION
002037.SZ,2025-07-30,7f867bfcad2e818f0fe8365cb78015999d104f03f6467eedf476d95b28bb08b5,ACTIVE,POOL_OBSERVATION
002037.SZ,2025-07-31,7f867bfcad2e818f0fe8365cb78015999d104f03f6467eedf476d95b28bb08b5,ACTIVE,POOL_OBSERVATION
002037.SZ,2025-08-01,7f867bfcad2e818f0fe8365cb78015999d104f03f6467eedf476d95b28bb08b5,EXPIRED,POOL_EXPIRED
002040.SZ,2025-05-16,b7b43f2e8bcf8e1f7515ac118172f3fb7715d311a625fdeb27723f3801bbded6,ACTIVE,POOL_ADMISSION
002040.SZ,2025-05-19,b7b43f2e8bcf8e1f7515ac118172f3fb7715d311a625fdeb27723f3801bbded6,ACTIVE,POOL_OBSERVATION
002040.SZ,2025-05-20,b7b43f2e8bcf8e1f7515ac118172f3fb7715d311a625fdeb27723f3801bbded6,ACTIVE,POOL_OBSERVATION
002040.SZ,2025-05-21,b7b43f2e8bcf8e1f7515ac118172f3fb7715d311a625fdeb27723f3801bbded6,SIGNALLED,ENTRY_SIGNAL
002040.SZ,2025-05-22,b7b43f2e8bcf8e1f7515ac118172f3fb7715d311a625fdeb27723f3801bbded6,SIGNALLED,EXECUTION_PENDING
002040.SZ,2025-05-23,b7b43f2e8bcf8e1f7515ac118172f3fb7715d311a625fdeb27723f3801bbded6,SIGNALLED,EXECUTION_PENDING
002040.SZ,2025-05-26,b7b43f2e8bcf8e1f7515ac118172f3fb7715d311a625fdeb27723f3801bbded6,EXPIRED,PENDING_SIGNAL_HORIZON_EXPIRED
002044.SZ,2026-01-14,d6822a1e7bdd5664be3f6e940a7c85867d8022569c0e3b3fee3450823bd175e2,ACTIVE,POOL_ADMISSION
002044.SZ,2026-01-15,d6822a1e7bdd5664be3f6e940a7c85867d8022569c0e3b3fee3450823bd175e2,ACTIVE,POOL_OBSERVATION
002044.SZ,2026-01-16,d6822a1e7bdd5664be3f6e940a7c85867d8022569c0e3b3fee3450823bd175e2,ACTIVE,POOL_OBSERVATION
002044.SZ,2026-01-19,d6822a1e7bdd5664be3f6e940a7c85867d8022569c0e3b3fee3450823bd175e2,ACTIVE,POOL_OBSERVATION
002044.SZ,2026-01-20,d6822a1e7bdd5664be3f6e940a7c85867d8022569c0e3b3fee3450823bd175e2,ACTIVE,POOL_OBSERVATION
002044.SZ,2026-01-21,d6822a1e7bdd5664be3f6e940a7c85867d8022569c0e3b3fee3450823bd175e2,ACTIVE,POOL_OBSERVATION
002044.SZ,2026-01-22,d6822a1e7bdd5664be3f6e940a7c85867d8022569c0e3b3fee3450823bd175e2,EXPIRED,POOL_EXPIRED
002045.SZ,2024-11-20,2032da0ab2bdf0ff3f490b70155b9f3fe3eafc4391acf5a0bf761aa23951e09f,ACTIVE,POOL_ADMISSION
002045.SZ,2024-11-21,2032da0ab2bdf0ff3f490b70155b9f3fe3eafc4391acf5a0bf761aa23951e09f,ACTIVE,POOL_OBSERVATION
002045.SZ,2024-11-22,2032da0ab2bdf0ff3f490b70155b9f3fe3eafc4391acf5a0bf761aa23951e09f,ACTIVE,POOL_OBSERVATION
002045.SZ,2024-11-25,2032da0ab2bdf0ff3f490b70155b9f3fe3eafc4391acf5a0bf761aa23951e09f,SIGNALLED,ENTRY_SIGNAL
002045.SZ,2024-11-26,2032da0ab2bdf0ff3f490b70155b9f3fe3eafc4391acf5a0bf761aa23951e09f,SIGNALLED,EXECUTION_PENDING
002045.SZ,2024-11-27,2032da0ab2bdf0ff3f490b70155b9f3fe3eafc4391acf5a0bf761aa23951e09f,SIGNALLED,EXECUTION_PENDING
002045.SZ,2024-11-28,2032da0ab2bdf0ff3f490b70155b9f3fe3eafc4391acf5a0bf761aa23951e09f,EXPIRED,PENDING_SIGNAL_HORIZON_EXPIRED
002046.SZ,2025-08-07,25f9b3ae5a809903e397de10484226f18c4ecc4329300821515d621ad40841ef,ACTIVE,POOL_ADMISSION
002046.SZ,2025-08-08,25f9b3ae5a809903e397de10484226f18c4ecc4329300821515d621ad40841ef,ACTIVE,POOL_OBSERVATION
002046.SZ,2025-08-11,25f9b3ae5a809903e397de10484226f18c4ecc4329300821515d621ad40841ef,ACTIVE,POOL_OBSERVATION
002046.SZ,2025-08-12,25f9b3ae5a809903e397de10484226f18c4ecc4329300821515d621ad40841ef,ACTIVE,POOL_OBSERVATION
002046.SZ,2025-08-13,25f9b3ae5a809903e397de10484226f18c4ecc4329300821515d621ad40841ef,ACTIVE,POOL_OBSERVATION
002046.SZ,2025-08-14,25f9b3ae5a809903e397de10484226f18c4ecc4329300821515d621ad40841ef,ACTIVE,POOL_OBSERVATION
002046.SZ,2025-08-15,25f9b3ae5a809903e397de10484226f18c4ecc4329300821515d621ad40841ef,EXPIRED,POOL_EXPIRED
002047.SZ,2024-11-01,40f38958b802604c34ae3c0d5a9a0ab5d90a6fb266d356f93adec6e9d5df3547,ACTIVE,POOL_ADMISSION
002047.SZ,2024-11-04,40f38958b802604c34ae3c0d5a9a0ab5d90a6fb266d356f93adec6e9d5df3547,ACTIVE,POOL_OBSERVATION
002047.SZ,2024-11-05,40f38958b802604c34ae3c0d5a9a0ab5d90a6fb266d356f93adec6e9d5df3547,SIGNALLED,ENTRY_SIGNAL
002047.SZ,2024-11-06,40f38958b802604c34ae3c0d5a9a0ab5d90a6fb266d356f93adec6e9d5df3547,SIGNALLED,EXECUTION_PENDING
002047.SZ,2024-11-07,40f38958b802604c34ae3c0d5a9a0ab5d90a6fb266d356f93adec6e9d5df3547,SIGNALLED,EXECUTION_PENDING
002047.SZ,2024-11-08,40f38958b802604c34ae3c0d5a9a0ab5d90a6fb266d356f93adec6e9d5df3547,SIGNALLED,EXECUTION_PENDING
002047.SZ,2024-11-11,40f38958b802604c34ae3c0d5a9a0ab5d90a6fb266d356f93adec6e9d5df3547,EXPIRED,PENDING_SIGNAL_HORIZON_EXPIRED
002052.SZ,2025-08-15,5ad9775ab594a9ee8e566b96748f2efa2995c0a2c0e3b6ec74d06900a452bc18,ACTIVE,POOL_ADMISSION
002052.SZ,2025-08-18,5ad9775ab594a9ee8e566b96748f2efa2995c0a2c0e3b6ec74d06900a452bc18,ACTIVE,POOL_OBSERVATION
002052.SZ,2025-08-19,5ad9775ab594a9ee8e566b96748f2efa2995c0a2c0e3b6ec74d06900a452bc18,ACTIVE,POOL_OBSERVATION
002052.SZ,2025-08-20,5ad9775ab594a9ee8e566b96748f2efa2995c0a2c0e3b6ec74d06900a452bc18,ACTIVE,POOL_OBSERVATION
002052.SZ,2025-08-21,5ad9775ab594a9ee8e566b96748f2efa2995c0a2c0e3b6ec74d06900a452bc18,ACTIVE,POOL_OBSERVATION
002052.SZ,2025-08-22,5ad9775ab594a9ee8e566b96748f2efa2995c0a2c0e3b6ec74d06900a452bc18,SIGNALLED,ENTRY_SIGNAL
002052.SZ,2025-08-25,5ad9775ab594a9ee8e566b96748f2efa2995c0a2c0e3b6ec74d06900a452bc18,EXPIRED,PENDING_SIGNAL_HORIZON_EXPIRED
002058.SZ,2025-02-20,708a3587654a367723c228a8339f09f9bf5e35b1151af3ff83f8ba1936a6d291,ACTIVE,POOL_ADMISSION
002058.SZ,2025-02-21,708a3587654a367723c228a8339f09f9bf5e35b1151af3ff83f8ba1936a6d291,ACTIVE,POOL_OBSERVATION
002058.SZ,2025-02-24,708a3587654a367723c228a8339f09f9bf5e35b1151af3ff83f8ba1936a6d291,ACTIVE,POOL_OBSERVATION
002058.SZ,2025-02-25,708a3587654a367723c228a8339f09f9bf5e35b1151af3ff83f8ba1936a6d291,ACTIVE,POOL_OBSERVATION
002058.SZ,2025-02-26,708a3587654a367723c228a8339f09f9bf5e35b1151af3ff83f8ba1936a6d291,ACTIVE,POOL_OBSERVATION
002058.SZ,2025-02-27,708a3587654a367723c228a8339f09f9bf5e35b1151af3ff83f8ba1936a6d291,ACTIVE,POOL_OBSERVATION
002058.SZ,2025-02-28,708a3587654a367723c228a8339f09f9bf5e35b1151af3ff83f8ba1936a6d291,EXPIRED,POOL_EXPIRED
002059.SZ,2025-09-22,0b857d274efd1e83017d6c18c75668dde86c6018a7dd64e146ec647446616d52,ACTIVE,POOL_ADMISSION
002059.SZ,2025-09-23,0b857d274efd1e83017d6c18c75668dde86c6018a7dd64e146ec647446616d52,ACTIVE,POOL_OBSERVATION
002059.SZ,2025-09-24,0b857d274efd1e83017d6c18c75668dde86c6018a7dd64e146ec647446616d52,ACTIVE,POOL_OBSERVATION
002059.SZ,2025-09-25,0b857d274efd1e83017d6c18c75668dde86c6018a7dd64e146ec647446616d52,ACTIVE,POOL_OBSERVATION
002059.SZ,2025-09-26,0b857d274efd1e83017d6c18c75668dde86c6018a7dd64e146ec647446616d52,ACTIVE,POOL_OBSERVATION
002059.SZ,2025-09-29,0b857d274efd1e83017d6c18c75668dde86c6018a7dd64e146ec647446616d52,ACTIVE,POOL_OBSERVATION
002059.SZ,2025-09-30,0b857d274efd1e83017d6c18c75668dde86c6018a7dd64e146ec647446616d52,EXPIRED,POOL_EXPIRED
002065.SZ,2025-02-20,f04c7c07ca48e5e0fe9163d8e0284a320e770e13ce7205a304e2d3599d02e115,ACTIVE,POOL_ADMISSION
002065.SZ,2025-02-21,f04c7c07ca48e5e0fe9163d8e0284a320e770e13ce7205a304e2d3599d02e115,ACTIVE,POOL_OBSERVATION
002065.SZ,2025-02-24,f04c7c07ca48e5e0fe9163d8e0284a320e770e13ce7205a304e2d3599d02e115,ACTIVE,POOL_OBSERVATION
002065.SZ,2025-02-25,f04c7c07ca48e5e0fe9163d8e0284a320e770e13ce7205a304e2d3599d02e115,ACTIVE,POOL_OBSERVATION
002065.SZ,2025-02-26,f04c7c07ca48e5e0fe9163d8e0284a320e770e13ce7205a304e2d3599d02e115,ACTIVE,POOL_OBSERVATION
002065.SZ,2025-02-27,f04c7c07ca48e5e0fe9163d8e0284a320e770e13ce7205a304e2d3599d02e115,SIGNALLED,ENTRY_SIGNAL
002065.SZ,2025-02-28,f04c7c07ca48e5e0fe9163d8e0284a320e770e13ce7205a304e2d3599d02e115,EXPIRED,PENDING_SIGNAL_HORIZON_EXPIRED
002068.SZ,2026-06-25,08209dfb548bbbf476a49e3f5bd79e5afcaed564b3b46b11a9daf82bf2c71f4b,ACTIVE,POOL_ADMISSION
002068.SZ,2026-06-26,08209dfb548bbbf476a49e3f5bd79e5afcaed564b3b46b11a9daf82bf2c71f4b,ACTIVE,POOL_OBSERVATION
002068.SZ,2026-06-29,08209dfb548bbbf476a49e3f5bd79e5afcaed564b3b46b11a9daf82bf2c71f4b,SIGNALLED,ENTRY_SIGNAL
002068.SZ,2026-06-30,08209dfb548bbbf476a49e3f5bd79e5afcaed564b3b46b11a9daf82bf2c71f4b,SIGNALLED,EXECUTION_PENDING
002068.SZ,2026-07-01,08209dfb548bbbf476a49e3f5bd79e5afcaed564b3b46b11a9daf82bf2c71f4b,SIGNALLED,EXECUTION_PENDING
002068.SZ,2026-07-02,08209dfb548bbbf476a49e3f5bd79e5afcaed564b3b46b11a9daf82bf2c71f4b,SIGNALLED,EXECUTION_PENDING
002068.SZ,2026-07-03,08209dfb548bbbf476a49e3f5bd79e5afcaed564b3b46b11a9daf82bf2c71f4b,EXPIRED,PENDING_SIGNAL_HORIZON_EXPIRED
002072.SZ,2024-08-08,b8efec1459a1f5212e5ec4cd6b9054f0e055ab04d7b69ea09f1a3883945835fb,ACTIVE,POOL_ADMISSION
002072.SZ,2024-08-09,b8efec1459a1f5212e5ec4cd6b9054f0e055ab04d7b69ea09f1a3883945835fb,ACTIVE,POOL_OBSERVATION
002072.SZ,2024-08-12,b8efec1459a1f5212e5ec4cd6b9054f0e055ab04d7b69ea09f1a3883945835fb,ACTIVE,POOL_OBSERVATION
002072.SZ,2024-08-13,b8efec1459a1f5212e5ec4cd6b9054f0e055ab04d7b69ea09f1a3883945835fb,ACTIVE,POOL_OBSERVATION
002072.SZ,2024-08-14,b8efec1459a1f5212e5ec4cd6b9054f0e055ab04d7b69ea09f1a3883945835fb,ACTIVE,POOL_OBSERVATION
002072.SZ,2024-08-15,b8efec1459a1f5212e5ec4cd6b9054f0e055ab04d7b69ea09f1a3883945835fb,ACTIVE,POOL_OBSERVATION
002072.SZ,2024-08-16,b8efec1459a1f5212e5ec4cd6b9054f0e055ab04d7b69ea09f1a3883945835fb,EXPIRED,POOL_EXPIRED
002076.SZ,2024-12-12,5981489bebe536dce54b17462490013db9b2763258ea29bf335b5d5a916629e7,ACTIVE,POOL_ADMISSION
002076.SZ,2024-12-13,5981489bebe536dce54b17462490013db9b2763258ea29bf335b5d5a916629e7,ACTIVE,POOL_OBSERVATION
002076.SZ,2024-12-16,5981489bebe536dce54b17462490013db9b2763258ea29bf335b5d5a916629e7,SIGNALLED,ENTRY_SIGNAL
002076.SZ,2024-12-17,5981489bebe536dce54b17462490013db9b2763258ea29bf335b5d5a916629e7,SIGNALLED,EXECUTION_PENDING
002076.SZ,2024-12-18,5981489bebe536dce54b17462490013db9b2763258ea29bf335b5d5a916629e7,SIGNALLED,EXECUTION_PENDING
002076.SZ,2024-12-19,5981489bebe536dce54b17462490013db9b2763258ea29bf335b5d5a916629e7,SIGNALLED,EXECUTION_PENDING
002076.SZ,2024-12-20,5981489bebe536dce54b17462490013db9b2763258ea29bf335b5d5a916629e7,EXPIRED,PENDING_SIGNAL_HORIZON_EXPIRED
002081.SZ,2026-04-22,a754522936982afcecb478f6ac9df4e3361af1c726a3550c7481150c581358ad,ACTIVE,POOL_ADMISSION
002081.SZ,2026-04-23,a754522936982afcecb478f6ac9df4e3361af1c726a3550c7481150c581358ad,ACTIVE,POOL_OBSERVATION
002081.SZ,2026-04-24,a754522936982afcecb478f6ac9df4e3361af1c726a3550c7481150c581358ad,ACTIVE,POOL_OBSERVATION
002081.SZ,2026-04-27,a754522936982afcecb478f6ac9df4e3361af1c726a3550c7481150c581358ad,ACTIVE,POOL_OBSERVATION
002081.SZ,2026-04-28,a754522936982afcecb478f6ac9df4e3361af1c726a3550c7481150c581358ad,ACTIVE,POOL_OBSERVATION
002081.SZ,2026-04-29,a754522936982afcecb478f6ac9df4e3361af1c726a3550c7481150c581358ad,SIGNALLED,ENTRY_SIGNAL
002081.SZ,2026-04-30,a754522936982afcecb478f6ac9df4e3361af1c726a3550c7481150c581358ad,EXPIRED,PENDING_SIGNAL_HORIZON_EXPIRED
002081.SZ,2026-05-06,1d0eb77a857035cc2a6c079dbca0be362b1c8addc54f7cccdec11c4742c4ae36,ACTIVE,POOL_ADMISSION
002081.SZ,2026-05-07,1d0eb77a857035cc2a6c079dbca0be362b1c8addc54f7cccdec11c4742c4ae36,ACTIVE,POOL_OBSERVATION
002081.SZ,2026-05-08,1d0eb77a857035cc2a6c079dbca0be362b1c8addc54f7cccdec11c4742c4ae36,ACTIVE,POOL_OBSERVATION
002081.SZ,2026-05-11,1d0eb77a857035cc2a6c079dbca0be362b1c8addc54f7cccdec11c4742c4ae36,ACTIVE,POOL_OBSERVATION
002081.SZ,2026-05-12,1d0eb77a857035cc2a6c079dbca0be362b1c8addc54f7cccdec11c4742c4ae36,ACTIVE,POOL_OBSERVATION
002081.SZ,2026-05-13,1d0eb77a857035cc2a6c079dbca0be362b1c8addc54f7cccdec11c4742c4ae36,ACTIVE,POOL_OBSERVATION
002081.SZ,2026-05-14,1d0eb77a857035cc2a6c079dbca0be362b1c8addc54f7cccdec11c4742c4ae36,SIGNALLED,ENTRY_SIGNAL
002081.SZ,2026-05-15,1d0eb77a857035cc2a6c079dbca0be362b1c8addc54f7cccdec11c4742c4ae36,EXPIRED,PENDING_SIGNAL_HORIZON_EXPIRED
002081.SZ,2026-08-17,b8ee2e003d3b43516d9b23394c929b8ad6a2c26b0c7068e83b9dbdd235fecb65,ACTIVE,POOL_ADMISSION
002081.SZ,2026-08-18,b8ee2e003d3b43516d9b23394c929b8ad6a2c26b0c7068e83b9dbdd235fecb65,ACTIVE,POOL_OBSERVATION
002081.SZ,2026-08-19,b8ee2e003d3b43516d9b23394c929b8ad6a2c26b0c7068e83b9dbdd235fecb65,ACTIVE,POOL_OBSERVATION
002081.SZ,2026-08-20,b8ee2e003d3b43516d9b23394c929b8ad6a2c26b0c7068e83b9dbdd235fecb65,ACTIVE,POOL_OBSERVATION
002081.SZ,2026-08-21,b8ee2e003d3b43516d9b23394c929b8ad6a2c26b0c7068e83b9dbdd235fecb65,ACTIVE,POOL_OBSERVATION
002081.SZ,2026-08-24,b8ee2e003d3b43516d9b23394c929b8ad6a2c26b0c7068e83b9dbdd235fecb65,ACTIVE,POOL_OBSERVATION
002081.SZ,2026-08-25,b8ee2e003d3b43516d9b23394c929b8ad6a2c26b0c7068e83b9dbdd235fecb65,EXPIRED,POOL_EXPIRED
002083.SZ,2025-11-11,307a8b7d1853c5ed5938461440171e12202f5b62c2f29651b0fd298585b14105,ACTIVE,POOL_ADMISSION
002083.SZ,2025-11-12,307a8b7d1853c5ed5938461440171e12202f5b62c2f29651b0fd298585b14105,ACTIVE,POOL_OBSERVATION
002083.SZ,2025-11-13,307a8b7d1853c5ed5938461440171e12202f5b62c2f29651b0fd298585b14105,ACTIVE,POOL_OBSERVATION
002083.SZ,2025-11-14,307a8b7d1853c5ed5938461440171e12202f5b62c2f29651b0fd298585b14105,ACTIVE,POOL_OBSERVATION
002083.SZ,2025-11-17,307a8b7d1853c5ed5938461440171e12202f5b62c2f29651b0fd298585b14105,ACTIVE,POOL_OBSERVATION
002083.SZ,2025-11-18,307a8b7d1853c5ed5938461440171e12202f5b62c2f29651b0fd298585b14105,ACTIVE,POOL_OBSERVATION
002083.SZ,2025-11-19,307a8b7d1853c5ed5938461440171e12202f5b62c2f29651b0fd298585b14105,EXPIRED,POOL_EXPIRED
002084.SZ,2025-04-08,adf14118b2b8827bda39aea259c82fb405697a2aebe3703a03d07ca0e59e6544,ACTIVE,POOL_ADMISSION
002084.SZ,2025-04-09,adf14118b2b8827bda39aea259c82fb405697a2aebe3703a03d07ca0e59e6544,ACTIVE,POOL_OBSERVATION
002084.SZ,2025-04-10,adf14118b2b8827bda39aea259c82fb405697a2aebe3703a03d07ca0e59e6544,ACTIVE,POOL_OBSERVATION
002084.SZ,2025-04-11,adf14118b2b8827bda39aea259c82fb405697a2aebe3703a03d07ca0e59e6544,ACTIVE,POOL_OBSERVATION
002084.SZ,2025-04-14,adf14118b2b8827bda39aea259c82fb405697a2aebe3703a03d07ca0e59e6544,ACTIVE,POOL_OBSERVATION
002084.SZ,2025-04-15,adf14118b2b8827bda39aea259c82fb405697a2aebe3703a03d07ca0e59e6544,ACTIVE,POOL_OBSERVATION
002084.SZ,2025-04-16,adf14118b2b8827bda39aea259c82fb405697a2aebe3703a03d07ca0e59e6544,EXPIRED,POOL_EXPIRED
002084.SZ,2026-08-27,8450017967c745fef50e9f0ac46f4117177a8bea25687be5950286f80d467d81,ACTIVE,POOL_ADMISSION
002084.SZ,2026-08-28,8450017967c745fef50e9f0ac46f4117177a8bea25687be5950286f80d467d81,ACTIVE,POOL_OBSERVATION
002084.SZ,2026-08-31,8450017967c745fef50e9f0ac46f4117177a8bea25687be5950286f80d467d81,ACTIVE,POOL_OBSERVATION
002084.SZ,2026-09-01,8450017967c745fef50e9f0ac46f4117177a8bea25687be5950286f80d467d81,ACTIVE,POOL_OBSERVATION
002084.SZ,2026-09-02,8450017967c745fef50e9f0ac46f4117177a8bea25687be5950286f80d467d81,ACTIVE,POOL_OBSERVATION
002084.SZ,2026-09-03,8450017967c745fef50e9f0ac46f4117177a8bea25687be5950286f80d467d81,SIGNALLED,ENTRY_SIGNAL
002084.SZ,2026-09-04,8450017967c745fef50e9f0ac46f4117177a8bea25687be5950286f80d467d81,EXPIRED,PENDING_SIGNAL_HORIZON_EXPIRED
002086.SZ,2025-03-18,2842e89b1571bcf05b7ef14a4c155618d4ca7d3cda5c81f07ef35f097b73e85f,ACTIVE,POOL_ADMISSION
002086.SZ,2025-03-19,2842e89b1571bcf05b7ef14a4c155618d4ca7d3cda5c81f07ef35f097b73e85f,ACTIVE,POOL_OBSERVATION
002086.SZ,2025-03-20,2842e89b1571bcf05b7ef14a4c155618d4ca7d3cda5c81f07ef35f097b73e85f,ACTIVE,POOL_OBSERVATION
002086.SZ,2025-03-21,2842e89b1571bcf05b7ef14a4c155618d4ca7d3cda5c81f07ef35f097b73e85f,SIGNALLED,ENTRY_SIGNAL
002086.SZ,2025-03-24,2842e89b1571bcf05b7ef14a4c155618d4ca7d3cda5c81f07ef35f097b73e85f,SIGNALLED,EXECUTION_PENDING
002086.SZ,2025-03-25,2842e89b1571bcf05b7ef14a4c155618d4ca7d3cda5c81f07ef35f097b73e85f,SIGNALLED,EXECUTION_PENDING
002086.SZ,2025-03-26,2842e89b1571bcf05b7ef14a4c155618d4ca7d3cda5c81f07ef35f097b73e85f,EXPIRED,PENDING_SIGNAL_HORIZON_EXPIRED
002094.SZ,2024-10-17,ef398f0e46449c5788aa0ba9b6fbbbf19dfbc1ecb16c679d8dfd0c78e3af0d99,SIGNALLED,ENTRY_SIGNAL
002094.SZ,2024-10-18,ef398f0e46449c5788aa0ba9b6fbbbf19dfbc1ecb16c679d8dfd0c78e3af0d99,SIGNALLED,EXECUTION_PENDING
002094.SZ,2024-10-21,ef398f0e46449c5788aa0ba9b6fbbbf19dfbc1ecb16c679d8dfd0c78e3af0d99,SIGNALLED,EXECUTION_PENDING
002094.SZ,2024-10-22,ef398f0e46449c5788aa0ba9b6fbbbf19dfbc1ecb16c679d8dfd0c78e3af0d99,SIGNALLED,EXECUTION_PENDING
002094.SZ,2024-10-23,ef398f0e46449c5788aa0ba9b6fbbbf19dfbc1ecb16c679d8dfd0c78e3af0d99,SIGNALLED,EXECUTION_PENDING
002094.SZ,2024-10-24,ef398f0e46449c5788aa0ba9b6fbbbf19dfbc1ecb16c679d8dfd0c78e3af0d99,SIGNALLED,EXECUTION_PENDING
002094.SZ,2024-10-25,ef398f0e46449c5788aa0ba9b6fbbbf19dfbc1ecb16c679d8dfd0c78e3af0d99,EXPIRED,PENDING_SIGNAL_HORIZON_EXPIRED
002094.SZ,2024-10-28,dd555067f117cdbc48e116109b2d9d224aac3c5e9d0851b325d209e29dd1f193,ACTIVE,POOL_ADMISSION
002094.SZ,2024-10-29,dd555067f117cdbc48e116109b2d9d224aac3c5e9d0851b325d209e29dd1f193,ACTIVE,POOL_OBSERVATION
002094.SZ,2024-10-30,dd555067f117cdbc48e116109b2d9d224aac3c5e9d0851b325d209e29dd1f193,ACTIVE,POOL_OBSERVATION
002094.SZ,2024-10-31,dd555067f117cdbc48e116109b2d9d224aac3c5e9d0851b325d209e29dd1f193,ACTIVE,POOL_OBSERVATION
002094.SZ,2024-11-01,dd555067f117cdbc48e116109b2d9d224aac3c5e9d0851b325d209e29dd1f193,ACTIVE,POOL_OBSERVATION
002094.SZ,2024-11-04,dd555067f117cdbc48e116109b2d9d224aac3c5e9d0851b325d209e29dd1f193,ACTIVE,POOL_OBSERVATION
002094.SZ,2024-11-05,dd555067f117cdbc48e116109b2d9d224aac3c5e9d0851b325d209e29dd1f193,SIGNALLED,ENTRY_SIGNAL
002094.SZ,2024-11-06,dd555067f117cdbc48e116109b2d9d224aac3c5e9d0851b325d209e29dd1f193,EXPIRED,PENDING_SIGNAL_HORIZON_EXPIRED
002094.SZ,2025-04-10,62b98360cd0a28ccde7c32d8f2e37e44c881de7066a8c99fc13734a48d79fd30,ACTIVE,POOL_ADMISSION
002094.SZ,2025-04-11,62b98360cd0a28ccde7c32d8f2e37e44c881de7066a8c99fc13734a48d79fd30,ACTIVE,POOL_OBSERVATION
002094.SZ,2025-04-14,62b98360cd0a28ccde7c32d8f2e37e44c881de7066a8c99fc13734a48d79fd30,SIGNALLED,ENTRY_SIGNAL
002094.SZ,2025-04-15,62b98360cd0a28ccde7c32d8f2e37e44c881de7066a8c99fc13734a48d79fd30,SIGNALLED,EXECUTION_PENDING
002094.SZ,2025-04-16,62b98360cd0a28ccde7c32d8f2e37e44c881de7066a8c99fc13734a48d79fd30,SIGNALLED,EXECUTION_PENDING
002094.SZ,2025-04-17,62b98360cd0a28ccde7c32d8f2e37e44c881de7066a8c99fc13734a48d79fd30,SIGNALLED,EXECUTION_PENDING
002094.SZ,2025-04-18,62b98360cd0a28ccde7c32d8f2e37e44c881de7066a8c99fc13734a48d79fd30,EXPIRED,PENDING_SIGNAL_HORIZON_EXPIRED
002095.SZ,2024-11-22,436b5d4f1c06429a482ecdf8dbc054fa964b946fe1ea8639465baf4c67ccaeb8,ACTIVE,POOL_ADMISSION
002095.SZ,2024-11-25,436b5d4f1c06429a482ecdf8dbc054fa964b946fe1ea8639465baf4c67ccaeb8,ACTIVE,POOL_OBSERVATION
002095.SZ,2024-11-26,436b5d4f1c06429a482ecdf8dbc054fa964b946fe1ea8639465baf4c67ccaeb8,ACTIVE,POOL_OBSERVATION
002095.SZ,2024-11-27,436b5d4f1c06429a482ecdf8dbc054fa964b946fe1ea8639465baf4c67ccaeb8,SIGNALLED,ENTRY_SIGNAL
002095.SZ,2024-11-28,436b5d4f1c06429a482ecdf8dbc054fa964b946fe1ea8639465baf4c67ccaeb8,SIGNALLED,EXECUTION_PENDING
002095.SZ,2024-11-29,436b5d4f1c06429a482ecdf8dbc054fa964b946fe1ea8639465baf4c67ccaeb8,SIGNALLED,EXECUTION_PENDING
002095.SZ,2024-12-02,436b5d4f1c06429a482ecdf8dbc054fa964b946fe1ea8639465baf4c67ccaeb8,EXPIRED,PENDING_SIGNAL_HORIZON_EXPIRED
002097.SZ,2025-07-24,1cf53540da7d2037279289b5de9be530259d4ad7886bce6e832b1561a2c0caf8,ACTIVE,POOL_ADMISSION
002097.SZ,2025-07-25,1cf53540da7d2037279289b5de9be530259d4ad7886bce6e832b1561a2c0caf8,ACTIVE,POOL_OBSERVATION
002097.SZ,2025-07-28,1cf53540da7d2037279289b5de9be530259d4ad7886bce6e832b1561a2c0caf8,ACTIVE,POOL_OBSERVATION
002097.SZ,2025-07-29,1cf53540da7d2037279289b5de9be530259d4ad7886bce6e832b1561a2c0caf8,ACTIVE,POOL_OBSERVATION
002097.SZ,2025-07-30,1cf53540da7d2037279289b5de9be530259d4ad7886bce6e832b1561a2c0caf8,ACTIVE,POOL_OBSERVATION
002097.SZ,2025-07-31,1cf53540da7d2037279289b5de9be530259d4ad7886bce6e832b1561a2c0caf8,ACTIVE,POOL_OBSERVATION
002097.SZ,2025-08-01,1cf53540da7d2037279289b5de9be530259d4ad7886bce6e832b1561a2c0caf8,EXPIRED,POOL_EXPIRED
002103.SZ,2024-11-25,b23ee8341eb78fe1147a76173751572ac438f4819ea1d20ec73d5a62ff773a7e,ACTIVE,POOL_ADMISSION
002103.SZ,2024-11-26,b23ee8341eb78fe1147a76173751572ac438f4819ea1d20ec73d5a62ff773a7e,ACTIVE,POOL_OBSERVATION
002103.SZ,2024-11-27,b23ee8341eb78fe1147a76173751572ac438f4819ea1d20ec73d5a62ff773a7e,ACTIVE,POOL_OBSERVATION
002103.SZ,2024-11-28,b23ee8341eb78fe1147a76173751572ac438f4819ea1d20ec73d5a62ff773a7e,ACTIVE,POOL_OBSERVATION
002103.SZ,2024-11-29,b23ee8341eb78fe1147a76173751572ac438f4819ea1d20ec73d5a62ff773a7e,ACTIVE,POOL_OBSERVATION
002103.SZ,2024-12-02,b23ee8341eb78fe1147a76173751572ac438f4819ea1d20ec73d5a62ff773a7e,ACTIVE,POOL_OBSERVATION
002103.SZ,2024-12-03,b23ee8341eb78fe1147a76173751572ac438f4819ea1d20ec73d5a62ff773a7e,EXPIRED,POOL_EXPIRED
002104.SZ,2025-06-05,db438f4626f2b990f9e2b5e41b234cfae4b4eb5193284495834ab7c067e659f5,SIGNALLED,ENTRY_SIGNAL
002104.SZ,2025-06-06,db438f4626f2b990f9e2b5e41b234cfae4b4eb5193284495834ab7c067e659f5,SIGNALLED,EXECUTION_PENDING
002104.SZ,2025-06-09,db438f4626f2b990f9e2b5e41b234cfae4b4eb5193284495834ab7c067e659f5,SIGNALLED,EXECUTION_PENDING
002104.SZ,2025-06-10,db438f4626f2b990f9e2b5e41b234cfae4b4eb5193284495834ab7c067e659f5,SIGNALLED,EXECUTION_PENDING
002104.SZ,2025-06-11,db438f4626f2b990f9e2b5e41b234cfae4b4eb5193284495834ab7c067e659f5,SIGNALLED,EXECUTION_PENDING
002104.SZ,2025-06-12,db438f4626f2b990f9e2b5e41b234cfae4b4eb5193284495834ab7c067e659f5,SIGNALLED,EXECUTION_PENDING
002104.SZ,2025-06-13,db438f4626f2b990f9e2b5e41b234cfae4b4eb5193284495834ab7c067e659f5,EXPIRED,PENDING_SIGNAL_HORIZON_EXPIRED
002105.SZ,2025-03-07,a75168312769f1b48bca499c309d46f885de66eaf8167d0a250458a4c4880189,ACTIVE,POOL_ADMISSION
002105.SZ,2025-03-10,a75168312769f1b48bca499c309d46f885de66eaf8167d0a250458a4c4880189,ACTIVE,POOL_OBSERVATION
002105.SZ,2025-03-11,a75168312769f1b48bca499c309d46f885de66eaf8167d0a250458a4c4880189,ACTIVE,POOL_OBSERVATION
002105.SZ,2025-03-12,a75168312769f1b48bca499c309d46f885de66eaf8167d0a250458a4c4880189,ACTIVE,POOL_OBSERVATION
002105.SZ,2025-03-13,a75168312769f1b48bca499c309d46f885de66eaf8167d0a250458a4c4880189,ACTIVE,POOL_OBSERVATION
002105.SZ,2025-03-14,a75168312769f1b48bca499c309d46f885de66eaf8167d0a250458a4c4880189,SIGNALLED,ENTRY_SIGNAL
002105.SZ,2025-03-17,a75168312769f1b48bca499c309d46f885de66eaf8167d0a250458a4c4880189,EXPIRED,PENDING_SIGNAL_HORIZON_EXPIRED
002112.SZ,2026-01-19,cfeeb7ea9f26f1b77919e83dcbe1c29f83508930f48f5976d2290a2d59d79e24,SIGNALLED,ENTRY_SIGNAL
002112.SZ,2026-01-20,cfeeb7ea9f26f1b77919e83dcbe1c29f83508930f48f5976d2290a2d59d79e24,SIGNALLED,EXECUTION_PENDING
002112.SZ,2026-01-21,cfeeb7ea9f26f1b77919e83dcbe1c29f83508930f48f5976d2290a2d59d79e24,SIGNALLED,EXECUTION_PENDING
002112.SZ,2026-01-22,cfeeb7ea9f26f1b77919e83dcbe1c29f83508930f48f5976d2290a2d59d79e24,SIGNALLED,EXECUTION_PENDING
002112.SZ,2026-01-23,cfeeb7ea9f26f1b77919e83dcbe1c29f83508930f48f5976d2290a2d59d79e24,SIGNALLED,EXECUTION_PENDING
002112.SZ,2026-01-26,cfeeb7ea9f26f1b77919e83dcbe1c29f83508930f48f5976d2290a2d59d79e24,SIGNALLED,EXECUTION_PENDING
002112.SZ,2026-01-27,cfeeb7ea9f26f1b77919e83dcbe1c29f83508930f48f5976d2290a2d59d79e24,EXPIRED,PENDING_SIGNAL_HORIZON_EXPIRED
002115.SZ,2024-12-13,2e85ac454cf9e2cf3f1c35de8413532518dd356f6e13b0220bcc52688a8fb658,ACTIVE,POOL_ADMISSION
002115.SZ,2024-12-16,2e85ac454cf9e2cf3f1c35de8413532518dd356f6e13b0220bcc52688a8fb658,ACTIVE,POOL_OBSERVATION
002115.SZ,2024-12-17,2e85ac454cf9e2cf3f1c35de8413532518dd356f6e13b0220bcc52688a8fb658,ACTIVE,POOL_OBSERVATION
002115.SZ,2024-12-18,2e85ac454cf9e2cf3f1c35de8413532518dd356f6e13b0220bcc52688a8fb658,ACTIVE,POOL_OBSERVATION
002115.SZ,2024-12-19,2e85ac454cf9e2cf3f1c35de8413532518dd356f6e13b0220bcc52688a8fb658,ACTIVE,POOL_OBSERVATION
002115.SZ,2024-12-20,2e85ac454cf9e2cf3f1c35de8413532518dd356f6e13b0220bcc52688a8fb658,ACTIVE,POOL_OBSERVATION
002115.SZ,2024-12-23,2e85ac454cf9e2cf3f1c35de8413532518dd356f6e13b0220bcc52688a8fb658,EXPIRED,POOL_EXPIRED
002115.SZ,2026-01-14,cd235820dddeecebaec5ff42414560f1906298c8ba175c08bfebfea4444b49d9,ACTIVE,POOL_ADMISSION
002115.SZ,2026-01-15,cd235820dddeecebaec5ff42414560f1906298c8ba175c08bfebfea4444b49d9,ACTIVE,POOL_OBSERVATION
002115.SZ,2026-01-16,cd235820dddeecebaec5ff42414560f1906298c8ba175c08bfebfea4444b49d9,ACTIVE,POOL_OBSERVATION
002115.SZ,2026-01-19,cd235820dddeecebaec5ff42414560f1906298c8ba175c08bfebfea4444b49d9,ACTIVE,POOL_OBSERVATION
002115.SZ,2026-01-20,cd235820dddeecebaec5ff42414560f1906298c8ba175c08bfebfea4444b49d9,ACTIVE,POOL_OBSERVATION
002115.SZ,2026-01-21,cd235820dddeecebaec5ff42414560f1906298c8ba175c08bfebfea4444b49d9,ACTIVE,POOL_OBSERVATION
002115.SZ,2026-01-22,cd235820dddeecebaec5ff42414560f1906298c8ba175c08bfebfea4444b49d9,EXPIRED,POOL_EXPIRED
002117.SZ,2025-01-03,99ff856d561aae29087a0a823dc732abee14895e7b75b57d774c77bd05df5e7a,SIGNALLED,ENTRY_SIGNAL
002117.SZ,2025-01-06,99ff856d561aae29087a0a823dc732abee14895e7b75b57d774c77bd05df5e7a,SIGNALLED,EXECUTION_PENDING
002117.SZ,2025-01-07,99ff856d561aae29087a0a823dc732abee14895e7b75b57d774c77bd05df5e7a,SIGNALLED,EXECUTION_PENDING
002117.SZ,2025-01-08,99ff856d561aae29087a0a823dc732abee14895e7b75b57d774c77bd05df5e7a,SIGNALLED,EXECUTION_PENDING
002117.SZ,2025-01-09,99ff856d561aae29087a0a823dc732abee14895e7b75b57d774c77bd05df5e7a,SIGNALLED,EXECUTION_PENDING
002117.SZ,2025-01-10,99ff856d561aae29087a0a823dc732abee14895e7b75b57d774c77bd05df5e7a,SIGNALLED,EXECUTION_PENDING
002117.SZ,2025-01-13,99ff856d561aae29087a0a823dc732abee14895e7b75b57d774c77bd05df5e7a,EXPIRED,PENDING_SIGNAL_HORIZON_EXPIRED
002122.SZ,2024-12-11,996cbe3eccb10c983994c9dbc321137c8d4fb9fd0fc5757e83945ff5b786adf6,ACTIVE,POOL_ADMISSION
002122.SZ,2024-12-12,996cbe3eccb10c983994c9dbc321137c8d4fb9fd0fc5757e83945ff5b786adf6,ACTIVE,POOL_OBSERVATION
002122.SZ,2024-12-13,996cbe3eccb10c983994c9dbc321137c8d4fb9fd0fc5757e83945ff5b786adf6,SIGNALLED,ENTRY_SIGNAL
002122.SZ,2024-12-16,996cbe3eccb10c983994c9dbc321137c8d4fb9fd0fc5757e83945ff5b786adf6,SIGNALLED,EXECUTION_PENDING
002122.SZ,2024-12-17,996cbe3eccb10c983994c9dbc321137c8d4fb9fd0fc5757e83945ff5b786adf6,SIGNALLED,EXECUTION_PENDING
002122.SZ,2024-12-18,996cbe3eccb10c983994c9dbc321137c8d4fb9fd0fc5757e83945ff5b786adf6,SIGNALLED,EXECUTION_PENDING
002122.SZ,2024-12-19,996cbe3eccb10c983994c9dbc321137c8d4fb9fd0fc5757e83945ff5b786adf6,EXPIRED,PENDING_SIGNAL_HORIZON_EXPIRED
002123.SZ,2025-02-10,55d0b47b5a6fb788f376016fb0688357f122aae3585a6aa3f4597bcd54106402,ACTIVE,POOL_ADMISSION
002123.SZ,2025-02-11,55d0b47b5a6fb788f376016fb0688357f122aae3585a6aa3f4597bcd54106402,ACTIVE,POOL_OBSERVATION
002123.SZ,2025-02-12,55d0b47b5a6fb788f376016fb0688357f122aae3585a6aa3f4597bcd54106402,ACTIVE,POOL_OBSERVATION
002123.SZ,2025-02-13,55d0b47b5a6fb788f376016fb0688357f122aae3585a6aa3f4597bcd54106402,ACTIVE,POOL_OBSERVATION
002123.SZ,2025-02-14,55d0b47b5a6fb788f376016fb0688357f122aae3585a6aa3f4597bcd54106402,ACTIVE,POOL_OBSERVATION
002123.SZ,2025-02-17,55d0b47b5a6fb788f376016fb0688357f122aae3585a6aa3f4597bcd54106402,ACTIVE,POOL_OBSERVATION
002123.SZ,2025-02-18,55d0b47b5a6fb788f376016fb0688357f122aae3585a6aa3f4597bcd54106402,EXPIRED,POOL_EXPIRED
002125.SZ,2025-06-24,1003c01a22ef5494ae7f94ae7b27de653de1b26352b546fbe153ff97a09e49d1,ACTIVE,POOL_ADMISSION
002125.SZ,2025-06-25,1003c01a22ef5494ae7f94ae7b27de653de1b26352b546fbe153ff97a09e49d1,ACTIVE,POOL_OBSERVATION
002125.SZ,2025-06-26,1003c01a22ef5494ae7f94ae7b27de653de1b26352b546fbe153ff97a09e49d1,ACTIVE,POOL_OBSERVATION
002125.SZ,2025-06-27,1003c01a22ef5494ae7f94ae7b27de653de1b26352b546fbe153ff97a09e49d1,ACTIVE,POOL_OBSERVATION
002125.SZ,2025-06-30,1003c01a22ef5494ae7f94ae7b27de653de1b26352b546fbe153ff97a09e49d1,ACTIVE,POOL_OBSERVATION
002125.SZ,2025-07-01,1003c01a22ef5494ae7f94ae7b27de653de1b26352b546fbe153ff97a09e49d1,ACTIVE,POOL_OBSERVATION
002125.SZ,2025-07-02,1003c01a22ef5494ae7f94ae7b27de653de1b26352b546fbe153ff97a09e49d1,EXPIRED,POOL_EXPIRED
002131.SZ,2024-11-29,6c852c0140e38967181cbac8a2264a1d2aaeabfac2279fb82ec41dd259c85092,ACTIVE,POOL_ADMISSION
002131.SZ,2024-12-02,6c852c0140e38967181cbac8a2264a1d2aaeabfac2279fb82ec41dd259c85092,ACTIVE,POOL_OBSERVATION
002131.SZ,2024-12-03,6c852c0140e38967181cbac8a2264a1d2aaeabfac2279fb82ec41dd259c85092,ACTIVE,POOL_OBSERVATION
002131.SZ,2024-12-04,6c852c0140e38967181cbac8a2264a1d2aaeabfac2279fb82ec41dd259c85092,ACTIVE,POOL_OBSERVATION
002131.SZ,2024-12-05,6c852c0140e38967181cbac8a2264a1d2aaeabfac2279fb82ec41dd259c85092,ACTIVE,POOL_OBSERVATION
002131.SZ,2024-12-06,6c852c0140e38967181cbac8a2264a1d2aaeabfac2279fb82ec41dd259c85092,ACTIVE,POOL_OBSERVATION
002131.SZ,2024-12-09,6c852c0140e38967181cbac8a2264a1d2aaeabfac2279fb82ec41dd259c85092,EXPIRED,POOL_EXPIRED
002131.SZ,2026-01-14,cbb891b630d4a35c387b274d5b24b585e786457dad2c6f31c37e923a78bcd5b5,ACTIVE,POOL_ADMISSION
002131.SZ,2026-01-15,cbb891b630d4a35c387b274d5b24b585e786457dad2c6f31c37e923a78bcd5b5,ACTIVE,POOL_OBSERVATION
002131.SZ,2026-01-16,cbb891b630d4a35c387b274d5b24b585e786457dad2c6f31c37e923a78bcd5b5,ACTIVE,SUSPENDED_NO_ENTRY_EVALUATION
002131.SZ,2026-01-19,cbb891b630d4a35c387b274d5b24b585e786457dad2c6f31c37e923a78bcd5b5,ACTIVE,SUSPENDED_NO_ENTRY_EVALUATION
002131.SZ,2026-01-20,cbb891b630d4a35c387b274d5b24b585e786457dad2c6f31c37e923a78bcd5b5,ACTIVE,SUSPENDED_NO_ENTRY_EVALUATION
002131.SZ,2026-01-21,cbb891b630d4a35c387b274d5b24b585e786457dad2c6f31c37e923a78bcd5b5,ACTIVE,POOL_OBSERVATION
002131.SZ,2026-01-22,cbb891b630d4a35c387b274d5b24b585e786457dad2c6f31c37e923a78bcd5b5,EXPIRED,POOL_EXPIRED
002134.SZ,2024-10-23,fb4050e985b18de0f2a0cceed1c174fb85d3215bbf34d2814c00b02973628b44,ACTIVE,POOL_ADMISSION
002134.SZ,2024-10-24,fb4050e985b18de0f2a0cceed1c174fb85d3215bbf34d2814c00b02973628b44,ACTIVE,POOL_OBSERVATION
002134.SZ,2024-10-25,fb4050e985b18de0f2a0cceed1c174fb85d3215bbf34d2814c00b02973628b44,ACTIVE,POOL_OBSERVATION
002134.SZ,2024-10-28,fb4050e985b18de0f2a0cceed1c174fb85d3215bbf34d2814c00b02973628b44,SIGNALLED,ENTRY_SIGNAL
002134.SZ,2024-10-29,fb4050e985b18de0f2a0cceed1c174fb85d3215bbf34d2814c00b02973628b44,SIGNALLED,EXECUTION_PENDING
002134.SZ,2024-10-30,fb4050e985b18de0f2a0cceed1c174fb85d3215bbf34d2814c00b02973628b44,SIGNALLED,EXECUTION_PENDING
002134.SZ,2024-10-31,fb4050e985b18de0f2a0cceed1c174fb85d3215bbf34d2814c00b02973628b44,EXPIRED,PENDING_SIGNAL_HORIZON_EXPIRED
002137.SZ,2024-12-24,f1cf59dc19be222203b115b62bbea02728b5c098aff7bf8ae7ce88abf2574bea,ACTIVE,POOL_ADMISSION
002137.SZ,2024-12-25,f1cf59dc19be222203b115b62bbea02728b5c098aff7bf8ae7ce88abf2574bea,ACTIVE,POOL_OBSERVATION
002137.SZ,2024-12-26,f1cf59dc19be222203b115b62bbea02728b5c098aff7bf8ae7ce88abf2574bea,ACTIVE,POOL_OBSERVATION
002137.SZ,2024-12-27,f1cf59dc19be222203b115b62bbea02728b5c098aff7bf8ae7ce88abf2574bea,ACTIVE,POOL_OBSERVATION
002137.SZ,2024-12-30,f1cf59dc19be222203b115b62bbea02728b5c098aff7bf8ae7ce88abf2574bea,ACTIVE,POOL_OBSERVATION
002137.SZ,2024-12-31,f1cf59dc19be222203b115b62bbea02728b5c098aff7bf8ae7ce88abf2574bea,ACTIVE,POOL_OBSERVATION
002137.SZ,2025-01-02,f1cf59dc19be222203b115b62bbea02728b5c098aff7bf8ae7ce88abf2574bea,EXPIRED,POOL_EXPIRED
002141.SZ,2026-06-23,717a97ec3cd885e8e3a0fcbdd55732b8fe73762c76fa05fb282c4e3ebb291576,SIGNALLED,ENTRY_SIGNAL
002141.SZ,2026-06-24,717a97ec3cd885e8e3a0fcbdd55732b8fe73762c76fa05fb282c4e3ebb291576,SIGNALLED,EXECUTION_PENDING
002141.SZ,2026-06-25,717a97ec3cd885e8e3a0fcbdd55732b8fe73762c76fa05fb282c4e3ebb291576,SIGNALLED,EXECUTION_PENDING
002141.SZ,2026-06-26,717a97ec3cd885e8e3a0fcbdd55732b8fe73762c76fa05fb282c4e3ebb291576,SIGNALLED,EXECUTION_PENDING
002141.SZ,2026-06-29,717a97ec3cd885e8e3a0fcbdd55732b8fe73762c76fa05fb282c4e3ebb291576,SIGNALLED,EXECUTION_PENDING
002141.SZ,2026-06-30,717a97ec3cd885e8e3a0fcbdd55732b8fe73762c76fa05fb282c4e3ebb291576,SIGNALLED,EXECUTION_PENDING
002141.SZ,2026-07-01,717a97ec3cd885e8e3a0fcbdd55732b8fe73762c76fa05fb282c4e3ebb291576,EXPIRED,PENDING_SIGNAL_HORIZON_EXPIRED
002148.SZ,2025-08-07,402e7dfbf18231a9d7e192cfbc50648ec65e848079f4563bac0edb4057a3fbce,ACTIVE,POOL_ADMISSION
002148.SZ,2025-08-08,402e7dfbf18231a9d7e192cfbc50648ec65e848079f4563bac0edb4057a3fbce,ACTIVE,POOL_OBSERVATION
002148.SZ,2025-08-11,402e7dfbf18231a9d7e192cfbc50648ec65e848079f4563bac0edb4057a3fbce,SIGNALLED,ENTRY_SIGNAL
002148.SZ,2025-08-12,402e7dfbf18231a9d7e192cfbc50648ec65e848079f4563bac0edb4057a3fbce,SIGNALLED,EXECUTION_PENDING
002148.SZ,2025-08-13,402e7dfbf18231a9d7e192cfbc50648ec65e848079f4563bac0edb4057a3fbce,SIGNALLED,EXECUTION_PENDING
002148.SZ,2025-08-14,402e7dfbf18231a9d7e192cfbc50648ec65e848079f4563bac0edb4057a3fbce,SIGNALLED,EXECUTION_PENDING
002148.SZ,2025-08-15,402e7dfbf18231a9d7e192cfbc50648ec65e848079f4563bac0edb4057a3fbce,EXPIRED,PENDING_SIGNAL_HORIZON_EXPIRED
002155.SZ,2024-11-26,f438e61ddc357cc25fff1c40fd97826aa56580cadb72d7178c9bbfb45f3a7566,ACTIVE,POOL_ADMISSION
002155.SZ,2024-11-27,f438e61ddc357cc25fff1c40fd97826aa56580cadb72d7178c9bbfb45f3a7566,ACTIVE,POOL_OBSERVATION
002155.SZ,2024-11-28,f438e61ddc357cc25fff1c40fd97826aa56580cadb72d7178c9bbfb45f3a7566,ACTIVE,POOL_OBSERVATION
002155.SZ,2024-11-29,f438e61ddc357cc25fff1c40fd97826aa56580cadb72d7178c9bbfb45f3a7566,ACTIVE,POOL_OBSERVATION
002155.SZ,2024-12-02,f438e61ddc357cc25fff1c40fd97826aa56580cadb72d7178c9bbfb45f3a7566,ACTIVE,POOL_OBSERVATION
002155.SZ,2024-12-03,f438e61ddc357cc25fff1c40fd97826aa56580cadb72d7178c9bbfb45f3a7566,ACTIVE,POOL_OBSERVATION
002155.SZ,2024-12-04,f438e61ddc357cc25fff1c40fd97826aa56580cadb72d7178c9bbfb45f3a7566,EXPIRED,POOL_EXPIRED
002155.SZ,2026-01-29,5a02f197047c808a4303dd454d2c50eb980b9143fbbf009267d412a156001468,ACTIVE,POOL_ADMISSION
002155.SZ,2026-01-30,5a02f197047c808a4303dd454d2c50eb980b9143fbbf009267d412a156001468,ACTIVE,POOL_OBSERVATION
002155.SZ,2026-02-02,5a02f197047c808a4303dd454d2c50eb980b9143fbbf009267d412a156001468,ACTIVE,POOL_OBSERVATION
002155.SZ,2026-02-03,5a02f197047c808a4303dd454d2c50eb980b9143fbbf009267d412a156001468,SIGNALLED,ENTRY_SIGNAL
002155.SZ,2026-02-04,5a02f197047c808a4303dd454d2c50eb980b9143fbbf009267d412a156001468,SIGNALLED,EXECUTION_PENDING
002155.SZ,2026-02-05,5a02f197047c808a4303dd454d2c50eb980b9143fbbf009267d412a156001468,SIGNALLED,EXECUTION_PENDING
002155.SZ,2026-02-06,5a02f197047c808a4303dd454d2c50eb980b9143fbbf009267d412a156001468,EXPIRED,PENDING_SIGNAL_HORIZON_EXPIRED
002156.SZ,2024-11-06,ccbc9cfdad8ce64f87cf2750f51c1260dfc5800067f709df0a75ae224ab48948,SIGNALLED,ENTRY_SIGNAL
002156.SZ,2024-11-07,ccbc9cfdad8ce64f87cf2750f51c1260dfc5800067f709df0a75ae224ab48948,SIGNALLED,EXECUTION_PENDING
002156.SZ,2024-11-08,ccbc9cfdad8ce64f87cf2750f51c1260dfc5800067f709df0a75ae224ab48948,SIGNALLED,EXECUTION_PENDING
002156.SZ,2024-11-11,ccbc9cfdad8ce64f87cf2750f51c1260dfc5800067f709df0a75ae224ab48948,SIGNALLED,EXECUTION_PENDING
002156.SZ,2024-11-12,ccbc9cfdad8ce64f87cf2750f51c1260dfc5800067f709df0a75ae224ab48948,SIGNALLED,EXECUTION_PENDING
002156.SZ,2024-11-13,ccbc9cfdad8ce64f87cf2750f51c1260dfc5800067f709df0a75ae224ab48948,SIGNALLED,EXECUTION_PENDING
002156.SZ,2024-11-14,ccbc9cfdad8ce64f87cf2750f51c1260dfc5800067f709df0a75ae224ab48948,EXPIRED,PENDING_SIGNAL_HORIZON_EXPIRED
002158.SZ,2025-08-20,8d255b895442643e4b8af758566c6fac4b2b043aa68ea16f9bd47f6a9ddc83d9,ACTIVE,POOL_ADMISSION
002158.SZ,2025-08-21,8d255b895442643e4b8af758566c6fac4b2b043aa68ea16f9bd47f6a9ddc83d9,ACTIVE,POOL_OBSERVATION
002158.SZ,2025-08-22,8d255b895442643e4b8af758566c6fac4b2b043aa68ea16f9bd47f6a9ddc83d9,ACTIVE,POOL_OBSERVATION
002158.SZ,2025-08-25,8d255b895442643e4b8af758566c6fac4b2b043aa68ea16f9bd47f6a9ddc83d9,ACTIVE,POOL_OBSERVATION
002158.SZ,2025-08-26,8d255b895442643e4b8af758566c6fac4b2b043aa68ea16f9bd47f6a9ddc83d9,SIGNALLED,ENTRY_SIGNAL
002158.SZ,2025-08-27,8d255b895442643e4b8af758566c6fac4b2b043aa68ea16f9bd47f6a9ddc83d9,SIGNALLED,EXECUTION_PENDING
002158.SZ,2025-08-28,8d255b895442643e4b8af758566c6fac4b2b043aa68ea16f9bd47f6a9ddc83d9,EXPIRED,PENDING_SIGNAL_HORIZON_EXPIRED
002161.SZ,2024-11-22,1e40c63424505aff3a2a66c904cfe5fc94893f7dd27feffe80dc8bef6848e863,ACTIVE,POOL_ADMISSION
002161.SZ,2024-11-25,1e40c63424505aff3a2a66c904cfe5fc94893f7dd27feffe80dc8bef6848e863,ACTIVE,POOL_OBSERVATION
002161.SZ,2024-11-26,1e40c63424505aff3a2a66c904cfe5fc94893f7dd27feffe80dc8bef6848e863,ACTIVE,POOL_OBSERVATION
002161.SZ,2024-11-27,1e40c63424505aff3a2a66c904cfe5fc94893f7dd27feffe80dc8bef6848e863,ACTIVE,POOL_OBSERVATION
002161.SZ,2024-11-28,1e40c63424505aff3a2a66c904cfe5fc94893f7dd27feffe80dc8bef6848e863,ACTIVE,POOL_OBSERVATION
002161.SZ,2024-11-29,1e40c63424505aff3a2a66c904cfe5fc94893f7dd27feffe80dc8bef6848e863,ACTIVE,POOL_OBSERVATION
002161.SZ,2024-12-02,1e40c63424505aff3a2a66c904cfe5fc94893f7dd27feffe80dc8bef6848e863,EXPIRED,POOL_EXPIRED
002163.SZ,2025-12-25,f9d541265c858c44f1bd23632fde4294143a0fd4517b5e2fc60d8de12fc8c74b,ACTIVE,POOL_ADMISSION
002163.SZ,2025-12-26,f9d541265c858c44f1bd23632fde4294143a0fd4517b5e2fc60d8de12fc8c74b,ACTIVE,POOL_OBSERVATION
002163.SZ,2025-12-29,f9d541265c858c44f1bd23632fde4294143a0fd4517b5e2fc60d8de12fc8c74b,ACTIVE,POOL_OBSERVATION
002163.SZ,2025-12-30,f9d541265c858c44f1bd23632fde4294143a0fd4517b5e2fc60d8de12fc8c74b,ACTIVE,POOL_OBSERVATION
002163.SZ,2025-12-31,f9d541265c858c44f1bd23632fde4294143a0fd4517b5e2fc60d8de12fc8c74b,SIGNALLED,ENTRY_SIGNAL
002163.SZ,2026-01-05,f9d541265c858c44f1bd23632fde4294143a0fd4517b5e2fc60d8de12fc8c74b,SIGNALLED,EXECUTION_PENDING
002163.SZ,2026-01-06,f9d541265c858c44f1bd23632fde4294143a0fd4517b5e2fc60d8de12fc8c74b,EXPIRED,PENDING_SIGNAL_HORIZON_EXPIRED
002164.SZ,2025-01-16,348ca1de8a1eee6500b348eeb6e0c8961fd12cebbe27ce3691073a51da3c5ac5,ACTIVE,POOL_ADMISSION
002164.SZ,2025-01-17,348ca1de8a1eee6500b348eeb6e0c8961fd12cebbe27ce3691073a51da3c5ac5,ACTIVE,POOL_OBSERVATION
002164.SZ,2025-01-20,348ca1de8a1eee6500b348eeb6e0c8961fd12cebbe27ce3691073a51da3c5ac5,ACTIVE,POOL_OBSERVATION
002164.SZ,2025-01-21,348ca1de8a1eee6500b348eeb6e0c8961fd12cebbe27ce3691073a51da3c5ac5,ACTIVE,POOL_OBSERVATION
002164.SZ,2025-01-22,348ca1de8a1eee6500b348eeb6e0c8961fd12cebbe27ce3691073a51da3c5ac5,ACTIVE,POOL_OBSERVATION
002164.SZ,2025-01-23,348ca1de8a1eee6500b348eeb6e0c8961fd12cebbe27ce3691073a51da3c5ac5,ACTIVE,POOL_OBSERVATION
002164.SZ,2025-01-24,348ca1de8a1eee6500b348eeb6e0c8961fd12cebbe27ce3691073a51da3c5ac5,EXPIRED,POOL_EXPIRED
002164.SZ,2025-03-20,9b4bcd177563eea2944aa673e28db96b6540b720fc68f9427821f1b936ad7fa6,ACTIVE,POOL_ADMISSION
002164.SZ,2025-03-21,9b4bcd177563eea2944aa673e28db96b6540b720fc68f9427821f1b936ad7fa6,ACTIVE,POOL_OBSERVATION
002164.SZ,2025-03-24,9b4bcd177563eea2944aa673e28db96b6540b720fc68f9427821f1b936ad7fa6,ACTIVE,POOL_OBSERVATION
002164.SZ,2025-03-25,9b4bcd177563eea2944aa673e28db96b6540b720fc68f9427821f1b936ad7fa6,ACTIVE,POOL_OBSERVATION
002164.SZ,2025-03-26,9b4bcd177563eea2944aa673e28db96b6540b720fc68f9427821f1b936ad7fa6,ACTIVE,POOL_OBSERVATION
002164.SZ,2025-03-27,9b4bcd177563eea2944aa673e28db96b6540b720fc68f9427821f1b936ad7fa6,ACTIVE,POOL_OBSERVATION
002164.SZ,2025-03-28,9b4bcd177563eea2944aa673e28db96b6540b720fc68f9427821f1b936ad7fa6,EXPIRED,POOL_EXPIRED
002165.SZ,2025-04-18,afb31bd8e50261106b6f64ce9fb3833019c427e60dd023ea163999f06ae3cc72,ACTIVE,POOL_ADMISSION
002165.SZ,2025-04-21,afb31bd8e50261106b6f64ce9fb3833019c427e60dd023ea163999f06ae3cc72,ACTIVE,POOL_OBSERVATION
002165.SZ,2025-04-22,afb31bd8e50261106b6f64ce9fb3833019c427e60dd023ea163999f06ae3cc72,ACTIVE,POOL_OBSERVATION
002165.SZ,2025-04-23,afb31bd8e50261106b6f64ce9fb3833019c427e60dd023ea163999f06ae3cc72,ACTIVE,POOL_OBSERVATION
002165.SZ,2025-04-24,afb31bd8e50261106b6f64ce9fb3833019c427e60dd023ea163999f06ae3cc72,ACTIVE,POOL_OBSERVATION
002165.SZ,2025-04-25,afb31bd8e50261106b6f64ce9fb3833019c427e60dd023ea163999f06ae3cc72,ACTIVE,POOL_OBSERVATION
002165.SZ,2025-04-28,afb31bd8e50261106b6f64ce9fb3833019c427e60dd023ea163999f06ae3cc72,SIGNALLED,ENTRY_SIGNAL
002165.SZ,2025-04-29,afb31bd8e50261106b6f64ce9fb3833019c427e60dd023ea163999f06ae3cc72,EXPIRED,PENDING_SIGNAL_HORIZON_EXPIRED
002167.SZ,2026-06-24,cdfa269bf853f5a7857f5266eb0ca6a4141363fa45a256d880a19d6f7a7bc1e1,ACTIVE,POOL_ADMISSION
002167.SZ,2026-06-25,cdfa269bf853f5a7857f5266eb0ca6a4141363fa45a256d880a19d6f7a7bc1e1,ACTIVE,POOL_OBSERVATION
002167.SZ,2026-06-26,cdfa269bf853f5a7857f5266eb0ca6a4141363fa45a256d880a19d6f7a7bc1e1,SIGNALLED,ENTRY_SIGNAL
002167.SZ,2026-06-29,cdfa269bf853f5a7857f5266eb0ca6a4141363fa45a256d880a19d6f7a7bc1e1,SIGNALLED,EXECUTION_PENDING
002167.SZ,2026-06-30,cdfa269bf853f5a7857f5266eb0ca6a4141363fa45a256d880a19d6f7a7bc1e1,SIGNALLED,EXECUTION_PENDING
002167.SZ,2026-07-01,cdfa269bf853f5a7857f5266eb0ca6a4141363fa45a256d880a19d6f7a7bc1e1,SIGNALLED,EXECUTION_PENDING
002167.SZ,2026-07-02,cdfa269bf853f5a7857f5266eb0ca6a4141363fa45a256d880a19d6f7a7bc1e1,EXPIRED,PENDING_SIGNAL_HORIZON_EXPIRED
002168.SZ,2024-07-22,f5a1931856c30934b909744905f2e2045d8abc58b9edd2bf7a2f1e6edef337b4,ACTIVE,POOL_ADMISSION
002168.SZ,2024-07-23,f5a1931856c30934b909744905f2e2045d8abc58b9edd2bf7a2f1e6edef337b4,ACTIVE,POOL_OBSERVATION
002168.SZ,2024-07-24,f5a1931856c30934b909744905f2e2045d8abc58b9edd2bf7a2f1e6edef337b4,ACTIVE,POOL_OBSERVATION
002168.SZ,2024-07-25,f5a1931856c30934b909744905f2e2045d8abc58b9edd2bf7a2f1e6edef337b4,ACTIVE,POOL_OBSERVATION
002168.SZ,2024-07-26,f5a1931856c30934b909744905f2e2045d8abc58b9edd2bf7a2f1e6edef337b4,ACTIVE,POOL_OBSERVATION
002168.SZ,2024-07-29,f5a1931856c30934b909744905f2e2045d8abc58b9edd2bf7a2f1e6edef337b4,ACTIVE,POOL_OBSERVATION
002168.SZ,2024-07-30,f5a1931856c30934b909744905f2e2045d8abc58b9edd2bf7a2f1e6edef337b4,EXPIRED,POOL_EXPIRED
002172.SZ,2026-08-17,6ba2e62df828bfbddeef161bbbd829d31b2eac78094bd5e58149ac299a64cb38,ACTIVE,POOL_ADMISSION
002172.SZ,2026-08-18,6ba2e62df828bfbddeef161bbbd829d31b2eac78094bd5e58149ac299a64cb38,ACTIVE,POOL_OBSERVATION
002172.SZ,2026-08-19,6ba2e62df828bfbddeef161bbbd829d31b2eac78094bd5e58149ac299a64cb38,ACTIVE,POOL_OBSERVATION
002172.SZ,2026-08-20,6ba2e62df828bfbddeef161bbbd829d31b2eac78094bd5e58149ac299a64cb38,ACTIVE,POOL_OBSERVATION
002172.SZ,2026-08-21,6ba2e62df828bfbddeef161bbbd829d31b2eac78094bd5e58149ac299a64cb38,ACTIVE,POOL_OBSERVATION
002172.SZ,2026-08-24,6ba2e62df828bfbddeef161bbbd829d31b2eac78094bd5e58149ac299a64cb38,ACTIVE,POOL_OBSERVATION
002172.SZ,2026-08-25,6ba2e62df828bfbddeef161bbbd829d31b2eac78094bd5e58149ac299a64cb38,EXPIRED,POOL_EXPIRED
002173.SZ,2026-01-08,b2472017fb350dde299c5844f0329689b25eea2f39fd8801fc8b36c156acd3df,ACTIVE,POOL_ADMISSION
002173.SZ,2026-01-09,b2472017fb350dde299c5844f0329689b25eea2f39fd8801fc8b36c156acd3df,ACTIVE,POOL_OBSERVATION
002173.SZ,2026-01-12,b2472017fb350dde299c5844f0329689b25eea2f39fd8801fc8b36c156acd3df,ACTIVE,POOL_OBSERVATION
002173.SZ,2026-01-13,b2472017fb350dde299c5844f0329689b25eea2f39fd8801fc8b36c156acd3df,ACTIVE,POOL_OBSERVATION
002173.SZ,2026-01-14,b2472017fb350dde299c5844f0329689b25eea2f39fd8801fc8b36c156acd3df,ACTIVE,POOL_OBSERVATION
002173.SZ,2026-01-15,b2472017fb350dde299c5844f0329689b25eea2f39fd8801fc8b36c156acd3df,ACTIVE,POOL_OBSERVATION
002173.SZ,2026-01-16,b2472017fb350dde299c5844f0329689b25eea2f39fd8801fc8b36c156acd3df,EXPIRED,POOL_EXPIRED
002175.SZ,2024-11-25,6c476d7160599749cecc51e57b2547395ef9cfd86c45946ffa61170224d27b72,ACTIVE,POOL_ADMISSION
002175.SZ,2024-11-26,6c476d7160599749cecc51e57b2547395ef9cfd86c45946ffa61170224d27b72,ACTIVE,POOL_OBSERVATION
002175.SZ,2024-11-27,6c476d7160599749cecc51e57b2547395ef9cfd86c45946ffa61170224d27b72,ACTIVE,POOL_OBSERVATION
002175.SZ,2024-11-28,6c476d7160599749cecc51e57b2547395ef9cfd86c45946ffa61170224d27b72,ACTIVE,POOL_OBSERVATION
002175.SZ,2024-11-29,6c476d7160599749cecc51e57b2547395ef9cfd86c45946ffa61170224d27b72,ACTIVE,POOL_OBSERVATION
002175.SZ,2024-12-02,6c476d7160599749cecc51e57b2547395ef9cfd86c45946ffa61170224d27b72,SIGNALLED,ENTRY_SIGNAL
002175.SZ,2024-12-03,6c476d7160599749cecc51e57b2547395ef9cfd86c45946ffa61170224d27b72,EXPIRED,PENDING_SIGNAL_HORIZON_EXPIRED
002175.SZ,2024-12-11,ff3619f38546a4bc42483001e75601be37eee6bc4a89b84cf4368e539857e29a,ACTIVE,POOL_ADMISSION
002175.SZ,2024-12-12,ff3619f38546a4bc42483001e75601be37eee6bc4a89b84cf4368e539857e29a,ACTIVE,POOL_OBSERVATION
002175.SZ,2024-12-13,ff3619f38546a4bc42483001e75601be37eee6bc4a89b84cf4368e539857e29a,ACTIVE,POOL_OBSERVATION
002175.SZ,2024-12-16,ff3619f38546a4bc42483001e75601be37eee6bc4a89b84cf4368e539857e29a,ACTIVE,POOL_OBSERVATION
002175.SZ,2024-12-17,ff3619f38546a4bc42483001e75601be37eee6bc4a89b84cf4368e539857e29a,ACTIVE,POOL_OBSERVATION
002175.SZ,2024-12-18,ff3619f38546a4bc42483001e75601be37eee6bc4a89b84cf4368e539857e29a,ACTIVE,POOL_OBSERVATION
002175.SZ,2024-12-19,ff3619f38546a4bc42483001e75601be37eee6bc4a89b84cf4368e539857e29a,EXPIRED,POOL_EXPIRED
002177.SZ,2025-06-04,99c592c7e3655dadb12c3350ab167e2093bde288cfb88b73687e7c183ae0c103,ACTIVE,POOL_ADMISSION
002177.SZ,2025-06-05,99c592c7e3655dadb12c3350ab167e2093bde288cfb88b73687e7c183ae0c103,ACTIVE,POOL_OBSERVATION
002177.SZ,2025-06-06,99c592c7e3655dadb12c3350ab167e2093bde288cfb88b73687e7c183ae0c103,ACTIVE,POOL_OBSERVATION
002177.SZ,2025-06-09,99c592c7e3655dadb12c3350ab167e2093bde288cfb88b73687e7c183ae0c103,SIGNALLED,ENTRY_SIGNAL
002177.SZ,2025-06-10,99c592c7e3655dadb12c3350ab167e2093bde288cfb88b73687e7c183ae0c103,SIGNALLED,EXECUTION_PENDING
002177.SZ,2025-06-11,99c592c7e3655dadb12c3350ab167e2093bde288cfb88b73687e7c183ae0c103,SIGNALLED,EXECUTION_PENDING
002177.SZ,2025-06-12,99c592c7e3655dadb12c3350ab167e2093bde288cfb88b73687e7c183ae0c103,EXPIRED,PENDING_SIGNAL_HORIZON_EXPIRED
002177.SZ,2025-08-22,ec7d9fe22881c70eecf6fd17fff092c2a0b589d28bbfb348b171ab771f3042ee,ACTIVE,POOL_ADMISSION
002177.SZ,2025-08-25,ec7d9fe22881c70eecf6fd17fff092c2a0b589d28bbfb348b171ab771f3042ee,ACTIVE,POOL_OBSERVATION
002177.SZ,2025-08-26,ec7d9fe22881c70eecf6fd17fff092c2a0b589d28bbfb348b171ab771f3042ee,SIGNALLED,ENTRY_SIGNAL
002177.SZ,2025-08-27,ec7d9fe22881c70eecf6fd17fff092c2a0b589d28bbfb348b171ab771f3042ee,SIGNALLED,EXECUTION_PENDING
002177.SZ,2025-08-28,ec7d9fe22881c70eecf6fd17fff092c2a0b589d28bbfb348b171ab771f3042ee,SIGNALLED,EXECUTION_PENDING
002177.SZ,2025-08-29,ec7d9fe22881c70eecf6fd17fff092c2a0b589d28bbfb348b171ab771f3042ee,SIGNALLED,EXECUTION_PENDING
002177.SZ,2025-09-01,ec7d9fe22881c70eecf6fd17fff092c2a0b589d28bbfb348b171ab771f3042ee,EXPIRED,PENDING_SIGNAL_HORIZON_EXPIRED
002177.SZ,2026-01-06,a79c3cfe1a596d29b5ac12cbf658c1ad5f78c4b630f3776ca38e7f2da291f254,SIGNALLED,ENTRY_SIGNAL
002177.SZ,2026-01-07,a79c3cfe1a596d29b5ac12cbf658c1ad5f78c4b630f3776ca38e7f2da291f254,SIGNALLED,EXECUTION_PENDING
002177.SZ,2026-01-08,a79c3cfe1a596d29b5ac12cbf658c1ad5f78c4b630f3776ca38e7f2da291f254,SIGNALLED,EXECUTION_PENDING
002177.SZ,2026-01-09,a79c3cfe1a596d29b5ac12cbf658c1ad5f78c4b630f3776ca38e7f2da291f254,SIGNALLED,EXECUTION_PENDING
002177.SZ,2026-01-12,a79c3cfe1a596d29b5ac12cbf658c1ad5f78c4b630f3776ca38e7f2da291f254,SIGNALLED,EXECUTION_PENDING
002177.SZ,2026-01-13,a79c3cfe1a596d29b5ac12cbf658c1ad5f78c4b630f3776ca38e7f2da291f254,SIGNALLED,EXECUTION_PENDING
002177.SZ,2026-01-14,a79c3cfe1a596d29b5ac12cbf658c1ad5f78c4b630f3776ca38e7f2da291f254,EXPIRED,PENDING_SIGNAL_HORIZON_EXPIRED
002178.SZ,2024-10-09,4fc483af5769d976a6e58f985b5af70d9ecd9a0f152c7af8e9a991e105106609,ACTIVE,POOL_ADMISSION
002178.SZ,2024-10-10,4fc483af5769d976a6e58f985b5af70d9ecd9a0f152c7af8e9a991e105106609,ACTIVE,POOL_OBSERVATION
002178.SZ,2024-10-11,4fc483af5769d976a6e58f985b5af70d9ecd9a0f152c7af8e9a991e105106609,ACTIVE,POOL_OBSERVATION
002178.SZ,2024-10-14,4fc483af5769d976a6e58f985b5af70d9ecd9a0f152c7af8e9a991e105106609,ACTIVE,POOL_OBSERVATION
002178.SZ,2024-10-15,4fc483af5769d976a6e58f985b5af70d9ecd9a0f152c7af8e9a991e105106609,ACTIVE,POOL_OBSERVATION
002178.SZ,2024-10-16,4fc483af5769d976a6e58f985b5af70d9ecd9a0f152c7af8e9a991e105106609,ACTIVE,POOL_OBSERVATION
002178.SZ,2024-10-17,4fc483af5769d976a6e58f985b5af70d9ecd9a0f152c7af8e9a991e105106609,EXPIRED,POOL_EXPIRED
002178.SZ,2024-11-04,09c26d88efc84feced7b66e920bd3d2937c7c1fb2f2b0a061e51e79ca96e438b,SIGNALLED,ENTRY_SIGNAL
002178.SZ,2024-11-05,09c26d88efc84feced7b66e920bd3d2937c7c1fb2f2b0a061e51e79ca96e438b,SIGNALLED,EXECUTION_PENDING
002178.SZ,2024-11-06,09c26d88efc84feced7b66e920bd3d2937c7c1fb2f2b0a061e51e79ca96e438b,SIGNALLED,EXECUTION_PENDING
002178.SZ,2024-11-07,09c26d88efc84feced7b66e920bd3d2937c7c1fb2f2b0a061e51e79ca96e438b,SIGNALLED,EXECUTION_PENDING
002178.SZ,2024-11-08,09c26d88efc84feced7b66e920bd3d2937c7c1fb2f2b0a061e51e79ca96e438b,SIGNALLED,EXECUTION_PENDING
002178.SZ,2024-11-11,09c26d88efc84feced7b66e920bd3d2937c7c1fb2f2b0a061e51e79ca96e438b,SIGNALLED,EXECUTION_PENDING
002178.SZ,2024-11-12,09c26d88efc84feced7b66e920bd3d2937c7c1fb2f2b0a061e51e79ca96e438b,EXPIRED,PENDING_SIGNAL_HORIZON_EXPIRED
002181.SZ,2024-12-12,29d5548e1bfa0d44445b8f7d0e70286fa6456e7da2745e105ad637837f2cd9ad,ACTIVE,POOL_ADMISSION
002181.SZ,2024-12-13,29d5548e1bfa0d44445b8f7d0e70286fa6456e7da2745e105ad637837f2cd9ad,ACTIVE,POOL_OBSERVATION
002181.SZ,2024-12-16,29d5548e1bfa0d44445b8f7d0e70286fa6456e7da2745e105ad637837f2cd9ad,ACTIVE,POOL_OBSERVATION
002181.SZ,2024-12-17,29d5548e1bfa0d44445b8f7d0e70286fa6456e7da2745e105ad637837f2cd9ad,ACTIVE,POOL_OBSERVATION
002181.SZ,2024-12-18,29d5548e1bfa0d44445b8f7d0e70286fa6456e7da2745e105ad637837f2cd9ad,ACTIVE,POOL_OBSERVATION
002181.SZ,2024-12-19,29d5548e1bfa0d44445b8f7d0e70286fa6456e7da2745e105ad637837f2cd9ad,ACTIVE,POOL_OBSERVATION
002181.SZ,2024-12-20,29d5548e1bfa0d44445b8f7d0e70286fa6456e7da2745e105ad637837f2cd9ad,EXPIRED,POOL_EXPIRED
002181.SZ,2025-06-12,d3e6820ec5909e0e289da8aeffbc7caa588c9d9f775e1dd787189b81ce8ab91f,ACTIVE,POOL_ADMISSION
002181.SZ,2025-06-13,d3e6820ec5909e0e289da8aeffbc7caa588c9d9f775e1dd787189b81ce8ab91f,ACTIVE,POOL_OBSERVATION
002181.SZ,2025-06-16,d3e6820ec5909e0e289da8aeffbc7caa588c9d9f775e1dd787189b81ce8ab91f,ACTIVE,POOL_OBSERVATION
002181.SZ,2025-06-17,d3e6820ec5909e0e289da8aeffbc7caa588c9d9f775e1dd787189b81ce8ab91f,ACTIVE,POOL_OBSERVATION
002181.SZ,2025-06-18,d3e6820ec5909e0e289da8aeffbc7caa588c9d9f775e1dd787189b81ce8ab91f,ACTIVE,POOL_OBSERVATION
002181.SZ,2025-06-19,d3e6820ec5909e0e289da8aeffbc7caa588c9d9f775e1dd787189b81ce8ab91f,ACTIVE,POOL_OBSERVATION
002181.SZ,2025-06-20,d3e6820ec5909e0e289da8aeffbc7caa588c9d9f775e1dd787189b81ce8ab91f,EXPIRED,POOL_EXPIRED
002184.SZ,2025-01-06,e6bb440ad35a496f6e6d8740826f458b687e03bdd2d2caf9a8cba097b448f97c,SIGNALLED,ENTRY_SIGNAL
002184.SZ,2025-01-07,e6bb440ad35a496f6e6d8740826f458b687e03bdd2d2caf9a8cba097b448f97c,SIGNALLED,EXECUTION_PENDING
002184.SZ,2025-01-08,e6bb440ad35a496f6e6d8740826f458b687e03bdd2d2caf9a8cba097b448f97c,SIGNALLED,EXECUTION_PENDING
002184.SZ,2025-01-09,e6bb440ad35a496f6e6d8740826f458b687e03bdd2d2caf9a8cba097b448f97c,SIGNALLED,EXECUTION_PENDING
002184.SZ,2025-01-10,e6bb440ad35a496f6e6d8740826f458b687e03bdd2d2caf9a8cba097b448f97c,SIGNALLED,EXECUTION_PENDING
002184.SZ,2025-01-13,e6bb440ad35a496f6e6d8740826f458b687e03bdd2d2caf9a8cba097b448f97c,SIGNALLED,EXECUTION_PENDING
002184.SZ,2025-01-14,e6bb440ad35a496f6e6d8740826f458b687e03bdd2d2caf9a8cba097b448f97c,EXPIRED,PENDING_SIGNAL_HORIZON_EXPIRED
002190.SZ,2025-05-12,0e64a3ce025b375c3380fc2b3d3901e8e510c0b8c226ac79ed281c0ce03a6763,ACTIVE,POOL_ADMISSION
002190.SZ,2025-05-13,0e64a3ce025b375c3380fc2b3d3901e8e510c0b8c226ac79ed281c0ce03a6763,ACTIVE,POOL_OBSERVATION
002190.SZ,2025-05-14,0e64a3ce025b375c3380fc2b3d3901e8e510c0b8c226ac79ed281c0ce03a6763,ACTIVE,POOL_OBSERVATION
002190.SZ,2025-05-15,0e64a3ce025b375c3380fc2b3d3901e8e510c0b8c226ac79ed281c0ce03a6763,ACTIVE,POOL_OBSERVATION
002190.SZ,2025-05-16,0e64a3ce025b375c3380fc2b3d3901e8e510c0b8c226ac79ed281c0ce03a6763,ACTIVE,POOL_OBSERVATION
002190.SZ,2025-05-19,0e64a3ce025b375c3380fc2b3d3901e8e510c0b8c226ac79ed281c0ce03a6763,ACTIVE,POOL_OBSERVATION
002190.SZ,2025-05-20,0e64a3ce025b375c3380fc2b3d3901e8e510c0b8c226ac79ed281c0ce03a6763,EXPIRED,POOL_EXPIRED
002190.SZ,2025-08-25,566dfe0660f8639cb30113c62a54e4397d159b9ded2bd4d5b399825eed421bc3,ACTIVE,POOL_ADMISSION
002190.SZ,2025-08-26,566dfe0660f8639cb30113c62a54e4397d159b9ded2bd4d5b399825eed421bc3,ACTIVE,POOL_OBSERVATION
002190.SZ,2025-08-27,566dfe0660f8639cb30113c62a54e4397d159b9ded2bd4d5b399825eed421bc3,SIGNALLED,ENTRY_SIGNAL
002190.SZ,2025-08-28,566dfe0660f8639cb30113c62a54e4397d159b9ded2bd4d5b399825eed421bc3,SIGNALLED,EXECUTION_PENDING
002190.SZ,2025-08-29,566dfe0660f8639cb30113c62a54e4397d159b9ded2bd4d5b399825eed421bc3,SIGNALLED,EXECUTION_PENDING
002190.SZ,2025-09-01,566dfe0660f8639cb30113c62a54e4397d159b9ded2bd4d5b399825eed421bc3,SIGNALLED,EXECUTION_PENDING
002190.SZ,2025-09-02,566dfe0660f8639cb30113c62a54e4397d159b9ded2bd4d5b399825eed421bc3,EXPIRED,PENDING_SIGNAL_HORIZON_EXPIRED
002192.SZ,2026-03-27,f5e9f802f06bd3c3f24a0faf9c802048bf9af92a184307baea34baa8d8a935e0,ACTIVE,POOL_ADMISSION
002192.SZ,2026-03-30,f5e9f802f06bd3c3f24a0faf9c802048bf9af92a184307baea34baa8d8a935e0,ACTIVE,POOL_OBSERVATION
002192.SZ,2026-03-31,f5e9f802f06bd3c3f24a0faf9c802048bf9af92a184307baea34baa8d8a935e0,ACTIVE,POOL_OBSERVATION
002192.SZ,2026-04-01,f5e9f802f06bd3c3f24a0faf9c802048bf9af92a184307baea34baa8d8a935e0,ACTIVE,POOL_OBSERVATION
002192.SZ,2026-04-02,f5e9f802f06bd3c3f24a0faf9c802048bf9af92a184307baea34baa8d8a935e0,ACTIVE,POOL_OBSERVATION
002192.SZ,2026-04-03,f5e9f802f06bd3c3f24a0faf9c802048bf9af92a184307baea34baa8d8a935e0,ACTIVE,POOL_OBSERVATION
002192.SZ,2026-04-07,f5e9f802f06bd3c3f24a0faf9c802048bf9af92a184307baea34baa8d8a935e0,EXPIRED,POOL_EXPIRED
002193.SZ,2024-12-04,ce1812dd0760cba289683d36bf059d2ba06d81da306578261192177c528b7199,ACTIVE,POOL_ADMISSION
002193.SZ,2024-12-05,ce1812dd0760cba289683d36bf059d2ba06d81da306578261192177c528b7199,SIGNALLED,ENTRY_SIGNAL
002193.SZ,2024-12-06,ce1812dd0760cba289683d36bf059d2ba06d81da306578261192177c528b7199,SIGNALLED,EXECUTION_PENDING
002193.SZ,2024-12-09,ce1812dd0760cba289683d36bf059d2ba06d81da306578261192177c528b7199,SIGNALLED,EXECUTION_PENDING
002193.SZ,2024-12-10,ce1812dd0760cba289683d36bf059d2ba06d81da306578261192177c528b7199,SIGNALLED,EXECUTION_PENDING
002193.SZ,2024-12-11,ce1812dd0760cba289683d36bf059d2ba06d81da306578261192177c528b7199,SIGNALLED,EXECUTION_PENDING
002193.SZ,2024-12-12,ce1812dd0760cba289683d36bf059d2ba06d81da306578261192177c528b7199,EXPIRED,PENDING_SIGNAL_HORIZON_EXPIRED
002195.SZ,2024-12-05,889b8724cb8c0d29a067168fe6cdfdd14bea73a910d054101a4da965e075df01,ACTIVE,POOL_ADMISSION
002195.SZ,2024-12-06,889b8724cb8c0d29a067168fe6cdfdd14bea73a910d054101a4da965e075df01,ACTIVE,POOL_OBSERVATION
002195.SZ,2024-12-09,889b8724cb8c0d29a067168fe6cdfdd14bea73a910d054101a4da965e075df01,SIGNALLED,ENTRY_SIGNAL
002195.SZ,2024-12-10,889b8724cb8c0d29a067168fe6cdfdd14bea73a910d054101a4da965e075df01,SIGNALLED,EXECUTION_PENDING
002195.SZ,2024-12-11,889b8724cb8c0d29a067168fe6cdfdd14bea73a910d054101a4da965e075df01,SIGNALLED,EXECUTION_PENDING
002195.SZ,2024-12-12,889b8724cb8c0d29a067168fe6cdfdd14bea73a910d054101a4da965e075df01,SIGNALLED,EXECUTION_PENDING
002195.SZ,2024-12-13,889b8724cb8c0d29a067168fe6cdfdd14bea73a910d054101a4da965e075df01,EXPIRED,PENDING_SIGNAL_HORIZON_EXPIRED
002195.SZ,2026-01-08,808fae73905360b33a0d0eb91069f059d1a06cffda45a13b0b4dbcb38fa058a4,ACTIVE,POOL_ADMISSION
002195.SZ,2026-01-09,808fae73905360b33a0d0eb91069f059d1a06cffda45a13b0b4dbcb38fa058a4,ACTIVE,POOL_OBSERVATION
002195.SZ,2026-01-12,808fae73905360b33a0d0eb91069f059d1a06cffda45a13b0b4dbcb38fa058a4,ACTIVE,POOL_OBSERVATION
002195.SZ,2026-01-13,808fae73905360b33a0d0eb91069f059d1a06cffda45a13b0b4dbcb38fa058a4,ACTIVE,POOL_OBSERVATION
002195.SZ,2026-01-14,808fae73905360b33a0d0eb91069f059d1a06cffda45a13b0b4dbcb38fa058a4,ACTIVE,POOL_OBSERVATION
002195.SZ,2026-01-15,808fae73905360b33a0d0eb91069f059d1a06cffda45a13b0b4dbcb38fa058a4,ACTIVE,POOL_OBSERVATION
002195.SZ,2026-01-16,808fae73905360b33a0d0eb91069f059d1a06cffda45a13b0b4dbcb38fa058a4,EXPIRED,POOL_EXPIRED
002196.SZ,2025-03-11,0ace4c83827ba29a6686ccf7e8b1a18b0e5fb1932cfb92210ad1a24cab8d310b,ACTIVE,POOL_ADMISSION
002196.SZ,2025-03-12,0ace4c83827ba29a6686ccf7e8b1a18b0e5fb1932cfb92210ad1a24cab8d310b,ACTIVE,POOL_OBSERVATION
002196.SZ,2025-03-13,0ace4c83827ba29a6686ccf7e8b1a18b0e5fb1932cfb92210ad1a24cab8d310b,ACTIVE,POOL_OBSERVATION
002196.SZ,2025-03-14,0ace4c83827ba29a6686ccf7e8b1a18b0e5fb1932cfb92210ad1a24cab8d310b,SIGNALLED,ENTRY_SIGNAL
002196.SZ,2025-03-17,0ace4c83827ba29a6686ccf7e8b1a18b0e5fb1932cfb92210ad1a24cab8d310b,SIGNALLED,EXECUTION_PENDING
002196.SZ,2025-03-18,0ace4c83827ba29a6686ccf7e8b1a18b0e5fb1932cfb92210ad1a24cab8d310b,SIGNALLED,EXECUTION_PENDING
002196.SZ,2025-03-19,0ace4c83827ba29a6686ccf7e8b1a18b0e5fb1932cfb92210ad1a24cab8d310b,EXPIRED,PENDING_SIGNAL_HORIZON_EXPIRED
002199.SZ,2024-10-21,c3347639327ebc9a3279bcdd0b467df102c35e75c906cd69db19cbbac6507dd0,ACTIVE,POOL_ADMISSION
002199.SZ,2024-10-22,c3347639327ebc9a3279bcdd0b467df102c35e75c906cd69db19cbbac6507dd0,ACTIVE,POOL_OBSERVATION
002199.SZ,2024-10-23,c3347639327ebc9a3279bcdd0b467df102c35e75c906cd69db19cbbac6507dd0,ACTIVE,POOL_OBSERVATION
002199.SZ,2024-10-24,c3347639327ebc9a3279bcdd0b467df102c35e75c906cd69db19cbbac6507dd0,ACTIVE,POOL_OBSERVATION
002199.SZ,2024-10-25,c3347639327ebc9a3279bcdd0b467df102c35e75c906cd69db19cbbac6507dd0,ACTIVE,POOL_OBSERVATION
002199.SZ,2024-10-28,c3347639327ebc9a3279bcdd0b467df102c35e75c906cd69db19cbbac6507dd0,SIGNALLED,ENTRY_SIGNAL
002199.SZ,2024-10-29,c3347639327ebc9a3279bcdd0b467df102c35e75c906cd69db19cbbac6507dd0,EXPIRED,PENDING_SIGNAL_HORIZON_EXPIRED
002201.SZ,2025-12-26,3062fdfda44dec6fd708a80b1bd640057ce28028e232184dcfef378c14e2fc9d,ACTIVE,POOL_ADMISSION
002201.SZ,2025-12-29,3062fdfda44dec6fd708a80b1bd640057ce28028e232184dcfef378c14e2fc9d,ACTIVE,POOL_OBSERVATION
002201.SZ,2025-12-30,3062fdfda44dec6fd708a80b1bd640057ce28028e232184dcfef378c14e2fc9d,SIGNALLED,ENTRY_SIGNAL
002201.SZ,2025-12-31,3062fdfda44dec6fd708a80b1bd640057ce28028e232184dcfef378c14e2fc9d,SIGNALLED,EXECUTION_PENDING
002201.SZ,2026-01-05,3062fdfda44dec6fd708a80b1bd640057ce28028e232184dcfef378c14e2fc9d,SIGNALLED,EXECUTION_PENDING
002201.SZ,2026-01-06,3062fdfda44dec6fd708a80b1bd640057ce28028e232184dcfef378c14e2fc9d,SIGNALLED,EXECUTION_PENDING
002201.SZ,2026-01-07,3062fdfda44dec6fd708a80b1bd640057ce28028e232184dcfef378c14e2fc9d,EXPIRED,PENDING_SIGNAL_HORIZON_EXPIRED
002202.SZ,2026-01-09,d291aa5107ec7ff23a537d83e06df14fa493d67b290e5437a93e496c652fc93b,ACTIVE,POOL_ADMISSION
002202.SZ,2026-01-12,d291aa5107ec7ff23a537d83e06df14fa493d67b290e5437a93e496c652fc93b,ACTIVE,POOL_OBSERVATION
002202.SZ,2026-01-13,d291aa5107ec7ff23a537d83e06df14fa493d67b290e5437a93e496c652fc93b,ACTIVE,POOL_OBSERVATION
002202.SZ,2026-01-14,d291aa5107ec7ff23a537d83e06df14fa493d67b290e5437a93e496c652fc93b,SIGNALLED,ENTRY_SIGNAL
002202.SZ,2026-01-15,d291aa5107ec7ff23a537d83e06df14fa493d67b290e5437a93e496c652fc93b,SIGNALLED,EXECUTION_PENDING
002202.SZ,2026-01-16,d291aa5107ec7ff23a537d83e06df14fa493d67b290e5437a93e496c652fc93b,SIGNALLED,EXECUTION_PENDING
002202.SZ,2026-01-19,d291aa5107ec7ff23a537d83e06df14fa493d67b290e5437a93e496c652fc93b,EXPIRED,PENDING_SIGNAL_HORIZON_EXPIRED
002204.SZ,2025-03-24,876229146f8360ae3bfbb77f34182b84c7fe9972e985aba617b85a9406bb1d83,ACTIVE,POOL_ADMISSION
002204.SZ,2025-03-25,876229146f8360ae3bfbb77f34182b84c7fe9972e985aba617b85a9406bb1d83,ACTIVE,POOL_OBSERVATION
002204.SZ,2025-03-26,876229146f8360ae3bfbb77f34182b84c7fe9972e985aba617b85a9406bb1d83,ACTIVE,POOL_OBSERVATION
002204.SZ,2025-03-27,876229146f8360ae3bfbb77f34182b84c7fe9972e985aba617b85a9406bb1d83,ACTIVE,POOL_OBSERVATION
002204.SZ,2025-03-28,876229146f8360ae3bfbb77f34182b84c7fe9972e985aba617b85a9406bb1d83,ACTIVE,POOL_OBSERVATION
002204.SZ,2025-03-31,876229146f8360ae3bfbb77f34182b84c7fe9972e985aba617b85a9406bb1d83,ACTIVE,POOL_OBSERVATION
002204.SZ,2025-04-01,876229146f8360ae3bfbb77f34182b84c7fe9972e985aba617b85a9406bb1d83,EXPIRED,POOL_EXPIRED
002207.SZ,2025-06-18,30b2e8df3e1ea2759961f4038c7a9324661961506785f893b233db4f3baa1da4,ACTIVE,POOL_ADMISSION
002207.SZ,2025-06-19,30b2e8df3e1ea2759961f4038c7a9324661961506785f893b233db4f3baa1da4,ACTIVE,POOL_OBSERVATION
002207.SZ,2025-06-20,30b2e8df3e1ea2759961f4038c7a9324661961506785f893b233db4f3baa1da4,ACTIVE,POOL_OBSERVATION
002207.SZ,2025-06-23,30b2e8df3e1ea2759961f4038c7a9324661961506785f893b233db4f3baa1da4,ACTIVE,POOL_OBSERVATION
002207.SZ,2025-06-24,30b2e8df3e1ea2759961f4038c7a9324661961506785f893b233db4f3baa1da4,ACTIVE,POOL_OBSERVATION
002207.SZ,2025-06-25,30b2e8df3e1ea2759961f4038c7a9324661961506785f893b233db4f3baa1da4,ACTIVE,POOL_OBSERVATION
002207.SZ,2025-06-26,30b2e8df3e1ea2759961f4038c7a9324661961506785f893b233db4f3baa1da4,EXPIRED,POOL_EXPIRED
002208.SZ,2024-09-30,6a1f0e179d0f41bfc8c5884f0603af7c0fd7c9a10e89d90f160a4989da96a5b4,ACTIVE,POOL_ADMISSION
002208.SZ,2024-10-08,6a1f0e179d0f41bfc8c5884f0603af7c0fd7c9a10e89d90f160a4989da96a5b4,ACTIVE,POOL_OBSERVATION
002208.SZ,2024-10-09,6a1f0e179d0f41bfc8c5884f0603af7c0fd7c9a10e89d90f160a4989da96a5b4,ACTIVE,POOL_OBSERVATION
002208.SZ,2024-10-10,6a1f0e179d0f41bfc8c5884f0603af7c0fd7c9a10e89d90f160a4989da96a5b4,ACTIVE,POOL_OBSERVATION
002208.SZ,2024-10-11,6a1f0e179d0f41bfc8c5884f0603af7c0fd7c9a10e89d90f160a4989da96a5b4,ACTIVE,POOL_OBSERVATION
002208.SZ,2024-10-14,6a1f0e179d0f41bfc8c5884f0603af7c0fd7c9a10e89d90f160a4989da96a5b4,ACTIVE,POOL_OBSERVATION
002208.SZ,2024-10-15,6a1f0e179d0f41bfc8c5884f0603af7c0fd7c9a10e89d90f160a4989da96a5b4,EXPIRED,POOL_EXPIRED
002208.SZ,2025-10-16,e2a714ac1ad633d25b99f9f4a229f2ef07e07170018ea7380d5e8eac92fdbfef,ACTIVE,POOL_ADMISSION
002208.SZ,2025-10-17,e2a714ac1ad633d25b99f9f4a229f2ef07e07170018ea7380d5e8eac92fdbfef,SIGNALLED,ENTRY_SIGNAL
002208.SZ,2025-10-20,e2a714ac1ad633d25b99f9f4a229f2ef07e07170018ea7380d5e8eac92fdbfef,SIGNALLED,EXECUTION_PENDING
002208.SZ,2025-10-21,e2a714ac1ad633d25b99f9f4a229f2ef07e07170018ea7380d5e8eac92fdbfef,SIGNALLED,EXECUTION_PENDING
002208.SZ,2025-10-22,e2a714ac1ad633d25b99f9f4a229f2ef07e07170018ea7380d5e8eac92fdbfef,SIGNALLED,EXECUTION_PENDING
002208.SZ,2025-10-23,e2a714ac1ad633d25b99f9f4a229f2ef07e07170018ea7380d5e8eac92fdbfef,SIGNALLED,EXECUTION_PENDING
002208.SZ,2025-10-24,e2a714ac1ad633d25b99f9f4a229f2ef07e07170018ea7380d5e8eac92fdbfef,EXPIRED,PENDING_SIGNAL_HORIZON_EXPIRED
002208.SZ,2026-05-18,d3389f64ed31725c5547e3a2bc127888b98185255254193ae59401407815b3c6,ACTIVE,POOL_ADMISSION
002208.SZ,2026-05-19,d3389f64ed31725c5547e3a2bc127888b98185255254193ae59401407815b3c6,ACTIVE,POOL_OBSERVATION
002208.SZ,2026-05-20,d3389f64ed31725c5547e3a2bc127888b98185255254193ae59401407815b3c6,ACTIVE,POOL_OBSERVATION
002208.SZ,2026-05-21,d3389f64ed31725c5547e3a2bc127888b98185255254193ae59401407815b3c6,ACTIVE,POOL_OBSERVATION
002208.SZ,2026-05-22,d3389f64ed31725c5547e3a2bc127888b98185255254193ae59401407815b3c6,ACTIVE,POOL_OBSERVATION
002208.SZ,2026-05-25,d3389f64ed31725c5547e3a2bc127888b98185255254193ae59401407815b3c6,ACTIVE,POOL_OBSERVATION
002208.SZ,2026-05-26,d3389f64ed31725c5547e3a2bc127888b98185255254193ae59401407815b3c6,EXPIRED,POOL_EXPIRED
002209.SZ,2025-07-16,0b934abf76226ea938b9c3787ff1c2f1f04647f3aa1ce68c4b19502826eab988,ACTIVE,POOL_ADMISSION
002209.SZ,2025-07-17,0b934abf76226ea938b9c3787ff1c2f1f04647f3aa1ce68c4b19502826eab988,ACTIVE,POOL_OBSERVATION
002209.SZ,2025-07-18,0b934abf76226ea938b9c3787ff1c2f1f04647f3aa1ce68c4b19502826eab988,ACTIVE,POOL_OBSERVATION
002209.SZ,2025-07-21,0b934abf76226ea938b9c3787ff1c2f1f04647f3aa1ce68c4b19502826eab988,ACTIVE,POOL_OBSERVATION
002209.SZ,2025-07-22,0b934abf76226ea938b9c3787ff1c2f1f04647f3aa1ce68c4b19502826eab988,ACTIVE,POOL_OBSERVATION
002209.SZ,2025-07-23,0b934abf76226ea938b9c3787ff1c2f1f04647f3aa1ce68c4b19502826eab988,ACTIVE,POOL_OBSERVATION
002209.SZ,2025-07-24,0b934abf76226ea938b9c3787ff1c2f1f04647f3aa1ce68c4b19502826eab988,EXPIRED,POOL_EXPIRED
002211.SZ,2024-10-14,1836e31ac9d1fb7b1b4b583fef9d5af85f4f97882bd68ff68fc7c74c4ebea263,ACTIVE,POOL_ADMISSION
002211.SZ,2024-10-15,1836e31ac9d1fb7b1b4b583fef9d5af85f4f97882bd68ff68fc7c74c4ebea263,ACTIVE,POOL_OBSERVATION
002211.SZ,2024-10-16,1836e31ac9d1fb7b1b4b583fef9d5af85f4f97882bd68ff68fc7c74c4ebea263,ACTIVE,POOL_OBSERVATION
002211.SZ,2024-10-17,1836e31ac9d1fb7b1b4b583fef9d5af85f4f97882bd68ff68fc7c74c4ebea263,ACTIVE,POOL_OBSERVATION
002211.SZ,2024-10-18,1836e31ac9d1fb7b1b4b583fef9d5af85f4f97882bd68ff68fc7c74c4ebea263,ACTIVE,POOL_OBSERVATION
002211.SZ,2024-10-21,1836e31ac9d1fb7b1b4b583fef9d5af85f4f97882bd68ff68fc7c74c4ebea263,ACTIVE,POOL_OBSERVATION
002211.SZ,2024-10-22,1836e31ac9d1fb7b1b4b583fef9d5af85f4f97882bd68ff68fc7c74c4ebea263,EXPIRED,POOL_EXPIRED
002212.SZ,2025-08-27,ecec8c21607b29ee26fc836bed9f7266c9cf9640aa812366d21385df305a80aa,ACTIVE,POOL_ADMISSION
002212.SZ,2025-08-28,ecec8c21607b29ee26fc836bed9f7266c9cf9640aa812366d21385df305a80aa,ACTIVE,POOL_OBSERVATION
002212.SZ,2025-08-29,ecec8c21607b29ee26fc836bed9f7266c9cf9640aa812366d21385df305a80aa,ACTIVE,POOL_OBSERVATION
002212.SZ,2025-09-01,ecec8c21607b29ee26fc836bed9f7266c9cf9640aa812366d21385df305a80aa,ACTIVE,POOL_OBSERVATION
002212.SZ,2025-09-02,ecec8c21607b29ee26fc836bed9f7266c9cf9640aa812366d21385df305a80aa,ACTIVE,POOL_OBSERVATION
002212.SZ,2025-09-03,ecec8c21607b29ee26fc836bed9f7266c9cf9640aa812366d21385df305a80aa,ACTIVE,POOL_OBSERVATION
002212.SZ,2025-09-04,ecec8c21607b29ee26fc836bed9f7266c9cf9640aa812366d21385df305a80aa,EXPIRED,POOL_EXPIRED
002217.SZ,2025-08-26,9a41706726e8e6e1ae309be07c5bd548bb8aa4e4a5330d998698bbda2e24ea21,ACTIVE,POOL_ADMISSION
002217.SZ,2025-08-27,9a41706726e8e6e1ae309be07c5bd548bb8aa4e4a5330d998698bbda2e24ea21,ACTIVE,POOL_OBSERVATION
002217.SZ,2025-08-28,9a41706726e8e6e1ae309be07c5bd548bb8aa4e4a5330d998698bbda2e24ea21,ACTIVE,POOL_OBSERVATION
002217.SZ,2025-08-29,9a41706726e8e6e1ae309be07c5bd548bb8aa4e4a5330d998698bbda2e24ea21,ACTIVE,POOL_OBSERVATION
002217.SZ,2025-09-01,9a41706726e8e6e1ae309be07c5bd548bb8aa4e4a5330d998698bbda2e24ea21,SIGNALLED,ENTRY_SIGNAL
002217.SZ,2025-09-02,9a41706726e8e6e1ae309be07c5bd548bb8aa4e4a5330d998698bbda2e24ea21,SIGNALLED,EXECUTION_PENDING
002217.SZ,2025-09-03,9a41706726e8e6e1ae309be07c5bd548bb8aa4e4a5330d998698bbda2e24ea21,EXPIRED,PENDING_SIGNAL_HORIZON_EXPIRED
002227.SZ,2024-11-21,8ab1d5c4e2817a29756bc5cff56feb0986cd908e4b46dec4c1d95a9f88527c01,ACTIVE,POOL_ADMISSION
002227.SZ,2024-11-22,8ab1d5c4e2817a29756bc5cff56feb0986cd908e4b46dec4c1d95a9f88527c01,ACTIVE,POOL_OBSERVATION
002227.SZ,2024-11-25,8ab1d5c4e2817a29756bc5cff56feb0986cd908e4b46dec4c1d95a9f88527c01,ACTIVE,POOL_OBSERVATION
002227.SZ,2024-11-26,8ab1d5c4e2817a29756bc5cff56feb0986cd908e4b46dec4c1d95a9f88527c01,ACTIVE,POOL_OBSERVATION
002227.SZ,2024-11-27,8ab1d5c4e2817a29756bc5cff56feb0986cd908e4b46dec4c1d95a9f88527c01,ACTIVE,POOL_OBSERVATION
002227.SZ,2024-11-28,8ab1d5c4e2817a29756bc5cff56feb0986cd908e4b46dec4c1d95a9f88527c01,ACTIVE,POOL_OBSERVATION
002227.SZ,2024-11-29,8ab1d5c4e2817a29756bc5cff56feb0986cd908e4b46dec4c1d95a9f88527c01,EXPIRED,POOL_EXPIRED
002228.SZ,2025-12-25,abd799acd1ebf8d1e6b56abd9ae9114ca172b35497f9b98157e3ad59172a8c85,ACTIVE,POOL_ADMISSION
002228.SZ,2025-12-26,abd799acd1ebf8d1e6b56abd9ae9114ca172b35497f9b98157e3ad59172a8c85,ACTIVE,POOL_OBSERVATION
002228.SZ,2025-12-29,abd799acd1ebf8d1e6b56abd9ae9114ca172b35497f9b98157e3ad59172a8c85,ACTIVE,POOL_OBSERVATION
002228.SZ,2025-12-30,abd799acd1ebf8d1e6b56abd9ae9114ca172b35497f9b98157e3ad59172a8c85,ACTIVE,POOL_OBSERVATION
002228.SZ,2025-12-31,abd799acd1ebf8d1e6b56abd9ae9114ca172b35497f9b98157e3ad59172a8c85,ACTIVE,POOL_OBSERVATION
002228.SZ,2026-01-05,abd799acd1ebf8d1e6b56abd9ae9114ca172b35497f9b98157e3ad59172a8c85,ACTIVE,POOL_OBSERVATION
002228.SZ,2026-01-06,abd799acd1ebf8d1e6b56abd9ae9114ca172b35497f9b98157e3ad59172a8c85,EXPIRED,POOL_EXPIRED
002229.SZ,2025-04-30,5c5882f8cae5ff08c16e8e2f0081e9be96f415100441708e6766d2a0e2312398,ACTIVE,POOL_ADMISSION
002229.SZ,2025-05-06,5c5882f8cae5ff08c16e8e2f0081e9be96f415100441708e6766d2a0e2312398,ACTIVE,POOL_OBSERVATION
002229.SZ,2025-05-07,5c5882f8cae5ff08c16e8e2f0081e9be96f415100441708e6766d2a0e2312398,ACTIVE,POOL_OBSERVATION
002229.SZ,2025-05-08,5c5882f8cae5ff08c16e8e2f0081e9be96f415100441708e6766d2a0e2312398,ACTIVE,POOL_OBSERVATION
002229.SZ,2025-05-09,5c5882f8cae5ff08c16e8e2f0081e9be96f415100441708e6766d2a0e2312398,ACTIVE,POOL_OBSERVATION
002229.SZ,2025-05-12,5c5882f8cae5ff08c16e8e2f0081e9be96f415100441708e6766d2a0e2312398,ACTIVE,POOL_OBSERVATION
002229.SZ,2025-05-13,5c5882f8cae5ff08c16e8e2f0081e9be96f415100441708e6766d2a0e2312398,EXPIRED,POOL_EXPIRED
002232.SZ,2024-07-29,c1fce5786c0204eda214ced8df2d02005160f69ae687b4ac862974a3c8cbecd3,ACTIVE,POOL_ADMISSION
002232.SZ,2024-07-30,c1fce5786c0204eda214ced8df2d02005160f69ae687b4ac862974a3c8cbecd3,ACTIVE,POOL_OBSERVATION
002232.SZ,2024-07-31,c1fce5786c0204eda214ced8df2d02005160f69ae687b4ac862974a3c8cbecd3,ACTIVE,POOL_OBSERVATION
002232.SZ,2024-08-01,c1fce5786c0204eda214ced8df2d02005160f69ae687b4ac862974a3c8cbecd3,ACTIVE,POOL_OBSERVATION
002232.SZ,2024-08-02,c1fce5786c0204eda214ced8df2d02005160f69ae687b4ac862974a3c8cbecd3,SIGNALLED,ENTRY_SIGNAL
002232.SZ,2024-08-05,c1fce5786c0204eda214ced8df2d02005160f69ae687b4ac862974a3c8cbecd3,SIGNALLED,EXECUTION_PENDING
002232.SZ,2024-08-06,c1fce5786c0204eda214ced8df2d02005160f69ae687b4ac862974a3c8cbecd3,EXPIRED,PENDING_SIGNAL_HORIZON_EXPIRED
002235.SZ,2025-12-10,dbb923604528552a2fc07900c7de2b9999761897160830b5fc6c33eecb958f7e,ACTIVE,POOL_ADMISSION
002235.SZ,2025-12-11,dbb923604528552a2fc07900c7de2b9999761897160830b5fc6c33eecb958f7e,ACTIVE,POOL_OBSERVATION
002235.SZ,2025-12-12,dbb923604528552a2fc07900c7de2b9999761897160830b5fc6c33eecb958f7e,ACTIVE,POOL_OBSERVATION
002235.SZ,2025-12-15,dbb923604528552a2fc07900c7de2b9999761897160830b5fc6c33eecb958f7e,SIGNALLED,ENTRY_SIGNAL
002235.SZ,2025-12-16,dbb923604528552a2fc07900c7de2b9999761897160830b5fc6c33eecb958f7e,SIGNALLED,EXECUTION_PENDING
002235.SZ,2025-12-17,dbb923604528552a2fc07900c7de2b9999761897160830b5fc6c33eecb958f7e,SIGNALLED,EXECUTION_PENDING
002235.SZ,2025-12-18,dbb923604528552a2fc07900c7de2b9999761897160830b5fc6c33eecb958f7e,EXPIRED,PENDING_SIGNAL_HORIZON_EXPIRED
002243.SZ,2024-10-30,d2c2c94f52e549896bd5684273d31b2cf1b9e581dc3d99bde136999944a57b6d,ACTIVE,POOL_ADMISSION
002243.SZ,2024-10-31,d2c2c94f52e549896bd5684273d31b2cf1b9e581dc3d99bde136999944a57b6d,ACTIVE,POOL_OBSERVATION
002243.SZ,2024-11-01,d2c2c94f52e549896bd5684273d31b2cf1b9e581dc3d99bde136999944a57b6d,ACTIVE,POOL_OBSERVATION
002243.SZ,2024-11-04,d2c2c94f52e549896bd5684273d31b2cf1b9e581dc3d99bde136999944a57b6d,ACTIVE,POOL_OBSERVATION
002243.SZ,2024-11-05,d2c2c94f52e549896bd5684273d31b2cf1b9e581dc3d99bde136999944a57b6d,ACTIVE,POOL_OBSERVATION
002243.SZ,2024-11-06,d2c2c94f52e549896bd5684273d31b2cf1b9e581dc3d99bde136999944a57b6d,ACTIVE,POOL_OBSERVATION
002243.SZ,2024-11-07,d2c2c94f52e549896bd5684273d31b2cf1b9e581dc3d99bde136999944a57b6d,EXPIRED,POOL_EXPIRED
002246.SZ,2025-07-22,3bbcb0e2df99c9ffe3e66d4c916b739ac7215e75978b3a354eaec3139b17c1cc,ACTIVE,POOL_ADMISSION
002246.SZ,2025-07-23,3bbcb0e2df99c9ffe3e66d4c916b739ac7215e75978b3a354eaec3139b17c1cc,ACTIVE,POOL_OBSERVATION
002246.SZ,2025-07-24,3bbcb0e2df99c9ffe3e66d4c916b739ac7215e75978b3a354eaec3139b17c1cc,ACTIVE,POOL_OBSERVATION
002246.SZ,2025-07-25,3bbcb0e2df99c9ffe3e66d4c916b739ac7215e75978b3a354eaec3139b17c1cc,ACTIVE,POOL_OBSERVATION
002246.SZ,2025-07-28,3bbcb0e2df99c9ffe3e66d4c916b739ac7215e75978b3a354eaec3139b17c1cc,ACTIVE,POOL_OBSERVATION
002246.SZ,2025-07-29,3bbcb0e2df99c9ffe3e66d4c916b739ac7215e75978b3a354eaec3139b17c1cc,ACTIVE,POOL_OBSERVATION
002246.SZ,2025-07-30,3bbcb0e2df99c9ffe3e66d4c916b739ac7215e75978b3a354eaec3139b17c1cc,EXPIRED,POOL_EXPIRED
002247.SZ,2024-11-05,7add4e6e8fa5fb4c4bc4893789a462c01883dedf73e3025bbc73acd6c44f3ae4,ACTIVE,POOL_ADMISSION
002247.SZ,2024-11-06,7add4e6e8fa5fb4c4bc4893789a462c01883dedf73e3025bbc73acd6c44f3ae4,ACTIVE,POOL_OBSERVATION
002247.SZ,2024-11-07,7add4e6e8fa5fb4c4bc4893789a462c01883dedf73e3025bbc73acd6c44f3ae4,ACTIVE,POOL_OBSERVATION
002247.SZ,2024-11-08,7add4e6e8fa5fb4c4bc4893789a462c01883dedf73e3025bbc73acd6c44f3ae4,ACTIVE,POOL_OBSERVATION
002247.SZ,2024-11-11,7add4e6e8fa5fb4c4bc4893789a462c01883dedf73e3025bbc73acd6c44f3ae4,SIGNALLED,ENTRY_SIGNAL
002247.SZ,2024-11-12,7add4e6e8fa5fb4c4bc4893789a462c01883dedf73e3025bbc73acd6c44f3ae4,SIGNALLED,EXECUTION_PENDING
002247.SZ,2024-11-13,7add4e6e8fa5fb4c4bc4893789a462c01883dedf73e3025bbc73acd6c44f3ae4,EXPIRED,PENDING_SIGNAL_HORIZON_EXPIRED
002248.SZ,2024-10-28,1d4a67484bf01653c6dc5dd5f9f37a0950823f9b70581ae8bab180496cf87b92,ACTIVE,POOL_ADMISSION
002248.SZ,2024-10-29,1d4a67484bf01653c6dc5dd5f9f37a0950823f9b70581ae8bab180496cf87b92,ACTIVE,POOL_OBSERVATION
002248.SZ,2024-10-30,1d4a67484bf01653c6dc5dd5f9f37a0950823f9b70581ae8bab180496cf87b92,SIGNALLED,ENTRY_SIGNAL
002248.SZ,2024-10-31,1d4a67484bf01653c6dc5dd5f9f37a0950823f9b70581ae8bab180496cf87b92,SIGNALLED,EXECUTION_PENDING
002248.SZ,2024-11-01,1d4a67484bf01653c6dc5dd5f9f37a0950823f9b70581ae8bab180496cf87b92,SIGNALLED,EXECUTION_PENDING
002248.SZ,2024-11-04,1d4a67484bf01653c6dc5dd5f9f37a0950823f9b70581ae8bab180496cf87b92,SIGNALLED,EXECUTION_PENDING
002248.SZ,2024-11-05,1d4a67484bf01653c6dc5dd5f9f37a0950823f9b70581ae8bab180496cf87b92,EXPIRED,PENDING_SIGNAL_HORIZON_EXPIRED
002250.SZ,2025-06-03,3c0f51533df60323732e78404d176d2119c0636bff228b2e151b8262d020901e,ACTIVE,POOL_ADMISSION
002250.SZ,2025-06-04,3c0f51533df60323732e78404d176d2119c0636bff228b2e151b8262d020901e,ACTIVE,POOL_OBSERVATION
002250.SZ,2025-06-05,3c0f51533df60323732e78404d176d2119c0636bff228b2e151b8262d020901e,ACTIVE,POOL_OBSERVATION
002250.SZ,2025-06-06,3c0f51533df60323732e78404d176d2119c0636bff228b2e151b8262d020901e,ACTIVE,POOL_OBSERVATION
002250.SZ,2025-06-09,3c0f51533df60323732e78404d176d2119c0636bff228b2e151b8262d020901e,ACTIVE,POOL_OBSERVATION
002250.SZ,2025-06-10,3c0f51533df60323732e78404d176d2119c0636bff228b2e151b8262d020901e,ACTIVE,POOL_OBSERVATION
002250.SZ,2025-06-11,3c0f51533df60323732e78404d176d2119c0636bff228b2e151b8262d020901e,EXPIRED,POOL_EXPIRED
002251.SZ,2025-04-24,fe0ea5742f8b15da7047c5efe3e136eed8fc532937525b44ed3933b4073d597f,ACTIVE,POOL_ADMISSION
002251.SZ,2025-04-25,fe0ea5742f8b15da7047c5efe3e136eed8fc532937525b44ed3933b4073d597f,ACTIVE,POOL_OBSERVATION
002251.SZ,2025-04-28,fe0ea5742f8b15da7047c5efe3e136eed8fc532937525b44ed3933b4073d597f,ACTIVE,POOL_OBSERVATION
002251.SZ,2025-04-29,fe0ea5742f8b15da7047c5efe3e136eed8fc532937525b44ed3933b4073d597f,SIGNALLED,ENTRY_SIGNAL
002251.SZ,2025-04-30,fe0ea5742f8b15da7047c5efe3e136eed8fc532937525b44ed3933b4073d597f,SIGNALLED,EXECUTION_PENDING
002251.SZ,2025-05-06,fe0ea5742f8b15da7047c5efe3e136eed8fc532937525b44ed3933b4073d597f,SIGNALLED,EXECUTION_PENDING
002251.SZ,2025-05-07,fe0ea5742f8b15da7047c5efe3e136eed8fc532937525b44ed3933b4073d597f,EXPIRED,PENDING_SIGNAL_HORIZON_EXPIRED
002253.SZ,2024-10-31,354bb28b78828d1877ec69dabb4070b872528968dd6c7244ca475c01316a9a0f,ACTIVE,POOL_ADMISSION
002253.SZ,2024-11-01,354bb28b78828d1877ec69dabb4070b872528968dd6c7244ca475c01316a9a0f,ACTIVE,POOL_OBSERVATION
002253.SZ,2024-11-04,354bb28b78828d1877ec69dabb4070b872528968dd6c7244ca475c01316a9a0f,ACTIVE,POOL_OBSERVATION
002253.SZ,2024-11-05,354bb28b78828d1877ec69dabb4070b872528968dd6c7244ca475c01316a9a0f,ACTIVE,POOL_OBSERVATION
002253.SZ,2024-11-06,354bb28b78828d1877ec69dabb4070b872528968dd6c7244ca475c01316a9a0f,SIGNALLED,ENTRY_SIGNAL
002253.SZ,2024-11-07,354bb28b78828d1877ec69dabb4070b872528968dd6c7244ca475c01316a9a0f,SIGNALLED,EXECUTION_PENDING
002253.SZ,2024-11-08,354bb28b78828d1877ec69dabb4070b872528968dd6c7244ca475c01316a9a0f,EXPIRED,PENDING_SIGNAL_HORIZON_EXPIRED
002254.SZ,2026-06-11,6e5f5882ac220b5243e8a4931f93f9e960cd99247fc0c5fe3eb35bb11c2dc112,SIGNALLED,ENTRY_SIGNAL
002254.SZ,2026-06-12,6e5f5882ac220b5243e8a4931f93f9e960cd99247fc0c5fe3eb35bb11c2dc112,SIGNALLED,EXECUTION_PENDING
002254.SZ,2026-06-15,6e5f5882ac220b5243e8a4931f93f9e960cd99247fc0c5fe3eb35bb11c2dc112,SIGNALLED,EXECUTION_PENDING
002254.SZ,2026-06-16,6e5f5882ac220b5243e8a4931f93f9e960cd99247fc0c5fe3eb35bb11c2dc112,SIGNALLED,EXECUTION_PENDING
002254.SZ,2026-06-17,6e5f5882ac220b5243e8a4931f93f9e960cd99247fc0c5fe3eb35bb11c2dc112,SIGNALLED,EXECUTION_PENDING
002254.SZ,2026-06-18,6e5f5882ac220b5243e8a4931f93f9e960cd99247fc0c5fe3eb35bb11c2dc112,SIGNALLED,EXECUTION_PENDING
002254.SZ,2026-06-22,6e5f5882ac220b5243e8a4931f93f9e960cd99247fc0c5fe3eb35bb11c2dc112,EXPIRED,PENDING_SIGNAL_HORIZON_EXPIRED
002255.SZ,2025-11-06,7a6a5e361d6960538eb39afedb24638b3e28198ef0fcd5c9db0582df70d7d8e7,ACTIVE,POOL_ADMISSION
002255.SZ,2025-11-07,7a6a5e361d6960538eb39afedb24638b3e28198ef0fcd5c9db0582df70d7d8e7,ACTIVE,POOL_OBSERVATION
002255.SZ,2025-11-10,7a6a5e361d6960538eb39afedb24638b3e28198ef0fcd5c9db0582df70d7d8e7,ACTIVE,POOL_OBSERVATION
002255.SZ,2025-11-11,7a6a5e361d6960538eb39afedb24638b3e28198ef0fcd5c9db0582df70d7d8e7,SIGNALLED,ENTRY_SIGNAL
002255.SZ,2025-11-12,7a6a5e361d6960538eb39afedb24638b3e28198ef0fcd5c9db0582df70d7d8e7,SIGNALLED,EXECUTION_PENDING
002255.SZ,2025-11-13,7a6a5e361d6960538eb39afedb24638b3e28198ef0fcd5c9db0582df70d7d8e7,SIGNALLED,EXECUTION_PENDING
002255.SZ,2025-11-14,7a6a5e361d6960538eb39afedb24638b3e28198ef0fcd5c9db0582df70d7d8e7,EXPIRED,PENDING_SIGNAL_HORIZON_EXPIRED
002256.SZ,2025-09-02,91b75d9fb91d1957707511af04a5a66a0a7e5edb47b187988bf9952c4976adac,ACTIVE,POOL_ADMISSION
002256.SZ,2025-09-03,91b75d9fb91d1957707511af04a5a66a0a7e5edb47b187988bf9952c4976adac,ACTIVE,POOL_OBSERVATION
002256.SZ,2025-09-04,91b75d9fb91d1957707511af04a5a66a0a7e5edb47b187988bf9952c4976adac,ACTIVE,POOL_OBSERVATION
002256.SZ,2025-09-05,91b75d9fb91d1957707511af04a5a66a0a7e5edb47b187988bf9952c4976adac,ACTIVE,POOL_OBSERVATION
002256.SZ,2025-09-08,91b75d9fb91d1957707511af04a5a66a0a7e5edb47b187988bf9952c4976adac,ACTIVE,POOL_OBSERVATION
002256.SZ,2025-09-09,91b75d9fb91d1957707511af04a5a66a0a7e5edb47b187988bf9952c4976adac,ACTIVE,POOL_OBSERVATION
002256.SZ,2025-09-10,91b75d9fb91d1957707511af04a5a66a0a7e5edb47b187988bf9952c4976adac,EXPIRED,POOL_EXPIRED
002261.SZ,2025-02-10,6fcca1fdfda2196c9bcc8b5b715b7a2db91e16b938ebd2834ed9a0cc6530c185,ACTIVE,POOL_ADMISSION
002261.SZ,2025-02-11,6fcca1fdfda2196c9bcc8b5b715b7a2db91e16b938ebd2834ed9a0cc6530c185,ACTIVE,POOL_OBSERVATION
002261.SZ,2025-02-12,6fcca1fdfda2196c9bcc8b5b715b7a2db91e16b938ebd2834ed9a0cc6530c185,ACTIVE,POOL_OBSERVATION
002261.SZ,2025-02-13,6fcca1fdfda2196c9bcc8b5b715b7a2db91e16b938ebd2834ed9a0cc6530c185,ACTIVE,POOL_OBSERVATION
002261.SZ,2025-02-14,6fcca1fdfda2196c9bcc8b5b715b7a2db91e16b938ebd2834ed9a0cc6530c185,ACTIVE,POOL_OBSERVATION
002261.SZ,2025-02-17,6fcca1fdfda2196c9bcc8b5b715b7a2db91e16b938ebd2834ed9a0cc6530c185,ACTIVE,POOL_OBSERVATION
002261.SZ,2025-02-18,6fcca1fdfda2196c9bcc8b5b715b7a2db91e16b938ebd2834ed9a0cc6530c185,SIGNALLED,ENTRY_SIGNAL
002261.SZ,2025-02-19,6fcca1fdfda2196c9bcc8b5b715b7a2db91e16b938ebd2834ed9a0cc6530c185,EXPIRED,PENDING_SIGNAL_HORIZON_EXPIRED
002263.SZ,2025-06-27,1a881abd06b0bd1613ac2395890d3685a21260584e0e6621dc593d992afd7bf8,ACTIVE,POOL_ADMISSION
002263.SZ,2025-06-30,1a881abd06b0bd1613ac2395890d3685a21260584e0e6621dc593d992afd7bf8,ACTIVE,POOL_OBSERVATION
002263.SZ,2025-07-01,1a881abd06b0bd1613ac2395890d3685a21260584e0e6621dc593d992afd7bf8,ACTIVE,POOL_OBSERVATION
002263.SZ,2025-07-02,1a881abd06b0bd1613ac2395890d3685a21260584e0e6621dc593d992afd7bf8,SIGNALLED,ENTRY_SIGNAL
002263.SZ,2025-07-03,1a881abd06b0bd1613ac2395890d3685a21260584e0e6621dc593d992afd7bf8,SIGNALLED,EXECUTION_PENDING
002263.SZ,2025-07-04,1a881abd06b0bd1613ac2395890d3685a21260584e0e6621dc593d992afd7bf8,SIGNALLED,EXECUTION_PENDING
002263.SZ,2025-07-07,1a881abd06b0bd1613ac2395890d3685a21260584e0e6621dc593d992afd7bf8,EXPIRED,PENDING_SIGNAL_HORIZON_EXPIRED
002264.SZ,2025-11-26,cfa6afeecaabc6c764f6645f8f73632c0eae9baa681321eff82e71007f842df0,ACTIVE,POOL_ADMISSION
002264.SZ,2025-11-27,cfa6afeecaabc6c764f6645f8f73632c0eae9baa681321eff82e71007f842df0,ACTIVE,POOL_OBSERVATION
002264.SZ,2025-11-28,cfa6afeecaabc6c764f6645f8f73632c0eae9baa681321eff82e71007f842df0,ACTIVE,POOL_OBSERVATION
002264.SZ,2025-12-01,cfa6afeecaabc6c764f6645f8f73632c0eae9baa681321eff82e71007f842df0,ACTIVE,POOL_OBSERVATION
002264.SZ,2025-12-02,cfa6afeecaabc6c764f6645f8f73632c0eae9baa681321eff82e71007f842df0,ACTIVE,POOL_OBSERVATION
002264.SZ,2025-12-03,cfa6afeecaabc6c764f6645f8f73632c0eae9baa681321eff82e71007f842df0,ACTIVE,POOL_OBSERVATION
002264.SZ,2025-12-04,cfa6afeecaabc6c764f6645f8f73632c0eae9baa681321eff82e71007f842df0,EXPIRED,POOL_EXPIRED
002265.SZ,2024-12-05,d5da02be23240973364e37aaab1b7efbf68f7fad71b7f72f7d133629cad1d863,ACTIVE,POOL_ADMISSION
002265.SZ,2024-12-06,d5da02be23240973364e37aaab1b7efbf68f7fad71b7f72f7d133629cad1d863,ACTIVE,POOL_OBSERVATION
002265.SZ,2024-12-09,d5da02be23240973364e37aaab1b7efbf68f7fad71b7f72f7d133629cad1d863,ACTIVE,POOL_OBSERVATION
002265.SZ,2024-12-10,d5da02be23240973364e37aaab1b7efbf68f7fad71b7f72f7d133629cad1d863,ACTIVE,POOL_OBSERVATION
002265.SZ,2024-12-11,d5da02be23240973364e37aaab1b7efbf68f7fad71b7f72f7d133629cad1d863,ACTIVE,POOL_OBSERVATION
002265.SZ,2024-12-12,d5da02be23240973364e37aaab1b7efbf68f7fad71b7f72f7d133629cad1d863,ACTIVE,POOL_OBSERVATION
002265.SZ,2024-12-13,d5da02be23240973364e37aaab1b7efbf68f7fad71b7f72f7d133629cad1d863,EXPIRED,POOL_EXPIRED
002265.SZ,2024-12-16,49e3f8054b757e4a8f0dc8b24db441dd3c87cc12ee3c918e203f07b6aa1b3efe,ACTIVE,POOL_ADMISSION
002265.SZ,2024-12-17,49e3f8054b757e4a8f0dc8b24db441dd3c87cc12ee3c918e203f07b6aa1b3efe,ACTIVE,POOL_OBSERVATION
002265.SZ,2024-12-18,49e3f8054b757e4a8f0dc8b24db441dd3c87cc12ee3c918e203f07b6aa1b3efe,ACTIVE,POOL_OBSERVATION
002265.SZ,2024-12-19,49e3f8054b757e4a8f0dc8b24db441dd3c87cc12ee3c918e203f07b6aa1b3efe,ACTIVE,POOL_OBSERVATION
002265.SZ,2024-12-20,49e3f8054b757e4a8f0dc8b24db441dd3c87cc12ee3c918e203f07b6aa1b3efe,ACTIVE,POOL_OBSERVATION
002265.SZ,2024-12-23,49e3f8054b757e4a8f0dc8b24db441dd3c87cc12ee3c918e203f07b6aa1b3efe,ACTIVE,POOL_OBSERVATION
002265.SZ,2024-12-24,49e3f8054b757e4a8f0dc8b24db441dd3c87cc12ee3c918e203f07b6aa1b3efe,EXPIRED,POOL_EXPIRED
002272.SZ,2024-10-18,de26635567cf33554870059054b3fce27d10550f97b4e260e9ad3caab835d107,ACTIVE,POOL_ADMISSION
002272.SZ,2024-10-21,de26635567cf33554870059054b3fce27d10550f97b4e260e9ad3caab835d107,ACTIVE,POOL_OBSERVATION
002272.SZ,2024-10-22,de26635567cf33554870059054b3fce27d10550f97b4e260e9ad3caab835d107,ACTIVE,POOL_OBSERVATION
002272.SZ,2024-10-23,de26635567cf33554870059054b3fce27d10550f97b4e260e9ad3caab835d107,SIGNALLED,ENTRY_SIGNAL
002272.SZ,2024-10-24,de26635567cf33554870059054b3fce27d10550f97b4e260e9ad3caab835d107,SIGNALLED,EXECUTION_PENDING
002272.SZ,2024-10-25,de26635567cf33554870059054b3fce27d10550f97b4e260e9ad3caab835d107,SIGNALLED,EXECUTION_PENDING
002272.SZ,2024-10-28,de26635567cf33554870059054b3fce27d10550f97b4e260e9ad3caab835d107,EXPIRED,PENDING_SIGNAL_HORIZON_EXPIRED
002272.SZ,2024-10-29,7b66938b692066a3f4e28616aa605e93ef8abf077a015bd5c5e335fca20a8c82,ACTIVE,POOL_ADMISSION
002272.SZ,2024-10-30,7b66938b692066a3f4e28616aa605e93ef8abf077a015bd5c5e335fca20a8c82,SIGNALLED,ENTRY_SIGNAL
002272.SZ,2024-10-31,7b66938b692066a3f4e28616aa605e93ef8abf077a015bd5c5e335fca20a8c82,SIGNALLED,EXECUTION_PENDING
002272.SZ,2024-11-01,7b66938b692066a3f4e28616aa605e93ef8abf077a015bd5c5e335fca20a8c82,SIGNALLED,EXECUTION_PENDING
002272.SZ,2024-11-04,7b66938b692066a3f4e28616aa605e93ef8abf077a015bd5c5e335fca20a8c82,SIGNALLED,EXECUTION_PENDING
002272.SZ,2024-11-05,7b66938b692066a3f4e28616aa605e93ef8abf077a015bd5c5e335fca20a8c82,SIGNALLED,EXECUTION_PENDING
002272.SZ,2024-11-06,7b66938b692066a3f4e28616aa605e93ef8abf077a015bd5c5e335fca20a8c82,EXPIRED,PENDING_SIGNAL_HORIZON_EXPIRED
002276.SZ,2025-03-04,1647c9137ba61ae6e04a728edb4a9a064d33637ff3a5778ba5f153397a950a94,SIGNALLED,ENTRY_SIGNAL
002276.SZ,2025-03-05,1647c9137ba61ae6e04a728edb4a9a064d33637ff3a5778ba5f153397a950a94,SIGNALLED,EXECUTION_PENDING
002276.SZ,2025-03-06,1647c9137ba61ae6e04a728edb4a9a064d33637ff3a5778ba5f153397a950a94,SIGNALLED,EXECUTION_PENDING
002276.SZ,2025-03-07,1647c9137ba61ae6e04a728edb4a9a064d33637ff3a5778ba5f153397a950a94,SIGNALLED,EXECUTION_PENDING
002276.SZ,2025-03-10,1647c9137ba61ae6e04a728edb4a9a064d33637ff3a5778ba5f153397a950a94,SIGNALLED,EXECUTION_PENDING
002276.SZ,2025-03-11,1647c9137ba61ae6e04a728edb4a9a064d33637ff3a5778ba5f153397a950a94,SIGNALLED,EXECUTION_PENDING
002276.SZ,2025-03-12,1647c9137ba61ae6e04a728edb4a9a064d33637ff3a5778ba5f153397a950a94,EXPIRED,PENDING_SIGNAL_HORIZON_EXPIRED
002277.SZ,2024-12-16,1e9627a73e8843e9fae3bc2ec30d58e4dd933e34b5627c606ff779f168f7cf7e,ACTIVE,POOL_ADMISSION
002277.SZ,2024-12-17,1e9627a73e8843e9fae3bc2ec30d58e4dd933e34b5627c606ff779f168f7cf7e,ACTIVE,POOL_OBSERVATION
002277.SZ,2024-12-18,1e9627a73e8843e9fae3bc2ec30d58e4dd933e34b5627c606ff779f168f7cf7e,ACTIVE,POOL_OBSERVATION
002277.SZ,2024-12-19,1e9627a73e8843e9fae3bc2ec30d58e4dd933e34b5627c606ff779f168f7cf7e,ACTIVE,POOL_OBSERVATION
002277.SZ,2024-12-20,1e9627a73e8843e9fae3bc2ec30d58e4dd933e34b5627c606ff779f168f7cf7e,ACTIVE,POOL_OBSERVATION
002277.SZ,2024-12-23,1e9627a73e8843e9fae3bc2ec30d58e4dd933e34b5627c606ff779f168f7cf7e,ACTIVE,POOL_OBSERVATION
002277.SZ,2024-12-24,1e9627a73e8843e9fae3bc2ec30d58e4dd933e34b5627c606ff779f168f7cf7e,EXPIRED,POOL_EXPIRED
002278.SZ,2025-03-18,80d9aca986f10a6b5ac99ddba21dd3623b327bd6eb9fb2e3fc5de1ce12d3a13a,ACTIVE,POOL_ADMISSION
002278.SZ,2025-03-19,80d9aca986f10a6b5ac99ddba21dd3623b327bd6eb9fb2e3fc5de1ce12d3a13a,ACTIVE,POOL_OBSERVATION
002278.SZ,2025-03-20,80d9aca986f10a6b5ac99ddba21dd3623b327bd6eb9fb2e3fc5de1ce12d3a13a,ACTIVE,POOL_OBSERVATION
002278.SZ,2025-03-21,80d9aca986f10a6b5ac99ddba21dd3623b327bd6eb9fb2e3fc5de1ce12d3a13a,ACTIVE,POOL_OBSERVATION
002278.SZ,2025-03-24,80d9aca986f10a6b5ac99ddba21dd3623b327bd6eb9fb2e3fc5de1ce12d3a13a,ACTIVE,POOL_OBSERVATION
002278.SZ,2025-03-25,80d9aca986f10a6b5ac99ddba21dd3623b327bd6eb9fb2e3fc5de1ce12d3a13a,SIGNALLED,ENTRY_SIGNAL
002278.SZ,2025-03-26,80d9aca986f10a6b5ac99ddba21dd3623b327bd6eb9fb2e3fc5de1ce12d3a13a,EXPIRED,PENDING_SIGNAL_HORIZON_EXPIRED
002278.SZ,2025-10-23,e3a9219b420668f769835dff0257b4f4920b53ddff41090e8bf9454b74ef915f,ACTIVE,POOL_ADMISSION
002278.SZ,2025-10-24,e3a9219b420668f769835dff0257b4f4920b53ddff41090e8bf9454b74ef915f,ACTIVE,POOL_OBSERVATION
002278.SZ,2025-10-27,e3a9219b420668f769835dff0257b4f4920b53ddff41090e8bf9454b74ef915f,SIGNALLED,ENTRY_SIGNAL
002278.SZ,2025-10-28,e3a9219b420668f769835dff0257b4f4920b53ddff41090e8bf9454b74ef915f,SIGNALLED,EXECUTION_PENDING
002278.SZ,2025-10-29,e3a9219b420668f769835dff0257b4f4920b53ddff41090e8bf9454b74ef915f,SIGNALLED,EXECUTION_PENDING
002278.SZ,2025-10-30,e3a9219b420668f769835dff0257b4f4920b53ddff41090e8bf9454b74ef915f,SIGNALLED,EXECUTION_PENDING
002278.SZ,2025-10-31,e3a9219b420668f769835dff0257b4f4920b53ddff41090e8bf9454b74ef915f,EXPIRED,PENDING_SIGNAL_HORIZON_EXPIRED
002285.SZ,2026-09-21,e76503d92b1fe16e7f709021a0108527e97a54b6f55e11cd44a8bce2839d8140,ACTIVE,POOL_ADMISSION
002285.SZ,2026-09-22,e76503d92b1fe16e7f709021a0108527e97a54b6f55e11cd44a8bce2839d8140,ACTIVE,POOL_OBSERVATION
002285.SZ,2026-09-23,e76503d92b1fe16e7f709021a0108527e97a54b6f55e11cd44a8bce2839d8140,ACTIVE,POOL_OBSERVATION
002290.SZ,2025-02-24,88bf0bb3673db20eee536f6518214eaa15fa75160f8dc0862806ce454377bd5e,ACTIVE,POOL_ADMISSION
002290.SZ,2025-02-25,88bf0bb3673db20eee536f6518214eaa15fa75160f8dc0862806ce454377bd5e,ACTIVE,POOL_OBSERVATION
002290.SZ,2025-02-26,88bf0bb3673db20eee536f6518214eaa15fa75160f8dc0862806ce454377bd5e,ACTIVE,POOL_OBSERVATION
002290.SZ,2025-02-27,88bf0bb3673db20eee536f6518214eaa15fa75160f8dc0862806ce454377bd5e,ACTIVE,POOL_OBSERVATION
002290.SZ,2025-02-28,88bf0bb3673db20eee536f6518214eaa15fa75160f8dc0862806ce454377bd5e,SIGNALLED,ENTRY_SIGNAL
002290.SZ,2025-03-03,88bf0bb3673db20eee536f6518214eaa15fa75160f8dc0862806ce454377bd5e,SIGNALLED,EXECUTION_PENDING
002290.SZ,2025-03-04,88bf0bb3673db20eee536f6518214eaa15fa75160f8dc0862806ce454377bd5e,EXPIRED,PENDING_SIGNAL_HORIZON_EXPIRED
002295.SZ,2025-09-30,5caac2e574c634d39bdc10248561d7c1fc5b7cc2907d26f28ab9fef56d09b1df,SIGNALLED,ENTRY_SIGNAL
002295.SZ,2025-10-09,5caac2e574c634d39bdc10248561d7c1fc5b7cc2907d26f28ab9fef56d09b1df,SIGNALLED,EXECUTION_PENDING
002295.SZ,2025-10-10,5caac2e574c634d39bdc10248561d7c1fc5b7cc2907d26f28ab9fef56d09b1df,SIGNALLED,EXECUTION_PENDING
002295.SZ,2025-10-13,5caac2e574c634d39bdc10248561d7c1fc5b7cc2907d26f28ab9fef56d09b1df,SIGNALLED,EXECUTION_PENDING
002295.SZ,2025-10-14,5caac2e574c634d39bdc10248561d7c1fc5b7cc2907d26f28ab9fef56d09b1df,SIGNALLED,EXECUTION_PENDING
002295.SZ,2025-10-15,5caac2e574c634d39bdc10248561d7c1fc5b7cc2907d26f28ab9fef56d09b1df,SIGNALLED,EXECUTION_PENDING
002295.SZ,2025-10-16,5caac2e574c634d39bdc10248561d7c1fc5b7cc2907d26f28ab9fef56d09b1df,EXPIRED,PENDING_SIGNAL_HORIZON_EXPIRED
002297.SZ,2026-04-16,cd515d718e31ce21aa09ef8e6a7e711b8897d9cb3bd879c5f4ca83e5975f8bc8,ACTIVE,POOL_ADMISSION
002297.SZ,2026-04-17,cd515d718e31ce21aa09ef8e6a7e711b8897d9cb3bd879c5f4ca83e5975f8bc8,ACTIVE,POOL_OBSERVATION
002297.SZ,2026-04-20,cd515d718e31ce21aa09ef8e6a7e711b8897d9cb3bd879c5f4ca83e5975f8bc8,ACTIVE,POOL_OBSERVATION
002297.SZ,2026-04-21,cd515d718e31ce21aa09ef8e6a7e711b8897d9cb3bd879c5f4ca83e5975f8bc8,ACTIVE,POOL_OBSERVATION
002297.SZ,2026-04-22,cd515d718e31ce21aa09ef8e6a7e711b8897d9cb3bd879c5f4ca83e5975f8bc8,ACTIVE,POOL_OBSERVATION
002297.SZ,2026-04-23,cd515d718e31ce21aa09ef8e6a7e711b8897d9cb3bd879c5f4ca83e5975f8bc8,ACTIVE,POOL_OBSERVATION
002297.SZ,2026-04-24,cd515d718e31ce21aa09ef8e6a7e711b8897d9cb3bd879c5f4ca83e5975f8bc8,EXPIRED,POOL_EXPIRED
002298.SZ,2025-06-10,d91c504796d6ee1e6673159be2be0f8fffec299010d497a1c39032e2385c0f41,ACTIVE,POOL_ADMISSION
002298.SZ,2025-06-11,d91c504796d6ee1e6673159be2be0f8fffec299010d497a1c39032e2385c0f41,ACTIVE,POOL_OBSERVATION
002298.SZ,2025-06-12,d91c504796d6ee1e6673159be2be0f8fffec299010d497a1c39032e2385c0f41,ACTIVE,POOL_OBSERVATION
002298.SZ,2025-06-13,d91c504796d6ee1e6673159be2be0f8fffec299010d497a1c39032e2385c0f41,ACTIVE,POOL_OBSERVATION
002298.SZ,2025-06-16,d91c504796d6ee1e6673159be2be0f8fffec299010d497a1c39032e2385c0f41,ACTIVE,POOL_OBSERVATION
002298.SZ,2025-06-17,d91c504796d6ee1e6673159be2be0f8fffec299010d497a1c39032e2385c0f41,ACTIVE,POOL_OBSERVATION
002298.SZ,2025-06-18,d91c504796d6ee1e6673159be2be0f8fffec299010d497a1c39032e2385c0f41,EXPIRED,POOL_EXPIRED
002300.SZ,2025-03-26,62ad70c13cb85507e68f614f309a0ce012c6b5e9fb49abfbdd3bc79894b45982,ACTIVE,POOL_ADMISSION
002300.SZ,2025-03-27,62ad70c13cb85507e68f614f309a0ce012c6b5e9fb49abfbdd3bc79894b45982,ACTIVE,POOL_OBSERVATION
002300.SZ,2025-03-28,62ad70c13cb85507e68f614f309a0ce012c6b5e9fb49abfbdd3bc79894b45982,ACTIVE,POOL_OBSERVATION
002300.SZ,2025-03-31,62ad70c13cb85507e68f614f309a0ce012c6b5e9fb49abfbdd3bc79894b45982,ACTIVE,POOL_OBSERVATION
002300.SZ,2025-04-01,62ad70c13cb85507e68f614f309a0ce012c6b5e9fb49abfbdd3bc79894b45982,ACTIVE,POOL_OBSERVATION
002300.SZ,2025-04-02,62ad70c13cb85507e68f614f309a0ce012c6b5e9fb49abfbdd3bc79894b45982,ACTIVE,POOL_OBSERVATION
002300.SZ,2025-04-03,62ad70c13cb85507e68f614f309a0ce012c6b5e9fb49abfbdd3bc79894b45982,EXPIRED,POOL_EXPIRED
002300.SZ,2025-12-05,fec1464f3e3df19a603ee487a2b878f758a6553348065c463aff6985ba156ea0,ACTIVE,POOL_ADMISSION
002300.SZ,2025-12-08,fec1464f3e3df19a603ee487a2b878f758a6553348065c463aff6985ba156ea0,ACTIVE,POOL_OBSERVATION
002300.SZ,2025-12-09,fec1464f3e3df19a603ee487a2b878f758a6553348065c463aff6985ba156ea0,SIGNALLED,ENTRY_SIGNAL
002300.SZ,2025-12-10,fec1464f3e3df19a603ee487a2b878f758a6553348065c463aff6985ba156ea0,SIGNALLED,EXECUTION_PENDING
002300.SZ,2025-12-11,fec1464f3e3df19a603ee487a2b878f758a6553348065c463aff6985ba156ea0,SIGNALLED,EXECUTION_PENDING
002300.SZ,2025-12-12,fec1464f3e3df19a603ee487a2b878f758a6553348065c463aff6985ba156ea0,SIGNALLED,EXECUTION_PENDING
002300.SZ,2025-12-15,fec1464f3e3df19a603ee487a2b878f758a6553348065c463aff6985ba156ea0,EXPIRED,PENDING_SIGNAL_HORIZON_EXPIRED
002301.SZ,2024-11-29,b6860fb940ad7efe94a62ea4bddf0b08612b0ac85d50676ea9e49449f24c0ceb,ACTIVE,POOL_ADMISSION
002301.SZ,2024-12-02,b6860fb940ad7efe94a62ea4bddf0b08612b0ac85d50676ea9e49449f24c0ceb,ACTIVE,POOL_OBSERVATION
002301.SZ,2024-12-03,b6860fb940ad7efe94a62ea4bddf0b08612b0ac85d50676ea9e49449f24c0ceb,ACTIVE,POOL_OBSERVATION
002301.SZ,2024-12-04,b6860fb940ad7efe94a62ea4bddf0b08612b0ac85d50676ea9e49449f24c0ceb,ACTIVE,POOL_OBSERVATION
002301.SZ,2024-12-05,b6860fb940ad7efe94a62ea4bddf0b08612b0ac85d50676ea9e49449f24c0ceb,ACTIVE,POOL_OBSERVATION
002301.SZ,2024-12-06,b6860fb940ad7efe94a62ea4bddf0b08612b0ac85d50676ea9e49449f24c0ceb,ACTIVE,POOL_OBSERVATION
002301.SZ,2024-12-09,b6860fb940ad7efe94a62ea4bddf0b08612b0ac85d50676ea9e49449f24c0ceb,EXPIRED,POOL_EXPIRED
002302.SZ,2024-08-28,5ab75cf64bd4b1782d6956d77df0f8a8d20c5eedaee62c3fe83bd73306c49eb8,ACTIVE,POOL_ADMISSION
002302.SZ,2024-08-29,5ab75cf64bd4b1782d6956d77df0f8a8d20c5eedaee62c3fe83bd73306c49eb8,ACTIVE,POOL_OBSERVATION
002302.SZ,2024-08-30,5ab75cf64bd4b1782d6956d77df0f8a8d20c5eedaee62c3fe83bd73306c49eb8,ACTIVE,POOL_OBSERVATION
002302.SZ,2024-09-02,5ab75cf64bd4b1782d6956d77df0f8a8d20c5eedaee62c3fe83bd73306c49eb8,ACTIVE,POOL_OBSERVATION
002302.SZ,2024-09-03,5ab75cf64bd4b1782d6956d77df0f8a8d20c5eedaee62c3fe83bd73306c49eb8,ACTIVE,POOL_OBSERVATION
002302.SZ,2024-09-04,5ab75cf64bd4b1782d6956d77df0f8a8d20c5eedaee62c3fe83bd73306c49eb8,ACTIVE,POOL_OBSERVATION
002302.SZ,2024-09-05,5ab75cf64bd4b1782d6956d77df0f8a8d20c5eedaee62c3fe83bd73306c49eb8,EXPIRED,POOL_EXPIRED
002309.SZ,2026-03-25,1a96f213ce141e06c0b79cabf0fc9bcc5c1bd05f5e05436015ebd2f2ea477234,ACTIVE,POOL_ADMISSION
002309.SZ,2026-03-26,1a96f213ce141e06c0b79cabf0fc9bcc5c1bd05f5e05436015ebd2f2ea477234,ACTIVE,POOL_OBSERVATION
002309.SZ,2026-03-27,1a96f213ce141e06c0b79cabf0fc9bcc5c1bd05f5e05436015ebd2f2ea477234,ACTIVE,POOL_OBSERVATION
002309.SZ,2026-03-30,1a96f213ce141e06c0b79cabf0fc9bcc5c1bd05f5e05436015ebd2f2ea477234,ACTIVE,POOL_OBSERVATION
002309.SZ,2026-03-31,1a96f213ce141e06c0b79cabf0fc9bcc5c1bd05f5e05436015ebd2f2ea477234,ACTIVE,POOL_OBSERVATION
002309.SZ,2026-04-01,1a96f213ce141e06c0b79cabf0fc9bcc5c1bd05f5e05436015ebd2f2ea477234,ACTIVE,POOL_OBSERVATION
002309.SZ,2026-04-02,1a96f213ce141e06c0b79cabf0fc9bcc5c1bd05f5e05436015ebd2f2ea477234,EXPIRED,POOL_EXPIRED
002312.SZ,2024-10-31,07810c33e9edb51e1263dc829e779e3d951bd42f281aa9240156ba9f59af4f64,ACTIVE,POOL_ADMISSION
002312.SZ,2024-11-01,07810c33e9edb51e1263dc829e779e3d951bd42f281aa9240156ba9f59af4f64,ACTIVE,POOL_OBSERVATION
002312.SZ,2024-11-04,07810c33e9edb51e1263dc829e779e3d951bd42f281aa9240156ba9f59af4f64,SIGNALLED,ENTRY_SIGNAL
002312.SZ,2024-11-05,07810c33e9edb51e1263dc829e779e3d951bd42f281aa9240156ba9f59af4f64,SIGNALLED,EXECUTION_PENDING
002312.SZ,2024-11-06,07810c33e9edb51e1263dc829e779e3d951bd42f281aa9240156ba9f59af4f64,SIGNALLED,EXECUTION_PENDING
002312.SZ,2024-11-07,07810c33e9edb51e1263dc829e779e3d951bd42f281aa9240156ba9f59af4f64,SIGNALLED,EXECUTION_PENDING
002312.SZ,2024-11-08,07810c33e9edb51e1263dc829e779e3d951bd42f281aa9240156ba9f59af4f64,EXPIRED,PENDING_SIGNAL_HORIZON_EXPIRED
002313.SZ,2025-08-08,ef5d357312b03df91c5d968b26c10d8c575e5f072ead624f9a14733f1a0b9f36,ACTIVE,POOL_ADMISSION
002313.SZ,2025-08-11,ef5d357312b03df91c5d968b26c10d8c575e5f072ead624f9a14733f1a0b9f36,ACTIVE,POOL_OBSERVATION
002313.SZ,2025-08-12,ef5d357312b03df91c5d968b26c10d8c575e5f072ead624f9a14733f1a0b9f36,ACTIVE,POOL_OBSERVATION
002313.SZ,2025-08-13,ef5d357312b03df91c5d968b26c10d8c575e5f072ead624f9a14733f1a0b9f36,ACTIVE,POOL_OBSERVATION
002313.SZ,2025-08-14,ef5d357312b03df91c5d968b26c10d8c575e5f072ead624f9a14733f1a0b9f36,ACTIVE,POOL_OBSERVATION
002313.SZ,2025-08-15,ef5d357312b03df91c5d968b26c10d8c575e5f072ead624f9a14733f1a0b9f36,ACTIVE,POOL_OBSERVATION
002313.SZ,2025-08-18,ef5d357312b03df91c5d968b26c10d8c575e5f072ead624f9a14733f1a0b9f36,EXPIRED,POOL_EXPIRED
002323.SZ,2024-11-06,547051576f532bced1b89972487c37f7862b0b67adbbf6915224a431ca3a6ffc,SIGNALLED,ENTRY_SIGNAL
002323.SZ,2024-11-07,547051576f532bced1b89972487c37f7862b0b67adbbf6915224a431ca3a6ffc,SIGNALLED,EXECUTION_PENDING
002323.SZ,2024-11-08,547051576f532bced1b89972487c37f7862b0b67adbbf6915224a431ca3a6ffc,SIGNALLED,EXECUTION_PENDING
002323.SZ,2024-11-11,547051576f532bced1b89972487c37f7862b0b67adbbf6915224a431ca3a6ffc,SIGNALLED,EXECUTION_PENDING
002323.SZ,2024-11-12,547051576f532bced1b89972487c37f7862b0b67adbbf6915224a431ca3a6ffc,SIGNALLED,EXECUTION_PENDING
002323.SZ,2024-11-13,547051576f532bced1b89972487c37f7862b0b67adbbf6915224a431ca3a6ffc,SIGNALLED,EXECUTION_PENDING
002323.SZ,2024-11-14,547051576f532bced1b89972487c37f7862b0b67adbbf6915224a431ca3a6ffc,EXPIRED,PENDING_SIGNAL_HORIZON_EXPIRED
002323.SZ,2026-02-12,c282e949934ee14b5bc39642d0e19075c4b9458b11faf7573d762813c4417249,ACTIVE,POOL_ADMISSION
002323.SZ,2026-02-13,c282e949934ee14b5bc39642d0e19075c4b9458b11faf7573d762813c4417249,ACTIVE,POOL_OBSERVATION
002323.SZ,2026-02-24,c282e949934ee14b5bc39642d0e19075c4b9458b11faf7573d762813c4417249,ACTIVE,POOL_OBSERVATION
002323.SZ,2026-02-25,c282e949934ee14b5bc39642d0e19075c4b9458b11faf7573d762813c4417249,ACTIVE,POOL_OBSERVATION
002323.SZ,2026-02-26,c282e949934ee14b5bc39642d0e19075c4b9458b11faf7573d762813c4417249,ACTIVE,POOL_OBSERVATION
002323.SZ,2026-02-27,c282e949934ee14b5bc39642d0e19075c4b9458b11faf7573d762813c4417249,ACTIVE,POOL_OBSERVATION
002323.SZ,2026-03-02,c282e949934ee14b5bc39642d0e19075c4b9458b11faf7573d762813c4417249,EXPIRED,POOL_EXPIRED
002324.SZ,2026-01-08,b0bc452ac2470b957906bef7ef2cf155a91b23775350b55726fffcefc4d144d9,ACTIVE,POOL_ADMISSION
002324.SZ,2026-01-09,b0bc452ac2470b957906bef7ef2cf155a91b23775350b55726fffcefc4d144d9,ACTIVE,POOL_OBSERVATION
002324.SZ,2026-01-12,b0bc452ac2470b957906bef7ef2cf155a91b23775350b55726fffcefc4d144d9,SIGNALLED,ENTRY_SIGNAL
002324.SZ,2026-01-13,b0bc452ac2470b957906bef7ef2cf155a91b23775350b55726fffcefc4d144d9,SIGNALLED,EXECUTION_PENDING
002324.SZ,2026-01-14,b0bc452ac2470b957906bef7ef2cf155a91b23775350b55726fffcefc4d144d9,SIGNALLED,EXECUTION_PENDING
002324.SZ,2026-01-15,b0bc452ac2470b957906bef7ef2cf155a91b23775350b55726fffcefc4d144d9,SIGNALLED,EXECUTION_PENDING
002324.SZ,2026-01-16,b0bc452ac2470b957906bef7ef2cf155a91b23775350b55726fffcefc4d144d9,EXPIRED,PENDING_SIGNAL_HORIZON_EXPIRED
002329.SZ,2026-08-13,8b5291bf80f11a087258ea742481f6478f2fcb4e1920e6a8505918ebbf4c3998,ACTIVE,POOL_ADMISSION
002329.SZ,2026-08-14,8b5291bf80f11a087258ea742481f6478f2fcb4e1920e6a8505918ebbf4c3998,ACTIVE,POOL_OBSERVATION
002329.SZ,2026-08-17,8b5291bf80f11a087258ea742481f6478f2fcb4e1920e6a8505918ebbf4c3998,ACTIVE,POOL_OBSERVATION
002329.SZ,2026-08-18,8b5291bf80f11a087258ea742481f6478f2fcb4e1920e6a8505918ebbf4c3998,ACTIVE,POOL_OBSERVATION
002329.SZ,2026-08-19,8b5291bf80f11a087258ea742481f6478f2fcb4e1920e6a8505918ebbf4c3998,ACTIVE,POOL_OBSERVATION
002329.SZ,2026-08-20,8b5291bf80f11a087258ea742481f6478f2fcb4e1920e6a8505918ebbf4c3998,ACTIVE,POOL_OBSERVATION
002329.SZ,2026-08-21,8b5291bf80f11a087258ea742481f6478f2fcb4e1920e6a8505918ebbf4c3998,EXPIRED,POOL_EXPIRED
002342.SZ,2025-03-18,56c60900e73bd3bb3bb0f3208c4df7b3988b3bc91f848bc131a679fdf952696d,ACTIVE,POOL_ADMISSION
002342.SZ,2025-03-19,56c60900e73bd3bb3bb0f3208c4df7b3988b3bc91f848bc131a679fdf952696d,ACTIVE,POOL_OBSERVATION
002342.SZ,2025-03-20,56c60900e73bd3bb3bb0f3208c4df7b3988b3bc91f848bc131a679fdf952696d,ACTIVE,POOL_OBSERVATION
002342.SZ,2025-03-21,56c60900e73bd3bb3bb0f3208c4df7b3988b3bc91f848bc131a679fdf952696d,ACTIVE,POOL_OBSERVATION
002342.SZ,2025-03-24,56c60900e73bd3bb3bb0f3208c4df7b3988b3bc91f848bc131a679fdf952696d,SIGNALLED,ENTRY_SIGNAL
002342.SZ,2025-03-25,56c60900e73bd3bb3bb0f3208c4df7b3988b3bc91f848bc131a679fdf952696d,SIGNALLED,EXECUTION_PENDING
002342.SZ,2025-03-26,56c60900e73bd3bb3bb0f3208c4df7b3988b3bc91f848bc131a679fdf952696d,EXPIRED,PENDING_SIGNAL_HORIZON_EXPIRED
002342.SZ,2026-01-13,856517a202398ad0dd370eb7cff9c7506c952f655e2643a3dfa960e7ef6a611c,ACTIVE,POOL_ADMISSION
002342.SZ,2026-01-14,856517a202398ad0dd370eb7cff9c7506c952f655e2643a3dfa960e7ef6a611c,ACTIVE,POOL_OBSERVATION
002342.SZ,2026-01-15,856517a202398ad0dd370eb7cff9c7506c952f655e2643a3dfa960e7ef6a611c,ACTIVE,POOL_OBSERVATION
002342.SZ,2026-01-16,856517a202398ad0dd370eb7cff9c7506c952f655e2643a3dfa960e7ef6a611c,ACTIVE,POOL_OBSERVATION
002342.SZ,2026-01-19,856517a202398ad0dd370eb7cff9c7506c952f655e2643a3dfa960e7ef6a611c,ACTIVE,POOL_OBSERVATION
002342.SZ,2026-01-20,856517a202398ad0dd370eb7cff9c7506c952f655e2643a3dfa960e7ef6a611c,ACTIVE,POOL_OBSERVATION
002342.SZ,2026-01-21,856517a202398ad0dd370eb7cff9c7506c952f655e2643a3dfa960e7ef6a611c,EXPIRED,POOL_EXPIRED
002344.SZ,2024-11-20,93fa0a2559d3589c1ec874bfffd0f2c174107c4c23cdc2e5162a474adfe4b3dc,ACTIVE,POOL_ADMISSION
002344.SZ,2024-11-21,93fa0a2559d3589c1ec874bfffd0f2c174107c4c23cdc2e5162a474adfe4b3dc,ACTIVE,POOL_OBSERVATION
002344.SZ,2024-11-22,93fa0a2559d3589c1ec874bfffd0f2c174107c4c23cdc2e5162a474adfe4b3dc,ACTIVE,POOL_OBSERVATION
002344.SZ,2024-11-25,93fa0a2559d3589c1ec874bfffd0f2c174107c4c23cdc2e5162a474adfe4b3dc,ACTIVE,POOL_OBSERVATION
002344.SZ,2024-11-26,93fa0a2559d3589c1ec874bfffd0f2c174107c4c23cdc2e5162a474adfe4b3dc,ACTIVE,POOL_OBSERVATION
002344.SZ,2024-11-27,93fa0a2559d3589c1ec874bfffd0f2c174107c4c23cdc2e5162a474adfe4b3dc,ACTIVE,POOL_OBSERVATION
002344.SZ,2024-11-28,93fa0a2559d3589c1ec874bfffd0f2c174107c4c23cdc2e5162a474adfe4b3dc,EXPIRED,POOL_EXPIRED
002347.SZ,2024-12-03,edc7322975f0db5e788964f82b36adace0bc78212bc1118e5858c2e9bc24e7b9,ACTIVE,POOL_ADMISSION
002347.SZ,2024-12-04,edc7322975f0db5e788964f82b36adace0bc78212bc1118e5858c2e9bc24e7b9,SIGNALLED,ENTRY_SIGNAL
002347.SZ,2024-12-05,edc7322975f0db5e788964f82b36adace0bc78212bc1118e5858c2e9bc24e7b9,SIGNALLED,EXECUTION_PENDING
002347.SZ,2024-12-06,edc7322975f0db5e788964f82b36adace0bc78212bc1118e5858c2e9bc24e7b9,SIGNALLED,EXECUTION_PENDING
002347.SZ,2024-12-09,edc7322975f0db5e788964f82b36adace0bc78212bc1118e5858c2e9bc24e7b9,SIGNALLED,EXECUTION_PENDING
002347.SZ,2024-12-10,edc7322975f0db5e788964f82b36adace0bc78212bc1118e5858c2e9bc24e7b9,SIGNALLED,EXECUTION_PENDING
002347.SZ,2024-12-11,edc7322975f0db5e788964f82b36adace0bc78212bc1118e5858c2e9bc24e7b9,EXPIRED,PENDING_SIGNAL_HORIZON_EXPIRED
002347.SZ,2025-12-30,bdf05ba78c0ed1d71d57f7fdcb21936d1b0670deb61977b9c6a000b35b897ebe,SIGNALLED,ENTRY_SIGNAL
002347.SZ,2025-12-31,bdf05ba78c0ed1d71d57f7fdcb21936d1b0670deb61977b9c6a000b35b897ebe,SIGNALLED,EXECUTION_PENDING
002347.SZ,2026-01-05,bdf05ba78c0ed1d71d57f7fdcb21936d1b0670deb61977b9c6a000b35b897ebe,SIGNALLED,EXECUTION_PENDING
002347.SZ,2026-01-06,bdf05ba78c0ed1d71d57f7fdcb21936d1b0670deb61977b9c6a000b35b897ebe,SIGNALLED,EXECUTION_PENDING
002347.SZ,2026-01-07,bdf05ba78c0ed1d71d57f7fdcb21936d1b0670deb61977b9c6a000b35b897ebe,SIGNALLED,EXECUTION_PENDING
002347.SZ,2026-01-08,bdf05ba78c0ed1d71d57f7fdcb21936d1b0670deb61977b9c6a000b35b897ebe,SIGNALLED,EXECUTION_PENDING
002347.SZ,2026-01-09,bdf05ba78c0ed1d71d57f7fdcb21936d1b0670deb61977b9c6a000b35b897ebe,EXPIRED,PENDING_SIGNAL_HORIZON_EXPIRED
002348.SZ,2025-12-04,673de371218b3c8ec5917e8d2fcaaa427d9b460e850388f73d7063c891da4715,ACTIVE,POOL_ADMISSION
002348.SZ,2025-12-05,673de371218b3c8ec5917e8d2fcaaa427d9b460e850388f73d7063c891da4715,ACTIVE,POOL_OBSERVATION
002348.SZ,2025-12-08,673de371218b3c8ec5917e8d2fcaaa427d9b460e850388f73d7063c891da4715,SIGNALLED,ENTRY_SIGNAL
002348.SZ,2025-12-09,673de371218b3c8ec5917e8d2fcaaa427d9b460e850388f73d7063c891da4715,SIGNALLED,EXECUTION_PENDING
002348.SZ,2025-12-10,673de371218b3c8ec5917e8d2fcaaa427d9b460e850388f73d7063c891da4715,SIGNALLED,EXECUTION_PENDING
002348.SZ,2025-12-11,673de371218b3c8ec5917e8d2fcaaa427d9b460e850388f73d7063c891da4715,SIGNALLED,EXECUTION_PENDING
002348.SZ,2025-12-12,673de371218b3c8ec5917e8d2fcaaa427d9b460e850388f73d7063c891da4715,EXPIRED,PENDING_SIGNAL_HORIZON_EXPIRED
002354.SZ,2024-12-10,ec9c779480df07c6d11c9976245d9619a16ac1d561d8b8501ab61bea293578a2,ACTIVE,POOL_ADMISSION
002354.SZ,2024-12-11,ec9c779480df07c6d11c9976245d9619a16ac1d561d8b8501ab61bea293578a2,ACTIVE,POOL_OBSERVATION
002354.SZ,2024-12-12,ec9c779480df07c6d11c9976245d9619a16ac1d561d8b8501ab61bea293578a2,ACTIVE,POOL_OBSERVATION
002354.SZ,2024-12-13,ec9c779480df07c6d11c9976245d9619a16ac1d561d8b8501ab61bea293578a2,SIGNALLED,ENTRY_SIGNAL
002354.SZ,2024-12-16,ec9c779480df07c6d11c9976245d9619a16ac1d561d8b8501ab61bea293578a2,SIGNALLED,EXECUTION_PENDING
002354.SZ,2024-12-17,ec9c779480df07c6d11c9976245d9619a16ac1d561d8b8501ab61bea293578a2,SIGNALLED,EXECUTION_PENDING
002354.SZ,2024-12-18,ec9c779480df07c6d11c9976245d9619a16ac1d561d8b8501ab61bea293578a2,EXPIRED,PENDING_SIGNAL_HORIZON_EXPIRED
002354.SZ,2026-06-10,f63e07074d1f4349308055a5ef72b68dd079e926867da3b8bcf8d5048da796e3,ACTIVE,POOL_ADMISSION
002354.SZ,2026-06-11,f63e07074d1f4349308055a5ef72b68dd079e926867da3b8bcf8d5048da796e3,ACTIVE,POOL_OBSERVATION
002354.SZ,2026-06-12,f63e07074d1f4349308055a5ef72b68dd079e926867da3b8bcf8d5048da796e3,ACTIVE,POOL_OBSERVATION
002354.SZ,2026-06-15,f63e07074d1f4349308055a5ef72b68dd079e926867da3b8bcf8d5048da796e3,ACTIVE,POOL_OBSERVATION
002354.SZ,2026-06-16,f63e07074d1f4349308055a5ef72b68dd079e926867da3b8bcf8d5048da796e3,ACTIVE,POOL_OBSERVATION
002354.SZ,2026-06-17,f63e07074d1f4349308055a5ef72b68dd079e926867da3b8bcf8d5048da796e3,ACTIVE,POOL_OBSERVATION
002354.SZ,2026-06-18,f63e07074d1f4349308055a5ef72b68dd079e926867da3b8bcf8d5048da796e3,EXPIRED,POOL_EXPIRED
002361.SZ,2025-01-03,c6a46980d70d18ce601cc5c4755c6516b4f6c5933c0404ffa0fbd2054efab804,ACTIVE,POOL_ADMISSION
002361.SZ,2025-01-06,c6a46980d70d18ce601cc5c4755c6516b4f6c5933c0404ffa0fbd2054efab804,ACTIVE,POOL_OBSERVATION
002361.SZ,2025-01-07,c6a46980d70d18ce601cc5c4755c6516b4f6c5933c0404ffa0fbd2054efab804,SIGNALLED,ENTRY_SIGNAL
002361.SZ,2025-01-08,c6a46980d70d18ce601cc5c4755c6516b4f6c5933c0404ffa0fbd2054efab804,SIGNALLED,EXECUTION_PENDING
002361.SZ,2025-01-09,c6a46980d70d18ce601cc5c4755c6516b4f6c5933c0404ffa0fbd2054efab804,SIGNALLED,EXECUTION_PENDING
002361.SZ,2025-01-10,c6a46980d70d18ce601cc5c4755c6516b4f6c5933c0404ffa0fbd2054efab804,SIGNALLED,EXECUTION_PENDING
002361.SZ,2025-01-13,c6a46980d70d18ce601cc5c4755c6516b4f6c5933c0404ffa0fbd2054efab804,EXPIRED,PENDING_SIGNAL_HORIZON_EXPIRED
002361.SZ,2025-12-23,9e9296236093fe276504f370a228975989dc836895324b0f314e476f56aed2b9,ACTIVE,POOL_ADMISSION
002361.SZ,2025-12-24,9e9296236093fe276504f370a228975989dc836895324b0f314e476f56aed2b9,ACTIVE,POOL_OBSERVATION
002361.SZ,2025-12-25,9e9296236093fe276504f370a228975989dc836895324b0f314e476f56aed2b9,ACTIVE,POOL_OBSERVATION
002361.SZ,2025-12-26,9e9296236093fe276504f370a228975989dc836895324b0f314e476f56aed2b9,ACTIVE,POOL_OBSERVATION
002361.SZ,2025-12-29,9e9296236093fe276504f370a228975989dc836895324b0f314e476f56aed2b9,ACTIVE,POOL_OBSERVATION
002361.SZ,2025-12-30,9e9296236093fe276504f370a228975989dc836895324b0f314e476f56aed2b9,ACTIVE,POOL_OBSERVATION
002361.SZ,2025-12-31,9e9296236093fe276504f370a228975989dc836895324b0f314e476f56aed2b9,SIGNALLED,ENTRY_SIGNAL
002361.SZ,2026-01-05,9e9296236093fe276504f370a228975989dc836895324b0f314e476f56aed2b9,EXPIRED,PENDING_SIGNAL_HORIZON_EXPIRED
002361.SZ,2026-04-01,a1f8dc9f1e42d423c692874127ce78642a7e6e505b1170d7dcbc45130ab7b1a2,ACTIVE,POOL_ADMISSION
002361.SZ,2026-04-02,a1f8dc9f1e42d423c692874127ce78642a7e6e505b1170d7dcbc45130ab7b1a2,ACTIVE,POOL_OBSERVATION
002361.SZ,2026-04-03,a1f8dc9f1e42d423c692874127ce78642a7e6e505b1170d7dcbc45130ab7b1a2,ACTIVE,POOL_OBSERVATION
002361.SZ,2026-04-07,a1f8dc9f1e42d423c692874127ce78642a7e6e505b1170d7dcbc45130ab7b1a2,ACTIVE,POOL_OBSERVATION
002361.SZ,2026-04-08,a1f8dc9f1e42d423c692874127ce78642a7e6e505b1170d7dcbc45130ab7b1a2,ACTIVE,POOL_OBSERVATION
002361.SZ,2026-04-09,a1f8dc9f1e42d423c692874127ce78642a7e6e505b1170d7dcbc45130ab7b1a2,ACTIVE,POOL_OBSERVATION
002361.SZ,2026-04-10,a1f8dc9f1e42d423c692874127ce78642a7e6e505b1170d7dcbc45130ab7b1a2,EXPIRED,POOL_EXPIRED
002362.SZ,2024-12-10,9447784d6190cc04d0c43835fc7ad15d2a51cac33f145bd0830fabafd8082c1b,ACTIVE,POOL_ADMISSION
002362.SZ,2024-12-11,9447784d6190cc04d0c43835fc7ad15d2a51cac33f145bd0830fabafd8082c1b,ACTIVE,POOL_OBSERVATION
002362.SZ,2024-12-12,9447784d6190cc04d0c43835fc7ad15d2a51cac33f145bd0830fabafd8082c1b,ACTIVE,POOL_OBSERVATION
002362.SZ,2024-12-13,9447784d6190cc04d0c43835fc7ad15d2a51cac33f145bd0830fabafd8082c1b,ACTIVE,POOL_OBSERVATION
002362.SZ,2024-12-16,9447784d6190cc04d0c43835fc7ad15d2a51cac33f145bd0830fabafd8082c1b,ACTIVE,POOL_OBSERVATION
002362.SZ,2024-12-17,9447784d6190cc04d0c43835fc7ad15d2a51cac33f145bd0830fabafd8082c1b,ACTIVE,POOL_OBSERVATION
002362.SZ,2024-12-18,9447784d6190cc04d0c43835fc7ad15d2a51cac33f145bd0830fabafd8082c1b,EXPIRED,POOL_EXPIRED
002364.SZ,2025-01-08,71d525783904b64ef97262c6b2a2fe48cd902f9caded1284368e1d5b1b42e584,ACTIVE,POOL_ADMISSION
002364.SZ,2025-01-09,71d525783904b64ef97262c6b2a2fe48cd902f9caded1284368e1d5b1b42e584,ACTIVE,POOL_OBSERVATION
002364.SZ,2025-01-10,71d525783904b64ef97262c6b2a2fe48cd902f9caded1284368e1d5b1b42e584,SIGNALLED,ENTRY_SIGNAL
002364.SZ,2025-01-13,71d525783904b64ef97262c6b2a2fe48cd902f9caded1284368e1d5b1b42e584,SIGNALLED,EXECUTION_PENDING
002364.SZ,2025-01-14,71d525783904b64ef97262c6b2a2fe48cd902f9caded1284368e1d5b1b42e584,SIGNALLED,EXECUTION_PENDING
002364.SZ,2025-01-15,71d525783904b64ef97262c6b2a2fe48cd902f9caded1284368e1d5b1b42e584,SIGNALLED,EXECUTION_PENDING
002364.SZ,2025-01-16,71d525783904b64ef97262c6b2a2fe48cd902f9caded1284368e1d5b1b42e584,EXPIRED,PENDING_SIGNAL_HORIZON_EXPIRED
002364.SZ,2026-04-14,6b9370f9aa20268dfab52a2f4b6a8b743fce447feec55ce9c401cd02373ed7ec,ACTIVE,POOL_ADMISSION
002364.SZ,2026-04-15,6b9370f9aa20268dfab52a2f4b6a8b743fce447feec55ce9c401cd02373ed7ec,ACTIVE,POOL_OBSERVATION
002364.SZ,2026-04-16,6b9370f9aa20268dfab52a2f4b6a8b743fce447feec55ce9c401cd02373ed7ec,ACTIVE,POOL_OBSERVATION
002364.SZ,2026-04-17,6b9370f9aa20268dfab52a2f4b6a8b743fce447feec55ce9c401cd02373ed7ec,ACTIVE,POOL_OBSERVATION
002364.SZ,2026-04-20,6b9370f9aa20268dfab52a2f4b6a8b743fce447feec55ce9c401cd02373ed7ec,SIGNALLED,ENTRY_SIGNAL
002364.SZ,2026-04-21,6b9370f9aa20268dfab52a2f4b6a8b743fce447feec55ce9c401cd02373ed7ec,SIGNALLED,EXECUTION_PENDING
002364.SZ,2026-04-22,6b9370f9aa20268dfab52a2f4b6a8b743fce447feec55ce9c401cd02373ed7ec,EXPIRED,PENDING_SIGNAL_HORIZON_EXPIRED
002365.SZ,2025-04-29,192da90a16bb4b10c405894cd8b98d54e3c7358bc1e73d92ebff0ebb76657551,ACTIVE,POOL_ADMISSION
002365.SZ,2025-04-30,192da90a16bb4b10c405894cd8b98d54e3c7358bc1e73d92ebff0ebb76657551,ACTIVE,POOL_OBSERVATION
002365.SZ,2025-05-06,192da90a16bb4b10c405894cd8b98d54e3c7358bc1e73d92ebff0ebb76657551,ACTIVE,POOL_OBSERVATION
002365.SZ,2025-05-07,192da90a16bb4b10c405894cd8b98d54e3c7358bc1e73d92ebff0ebb76657551,ACTIVE,POOL_OBSERVATION
002365.SZ,2025-05-08,192da90a16bb4b10c405894cd8b98d54e3c7358bc1e73d92ebff0ebb76657551,ACTIVE,POOL_OBSERVATION
002365.SZ,2025-05-09,192da90a16bb4b10c405894cd8b98d54e3c7358bc1e73d92ebff0ebb76657551,ACTIVE,POOL_OBSERVATION
002365.SZ,2025-05-12,192da90a16bb4b10c405894cd8b98d54e3c7358bc1e73d92ebff0ebb76657551,EXPIRED,POOL_EXPIRED
002365.SZ,2025-05-23,205bfc0740b21d2701919942a53b7bd9f75f623e86b4d3f218212bc93eae271e,ACTIVE,POOL_ADMISSION
002365.SZ,2025-05-26,205bfc0740b21d2701919942a53b7bd9f75f623e86b4d3f218212bc93eae271e,ACTIVE,POOL_OBSERVATION
002365.SZ,2025-05-27,205bfc0740b21d2701919942a53b7bd9f75f623e86b4d3f218212bc93eae271e,ACTIVE,POOL_OBSERVATION
002365.SZ,2025-05-28,205bfc0740b21d2701919942a53b7bd9f75f623e86b4d3f218212bc93eae271e,ACTIVE,POOL_OBSERVATION
002365.SZ,2025-05-29,205bfc0740b21d2701919942a53b7bd9f75f623e86b4d3f218212bc93eae271e,ACTIVE,POOL_OBSERVATION
002365.SZ,2025-05-30,205bfc0740b21d2701919942a53b7bd9f75f623e86b4d3f218212bc93eae271e,ACTIVE,POOL_OBSERVATION
002365.SZ,2025-06-03,205bfc0740b21d2701919942a53b7bd9f75f623e86b4d3f218212bc93eae271e,EXPIRED,POOL_EXPIRED
002366.SZ,2025-05-28,d8c80ba1e42206cd16de955f423c25d876ba37d8ee5d581ac8b55a2e5bb93bb1,ACTIVE,POOL_ADMISSION
002366.SZ,2025-05-29,d8c80ba1e42206cd16de955f423c25d876ba37d8ee5d581ac8b55a2e5bb93bb1,ACTIVE,POOL_OBSERVATION
002366.SZ,2025-05-30,d8c80ba1e42206cd16de955f423c25d876ba37d8ee5d581ac8b55a2e5bb93bb1,ACTIVE,POOL_OBSERVATION
002366.SZ,2025-06-03,d8c80ba1e42206cd16de955f423c25d876ba37d8ee5d581ac8b55a2e5bb93bb1,ACTIVE,POOL_OBSERVATION
002366.SZ,2025-06-04,d8c80ba1e42206cd16de955f423c25d876ba37d8ee5d581ac8b55a2e5bb93bb1,ACTIVE,POOL_OBSERVATION
002366.SZ,2025-06-05,d8c80ba1e42206cd16de955f423c25d876ba37d8ee5d581ac8b55a2e5bb93bb1,ACTIVE,POOL_OBSERVATION
002366.SZ,2025-06-06,d8c80ba1e42206cd16de955f423c25d876ba37d8ee5d581ac8b55a2e5bb93bb1,EXPIRED,POOL_EXPIRED
002369.SZ,2025-02-24,1cdc2adb5004b457ef0ce14f69ae1c8ac32c6455299e37cd38d86a27efe71992,ACTIVE,POOL_ADMISSION
002369.SZ,2025-02-25,1cdc2adb5004b457ef0ce14f69ae1c8ac32c6455299e37cd38d86a27efe71992,SIGNALLED,ENTRY_SIGNAL
002369.SZ,2025-02-26,1cdc2adb5004b457ef0ce14f69ae1c8ac32c6455299e37cd38d86a27efe71992,SIGNALLED,EXECUTION_PENDING
002369.SZ,2025-02-27,1cdc2adb5004b457ef0ce14f69ae1c8ac32c6455299e37cd38d86a27efe71992,SIGNALLED,EXECUTION_PENDING
002369.SZ,2025-02-28,1cdc2adb5004b457ef0ce14f69ae1c8ac32c6455299e37cd38d86a27efe71992,SIGNALLED,EXECUTION_PENDING
002369.SZ,2025-03-03,1cdc2adb5004b457ef0ce14f69ae1c8ac32c6455299e37cd38d86a27efe71992,SIGNALLED,EXECUTION_PENDING
002369.SZ,2025-03-04,1cdc2adb5004b457ef0ce14f69ae1c8ac32c6455299e37cd38d86a27efe71992,EXPIRED,PENDING_SIGNAL_HORIZON_EXPIRED
002388.SZ,2024-09-05,c67002453e51217bc5dc08b01752696b3b2e11f71a11506b86513d349032bfb2,ACTIVE,POOL_ADMISSION
002388.SZ,2024-09-06,c67002453e51217bc5dc08b01752696b3b2e11f71a11506b86513d349032bfb2,ACTIVE,POOL_OBSERVATION
002388.SZ,2024-09-09,c67002453e51217bc5dc08b01752696b3b2e11f71a11506b86513d349032bfb2,ACTIVE,POOL_OBSERVATION
002388.SZ,2024-09-10,c67002453e51217bc5dc08b01752696b3b2e11f71a11506b86513d349032bfb2,ACTIVE,POOL_OBSERVATION
002388.SZ,2024-09-11,c67002453e51217bc5dc08b01752696b3b2e11f71a11506b86513d349032bfb2,ACTIVE,POOL_OBSERVATION
002388.SZ,2024-09-12,c67002453e51217bc5dc08b01752696b3b2e11f71a11506b86513d349032bfb2,ACTIVE,POOL_OBSERVATION
002388.SZ,2024-09-13,c67002453e51217bc5dc08b01752696b3b2e11f71a11506b86513d349032bfb2,EXPIRED,POOL_EXPIRED
002396.SZ,2026-07-06,aadcd0597530908d0f5603e99c1ece325ac58d2cd4066bed3043d6ad8c80cb38,ACTIVE,POOL_ADMISSION
002396.SZ,2026-07-07,aadcd0597530908d0f5603e99c1ece325ac58d2cd4066bed3043d6ad8c80cb38,ACTIVE,POOL_OBSERVATION
002396.SZ,2026-07-08,aadcd0597530908d0f5603e99c1ece325ac58d2cd4066bed3043d6ad8c80cb38,ACTIVE,POOL_OBSERVATION
002396.SZ,2026-07-09,aadcd0597530908d0f5603e99c1ece325ac58d2cd4066bed3043d6ad8c80cb38,SIGNALLED,ENTRY_SIGNAL
002396.SZ,2026-07-10,aadcd0597530908d0f5603e99c1ece325ac58d2cd4066bed3043d6ad8c80cb38,SIGNALLED,EXECUTION_PENDING
002396.SZ,2026-07-13,aadcd0597530908d0f5603e99c1ece325ac58d2cd4066bed3043d6ad8c80cb38,SIGNALLED,EXECUTION_PENDING
002396.SZ,2026-07-14,aadcd0597530908d0f5603e99c1ece325ac58d2cd4066bed3043d6ad8c80cb38,EXPIRED,PENDING_SIGNAL_HORIZON_EXPIRED
002397.SZ,2025-01-07,87b60f89876a234d89c37065806913dd2539bb3ad6a397535fc36926dae3ce76,ACTIVE,POOL_ADMISSION
002397.SZ,2025-01-08,87b60f89876a234d89c37065806913dd2539bb3ad6a397535fc36926dae3ce76,SIGNALLED,ENTRY_SIGNAL
002397.SZ,2025-01-09,87b60f89876a234d89c37065806913dd2539bb3ad6a397535fc36926dae3ce76,SIGNALLED,EXECUTION_PENDING
002397.SZ,2025-01-10,87b60f89876a234d89c37065806913dd2539bb3ad6a397535fc36926dae3ce76,SIGNALLED,EXECUTION_PENDING
002397.SZ,2025-01-13,87b60f89876a234d89c37065806913dd2539bb3ad6a397535fc36926dae3ce76,SIGNALLED,EXECUTION_PENDING
002397.SZ,2025-01-14,87b60f89876a234d89c37065806913dd2539bb3ad6a397535fc36926dae3ce76,SIGNALLED,EXECUTION_PENDING
002397.SZ,2025-01-15,87b60f89876a234d89c37065806913dd2539bb3ad6a397535fc36926dae3ce76,EXPIRED,PENDING_SIGNAL_HORIZON_EXPIRED
002400.SZ,2026-01-14,f87878d47bd7a663544d9e4a0a5d8a3f076465c97ba67ebc746f4fa2da04a5b3,ACTIVE,POOL_ADMISSION
002400.SZ,2026-01-15,f87878d47bd7a663544d9e4a0a5d8a3f076465c97ba67ebc746f4fa2da04a5b3,ACTIVE,POOL_OBSERVATION
002400.SZ,2026-01-16,f87878d47bd7a663544d9e4a0a5d8a3f076465c97ba67ebc746f4fa2da04a5b3,ACTIVE,POOL_OBSERVATION
002400.SZ,2026-01-19,f87878d47bd7a663544d9e4a0a5d8a3f076465c97ba67ebc746f4fa2da04a5b3,ACTIVE,POOL_OBSERVATION
002400.SZ,2026-01-20,f87878d47bd7a663544d9e4a0a5d8a3f076465c97ba67ebc746f4fa2da04a5b3,ACTIVE,POOL_OBSERVATION
002400.SZ,2026-01-21,f87878d47bd7a663544d9e4a0a5d8a3f076465c97ba67ebc746f4fa2da04a5b3,ACTIVE,POOL_OBSERVATION
002400.SZ,2026-01-22,f87878d47bd7a663544d9e4a0a5d8a3f076465c97ba67ebc746f4fa2da04a5b3,EXPIRED,POOL_EXPIRED
002402.SZ,2024-11-14,659734d6f45584fff1347ad86f3e02bac99c987ce5b7910f8b4e26d75f0e183d,ACTIVE,POOL_ADMISSION
002402.SZ,2024-11-15,659734d6f45584fff1347ad86f3e02bac99c987ce5b7910f8b4e26d75f0e183d,SIGNALLED,ENTRY_SIGNAL
002402.SZ,2024-11-18,659734d6f45584fff1347ad86f3e02bac99c987ce5b7910f8b4e26d75f0e183d,SIGNALLED,EXECUTION_PENDING
002402.SZ,2024-11-19,659734d6f45584fff1347ad86f3e02bac99c987ce5b7910f8b4e26d75f0e183d,SIGNALLED,EXECUTION_PENDING
002402.SZ,2024-11-20,659734d6f45584fff1347ad86f3e02bac99c987ce5b7910f8b4e26d75f0e183d,SIGNALLED,EXECUTION_PENDING
002402.SZ,2024-11-21,659734d6f45584fff1347ad86f3e02bac99c987ce5b7910f8b4e26d75f0e183d,SIGNALLED,EXECUTION_PENDING
002402.SZ,2024-11-22,659734d6f45584fff1347ad86f3e02bac99c987ce5b7910f8b4e26d75f0e183d,EXPIRED,PENDING_SIGNAL_HORIZON_EXPIRED
002403.SZ,2024-11-21,fd0a7e804df4959dfbaa2242ffb6ca100d60bcd897fdd8cabf3eade678f14927,ACTIVE,POOL_ADMISSION
002403.SZ,2024-11-22,fd0a7e804df4959dfbaa2242ffb6ca100d60bcd897fdd8cabf3eade678f14927,ACTIVE,POOL_OBSERVATION
002403.SZ,2024-11-25,fd0a7e804df4959dfbaa2242ffb6ca100d60bcd897fdd8cabf3eade678f14927,ACTIVE,POOL_OBSERVATION
002403.SZ,2024-11-26,fd0a7e804df4959dfbaa2242ffb6ca100d60bcd897fdd8cabf3eade678f14927,ACTIVE,POOL_OBSERVATION
002403.SZ,2024-11-27,fd0a7e804df4959dfbaa2242ffb6ca100d60bcd897fdd8cabf3eade678f14927,ACTIVE,POOL_OBSERVATION
002403.SZ,2024-11-28,fd0a7e804df4959dfbaa2242ffb6ca100d60bcd897fdd8cabf3eade678f14927,ACTIVE,POOL_OBSERVATION
002403.SZ,2024-11-29,fd0a7e804df4959dfbaa2242ffb6ca100d60bcd897fdd8cabf3eade678f14927,EXPIRED,POOL_EXPIRED
002403.SZ,2024-12-11,b53ec812a7f0e9ef77b76147aad3ff3b32822f8eac7976d76dd0c4f59e1acaa8,ACTIVE,POOL_ADMISSION
002403.SZ,2024-12-12,b53ec812a7f0e9ef77b76147aad3ff3b32822f8eac7976d76dd0c4f59e1acaa8,ACTIVE,POOL_OBSERVATION
002403.SZ,2024-12-13,b53ec812a7f0e9ef77b76147aad3ff3b32822f8eac7976d76dd0c4f59e1acaa8,ACTIVE,POOL_OBSERVATION
002403.SZ,2024-12-16,b53ec812a7f0e9ef77b76147aad3ff3b32822f8eac7976d76dd0c4f59e1acaa8,ACTIVE,POOL_OBSERVATION
002403.SZ,2024-12-17,b53ec812a7f0e9ef77b76147aad3ff3b32822f8eac7976d76dd0c4f59e1acaa8,ACTIVE,POOL_OBSERVATION
002403.SZ,2024-12-18,b53ec812a7f0e9ef77b76147aad3ff3b32822f8eac7976d76dd0c4f59e1acaa8,ACTIVE,POOL_OBSERVATION
002403.SZ,2024-12-19,b53ec812a7f0e9ef77b76147aad3ff3b32822f8eac7976d76dd0c4f59e1acaa8,EXPIRED,POOL_EXPIRED
002403.SZ,2026-09-08,a15a43af0a9d2efac887b4f34c2dc3f9d0a61e7f1581ea25c66c98de18185da3,ACTIVE,POOL_ADMISSION
002403.SZ,2026-09-09,a15a43af0a9d2efac887b4f34c2dc3f9d0a61e7f1581ea25c66c98de18185da3,ACTIVE,POOL_OBSERVATION
002403.SZ,2026-09-10,a15a43af0a9d2efac887b4f34c2dc3f9d0a61e7f1581ea25c66c98de18185da3,ACTIVE,POOL_OBSERVATION
002403.SZ,2026-09-11,a15a43af0a9d2efac887b4f34c2dc3f9d0a61e7f1581ea25c66c98de18185da3,ACTIVE,POOL_OBSERVATION
002403.SZ,2026-09-14,a15a43af0a9d2efac887b4f34c2dc3f9d0a61e7f1581ea25c66c98de18185da3,ACTIVE,POOL_OBSERVATION
002403.SZ,2026-09-15,a15a43af0a9d2efac887b4f34c2dc3f9d0a61e7f1581ea25c66c98de18185da3,ACTIVE,POOL_OBSERVATION
002403.SZ,2026-09-16,a15a43af0a9d2efac887b4f34c2dc3f9d0a61e7f1581ea25c66c98de18185da3,EXPIRED,POOL_EXPIRED
002410.SZ,2024-10-08,f75dc69f66152180acb32fd32d2dd46d4f4fb89aaf2ff82d3564880e0eb6d263,ACTIVE,POOL_ADMISSION
002410.SZ,2024-10-09,f75dc69f66152180acb32fd32d2dd46d4f4fb89aaf2ff82d3564880e0eb6d263,ACTIVE,POOL_OBSERVATION
002410.SZ,2024-10-10,f75dc69f66152180acb32fd32d2dd46d4f4fb89aaf2ff82d3564880e0eb6d263,ACTIVE,POOL_OBSERVATION
002410.SZ,2024-10-11,f75dc69f66152180acb32fd32d2dd46d4f4fb89aaf2ff82d3564880e0eb6d263,ACTIVE,POOL_OBSERVATION
002410.SZ,2024-10-14,f75dc69f66152180acb32fd32d2dd46d4f4fb89aaf2ff82d3564880e0eb6d263,ACTIVE,POOL_OBSERVATION
002410.SZ,2024-10-15,f75dc69f66152180acb32fd32d2dd46d4f4fb89aaf2ff82d3564880e0eb6d263,ACTIVE,POOL_OBSERVATION
002410.SZ,2024-10-16,f75dc69f66152180acb32fd32d2dd46d4f4fb89aaf2ff82d3564880e0eb6d263,SIGNALLED,ENTRY_SIGNAL
002410.SZ,2024-10-17,f75dc69f66152180acb32fd32d2dd46d4f4fb89aaf2ff82d3564880e0eb6d263,EXPIRED,PENDING_SIGNAL_HORIZON_EXPIRED
002412.SZ,2026-08-24,61c986df143f4db58fec1e18fd9288c88a7b662da8e3c5a4111321a2c873b9a7,ACTIVE,POOL_ADMISSION
002412.SZ,2026-08-25,61c986df143f4db58fec1e18fd9288c88a7b662da8e3c5a4111321a2c873b9a7,ACTIVE,POOL_OBSERVATION
002412.SZ,2026-08-26,61c986df143f4db58fec1e18fd9288c88a7b662da8e3c5a4111321a2c873b9a7,ACTIVE,POOL_OBSERVATION
002412.SZ,2026-08-27,61c986df143f4db58fec1e18fd9288c88a7b662da8e3c5a4111321a2c873b9a7,ACTIVE,POOL_OBSERVATION
002412.SZ,2026-08-28,61c986df143f4db58fec1e18fd9288c88a7b662da8e3c5a4111321a2c873b9a7,SIGNALLED,ENTRY_SIGNAL
002412.SZ,2026-08-31,61c986df143f4db58fec1e18fd9288c88a7b662da8e3c5a4111321a2c873b9a7,SIGNALLED,EXECUTION_PENDING
002412.SZ,2026-09-01,61c986df143f4db58fec1e18fd9288c88a7b662da8e3c5a4111321a2c873b9a7,EXPIRED,PENDING_SIGNAL_HORIZON_EXPIRED
002413.SZ,2025-11-28,4e073861c8ca6edc870945f36721abd28a3e5161603426a349a60ee6c83583cc,SIGNALLED,ENTRY_SIGNAL
002413.SZ,2025-12-01,4e073861c8ca6edc870945f36721abd28a3e5161603426a349a60ee6c83583cc,SIGNALLED,EXECUTION_PENDING
002413.SZ,2025-12-02,4e073861c8ca6edc870945f36721abd28a3e5161603426a349a60ee6c83583cc,SIGNALLED,EXECUTION_PENDING
002413.SZ,2025-12-03,4e073861c8ca6edc870945f36721abd28a3e5161603426a349a60ee6c83583cc,SIGNALLED,EXECUTION_PENDING
002413.SZ,2025-12-04,4e073861c8ca6edc870945f36721abd28a3e5161603426a349a60ee6c83583cc,SIGNALLED,EXECUTION_PENDING
002413.SZ,2025-12-05,4e073861c8ca6edc870945f36721abd28a3e5161603426a349a60ee6c83583cc,SIGNALLED,EXECUTION_PENDING
002413.SZ,2025-12-08,4e073861c8ca6edc870945f36721abd28a3e5161603426a349a60ee6c83583cc,EXPIRED,PENDING_SIGNAL_HORIZON_EXPIRED
002413.SZ,2026-01-05,6afbbefce3467a6da1dedce720c6bcb4619e6711fde638f608b1b5c348f9dbfa,ACTIVE,POOL_ADMISSION
002413.SZ,2026-01-06,6afbbefce3467a6da1dedce720c6bcb4619e6711fde638f608b1b5c348f9dbfa,ACTIVE,POOL_OBSERVATION
002413.SZ,2026-01-07,6afbbefce3467a6da1dedce720c6bcb4619e6711fde638f608b1b5c348f9dbfa,ACTIVE,POOL_OBSERVATION
002413.SZ,2026-01-08,6afbbefce3467a6da1dedce720c6bcb4619e6711fde638f608b1b5c348f9dbfa,ACTIVE,POOL_OBSERVATION
002413.SZ,2026-01-09,6afbbefce3467a6da1dedce720c6bcb4619e6711fde638f608b1b5c348f9dbfa,ACTIVE,POOL_OBSERVATION
002413.SZ,2026-01-12,6afbbefce3467a6da1dedce720c6bcb4619e6711fde638f608b1b5c348f9dbfa,ACTIVE,POOL_OBSERVATION
002413.SZ,2026-01-13,6afbbefce3467a6da1dedce720c6bcb4619e6711fde638f608b1b5c348f9dbfa,EXPIRED,POOL_EXPIRED
002416.SZ,2024-11-01,560ce9d08ca34dc92be0dd11262f1f154f057b4f1cca2c3724a5ea01da4e9d3a,ACTIVE,POOL_ADMISSION
002416.SZ,2024-11-04,560ce9d08ca34dc92be0dd11262f1f154f057b4f1cca2c3724a5ea01da4e9d3a,ACTIVE,POOL_OBSERVATION
002416.SZ,2024-11-05,560ce9d08ca34dc92be0dd11262f1f154f057b4f1cca2c3724a5ea01da4e9d3a,ACTIVE,POOL_OBSERVATION
002416.SZ,2024-11-06,560ce9d08ca34dc92be0dd11262f1f154f057b4f1cca2c3724a5ea01da4e9d3a,ACTIVE,POOL_OBSERVATION
002416.SZ,2024-11-07,560ce9d08ca34dc92be0dd11262f1f154f057b4f1cca2c3724a5ea01da4e9d3a,ACTIVE,POOL_OBSERVATION
002416.SZ,2024-11-08,560ce9d08ca34dc92be0dd11262f1f154f057b4f1cca2c3724a5ea01da4e9d3a,ACTIVE,POOL_OBSERVATION
002416.SZ,2024-11-11,560ce9d08ca34dc92be0dd11262f1f154f057b4f1cca2c3724a5ea01da4e9d3a,EXPIRED,POOL_EXPIRED
002418.SZ,2025-01-09,bd84cb720edac2f36e8526e15dfbcd8e5c37dc2957211070df593c4557ecae2c,ACTIVE,POOL_ADMISSION
002418.SZ,2025-01-10,bd84cb720edac2f36e8526e15dfbcd8e5c37dc2957211070df593c4557ecae2c,ACTIVE,POOL_OBSERVATION
002418.SZ,2025-01-13,bd84cb720edac2f36e8526e15dfbcd8e5c37dc2957211070df593c4557ecae2c,ACTIVE,POOL_OBSERVATION
002418.SZ,2025-01-14,bd84cb720edac2f36e8526e15dfbcd8e5c37dc2957211070df593c4557ecae2c,SIGNALLED,ENTRY_SIGNAL
002418.SZ,2025-01-15,bd84cb720edac2f36e8526e15dfbcd8e5c37dc2957211070df593c4557ecae2c,SIGNALLED,EXECUTION_PENDING
002418.SZ,2025-01-16,bd84cb720edac2f36e8526e15dfbcd8e5c37dc2957211070df593c4557ecae2c,SIGNALLED,EXECUTION_PENDING
002418.SZ,2025-01-17,bd84cb720edac2f36e8526e15dfbcd8e5c37dc2957211070df593c4557ecae2c,EXPIRED,PENDING_SIGNAL_HORIZON_EXPIRED
002418.SZ,2026-08-31,8fc92e5da5218d831f7a0f8adbab6ec3dd176768e7e9d7a76376398e4d29894d,SIGNALLED,ENTRY_SIGNAL
002418.SZ,2026-09-01,8fc92e5da5218d831f7a0f8adbab6ec3dd176768e7e9d7a76376398e4d29894d,SIGNALLED,EXECUTION_PENDING
002418.SZ,2026-09-02,8fc92e5da5218d831f7a0f8adbab6ec3dd176768e7e9d7a76376398e4d29894d,SIGNALLED,EXECUTION_PENDING
002418.SZ,2026-09-03,8fc92e5da5218d831f7a0f8adbab6ec3dd176768e7e9d7a76376398e4d29894d,SIGNALLED,EXECUTION_PENDING
002418.SZ,2026-09-04,8fc92e5da5218d831f7a0f8adbab6ec3dd176768e7e9d7a76376398e4d29894d,SIGNALLED,EXECUTION_PENDING
002418.SZ,2026-09-07,8fc92e5da5218d831f7a0f8adbab6ec3dd176768e7e9d7a76376398e4d29894d,SIGNALLED,EXECUTION_PENDING
002418.SZ,2026-09-08,8fc92e5da5218d831f7a0f8adbab6ec3dd176768e7e9d7a76376398e4d29894d,EXPIRED,PENDING_SIGNAL_HORIZON_EXPIRED
002421.SZ,2026-05-20,44d5c8011775a6d9184de574b557286184ab98ab0fc4ad5833a491bec842b30d,ACTIVE,POOL_ADMISSION
002421.SZ,2026-05-21,44d5c8011775a6d9184de574b557286184ab98ab0fc4ad5833a491bec842b30d,ACTIVE,POOL_OBSERVATION
002421.SZ,2026-05-22,44d5c8011775a6d9184de574b557286184ab98ab0fc4ad5833a491bec842b30d,SIGNALLED,ENTRY_SIGNAL
002421.SZ,2026-05-25,44d5c8011775a6d9184de574b557286184ab98ab0fc4ad5833a491bec842b30d,SIGNALLED,EXECUTION_PENDING
002421.SZ,2026-05-26,44d5c8011775a6d9184de574b557286184ab98ab0fc4ad5833a491bec842b30d,SIGNALLED,EXECUTION_PENDING
002421.SZ,2026-05-27,44d5c8011775a6d9184de574b557286184ab98ab0fc4ad5833a491bec842b30d,SIGNALLED,EXECUTION_PENDING
002421.SZ,2026-05-28,44d5c8011775a6d9184de574b557286184ab98ab0fc4ad5833a491bec842b30d,EXPIRED,PENDING_SIGNAL_HORIZON_EXPIRED
002423.SZ,2024-09-27,a81c01376bac4da18ccef15b3047271083f98d7cd8a405fef89be8117c53cecd,ACTIVE,POOL_ADMISSION
002423.SZ,2024-09-30,a81c01376bac4da18ccef15b3047271083f98d7cd8a405fef89be8117c53cecd,ACTIVE,POOL_OBSERVATION
002423.SZ,2024-10-08,a81c01376bac4da18ccef15b3047271083f98d7cd8a405fef89be8117c53cecd,SIGNALLED,ENTRY_SIGNAL
002423.SZ,2024-10-09,a81c01376bac4da18ccef15b3047271083f98d7cd8a405fef89be8117c53cecd,SIGNALLED,EXECUTION_PENDING
002423.SZ,2024-10-10,a81c01376bac4da18ccef15b3047271083f98d7cd8a405fef89be8117c53cecd,SIGNALLED,EXECUTION_PENDING
002423.SZ,2024-10-11,a81c01376bac4da18ccef15b3047271083f98d7cd8a405fef89be8117c53cecd,SIGNALLED,EXECUTION_PENDING
002423.SZ,2024-10-14,a81c01376bac4da18ccef15b3047271083f98d7cd8a405fef89be8117c53cecd,EXPIRED,PENDING_SIGNAL_HORIZON_EXPIRED
002427.SZ,2025-03-26,a499cd3c1bce9d755750f966bb34c51a3cd87cd066c673a029dd1f6bfb526af0,ACTIVE,POOL_ADMISSION
002427.SZ,2025-03-27,a499cd3c1bce9d755750f966bb34c51a3cd87cd066c673a029dd1f6bfb526af0,ACTIVE,POOL_OBSERVATION
002427.SZ,2025-03-28,a499cd3c1bce9d755750f966bb34c51a3cd87cd066c673a029dd1f6bfb526af0,ACTIVE,POOL_OBSERVATION
002427.SZ,2025-03-31,a499cd3c1bce9d755750f966bb34c51a3cd87cd066c673a029dd1f6bfb526af0,ACTIVE,POOL_OBSERVATION
002427.SZ,2025-04-01,a499cd3c1bce9d755750f966bb34c51a3cd87cd066c673a029dd1f6bfb526af0,ACTIVE,POOL_OBSERVATION
002427.SZ,2025-04-02,a499cd3c1bce9d755750f966bb34c51a3cd87cd066c673a029dd1f6bfb526af0,ACTIVE,POOL_OBSERVATION
002427.SZ,2025-04-03,a499cd3c1bce9d755750f966bb34c51a3cd87cd066c673a029dd1f6bfb526af0,EXPIRED,POOL_EXPIRED
002427.SZ,2025-04-23,f0bb3c379679896ae2265c874bebac96652ac0b4fafa08211f11f65b8479bc50,SIGNALLED,ENTRY_SIGNAL
002427.SZ,2025-04-24,f0bb3c379679896ae2265c874bebac96652ac0b4fafa08211f11f65b8479bc50,SIGNALLED,EXECUTION_PENDING
002427.SZ,2025-04-25,f0bb3c379679896ae2265c874bebac96652ac0b4fafa08211f11f65b8479bc50,SIGNALLED,EXECUTION_PENDING
002427.SZ,2025-04-28,f0bb3c379679896ae2265c874bebac96652ac0b4fafa08211f11f65b8479bc50,SIGNALLED,EXECUTION_PENDING
002427.SZ,2025-04-29,f0bb3c379679896ae2265c874bebac96652ac0b4fafa08211f11f65b8479bc50,SIGNALLED,EXECUTION_PENDING
002427.SZ,2025-04-30,f0bb3c379679896ae2265c874bebac96652ac0b4fafa08211f11f65b8479bc50,SIGNALLED,EXECUTION_PENDING
002427.SZ,2025-05-06,f0bb3c379679896ae2265c874bebac96652ac0b4fafa08211f11f65b8479bc50,EXPIRED,PENDING_SIGNAL_HORIZON_EXPIRED
002427.SZ,2025-05-19,1e5acafd7c9305187530ce4327669590209f8132a17e795d9d2e796873e2c66a,SIGNALLED,ENTRY_SIGNAL
002427.SZ,2025-05-20,1e5acafd7c9305187530ce4327669590209f8132a17e795d9d2e796873e2c66a,SIGNALLED,EXECUTION_PENDING
002427.SZ,2025-05-21,1e5acafd7c9305187530ce4327669590209f8132a17e795d9d2e796873e2c66a,SIGNALLED,EXECUTION_PENDING
002427.SZ,2025-05-22,1e5acafd7c9305187530ce4327669590209f8132a17e795d9d2e796873e2c66a,SIGNALLED,EXECUTION_PENDING
002427.SZ,2025-05-23,1e5acafd7c9305187530ce4327669590209f8132a17e795d9d2e796873e2c66a,SIGNALLED,EXECUTION_PENDING
002427.SZ,2025-05-26,1e5acafd7c9305187530ce4327669590209f8132a17e795d9d2e796873e2c66a,SIGNALLED,EXECUTION_PENDING
002427.SZ,2025-05-27,1e5acafd7c9305187530ce4327669590209f8132a17e795d9d2e796873e2c66a,EXPIRED,PENDING_SIGNAL_HORIZON_EXPIRED
002428.SZ,2024-11-05,baa4dd1cb9ec1b1573338a2f0c2087e4b347a6b71de80b777ebbd97a258a536f,ACTIVE,POOL_ADMISSION
002428.SZ,2024-11-06,baa4dd1cb9ec1b1573338a2f0c2087e4b347a6b71de80b777ebbd97a258a536f,ACTIVE,POOL_OBSERVATION
002428.SZ,2024-11-07,baa4dd1cb9ec1b1573338a2f0c2087e4b347a6b71de80b777ebbd97a258a536f,SIGNALLED,ENTRY_SIGNAL
002428.SZ,2024-11-08,baa4dd1cb9ec1b1573338a2f0c2087e4b347a6b71de80b777ebbd97a258a536f,SIGNALLED,EXECUTION_PENDING
002428.SZ,2024-11-11,baa4dd1cb9ec1b1573338a2f0c2087e4b347a6b71de80b777ebbd97a258a536f,SIGNALLED,EXECUTION_PENDING
002428.SZ,2024-11-12,baa4dd1cb9ec1b1573338a2f0c2087e4b347a6b71de80b777ebbd97a258a536f,SIGNALLED,EXECUTION_PENDING
002428.SZ,2024-11-13,baa4dd1cb9ec1b1573338a2f0c2087e4b347a6b71de80b777ebbd97a258a536f,EXPIRED,PENDING_SIGNAL_HORIZON_EXPIRED
002431.SZ,2025-05-22,36d0c2be6b97f801077e4b2e0801c199e2820af9fd317e3594a3dfce75ca5665,ACTIVE,POOL_ADMISSION
002431.SZ,2025-05-23,36d0c2be6b97f801077e4b2e0801c199e2820af9fd317e3594a3dfce75ca5665,ACTIVE,POOL_OBSERVATION
002431.SZ,2025-05-26,36d0c2be6b97f801077e4b2e0801c199e2820af9fd317e3594a3dfce75ca5665,SIGNALLED,ENTRY_SIGNAL
002431.SZ,2025-05-27,36d0c2be6b97f801077e4b2e0801c199e2820af9fd317e3594a3dfce75ca5665,SIGNALLED,EXECUTION_PENDING
002431.SZ,2025-05-28,36d0c2be6b97f801077e4b2e0801c199e2820af9fd317e3594a3dfce75ca5665,SIGNALLED,EXECUTION_PENDING
002431.SZ,2025-05-29,36d0c2be6b97f801077e4b2e0801c199e2820af9fd317e3594a3dfce75ca5665,SIGNALLED,EXECUTION_PENDING
002431.SZ,2025-05-30,36d0c2be6b97f801077e4b2e0801c199e2820af9fd317e3594a3dfce75ca5665,EXPIRED,PENDING_SIGNAL_HORIZON_EXPIRED
002437.SZ,2026-08-13,3fa88667897cb82cc1e2ee50ed33dfc29f8bc0fadf4a94bc16272095a4ae42b5,ACTIVE,POOL_ADMISSION
002437.SZ,2026-08-14,3fa88667897cb82cc1e2ee50ed33dfc29f8bc0fadf4a94bc16272095a4ae42b5,ACTIVE,POOL_OBSERVATION
002437.SZ,2026-08-17,3fa88667897cb82cc1e2ee50ed33dfc29f8bc0fadf4a94bc16272095a4ae42b5,ACTIVE,POOL_OBSERVATION
002437.SZ,2026-08-18,3fa88667897cb82cc1e2ee50ed33dfc29f8bc0fadf4a94bc16272095a4ae42b5,ACTIVE,POOL_OBSERVATION
002437.SZ,2026-08-19,3fa88667897cb82cc1e2ee50ed33dfc29f8bc0fadf4a94bc16272095a4ae42b5,ACTIVE,POOL_OBSERVATION
002437.SZ,2026-08-20,3fa88667897cb82cc1e2ee50ed33dfc29f8bc0fadf4a94bc16272095a4ae42b5,SIGNALLED,ENTRY_SIGNAL
002437.SZ,2026-08-21,3fa88667897cb82cc1e2ee50ed33dfc29f8bc0fadf4a94bc16272095a4ae42b5,EXPIRED,PENDING_SIGNAL_HORIZON_EXPIRED
002445.SZ,2026-03-12,691aaae0c4fdcad13e69b392a1a37e4846edb99c1d2a4ae06b74f00c5b2dab9a,ACTIVE,POOL_ADMISSION
002445.SZ,2026-03-13,691aaae0c4fdcad13e69b392a1a37e4846edb99c1d2a4ae06b74f00c5b2dab9a,ACTIVE,POOL_OBSERVATION
002445.SZ,2026-03-16,691aaae0c4fdcad13e69b392a1a37e4846edb99c1d2a4ae06b74f00c5b2dab9a,ACTIVE,POOL_OBSERVATION
002445.SZ,2026-03-17,691aaae0c4fdcad13e69b392a1a37e4846edb99c1d2a4ae06b74f00c5b2dab9a,ACTIVE,POOL_OBSERVATION
002445.SZ,2026-03-18,691aaae0c4fdcad13e69b392a1a37e4846edb99c1d2a4ae06b74f00c5b2dab9a,ACTIVE,POOL_OBSERVATION
002445.SZ,2026-03-19,691aaae0c4fdcad13e69b392a1a37e4846edb99c1d2a4ae06b74f00c5b2dab9a,ACTIVE,POOL_OBSERVATION
002445.SZ,2026-03-20,691aaae0c4fdcad13e69b392a1a37e4846edb99c1d2a4ae06b74f00c5b2dab9a,EXPIRED,POOL_EXPIRED
002449.SZ,2024-12-25,f11dbca305414e5f09ef38af7c6948959fffcbd147ba29584353d510deedab0e,ACTIVE,POOL_ADMISSION
002449.SZ,2024-12-26,f11dbca305414e5f09ef38af7c6948959fffcbd147ba29584353d510deedab0e,ACTIVE,POOL_OBSERVATION
002449.SZ,2024-12-27,f11dbca305414e5f09ef38af7c6948959fffcbd147ba29584353d510deedab0e,ACTIVE,POOL_OBSERVATION
002449.SZ,2024-12-30,f11dbca305414e5f09ef38af7c6948959fffcbd147ba29584353d510deedab0e,SIGNALLED,ENTRY_SIGNAL
002449.SZ,2024-12-31,f11dbca305414e5f09ef38af7c6948959fffcbd147ba29584353d510deedab0e,SIGNALLED,EXECUTION_PENDING
002449.SZ,2025-01-02,f11dbca305414e5f09ef38af7c6948959fffcbd147ba29584353d510deedab0e,SIGNALLED,EXECUTION_PENDING
002449.SZ,2025-01-03,f11dbca305414e5f09ef38af7c6948959fffcbd147ba29584353d510deedab0e,EXPIRED,PENDING_SIGNAL_HORIZON_EXPIRED
002451.SZ,2025-11-07,52cb0abbc3273e28f96efb7fe1f918849c6310ef42355dc8419870839ade24ba,ACTIVE,POOL_ADMISSION
002451.SZ,2025-11-10,52cb0abbc3273e28f96efb7fe1f918849c6310ef42355dc8419870839ade24ba,ACTIVE,POOL_OBSERVATION
002451.SZ,2025-11-11,52cb0abbc3273e28f96efb7fe1f918849c6310ef42355dc8419870839ade24ba,ACTIVE,POOL_OBSERVATION
002451.SZ,2025-11-12,52cb0abbc3273e28f96efb7fe1f918849c6310ef42355dc8419870839ade24ba,ACTIVE,POOL_OBSERVATION
002451.SZ,2025-11-13,52cb0abbc3273e28f96efb7fe1f918849c6310ef42355dc8419870839ade24ba,ACTIVE,POOL_OBSERVATION
002451.SZ,2025-11-14,52cb0abbc3273e28f96efb7fe1f918849c6310ef42355dc8419870839ade24ba,ACTIVE,POOL_OBSERVATION
002451.SZ,2025-11-17,52cb0abbc3273e28f96efb7fe1f918849c6310ef42355dc8419870839ade24ba,SIGNALLED,ENTRY_SIGNAL
002451.SZ,2025-11-18,52cb0abbc3273e28f96efb7fe1f918849c6310ef42355dc8419870839ade24ba,EXPIRED,PENDING_SIGNAL_HORIZON_EXPIRED
002453.SZ,2025-09-24,348fcfb87f9167cf29632498dcf408647a1bbb2ed7f5ad82d7e39e0260c018f2,ACTIVE,POOL_ADMISSION
002453.SZ,2025-09-25,348fcfb87f9167cf29632498dcf408647a1bbb2ed7f5ad82d7e39e0260c018f2,ACTIVE,POOL_OBSERVATION
002453.SZ,2025-09-26,348fcfb87f9167cf29632498dcf408647a1bbb2ed7f5ad82d7e39e0260c018f2,ACTIVE,POOL_OBSERVATION
002453.SZ,2025-09-29,348fcfb87f9167cf29632498dcf408647a1bbb2ed7f5ad82d7e39e0260c018f2,ACTIVE,POOL_OBSERVATION
002453.SZ,2025-09-30,348fcfb87f9167cf29632498dcf408647a1bbb2ed7f5ad82d7e39e0260c018f2,ACTIVE,POOL_OBSERVATION
002453.SZ,2025-10-09,348fcfb87f9167cf29632498dcf408647a1bbb2ed7f5ad82d7e39e0260c018f2,ACTIVE,POOL_OBSERVATION
002453.SZ,2025-10-10,348fcfb87f9167cf29632498dcf408647a1bbb2ed7f5ad82d7e39e0260c018f2,EXPIRED,POOL_EXPIRED
002455.SZ,2026-02-03,a84a0b7d62d050b2625c0c90d0f8076005fe69598473db59992defd7df3a4d05,ACTIVE,POOL_ADMISSION
002455.SZ,2026-02-04,a84a0b7d62d050b2625c0c90d0f8076005fe69598473db59992defd7df3a4d05,ACTIVE,POOL_OBSERVATION
002455.SZ,2026-02-05,a84a0b7d62d050b2625c0c90d0f8076005fe69598473db59992defd7df3a4d05,SIGNALLED,ENTRY_SIGNAL
002455.SZ,2026-02-06,a84a0b7d62d050b2625c0c90d0f8076005fe69598473db59992defd7df3a4d05,SIGNALLED,EXECUTION_PENDING
002455.SZ,2026-02-09,a84a0b7d62d050b2625c0c90d0f8076005fe69598473db59992defd7df3a4d05,SIGNALLED,EXECUTION_PENDING
002455.SZ,2026-02-10,a84a0b7d62d050b2625c0c90d0f8076005fe69598473db59992defd7df3a4d05,SIGNALLED,EXECUTION_PENDING
002455.SZ,2026-02-11,a84a0b7d62d050b2625c0c90d0f8076005fe69598473db59992defd7df3a4d05,EXPIRED,PENDING_SIGNAL_HORIZON_EXPIRED
002455.SZ,2026-02-12,6d433e2c05709f3834b8c69c88bc12da54de11b63560ee434f08cfb5feb2a498,ACTIVE,POOL_ADMISSION
002455.SZ,2026-02-13,6d433e2c05709f3834b8c69c88bc12da54de11b63560ee434f08cfb5feb2a498,SIGNALLED,ENTRY_SIGNAL
002455.SZ,2026-02-24,6d433e2c05709f3834b8c69c88bc12da54de11b63560ee434f08cfb5feb2a498,SIGNALLED,EXECUTION_PENDING
002455.SZ,2026-02-25,6d433e2c05709f3834b8c69c88bc12da54de11b63560ee434f08cfb5feb2a498,SIGNALLED,EXECUTION_PENDING
002455.SZ,2026-02-26,6d433e2c05709f3834b8c69c88bc12da54de11b63560ee434f08cfb5feb2a498,SIGNALLED,EXECUTION_PENDING
002455.SZ,2026-02-27,6d433e2c05709f3834b8c69c88bc12da54de11b63560ee434f08cfb5feb2a498,SIGNALLED,EXECUTION_PENDING
002455.SZ,2026-03-02,6d433e2c05709f3834b8c69c88bc12da54de11b63560ee434f08cfb5feb2a498,EXPIRED,PENDING_SIGNAL_HORIZON_EXPIRED
002456.SZ,2024-11-04,85d0d86b5429e622cc06f90b4fbb1b89e0f4003b898abe48d15b8dfa32dc793a,SIGNALLED,ENTRY_SIGNAL
002456.SZ,2024-11-05,85d0d86b5429e622cc06f90b4fbb1b89e0f4003b898abe48d15b8dfa32dc793a,SIGNALLED,EXECUTION_PENDING
002456.SZ,2024-11-06,85d0d86b5429e622cc06f90b4fbb1b89e0f4003b898abe48d15b8dfa32dc793a,SIGNALLED,EXECUTION_PENDING
002456.SZ,2024-11-07,85d0d86b5429e622cc06f90b4fbb1b89e0f4003b898abe48d15b8dfa32dc793a,SIGNALLED,EXECUTION_PENDING
002456.SZ,2024-11-08,85d0d86b5429e622cc06f90b4fbb1b89e0f4003b898abe48d15b8dfa32dc793a,SIGNALLED,EXECUTION_PENDING
002456.SZ,2024-11-11,85d0d86b5429e622cc06f90b4fbb1b89e0f4003b898abe48d15b8dfa32dc793a,SIGNALLED,EXECUTION_PENDING
002456.SZ,2024-11-12,85d0d86b5429e622cc06f90b4fbb1b89e0f4003b898abe48d15b8dfa32dc793a,EXPIRED,PENDING_SIGNAL_HORIZON_EXPIRED
002467.SZ,2024-11-25,6a1b5ca4faa1603832b8a3f3ae562a8420b9a881730f67a1b81466729385dcb7,ACTIVE,POOL_ADMISSION
002467.SZ,2024-11-26,6a1b5ca4faa1603832b8a3f3ae562a8420b9a881730f67a1b81466729385dcb7,ACTIVE,POOL_OBSERVATION
002467.SZ,2024-11-27,6a1b5ca4faa1603832b8a3f3ae562a8420b9a881730f67a1b81466729385dcb7,ACTIVE,POOL_OBSERVATION
002467.SZ,2024-11-28,6a1b5ca4faa1603832b8a3f3ae562a8420b9a881730f67a1b81466729385dcb7,ACTIVE,POOL_OBSERVATION
002467.SZ,2024-11-29,6a1b5ca4faa1603832b8a3f3ae562a8420b9a881730f67a1b81466729385dcb7,ACTIVE,POOL_OBSERVATION
002467.SZ,2024-12-02,6a1b5ca4faa1603832b8a3f3ae562a8420b9a881730f67a1b81466729385dcb7,ACTIVE,POOL_OBSERVATION
002467.SZ,2024-12-03,6a1b5ca4faa1603832b8a3f3ae562a8420b9a881730f67a1b81466729385dcb7,SIGNALLED,ENTRY_SIGNAL
002467.SZ,2024-12-04,6a1b5ca4faa1603832b8a3f3ae562a8420b9a881730f67a1b81466729385dcb7,EXPIRED,PENDING_SIGNAL_HORIZON_EXPIRED
002469.SZ,2024-11-18,e61da770ed6a5ca2fd73442ca028a16e17ef553343d3ab0c34a8a0974b92c419,ACTIVE,POOL_ADMISSION
002469.SZ,2024-11-19,e61da770ed6a5ca2fd73442ca028a16e17ef553343d3ab0c34a8a0974b92c419,ACTIVE,POOL_OBSERVATION
002469.SZ,2024-11-20,e61da770ed6a5ca2fd73442ca028a16e17ef553343d3ab0c34a8a0974b92c419,ACTIVE,POOL_OBSERVATION
002469.SZ,2024-11-21,e61da770ed6a5ca2fd73442ca028a16e17ef553343d3ab0c34a8a0974b92c419,ACTIVE,POOL_OBSERVATION
002469.SZ,2024-11-22,e61da770ed6a5ca2fd73442ca028a16e17ef553343d3ab0c34a8a0974b92c419,ACTIVE,POOL_OBSERVATION
002469.SZ,2024-11-25,e61da770ed6a5ca2fd73442ca028a16e17ef553343d3ab0c34a8a0974b92c419,ACTIVE,POOL_OBSERVATION
002469.SZ,2024-11-26,e61da770ed6a5ca2fd73442ca028a16e17ef553343d3ab0c34a8a0974b92c419,EXPIRED,POOL_EXPIRED
002470.SZ,2026-02-27,f871d5e55b4b8bbb8e478eafff530878de28c35622c3fc7f2d35d4ea23dfc2af,ACTIVE,POOL_ADMISSION
002470.SZ,2026-03-02,f871d5e55b4b8bbb8e478eafff530878de28c35622c3fc7f2d35d4ea23dfc2af,ACTIVE,POOL_OBSERVATION
002470.SZ,2026-03-03,f871d5e55b4b8bbb8e478eafff530878de28c35622c3fc7f2d35d4ea23dfc2af,ACTIVE,POOL_OBSERVATION
002470.SZ,2026-03-04,f871d5e55b4b8bbb8e478eafff530878de28c35622c3fc7f2d35d4ea23dfc2af,ACTIVE,POOL_OBSERVATION
002470.SZ,2026-03-05,f871d5e55b4b8bbb8e478eafff530878de28c35622c3fc7f2d35d4ea23dfc2af,ACTIVE,POOL_OBSERVATION
002470.SZ,2026-03-06,f871d5e55b4b8bbb8e478eafff530878de28c35622c3fc7f2d35d4ea23dfc2af,ACTIVE,POOL_OBSERVATION
002470.SZ,2026-03-09,f871d5e55b4b8bbb8e478eafff530878de28c35622c3fc7f2d35d4ea23dfc2af,EXPIRED,POOL_EXPIRED
002471.SZ,2025-05-08,96847f1844d100e38ccfc2de1d10f0ba7aa597b59425a207ed119f2d7130818f,ACTIVE,POOL_ADMISSION
002471.SZ,2025-05-09,96847f1844d100e38ccfc2de1d10f0ba7aa597b59425a207ed119f2d7130818f,ACTIVE,POOL_OBSERVATION
002471.SZ,2025-05-12,96847f1844d100e38ccfc2de1d10f0ba7aa597b59425a207ed119f2d7130818f,SIGNALLED,ENTRY_SIGNAL
002471.SZ,2025-05-13,96847f1844d100e38ccfc2de1d10f0ba7aa597b59425a207ed119f2d7130818f,SIGNALLED,EXECUTION_PENDING
002471.SZ,2025-05-14,96847f1844d100e38ccfc2de1d10f0ba7aa597b59425a207ed119f2d7130818f,SIGNALLED,EXECUTION_PENDING
002471.SZ,2025-05-15,96847f1844d100e38ccfc2de1d10f0ba7aa597b59425a207ed119f2d7130818f,SIGNALLED,EXECUTION_PENDING
002471.SZ,2025-05-16,96847f1844d100e38ccfc2de1d10f0ba7aa597b59425a207ed119f2d7130818f,EXPIRED,PENDING_SIGNAL_HORIZON_EXPIRED
002471.SZ,2025-05-27,85ac532156341393bd49d9c5ddbf8a91b05645a3292068a2e2c8e3eb3e89a282,ACTIVE,POOL_ADMISSION
002471.SZ,2025-05-28,85ac532156341393bd49d9c5ddbf8a91b05645a3292068a2e2c8e3eb3e89a282,ACTIVE,POOL_OBSERVATION
002471.SZ,2025-05-29,85ac532156341393bd49d9c5ddbf8a91b05645a3292068a2e2c8e3eb3e89a282,ACTIVE,POOL_OBSERVATION
002471.SZ,2025-05-30,85ac532156341393bd49d9c5ddbf8a91b05645a3292068a2e2c8e3eb3e89a282,ACTIVE,POOL_OBSERVATION
002471.SZ,2025-06-03,85ac532156341393bd49d9c5ddbf8a91b05645a3292068a2e2c8e3eb3e89a282,ACTIVE,POOL_OBSERVATION
002471.SZ,2025-06-04,85ac532156341393bd49d9c5ddbf8a91b05645a3292068a2e2c8e3eb3e89a282,ACTIVE,POOL_OBSERVATION
002471.SZ,2025-06-05,85ac532156341393bd49d9c5ddbf8a91b05645a3292068a2e2c8e3eb3e89a282,EXPIRED,POOL_EXPIRED
002474.SZ,2025-11-20,564763dcb79de1be4868af45907c8c08f624a4fe97dc21423f3fd09f3ab1686f,ACTIVE,POOL_ADMISSION
002474.SZ,2025-11-21,564763dcb79de1be4868af45907c8c08f624a4fe97dc21423f3fd09f3ab1686f,ACTIVE,POOL_OBSERVATION
002474.SZ,2025-11-24,564763dcb79de1be4868af45907c8c08f624a4fe97dc21423f3fd09f3ab1686f,ACTIVE,POOL_OBSERVATION
002474.SZ,2025-11-25,564763dcb79de1be4868af45907c8c08f624a4fe97dc21423f3fd09f3ab1686f,SIGNALLED,ENTRY_SIGNAL
002474.SZ,2025-11-26,564763dcb79de1be4868af45907c8c08f624a4fe97dc21423f3fd09f3ab1686f,SIGNALLED,EXECUTION_PENDING
002474.SZ,2025-11-27,564763dcb79de1be4868af45907c8c08f624a4fe97dc21423f3fd09f3ab1686f,SIGNALLED,EXECUTION_PENDING
002474.SZ,2025-11-28,564763dcb79de1be4868af45907c8c08f624a4fe97dc21423f3fd09f3ab1686f,EXPIRED,PENDING_SIGNAL_HORIZON_EXPIRED
002482.SZ,2024-12-03,616d07c795ce7b4abd3ab0fecab775f57271c6b9810edfd62724f179b2363555,ACTIVE,POOL_ADMISSION
002482.SZ,2024-12-04,616d07c795ce7b4abd3ab0fecab775f57271c6b9810edfd62724f179b2363555,SIGNALLED,ENTRY_SIGNAL
002482.SZ,2024-12-05,616d07c795ce7b4abd3ab0fecab775f57271c6b9810edfd62724f179b2363555,SIGNALLED,EXECUTION_PENDING
002482.SZ,2024-12-06,616d07c795ce7b4abd3ab0fecab775f57271c6b9810edfd62724f179b2363555,SIGNALLED,EXECUTION_PENDING
002482.SZ,2024-12-09,616d07c795ce7b4abd3ab0fecab775f57271c6b9810edfd62724f179b2363555,SIGNALLED,EXECUTION_PENDING
002482.SZ,2024-12-10,616d07c795ce7b4abd3ab0fecab775f57271c6b9810edfd62724f179b2363555,SIGNALLED,EXECUTION_PENDING
002482.SZ,2024-12-11,616d07c795ce7b4abd3ab0fecab775f57271c6b9810edfd62724f179b2363555,EXPIRED,PENDING_SIGNAL_HORIZON_EXPIRED
002490.SZ,2025-06-18,929f3c9c83ba2d571f68ab9b2af4306a1ffb00ca00a57d2571e68dd675bea27c,ACTIVE,POOL_ADMISSION
002490.SZ,2025-06-19,929f3c9c83ba2d571f68ab9b2af4306a1ffb00ca00a57d2571e68dd675bea27c,ACTIVE,POOL_OBSERVATION
002490.SZ,2025-06-20,929f3c9c83ba2d571f68ab9b2af4306a1ffb00ca00a57d2571e68dd675bea27c,ACTIVE,POOL_OBSERVATION
002490.SZ,2025-06-23,929f3c9c83ba2d571f68ab9b2af4306a1ffb00ca00a57d2571e68dd675bea27c,ACTIVE,POOL_OBSERVATION
002490.SZ,2025-06-24,929f3c9c83ba2d571f68ab9b2af4306a1ffb00ca00a57d2571e68dd675bea27c,ACTIVE,POOL_OBSERVATION
002490.SZ,2025-06-25,929f3c9c83ba2d571f68ab9b2af4306a1ffb00ca00a57d2571e68dd675bea27c,ACTIVE,POOL_OBSERVATION
002490.SZ,2025-06-26,929f3c9c83ba2d571f68ab9b2af4306a1ffb00ca00a57d2571e68dd675bea27c,EXPIRED,POOL_EXPIRED
002490.SZ,2025-10-23,88a1e52d2fc4e4ea1b6c0d7ea6c3b646d22c0c005f76d20fac05a3cbedece5be,ACTIVE,POOL_ADMISSION
002490.SZ,2025-10-24,88a1e52d2fc4e4ea1b6c0d7ea6c3b646d22c0c005f76d20fac05a3cbedece5be,ACTIVE,POOL_OBSERVATION
002490.SZ,2025-10-27,88a1e52d2fc4e4ea1b6c0d7ea6c3b646d22c0c005f76d20fac05a3cbedece5be,ACTIVE,POOL_OBSERVATION
002490.SZ,2025-10-28,88a1e52d2fc4e4ea1b6c0d7ea6c3b646d22c0c005f76d20fac05a3cbedece5be,ACTIVE,POOL_OBSERVATION
002490.SZ,2025-10-29,88a1e52d2fc4e4ea1b6c0d7ea6c3b646d22c0c005f76d20fac05a3cbedece5be,ACTIVE,POOL_OBSERVATION
002490.SZ,2025-10-30,88a1e52d2fc4e4ea1b6c0d7ea6c3b646d22c0c005f76d20fac05a3cbedece5be,ACTIVE,POOL_OBSERVATION
002490.SZ,2025-10-31,88a1e52d2fc4e4ea1b6c0d7ea6c3b646d22c0c005f76d20fac05a3cbedece5be,EXPIRED,POOL_EXPIRED
002491.SZ,2026-05-12,b5f3ca352855f5dd70ffada635a317547cc1917252fff174668b1a46c7d87539,ACTIVE,POOL_ADMISSION
002491.SZ,2026-05-13,b5f3ca352855f5dd70ffada635a317547cc1917252fff174668b1a46c7d87539,ACTIVE,POOL_OBSERVATION
002491.SZ,2026-05-14,b5f3ca352855f5dd70ffada635a317547cc1917252fff174668b1a46c7d87539,ACTIVE,POOL_OBSERVATION
002491.SZ,2026-05-15,b5f3ca352855f5dd70ffada635a317547cc1917252fff174668b1a46c7d87539,ACTIVE,POOL_OBSERVATION
002491.SZ,2026-05-18,b5f3ca352855f5dd70ffada635a317547cc1917252fff174668b1a46c7d87539,ACTIVE,POOL_OBSERVATION
002491.SZ,2026-05-19,b5f3ca352855f5dd70ffada635a317547cc1917252fff174668b1a46c7d87539,ACTIVE,POOL_OBSERVATION
002491.SZ,2026-05-20,b5f3ca352855f5dd70ffada635a317547cc1917252fff174668b1a46c7d87539,EXPIRED,POOL_EXPIRED
002498.SZ,2026-02-25,449c096b28f1df751c3245e96d1a0776d54603d90ff3c1ee236c5f020e093f14,ACTIVE,POOL_ADMISSION
002498.SZ,2026-02-26,449c096b28f1df751c3245e96d1a0776d54603d90ff3c1ee236c5f020e093f14,ACTIVE,POOL_OBSERVATION
002498.SZ,2026-02-27,449c096b28f1df751c3245e96d1a0776d54603d90ff3c1ee236c5f020e093f14,ACTIVE,POOL_OBSERVATION
002498.SZ,2026-03-02,449c096b28f1df751c3245e96d1a0776d54603d90ff3c1ee236c5f020e093f14,ACTIVE,POOL_OBSERVATION
002498.SZ,2026-03-03,449c096b28f1df751c3245e96d1a0776d54603d90ff3c1ee236c5f020e093f14,ACTIVE,POOL_OBSERVATION
002498.SZ,2026-03-04,449c096b28f1df751c3245e96d1a0776d54603d90ff3c1ee236c5f020e093f14,ACTIVE,POOL_OBSERVATION
002498.SZ,2026-03-05,449c096b28f1df751c3245e96d1a0776d54603d90ff3c1ee236c5f020e093f14,SIGNALLED,ENTRY_SIGNAL
002498.SZ,2026-03-06,449c096b28f1df751c3245e96d1a0776d54603d90ff3c1ee236c5f020e093f14,EXPIRED,PENDING_SIGNAL_HORIZON_EXPIRED
002501.SZ,2025-02-26,cf208fb3651d4ee335b81e58f4ca34afe6c874d640bc584fce8893c9c42456c3,ACTIVE,POOL_ADMISSION
002501.SZ,2025-02-27,cf208fb3651d4ee335b81e58f4ca34afe6c874d640bc584fce8893c9c42456c3,ACTIVE,POOL_OBSERVATION
002501.SZ,2025-02-28,cf208fb3651d4ee335b81e58f4ca34afe6c874d640bc584fce8893c9c42456c3,ACTIVE,POOL_OBSERVATION
002501.SZ,2025-03-03,cf208fb3651d4ee335b81e58f4ca34afe6c874d640bc584fce8893c9c42456c3,ACTIVE,POOL_OBSERVATION
002501.SZ,2025-03-04,cf208fb3651d4ee335b81e58f4ca34afe6c874d640bc584fce8893c9c42456c3,ACTIVE,POOL_OBSERVATION
002501.SZ,2025-03-05,cf208fb3651d4ee335b81e58f4ca34afe6c874d640bc584fce8893c9c42456c3,ACTIVE,POOL_OBSERVATION
002501.SZ,2025-03-06,cf208fb3651d4ee335b81e58f4ca34afe6c874d640bc584fce8893c9c42456c3,EXPIRED,POOL_EXPIRED
002506.SZ,2026-02-09,82596fcf31d4dce52ae4c0cdb223ba1e77d93c97e5849373ceb3edcca3cd71f7,ACTIVE,POOL_ADMISSION
002506.SZ,2026-02-10,82596fcf31d4dce52ae4c0cdb223ba1e77d93c97e5849373ceb3edcca3cd71f7,ACTIVE,POOL_OBSERVATION
002506.SZ,2026-02-11,82596fcf31d4dce52ae4c0cdb223ba1e77d93c97e5849373ceb3edcca3cd71f7,ACTIVE,POOL_OBSERVATION
002506.SZ,2026-02-12,82596fcf31d4dce52ae4c0cdb223ba1e77d93c97e5849373ceb3edcca3cd71f7,ACTIVE,POOL_OBSERVATION
002506.SZ,2026-02-13,82596fcf31d4dce52ae4c0cdb223ba1e77d93c97e5849373ceb3edcca3cd71f7,ACTIVE,POOL_OBSERVATION
002506.SZ,2026-02-24,82596fcf31d4dce52ae4c0cdb223ba1e77d93c97e5849373ceb3edcca3cd71f7,ACTIVE,POOL_OBSERVATION
002506.SZ,2026-02-25,82596fcf31d4dce52ae4c0cdb223ba1e77d93c97e5849373ceb3edcca3cd71f7,EXPIRED,POOL_EXPIRED
002510.SZ,2024-11-11,02f2b724e561309adc66818de3286462136e558f5f3ef1840f84b80c06b89b84,ACTIVE,POOL_ADMISSION
002510.SZ,2024-11-12,02f2b724e561309adc66818de3286462136e558f5f3ef1840f84b80c06b89b84,ACTIVE,POOL_OBSERVATION
002510.SZ,2024-11-13,02f2b724e561309adc66818de3286462136e558f5f3ef1840f84b80c06b89b84,ACTIVE,POOL_OBSERVATION
002510.SZ,2024-11-14,02f2b724e561309adc66818de3286462136e558f5f3ef1840f84b80c06b89b84,ACTIVE,POOL_OBSERVATION
002510.SZ,2024-11-15,02f2b724e561309adc66818de3286462136e558f5f3ef1840f84b80c06b89b84,ACTIVE,POOL_OBSERVATION
002510.SZ,2024-11-18,02f2b724e561309adc66818de3286462136e558f5f3ef1840f84b80c06b89b84,ACTIVE,POOL_OBSERVATION
002510.SZ,2024-11-19,02f2b724e561309adc66818de3286462136e558f5f3ef1840f84b80c06b89b84,EXPIRED,POOL_EXPIRED
002510.SZ,2025-05-21,2d2287cfcba2830117ff6e4d9c5dfb54b1d63678132bfbd560e3ae87d51826ca,ACTIVE,POOL_ADMISSION
002510.SZ,2025-05-22,2d2287cfcba2830117ff6e4d9c5dfb54b1d63678132bfbd560e3ae87d51826ca,ACTIVE,POOL_OBSERVATION
002510.SZ,2025-05-23,2d2287cfcba2830117ff6e4d9c5dfb54b1d63678132bfbd560e3ae87d51826ca,ACTIVE,POOL_OBSERVATION
002510.SZ,2025-05-26,2d2287cfcba2830117ff6e4d9c5dfb54b1d63678132bfbd560e3ae87d51826ca,ACTIVE,POOL_OBSERVATION
002510.SZ,2025-05-27,2d2287cfcba2830117ff6e4d9c5dfb54b1d63678132bfbd560e3ae87d51826ca,ACTIVE,POOL_OBSERVATION
002510.SZ,2025-05-28,2d2287cfcba2830117ff6e4d9c5dfb54b1d63678132bfbd560e3ae87d51826ca,ACTIVE,POOL_OBSERVATION
002510.SZ,2025-05-29,2d2287cfcba2830117ff6e4d9c5dfb54b1d63678132bfbd560e3ae87d51826ca,EXPIRED,POOL_EXPIRED
002512.SZ,2025-10-28,2027be48bff1c9b34b7cd475ef00188b48920ded604e9580970e0976432fc5e6,ACTIVE,POOL_ADMISSION
002512.SZ,2025-10-29,2027be48bff1c9b34b7cd475ef00188b48920ded604e9580970e0976432fc5e6,ACTIVE,POOL_OBSERVATION
002512.SZ,2025-10-30,2027be48bff1c9b34b7cd475ef00188b48920ded604e9580970e0976432fc5e6,SIGNALLED,ENTRY_SIGNAL
002512.SZ,2025-10-31,2027be48bff1c9b34b7cd475ef00188b48920ded604e9580970e0976432fc5e6,SIGNALLED,EXECUTION_PENDING
002512.SZ,2025-11-03,2027be48bff1c9b34b7cd475ef00188b48920ded604e9580970e0976432fc5e6,SIGNALLED,EXECUTION_PENDING
002512.SZ,2025-11-04,2027be48bff1c9b34b7cd475ef00188b48920ded604e9580970e0976432fc5e6,SIGNALLED,EXECUTION_PENDING
002512.SZ,2025-11-05,2027be48bff1c9b34b7cd475ef00188b48920ded604e9580970e0976432fc5e6,EXPIRED,PENDING_SIGNAL_HORIZON_EXPIRED
002513.SZ,2024-11-05,869b4976cf5294d16e8f049c161efbe7afcdfa1c8a84f48091b9176b3fc85533,ACTIVE,POOL_ADMISSION
002513.SZ,2024-11-06,869b4976cf5294d16e8f049c161efbe7afcdfa1c8a84f48091b9176b3fc85533,ACTIVE,POOL_OBSERVATION
002513.SZ,2024-11-07,869b4976cf5294d16e8f049c161efbe7afcdfa1c8a84f48091b9176b3fc85533,ACTIVE,POOL_OBSERVATION
002513.SZ,2024-11-08,869b4976cf5294d16e8f049c161efbe7afcdfa1c8a84f48091b9176b3fc85533,ACTIVE,POOL_OBSERVATION
002513.SZ,2024-11-11,869b4976cf5294d16e8f049c161efbe7afcdfa1c8a84f48091b9176b3fc85533,ACTIVE,POOL_OBSERVATION
002513.SZ,2024-11-12,869b4976cf5294d16e8f049c161efbe7afcdfa1c8a84f48091b9176b3fc85533,ACTIVE,POOL_OBSERVATION
002513.SZ,2024-11-13,869b4976cf5294d16e8f049c161efbe7afcdfa1c8a84f48091b9176b3fc85533,EXPIRED,POOL_EXPIRED
002513.SZ,2025-09-25,eaf057241feabd48cc67651d40583c0fbd4a4de79bada6b1b300ecdc5da60616,ACTIVE,POOL_ADMISSION
002513.SZ,2025-09-26,eaf057241feabd48cc67651d40583c0fbd4a4de79bada6b1b300ecdc5da60616,ACTIVE,POOL_OBSERVATION
002513.SZ,2025-09-29,eaf057241feabd48cc67651d40583c0fbd4a4de79bada6b1b300ecdc5da60616,ACTIVE,POOL_OBSERVATION
002513.SZ,2025-09-30,eaf057241feabd48cc67651d40583c0fbd4a4de79bada6b1b300ecdc5da60616,ACTIVE,POOL_OBSERVATION
002513.SZ,2025-10-09,eaf057241feabd48cc67651d40583c0fbd4a4de79bada6b1b300ecdc5da60616,ACTIVE,POOL_OBSERVATION
002513.SZ,2025-10-10,eaf057241feabd48cc67651d40583c0fbd4a4de79bada6b1b300ecdc5da60616,ACTIVE,POOL_OBSERVATION
002513.SZ,2025-10-13,eaf057241feabd48cc67651d40583c0fbd4a4de79bada6b1b300ecdc5da60616,EXPIRED,POOL_EXPIRED
002514.SZ,2024-09-02,666752003cf554cedd66fc5e50a5f5e630be031441eb8fbc7f95aa6c7029e059,ACTIVE,POOL_ADMISSION
002514.SZ,2024-09-03,666752003cf554cedd66fc5e50a5f5e630be031441eb8fbc7f95aa6c7029e059,ACTIVE,POOL_OBSERVATION
002514.SZ,2024-09-04,666752003cf554cedd66fc5e50a5f5e630be031441eb8fbc7f95aa6c7029e059,ACTIVE,POOL_OBSERVATION
002514.SZ,2024-09-05,666752003cf554cedd66fc5e50a5f5e630be031441eb8fbc7f95aa6c7029e059,ACTIVE,POOL_OBSERVATION
002514.SZ,2024-09-06,666752003cf554cedd66fc5e50a5f5e630be031441eb8fbc7f95aa6c7029e059,ACTIVE,POOL_OBSERVATION
002514.SZ,2024-09-09,666752003cf554cedd66fc5e50a5f5e630be031441eb8fbc7f95aa6c7029e059,ACTIVE,POOL_OBSERVATION
002514.SZ,2024-09-10,666752003cf554cedd66fc5e50a5f5e630be031441eb8fbc7f95aa6c7029e059,EXPIRED,POOL_EXPIRED
002514.SZ,2024-10-25,0ec45f387a45039f33fd9e169781c842f8df76bb06c7b604ae5cee621732187c,ACTIVE,POOL_ADMISSION
002514.SZ,2024-10-28,0ec45f387a45039f33fd9e169781c842f8df76bb06c7b604ae5cee621732187c,ACTIVE,POOL_OBSERVATION
002514.SZ,2024-10-29,0ec45f387a45039f33fd9e169781c842f8df76bb06c7b604ae5cee621732187c,ACTIVE,POOL_OBSERVATION
002514.SZ,2024-10-30,0ec45f387a45039f33fd9e169781c842f8df76bb06c7b604ae5cee621732187c,SIGNALLED,ENTRY_SIGNAL
002514.SZ,2024-10-31,0ec45f387a45039f33fd9e169781c842f8df76bb06c7b604ae5cee621732187c,SIGNALLED,EXECUTION_PENDING
002514.SZ,2024-11-01,0ec45f387a45039f33fd9e169781c842f8df76bb06c7b604ae5cee621732187c,SIGNALLED,EXECUTION_PENDING
002514.SZ,2024-11-04,0ec45f387a45039f33fd9e169781c842f8df76bb06c7b604ae5cee621732187c,EXPIRED,PENDING_SIGNAL_HORIZON_EXPIRED
002519.SZ,2026-01-08,6585ebc9a9222fa765c4ffb1932c5550e84dd75cc80252983b4436d73d6d35ae,ACTIVE,POOL_ADMISSION
002519.SZ,2026-01-09,6585ebc9a9222fa765c4ffb1932c5550e84dd75cc80252983b4436d73d6d35ae,ACTIVE,POOL_OBSERVATION
002519.SZ,2026-01-12,6585ebc9a9222fa765c4ffb1932c5550e84dd75cc80252983b4436d73d6d35ae,ACTIVE,POOL_OBSERVATION
002519.SZ,2026-01-13,6585ebc9a9222fa765c4ffb1932c5550e84dd75cc80252983b4436d73d6d35ae,ACTIVE,POOL_OBSERVATION
002519.SZ,2026-01-14,6585ebc9a9222fa765c4ffb1932c5550e84dd75cc80252983b4436d73d6d35ae,SIGNALLED,ENTRY_SIGNAL
002519.SZ,2026-01-15,6585ebc9a9222fa765c4ffb1932c5550e84dd75cc80252983b4436d73d6d35ae,SIGNALLED,EXECUTION_PENDING
002519.SZ,2026-01-16,6585ebc9a9222fa765c4ffb1932c5550e84dd75cc80252983b4436d73d6d35ae,EXPIRED,PENDING_SIGNAL_HORIZON_EXPIRED
002520.SZ,2024-09-06,ceb9be4325bbcb999c1abab8c2fbb018d82d1a3a199ebab52f2f764c6250a7a6,ACTIVE,POOL_ADMISSION
002520.SZ,2024-09-09,ceb9be4325bbcb999c1abab8c2fbb018d82d1a3a199ebab52f2f764c6250a7a6,ACTIVE,POOL_OBSERVATION
002520.SZ,2024-09-10,ceb9be4325bbcb999c1abab8c2fbb018d82d1a3a199ebab52f2f764c6250a7a6,ACTIVE,POOL_OBSERVATION
002520.SZ,2024-09-11,ceb9be4325bbcb999c1abab8c2fbb018d82d1a3a199ebab52f2f764c6250a7a6,ACTIVE,POOL_OBSERVATION
002520.SZ,2024-09-12,ceb9be4325bbcb999c1abab8c2fbb018d82d1a3a199ebab52f2f764c6250a7a6,ACTIVE,POOL_OBSERVATION
002520.SZ,2024-09-13,ceb9be4325bbcb999c1abab8c2fbb018d82d1a3a199ebab52f2f764c6250a7a6,ACTIVE,POOL_OBSERVATION
002520.SZ,2024-09-18,ceb9be4325bbcb999c1abab8c2fbb018d82d1a3a199ebab52f2f764c6250a7a6,EXPIRED,POOL_EXPIRED
002520.SZ,2024-12-04,c7a3f5af903c0bd129a8aa68583fc674fc451d501fa6e36aa037d98880059085,ACTIVE,POOL_ADMISSION
002520.SZ,2024-12-05,c7a3f5af903c0bd129a8aa68583fc674fc451d501fa6e36aa037d98880059085,ACTIVE,POOL_OBSERVATION
002520.SZ,2024-12-06,c7a3f5af903c0bd129a8aa68583fc674fc451d501fa6e36aa037d98880059085,ACTIVE,POOL_OBSERVATION
002520.SZ,2024-12-09,c7a3f5af903c0bd129a8aa68583fc674fc451d501fa6e36aa037d98880059085,ACTIVE,POOL_OBSERVATION
002520.SZ,2024-12-10,c7a3f5af903c0bd129a8aa68583fc674fc451d501fa6e36aa037d98880059085,ACTIVE,POOL_OBSERVATION
002520.SZ,2024-12-11,c7a3f5af903c0bd129a8aa68583fc674fc451d501fa6e36aa037d98880059085,ACTIVE,POOL_OBSERVATION
002520.SZ,2024-12-12,c7a3f5af903c0bd129a8aa68583fc674fc451d501fa6e36aa037d98880059085,EXPIRED,POOL_EXPIRED
002522.SZ,2025-02-24,30d9d6c5d433b4321c7a390d332f3e013af81a5c76ca7e4e2d26f57b5fb5bbc2,ACTIVE,POOL_ADMISSION
002522.SZ,2025-02-25,30d9d6c5d433b4321c7a390d332f3e013af81a5c76ca7e4e2d26f57b5fb5bbc2,ACTIVE,POOL_OBSERVATION
002522.SZ,2025-02-26,30d9d6c5d433b4321c7a390d332f3e013af81a5c76ca7e4e2d26f57b5fb5bbc2,ACTIVE,POOL_OBSERVATION
002522.SZ,2025-02-27,30d9d6c5d433b4321c7a390d332f3e013af81a5c76ca7e4e2d26f57b5fb5bbc2,SIGNALLED,ENTRY_SIGNAL
002522.SZ,2025-02-28,30d9d6c5d433b4321c7a390d332f3e013af81a5c76ca7e4e2d26f57b5fb5bbc2,SIGNALLED,EXECUTION_PENDING
002522.SZ,2025-03-03,30d9d6c5d433b4321c7a390d332f3e013af81a5c76ca7e4e2d26f57b5fb5bbc2,SIGNALLED,EXECUTION_PENDING
002522.SZ,2025-03-04,30d9d6c5d433b4321c7a390d332f3e013af81a5c76ca7e4e2d26f57b5fb5bbc2,EXPIRED,PENDING_SIGNAL_HORIZON_EXPIRED
002523.SZ,2024-12-10,621f235cbf2dcaf7ddd6c226844948a761ea51535a6b5f6dd2adf1a7a6bfc092,ACTIVE,POOL_ADMISSION
002523.SZ,2024-12-11,621f235cbf2dcaf7ddd6c226844948a761ea51535a6b5f6dd2adf1a7a6bfc092,ACTIVE,POOL_OBSERVATION
002523.SZ,2024-12-12,621f235cbf2dcaf7ddd6c226844948a761ea51535a6b5f6dd2adf1a7a6bfc092,ACTIVE,POOL_OBSERVATION
002523.SZ,2024-12-13,621f235cbf2dcaf7ddd6c226844948a761ea51535a6b5f6dd2adf1a7a6bfc092,SIGNALLED,ENTRY_SIGNAL
002523.SZ,2024-12-16,621f235cbf2dcaf7ddd6c226844948a761ea51535a6b5f6dd2adf1a7a6bfc092,SIGNALLED,EXECUTION_PENDING
002523.SZ,2024-12-17,621f235cbf2dcaf7ddd6c226844948a761ea51535a6b5f6dd2adf1a7a6bfc092,SIGNALLED,EXECUTION_PENDING
002523.SZ,2024-12-18,621f235cbf2dcaf7ddd6c226844948a761ea51535a6b5f6dd2adf1a7a6bfc092,EXPIRED,PENDING_SIGNAL_HORIZON_EXPIRED
002526.SZ,2024-12-02,b9cbc79466d3eff4540e84f54e0311590c26afe21c1e3af747c1674e6f546be9,ACTIVE,POOL_ADMISSION
002526.SZ,2024-12-03,b9cbc79466d3eff4540e84f54e0311590c26afe21c1e3af747c1674e6f546be9,ACTIVE,POOL_OBSERVATION
002526.SZ,2024-12-04,b9cbc79466d3eff4540e84f54e0311590c26afe21c1e3af747c1674e6f546be9,ACTIVE,POOL_OBSERVATION
002526.SZ,2024-12-05,b9cbc79466d3eff4540e84f54e0311590c26afe21c1e3af747c1674e6f546be9,ACTIVE,POOL_OBSERVATION
002526.SZ,2024-12-06,b9cbc79466d3eff4540e84f54e0311590c26afe21c1e3af747c1674e6f546be9,ACTIVE,POOL_OBSERVATION
002526.SZ,2024-12-09,b9cbc79466d3eff4540e84f54e0311590c26afe21c1e3af747c1674e6f546be9,ACTIVE,POOL_OBSERVATION
002526.SZ,2024-12-10,b9cbc79466d3eff4540e84f54e0311590c26afe21c1e3af747c1674e6f546be9,SIGNALLED,ENTRY_SIGNAL
002526.SZ,2024-12-11,b9cbc79466d3eff4540e84f54e0311590c26afe21c1e3af747c1674e6f546be9,EXPIRED,PENDING_SIGNAL_HORIZON_EXPIRED
002527.SZ,2025-02-20,b0bbeea0d8b895c5936ad59730af1fd3f8401d11a81df111c1187d3aa4d91f13,ACTIVE,POOL_ADMISSION
002527.SZ,2025-02-21,b0bbeea0d8b895c5936ad59730af1fd3f8401d11a81df111c1187d3aa4d91f13,ACTIVE,POOL_OBSERVATION
002527.SZ,2025-02-24,b0bbeea0d8b895c5936ad59730af1fd3f8401d11a81df111c1187d3aa4d91f13,ACTIVE,POOL_OBSERVATION
002527.SZ,2025-02-25,b0bbeea0d8b895c5936ad59730af1fd3f8401d11a81df111c1187d3aa4d91f13,ACTIVE,POOL_OBSERVATION
002527.SZ,2025-02-26,b0bbeea0d8b895c5936ad59730af1fd3f8401d11a81df111c1187d3aa4d91f13,ACTIVE,POOL_OBSERVATION
002527.SZ,2025-02-27,b0bbeea0d8b895c5936ad59730af1fd3f8401d11a81df111c1187d3aa4d91f13,SIGNALLED,ENTRY_SIGNAL
002527.SZ,2025-02-28,b0bbeea0d8b895c5936ad59730af1fd3f8401d11a81df111c1187d3aa4d91f13,EXPIRED,PENDING_SIGNAL_HORIZON_EXPIRED
002529.SZ,2024-10-25,898e283927a20fa02113d485d5b6445cc62bea1a4c83ca039a62952b978ad59d,ACTIVE,POOL_ADMISSION
002529.SZ,2024-10-28,898e283927a20fa02113d485d5b6445cc62bea1a4c83ca039a62952b978ad59d,ACTIVE,POOL_OBSERVATION
002529.SZ,2024-10-29,898e283927a20fa02113d485d5b6445cc62bea1a4c83ca039a62952b978ad59d,ACTIVE,POOL_OBSERVATION
002529.SZ,2024-10-30,898e283927a20fa02113d485d5b6445cc62bea1a4c83ca039a62952b978ad59d,SIGNALLED,ENTRY_SIGNAL
002529.SZ,2024-10-31,898e283927a20fa02113d485d5b6445cc62bea1a4c83ca039a62952b978ad59d,SIGNALLED,EXECUTION_PENDING
002529.SZ,2024-11-01,898e283927a20fa02113d485d5b6445cc62bea1a4c83ca039a62952b978ad59d,SIGNALLED,EXECUTION_PENDING
002529.SZ,2024-11-04,898e283927a20fa02113d485d5b6445cc62bea1a4c83ca039a62952b978ad59d,EXPIRED,PENDING_SIGNAL_HORIZON_EXPIRED
002530.SZ,2024-12-10,d6b8abf760e99ef77bdd9430bfd678d86201a5e8576befd799fa608bd8249852,ACTIVE,POOL_ADMISSION
002530.SZ,2024-12-11,d6b8abf760e99ef77bdd9430bfd678d86201a5e8576befd799fa608bd8249852,ACTIVE,POOL_OBSERVATION
002530.SZ,2024-12-12,d6b8abf760e99ef77bdd9430bfd678d86201a5e8576befd799fa608bd8249852,ACTIVE,POOL_OBSERVATION
002530.SZ,2024-12-13,d6b8abf760e99ef77bdd9430bfd678d86201a5e8576befd799fa608bd8249852,ACTIVE,POOL_OBSERVATION
002530.SZ,2024-12-16,d6b8abf760e99ef77bdd9430bfd678d86201a5e8576befd799fa608bd8249852,ACTIVE,POOL_OBSERVATION
002530.SZ,2024-12-17,d6b8abf760e99ef77bdd9430bfd678d86201a5e8576befd799fa608bd8249852,ACTIVE,POOL_OBSERVATION
002530.SZ,2024-12-18,d6b8abf760e99ef77bdd9430bfd678d86201a5e8576befd799fa608bd8249852,EXPIRED,POOL_EXPIRED
002536.SZ,2025-08-18,5b5901065a78a0f7632ab9a90d8a7c1e0404a873b774e84271eb651eb2a2b41a,ACTIVE,POOL_ADMISSION
002536.SZ,2025-08-19,5b5901065a78a0f7632ab9a90d8a7c1e0404a873b774e84271eb651eb2a2b41a,ACTIVE,POOL_OBSERVATION
002536.SZ,2025-08-20,5b5901065a78a0f7632ab9a90d8a7c1e0404a873b774e84271eb651eb2a2b41a,SIGNALLED,ENTRY_SIGNAL
002536.SZ,2025-08-21,5b5901065a78a0f7632ab9a90d8a7c1e0404a873b774e84271eb651eb2a2b41a,SIGNALLED,EXECUTION_PENDING
002536.SZ,2025-08-22,5b5901065a78a0f7632ab9a90d8a7c1e0404a873b774e84271eb651eb2a2b41a,SIGNALLED,EXECUTION_PENDING
002536.SZ,2025-08-25,5b5901065a78a0f7632ab9a90d8a7c1e0404a873b774e84271eb651eb2a2b41a,SIGNALLED,EXECUTION_PENDING
002536.SZ,2025-08-26,5b5901065a78a0f7632ab9a90d8a7c1e0404a873b774e84271eb651eb2a2b41a,EXPIRED,PENDING_SIGNAL_HORIZON_EXPIRED
002537.SZ,2025-04-24,b3e20d4e3042de2a9b2686730073ecaa91e1f044d39d499296d3545a1459ea62,ACTIVE,POOL_ADMISSION
002537.SZ,2025-04-25,b3e20d4e3042de2a9b2686730073ecaa91e1f044d39d499296d3545a1459ea62,ACTIVE,POOL_OBSERVATION
002537.SZ,2025-04-28,b3e20d4e3042de2a9b2686730073ecaa91e1f044d39d499296d3545a1459ea62,ACTIVE,POOL_OBSERVATION
002537.SZ,2025-04-29,b3e20d4e3042de2a9b2686730073ecaa91e1f044d39d499296d3545a1459ea62,ACTIVE,POOL_OBSERVATION
002537.SZ,2025-04-30,b3e20d4e3042de2a9b2686730073ecaa91e1f044d39d499296d3545a1459ea62,ACTIVE,POOL_OBSERVATION
002537.SZ,2025-05-06,b3e20d4e3042de2a9b2686730073ecaa91e1f044d39d499296d3545a1459ea62,ACTIVE,POOL_OBSERVATION
002537.SZ,2025-05-07,b3e20d4e3042de2a9b2686730073ecaa91e1f044d39d499296d3545a1459ea62,EXPIRED,POOL_EXPIRED
002542.SZ,2024-10-22,4eafc0516acdb705eea5deba8d7e01a5bce33404064cfb69678e66fc74776070,ACTIVE,POOL_ADMISSION
002542.SZ,2024-10-23,4eafc0516acdb705eea5deba8d7e01a5bce33404064cfb69678e66fc74776070,ACTIVE,POOL_OBSERVATION
002542.SZ,2024-10-24,4eafc0516acdb705eea5deba8d7e01a5bce33404064cfb69678e66fc74776070,SIGNALLED,ENTRY_SIGNAL
002542.SZ,2024-10-25,4eafc0516acdb705eea5deba8d7e01a5bce33404064cfb69678e66fc74776070,SIGNALLED,EXECUTION_PENDING
002542.SZ,2024-10-28,4eafc0516acdb705eea5deba8d7e01a5bce33404064cfb69678e66fc74776070,SIGNALLED,EXECUTION_PENDING
002542.SZ,2024-10-29,4eafc0516acdb705eea5deba8d7e01a5bce33404064cfb69678e66fc74776070,SIGNALLED,EXECUTION_PENDING
002542.SZ,2024-10-30,4eafc0516acdb705eea5deba8d7e01a5bce33404064cfb69678e66fc74776070,EXPIRED,PENDING_SIGNAL_HORIZON_EXPIRED
002542.SZ,2024-10-31,24247b5f74f8e97da240300ff70a458928cd9b01819ccbd51a6746b818afb150,ACTIVE,POOL_ADMISSION
002542.SZ,2024-11-01,24247b5f74f8e97da240300ff70a458928cd9b01819ccbd51a6746b818afb150,ACTIVE,POOL_OBSERVATION
002542.SZ,2024-11-04,24247b5f74f8e97da240300ff70a458928cd9b01819ccbd51a6746b818afb150,SIGNALLED,ENTRY_SIGNAL
002542.SZ,2024-11-05,24247b5f74f8e97da240300ff70a458928cd9b01819ccbd51a6746b818afb150,SIGNALLED,EXECUTION_PENDING
002542.SZ,2024-11-06,24247b5f74f8e97da240300ff70a458928cd9b01819ccbd51a6746b818afb150,SIGNALLED,EXECUTION_PENDING
002542.SZ,2024-11-07,24247b5f74f8e97da240300ff70a458928cd9b01819ccbd51a6746b818afb150,SIGNALLED,EXECUTION_PENDING
002542.SZ,2024-11-08,24247b5f74f8e97da240300ff70a458928cd9b01819ccbd51a6746b818afb150,EXPIRED,PENDING_SIGNAL_HORIZON_EXPIRED
002547.SZ,2024-11-11,69a35e8ea979c4d878752ffe3356297df66def62413fafb7cb025230a2f3cdb4,ACTIVE,POOL_ADMISSION
002547.SZ,2024-11-12,69a35e8ea979c4d878752ffe3356297df66def62413fafb7cb025230a2f3cdb4,ACTIVE,POOL_OBSERVATION
002547.SZ,2024-11-13,69a35e8ea979c4d878752ffe3356297df66def62413fafb7cb025230a2f3cdb4,SIGNALLED,ENTRY_SIGNAL
002547.SZ,2024-11-14,69a35e8ea979c4d878752ffe3356297df66def62413fafb7cb025230a2f3cdb4,SIGNALLED,EXECUTION_PENDING
002547.SZ,2024-11-15,69a35e8ea979c4d878752ffe3356297df66def62413fafb7cb025230a2f3cdb4,SIGNALLED,EXECUTION_PENDING
002547.SZ,2024-11-18,69a35e8ea979c4d878752ffe3356297df66def62413fafb7cb025230a2f3cdb4,SIGNALLED,EXECUTION_PENDING
002547.SZ,2024-11-19,69a35e8ea979c4d878752ffe3356297df66def62413fafb7cb025230a2f3cdb4,EXPIRED,PENDING_SIGNAL_HORIZON_EXPIRED
002549.SZ,2025-04-01,2d0a4d2d106742ad4f499d820ab88272c24269a8c94a16d4842f2406475410d9,ACTIVE,POOL_ADMISSION
002549.SZ,2025-04-02,2d0a4d2d106742ad4f499d820ab88272c24269a8c94a16d4842f2406475410d9,ACTIVE,POOL_OBSERVATION
002549.SZ,2025-04-03,2d0a4d2d106742ad4f499d820ab88272c24269a8c94a16d4842f2406475410d9,ACTIVE,POOL_OBSERVATION
002549.SZ,2025-04-07,2d0a4d2d106742ad4f499d820ab88272c24269a8c94a16d4842f2406475410d9,SIGNALLED,ENTRY_SIGNAL
002549.SZ,2025-04-08,2d0a4d2d106742ad4f499d820ab88272c24269a8c94a16d4842f2406475410d9,SIGNALLED,EXECUTION_PENDING
002549.SZ,2025-04-09,2d0a4d2d106742ad4f499d820ab88272c24269a8c94a16d4842f2406475410d9,SIGNALLED,EXECUTION_PENDING
002549.SZ,2025-04-10,2d0a4d2d106742ad4f499d820ab88272c24269a8c94a16d4842f2406475410d9,EXPIRED,PENDING_SIGNAL_HORIZON_EXPIRED
002549.SZ,2025-09-23,d41f09f6692d1b052afef72f93f47efde59aac354479ba61f9e8d64950cbc8b3,ACTIVE,POOL_ADMISSION
002549.SZ,2025-09-24,d41f09f6692d1b052afef72f93f47efde59aac354479ba61f9e8d64950cbc8b3,ACTIVE,POOL_OBSERVATION
002549.SZ,2025-09-25,d41f09f6692d1b052afef72f93f47efde59aac354479ba61f9e8d64950cbc8b3,ACTIVE,POOL_OBSERVATION
002549.SZ,2025-09-26,d41f09f6692d1b052afef72f93f47efde59aac354479ba61f9e8d64950cbc8b3,ACTIVE,POOL_OBSERVATION
002549.SZ,2025-09-29,d41f09f6692d1b052afef72f93f47efde59aac354479ba61f9e8d64950cbc8b3,ACTIVE,POOL_OBSERVATION
002549.SZ,2025-09-30,d41f09f6692d1b052afef72f93f47efde59aac354479ba61f9e8d64950cbc8b3,ACTIVE,POOL_OBSERVATION
002549.SZ,2025-10-09,d41f09f6692d1b052afef72f93f47efde59aac354479ba61f9e8d64950cbc8b3,EXPIRED,POOL_EXPIRED
002552.SZ,2026-05-12,50bf5dbe12e81d4a92c9041732cfb04a16224a75bf54e986f5a9a90e901b4438,ACTIVE,POOL_ADMISSION
002552.SZ,2026-05-13,50bf5dbe12e81d4a92c9041732cfb04a16224a75bf54e986f5a9a90e901b4438,ACTIVE,POOL_OBSERVATION
002552.SZ,2026-05-14,50bf5dbe12e81d4a92c9041732cfb04a16224a75bf54e986f5a9a90e901b4438,ACTIVE,POOL_OBSERVATION
002552.SZ,2026-05-15,50bf5dbe12e81d4a92c9041732cfb04a16224a75bf54e986f5a9a90e901b4438,ACTIVE,POOL_OBSERVATION
002552.SZ,2026-05-18,50bf5dbe12e81d4a92c9041732cfb04a16224a75bf54e986f5a9a90e901b4438,SIGNALLED,ENTRY_SIGNAL
002552.SZ,2026-05-19,50bf5dbe12e81d4a92c9041732cfb04a16224a75bf54e986f5a9a90e901b4438,SIGNALLED,EXECUTION_PENDING
002552.SZ,2026-05-20,50bf5dbe12e81d4a92c9041732cfb04a16224a75bf54e986f5a9a90e901b4438,EXPIRED,PENDING_SIGNAL_HORIZON_EXPIRED
002552.SZ,2026-05-28,b189b43d265ab319bc3a055572429485d477cbe2dc4f6c66a3dac8d733941853,ACTIVE,POOL_ADMISSION
002552.SZ,2026-05-29,b189b43d265ab319bc3a055572429485d477cbe2dc4f6c66a3dac8d733941853,ACTIVE,POOL_OBSERVATION
002552.SZ,2026-06-01,b189b43d265ab319bc3a055572429485d477cbe2dc4f6c66a3dac8d733941853,SIGNALLED,ENTRY_SIGNAL
002552.SZ,2026-06-02,b189b43d265ab319bc3a055572429485d477cbe2dc4f6c66a3dac8d733941853,SIGNALLED,EXECUTION_PENDING
002552.SZ,2026-06-03,b189b43d265ab319bc3a055572429485d477cbe2dc4f6c66a3dac8d733941853,SIGNALLED,EXECUTION_PENDING
002552.SZ,2026-06-04,b189b43d265ab319bc3a055572429485d477cbe2dc4f6c66a3dac8d733941853,SIGNALLED,EXECUTION_PENDING
002552.SZ,2026-06-05,b189b43d265ab319bc3a055572429485d477cbe2dc4f6c66a3dac8d733941853,EXPIRED,PENDING_SIGNAL_HORIZON_EXPIRED
002553.SZ,2025-03-21,584916b8e379a7081e1ea7068cabd3e237930e4035171e7127503427246a1842,ACTIVE,POOL_ADMISSION
002553.SZ,2025-03-24,584916b8e379a7081e1ea7068cabd3e237930e4035171e7127503427246a1842,ACTIVE,POOL_OBSERVATION
002553.SZ,2025-03-25,584916b8e379a7081e1ea7068cabd3e237930e4035171e7127503427246a1842,SIGNALLED,ENTRY_SIGNAL
002553.SZ,2025-03-26,584916b8e379a7081e1ea7068cabd3e237930e4035171e7127503427246a1842,SIGNALLED,EXECUTION_PENDING
002553.SZ,2025-03-27,584916b8e379a7081e1ea7068cabd3e237930e4035171e7127503427246a1842,SIGNALLED,EXECUTION_PENDING
002553.SZ,2025-03-28,584916b8e379a7081e1ea7068cabd3e237930e4035171e7127503427246a1842,SIGNALLED,EXECUTION_PENDING
002553.SZ,2025-03-31,584916b8e379a7081e1ea7068cabd3e237930e4035171e7127503427246a1842,EXPIRED,PENDING_SIGNAL_HORIZON_EXPIRED
002565.SZ,2025-12-03,34f0881a333a03bf450a6a5272c346c88ee326e54b83cfbcc2f5e190eb5d022a,ACTIVE,POOL_ADMISSION
002565.SZ,2025-12-04,34f0881a333a03bf450a6a5272c346c88ee326e54b83cfbcc2f5e190eb5d022a,ACTIVE,POOL_OBSERVATION
002565.SZ,2025-12-05,34f0881a333a03bf450a6a5272c346c88ee326e54b83cfbcc2f5e190eb5d022a,ACTIVE,POOL_OBSERVATION
002565.SZ,2025-12-08,34f0881a333a03bf450a6a5272c346c88ee326e54b83cfbcc2f5e190eb5d022a,ACTIVE,POOL_OBSERVATION
002565.SZ,2025-12-09,34f0881a333a03bf450a6a5272c346c88ee326e54b83cfbcc2f5e190eb5d022a,ACTIVE,POOL_OBSERVATION
002565.SZ,2025-12-10,34f0881a333a03bf450a6a5272c346c88ee326e54b83cfbcc2f5e190eb5d022a,ACTIVE,POOL_OBSERVATION
002565.SZ,2025-12-11,34f0881a333a03bf450a6a5272c346c88ee326e54b83cfbcc2f5e190eb5d022a,SIGNALLED,ENTRY_SIGNAL
002565.SZ,2025-12-12,34f0881a333a03bf450a6a5272c346c88ee326e54b83cfbcc2f5e190eb5d022a,EXPIRED,PENDING_SIGNAL_HORIZON_EXPIRED
002570.SZ,2024-10-30,af0fea0577bc12a7978acb07c797f4b9696acd6471ed011dc62e2477c631a84a,ACTIVE,POOL_ADMISSION
002570.SZ,2024-10-31,af0fea0577bc12a7978acb07c797f4b9696acd6471ed011dc62e2477c631a84a,ACTIVE,POOL_OBSERVATION
002570.SZ,2024-11-01,af0fea0577bc12a7978acb07c797f4b9696acd6471ed011dc62e2477c631a84a,ACTIVE,POOL_OBSERVATION
002570.SZ,2024-11-04,af0fea0577bc12a7978acb07c797f4b9696acd6471ed011dc62e2477c631a84a,ACTIVE,POOL_OBSERVATION
002570.SZ,2024-11-05,af0fea0577bc12a7978acb07c797f4b9696acd6471ed011dc62e2477c631a84a,ACTIVE,POOL_OBSERVATION
002570.SZ,2024-11-06,af0fea0577bc12a7978acb07c797f4b9696acd6471ed011dc62e2477c631a84a,ACTIVE,POOL_OBSERVATION
002570.SZ,2024-11-07,af0fea0577bc12a7978acb07c797f4b9696acd6471ed011dc62e2477c631a84a,EXPIRED,POOL_EXPIRED
002570.SZ,2025-04-11,3329b809b4dae417fc7af459d4e069f2f69dc72b4519e3f23cdeaf77a740da72,ACTIVE,POOL_ADMISSION
002570.SZ,2025-04-14,3329b809b4dae417fc7af459d4e069f2f69dc72b4519e3f23cdeaf77a740da72,ACTIVE,POOL_OBSERVATION
002570.SZ,2025-04-15,3329b809b4dae417fc7af459d4e069f2f69dc72b4519e3f23cdeaf77a740da72,ACTIVE,POOL_OBSERVATION
002570.SZ,2025-04-16,3329b809b4dae417fc7af459d4e069f2f69dc72b4519e3f23cdeaf77a740da72,SIGNALLED,ENTRY_SIGNAL
002570.SZ,2025-04-17,3329b809b4dae417fc7af459d4e069f2f69dc72b4519e3f23cdeaf77a740da72,SIGNALLED,EXECUTION_PENDING
002570.SZ,2025-04-18,3329b809b4dae417fc7af459d4e069f2f69dc72b4519e3f23cdeaf77a740da72,SIGNALLED,EXECUTION_PENDING
002570.SZ,2025-04-21,3329b809b4dae417fc7af459d4e069f2f69dc72b4519e3f23cdeaf77a740da72,EXPIRED,PENDING_SIGNAL_HORIZON_EXPIRED
002574.SZ,2025-03-14,07100232e3064a06645931b92b3f6199160ea046c53017d7d74e5f2fa9ff9f51,ACTIVE,POOL_ADMISSION
002574.SZ,2025-03-17,07100232e3064a06645931b92b3f6199160ea046c53017d7d74e5f2fa9ff9f51,ACTIVE,POOL_OBSERVATION
002574.SZ,2025-03-18,07100232e3064a06645931b92b3f6199160ea046c53017d7d74e5f2fa9ff9f51,SIGNALLED,ENTRY_SIGNAL
002574.SZ,2025-03-19,07100232e3064a06645931b92b3f6199160ea046c53017d7d74e5f2fa9ff9f51,SIGNALLED,EXECUTION_PENDING
002574.SZ,2025-03-20,07100232e3064a06645931b92b3f6199160ea046c53017d7d74e5f2fa9ff9f51,SIGNALLED,EXECUTION_PENDING
002574.SZ,2025-03-21,07100232e3064a06645931b92b3f6199160ea046c53017d7d74e5f2fa9ff9f51,SIGNALLED,EXECUTION_PENDING
002574.SZ,2025-03-24,07100232e3064a06645931b92b3f6199160ea046c53017d7d74e5f2fa9ff9f51,EXPIRED,PENDING_SIGNAL_HORIZON_EXPIRED
002579.SZ,2025-06-24,81fa86b95709344f42cf90b1b84a9abbfc5e8f5174ec098ecb589236b4868914,ACTIVE,POOL_ADMISSION
002579.SZ,2025-06-25,81fa86b95709344f42cf90b1b84a9abbfc5e8f5174ec098ecb589236b4868914,ACTIVE,POOL_OBSERVATION
002579.SZ,2025-06-26,81fa86b95709344f42cf90b1b84a9abbfc5e8f5174ec098ecb589236b4868914,ACTIVE,POOL_OBSERVATION
002579.SZ,2025-06-27,81fa86b95709344f42cf90b1b84a9abbfc5e8f5174ec098ecb589236b4868914,SIGNALLED,ENTRY_SIGNAL
002579.SZ,2025-06-30,81fa86b95709344f42cf90b1b84a9abbfc5e8f5174ec098ecb589236b4868914,SIGNALLED,EXECUTION_PENDING
002579.SZ,2025-07-01,81fa86b95709344f42cf90b1b84a9abbfc5e8f5174ec098ecb589236b4868914,SIGNALLED,EXECUTION_PENDING
002579.SZ,2025-07-02,81fa86b95709344f42cf90b1b84a9abbfc5e8f5174ec098ecb589236b4868914,EXPIRED,PENDING_SIGNAL_HORIZON_EXPIRED
002579.SZ,2026-06-01,123df5745a3777eb2b96ba014486d7125abd790993b295d1a50b5d61aeebb1a5,ACTIVE,POOL_ADMISSION
002579.SZ,2026-06-02,123df5745a3777eb2b96ba014486d7125abd790993b295d1a50b5d61aeebb1a5,ACTIVE,POOL_OBSERVATION
002579.SZ,2026-06-03,123df5745a3777eb2b96ba014486d7125abd790993b295d1a50b5d61aeebb1a5,ACTIVE,POOL_OBSERVATION
002579.SZ,2026-06-04,123df5745a3777eb2b96ba014486d7125abd790993b295d1a50b5d61aeebb1a5,SIGNALLED,ENTRY_SIGNAL
002579.SZ,2026-06-05,123df5745a3777eb2b96ba014486d7125abd790993b295d1a50b5d61aeebb1a5,SIGNALLED,EXECUTION_PENDING
002579.SZ,2026-06-08,123df5745a3777eb2b96ba014486d7125abd790993b295d1a50b5d61aeebb1a5,SIGNALLED,EXECUTION_PENDING
002579.SZ,2026-06-09,123df5745a3777eb2b96ba014486d7125abd790993b295d1a50b5d61aeebb1a5,EXPIRED,PENDING_SIGNAL_HORIZON_EXPIRED
002580.SZ,2025-02-26,297866f5568d3deb5a6c5e5f534f27053e0fe917854c0f453d919b785cd39f86,ACTIVE,POOL_ADMISSION
002580.SZ,2025-02-27,297866f5568d3deb5a6c5e5f534f27053e0fe917854c0f453d919b785cd39f86,ACTIVE,POOL_OBSERVATION
002580.SZ,2025-02-28,297866f5568d3deb5a6c5e5f534f27053e0fe917854c0f453d919b785cd39f86,ACTIVE,POOL_OBSERVATION
002580.SZ,2025-03-03,297866f5568d3deb5a6c5e5f534f27053e0fe917854c0f453d919b785cd39f86,ACTIVE,POOL_OBSERVATION
002580.SZ,2025-03-04,297866f5568d3deb5a6c5e5f534f27053e0fe917854c0f453d919b785cd39f86,SIGNALLED,ENTRY_SIGNAL
002580.SZ,2025-03-05,297866f5568d3deb5a6c5e5f534f27053e0fe917854c0f453d919b785cd39f86,SIGNALLED,EXECUTION_PENDING
002580.SZ,2025-03-06,297866f5568d3deb5a6c5e5f534f27053e0fe917854c0f453d919b785cd39f86,EXPIRED,PENDING_SIGNAL_HORIZON_EXPIRED
002580.SZ,2026-04-14,a5b415ca35909925f52cdb34d5021ffa3bbad2c7375bcca295569367c421f945,ACTIVE,POOL_ADMISSION
002580.SZ,2026-04-15,a5b415ca35909925f52cdb34d5021ffa3bbad2c7375bcca295569367c421f945,ACTIVE,POOL_OBSERVATION
002580.SZ,2026-04-16,a5b415ca35909925f52cdb34d5021ffa3bbad2c7375bcca295569367c421f945,ACTIVE,POOL_OBSERVATION
002580.SZ,2026-04-17,a5b415ca35909925f52cdb34d5021ffa3bbad2c7375bcca295569367c421f945,ACTIVE,POOL_OBSERVATION
002580.SZ,2026-04-20,a5b415ca35909925f52cdb34d5021ffa3bbad2c7375bcca295569367c421f945,ACTIVE,POOL_OBSERVATION
002580.SZ,2026-04-21,a5b415ca35909925f52cdb34d5021ffa3bbad2c7375bcca295569367c421f945,ACTIVE,POOL_OBSERVATION
002580.SZ,2026-04-22,a5b415ca35909925f52cdb34d5021ffa3bbad2c7375bcca295569367c421f945,EXPIRED,POOL_EXPIRED
002583.SZ,2024-09-24,41e5fa51d0c302a27b9d3f20ceb2fae07c07d2c4bc1627d2fbbc1fb20aedfae9,ACTIVE,POOL_ADMISSION
002583.SZ,2024-09-25,41e5fa51d0c302a27b9d3f20ceb2fae07c07d2c4bc1627d2fbbc1fb20aedfae9,ACTIVE,POOL_OBSERVATION
002583.SZ,2024-09-26,41e5fa51d0c302a27b9d3f20ceb2fae07c07d2c4bc1627d2fbbc1fb20aedfae9,ACTIVE,POOL_OBSERVATION
002583.SZ,2024-09-27,41e5fa51d0c302a27b9d3f20ceb2fae07c07d2c4bc1627d2fbbc1fb20aedfae9,ACTIVE,POOL_OBSERVATION
002583.SZ,2024-09-30,41e5fa51d0c302a27b9d3f20ceb2fae07c07d2c4bc1627d2fbbc1fb20aedfae9,ACTIVE,POOL_OBSERVATION
002583.SZ,2024-10-08,41e5fa51d0c302a27b9d3f20ceb2fae07c07d2c4bc1627d2fbbc1fb20aedfae9,ACTIVE,POOL_OBSERVATION
002583.SZ,2024-10-09,41e5fa51d0c302a27b9d3f20ceb2fae07c07d2c4bc1627d2fbbc1fb20aedfae9,EXPIRED,POOL_EXPIRED
002583.SZ,2024-10-11,1ec4fa748499a662c4a798953008d24cc96d264d5d0f746d2800e917acdcb161,ACTIVE,POOL_ADMISSION
002583.SZ,2024-10-14,1ec4fa748499a662c4a798953008d24cc96d264d5d0f746d2800e917acdcb161,SIGNALLED,ENTRY_SIGNAL
002583.SZ,2024-10-15,1ec4fa748499a662c4a798953008d24cc96d264d5d0f746d2800e917acdcb161,SIGNALLED,EXECUTION_PENDING
002583.SZ,2024-10-16,1ec4fa748499a662c4a798953008d24cc96d264d5d0f746d2800e917acdcb161,SIGNALLED,EXECUTION_PENDING
002583.SZ,2024-10-17,1ec4fa748499a662c4a798953008d24cc96d264d5d0f746d2800e917acdcb161,SIGNALLED,EXECUTION_PENDING
002583.SZ,2024-10-18,1ec4fa748499a662c4a798953008d24cc96d264d5d0f746d2800e917acdcb161,SIGNALLED,EXECUTION_PENDING
002583.SZ,2024-10-21,1ec4fa748499a662c4a798953008d24cc96d264d5d0f746d2800e917acdcb161,EXPIRED,PENDING_SIGNAL_HORIZON_EXPIRED
002583.SZ,2024-10-22,382594caab3d2d00bd11e467f4b58c4d0f4044a02f762e42aa21e2456c16e24e,ACTIVE,POOL_ADMISSION
002583.SZ,2024-10-23,382594caab3d2d00bd11e467f4b58c4d0f4044a02f762e42aa21e2456c16e24e,ACTIVE,POOL_OBSERVATION
002583.SZ,2024-10-24,382594caab3d2d00bd11e467f4b58c4d0f4044a02f762e42aa21e2456c16e24e,ACTIVE,POOL_OBSERVATION
002583.SZ,2024-10-25,382594caab3d2d00bd11e467f4b58c4d0f4044a02f762e42aa21e2456c16e24e,ACTIVE,POOL_OBSERVATION
002583.SZ,2024-10-28,382594caab3d2d00bd11e467f4b58c4d0f4044a02f762e42aa21e2456c16e24e,ACTIVE,POOL_OBSERVATION
002583.SZ,2024-10-29,382594caab3d2d00bd11e467f4b58c4d0f4044a02f762e42aa21e2456c16e24e,ACTIVE,POOL_OBSERVATION
002583.SZ,2024-10-30,382594caab3d2d00bd11e467f4b58c4d0f4044a02f762e42aa21e2456c16e24e,EXPIRED,POOL_EXPIRED
002583.SZ,2024-10-31,1fa5efd311e08768967c461f9c3a871b87302beb489c6c2b48600b70c71e81ff,ACTIVE,POOL_ADMISSION
002583.SZ,2024-11-01,1fa5efd311e08768967c461f9c3a871b87302beb489c6c2b48600b70c71e81ff,ACTIVE,POOL_OBSERVATION
002583.SZ,2024-11-04,1fa5efd311e08768967c461f9c3a871b87302beb489c6c2b48600b70c71e81ff,ACTIVE,POOL_OBSERVATION
002583.SZ,2024-11-05,1fa5efd311e08768967c461f9c3a871b87302beb489c6c2b48600b70c71e81ff,ACTIVE,POOL_OBSERVATION
002583.SZ,2024-11-06,1fa5efd311e08768967c461f9c3a871b87302beb489c6c2b48600b70c71e81ff,SIGNALLED,ENTRY_SIGNAL
002583.SZ,2024-11-07,1fa5efd311e08768967c461f9c3a871b87302beb489c6c2b48600b70c71e81ff,SIGNALLED,EXECUTION_PENDING
002583.SZ,2024-11-08,1fa5efd311e08768967c461f9c3a871b87302beb489c6c2b48600b70c71e81ff,EXPIRED,PENDING_SIGNAL_HORIZON_EXPIRED
002589.SZ,2025-12-08,ac6674ce07e21e5647aa70f2e08ee802813d0843945d629b9071c9f427a7744f,ACTIVE,POOL_ADMISSION
002589.SZ,2025-12-09,ac6674ce07e21e5647aa70f2e08ee802813d0843945d629b9071c9f427a7744f,ACTIVE,POOL_OBSERVATION
002589.SZ,2025-12-10,ac6674ce07e21e5647aa70f2e08ee802813d0843945d629b9071c9f427a7744f,ACTIVE,POOL_OBSERVATION
002589.SZ,2025-12-11,ac6674ce07e21e5647aa70f2e08ee802813d0843945d629b9071c9f427a7744f,ACTIVE,POOL_OBSERVATION
002589.SZ,2025-12-12,ac6674ce07e21e5647aa70f2e08ee802813d0843945d629b9071c9f427a7744f,ACTIVE,POOL_OBSERVATION
002589.SZ,2025-12-15,ac6674ce07e21e5647aa70f2e08ee802813d0843945d629b9071c9f427a7744f,ACTIVE,POOL_OBSERVATION
002589.SZ,2025-12-16,ac6674ce07e21e5647aa70f2e08ee802813d0843945d629b9071c9f427a7744f,EXPIRED,POOL_EXPIRED
002593.SZ,2024-12-02,18b1fede82b0724f94a1ebb89fbc09051a804973a2aa29ce53ccff8d51f15f28,ACTIVE,POOL_ADMISSION
002593.SZ,2024-12-03,18b1fede82b0724f94a1ebb89fbc09051a804973a2aa29ce53ccff8d51f15f28,ACTIVE,POOL_OBSERVATION
002593.SZ,2024-12-04,18b1fede82b0724f94a1ebb89fbc09051a804973a2aa29ce53ccff8d51f15f28,SIGNALLED,ENTRY_SIGNAL
002593.SZ,2024-12-05,18b1fede82b0724f94a1ebb89fbc09051a804973a2aa29ce53ccff8d51f15f28,SIGNALLED,EXECUTION_PENDING
002593.SZ,2024-12-06,18b1fede82b0724f94a1ebb89fbc09051a804973a2aa29ce53ccff8d51f15f28,SIGNALLED,EXECUTION_PENDING
002593.SZ,2024-12-09,18b1fede82b0724f94a1ebb89fbc09051a804973a2aa29ce53ccff8d51f15f28,SIGNALLED,EXECUTION_PENDING
002593.SZ,2024-12-10,18b1fede82b0724f94a1ebb89fbc09051a804973a2aa29ce53ccff8d51f15f28,EXPIRED,PENDING_SIGNAL_HORIZON_EXPIRED
002593.SZ,2024-12-11,1fa40e5154e24c2f210abf113ccbe02f93ccd5e3f9df9d12f6f54d01bfd9217f,ACTIVE,POOL_ADMISSION
002593.SZ,2024-12-12,1fa40e5154e24c2f210abf113ccbe02f93ccd5e3f9df9d12f6f54d01bfd9217f,ACTIVE,POOL_OBSERVATION
002593.SZ,2024-12-13,1fa40e5154e24c2f210abf113ccbe02f93ccd5e3f9df9d12f6f54d01bfd9217f,ACTIVE,POOL_OBSERVATION
002593.SZ,2024-12-16,1fa40e5154e24c2f210abf113ccbe02f93ccd5e3f9df9d12f6f54d01bfd9217f,ACTIVE,POOL_OBSERVATION
002593.SZ,2024-12-17,1fa40e5154e24c2f210abf113ccbe02f93ccd5e3f9df9d12f6f54d01bfd9217f,ACTIVE,POOL_OBSERVATION
002593.SZ,2024-12-18,1fa40e5154e24c2f210abf113ccbe02f93ccd5e3f9df9d12f6f54d01bfd9217f,ACTIVE,POOL_OBSERVATION
002593.SZ,2024-12-19,1fa40e5154e24c2f210abf113ccbe02f93ccd5e3f9df9d12f6f54d01bfd9217f,EXPIRED,POOL_EXPIRED
002599.SZ,2025-02-24,6a6548f3a63b699fd6ca3d5ea18182030252bceb8fb86ba7262dd41b24dbe03a,ACTIVE,POOL_ADMISSION
002599.SZ,2025-02-25,6a6548f3a63b699fd6ca3d5ea18182030252bceb8fb86ba7262dd41b24dbe03a,ACTIVE,POOL_OBSERVATION
002599.SZ,2025-02-26,6a6548f3a63b699fd6ca3d5ea18182030252bceb8fb86ba7262dd41b24dbe03a,SIGNALLED,ENTRY_SIGNAL
002599.SZ,2025-02-27,6a6548f3a63b699fd6ca3d5ea18182030252bceb8fb86ba7262dd41b24dbe03a,SIGNALLED,EXECUTION_PENDING
002599.SZ,2025-02-28,6a6548f3a63b699fd6ca3d5ea18182030252bceb8fb86ba7262dd41b24dbe03a,SIGNALLED,EXECUTION_PENDING
002599.SZ,2025-03-03,6a6548f3a63b699fd6ca3d5ea18182030252bceb8fb86ba7262dd41b24dbe03a,SIGNALLED,EXECUTION_PENDING
002599.SZ,2025-03-04,6a6548f3a63b699fd6ca3d5ea18182030252bceb8fb86ba7262dd41b24dbe03a,EXPIRED,PENDING_SIGNAL_HORIZON_EXPIRED
002607.SZ,2024-08-05,c87b79485b72f518458ac92ceb0f00497d6adebb3b4e3e361254eccaccd13ea3,ACTIVE,POOL_ADMISSION
002607.SZ,2024-08-06,c87b79485b72f518458ac92ceb0f00497d6adebb3b4e3e361254eccaccd13ea3,ACTIVE,POOL_OBSERVATION
002607.SZ,2024-08-07,c87b79485b72f518458ac92ceb0f00497d6adebb3b4e3e361254eccaccd13ea3,ACTIVE,POOL_OBSERVATION
002607.SZ,2024-08-08,c87b79485b72f518458ac92ceb0f00497d6adebb3b4e3e361254eccaccd13ea3,ACTIVE,POOL_OBSERVATION
002607.SZ,2024-08-09,c87b79485b72f518458ac92ceb0f00497d6adebb3b4e3e361254eccaccd13ea3,ACTIVE,POOL_OBSERVATION
002607.SZ,2024-08-12,c87b79485b72f518458ac92ceb0f00497d6adebb3b4e3e361254eccaccd13ea3,ACTIVE,POOL_OBSERVATION
002607.SZ,2024-08-13,c87b79485b72f518458ac92ceb0f00497d6adebb3b4e3e361254eccaccd13ea3,EXPIRED,POOL_EXPIRED
002611.SZ,2024-11-19,65deb244057a89e0cd771076d1ee4ef80c39fccfe2b7efb1fad5aafbfde741fd,ACTIVE,POOL_ADMISSION
002611.SZ,2024-11-20,65deb244057a89e0cd771076d1ee4ef80c39fccfe2b7efb1fad5aafbfde741fd,ACTIVE,POOL_OBSERVATION
002611.SZ,2024-11-21,65deb244057a89e0cd771076d1ee4ef80c39fccfe2b7efb1fad5aafbfde741fd,ACTIVE,POOL_OBSERVATION
002611.SZ,2024-11-22,65deb244057a89e0cd771076d1ee4ef80c39fccfe2b7efb1fad5aafbfde741fd,ACTIVE,POOL_OBSERVATION
002611.SZ,2024-11-25,65deb244057a89e0cd771076d1ee4ef80c39fccfe2b7efb1fad5aafbfde741fd,ACTIVE,POOL_OBSERVATION
002611.SZ,2024-11-26,65deb244057a89e0cd771076d1ee4ef80c39fccfe2b7efb1fad5aafbfde741fd,ACTIVE,POOL_OBSERVATION
002611.SZ,2024-11-27,65deb244057a89e0cd771076d1ee4ef80c39fccfe2b7efb1fad5aafbfde741fd,EXPIRED,POOL_EXPIRED
002623.SZ,2025-07-08,1be9a7d9dcf8b6aac3d3863c84795066512488741c8782d978f8684b531d7c66,SIGNALLED,ENTRY_SIGNAL
002623.SZ,2025-07-09,1be9a7d9dcf8b6aac3d3863c84795066512488741c8782d978f8684b531d7c66,SIGNALLED,EXECUTION_PENDING
002623.SZ,2025-07-10,1be9a7d9dcf8b6aac3d3863c84795066512488741c8782d978f8684b531d7c66,SIGNALLED,EXECUTION_PENDING
002623.SZ,2025-07-11,1be9a7d9dcf8b6aac3d3863c84795066512488741c8782d978f8684b531d7c66,SIGNALLED,EXECUTION_PENDING
002623.SZ,2025-07-14,1be9a7d9dcf8b6aac3d3863c84795066512488741c8782d978f8684b531d7c66,SIGNALLED,EXECUTION_PENDING
002623.SZ,2025-07-15,1be9a7d9dcf8b6aac3d3863c84795066512488741c8782d978f8684b531d7c66,SIGNALLED,EXECUTION_PENDING
002623.SZ,2025-07-16,1be9a7d9dcf8b6aac3d3863c84795066512488741c8782d978f8684b531d7c66,EXPIRED,PENDING_SIGNAL_HORIZON_EXPIRED
002628.SZ,2024-10-17,82021aa6de4465af7a77a20239f49e60d1d82b93392012021123c9ba00775f0f,ACTIVE,POOL_ADMISSION
002628.SZ,2024-10-18,82021aa6de4465af7a77a20239f49e60d1d82b93392012021123c9ba00775f0f,ACTIVE,POOL_OBSERVATION
002628.SZ,2024-10-21,82021aa6de4465af7a77a20239f49e60d1d82b93392012021123c9ba00775f0f,ACTIVE,POOL_OBSERVATION
002628.SZ,2024-10-22,82021aa6de4465af7a77a20239f49e60d1d82b93392012021123c9ba00775f0f,ACTIVE,POOL_OBSERVATION
002628.SZ,2024-10-23,82021aa6de4465af7a77a20239f49e60d1d82b93392012021123c9ba00775f0f,ACTIVE,POOL_OBSERVATION
002628.SZ,2024-10-24,82021aa6de4465af7a77a20239f49e60d1d82b93392012021123c9ba00775f0f,ACTIVE,POOL_OBSERVATION
002628.SZ,2024-10-25,82021aa6de4465af7a77a20239f49e60d1d82b93392012021123c9ba00775f0f,EXPIRED,POOL_EXPIRED
002632.SZ,2025-12-02,9ffa868ff70fbef875b45ee06aa68b140e3ed08cdafa6aafbbaecc393e8f0496,ACTIVE,POOL_ADMISSION
002632.SZ,2025-12-03,9ffa868ff70fbef875b45ee06aa68b140e3ed08cdafa6aafbbaecc393e8f0496,ACTIVE,POOL_OBSERVATION
002632.SZ,2025-12-04,9ffa868ff70fbef875b45ee06aa68b140e3ed08cdafa6aafbbaecc393e8f0496,ACTIVE,POOL_OBSERVATION
002632.SZ,2025-12-05,9ffa868ff70fbef875b45ee06aa68b140e3ed08cdafa6aafbbaecc393e8f0496,ACTIVE,POOL_OBSERVATION
002632.SZ,2025-12-08,9ffa868ff70fbef875b45ee06aa68b140e3ed08cdafa6aafbbaecc393e8f0496,SIGNALLED,ENTRY_SIGNAL
002632.SZ,2025-12-09,9ffa868ff70fbef875b45ee06aa68b140e3ed08cdafa6aafbbaecc393e8f0496,SIGNALLED,EXECUTION_PENDING
002632.SZ,2025-12-10,9ffa868ff70fbef875b45ee06aa68b140e3ed08cdafa6aafbbaecc393e8f0496,EXPIRED,PENDING_SIGNAL_HORIZON_EXPIRED
002633.SZ,2024-10-30,d236a1016029d73b10b44a3e61952fb575cc627054efc191604ce34b6aebf5b7,SIGNALLED,ENTRY_SIGNAL
002633.SZ,2024-10-31,d236a1016029d73b10b44a3e61952fb575cc627054efc191604ce34b6aebf5b7,SIGNALLED,EXECUTION_PENDING
002633.SZ,2024-11-01,d236a1016029d73b10b44a3e61952fb575cc627054efc191604ce34b6aebf5b7,SIGNALLED,EXECUTION_PENDING
002633.SZ,2024-11-04,d236a1016029d73b10b44a3e61952fb575cc627054efc191604ce34b6aebf5b7,SIGNALLED,EXECUTION_PENDING
002633.SZ,2024-11-05,d236a1016029d73b10b44a3e61952fb575cc627054efc191604ce34b6aebf5b7,SIGNALLED,EXECUTION_PENDING
002633.SZ,2024-11-06,d236a1016029d73b10b44a3e61952fb575cc627054efc191604ce34b6aebf5b7,SIGNALLED,EXECUTION_PENDING
002633.SZ,2024-11-07,d236a1016029d73b10b44a3e61952fb575cc627054efc191604ce34b6aebf5b7,EXPIRED,PENDING_SIGNAL_HORIZON_EXPIRED
002634.SZ,2024-10-30,6ce2982e9c8f79d668222c122fd4a790f2d5d9dc1d5de528da28a507a15fd7ab,SIGNALLED,ENTRY_SIGNAL
002634.SZ,2024-10-31,6ce2982e9c8f79d668222c122fd4a790f2d5d9dc1d5de528da28a507a15fd7ab,SIGNALLED,EXECUTION_PENDING
002634.SZ,2024-11-01,6ce2982e9c8f79d668222c122fd4a790f2d5d9dc1d5de528da28a507a15fd7ab,SIGNALLED,EXECUTION_PENDING
002634.SZ,2024-11-04,6ce2982e9c8f79d668222c122fd4a790f2d5d9dc1d5de528da28a507a15fd7ab,SIGNALLED,EXECUTION_PENDING
002634.SZ,2024-11-05,6ce2982e9c8f79d668222c122fd4a790f2d5d9dc1d5de528da28a507a15fd7ab,SIGNALLED,EXECUTION_PENDING
002634.SZ,2024-11-06,6ce2982e9c8f79d668222c122fd4a790f2d5d9dc1d5de528da28a507a15fd7ab,SIGNALLED,EXECUTION_PENDING
002634.SZ,2024-11-07,6ce2982e9c8f79d668222c122fd4a790f2d5d9dc1d5de528da28a507a15fd7ab,EXPIRED,PENDING_SIGNAL_HORIZON_EXPIRED
002636.SZ,2025-01-17,3d8bf96d90ca7fe130fe1fc012eee2619aeb3555a3abef22db8511a02faf30e4,ACTIVE,POOL_ADMISSION
002636.SZ,2025-01-20,3d8bf96d90ca7fe130fe1fc012eee2619aeb3555a3abef22db8511a02faf30e4,ACTIVE,POOL_OBSERVATION
002636.SZ,2025-01-21,3d8bf96d90ca7fe130fe1fc012eee2619aeb3555a3abef22db8511a02faf30e4,ACTIVE,POOL_OBSERVATION
002636.SZ,2025-01-22,3d8bf96d90ca7fe130fe1fc012eee2619aeb3555a3abef22db8511a02faf30e4,ACTIVE,POOL_OBSERVATION
002636.SZ,2025-01-23,3d8bf96d90ca7fe130fe1fc012eee2619aeb3555a3abef22db8511a02faf30e4,ACTIVE,POOL_OBSERVATION
002636.SZ,2025-01-24,3d8bf96d90ca7fe130fe1fc012eee2619aeb3555a3abef22db8511a02faf30e4,ACTIVE,POOL_OBSERVATION
002636.SZ,2025-01-27,3d8bf96d90ca7fe130fe1fc012eee2619aeb3555a3abef22db8511a02faf30e4,EXPIRED,POOL_EXPIRED
002636.SZ,2025-07-08,6c153c2bfe9eb6cbb4d60c6f7e59c23f3eae485e91d6b0fa4513e222d2a1db87,ACTIVE,POOL_ADMISSION
002636.SZ,2025-07-09,6c153c2bfe9eb6cbb4d60c6f7e59c23f3eae485e91d6b0fa4513e222d2a1db87,ACTIVE,POOL_OBSERVATION
002636.SZ,2025-07-10,6c153c2bfe9eb6cbb4d60c6f7e59c23f3eae485e91d6b0fa4513e222d2a1db87,ACTIVE,POOL_OBSERVATION
002636.SZ,2025-07-11,6c153c2bfe9eb6cbb4d60c6f7e59c23f3eae485e91d6b0fa4513e222d2a1db87,ACTIVE,POOL_OBSERVATION
002636.SZ,2025-07-14,6c153c2bfe9eb6cbb4d60c6f7e59c23f3eae485e91d6b0fa4513e222d2a1db87,ACTIVE,POOL_OBSERVATION
002636.SZ,2025-07-15,6c153c2bfe9eb6cbb4d60c6f7e59c23f3eae485e91d6b0fa4513e222d2a1db87,ACTIVE,POOL_OBSERVATION
002636.SZ,2025-07-16,6c153c2bfe9eb6cbb4d60c6f7e59c23f3eae485e91d6b0fa4513e222d2a1db87,EXPIRED,POOL_EXPIRED
002640.SZ,2024-09-10,ea08d5f5b608415dc524dd18f8e01c1b285a1f1c8f8899cbde882c5431168dca,ACTIVE,POOL_ADMISSION
002640.SZ,2024-09-11,ea08d5f5b608415dc524dd18f8e01c1b285a1f1c8f8899cbde882c5431168dca,ACTIVE,POOL_OBSERVATION
002640.SZ,2024-09-12,ea08d5f5b608415dc524dd18f8e01c1b285a1f1c8f8899cbde882c5431168dca,SIGNALLED,ENTRY_SIGNAL
002640.SZ,2024-09-13,ea08d5f5b608415dc524dd18f8e01c1b285a1f1c8f8899cbde882c5431168dca,SIGNALLED,EXECUTION_PENDING
002640.SZ,2024-09-18,ea08d5f5b608415dc524dd18f8e01c1b285a1f1c8f8899cbde882c5431168dca,SIGNALLED,EXECUTION_PENDING
002640.SZ,2024-09-19,ea08d5f5b608415dc524dd18f8e01c1b285a1f1c8f8899cbde882c5431168dca,SIGNALLED,EXECUTION_PENDING
002640.SZ,2024-09-20,ea08d5f5b608415dc524dd18f8e01c1b285a1f1c8f8899cbde882c5431168dca,EXPIRED,PENDING_SIGNAL_HORIZON_EXPIRED
002640.SZ,2024-09-30,133dc1178d485ffc4f89230aaafcdd7d80d6723edcaed79849645b7d1815d88c,ACTIVE,POOL_ADMISSION
002640.SZ,2024-10-08,133dc1178d485ffc4f89230aaafcdd7d80d6723edcaed79849645b7d1815d88c,ACTIVE,POOL_OBSERVATION
002640.SZ,2024-10-09,133dc1178d485ffc4f89230aaafcdd7d80d6723edcaed79849645b7d1815d88c,ACTIVE,POOL_OBSERVATION
002640.SZ,2024-10-10,133dc1178d485ffc4f89230aaafcdd7d80d6723edcaed79849645b7d1815d88c,ACTIVE,POOL_OBSERVATION
002640.SZ,2024-10-11,133dc1178d485ffc4f89230aaafcdd7d80d6723edcaed79849645b7d1815d88c,ACTIVE,POOL_OBSERVATION
002640.SZ,2024-10-14,133dc1178d485ffc4f89230aaafcdd7d80d6723edcaed79849645b7d1815d88c,ACTIVE,POOL_OBSERVATION
002640.SZ,2024-10-15,133dc1178d485ffc4f89230aaafcdd7d80d6723edcaed79849645b7d1815d88c,SIGNALLED,ENTRY_SIGNAL
002640.SZ,2024-10-16,133dc1178d485ffc4f89230aaafcdd7d80d6723edcaed79849645b7d1815d88c,EXPIRED,PENDING_SIGNAL_HORIZON_EXPIRED
002640.SZ,2024-11-28,85e920453acaaabd259c7dca68a093f7921e5edc90aedc43ca45be3610845645,ACTIVE,POOL_ADMISSION
002640.SZ,2024-11-29,85e920453acaaabd259c7dca68a093f7921e5edc90aedc43ca45be3610845645,ACTIVE,POOL_OBSERVATION
002640.SZ,2024-12-02,85e920453acaaabd259c7dca68a093f7921e5edc90aedc43ca45be3610845645,ACTIVE,POOL_OBSERVATION
002640.SZ,2024-12-03,85e920453acaaabd259c7dca68a093f7921e5edc90aedc43ca45be3610845645,ACTIVE,POOL_OBSERVATION
002640.SZ,2024-12-04,85e920453acaaabd259c7dca68a093f7921e5edc90aedc43ca45be3610845645,SIGNALLED,ENTRY_SIGNAL
002640.SZ,2024-12-05,85e920453acaaabd259c7dca68a093f7921e5edc90aedc43ca45be3610845645,SIGNALLED,EXECUTION_PENDING
002640.SZ,2024-12-06,85e920453acaaabd259c7dca68a093f7921e5edc90aedc43ca45be3610845645,EXPIRED,PENDING_SIGNAL_HORIZON_EXPIRED
002645.SZ,2025-07-16,b7318dec467532dc5b184ec66f960584050b25fef2c3f6877fa473dc57feb336,ACTIVE,POOL_ADMISSION
002645.SZ,2025-07-17,b7318dec467532dc5b184ec66f960584050b25fef2c3f6877fa473dc57feb336,ACTIVE,POOL_OBSERVATION
002645.SZ,2025-07-18,b7318dec467532dc5b184ec66f960584050b25fef2c3f6877fa473dc57feb336,SIGNALLED,ENTRY_SIGNAL
002645.SZ,2025-07-21,b7318dec467532dc5b184ec66f960584050b25fef2c3f6877fa473dc57feb336,SIGNALLED,EXECUTION_PENDING
002645.SZ,2025-07-22,b7318dec467532dc5b184ec66f960584050b25fef2c3f6877fa473dc57feb336,SIGNALLED,EXECUTION_PENDING
002645.SZ,2025-07-23,b7318dec467532dc5b184ec66f960584050b25fef2c3f6877fa473dc57feb336,SIGNALLED,EXECUTION_PENDING
002645.SZ,2025-07-24,b7318dec467532dc5b184ec66f960584050b25fef2c3f6877fa473dc57feb336,EXPIRED,PENDING_SIGNAL_HORIZON_EXPIRED
002651.SZ,2025-05-12,b22e06bd355d635c27249e68dc30bf6a1cf8abe54b6b040ecdbd3dbba50638f8,ACTIVE,POOL_ADMISSION
002651.SZ,2025-05-13,b22e06bd355d635c27249e68dc30bf6a1cf8abe54b6b040ecdbd3dbba50638f8,ACTIVE,POOL_OBSERVATION
002651.SZ,2025-05-14,b22e06bd355d635c27249e68dc30bf6a1cf8abe54b6b040ecdbd3dbba50638f8,ACTIVE,POOL_OBSERVATION
002651.SZ,2025-05-15,b22e06bd355d635c27249e68dc30bf6a1cf8abe54b6b040ecdbd3dbba50638f8,ACTIVE,POOL_OBSERVATION
002651.SZ,2025-05-16,b22e06bd355d635c27249e68dc30bf6a1cf8abe54b6b040ecdbd3dbba50638f8,ACTIVE,POOL_OBSERVATION
002651.SZ,2025-05-19,b22e06bd355d635c27249e68dc30bf6a1cf8abe54b6b040ecdbd3dbba50638f8,ACTIVE,POOL_OBSERVATION
002651.SZ,2025-05-20,b22e06bd355d635c27249e68dc30bf6a1cf8abe54b6b040ecdbd3dbba50638f8,EXPIRED,POOL_EXPIRED
002654.SZ,2024-10-29,1516e0ba29d0b2cf3ed1b618e2ea25956f668f6076ae88b8245de82e695369b0,ACTIVE,POOL_ADMISSION
002654.SZ,2024-10-30,1516e0ba29d0b2cf3ed1b618e2ea25956f668f6076ae88b8245de82e695369b0,ACTIVE,POOL_OBSERVATION
002654.SZ,2024-10-31,1516e0ba29d0b2cf3ed1b618e2ea25956f668f6076ae88b8245de82e695369b0,ACTIVE,POOL_OBSERVATION
002654.SZ,2024-11-01,1516e0ba29d0b2cf3ed1b618e2ea25956f668f6076ae88b8245de82e695369b0,ACTIVE,POOL_OBSERVATION
002654.SZ,2024-11-04,1516e0ba29d0b2cf3ed1b618e2ea25956f668f6076ae88b8245de82e695369b0,ACTIVE,POOL_OBSERVATION
002654.SZ,2024-11-05,1516e0ba29d0b2cf3ed1b618e2ea25956f668f6076ae88b8245de82e695369b0,ACTIVE,POOL_OBSERVATION
002654.SZ,2024-11-06,1516e0ba29d0b2cf3ed1b618e2ea25956f668f6076ae88b8245de82e695369b0,EXPIRED,POOL_EXPIRED
002657.SZ,2024-11-15,1b760301451e4c9411821fb4a6e3f711486e820a410578e966cad1ea1cb062da,ACTIVE,POOL_ADMISSION
002657.SZ,2024-11-18,1b760301451e4c9411821fb4a6e3f711486e820a410578e966cad1ea1cb062da,ACTIVE,POOL_OBSERVATION
002657.SZ,2024-11-19,1b760301451e4c9411821fb4a6e3f711486e820a410578e966cad1ea1cb062da,ACTIVE,POOL_OBSERVATION
002657.SZ,2024-11-20,1b760301451e4c9411821fb4a6e3f711486e820a410578e966cad1ea1cb062da,SIGNALLED,ENTRY_SIGNAL
002657.SZ,2024-11-21,1b760301451e4c9411821fb4a6e3f711486e820a410578e966cad1ea1cb062da,SIGNALLED,EXECUTION_PENDING
002657.SZ,2024-11-22,1b760301451e4c9411821fb4a6e3f711486e820a410578e966cad1ea1cb062da,SIGNALLED,EXECUTION_PENDING
002657.SZ,2024-11-25,1b760301451e4c9411821fb4a6e3f711486e820a410578e966cad1ea1cb062da,EXPIRED,PENDING_SIGNAL_HORIZON_EXPIRED
002658.SZ,2025-07-03,096f2294f2318a06999a2064103e9dd11af4a8047da512fe99751be5db2ee3ab,ACTIVE,POOL_ADMISSION
002658.SZ,2025-07-04,096f2294f2318a06999a2064103e9dd11af4a8047da512fe99751be5db2ee3ab,ACTIVE,POOL_OBSERVATION
002658.SZ,2025-07-07,096f2294f2318a06999a2064103e9dd11af4a8047da512fe99751be5db2ee3ab,ACTIVE,POOL_OBSERVATION
002658.SZ,2025-07-08,096f2294f2318a06999a2064103e9dd11af4a8047da512fe99751be5db2ee3ab,ACTIVE,POOL_OBSERVATION
002658.SZ,2025-07-09,096f2294f2318a06999a2064103e9dd11af4a8047da512fe99751be5db2ee3ab,ACTIVE,POOL_OBSERVATION
002658.SZ,2025-07-10,096f2294f2318a06999a2064103e9dd11af4a8047da512fe99751be5db2ee3ab,ACTIVE,POOL_OBSERVATION
002658.SZ,2025-07-11,096f2294f2318a06999a2064103e9dd11af4a8047da512fe99751be5db2ee3ab,EXPIRED,POOL_EXPIRED
002670.SZ,2024-12-13,376afb5445d4455a47e152da377457381aaa6511484730d287601a2949e6fd53,SIGNALLED,ENTRY_SIGNAL
002670.SZ,2024-12-16,376afb5445d4455a47e152da377457381aaa6511484730d287601a2949e6fd53,SIGNALLED,EXECUTION_PENDING
002670.SZ,2024-12-17,376afb5445d4455a47e152da377457381aaa6511484730d287601a2949e6fd53,SIGNALLED,EXECUTION_PENDING
002670.SZ,2024-12-18,376afb5445d4455a47e152da377457381aaa6511484730d287601a2949e6fd53,SIGNALLED,EXECUTION_PENDING
002670.SZ,2024-12-19,376afb5445d4455a47e152da377457381aaa6511484730d287601a2949e6fd53,SIGNALLED,EXECUTION_PENDING
002670.SZ,2024-12-20,376afb5445d4455a47e152da377457381aaa6511484730d287601a2949e6fd53,SIGNALLED,EXECUTION_PENDING
002670.SZ,2024-12-23,376afb5445d4455a47e152da377457381aaa6511484730d287601a2949e6fd53,EXPIRED,PENDING_SIGNAL_HORIZON_EXPIRED
002674.SZ,2026-06-24,7172cd2815845c06b5b60aab12668047381899c5361038689331b010852418ad,ACTIVE,POOL_ADMISSION
002674.SZ,2026-06-25,7172cd2815845c06b5b60aab12668047381899c5361038689331b010852418ad,ACTIVE,POOL_OBSERVATION
002674.SZ,2026-06-26,7172cd2815845c06b5b60aab12668047381899c5361038689331b010852418ad,ACTIVE,POOL_OBSERVATION
002674.SZ,2026-06-29,7172cd2815845c06b5b60aab12668047381899c5361038689331b010852418ad,ACTIVE,POOL_OBSERVATION
002674.SZ,2026-06-30,7172cd2815845c06b5b60aab12668047381899c5361038689331b010852418ad,ACTIVE,POOL_OBSERVATION
002674.SZ,2026-07-01,7172cd2815845c06b5b60aab12668047381899c5361038689331b010852418ad,ACTIVE,POOL_OBSERVATION
002674.SZ,2026-07-02,7172cd2815845c06b5b60aab12668047381899c5361038689331b010852418ad,EXPIRED,POOL_EXPIRED
002676.SZ,2024-10-28,fd32ee85da72849166a64a682a10ea1a0da6280c8bbb161d64ea56e9ee14a693,ACTIVE,POOL_ADMISSION
002676.SZ,2024-10-29,fd32ee85da72849166a64a682a10ea1a0da6280c8bbb161d64ea56e9ee14a693,ACTIVE,POOL_OBSERVATION
002676.SZ,2024-10-30,fd32ee85da72849166a64a682a10ea1a0da6280c8bbb161d64ea56e9ee14a693,ACTIVE,POOL_OBSERVATION
002676.SZ,2024-10-31,fd32ee85da72849166a64a682a10ea1a0da6280c8bbb161d64ea56e9ee14a693,SIGNALLED,ENTRY_SIGNAL
002676.SZ,2024-11-01,fd32ee85da72849166a64a682a10ea1a0da6280c8bbb161d64ea56e9ee14a693,SIGNALLED,EXECUTION_PENDING
002676.SZ,2024-11-04,fd32ee85da72849166a64a682a10ea1a0da6280c8bbb161d64ea56e9ee14a693,SIGNALLED,EXECUTION_PENDING
002676.SZ,2024-11-05,fd32ee85da72849166a64a682a10ea1a0da6280c8bbb161d64ea56e9ee14a693,EXPIRED,PENDING_SIGNAL_HORIZON_EXPIRED
002681.SZ,2024-12-10,07caa193ec7d6e37500267def680218cc0ceea7f6c70693d37a5edc50c01942f,ACTIVE,POOL_ADMISSION
002681.SZ,2024-12-11,07caa193ec7d6e37500267def680218cc0ceea7f6c70693d37a5edc50c01942f,ACTIVE,POOL_OBSERVATION
002681.SZ,2024-12-12,07caa193ec7d6e37500267def680218cc0ceea7f6c70693d37a5edc50c01942f,ACTIVE,POOL_OBSERVATION
002681.SZ,2024-12-13,07caa193ec7d6e37500267def680218cc0ceea7f6c70693d37a5edc50c01942f,ACTIVE,POOL_OBSERVATION
002681.SZ,2024-12-16,07caa193ec7d6e37500267def680218cc0ceea7f6c70693d37a5edc50c01942f,ACTIVE,POOL_OBSERVATION
002681.SZ,2024-12-17,07caa193ec7d6e37500267def680218cc0ceea7f6c70693d37a5edc50c01942f,ACTIVE,POOL_OBSERVATION
002681.SZ,2024-12-18,07caa193ec7d6e37500267def680218cc0ceea7f6c70693d37a5edc50c01942f,EXPIRED,POOL_EXPIRED
002682.SZ,2025-11-18,e92ff164c839184ffcfac63a7ff0edf381124224e0f9ba92bd881a19b17602e4,ACTIVE,POOL_ADMISSION
002682.SZ,2025-11-19,e92ff164c839184ffcfac63a7ff0edf381124224e0f9ba92bd881a19b17602e4,ACTIVE,POOL_OBSERVATION
002682.SZ,2025-11-20,e92ff164c839184ffcfac63a7ff0edf381124224e0f9ba92bd881a19b17602e4,ACTIVE,POOL_OBSERVATION
002682.SZ,2025-11-21,e92ff164c839184ffcfac63a7ff0edf381124224e0f9ba92bd881a19b17602e4,ACTIVE,POOL_OBSERVATION
002682.SZ,2025-11-24,e92ff164c839184ffcfac63a7ff0edf381124224e0f9ba92bd881a19b17602e4,ACTIVE,POOL_OBSERVATION
002682.SZ,2025-11-25,e92ff164c839184ffcfac63a7ff0edf381124224e0f9ba92bd881a19b17602e4,ACTIVE,POOL_OBSERVATION
002682.SZ,2025-11-26,e92ff164c839184ffcfac63a7ff0edf381124224e0f9ba92bd881a19b17602e4,EXPIRED,POOL_EXPIRED
002682.SZ,2025-12-08,7377c2e3d195c054959a666397d4c3037c716e6530491fb65c5ab1ec00099650,ACTIVE,POOL_ADMISSION
002682.SZ,2025-12-09,7377c2e3d195c054959a666397d4c3037c716e6530491fb65c5ab1ec00099650,ACTIVE,POOL_OBSERVATION
002682.SZ,2025-12-10,7377c2e3d195c054959a666397d4c3037c716e6530491fb65c5ab1ec00099650,ACTIVE,POOL_OBSERVATION
002682.SZ,2025-12-11,7377c2e3d195c054959a666397d4c3037c716e6530491fb65c5ab1ec00099650,ACTIVE,POOL_OBSERVATION
002682.SZ,2025-12-12,7377c2e3d195c054959a666397d4c3037c716e6530491fb65c5ab1ec00099650,SIGNALLED,ENTRY_SIGNAL
002682.SZ,2025-12-15,7377c2e3d195c054959a666397d4c3037c716e6530491fb65c5ab1ec00099650,SIGNALLED,EXECUTION_PENDING
002682.SZ,2025-12-16,7377c2e3d195c054959a666397d4c3037c716e6530491fb65c5ab1ec00099650,EXPIRED,PENDING_SIGNAL_HORIZON_EXPIRED
002685.SZ,2024-08-01,91b2fb08e06f798b308dd4050cb2ec8e0f5c6fc520c30b8f0660f6cd4c1a8f93,ACTIVE,POOL_ADMISSION
002685.SZ,2024-08-02,91b2fb08e06f798b308dd4050cb2ec8e0f5c6fc520c30b8f0660f6cd4c1a8f93,ACTIVE,POOL_OBSERVATION
002685.SZ,2024-08-05,91b2fb08e06f798b308dd4050cb2ec8e0f5c6fc520c30b8f0660f6cd4c1a8f93,ACTIVE,POOL_OBSERVATION
002685.SZ,2024-08-06,91b2fb08e06f798b308dd4050cb2ec8e0f5c6fc520c30b8f0660f6cd4c1a8f93,ACTIVE,POOL_OBSERVATION
002685.SZ,2024-08-07,91b2fb08e06f798b308dd4050cb2ec8e0f5c6fc520c30b8f0660f6cd4c1a8f93,ACTIVE,POOL_OBSERVATION
002685.SZ,2024-08-08,91b2fb08e06f798b308dd4050cb2ec8e0f5c6fc520c30b8f0660f6cd4c1a8f93,ACTIVE,POOL_OBSERVATION
002685.SZ,2024-08-09,91b2fb08e06f798b308dd4050cb2ec8e0f5c6fc520c30b8f0660f6cd4c1a8f93,EXPIRED,POOL_EXPIRED
002685.SZ,2024-10-23,d46e9bc0175e1f57961dd5868cfac4f001665f7e371768d753a1368f17aad3d2,ACTIVE,POOL_ADMISSION
002685.SZ,2024-10-24,d46e9bc0175e1f57961dd5868cfac4f001665f7e371768d753a1368f17aad3d2,ACTIVE,POOL_OBSERVATION
002685.SZ,2024-10-25,d46e9bc0175e1f57961dd5868cfac4f001665f7e371768d753a1368f17aad3d2,ACTIVE,POOL_OBSERVATION
002685.SZ,2024-10-28,d46e9bc0175e1f57961dd5868cfac4f001665f7e371768d753a1368f17aad3d2,ACTIVE,POOL_OBSERVATION
002685.SZ,2024-10-29,d46e9bc0175e1f57961dd5868cfac4f001665f7e371768d753a1368f17aad3d2,ACTIVE,POOL_OBSERVATION
002685.SZ,2024-10-30,d46e9bc0175e1f57961dd5868cfac4f001665f7e371768d753a1368f17aad3d2,ACTIVE,POOL_OBSERVATION
002685.SZ,2024-10-31,d46e9bc0175e1f57961dd5868cfac4f001665f7e371768d753a1368f17aad3d2,EXPIRED,POOL_EXPIRED
002688.SZ,2025-04-08,f3a3e2646478fb28fac00d4f1496503d7147f028130bb9881623e8c7c708063a,ACTIVE,POOL_ADMISSION
002688.SZ,2025-04-09,f3a3e2646478fb28fac00d4f1496503d7147f028130bb9881623e8c7c708063a,ACTIVE,POOL_OBSERVATION
002688.SZ,2025-04-10,f3a3e2646478fb28fac00d4f1496503d7147f028130bb9881623e8c7c708063a,ACTIVE,POOL_OBSERVATION
002688.SZ,2025-04-11,f3a3e2646478fb28fac00d4f1496503d7147f028130bb9881623e8c7c708063a,ACTIVE,POOL_OBSERVATION
002688.SZ,2025-04-14,f3a3e2646478fb28fac00d4f1496503d7147f028130bb9881623e8c7c708063a,ACTIVE,POOL_OBSERVATION
002688.SZ,2025-04-15,f3a3e2646478fb28fac00d4f1496503d7147f028130bb9881623e8c7c708063a,ACTIVE,POOL_OBSERVATION
002688.SZ,2025-04-16,f3a3e2646478fb28fac00d4f1496503d7147f028130bb9881623e8c7c708063a,EXPIRED,POOL_EXPIRED
002691.SZ,2025-01-17,c5e6b56e19f0a3100fac16705dbac6d1a3cceb5410931bfee710e2a6fc3ce48f,ACTIVE,POOL_ADMISSION
002691.SZ,2025-01-20,c5e6b56e19f0a3100fac16705dbac6d1a3cceb5410931bfee710e2a6fc3ce48f,ACTIVE,POOL_OBSERVATION
002691.SZ,2025-01-21,c5e6b56e19f0a3100fac16705dbac6d1a3cceb5410931bfee710e2a6fc3ce48f,ACTIVE,POOL_OBSERVATION
002691.SZ,2025-01-22,c5e6b56e19f0a3100fac16705dbac6d1a3cceb5410931bfee710e2a6fc3ce48f,SIGNALLED,ENTRY_SIGNAL
002691.SZ,2025-01-23,c5e6b56e19f0a3100fac16705dbac6d1a3cceb5410931bfee710e2a6fc3ce48f,SIGNALLED,EXECUTION_PENDING
002691.SZ,2025-01-24,c5e6b56e19f0a3100fac16705dbac6d1a3cceb5410931bfee710e2a6fc3ce48f,SIGNALLED,EXECUTION_PENDING
002691.SZ,2025-01-27,c5e6b56e19f0a3100fac16705dbac6d1a3cceb5410931bfee710e2a6fc3ce48f,EXPIRED,PENDING_SIGNAL_HORIZON_EXPIRED
002691.SZ,2025-02-07,16ea414951fe1cf7e06cb00cc73a2ed26ebeeb70268d8d879142e9cf58880f5a,ACTIVE,POOL_ADMISSION
002691.SZ,2025-02-10,16ea414951fe1cf7e06cb00cc73a2ed26ebeeb70268d8d879142e9cf58880f5a,ACTIVE,POOL_OBSERVATION
002691.SZ,2025-02-11,16ea414951fe1cf7e06cb00cc73a2ed26ebeeb70268d8d879142e9cf58880f5a,SIGNALLED,ENTRY_SIGNAL
002691.SZ,2025-02-12,16ea414951fe1cf7e06cb00cc73a2ed26ebeeb70268d8d879142e9cf58880f5a,SIGNALLED,EXECUTION_PENDING
002691.SZ,2025-02-13,16ea414951fe1cf7e06cb00cc73a2ed26ebeeb70268d8d879142e9cf58880f5a,SIGNALLED,EXECUTION_PENDING
002691.SZ,2025-02-14,16ea414951fe1cf7e06cb00cc73a2ed26ebeeb70268d8d879142e9cf58880f5a,SIGNALLED,EXECUTION_PENDING
002691.SZ,2025-02-17,16ea414951fe1cf7e06cb00cc73a2ed26ebeeb70268d8d879142e9cf58880f5a,EXPIRED,PENDING_SIGNAL_HORIZON_EXPIRED
002693.SZ,2024-09-18,b75a7793fa09271e802edb816f365393b99be82e51d852d5b83daf7791b24d5d,ACTIVE,POOL_ADMISSION
002693.SZ,2024-09-19,b75a7793fa09271e802edb816f365393b99be82e51d852d5b83daf7791b24d5d,ACTIVE,POOL_OBSERVATION
002693.SZ,2024-09-20,b75a7793fa09271e802edb816f365393b99be82e51d852d5b83daf7791b24d5d,ACTIVE,POOL_OBSERVATION
002693.SZ,2024-09-23,b75a7793fa09271e802edb816f365393b99be82e51d852d5b83daf7791b24d5d,ACTIVE,POOL_OBSERVATION
002693.SZ,2024-09-24,b75a7793fa09271e802edb816f365393b99be82e51d852d5b83daf7791b24d5d,ACTIVE,POOL_OBSERVATION
002693.SZ,2024-09-25,b75a7793fa09271e802edb816f365393b99be82e51d852d5b83daf7791b24d5d,ACTIVE,POOL_OBSERVATION
002693.SZ,2024-09-26,b75a7793fa09271e802edb816f365393b99be82e51d852d5b83daf7791b24d5d,EXPIRED,POOL_EXPIRED
002693.SZ,2024-09-27,64e7e8d92e5a9fa2a3ddb17661c2f7792b5f51a48faaa7f8ddb29e0417034b5d,ACTIVE,POOL_ADMISSION
002693.SZ,2024-09-30,64e7e8d92e5a9fa2a3ddb17661c2f7792b5f51a48faaa7f8ddb29e0417034b5d,ACTIVE,POOL_OBSERVATION
002693.SZ,2024-10-08,64e7e8d92e5a9fa2a3ddb17661c2f7792b5f51a48faaa7f8ddb29e0417034b5d,ACTIVE,POOL_OBSERVATION
002693.SZ,2024-10-09,64e7e8d92e5a9fa2a3ddb17661c2f7792b5f51a48faaa7f8ddb29e0417034b5d,ACTIVE,POOL_OBSERVATION
002693.SZ,2024-10-10,64e7e8d92e5a9fa2a3ddb17661c2f7792b5f51a48faaa7f8ddb29e0417034b5d,ACTIVE,POOL_OBSERVATION
002693.SZ,2024-10-11,64e7e8d92e5a9fa2a3ddb17661c2f7792b5f51a48faaa7f8ddb29e0417034b5d,ACTIVE,POOL_OBSERVATION
002693.SZ,2024-10-14,64e7e8d92e5a9fa2a3ddb17661c2f7792b5f51a48faaa7f8ddb29e0417034b5d,EXPIRED,POOL_EXPIRED
002693.SZ,2024-10-17,63edf04a5188c893bec2961189c717139f7f8c680a8e40d37ae8aaa300b04d97,SIGNALLED,ENTRY_SIGNAL
002693.SZ,2024-10-18,63edf04a5188c893bec2961189c717139f7f8c680a8e40d37ae8aaa300b04d97,SIGNALLED,EXECUTION_PENDING
002693.SZ,2024-10-21,63edf04a5188c893bec2961189c717139f7f8c680a8e40d37ae8aaa300b04d97,SIGNALLED,EXECUTION_PENDING
002693.SZ,2024-10-22,63edf04a5188c893bec2961189c717139f7f8c680a8e40d37ae8aaa300b04d97,SIGNALLED,EXECUTION_PENDING
002693.SZ,2024-10-23,63edf04a5188c893bec2961189c717139f7f8c680a8e40d37ae8aaa300b04d97,SIGNALLED,EXECUTION_PENDING
002693.SZ,2024-10-24,63edf04a5188c893bec2961189c717139f7f8c680a8e40d37ae8aaa300b04d97,SIGNALLED,EXECUTION_PENDING
002693.SZ,2024-10-25,63edf04a5188c893bec2961189c717139f7f8c680a8e40d37ae8aaa300b04d97,EXPIRED,PENDING_SIGNAL_HORIZON_EXPIRED
002693.SZ,2024-10-28,8330ca6d3fc80f10908b46d697ae5571040a252c4056658ec3bfffb232998b9b,SIGNALLED,ENTRY_SIGNAL
002693.SZ,2024-10-29,8330ca6d3fc80f10908b46d697ae5571040a252c4056658ec3bfffb232998b9b,SIGNALLED,EXECUTION_PENDING
002693.SZ,2024-10-30,8330ca6d3fc80f10908b46d697ae5571040a252c4056658ec3bfffb232998b9b,SIGNALLED,EXECUTION_PENDING
002693.SZ,2024-10-31,8330ca6d3fc80f10908b46d697ae5571040a252c4056658ec3bfffb232998b9b,SIGNALLED,EXECUTION_PENDING
002693.SZ,2024-11-01,8330ca6d3fc80f10908b46d697ae5571040a252c4056658ec3bfffb232998b9b,SIGNALLED,EXECUTION_PENDING
002693.SZ,2024-11-04,8330ca6d3fc80f10908b46d697ae5571040a252c4056658ec3bfffb232998b9b,SIGNALLED,EXECUTION_PENDING
002693.SZ,2024-11-05,8330ca6d3fc80f10908b46d697ae5571040a252c4056658ec3bfffb232998b9b,EXPIRED,PENDING_SIGNAL_HORIZON_EXPIRED
002702.SZ,2025-12-01,283dfdc259d144e809590a734ff5cb7c75583184f29505b6d3d3559e51e9de6e,ACTIVE,POOL_ADMISSION
002702.SZ,2025-12-02,283dfdc259d144e809590a734ff5cb7c75583184f29505b6d3d3559e51e9de6e,ACTIVE,POOL_OBSERVATION
002702.SZ,2025-12-03,283dfdc259d144e809590a734ff5cb7c75583184f29505b6d3d3559e51e9de6e,ACTIVE,POOL_OBSERVATION
002702.SZ,2025-12-04,283dfdc259d144e809590a734ff5cb7c75583184f29505b6d3d3559e51e9de6e,ACTIVE,POOL_OBSERVATION
002702.SZ,2025-12-05,283dfdc259d144e809590a734ff5cb7c75583184f29505b6d3d3559e51e9de6e,SIGNALLED,ENTRY_SIGNAL
002702.SZ,2025-12-08,283dfdc259d144e809590a734ff5cb7c75583184f29505b6d3d3559e51e9de6e,SIGNALLED,EXECUTION_PENDING
002702.SZ,2025-12-09,283dfdc259d144e809590a734ff5cb7c75583184f29505b6d3d3559e51e9de6e,EXPIRED,PENDING_SIGNAL_HORIZON_EXPIRED
002703.SZ,2025-12-19,6f174e706ab57c71e45afdaa686c1958c9584ecfb6aafc4b8f0df1300e66d466,ACTIVE,POOL_ADMISSION
002703.SZ,2025-12-22,6f174e706ab57c71e45afdaa686c1958c9584ecfb6aafc4b8f0df1300e66d466,ACTIVE,POOL_OBSERVATION
002703.SZ,2025-12-23,6f174e706ab57c71e45afdaa686c1958c9584ecfb6aafc4b8f0df1300e66d466,ACTIVE,POOL_OBSERVATION
002703.SZ,2025-12-24,6f174e706ab57c71e45afdaa686c1958c9584ecfb6aafc4b8f0df1300e66d466,ACTIVE,POOL_OBSERVATION
002703.SZ,2025-12-25,6f174e706ab57c71e45afdaa686c1958c9584ecfb6aafc4b8f0df1300e66d466,ACTIVE,POOL_OBSERVATION
002703.SZ,2025-12-26,6f174e706ab57c71e45afdaa686c1958c9584ecfb6aafc4b8f0df1300e66d466,ACTIVE,POOL_OBSERVATION
002703.SZ,2025-12-29,6f174e706ab57c71e45afdaa686c1958c9584ecfb6aafc4b8f0df1300e66d466,EXPIRED,POOL_EXPIRED
002712.SZ,2024-10-31,05952be5156e18dce0cade47cd6903fd1f89ef632a402eab5fbd123b9771189f,ACTIVE,POOL_ADMISSION
002712.SZ,2024-11-01,05952be5156e18dce0cade47cd6903fd1f89ef632a402eab5fbd123b9771189f,ACTIVE,POOL_OBSERVATION
002712.SZ,2024-11-04,05952be5156e18dce0cade47cd6903fd1f89ef632a402eab5fbd123b9771189f,ACTIVE,POOL_OBSERVATION
002712.SZ,2024-11-05,05952be5156e18dce0cade47cd6903fd1f89ef632a402eab5fbd123b9771189f,ACTIVE,POOL_OBSERVATION
002712.SZ,2024-11-06,05952be5156e18dce0cade47cd6903fd1f89ef632a402eab5fbd123b9771189f,ACTIVE,POOL_OBSERVATION
002712.SZ,2024-11-07,05952be5156e18dce0cade47cd6903fd1f89ef632a402eab5fbd123b9771189f,ACTIVE,POOL_OBSERVATION
002712.SZ,2024-11-08,05952be5156e18dce0cade47cd6903fd1f89ef632a402eab5fbd123b9771189f,EXPIRED,POOL_EXPIRED
002713.SZ,2024-10-25,ee4de480b9a57c716a235b8d4c2379a01c86a61c2a1c8a0812c8d92eec1ab69f,ACTIVE,POOL_ADMISSION
002713.SZ,2024-10-28,ee4de480b9a57c716a235b8d4c2379a01c86a61c2a1c8a0812c8d92eec1ab69f,ACTIVE,POOL_OBSERVATION
002713.SZ,2024-10-29,ee4de480b9a57c716a235b8d4c2379a01c86a61c2a1c8a0812c8d92eec1ab69f,ACTIVE,POOL_OBSERVATION
002713.SZ,2024-10-30,ee4de480b9a57c716a235b8d4c2379a01c86a61c2a1c8a0812c8d92eec1ab69f,SIGNALLED,ENTRY_SIGNAL
002713.SZ,2024-10-31,ee4de480b9a57c716a235b8d4c2379a01c86a61c2a1c8a0812c8d92eec1ab69f,SIGNALLED,EXECUTION_PENDING
002713.SZ,2024-11-01,ee4de480b9a57c716a235b8d4c2379a01c86a61c2a1c8a0812c8d92eec1ab69f,SIGNALLED,EXECUTION_PENDING
002713.SZ,2024-11-04,ee4de480b9a57c716a235b8d4c2379a01c86a61c2a1c8a0812c8d92eec1ab69f,EXPIRED,PENDING_SIGNAL_HORIZON_EXPIRED
002713.SZ,2024-12-06,37d6dc8cd583d63d34b5c1f4a1635e129d72758492595484e0d492b31582b59c,ACTIVE,POOL_ADMISSION
002713.SZ,2024-12-09,37d6dc8cd583d63d34b5c1f4a1635e129d72758492595484e0d492b31582b59c,ACTIVE,POOL_OBSERVATION
002713.SZ,2024-12-10,37d6dc8cd583d63d34b5c1f4a1635e129d72758492595484e0d492b31582b59c,ACTIVE,POOL_OBSERVATION
002713.SZ,2024-12-11,37d6dc8cd583d63d34b5c1f4a1635e129d72758492595484e0d492b31582b59c,ACTIVE,POOL_OBSERVATION
002713.SZ,2024-12-12,37d6dc8cd583d63d34b5c1f4a1635e129d72758492595484e0d492b31582b59c,ACTIVE,POOL_OBSERVATION
002713.SZ,2024-12-13,37d6dc8cd583d63d34b5c1f4a1635e129d72758492595484e0d492b31582b59c,ACTIVE,POOL_OBSERVATION
002713.SZ,2024-12-16,37d6dc8cd583d63d34b5c1f4a1635e129d72758492595484e0d492b31582b59c,EXPIRED,POOL_EXPIRED
002716.SZ,2026-01-26,0014060c0c3bbb8cb667acc8b75a25320e71a6ff579499f05c8e72506e5020cd,ACTIVE,POOL_ADMISSION
002716.SZ,2026-01-27,0014060c0c3bbb8cb667acc8b75a25320e71a6ff579499f05c8e72506e5020cd,ACTIVE,POOL_OBSERVATION
002716.SZ,2026-01-28,0014060c0c3bbb8cb667acc8b75a25320e71a6ff579499f05c8e72506e5020cd,ACTIVE,POOL_OBSERVATION
002716.SZ,2026-01-29,0014060c0c3bbb8cb667acc8b75a25320e71a6ff579499f05c8e72506e5020cd,SIGNALLED,ENTRY_SIGNAL
002716.SZ,2026-01-30,0014060c0c3bbb8cb667acc8b75a25320e71a6ff579499f05c8e72506e5020cd,SIGNALLED,EXECUTION_PENDING
002716.SZ,2026-02-02,0014060c0c3bbb8cb667acc8b75a25320e71a6ff579499f05c8e72506e5020cd,SIGNALLED,EXECUTION_PENDING
002716.SZ,2026-02-03,0014060c0c3bbb8cb667acc8b75a25320e71a6ff579499f05c8e72506e5020cd,EXPIRED,PENDING_SIGNAL_HORIZON_EXPIRED
002717.SZ,2024-10-28,cb030c7616a70c62648eb9ec98f78e3262bccab651bf6aefc2c43fcd8e351054,ACTIVE,POOL_ADMISSION
002717.SZ,2024-10-29,cb030c7616a70c62648eb9ec98f78e3262bccab651bf6aefc2c43fcd8e351054,ACTIVE,POOL_OBSERVATION
002717.SZ,2024-10-30,cb030c7616a70c62648eb9ec98f78e3262bccab651bf6aefc2c43fcd8e351054,ACTIVE,POOL_OBSERVATION
002717.SZ,2024-10-31,cb030c7616a70c62648eb9ec98f78e3262bccab651bf6aefc2c43fcd8e351054,ACTIVE,POOL_OBSERVATION
002717.SZ,2024-11-01,cb030c7616a70c62648eb9ec98f78e3262bccab651bf6aefc2c43fcd8e351054,ACTIVE,POOL_OBSERVATION
002717.SZ,2024-11-04,cb030c7616a70c62648eb9ec98f78e3262bccab651bf6aefc2c43fcd8e351054,ACTIVE,POOL_OBSERVATION
002717.SZ,2024-11-05,cb030c7616a70c62648eb9ec98f78e3262bccab651bf6aefc2c43fcd8e351054,EXPIRED,POOL_EXPIRED
002717.SZ,2024-12-05,e651bf965b44143cb07bd1a49e51acd4fc446ada0f407740f3350f3c9565840f,ACTIVE,POOL_ADMISSION
002717.SZ,2024-12-06,e651bf965b44143cb07bd1a49e51acd4fc446ada0f407740f3350f3c9565840f,ACTIVE,POOL_OBSERVATION
002717.SZ,2024-12-09,e651bf965b44143cb07bd1a49e51acd4fc446ada0f407740f3350f3c9565840f,ACTIVE,POOL_OBSERVATION
002717.SZ,2024-12-10,e651bf965b44143cb07bd1a49e51acd4fc446ada0f407740f3350f3c9565840f,ACTIVE,POOL_OBSERVATION
002717.SZ,2024-12-11,e651bf965b44143cb07bd1a49e51acd4fc446ada0f407740f3350f3c9565840f,ACTIVE,POOL_OBSERVATION
002717.SZ,2024-12-12,e651bf965b44143cb07bd1a49e51acd4fc446ada0f407740f3350f3c9565840f,ACTIVE,POOL_OBSERVATION
002717.SZ,2024-12-13,e651bf965b44143cb07bd1a49e51acd4fc446ada0f407740f3350f3c9565840f,EXPIRED,POOL_EXPIRED
002718.SZ,2026-01-06,8c7004e802910cfc925850b50d3089e426c2bc40307138656aa7ef27ecc66fbd,ACTIVE,POOL_ADMISSION
002718.SZ,2026-01-07,8c7004e802910cfc925850b50d3089e426c2bc40307138656aa7ef27ecc66fbd,ACTIVE,POOL_OBSERVATION
002718.SZ,2026-01-08,8c7004e802910cfc925850b50d3089e426c2bc40307138656aa7ef27ecc66fbd,ACTIVE,POOL_OBSERVATION
002718.SZ,2026-01-09,8c7004e802910cfc925850b50d3089e426c2bc40307138656aa7ef27ecc66fbd,ACTIVE,POOL_OBSERVATION
002718.SZ,2026-01-12,8c7004e802910cfc925850b50d3089e426c2bc40307138656aa7ef27ecc66fbd,ACTIVE,POOL_OBSERVATION
002718.SZ,2026-01-13,8c7004e802910cfc925850b50d3089e426c2bc40307138656aa7ef27ecc66fbd,ACTIVE,POOL_OBSERVATION
002718.SZ,2026-01-14,8c7004e802910cfc925850b50d3089e426c2bc40307138656aa7ef27ecc66fbd,EXPIRED,POOL_EXPIRED
002724.SZ,2025-03-18,152c3f71b4d0e73cabd6437b6da0843babb164a0c15102420323ebdd70be5740,ACTIVE,POOL_ADMISSION
002724.SZ,2025-03-19,152c3f71b4d0e73cabd6437b6da0843babb164a0c15102420323ebdd70be5740,ACTIVE,POOL_OBSERVATION
002724.SZ,2025-03-20,152c3f71b4d0e73cabd6437b6da0843babb164a0c15102420323ebdd70be5740,SIGNALLED,ENTRY_SIGNAL
002724.SZ,2025-03-21,152c3f71b4d0e73cabd6437b6da0843babb164a0c15102420323ebdd70be5740,SIGNALLED,EXECUTION_PENDING
002724.SZ,2025-03-24,152c3f71b4d0e73cabd6437b6da0843babb164a0c15102420323ebdd70be5740,SIGNALLED,EXECUTION_PENDING
002724.SZ,2025-03-25,152c3f71b4d0e73cabd6437b6da0843babb164a0c15102420323ebdd70be5740,SIGNALLED,EXECUTION_PENDING
002724.SZ,2025-03-26,152c3f71b4d0e73cabd6437b6da0843babb164a0c15102420323ebdd70be5740,EXPIRED,PENDING_SIGNAL_HORIZON_EXPIRED
002725.SZ,2024-10-29,08c3e83892e001bded8d6f7754afd849c2564ffff4c24a511c98fde14f22a66f,ACTIVE,POOL_ADMISSION
002725.SZ,2024-10-30,08c3e83892e001bded8d6f7754afd849c2564ffff4c24a511c98fde14f22a66f,ACTIVE,POOL_OBSERVATION
002725.SZ,2024-10-31,08c3e83892e001bded8d6f7754afd849c2564ffff4c24a511c98fde14f22a66f,ACTIVE,POOL_OBSERVATION
002725.SZ,2024-11-01,08c3e83892e001bded8d6f7754afd849c2564ffff4c24a511c98fde14f22a66f,ACTIVE,POOL_OBSERVATION
002725.SZ,2024-11-04,08c3e83892e001bded8d6f7754afd849c2564ffff4c24a511c98fde14f22a66f,ACTIVE,POOL_OBSERVATION
002725.SZ,2024-11-05,08c3e83892e001bded8d6f7754afd849c2564ffff4c24a511c98fde14f22a66f,ACTIVE,POOL_OBSERVATION
002725.SZ,2024-11-06,08c3e83892e001bded8d6f7754afd849c2564ffff4c24a511c98fde14f22a66f,EXPIRED,POOL_EXPIRED
002730.SZ,2024-12-25,abf13e3a1fb7ecfe8e76f0086d338a06ff089eab6cc7219528c86c64c6ab6aaf,ACTIVE,POOL_ADMISSION
002730.SZ,2024-12-26,abf13e3a1fb7ecfe8e76f0086d338a06ff089eab6cc7219528c86c64c6ab6aaf,SIGNALLED,ENTRY_SIGNAL
002730.SZ,2024-12-27,abf13e3a1fb7ecfe8e76f0086d338a06ff089eab6cc7219528c86c64c6ab6aaf,SIGNALLED,EXECUTION_PENDING
002730.SZ,2024-12-30,abf13e3a1fb7ecfe8e76f0086d338a06ff089eab6cc7219528c86c64c6ab6aaf,SIGNALLED,EXECUTION_PENDING
002730.SZ,2024-12-31,abf13e3a1fb7ecfe8e76f0086d338a06ff089eab6cc7219528c86c64c6ab6aaf,SIGNALLED,EXECUTION_PENDING
002730.SZ,2025-01-02,abf13e3a1fb7ecfe8e76f0086d338a06ff089eab6cc7219528c86c64c6ab6aaf,SIGNALLED,EXECUTION_PENDING
002730.SZ,2025-01-03,abf13e3a1fb7ecfe8e76f0086d338a06ff089eab6cc7219528c86c64c6ab6aaf,EXPIRED,PENDING_SIGNAL_HORIZON_EXPIRED
002730.SZ,2025-01-21,d753ed910ec33dcf11e33033d833dc2ca34ac43127a6e9a8ca0162249a6ec8dd,ACTIVE,POOL_ADMISSION
002730.SZ,2025-01-22,d753ed910ec33dcf11e33033d833dc2ca34ac43127a6e9a8ca0162249a6ec8dd,ACTIVE,POOL_OBSERVATION
002730.SZ,2025-01-23,d753ed910ec33dcf11e33033d833dc2ca34ac43127a6e9a8ca0162249a6ec8dd,ACTIVE,POOL_OBSERVATION
002730.SZ,2025-01-24,d753ed910ec33dcf11e33033d833dc2ca34ac43127a6e9a8ca0162249a6ec8dd,ACTIVE,POOL_OBSERVATION
002730.SZ,2025-01-27,d753ed910ec33dcf11e33033d833dc2ca34ac43127a6e9a8ca0162249a6ec8dd,ACTIVE,POOL_OBSERVATION
002730.SZ,2025-02-05,d753ed910ec33dcf11e33033d833dc2ca34ac43127a6e9a8ca0162249a6ec8dd,ACTIVE,POOL_OBSERVATION
002730.SZ,2025-02-06,d753ed910ec33dcf11e33033d833dc2ca34ac43127a6e9a8ca0162249a6ec8dd,EXPIRED,POOL_EXPIRED
002733.SZ,2025-01-08,a2fbefe464ff552475e90956aad58ad37c776eb0dc415470c251ed852d08f517,ACTIVE,POOL_ADMISSION
002733.SZ,2025-01-09,a2fbefe464ff552475e90956aad58ad37c776eb0dc415470c251ed852d08f517,ACTIVE,POOL_OBSERVATION
002733.SZ,2025-01-10,a2fbefe464ff552475e90956aad58ad37c776eb0dc415470c251ed852d08f517,ACTIVE,POOL_OBSERVATION
002733.SZ,2025-01-13,a2fbefe464ff552475e90956aad58ad37c776eb0dc415470c251ed852d08f517,ACTIVE,POOL_OBSERVATION
002733.SZ,2025-01-14,a2fbefe464ff552475e90956aad58ad37c776eb0dc415470c251ed852d08f517,ACTIVE,POOL_OBSERVATION
002733.SZ,2025-01-15,a2fbefe464ff552475e90956aad58ad37c776eb0dc415470c251ed852d08f517,ACTIVE,POOL_OBSERVATION
002733.SZ,2025-01-16,a2fbefe464ff552475e90956aad58ad37c776eb0dc415470c251ed852d08f517,EXPIRED,POOL_EXPIRED
002735.SZ,2025-05-22,246101c59e8d2e668fa357141c469ffda3da1b5fd74f28e48190d727726b5b46,ACTIVE,POOL_ADMISSION
002735.SZ,2025-05-23,246101c59e8d2e668fa357141c469ffda3da1b5fd74f28e48190d727726b5b46,SIGNALLED,ENTRY_SIGNAL
002735.SZ,2025-05-26,246101c59e8d2e668fa357141c469ffda3da1b5fd74f28e48190d727726b5b46,SIGNALLED,EXECUTION_PENDING
002735.SZ,2025-05-27,246101c59e8d2e668fa357141c469ffda3da1b5fd74f28e48190d727726b5b46,SIGNALLED,EXECUTION_PENDING
002735.SZ,2025-05-28,246101c59e8d2e668fa357141c469ffda3da1b5fd74f28e48190d727726b5b46,SIGNALLED,EXECUTION_PENDING
002735.SZ,2025-05-29,246101c59e8d2e668fa357141c469ffda3da1b5fd74f28e48190d727726b5b46,SIGNALLED,EXECUTION_PENDING
002735.SZ,2025-05-30,246101c59e8d2e668fa357141c469ffda3da1b5fd74f28e48190d727726b5b46,EXPIRED,PENDING_SIGNAL_HORIZON_EXPIRED
002741.SZ,2024-11-25,a48d478d8bdb6d4ea08196fa3f2b3b47626ca7589355fb675fb7615d9a11fd18,ACTIVE,POOL_ADMISSION
002741.SZ,2024-11-26,a48d478d8bdb6d4ea08196fa3f2b3b47626ca7589355fb675fb7615d9a11fd18,ACTIVE,POOL_OBSERVATION
002741.SZ,2024-11-27,a48d478d8bdb6d4ea08196fa3f2b3b47626ca7589355fb675fb7615d9a11fd18,ACTIVE,POOL_OBSERVATION
002741.SZ,2024-11-28,a48d478d8bdb6d4ea08196fa3f2b3b47626ca7589355fb675fb7615d9a11fd18,ACTIVE,POOL_OBSERVATION
002741.SZ,2024-11-29,a48d478d8bdb6d4ea08196fa3f2b3b47626ca7589355fb675fb7615d9a11fd18,ACTIVE,POOL_OBSERVATION
002741.SZ,2024-12-02,a48d478d8bdb6d4ea08196fa3f2b3b47626ca7589355fb675fb7615d9a11fd18,ACTIVE,POOL_OBSERVATION
002741.SZ,2024-12-03,a48d478d8bdb6d4ea08196fa3f2b3b47626ca7589355fb675fb7615d9a11fd18,EXPIRED,POOL_EXPIRED
002742.SZ,2026-08-28,41d092d567de2c21d5fe267c96eb7b17ff48241aecf6345142a17a002eccba5a,ACTIVE,POOL_ADMISSION
002742.SZ,2026-08-31,41d092d567de2c21d5fe267c96eb7b17ff48241aecf6345142a17a002eccba5a,ACTIVE,POOL_OBSERVATION
002742.SZ,2026-09-01,41d092d567de2c21d5fe267c96eb7b17ff48241aecf6345142a17a002eccba5a,ACTIVE,POOL_OBSERVATION
002742.SZ,2026-09-02,41d092d567de2c21d5fe267c96eb7b17ff48241aecf6345142a17a002eccba5a,ACTIVE,POOL_OBSERVATION
002742.SZ,2026-09-03,41d092d567de2c21d5fe267c96eb7b17ff48241aecf6345142a17a002eccba5a,ACTIVE,POOL_OBSERVATION
002742.SZ,2026-09-04,41d092d567de2c21d5fe267c96eb7b17ff48241aecf6345142a17a002eccba5a,ACTIVE,POOL_OBSERVATION
002742.SZ,2026-09-07,41d092d567de2c21d5fe267c96eb7b17ff48241aecf6345142a17a002eccba5a,EXPIRED,POOL_EXPIRED
002748.SZ,2025-10-24,060dad737b6d599c544e028c4bdb8d6c67f391a1a40c6dff75eb38f906843501,ACTIVE,POOL_ADMISSION
002748.SZ,2025-10-27,060dad737b6d599c544e028c4bdb8d6c67f391a1a40c6dff75eb38f906843501,ACTIVE,POOL_OBSERVATION
002748.SZ,2025-10-28,060dad737b6d599c544e028c4bdb8d6c67f391a1a40c6dff75eb38f906843501,ACTIVE,POOL_OBSERVATION
002748.SZ,2025-10-29,060dad737b6d599c544e028c4bdb8d6c67f391a1a40c6dff75eb38f906843501,ACTIVE,POOL_OBSERVATION
002748.SZ,2025-10-30,060dad737b6d599c544e028c4bdb8d6c67f391a1a40c6dff75eb38f906843501,ACTIVE,POOL_OBSERVATION
002748.SZ,2025-10-31,060dad737b6d599c544e028c4bdb8d6c67f391a1a40c6dff75eb38f906843501,ACTIVE,POOL_OBSERVATION
002748.SZ,2025-11-03,060dad737b6d599c544e028c4bdb8d6c67f391a1a40c6dff75eb38f906843501,EXPIRED,POOL_EXPIRED
002757.SZ,2024-11-20,4e6af7dbb0b77279d37fec03b2f3b950644cead40929c7007fff7f9ce2cd73f0,SIGNALLED,ENTRY_SIGNAL
002757.SZ,2024-11-21,4e6af7dbb0b77279d37fec03b2f3b950644cead40929c7007fff7f9ce2cd73f0,SIGNALLED,EXECUTION_PENDING
002757.SZ,2024-11-22,4e6af7dbb0b77279d37fec03b2f3b950644cead40929c7007fff7f9ce2cd73f0,SIGNALLED,EXECUTION_PENDING
002757.SZ,2024-11-25,4e6af7dbb0b77279d37fec03b2f3b950644cead40929c7007fff7f9ce2cd73f0,SIGNALLED,EXECUTION_PENDING
002757.SZ,2024-11-26,4e6af7dbb0b77279d37fec03b2f3b950644cead40929c7007fff7f9ce2cd73f0,SIGNALLED,EXECUTION_PENDING
002757.SZ,2024-11-27,4e6af7dbb0b77279d37fec03b2f3b950644cead40929c7007fff7f9ce2cd73f0,SIGNALLED,EXECUTION_PENDING
002757.SZ,2024-11-28,4e6af7dbb0b77279d37fec03b2f3b950644cead40929c7007fff7f9ce2cd73f0,EXPIRED,PENDING_SIGNAL_HORIZON_EXPIRED
002757.SZ,2026-01-06,e148b09bb773dd8a44781edbf4f3def4bed73452a52584a7be228dde721e734f,ACTIVE,POOL_ADMISSION
002757.SZ,2026-01-07,e148b09bb773dd8a44781edbf4f3def4bed73452a52584a7be228dde721e734f,ACTIVE,POOL_OBSERVATION
002757.SZ,2026-01-08,e148b09bb773dd8a44781edbf4f3def4bed73452a52584a7be228dde721e734f,SIGNALLED,ENTRY_SIGNAL
002757.SZ,2026-01-09,e148b09bb773dd8a44781edbf4f3def4bed73452a52584a7be228dde721e734f,SIGNALLED,EXECUTION_PENDING
002757.SZ,2026-01-12,e148b09bb773dd8a44781edbf4f3def4bed73452a52584a7be228dde721e734f,SIGNALLED,EXECUTION_PENDING
002757.SZ,2026-01-13,e148b09bb773dd8a44781edbf4f3def4bed73452a52584a7be228dde721e734f,SIGNALLED,EXECUTION_PENDING
002757.SZ,2026-01-14,e148b09bb773dd8a44781edbf4f3def4bed73452a52584a7be228dde721e734f,EXPIRED,PENDING_SIGNAL_HORIZON_EXPIRED
002759.SZ,2025-09-09,ce1a71c4440a22533e3c3e60465add652ae2af889f2e4f0fa2697748b0afc63a,ACTIVE,POOL_ADMISSION
002759.SZ,2025-09-10,ce1a71c4440a22533e3c3e60465add652ae2af889f2e4f0fa2697748b0afc63a,ACTIVE,POOL_OBSERVATION
002759.SZ,2025-09-11,ce1a71c4440a22533e3c3e60465add652ae2af889f2e4f0fa2697748b0afc63a,ACTIVE,POOL_OBSERVATION
002759.SZ,2025-09-12,ce1a71c4440a22533e3c3e60465add652ae2af889f2e4f0fa2697748b0afc63a,SIGNALLED,ENTRY_SIGNAL
002759.SZ,2025-09-15,ce1a71c4440a22533e3c3e60465add652ae2af889f2e4f0fa2697748b0afc63a,SIGNALLED,EXECUTION_PENDING
002759.SZ,2025-09-16,ce1a71c4440a22533e3c3e60465add652ae2af889f2e4f0fa2697748b0afc63a,SIGNALLED,EXECUTION_PENDING
002759.SZ,2025-09-17,ce1a71c4440a22533e3c3e60465add652ae2af889f2e4f0fa2697748b0afc63a,EXPIRED,PENDING_SIGNAL_HORIZON_EXPIRED
002759.SZ,2025-10-09,a2e708bd776ed4934f8eff84c8fb8922c337933907234ca23c39b71179afee87,ACTIVE,POOL_ADMISSION
002759.SZ,2025-10-10,a2e708bd776ed4934f8eff84c8fb8922c337933907234ca23c39b71179afee87,ACTIVE,POOL_OBSERVATION
002759.SZ,2025-10-13,a2e708bd776ed4934f8eff84c8fb8922c337933907234ca23c39b71179afee87,SIGNALLED,ENTRY_SIGNAL
002759.SZ,2025-10-14,a2e708bd776ed4934f8eff84c8fb8922c337933907234ca23c39b71179afee87,SIGNALLED,EXECUTION_PENDING
002759.SZ,2025-10-15,a2e708bd776ed4934f8eff84c8fb8922c337933907234ca23c39b71179afee87,SIGNALLED,EXECUTION_PENDING
002759.SZ,2025-10-16,a2e708bd776ed4934f8eff84c8fb8922c337933907234ca23c39b71179afee87,SIGNALLED,EXECUTION_PENDING
002759.SZ,2025-10-17,a2e708bd776ed4934f8eff84c8fb8922c337933907234ca23c39b71179afee87,EXPIRED,PENDING_SIGNAL_HORIZON_EXPIRED
002760.SZ,2025-03-11,7f4cf4ebf8f2d118e57a59473a74d9f929016eb02e768c8895200a39980679a6,ACTIVE,POOL_ADMISSION
002760.SZ,2025-03-12,7f4cf4ebf8f2d118e57a59473a74d9f929016eb02e768c8895200a39980679a6,ACTIVE,POOL_OBSERVATION
002760.SZ,2025-03-13,7f4cf4ebf8f2d118e57a59473a74d9f929016eb02e768c8895200a39980679a6,ACTIVE,POOL_OBSERVATION
002760.SZ,2025-03-14,7f4cf4ebf8f2d118e57a59473a74d9f929016eb02e768c8895200a39980679a6,ACTIVE,POOL_OBSERVATION
002760.SZ,2025-03-17,7f4cf4ebf8f2d118e57a59473a74d9f929016eb02e768c8895200a39980679a6,ACTIVE,POOL_OBSERVATION
002760.SZ,2025-03-18,7f4cf4ebf8f2d118e57a59473a74d9f929016eb02e768c8895200a39980679a6,ACTIVE,POOL_OBSERVATION
002760.SZ,2025-03-19,7f4cf4ebf8f2d118e57a59473a74d9f929016eb02e768c8895200a39980679a6,EXPIRED,POOL_EXPIRED
002765.SZ,2024-11-05,1d36b57f20a17b94567f359531a8f32fcfa0f50b517ec99e868b5ae6328715d7,ACTIVE,POOL_ADMISSION
002765.SZ,2024-11-06,1d36b57f20a17b94567f359531a8f32fcfa0f50b517ec99e868b5ae6328715d7,ACTIVE,POOL_OBSERVATION
002765.SZ,2024-11-07,1d36b57f20a17b94567f359531a8f32fcfa0f50b517ec99e868b5ae6328715d7,ACTIVE,POOL_OBSERVATION
002765.SZ,2024-11-08,1d36b57f20a17b94567f359531a8f32fcfa0f50b517ec99e868b5ae6328715d7,ACTIVE,POOL_OBSERVATION
002765.SZ,2024-11-11,1d36b57f20a17b94567f359531a8f32fcfa0f50b517ec99e868b5ae6328715d7,ACTIVE,POOL_OBSERVATION
002765.SZ,2024-11-12,1d36b57f20a17b94567f359531a8f32fcfa0f50b517ec99e868b5ae6328715d7,ACTIVE,POOL_OBSERVATION
002765.SZ,2024-11-13,1d36b57f20a17b94567f359531a8f32fcfa0f50b517ec99e868b5ae6328715d7,EXPIRED,POOL_EXPIRED
002767.SZ,2025-01-21,b591d7ee1f6c8e50d53e5ae8f684c10d8c8102d2c6745b4315f7ec7deb5fb049,ACTIVE,POOL_ADMISSION
002767.SZ,2025-01-22,b591d7ee1f6c8e50d53e5ae8f684c10d8c8102d2c6745b4315f7ec7deb5fb049,ACTIVE,POOL_OBSERVATION
002767.SZ,2025-01-23,b591d7ee1f6c8e50d53e5ae8f684c10d8c8102d2c6745b4315f7ec7deb5fb049,ACTIVE,POOL_OBSERVATION
002767.SZ,2025-01-24,b591d7ee1f6c8e50d53e5ae8f684c10d8c8102d2c6745b4315f7ec7deb5fb049,ACTIVE,POOL_OBSERVATION
002767.SZ,2025-01-27,b591d7ee1f6c8e50d53e5ae8f684c10d8c8102d2c6745b4315f7ec7deb5fb049,ACTIVE,POOL_OBSERVATION
002767.SZ,2025-02-05,b591d7ee1f6c8e50d53e5ae8f684c10d8c8102d2c6745b4315f7ec7deb5fb049,ACTIVE,POOL_OBSERVATION
002767.SZ,2025-02-06,b591d7ee1f6c8e50d53e5ae8f684c10d8c8102d2c6745b4315f7ec7deb5fb049,EXPIRED,POOL_EXPIRED
002774.SZ,2026-01-08,3a0eeecbf0c74b328109f1fbe8439b557e36da61b4d1c267ee089ea96c866103,SIGNALLED,ENTRY_SIGNAL
002774.SZ,2026-01-09,3a0eeecbf0c74b328109f1fbe8439b557e36da61b4d1c267ee089ea96c866103,SIGNALLED,EXECUTION_PENDING
002774.SZ,2026-01-12,3a0eeecbf0c74b328109f1fbe8439b557e36da61b4d1c267ee089ea96c866103,SIGNALLED,EXECUTION_PENDING
002774.SZ,2026-01-13,3a0eeecbf0c74b328109f1fbe8439b557e36da61b4d1c267ee089ea96c866103,SIGNALLED,EXECUTION_PENDING
002774.SZ,2026-01-14,3a0eeecbf0c74b328109f1fbe8439b557e36da61b4d1c267ee089ea96c866103,SIGNALLED,EXECUTION_PENDING
002774.SZ,2026-01-15,3a0eeecbf0c74b328109f1fbe8439b557e36da61b4d1c267ee089ea96c866103,SIGNALLED,EXECUTION_PENDING
002774.SZ,2026-01-16,3a0eeecbf0c74b328109f1fbe8439b557e36da61b4d1c267ee089ea96c866103,EXPIRED,PENDING_SIGNAL_HORIZON_EXPIRED
002775.SZ,2025-08-05,af2a4d927228fb5b7900e7996d1918c2df60131a3bdf3548154a685625d36f49,ACTIVE,POOL_ADMISSION
002775.SZ,2025-08-06,af2a4d927228fb5b7900e7996d1918c2df60131a3bdf3548154a685625d36f49,ACTIVE,POOL_OBSERVATION
002775.SZ,2025-08-07,af2a4d927228fb5b7900e7996d1918c2df60131a3bdf3548154a685625d36f49,ACTIVE,POOL_OBSERVATION
002775.SZ,2025-08-08,af2a4d927228fb5b7900e7996d1918c2df60131a3bdf3548154a685625d36f49,ACTIVE,POOL_OBSERVATION
002775.SZ,2025-08-11,af2a4d927228fb5b7900e7996d1918c2df60131a3bdf3548154a685625d36f49,ACTIVE,POOL_OBSERVATION
002775.SZ,2025-08-12,af2a4d927228fb5b7900e7996d1918c2df60131a3bdf3548154a685625d36f49,ACTIVE,POOL_OBSERVATION
002775.SZ,2025-08-13,af2a4d927228fb5b7900e7996d1918c2df60131a3bdf3548154a685625d36f49,EXPIRED,POOL_EXPIRED
002788.SZ,2025-12-22,c2cdc7f029a4caba8cb1292771d445c2f2cb91d1177b61e18816a717bb142aaf,ACTIVE,POOL_ADMISSION
002788.SZ,2025-12-23,c2cdc7f029a4caba8cb1292771d445c2f2cb91d1177b61e18816a717bb142aaf,ACTIVE,POOL_OBSERVATION
002788.SZ,2025-12-24,c2cdc7f029a4caba8cb1292771d445c2f2cb91d1177b61e18816a717bb142aaf,ACTIVE,POOL_OBSERVATION
002788.SZ,2025-12-25,c2cdc7f029a4caba8cb1292771d445c2f2cb91d1177b61e18816a717bb142aaf,SIGNALLED,ENTRY_SIGNAL
002788.SZ,2025-12-26,c2cdc7f029a4caba8cb1292771d445c2f2cb91d1177b61e18816a717bb142aaf,SIGNALLED,EXECUTION_PENDING
002788.SZ,2025-12-29,c2cdc7f029a4caba8cb1292771d445c2f2cb91d1177b61e18816a717bb142aaf,SIGNALLED,EXECUTION_PENDING
002788.SZ,2025-12-30,c2cdc7f029a4caba8cb1292771d445c2f2cb91d1177b61e18816a717bb142aaf,EXPIRED,PENDING_SIGNAL_HORIZON_EXPIRED
002789.SZ,2025-03-21,a6af819cf659b4a17292fb28d7d0870ef7b2dff7adce62bc85c889f921964139,SIGNALLED,ENTRY_SIGNAL
002789.SZ,2025-03-24,a6af819cf659b4a17292fb28d7d0870ef7b2dff7adce62bc85c889f921964139,SIGNALLED,EXECUTION_PENDING
002789.SZ,2025-03-25,a6af819cf659b4a17292fb28d7d0870ef7b2dff7adce62bc85c889f921964139,SIGNALLED,EXECUTION_PENDING
002789.SZ,2025-03-26,a6af819cf659b4a17292fb28d7d0870ef7b2dff7adce62bc85c889f921964139,SIGNALLED,EXECUTION_PENDING
002789.SZ,2025-03-27,a6af819cf659b4a17292fb28d7d0870ef7b2dff7adce62bc85c889f921964139,SIGNALLED,EXECUTION_PENDING
002789.SZ,2025-03-28,a6af819cf659b4a17292fb28d7d0870ef7b2dff7adce62bc85c889f921964139,SIGNALLED,EXECUTION_PENDING
002789.SZ,2025-03-31,a6af819cf659b4a17292fb28d7d0870ef7b2dff7adce62bc85c889f921964139,EXPIRED,PENDING_SIGNAL_HORIZON_EXPIRED
002790.SZ,2025-10-31,5988f9035b03abd5a42de68c285dc8c403d4224200eb7bd4c2818a80694deafc,ACTIVE,POOL_ADMISSION
002790.SZ,2025-11-03,5988f9035b03abd5a42de68c285dc8c403d4224200eb7bd4c2818a80694deafc,ACTIVE,POOL_OBSERVATION
002790.SZ,2025-11-04,5988f9035b03abd5a42de68c285dc8c403d4224200eb7bd4c2818a80694deafc,ACTIVE,POOL_OBSERVATION
002790.SZ,2025-11-05,5988f9035b03abd5a42de68c285dc8c403d4224200eb7bd4c2818a80694deafc,ACTIVE,POOL_OBSERVATION
002790.SZ,2025-11-06,5988f9035b03abd5a42de68c285dc8c403d4224200eb7bd4c2818a80694deafc,ACTIVE,POOL_OBSERVATION
002790.SZ,2025-11-07,5988f9035b03abd5a42de68c285dc8c403d4224200eb7bd4c2818a80694deafc,ACTIVE,POOL_OBSERVATION
002790.SZ,2025-11-10,5988f9035b03abd5a42de68c285dc8c403d4224200eb7bd4c2818a80694deafc,EXPIRED,POOL_EXPIRED
002790.SZ,2026-09-11,5ac3cc706f2ea4dc589636ddb2f6e3b102ee02c4289cbced4ee01dab7d0b7c50,ACTIVE,POOL_ADMISSION
002790.SZ,2026-09-14,5ac3cc706f2ea4dc589636ddb2f6e3b102ee02c4289cbced4ee01dab7d0b7c50,ACTIVE,POOL_OBSERVATION
002790.SZ,2026-09-15,5ac3cc706f2ea4dc589636ddb2f6e3b102ee02c4289cbced4ee01dab7d0b7c50,ACTIVE,POOL_OBSERVATION
002790.SZ,2026-09-16,5ac3cc706f2ea4dc589636ddb2f6e3b102ee02c4289cbced4ee01dab7d0b7c50,ACTIVE,POOL_OBSERVATION
002790.SZ,2026-09-17,5ac3cc706f2ea4dc589636ddb2f6e3b102ee02c4289cbced4ee01dab7d0b7c50,ACTIVE,POOL_OBSERVATION
002790.SZ,2026-09-18,5ac3cc706f2ea4dc589636ddb2f6e3b102ee02c4289cbced4ee01dab7d0b7c50,ACTIVE,POOL_OBSERVATION
002790.SZ,2026-09-21,5ac3cc706f2ea4dc589636ddb2f6e3b102ee02c4289cbced4ee01dab7d0b7c50,EXPIRED,POOL_EXPIRED
002792.SZ,2025-12-02,6d97b0d3bda1752345e332876f457be9a97e9d4b99f2169164c14daddad0545e,ACTIVE,POOL_ADMISSION
002792.SZ,2025-12-03,6d97b0d3bda1752345e332876f457be9a97e9d4b99f2169164c14daddad0545e,ACTIVE,POOL_OBSERVATION
002792.SZ,2025-12-04,6d97b0d3bda1752345e332876f457be9a97e9d4b99f2169164c14daddad0545e,ACTIVE,POOL_OBSERVATION
002792.SZ,2025-12-05,6d97b0d3bda1752345e332876f457be9a97e9d4b99f2169164c14daddad0545e,SIGNALLED,ENTRY_SIGNAL
002792.SZ,2025-12-08,6d97b0d3bda1752345e332876f457be9a97e9d4b99f2169164c14daddad0545e,SIGNALLED,EXECUTION_PENDING
002792.SZ,2025-12-09,6d97b0d3bda1752345e332876f457be9a97e9d4b99f2169164c14daddad0545e,SIGNALLED,EXECUTION_PENDING
002792.SZ,2025-12-10,6d97b0d3bda1752345e332876f457be9a97e9d4b99f2169164c14daddad0545e,EXPIRED,PENDING_SIGNAL_HORIZON_EXPIRED
002800.SZ,2025-04-10,a0c2c7d73c4d15d2fa98ce9e948f1493ac9a0564e65c4853eac1a49ebd5b7522,ACTIVE,POOL_ADMISSION
002800.SZ,2025-04-11,a0c2c7d73c4d15d2fa98ce9e948f1493ac9a0564e65c4853eac1a49ebd5b7522,ACTIVE,POOL_OBSERVATION
002800.SZ,2025-04-14,a0c2c7d73c4d15d2fa98ce9e948f1493ac9a0564e65c4853eac1a49ebd5b7522,ACTIVE,POOL_OBSERVATION
002800.SZ,2025-04-15,a0c2c7d73c4d15d2fa98ce9e948f1493ac9a0564e65c4853eac1a49ebd5b7522,ACTIVE,POOL_OBSERVATION
002800.SZ,2025-04-16,a0c2c7d73c4d15d2fa98ce9e948f1493ac9a0564e65c4853eac1a49ebd5b7522,ACTIVE,POOL_OBSERVATION
002800.SZ,2025-04-17,a0c2c7d73c4d15d2fa98ce9e948f1493ac9a0564e65c4853eac1a49ebd5b7522,ACTIVE,POOL_OBSERVATION
002800.SZ,2025-04-18,a0c2c7d73c4d15d2fa98ce9e948f1493ac9a0564e65c4853eac1a49ebd5b7522,EXPIRED,POOL_EXPIRED
002809.SZ,2025-04-22,469411b4ddb079d17b8f3722b78a0118e16baff07e3f8488545d596e469fc6f9,SIGNALLED,ENTRY_SIGNAL
002809.SZ,2025-04-23,469411b4ddb079d17b8f3722b78a0118e16baff07e3f8488545d596e469fc6f9,SIGNALLED,EXECUTION_PENDING
002809.SZ,2025-04-24,469411b4ddb079d17b8f3722b78a0118e16baff07e3f8488545d596e469fc6f9,SIGNALLED,EXECUTION_PENDING
002809.SZ,2025-04-25,469411b4ddb079d17b8f3722b78a0118e16baff07e3f8488545d596e469fc6f9,SIGNALLED,EXECUTION_PENDING
002809.SZ,2025-04-28,469411b4ddb079d17b8f3722b78a0118e16baff07e3f8488545d596e469fc6f9,SIGNALLED,EXECUTION_PENDING
002809.SZ,2025-04-29,469411b4ddb079d17b8f3722b78a0118e16baff07e3f8488545d596e469fc6f9,SIGNALLED,EXECUTION_PENDING
002809.SZ,2025-04-30,469411b4ddb079d17b8f3722b78a0118e16baff07e3f8488545d596e469fc6f9,EXPIRED,PENDING_SIGNAL_HORIZON_EXPIRED
002809.SZ,2025-05-13,ec9a00b4ea036f9d58b457a21f5d3af1406b6285f14971f1cef889c2e6170c04,ACTIVE,POOL_ADMISSION
002809.SZ,2025-05-14,ec9a00b4ea036f9d58b457a21f5d3af1406b6285f14971f1cef889c2e6170c04,ACTIVE,POOL_OBSERVATION
002809.SZ,2025-05-15,ec9a00b4ea036f9d58b457a21f5d3af1406b6285f14971f1cef889c2e6170c04,ACTIVE,POOL_OBSERVATION
002809.SZ,2025-05-16,ec9a00b4ea036f9d58b457a21f5d3af1406b6285f14971f1cef889c2e6170c04,SIGNALLED,ENTRY_SIGNAL
002809.SZ,2025-05-19,ec9a00b4ea036f9d58b457a21f5d3af1406b6285f14971f1cef889c2e6170c04,SIGNALLED,EXECUTION_PENDING
002809.SZ,2025-05-20,ec9a00b4ea036f9d58b457a21f5d3af1406b6285f14971f1cef889c2e6170c04,SIGNALLED,EXECUTION_PENDING
002809.SZ,2025-05-21,ec9a00b4ea036f9d58b457a21f5d3af1406b6285f14971f1cef889c2e6170c04,EXPIRED,PENDING_SIGNAL_HORIZON_EXPIRED
002811.SZ,2025-05-20,7330310f272e9fa410679e8bfb5fd96b9418820f2cc817abcea616696159a922,ACTIVE,POOL_ADMISSION
002811.SZ,2025-05-21,7330310f272e9fa410679e8bfb5fd96b9418820f2cc817abcea616696159a922,ACTIVE,POOL_OBSERVATION
002811.SZ,2025-05-22,7330310f272e9fa410679e8bfb5fd96b9418820f2cc817abcea616696159a922,ACTIVE,POOL_OBSERVATION
002811.SZ,2025-05-23,7330310f272e9fa410679e8bfb5fd96b9418820f2cc817abcea616696159a922,SIGNALLED,ENTRY_SIGNAL
002811.SZ,2025-05-26,7330310f272e9fa410679e8bfb5fd96b9418820f2cc817abcea616696159a922,SIGNALLED,EXECUTION_PENDING
002811.SZ,2025-05-27,7330310f272e9fa410679e8bfb5fd96b9418820f2cc817abcea616696159a922,INVALIDATED,HARD_INVALIDATION
002820.SZ,2024-11-27,d06ca5ef33be1a30af1729de34851c5ba34320b154de9e040db80de3d0ff886c,ACTIVE,POOL_ADMISSION
002820.SZ,2024-11-28,d06ca5ef33be1a30af1729de34851c5ba34320b154de9e040db80de3d0ff886c,ACTIVE,POOL_OBSERVATION
002820.SZ,2024-11-29,d06ca5ef33be1a30af1729de34851c5ba34320b154de9e040db80de3d0ff886c,ACTIVE,POOL_OBSERVATION
002820.SZ,2024-12-02,d06ca5ef33be1a30af1729de34851c5ba34320b154de9e040db80de3d0ff886c,ACTIVE,POOL_OBSERVATION
002820.SZ,2024-12-03,d06ca5ef33be1a30af1729de34851c5ba34320b154de9e040db80de3d0ff886c,ACTIVE,POOL_OBSERVATION
002820.SZ,2024-12-04,d06ca5ef33be1a30af1729de34851c5ba34320b154de9e040db80de3d0ff886c,SIGNALLED,ENTRY_SIGNAL
002820.SZ,2024-12-05,d06ca5ef33be1a30af1729de34851c5ba34320b154de9e040db80de3d0ff886c,EXPIRED,PENDING_SIGNAL_HORIZON_EXPIRED
002826.SZ,2025-06-09,2bf3b2123c7f6e1221f7dddd5fa998d6e750bfffbe2a170e3412c51b8b5d43df,ACTIVE,POOL_ADMISSION
002826.SZ,2025-06-10,2bf3b2123c7f6e1221f7dddd5fa998d6e750bfffbe2a170e3412c51b8b5d43df,ACTIVE,POOL_OBSERVATION
002826.SZ,2025-06-11,2bf3b2123c7f6e1221f7dddd5fa998d6e750bfffbe2a170e3412c51b8b5d43df,ACTIVE,POOL_OBSERVATION
002826.SZ,2025-06-12,2bf3b2123c7f6e1221f7dddd5fa998d6e750bfffbe2a170e3412c51b8b5d43df,ACTIVE,POOL_OBSERVATION
002826.SZ,2025-06-13,2bf3b2123c7f6e1221f7dddd5fa998d6e750bfffbe2a170e3412c51b8b5d43df,ACTIVE,POOL_OBSERVATION
002826.SZ,2025-06-16,2bf3b2123c7f6e1221f7dddd5fa998d6e750bfffbe2a170e3412c51b8b5d43df,SIGNALLED,ENTRY_SIGNAL
002826.SZ,2025-06-17,2bf3b2123c7f6e1221f7dddd5fa998d6e750bfffbe2a170e3412c51b8b5d43df,EXPIRED,PENDING_SIGNAL_HORIZON_EXPIRED
002827.SZ,2025-07-24,4cc1a80d488c160e5ff115262e6c54565848eb57803a989f31275c33810909a7,ACTIVE,POOL_ADMISSION
002827.SZ,2025-07-25,4cc1a80d488c160e5ff115262e6c54565848eb57803a989f31275c33810909a7,ACTIVE,POOL_OBSERVATION
002827.SZ,2025-07-28,4cc1a80d488c160e5ff115262e6c54565848eb57803a989f31275c33810909a7,ACTIVE,POOL_OBSERVATION
002827.SZ,2025-07-29,4cc1a80d488c160e5ff115262e6c54565848eb57803a989f31275c33810909a7,ACTIVE,POOL_OBSERVATION
002827.SZ,2025-07-30,4cc1a80d488c160e5ff115262e6c54565848eb57803a989f31275c33810909a7,ACTIVE,POOL_OBSERVATION
002827.SZ,2025-07-31,4cc1a80d488c160e5ff115262e6c54565848eb57803a989f31275c33810909a7,ACTIVE,POOL_OBSERVATION
002827.SZ,2025-08-01,4cc1a80d488c160e5ff115262e6c54565848eb57803a989f31275c33810909a7,EXPIRED,POOL_EXPIRED
002827.SZ,2026-08-03,7a11950e9021b14826be99f84111d3900e2f7f436de3bb97154c9bdbbfdd4df7,ACTIVE,POOL_ADMISSION
002827.SZ,2026-08-04,7a11950e9021b14826be99f84111d3900e2f7f436de3bb97154c9bdbbfdd4df7,ACTIVE,POOL_OBSERVATION
002827.SZ,2026-08-05,7a11950e9021b14826be99f84111d3900e2f7f436de3bb97154c9bdbbfdd4df7,ACTIVE,POOL_OBSERVATION
002827.SZ,2026-08-06,7a11950e9021b14826be99f84111d3900e2f7f436de3bb97154c9bdbbfdd4df7,ACTIVE,POOL_OBSERVATION
002827.SZ,2026-08-07,7a11950e9021b14826be99f84111d3900e2f7f436de3bb97154c9bdbbfdd4df7,ACTIVE,POOL_OBSERVATION
002827.SZ,2026-08-10,7a11950e9021b14826be99f84111d3900e2f7f436de3bb97154c9bdbbfdd4df7,ACTIVE,POOL_OBSERVATION
002827.SZ,2026-08-11,7a11950e9021b14826be99f84111d3900e2f7f436de3bb97154c9bdbbfdd4df7,EXPIRED,POOL_EXPIRED
002828.SZ,2025-06-18,b63d1a4905e186677af67dc07e97b11b6d2d86171eec3ac506edb5ed0a524efd,ACTIVE,POOL_ADMISSION
002828.SZ,2025-06-19,b63d1a4905e186677af67dc07e97b11b6d2d86171eec3ac506edb5ed0a524efd,ACTIVE,POOL_OBSERVATION
002828.SZ,2025-06-20,b63d1a4905e186677af67dc07e97b11b6d2d86171eec3ac506edb5ed0a524efd,ACTIVE,POOL_OBSERVATION
002828.SZ,2025-06-23,b63d1a4905e186677af67dc07e97b11b6d2d86171eec3ac506edb5ed0a524efd,SIGNALLED,ENTRY_SIGNAL
002828.SZ,2025-06-24,b63d1a4905e186677af67dc07e97b11b6d2d86171eec3ac506edb5ed0a524efd,SIGNALLED,EXECUTION_PENDING
002828.SZ,2025-06-25,b63d1a4905e186677af67dc07e97b11b6d2d86171eec3ac506edb5ed0a524efd,SIGNALLED,EXECUTION_PENDING
002828.SZ,2025-06-26,b63d1a4905e186677af67dc07e97b11b6d2d86171eec3ac506edb5ed0a524efd,EXPIRED,PENDING_SIGNAL_HORIZON_EXPIRED
002829.SZ,2024-07-15,17036624350f6a552406212911e09554edb21740ede37ce4be56f52cca6be5f1,ACTIVE,POOL_ADMISSION
002829.SZ,2024-07-16,17036624350f6a552406212911e09554edb21740ede37ce4be56f52cca6be5f1,ACTIVE,POOL_OBSERVATION
002829.SZ,2024-07-17,17036624350f6a552406212911e09554edb21740ede37ce4be56f52cca6be5f1,ACTIVE,POOL_OBSERVATION
002829.SZ,2024-07-18,17036624350f6a552406212911e09554edb21740ede37ce4be56f52cca6be5f1,ACTIVE,POOL_OBSERVATION
002829.SZ,2024-07-19,17036624350f6a552406212911e09554edb21740ede37ce4be56f52cca6be5f1,ACTIVE,POOL_OBSERVATION
002829.SZ,2024-07-22,17036624350f6a552406212911e09554edb21740ede37ce4be56f52cca6be5f1,ACTIVE,POOL_OBSERVATION
002829.SZ,2024-07-23,17036624350f6a552406212911e09554edb21740ede37ce4be56f52cca6be5f1,EXPIRED,POOL_EXPIRED
002830.SZ,2026-02-04,29c2aabf9f3190de2b6221086c8f43ddc1d0a22ba6d2f6f0a2e3d79be0d57f5a,ACTIVE,POOL_ADMISSION
002830.SZ,2026-02-05,29c2aabf9f3190de2b6221086c8f43ddc1d0a22ba6d2f6f0a2e3d79be0d57f5a,ACTIVE,POOL_OBSERVATION
002830.SZ,2026-02-06,29c2aabf9f3190de2b6221086c8f43ddc1d0a22ba6d2f6f0a2e3d79be0d57f5a,SIGNALLED,ENTRY_SIGNAL
002830.SZ,2026-02-09,29c2aabf9f3190de2b6221086c8f43ddc1d0a22ba6d2f6f0a2e3d79be0d57f5a,SIGNALLED,EXECUTION_PENDING
002830.SZ,2026-02-10,29c2aabf9f3190de2b6221086c8f43ddc1d0a22ba6d2f6f0a2e3d79be0d57f5a,SIGNALLED,EXECUTION_PENDING
002830.SZ,2026-02-11,29c2aabf9f3190de2b6221086c8f43ddc1d0a22ba6d2f6f0a2e3d79be0d57f5a,SIGNALLED,EXECUTION_PENDING
002830.SZ,2026-02-12,29c2aabf9f3190de2b6221086c8f43ddc1d0a22ba6d2f6f0a2e3d79be0d57f5a,EXPIRED,PENDING_SIGNAL_HORIZON_EXPIRED
002846.SZ,2025-06-25,29bccc2dfd4677e27c062cefc75324be440e2fa5f765a964e0834e22fbba4cfa,ACTIVE,POOL_ADMISSION
002846.SZ,2025-06-26,29bccc2dfd4677e27c062cefc75324be440e2fa5f765a964e0834e22fbba4cfa,ACTIVE,POOL_OBSERVATION
002846.SZ,2025-06-27,29bccc2dfd4677e27c062cefc75324be440e2fa5f765a964e0834e22fbba4cfa,ACTIVE,POOL_OBSERVATION
002846.SZ,2025-06-30,29bccc2dfd4677e27c062cefc75324be440e2fa5f765a964e0834e22fbba4cfa,SIGNALLED,ENTRY_SIGNAL
002846.SZ,2025-07-01,29bccc2dfd4677e27c062cefc75324be440e2fa5f765a964e0834e22fbba4cfa,SIGNALLED,EXECUTION_PENDING
002846.SZ,2025-07-02,29bccc2dfd4677e27c062cefc75324be440e2fa5f765a964e0834e22fbba4cfa,SIGNALLED,EXECUTION_PENDING
002846.SZ,2025-07-03,29bccc2dfd4677e27c062cefc75324be440e2fa5f765a964e0834e22fbba4cfa,EXPIRED,PENDING_SIGNAL_HORIZON_EXPIRED
002851.SZ,2024-10-23,010ca25eaa985d1c3757b576b9aff4d5e816870b374f9137d26ddb059df2752d,ACTIVE,POOL_ADMISSION
002851.SZ,2024-10-24,010ca25eaa985d1c3757b576b9aff4d5e816870b374f9137d26ddb059df2752d,ACTIVE,POOL_OBSERVATION
002851.SZ,2024-10-25,010ca25eaa985d1c3757b576b9aff4d5e816870b374f9137d26ddb059df2752d,ACTIVE,POOL_OBSERVATION
002851.SZ,2024-10-28,010ca25eaa985d1c3757b576b9aff4d5e816870b374f9137d26ddb059df2752d,SIGNALLED,ENTRY_SIGNAL
002851.SZ,2024-10-29,010ca25eaa985d1c3757b576b9aff4d5e816870b374f9137d26ddb059df2752d,SIGNALLED,EXECUTION_PENDING
002851.SZ,2024-10-30,010ca25eaa985d1c3757b576b9aff4d5e816870b374f9137d26ddb059df2752d,SIGNALLED,EXECUTION_PENDING
002851.SZ,2024-10-31,010ca25eaa985d1c3757b576b9aff4d5e816870b374f9137d26ddb059df2752d,EXPIRED,PENDING_SIGNAL_HORIZON_EXPIRED
002853.SZ,2025-12-18,73585190467c975190da48b897af9adca9208d7dcef8e0c21c6ccda93cafba62,ACTIVE,POOL_ADMISSION
002853.SZ,2025-12-19,73585190467c975190da48b897af9adca9208d7dcef8e0c21c6ccda93cafba62,ACTIVE,POOL_OBSERVATION
002853.SZ,2025-12-22,73585190467c975190da48b897af9adca9208d7dcef8e0c21c6ccda93cafba62,SIGNALLED,ENTRY_SIGNAL
002853.SZ,2025-12-23,73585190467c975190da48b897af9adca9208d7dcef8e0c21c6ccda93cafba62,SIGNALLED,EXECUTION_PENDING
002853.SZ,2025-12-24,73585190467c975190da48b897af9adca9208d7dcef8e0c21c6ccda93cafba62,SIGNALLED,EXECUTION_PENDING
002853.SZ,2025-12-25,73585190467c975190da48b897af9adca9208d7dcef8e0c21c6ccda93cafba62,SIGNALLED,EXECUTION_PENDING
002853.SZ,2025-12-26,73585190467c975190da48b897af9adca9208d7dcef8e0c21c6ccda93cafba62,EXPIRED,PENDING_SIGNAL_HORIZON_EXPIRED
002855.SZ,2026-08-28,b128c7a793ee2d73529a115615f51f81ff39b0ece7a911cc702310e8cae5f45e,ACTIVE,POOL_ADMISSION
002855.SZ,2026-08-31,b128c7a793ee2d73529a115615f51f81ff39b0ece7a911cc702310e8cae5f45e,ACTIVE,POOL_OBSERVATION
002855.SZ,2026-09-01,b128c7a793ee2d73529a115615f51f81ff39b0ece7a911cc702310e8cae5f45e,ACTIVE,POOL_OBSERVATION
002855.SZ,2026-09-02,b128c7a793ee2d73529a115615f51f81ff39b0ece7a911cc702310e8cae5f45e,ACTIVE,POOL_OBSERVATION
002855.SZ,2026-09-03,b128c7a793ee2d73529a115615f51f81ff39b0ece7a911cc702310e8cae5f45e,ACTIVE,POOL_OBSERVATION
002855.SZ,2026-09-04,b128c7a793ee2d73529a115615f51f81ff39b0ece7a911cc702310e8cae5f45e,SIGNALLED,ENTRY_SIGNAL
002855.SZ,2026-09-07,b128c7a793ee2d73529a115615f51f81ff39b0ece7a911cc702310e8cae5f45e,EXPIRED,PENDING_SIGNAL_HORIZON_EXPIRED
002861.SZ,2025-01-22,f2a3fcff65f635d3a2a1ed6a684b1df651b9eb369321a41e6e176a60b24940c7,ACTIVE,POOL_ADMISSION
002861.SZ,2025-01-23,f2a3fcff65f635d3a2a1ed6a684b1df651b9eb369321a41e6e176a60b24940c7,ACTIVE,POOL_OBSERVATION
002861.SZ,2025-01-24,f2a3fcff65f635d3a2a1ed6a684b1df651b9eb369321a41e6e176a60b24940c7,ACTIVE,POOL_OBSERVATION
002861.SZ,2025-01-27,f2a3fcff65f635d3a2a1ed6a684b1df651b9eb369321a41e6e176a60b24940c7,ACTIVE,POOL_OBSERVATION
002861.SZ,2025-02-05,f2a3fcff65f635d3a2a1ed6a684b1df651b9eb369321a41e6e176a60b24940c7,ACTIVE,POOL_OBSERVATION
002861.SZ,2025-02-06,f2a3fcff65f635d3a2a1ed6a684b1df651b9eb369321a41e6e176a60b24940c7,ACTIVE,POOL_OBSERVATION
002861.SZ,2025-02-07,f2a3fcff65f635d3a2a1ed6a684b1df651b9eb369321a41e6e176a60b24940c7,EXPIRED,POOL_EXPIRED
002862.SZ,2024-11-25,c4eaa31cf3b7639560b4d9fdb1e767f50866a89887b9e6cca4a4109a183025ca,ACTIVE,POOL_ADMISSION
002862.SZ,2024-11-26,c4eaa31cf3b7639560b4d9fdb1e767f50866a89887b9e6cca4a4109a183025ca,ACTIVE,POOL_OBSERVATION
002862.SZ,2024-11-27,c4eaa31cf3b7639560b4d9fdb1e767f50866a89887b9e6cca4a4109a183025ca,ACTIVE,POOL_OBSERVATION
002862.SZ,2024-11-28,c4eaa31cf3b7639560b4d9fdb1e767f50866a89887b9e6cca4a4109a183025ca,ACTIVE,POOL_OBSERVATION
002862.SZ,2024-11-29,c4eaa31cf3b7639560b4d9fdb1e767f50866a89887b9e6cca4a4109a183025ca,ACTIVE,POOL_OBSERVATION
002862.SZ,2024-12-02,c4eaa31cf3b7639560b4d9fdb1e767f50866a89887b9e6cca4a4109a183025ca,ACTIVE,POOL_OBSERVATION
002862.SZ,2024-12-03,c4eaa31cf3b7639560b4d9fdb1e767f50866a89887b9e6cca4a4109a183025ca,EXPIRED,POOL_EXPIRED
002878.SZ,2025-06-13,f1a2b57c2315961edc93d97592b8e7991d749e45ba47cbe9a75b7ff9ef5c1337,ACTIVE,POOL_ADMISSION
002878.SZ,2025-06-16,f1a2b57c2315961edc93d97592b8e7991d749e45ba47cbe9a75b7ff9ef5c1337,ACTIVE,POOL_OBSERVATION
002878.SZ,2025-06-17,f1a2b57c2315961edc93d97592b8e7991d749e45ba47cbe9a75b7ff9ef5c1337,ACTIVE,POOL_OBSERVATION
002878.SZ,2025-06-18,f1a2b57c2315961edc93d97592b8e7991d749e45ba47cbe9a75b7ff9ef5c1337,ACTIVE,POOL_OBSERVATION
002878.SZ,2025-06-19,f1a2b57c2315961edc93d97592b8e7991d749e45ba47cbe9a75b7ff9ef5c1337,ACTIVE,POOL_OBSERVATION
002878.SZ,2025-06-20,f1a2b57c2315961edc93d97592b8e7991d749e45ba47cbe9a75b7ff9ef5c1337,ACTIVE,POOL_OBSERVATION
002878.SZ,2025-06-23,f1a2b57c2315961edc93d97592b8e7991d749e45ba47cbe9a75b7ff9ef5c1337,EXPIRED,POOL_EXPIRED
002879.SZ,2026-07-24,bdb8ca6b3fc849bb4b9ea911d80b98ece3bfc8c02cf0bbe49df83a78fc2550f6,ACTIVE,POOL_ADMISSION
002879.SZ,2026-07-27,bdb8ca6b3fc849bb4b9ea911d80b98ece3bfc8c02cf0bbe49df83a78fc2550f6,ACTIVE,POOL_OBSERVATION
002879.SZ,2026-07-28,bdb8ca6b3fc849bb4b9ea911d80b98ece3bfc8c02cf0bbe49df83a78fc2550f6,ACTIVE,POOL_OBSERVATION
002879.SZ,2026-07-29,bdb8ca6b3fc849bb4b9ea911d80b98ece3bfc8c02cf0bbe49df83a78fc2550f6,ACTIVE,POOL_OBSERVATION
002879.SZ,2026-07-30,bdb8ca6b3fc849bb4b9ea911d80b98ece3bfc8c02cf0bbe49df83a78fc2550f6,ACTIVE,POOL_OBSERVATION
002879.SZ,2026-07-31,bdb8ca6b3fc849bb4b9ea911d80b98ece3bfc8c02cf0bbe49df83a78fc2550f6,ACTIVE,POOL_OBSERVATION
002879.SZ,2026-08-03,bdb8ca6b3fc849bb4b9ea911d80b98ece3bfc8c02cf0bbe49df83a78fc2550f6,EXPIRED,POOL_EXPIRED
002881.SZ,2025-02-06,259b40d8d7e5c5b07f505bc131f9c05c49efce96b699404fb1663cf2075850bc,ACTIVE,POOL_ADMISSION
002881.SZ,2025-02-07,259b40d8d7e5c5b07f505bc131f9c05c49efce96b699404fb1663cf2075850bc,ACTIVE,POOL_OBSERVATION
002881.SZ,2025-02-10,259b40d8d7e5c5b07f505bc131f9c05c49efce96b699404fb1663cf2075850bc,ACTIVE,POOL_OBSERVATION
002881.SZ,2025-02-11,259b40d8d7e5c5b07f505bc131f9c05c49efce96b699404fb1663cf2075850bc,ACTIVE,POOL_OBSERVATION
002881.SZ,2025-02-12,259b40d8d7e5c5b07f505bc131f9c05c49efce96b699404fb1663cf2075850bc,ACTIVE,POOL_OBSERVATION
002881.SZ,2025-02-13,259b40d8d7e5c5b07f505bc131f9c05c49efce96b699404fb1663cf2075850bc,ACTIVE,POOL_OBSERVATION
002881.SZ,2025-02-14,259b40d8d7e5c5b07f505bc131f9c05c49efce96b699404fb1663cf2075850bc,EXPIRED,POOL_EXPIRED
002883.SZ,2025-07-24,b5271f2bc01a1086e1731d3e806f6f51139f727aab58cb2f5d9172e39ad4308d,SIGNALLED,ENTRY_SIGNAL
002883.SZ,2025-07-25,b5271f2bc01a1086e1731d3e806f6f51139f727aab58cb2f5d9172e39ad4308d,SIGNALLED,EXECUTION_PENDING
002883.SZ,2025-07-28,b5271f2bc01a1086e1731d3e806f6f51139f727aab58cb2f5d9172e39ad4308d,SIGNALLED,EXECUTION_PENDING
002883.SZ,2025-07-29,b5271f2bc01a1086e1731d3e806f6f51139f727aab58cb2f5d9172e39ad4308d,SIGNALLED,EXECUTION_PENDING
002883.SZ,2025-07-30,b5271f2bc01a1086e1731d3e806f6f51139f727aab58cb2f5d9172e39ad4308d,SIGNALLED,EXECUTION_PENDING
002883.SZ,2025-07-31,b5271f2bc01a1086e1731d3e806f6f51139f727aab58cb2f5d9172e39ad4308d,SIGNALLED,EXECUTION_PENDING
002883.SZ,2025-08-01,b5271f2bc01a1086e1731d3e806f6f51139f727aab58cb2f5d9172e39ad4308d,EXPIRED,PENDING_SIGNAL_HORIZON_EXPIRED
002886.SZ,2026-09-02,072ec7b61c5fe13448b459f53aadcd1a89ea13c484fc168d9a952bb5eb73f843,ACTIVE,POOL_ADMISSION
002886.SZ,2026-09-03,072ec7b61c5fe13448b459f53aadcd1a89ea13c484fc168d9a952bb5eb73f843,ACTIVE,POOL_OBSERVATION
002886.SZ,2026-09-04,072ec7b61c5fe13448b459f53aadcd1a89ea13c484fc168d9a952bb5eb73f843,ACTIVE,POOL_OBSERVATION
002886.SZ,2026-09-07,072ec7b61c5fe13448b459f53aadcd1a89ea13c484fc168d9a952bb5eb73f843,ACTIVE,POOL_OBSERVATION
002886.SZ,2026-09-08,072ec7b61c5fe13448b459f53aadcd1a89ea13c484fc168d9a952bb5eb73f843,ACTIVE,POOL_OBSERVATION
002886.SZ,2026-09-09,072ec7b61c5fe13448b459f53aadcd1a89ea13c484fc168d9a952bb5eb73f843,ACTIVE,POOL_OBSERVATION
002886.SZ,2026-09-10,072ec7b61c5fe13448b459f53aadcd1a89ea13c484fc168d9a952bb5eb73f843,EXPIRED,POOL_EXPIRED
002892.SZ,2024-11-08,10c4355a94632b61d11781a5104e9f27e0b8f4749f6d969e4b583ba98811b3b3,ACTIVE,POOL_ADMISSION
002892.SZ,2024-11-11,10c4355a94632b61d11781a5104e9f27e0b8f4749f6d969e4b583ba98811b3b3,ACTIVE,POOL_OBSERVATION
002892.SZ,2024-11-12,10c4355a94632b61d11781a5104e9f27e0b8f4749f6d969e4b583ba98811b3b3,SIGNALLED,ENTRY_SIGNAL
002892.SZ,2024-11-13,10c4355a94632b61d11781a5104e9f27e0b8f4749f6d969e4b583ba98811b3b3,SIGNALLED,EXECUTION_PENDING
002892.SZ,2024-11-14,10c4355a94632b61d11781a5104e9f27e0b8f4749f6d969e4b583ba98811b3b3,SIGNALLED,EXECUTION_PENDING
002892.SZ,2024-11-15,10c4355a94632b61d11781a5104e9f27e0b8f4749f6d969e4b583ba98811b3b3,SIGNALLED,EXECUTION_PENDING
002892.SZ,2024-11-18,10c4355a94632b61d11781a5104e9f27e0b8f4749f6d969e4b583ba98811b3b3,EXPIRED,PENDING_SIGNAL_HORIZON_EXPIRED
002900.SZ,2025-04-08,4376652064724acac54ef60604f8e290117de4f08108fab6466e4c7f59c476c2,SIGNALLED,ENTRY_SIGNAL
002900.SZ,2025-04-09,4376652064724acac54ef60604f8e290117de4f08108fab6466e4c7f59c476c2,SIGNALLED,EXECUTION_PENDING
002900.SZ,2025-04-10,4376652064724acac54ef60604f8e290117de4f08108fab6466e4c7f59c476c2,SIGNALLED,EXECUTION_PENDING
002900.SZ,2025-04-11,4376652064724acac54ef60604f8e290117de4f08108fab6466e4c7f59c476c2,SIGNALLED,EXECUTION_PENDING
002900.SZ,2025-04-14,4376652064724acac54ef60604f8e290117de4f08108fab6466e4c7f59c476c2,SIGNALLED,EXECUTION_PENDING
002900.SZ,2025-04-15,4376652064724acac54ef60604f8e290117de4f08108fab6466e4c7f59c476c2,SIGNALLED,EXECUTION_PENDING
002900.SZ,2025-04-16,4376652064724acac54ef60604f8e290117de4f08108fab6466e4c7f59c476c2,EXPIRED,PENDING_SIGNAL_HORIZON_EXPIRED
002905.SZ,2025-03-17,d14605e82ddf627552c7dedf17edff085ea144bdd4ee0a1065429f0ea0b9bbb2,ACTIVE,POOL_ADMISSION
002905.SZ,2025-03-18,d14605e82ddf627552c7dedf17edff085ea144bdd4ee0a1065429f0ea0b9bbb2,ACTIVE,POOL_OBSERVATION
002905.SZ,2025-03-19,d14605e82ddf627552c7dedf17edff085ea144bdd4ee0a1065429f0ea0b9bbb2,ACTIVE,POOL_OBSERVATION
002905.SZ,2025-03-20,d14605e82ddf627552c7dedf17edff085ea144bdd4ee0a1065429f0ea0b9bbb2,ACTIVE,POOL_OBSERVATION
002905.SZ,2025-03-21,d14605e82ddf627552c7dedf17edff085ea144bdd4ee0a1065429f0ea0b9bbb2,ACTIVE,POOL_OBSERVATION
002905.SZ,2025-03-24,d14605e82ddf627552c7dedf17edff085ea144bdd4ee0a1065429f0ea0b9bbb2,ACTIVE,POOL_OBSERVATION
002905.SZ,2025-03-25,d14605e82ddf627552c7dedf17edff085ea144bdd4ee0a1065429f0ea0b9bbb2,EXPIRED,POOL_EXPIRED
002909.SZ,2025-05-16,b5e35b142e995072ddd94378658175c701e1b26811c43a663aecb11ace850df4,ACTIVE,POOL_ADMISSION
002909.SZ,2025-05-19,b5e35b142e995072ddd94378658175c701e1b26811c43a663aecb11ace850df4,ACTIVE,POOL_OBSERVATION
002909.SZ,2025-05-20,b5e35b142e995072ddd94378658175c701e1b26811c43a663aecb11ace850df4,ACTIVE,POOL_OBSERVATION
002909.SZ,2025-05-21,b5e35b142e995072ddd94378658175c701e1b26811c43a663aecb11ace850df4,ACTIVE,POOL_OBSERVATION
002909.SZ,2025-05-22,b5e35b142e995072ddd94378658175c701e1b26811c43a663aecb11ace850df4,ACTIVE,POOL_OBSERVATION
002909.SZ,2025-05-23,b5e35b142e995072ddd94378658175c701e1b26811c43a663aecb11ace850df4,ACTIVE,POOL_OBSERVATION
002909.SZ,2025-05-26,b5e35b142e995072ddd94378658175c701e1b26811c43a663aecb11ace850df4,EXPIRED,POOL_EXPIRED
002909.SZ,2026-09-03,70e5a3c1d5b8a48676ea145e1efd286c4edc975b454cc6d20826f927d2f29efc,ACTIVE,POOL_ADMISSION
002909.SZ,2026-09-04,70e5a3c1d5b8a48676ea145e1efd286c4edc975b454cc6d20826f927d2f29efc,ACTIVE,POOL_OBSERVATION
002909.SZ,2026-09-07,70e5a3c1d5b8a48676ea145e1efd286c4edc975b454cc6d20826f927d2f29efc,SIGNALLED,ENTRY_SIGNAL
002909.SZ,2026-09-08,70e5a3c1d5b8a48676ea145e1efd286c4edc975b454cc6d20826f927d2f29efc,SIGNALLED,EXECUTION_PENDING
002909.SZ,2026-09-09,70e5a3c1d5b8a48676ea145e1efd286c4edc975b454cc6d20826f927d2f29efc,SIGNALLED,EXECUTION_PENDING
002909.SZ,2026-09-10,70e5a3c1d5b8a48676ea145e1efd286c4edc975b454cc6d20826f927d2f29efc,SIGNALLED,EXECUTION_PENDING
002909.SZ,2026-09-11,70e5a3c1d5b8a48676ea145e1efd286c4edc975b454cc6d20826f927d2f29efc,EXPIRED,PENDING_SIGNAL_HORIZON_EXPIRED
002910.SZ,2025-02-26,ff325dcfd63a9924f35dd5f1bc8f37f99faf9fda93fecacc018f29ab76fc273f,ACTIVE,POOL_ADMISSION
002910.SZ,2025-02-27,ff325dcfd63a9924f35dd5f1bc8f37f99faf9fda93fecacc018f29ab76fc273f,ACTIVE,POOL_OBSERVATION
002910.SZ,2025-02-28,ff325dcfd63a9924f35dd5f1bc8f37f99faf9fda93fecacc018f29ab76fc273f,ACTIVE,POOL_OBSERVATION
002910.SZ,2025-03-03,ff325dcfd63a9924f35dd5f1bc8f37f99faf9fda93fecacc018f29ab76fc273f,ACTIVE,POOL_OBSERVATION
002910.SZ,2025-03-04,ff325dcfd63a9924f35dd5f1bc8f37f99faf9fda93fecacc018f29ab76fc273f,ACTIVE,POOL_OBSERVATION
002910.SZ,2025-03-05,ff325dcfd63a9924f35dd5f1bc8f37f99faf9fda93fecacc018f29ab76fc273f,ACTIVE,POOL_OBSERVATION
002910.SZ,2025-03-06,ff325dcfd63a9924f35dd5f1bc8f37f99faf9fda93fecacc018f29ab76fc273f,EXPIRED,POOL_EXPIRED
002910.SZ,2025-12-22,f5135aff715744fd6675de0c921a5478569bed1027bcc358fd05a022e8b7cecd,ACTIVE,POOL_ADMISSION
002910.SZ,2025-12-23,f5135aff715744fd6675de0c921a5478569bed1027bcc358fd05a022e8b7cecd,ACTIVE,POOL_OBSERVATION
002910.SZ,2025-12-24,f5135aff715744fd6675de0c921a5478569bed1027bcc358fd05a022e8b7cecd,ACTIVE,POOL_OBSERVATION
002910.SZ,2025-12-25,f5135aff715744fd6675de0c921a5478569bed1027bcc358fd05a022e8b7cecd,ACTIVE,POOL_OBSERVATION
002910.SZ,2025-12-26,f5135aff715744fd6675de0c921a5478569bed1027bcc358fd05a022e8b7cecd,ACTIVE,POOL_OBSERVATION
002910.SZ,2025-12-29,f5135aff715744fd6675de0c921a5478569bed1027bcc358fd05a022e8b7cecd,ACTIVE,POOL_OBSERVATION
002910.SZ,2025-12-30,f5135aff715744fd6675de0c921a5478569bed1027bcc358fd05a022e8b7cecd,EXPIRED,POOL_EXPIRED
002912.SZ,2024-10-30,d73e237dfc931a7585c56a52276c342d611581b3c8e440c3c6f343caae5b1b83,ACTIVE,POOL_ADMISSION
002912.SZ,2024-10-31,d73e237dfc931a7585c56a52276c342d611581b3c8e440c3c6f343caae5b1b83,ACTIVE,POOL_OBSERVATION
002912.SZ,2024-11-01,d73e237dfc931a7585c56a52276c342d611581b3c8e440c3c6f343caae5b1b83,ACTIVE,POOL_OBSERVATION
002912.SZ,2024-11-04,d73e237dfc931a7585c56a52276c342d611581b3c8e440c3c6f343caae5b1b83,SIGNALLED,ENTRY_SIGNAL
002912.SZ,2024-11-05,d73e237dfc931a7585c56a52276c342d611581b3c8e440c3c6f343caae5b1b83,SIGNALLED,EXECUTION_PENDING
002912.SZ,2024-11-06,d73e237dfc931a7585c56a52276c342d611581b3c8e440c3c6f343caae5b1b83,SIGNALLED,EXECUTION_PENDING
002912.SZ,2024-11-07,d73e237dfc931a7585c56a52276c342d611581b3c8e440c3c6f343caae5b1b83,EXPIRED,PENDING_SIGNAL_HORIZON_EXPIRED
002912.SZ,2026-09-15,72803e04454fe07c05f34573cb31bde2995ec9e72c85b0525fa38264f1a81a38,ACTIVE,POOL_ADMISSION
002912.SZ,2026-09-16,72803e04454fe07c05f34573cb31bde2995ec9e72c85b0525fa38264f1a81a38,ACTIVE,POOL_OBSERVATION
002912.SZ,2026-09-17,72803e04454fe07c05f34573cb31bde2995ec9e72c85b0525fa38264f1a81a38,ACTIVE,POOL_OBSERVATION
002912.SZ,2026-09-18,72803e04454fe07c05f34573cb31bde2995ec9e72c85b0525fa38264f1a81a38,ACTIVE,POOL_OBSERVATION
002912.SZ,2026-09-21,72803e04454fe07c05f34573cb31bde2995ec9e72c85b0525fa38264f1a81a38,ACTIVE,POOL_OBSERVATION
002912.SZ,2026-09-22,72803e04454fe07c05f34573cb31bde2995ec9e72c85b0525fa38264f1a81a38,ACTIVE,POOL_OBSERVATION
002912.SZ,2026-09-23,72803e04454fe07c05f34573cb31bde2995ec9e72c85b0525fa38264f1a81a38,EXPIRED,POOL_EXPIRED
002915.SZ,2025-08-11,e8628d7a621082a6ab877756351bd2f697457571a20f2d6a4e37078426bf9ca8,SIGNALLED,ENTRY_SIGNAL
002915.SZ,2025-08-12,e8628d7a621082a6ab877756351bd2f697457571a20f2d6a4e37078426bf9ca8,SIGNALLED,EXECUTION_PENDING
002915.SZ,2025-08-13,e8628d7a621082a6ab877756351bd2f697457571a20f2d6a4e37078426bf9ca8,SIGNALLED,EXECUTION_PENDING
002915.SZ,2025-08-14,e8628d7a621082a6ab877756351bd2f697457571a20f2d6a4e37078426bf9ca8,SIGNALLED,EXECUTION_PENDING
002915.SZ,2025-08-15,e8628d7a621082a6ab877756351bd2f697457571a20f2d6a4e37078426bf9ca8,SIGNALLED,EXECUTION_PENDING
002915.SZ,2025-08-18,e8628d7a621082a6ab877756351bd2f697457571a20f2d6a4e37078426bf9ca8,SIGNALLED,EXECUTION_PENDING
002915.SZ,2025-08-19,e8628d7a621082a6ab877756351bd2f697457571a20f2d6a4e37078426bf9ca8,EXPIRED,PENDING_SIGNAL_HORIZON_EXPIRED
002917.SZ,2025-01-14,b32c3f682d5cdd47a2b35f666e3dc13e225406c7dd58fe7350dc8ff1815d8fd9,ACTIVE,POOL_ADMISSION
002917.SZ,2025-01-15,b32c3f682d5cdd47a2b35f666e3dc13e225406c7dd58fe7350dc8ff1815d8fd9,ACTIVE,POOL_OBSERVATION
002917.SZ,2025-01-16,b32c3f682d5cdd47a2b35f666e3dc13e225406c7dd58fe7350dc8ff1815d8fd9,ACTIVE,POOL_OBSERVATION
002917.SZ,2025-01-17,b32c3f682d5cdd47a2b35f666e3dc13e225406c7dd58fe7350dc8ff1815d8fd9,ACTIVE,POOL_OBSERVATION
002917.SZ,2025-01-20,b32c3f682d5cdd47a2b35f666e3dc13e225406c7dd58fe7350dc8ff1815d8fd9,ACTIVE,POOL_OBSERVATION
002917.SZ,2025-01-21,b32c3f682d5cdd47a2b35f666e3dc13e225406c7dd58fe7350dc8ff1815d8fd9,ACTIVE,POOL_OBSERVATION
002917.SZ,2025-01-22,b32c3f682d5cdd47a2b35f666e3dc13e225406c7dd58fe7350dc8ff1815d8fd9,SIGNALLED,ENTRY_SIGNAL
002917.SZ,2025-01-23,b32c3f682d5cdd47a2b35f666e3dc13e225406c7dd58fe7350dc8ff1815d8fd9,EXPIRED,PENDING_SIGNAL_HORIZON_EXPIRED
002918.SZ,2026-05-13,4e0f46906f48c3355adbafd3c9930079a585d569095725008b2f4eb06de50474,ACTIVE,POOL_ADMISSION
002918.SZ,2026-05-14,4e0f46906f48c3355adbafd3c9930079a585d569095725008b2f4eb06de50474,ACTIVE,POOL_OBSERVATION
002918.SZ,2026-05-15,4e0f46906f48c3355adbafd3c9930079a585d569095725008b2f4eb06de50474,ACTIVE,POOL_OBSERVATION
002918.SZ,2026-05-18,4e0f46906f48c3355adbafd3c9930079a585d569095725008b2f4eb06de50474,ACTIVE,POOL_OBSERVATION
002918.SZ,2026-05-19,4e0f46906f48c3355adbafd3c9930079a585d569095725008b2f4eb06de50474,ACTIVE,POOL_OBSERVATION
002918.SZ,2026-05-20,4e0f46906f48c3355adbafd3c9930079a585d569095725008b2f4eb06de50474,ACTIVE,POOL_OBSERVATION
002918.SZ,2026-05-21,4e0f46906f48c3355adbafd3c9930079a585d569095725008b2f4eb06de50474,EXPIRED,POOL_EXPIRED
002929.SZ,2025-02-14,ad5f418a5a5ff969be535e0adf2778c94c2806bcfacb583d710e744942612d74,SIGNALLED,ENTRY_SIGNAL
002929.SZ,2025-02-17,ad5f418a5a5ff969be535e0adf2778c94c2806bcfacb583d710e744942612d74,SIGNALLED,EXECUTION_PENDING
002929.SZ,2025-02-18,ad5f418a5a5ff969be535e0adf2778c94c2806bcfacb583d710e744942612d74,SIGNALLED,EXECUTION_PENDING
002929.SZ,2025-02-19,ad5f418a5a5ff969be535e0adf2778c94c2806bcfacb583d710e744942612d74,SIGNALLED,EXECUTION_PENDING
002929.SZ,2025-02-20,ad5f418a5a5ff969be535e0adf2778c94c2806bcfacb583d710e744942612d74,SIGNALLED,EXECUTION_PENDING
002929.SZ,2025-02-21,ad5f418a5a5ff969be535e0adf2778c94c2806bcfacb583d710e744942612d74,SIGNALLED,EXECUTION_PENDING
002929.SZ,2025-02-24,ad5f418a5a5ff969be535e0adf2778c94c2806bcfacb583d710e744942612d74,EXPIRED,PENDING_SIGNAL_HORIZON_EXPIRED
002931.SZ,2025-12-29,f8df609cc0498e476db1eb96aec008c737d3bb37b8cbd164df3849bf3e48d26c,ACTIVE,POOL_ADMISSION
002931.SZ,2025-12-30,f8df609cc0498e476db1eb96aec008c737d3bb37b8cbd164df3849bf3e48d26c,ACTIVE,POOL_OBSERVATION
002931.SZ,2025-12-31,f8df609cc0498e476db1eb96aec008c737d3bb37b8cbd164df3849bf3e48d26c,ACTIVE,POOL_OBSERVATION
002931.SZ,2026-01-05,f8df609cc0498e476db1eb96aec008c737d3bb37b8cbd164df3849bf3e48d26c,ACTIVE,POOL_OBSERVATION
002931.SZ,2026-01-06,f8df609cc0498e476db1eb96aec008c737d3bb37b8cbd164df3849bf3e48d26c,ACTIVE,POOL_OBSERVATION
002931.SZ,2026-01-07,f8df609cc0498e476db1eb96aec008c737d3bb37b8cbd164df3849bf3e48d26c,ACTIVE,POOL_OBSERVATION
002931.SZ,2026-01-08,f8df609cc0498e476db1eb96aec008c737d3bb37b8cbd164df3849bf3e48d26c,EXPIRED,POOL_EXPIRED
002931.SZ,2026-01-09,434199b4f07e428fd9f428b5bd56eb914010c8231233aeab1d2457e2b8fa898b,ACTIVE,POOL_ADMISSION
002931.SZ,2026-01-12,434199b4f07e428fd9f428b5bd56eb914010c8231233aeab1d2457e2b8fa898b,ACTIVE,POOL_OBSERVATION
002931.SZ,2026-01-13,434199b4f07e428fd9f428b5bd56eb914010c8231233aeab1d2457e2b8fa898b,ACTIVE,POOL_OBSERVATION
002931.SZ,2026-01-14,434199b4f07e428fd9f428b5bd56eb914010c8231233aeab1d2457e2b8fa898b,ACTIVE,SUSPENDED_NO_ENTRY_EVALUATION
002931.SZ,2026-01-15,434199b4f07e428fd9f428b5bd56eb914010c8231233aeab1d2457e2b8fa898b,ACTIVE,SUSPENDED_NO_ENTRY_EVALUATION
002931.SZ,2026-01-16,434199b4f07e428fd9f428b5bd56eb914010c8231233aeab1d2457e2b8fa898b,ACTIVE,SUSPENDED_NO_ENTRY_EVALUATION
002931.SZ,2026-01-19,434199b4f07e428fd9f428b5bd56eb914010c8231233aeab1d2457e2b8fa898b,EXPIRED,POOL_EXPIRED
002931.SZ,2026-01-20,7e71841881407b3146acf52fd0743d148e1aac8203993067a2ce0113adc633d6,ACTIVE,POOL_ADMISSION
002931.SZ,2026-01-21,7e71841881407b3146acf52fd0743d148e1aac8203993067a2ce0113adc633d6,ACTIVE,POOL_OBSERVATION
002931.SZ,2026-01-22,7e71841881407b3146acf52fd0743d148e1aac8203993067a2ce0113adc633d6,ACTIVE,POOL_OBSERVATION
002931.SZ,2026-01-23,7e71841881407b3146acf52fd0743d148e1aac8203993067a2ce0113adc633d6,ACTIVE,POOL_OBSERVATION
002931.SZ,2026-01-26,7e71841881407b3146acf52fd0743d148e1aac8203993067a2ce0113adc633d6,ACTIVE,SUSPENDED_NO_ENTRY_EVALUATION
002931.SZ,2026-01-27,7e71841881407b3146acf52fd0743d148e1aac8203993067a2ce0113adc633d6,ACTIVE,SUSPENDED_NO_ENTRY_EVALUATION
002931.SZ,2026-01-28,7e71841881407b3146acf52fd0743d148e1aac8203993067a2ce0113adc633d6,EXPIRED,SUSPENDED_NO_ENTRY_EVALUATION
002931.SZ,2026-02-02,27bd5522ebfacf85897dd738fd823c079b39e34a068ecc81e01e041cd692d2d1,ACTIVE,POOL_ADMISSION
002931.SZ,2026-02-03,27bd5522ebfacf85897dd738fd823c079b39e34a068ecc81e01e041cd692d2d1,ACTIVE,POOL_OBSERVATION
002931.SZ,2026-02-04,27bd5522ebfacf85897dd738fd823c079b39e34a068ecc81e01e041cd692d2d1,SIGNALLED,ENTRY_SIGNAL
002931.SZ,2026-02-05,27bd5522ebfacf85897dd738fd823c079b39e34a068ecc81e01e041cd692d2d1,SIGNALLED,EXECUTION_PENDING
002931.SZ,2026-02-06,27bd5522ebfacf85897dd738fd823c079b39e34a068ecc81e01e041cd692d2d1,SIGNALLED,EXECUTION_PENDING
002931.SZ,2026-02-09,27bd5522ebfacf85897dd738fd823c079b39e34a068ecc81e01e041cd692d2d1,SIGNALLED,EXECUTION_PENDING
002931.SZ,2026-02-10,27bd5522ebfacf85897dd738fd823c079b39e34a068ecc81e01e041cd692d2d1,EXPIRED,PENDING_SIGNAL_HORIZON_EXPIRED
002939.SZ,2025-08-18,2079ad5e92879bec54d3010ea0f0013a6216665c144b4184cc9097b253e3d9b8,ACTIVE,POOL_ADMISSION
002939.SZ,2025-08-19,2079ad5e92879bec54d3010ea0f0013a6216665c144b4184cc9097b253e3d9b8,ACTIVE,POOL_OBSERVATION
002939.SZ,2025-08-20,2079ad5e92879bec54d3010ea0f0013a6216665c144b4184cc9097b253e3d9b8,SIGNALLED,ENTRY_SIGNAL
002939.SZ,2025-08-21,2079ad5e92879bec54d3010ea0f0013a6216665c144b4184cc9097b253e3d9b8,SIGNALLED,EXECUTION_PENDING
002939.SZ,2025-08-22,2079ad5e92879bec54d3010ea0f0013a6216665c144b4184cc9097b253e3d9b8,SIGNALLED,EXECUTION_PENDING
002939.SZ,2025-08-25,2079ad5e92879bec54d3010ea0f0013a6216665c144b4184cc9097b253e3d9b8,SIGNALLED,EXECUTION_PENDING
002939.SZ,2025-08-26,2079ad5e92879bec54d3010ea0f0013a6216665c144b4184cc9097b253e3d9b8,EXPIRED,PENDING_SIGNAL_HORIZON_EXPIRED
002940.SZ,2025-06-11,7d45ed999fb5c833062148cbfa5b31926a48208b86a2bae1188501e834081693,ACTIVE,POOL_ADMISSION
002940.SZ,2025-06-12,7d45ed999fb5c833062148cbfa5b31926a48208b86a2bae1188501e834081693,ACTIVE,POOL_OBSERVATION
002940.SZ,2025-06-13,7d45ed999fb5c833062148cbfa5b31926a48208b86a2bae1188501e834081693,ACTIVE,POOL_OBSERVATION
002940.SZ,2025-06-16,7d45ed999fb5c833062148cbfa5b31926a48208b86a2bae1188501e834081693,SIGNALLED,ENTRY_SIGNAL
002940.SZ,2025-06-17,7d45ed999fb5c833062148cbfa5b31926a48208b86a2bae1188501e834081693,SIGNALLED,EXECUTION_PENDING
002940.SZ,2025-06-18,7d45ed999fb5c833062148cbfa5b31926a48208b86a2bae1188501e834081693,SIGNALLED,EXECUTION_PENDING
002940.SZ,2025-06-19,7d45ed999fb5c833062148cbfa5b31926a48208b86a2bae1188501e834081693,EXPIRED,PENDING_SIGNAL_HORIZON_EXPIRED
002941.SZ,2025-08-13,1e450aadd40c0a0effbe5e8e5f001592c004cf3ee22fba49a8b570bf0e8de777,ACTIVE,POOL_ADMISSION
002941.SZ,2025-08-14,1e450aadd40c0a0effbe5e8e5f001592c004cf3ee22fba49a8b570bf0e8de777,ACTIVE,POOL_OBSERVATION
002941.SZ,2025-08-15,1e450aadd40c0a0effbe5e8e5f001592c004cf3ee22fba49a8b570bf0e8de777,ACTIVE,POOL_OBSERVATION
002941.SZ,2025-08-18,1e450aadd40c0a0effbe5e8e5f001592c004cf3ee22fba49a8b570bf0e8de777,ACTIVE,POOL_OBSERVATION
002941.SZ,2025-08-19,1e450aadd40c0a0effbe5e8e5f001592c004cf3ee22fba49a8b570bf0e8de777,ACTIVE,POOL_OBSERVATION
002941.SZ,2025-08-20,1e450aadd40c0a0effbe5e8e5f001592c004cf3ee22fba49a8b570bf0e8de777,ACTIVE,POOL_OBSERVATION
002941.SZ,2025-08-21,1e450aadd40c0a0effbe5e8e5f001592c004cf3ee22fba49a8b570bf0e8de777,EXPIRED,POOL_EXPIRED
002951.SZ,2025-06-06,c246a6e679b171a779b8026ba04f14ab1e77e1f87adee34591b0d9e448925b25,ACTIVE,POOL_ADMISSION
002951.SZ,2025-06-09,c246a6e679b171a779b8026ba04f14ab1e77e1f87adee34591b0d9e448925b25,ACTIVE,POOL_OBSERVATION
002951.SZ,2025-06-10,c246a6e679b171a779b8026ba04f14ab1e77e1f87adee34591b0d9e448925b25,ACTIVE,POOL_OBSERVATION
002951.SZ,2025-06-11,c246a6e679b171a779b8026ba04f14ab1e77e1f87adee34591b0d9e448925b25,ACTIVE,POOL_OBSERVATION
002951.SZ,2025-06-12,c246a6e679b171a779b8026ba04f14ab1e77e1f87adee34591b0d9e448925b25,ACTIVE,POOL_OBSERVATION
002951.SZ,2025-06-13,c246a6e679b171a779b8026ba04f14ab1e77e1f87adee34591b0d9e448925b25,SIGNALLED,ENTRY_SIGNAL
002951.SZ,2025-06-16,c246a6e679b171a779b8026ba04f14ab1e77e1f87adee34591b0d9e448925b25,EXPIRED,PENDING_SIGNAL_HORIZON_EXPIRED
002952.SZ,2024-08-16,803b940bbbab0aa263b615318478271b1a6a91fb83058c3fc6b8bbc27147626a,ACTIVE,POOL_ADMISSION
002952.SZ,2024-08-19,803b940bbbab0aa263b615318478271b1a6a91fb83058c3fc6b8bbc27147626a,ACTIVE,POOL_OBSERVATION
002952.SZ,2024-08-20,803b940bbbab0aa263b615318478271b1a6a91fb83058c3fc6b8bbc27147626a,ACTIVE,POOL_OBSERVATION
002952.SZ,2024-08-21,803b940bbbab0aa263b615318478271b1a6a91fb83058c3fc6b8bbc27147626a,ACTIVE,POOL_OBSERVATION
002952.SZ,2024-08-22,803b940bbbab0aa263b615318478271b1a6a91fb83058c3fc6b8bbc27147626a,ACTIVE,POOL_OBSERVATION
002952.SZ,2024-08-23,803b940bbbab0aa263b615318478271b1a6a91fb83058c3fc6b8bbc27147626a,ACTIVE,POOL_OBSERVATION
002952.SZ,2024-08-26,803b940bbbab0aa263b615318478271b1a6a91fb83058c3fc6b8bbc27147626a,EXPIRED,POOL_EXPIRED
002953.SZ,2024-12-17,5574a853931e0e29079f84aebfbfbecc69220b29ea555e3517c1263b08971e33,ACTIVE,POOL_ADMISSION
002953.SZ,2024-12-18,5574a853931e0e29079f84aebfbfbecc69220b29ea555e3517c1263b08971e33,ACTIVE,POOL_OBSERVATION
002953.SZ,2024-12-19,5574a853931e0e29079f84aebfbfbecc69220b29ea555e3517c1263b08971e33,ACTIVE,POOL_OBSERVATION
002953.SZ,2024-12-20,5574a853931e0e29079f84aebfbfbecc69220b29ea555e3517c1263b08971e33,ACTIVE,POOL_OBSERVATION
002953.SZ,2024-12-23,5574a853931e0e29079f84aebfbfbecc69220b29ea555e3517c1263b08971e33,ACTIVE,POOL_OBSERVATION
002953.SZ,2024-12-24,5574a853931e0e29079f84aebfbfbecc69220b29ea555e3517c1263b08971e33,ACTIVE,POOL_OBSERVATION
002953.SZ,2024-12-25,5574a853931e0e29079f84aebfbfbecc69220b29ea555e3517c1263b08971e33,EXPIRED,POOL_EXPIRED
002969.SZ,2025-12-22,d88d6add8954d096e8345cc4aa3bd11b87e9b3dad5ec3beb41eff16f3ac1e104,ACTIVE,POOL_ADMISSION
002969.SZ,2025-12-23,d88d6add8954d096e8345cc4aa3bd11b87e9b3dad5ec3beb41eff16f3ac1e104,ACTIVE,POOL_OBSERVATION
002969.SZ,2025-12-24,d88d6add8954d096e8345cc4aa3bd11b87e9b3dad5ec3beb41eff16f3ac1e104,ACTIVE,POOL_OBSERVATION
002969.SZ,2025-12-25,d88d6add8954d096e8345cc4aa3bd11b87e9b3dad5ec3beb41eff16f3ac1e104,ACTIVE,POOL_OBSERVATION
002969.SZ,2025-12-26,d88d6add8954d096e8345cc4aa3bd11b87e9b3dad5ec3beb41eff16f3ac1e104,ACTIVE,POOL_OBSERVATION
002969.SZ,2025-12-29,d88d6add8954d096e8345cc4aa3bd11b87e9b3dad5ec3beb41eff16f3ac1e104,ACTIVE,POOL_OBSERVATION
002969.SZ,2025-12-30,d88d6add8954d096e8345cc4aa3bd11b87e9b3dad5ec3beb41eff16f3ac1e104,EXPIRED,POOL_EXPIRED
002969.SZ,2025-12-31,66ed6e4e59a42ad1ad3ae5deac3a9719b9339ae6ed8c1211838a1a5f68e19106,ACTIVE,POOL_ADMISSION
002969.SZ,2026-01-05,66ed6e4e59a42ad1ad3ae5deac3a9719b9339ae6ed8c1211838a1a5f68e19106,ACTIVE,POOL_OBSERVATION
002969.SZ,2026-01-06,66ed6e4e59a42ad1ad3ae5deac3a9719b9339ae6ed8c1211838a1a5f68e19106,ACTIVE,POOL_OBSERVATION
002969.SZ,2026-01-07,66ed6e4e59a42ad1ad3ae5deac3a9719b9339ae6ed8c1211838a1a5f68e19106,ACTIVE,SUSPENDED_NO_ENTRY_EVALUATION
002969.SZ,2026-01-08,66ed6e4e59a42ad1ad3ae5deac3a9719b9339ae6ed8c1211838a1a5f68e19106,ACTIVE,SUSPENDED_NO_ENTRY_EVALUATION
002969.SZ,2026-01-09,66ed6e4e59a42ad1ad3ae5deac3a9719b9339ae6ed8c1211838a1a5f68e19106,ACTIVE,SUSPENDED_NO_ENTRY_EVALUATION
002969.SZ,2026-01-12,66ed6e4e59a42ad1ad3ae5deac3a9719b9339ae6ed8c1211838a1a5f68e19106,EXPIRED,POOL_EXPIRED
002971.SZ,2026-06-12,7a0017770745ae557e48e3455def25978e147f72ca04890bf89c4bebc1a3c3f6,ACTIVE,POOL_ADMISSION
002971.SZ,2026-06-15,7a0017770745ae557e48e3455def25978e147f72ca04890bf89c4bebc1a3c3f6,ACTIVE,POOL_OBSERVATION
002971.SZ,2026-06-16,7a0017770745ae557e48e3455def25978e147f72ca04890bf89c4bebc1a3c3f6,ACTIVE,POOL_OBSERVATION
002971.SZ,2026-06-17,7a0017770745ae557e48e3455def25978e147f72ca04890bf89c4bebc1a3c3f6,SIGNALLED,ENTRY_SIGNAL
002971.SZ,2026-06-18,7a0017770745ae557e48e3455def25978e147f72ca04890bf89c4bebc1a3c3f6,SIGNALLED,EXECUTION_PENDING
002971.SZ,2026-06-22,7a0017770745ae557e48e3455def25978e147f72ca04890bf89c4bebc1a3c3f6,SIGNALLED,EXECUTION_PENDING
002971.SZ,2026-06-23,7a0017770745ae557e48e3455def25978e147f72ca04890bf89c4bebc1a3c3f6,EXPIRED,PENDING_SIGNAL_HORIZON_EXPIRED
002977.SZ,2025-05-12,2d5ec5b04605bbaee4d0cff7d75084af55ec3d350cd09eeba44e714dbe264885,ACTIVE,POOL_ADMISSION
002977.SZ,2025-05-13,2d5ec5b04605bbaee4d0cff7d75084af55ec3d350cd09eeba44e714dbe264885,ACTIVE,POOL_OBSERVATION
002977.SZ,2025-05-14,2d5ec5b04605bbaee4d0cff7d75084af55ec3d350cd09eeba44e714dbe264885,ACTIVE,POOL_OBSERVATION
002977.SZ,2025-05-15,2d5ec5b04605bbaee4d0cff7d75084af55ec3d350cd09eeba44e714dbe264885,ACTIVE,POOL_OBSERVATION
002977.SZ,2025-05-16,2d5ec5b04605bbaee4d0cff7d75084af55ec3d350cd09eeba44e714dbe264885,ACTIVE,POOL_OBSERVATION
002977.SZ,2025-05-19,2d5ec5b04605bbaee4d0cff7d75084af55ec3d350cd09eeba44e714dbe264885,ACTIVE,POOL_OBSERVATION
002977.SZ,2025-05-20,2d5ec5b04605bbaee4d0cff7d75084af55ec3d350cd09eeba44e714dbe264885,EXPIRED,POOL_EXPIRED
002981.SZ,2024-07-11,6ad9bc45cdef48f14887613868a7fae7cf9b8b21dbd427d3abd582ac5581a249,ACTIVE,POOL_ADMISSION
002981.SZ,2024-07-12,6ad9bc45cdef48f14887613868a7fae7cf9b8b21dbd427d3abd582ac5581a249,ACTIVE,POOL_OBSERVATION
002981.SZ,2024-07-15,6ad9bc45cdef48f14887613868a7fae7cf9b8b21dbd427d3abd582ac5581a249,ACTIVE,POOL_OBSERVATION
002981.SZ,2024-07-16,6ad9bc45cdef48f14887613868a7fae7cf9b8b21dbd427d3abd582ac5581a249,ACTIVE,POOL_OBSERVATION
002981.SZ,2024-07-17,6ad9bc45cdef48f14887613868a7fae7cf9b8b21dbd427d3abd582ac5581a249,ACTIVE,POOL_OBSERVATION
002981.SZ,2024-07-18,6ad9bc45cdef48f14887613868a7fae7cf9b8b21dbd427d3abd582ac5581a249,ACTIVE,POOL_OBSERVATION
002981.SZ,2024-07-19,6ad9bc45cdef48f14887613868a7fae7cf9b8b21dbd427d3abd582ac5581a249,EXPIRED,POOL_EXPIRED
002990.SZ,2026-04-17,c8707467a0cace655a8f98afb29ecb57b70060f0def1e461d16fed76cac385b3,ACTIVE,POOL_ADMISSION
002990.SZ,2026-04-20,c8707467a0cace655a8f98afb29ecb57b70060f0def1e461d16fed76cac385b3,ACTIVE,POOL_OBSERVATION
002990.SZ,2026-04-21,c8707467a0cace655a8f98afb29ecb57b70060f0def1e461d16fed76cac385b3,ACTIVE,POOL_OBSERVATION
002990.SZ,2026-04-22,c8707467a0cace655a8f98afb29ecb57b70060f0def1e461d16fed76cac385b3,SIGNALLED,ENTRY_SIGNAL
002990.SZ,2026-04-23,c8707467a0cace655a8f98afb29ecb57b70060f0def1e461d16fed76cac385b3,SIGNALLED,EXECUTION_PENDING
002990.SZ,2026-04-24,c8707467a0cace655a8f98afb29ecb57b70060f0def1e461d16fed76cac385b3,SIGNALLED,EXECUTION_PENDING
002990.SZ,2026-04-27,c8707467a0cace655a8f98afb29ecb57b70060f0def1e461d16fed76cac385b3,EXPIRED,PENDING_SIGNAL_HORIZON_EXPIRED
002995.SZ,2026-01-30,d30953163bde6b7371cf5cf460c1f0c438febd2b1a41441a666feb1bb515930c,ACTIVE,POOL_ADMISSION
002995.SZ,2026-02-02,d30953163bde6b7371cf5cf460c1f0c438febd2b1a41441a666feb1bb515930c,ACTIVE,POOL_OBSERVATION
002995.SZ,2026-02-03,d30953163bde6b7371cf5cf460c1f0c438febd2b1a41441a666feb1bb515930c,ACTIVE,POOL_OBSERVATION
002995.SZ,2026-02-04,d30953163bde6b7371cf5cf460c1f0c438febd2b1a41441a666feb1bb515930c,ACTIVE,POOL_OBSERVATION
002995.SZ,2026-02-05,d30953163bde6b7371cf5cf460c1f0c438febd2b1a41441a666feb1bb515930c,SIGNALLED,ENTRY_SIGNAL
002995.SZ,2026-02-06,d30953163bde6b7371cf5cf460c1f0c438febd2b1a41441a666feb1bb515930c,SIGNALLED,EXECUTION_PENDING
002995.SZ,2026-02-09,d30953163bde6b7371cf5cf460c1f0c438febd2b1a41441a666feb1bb515930c,EXPIRED,PENDING_SIGNAL_HORIZON_EXPIRED
003003.SZ,2025-04-23,58fc581d7b81703e93e25f2adfde746a192312492b7ec509ded2e6d9f1a38a9d,ACTIVE,POOL_ADMISSION
003003.SZ,2025-04-24,58fc581d7b81703e93e25f2adfde746a192312492b7ec509ded2e6d9f1a38a9d,ACTIVE,POOL_OBSERVATION
003003.SZ,2025-04-25,58fc581d7b81703e93e25f2adfde746a192312492b7ec509ded2e6d9f1a38a9d,ACTIVE,POOL_OBSERVATION
003003.SZ,2025-04-28,58fc581d7b81703e93e25f2adfde746a192312492b7ec509ded2e6d9f1a38a9d,ACTIVE,POOL_OBSERVATION
003003.SZ,2025-04-29,58fc581d7b81703e93e25f2adfde746a192312492b7ec509ded2e6d9f1a38a9d,ACTIVE,POOL_OBSERVATION
003003.SZ,2025-04-30,58fc581d7b81703e93e25f2adfde746a192312492b7ec509ded2e6d9f1a38a9d,ACTIVE,POOL_OBSERVATION
003003.SZ,2025-05-06,58fc581d7b81703e93e25f2adfde746a192312492b7ec509ded2e6d9f1a38a9d,EXPIRED,POOL_EXPIRED
003005.SZ,2026-09-02,e985d858fd441d8c20b8be14f5aea3ab2f9bc3ecc926e6cfafd9ba57fcc3a933,ACTIVE,POOL_ADMISSION
003005.SZ,2026-09-03,e985d858fd441d8c20b8be14f5aea3ab2f9bc3ecc926e6cfafd9ba57fcc3a933,ACTIVE,POOL_OBSERVATION
003005.SZ,2026-09-04,e985d858fd441d8c20b8be14f5aea3ab2f9bc3ecc926e6cfafd9ba57fcc3a933,ACTIVE,POOL_OBSERVATION
003005.SZ,2026-09-07,e985d858fd441d8c20b8be14f5aea3ab2f9bc3ecc926e6cfafd9ba57fcc3a933,SIGNALLED,ENTRY_SIGNAL
003005.SZ,2026-09-08,e985d858fd441d8c20b8be14f5aea3ab2f9bc3ecc926e6cfafd9ba57fcc3a933,SIGNALLED,EXECUTION_PENDING
003005.SZ,2026-09-09,e985d858fd441d8c20b8be14f5aea3ab2f9bc3ecc926e6cfafd9ba57fcc3a933,SIGNALLED,EXECUTION_PENDING
003005.SZ,2026-09-10,e985d858fd441d8c20b8be14f5aea3ab2f9bc3ecc926e6cfafd9ba57fcc3a933,EXPIRED,PENDING_SIGNAL_HORIZON_EXPIRED
003007.SZ,2026-01-13,9be4d017be78a76bedc2eb04b19e15ac6c73cf5357348bc74f5bbc536c13aca7,ACTIVE,POOL_ADMISSION
003007.SZ,2026-01-14,9be4d017be78a76bedc2eb04b19e15ac6c73cf5357348bc74f5bbc536c13aca7,ACTIVE,POOL_OBSERVATION
003007.SZ,2026-01-15,9be4d017be78a76bedc2eb04b19e15ac6c73cf5357348bc74f5bbc536c13aca7,ACTIVE,POOL_OBSERVATION
003007.SZ,2026-01-16,9be4d017be78a76bedc2eb04b19e15ac6c73cf5357348bc74f5bbc536c13aca7,ACTIVE,POOL_OBSERVATION
003007.SZ,2026-01-19,9be4d017be78a76bedc2eb04b19e15ac6c73cf5357348bc74f5bbc536c13aca7,ACTIVE,POOL_OBSERVATION
003007.SZ,2026-01-20,9be4d017be78a76bedc2eb04b19e15ac6c73cf5357348bc74f5bbc536c13aca7,ACTIVE,POOL_OBSERVATION
003007.SZ,2026-01-21,9be4d017be78a76bedc2eb04b19e15ac6c73cf5357348bc74f5bbc536c13aca7,EXPIRED,POOL_EXPIRED
003018.SZ,2025-11-27,bba0aded9d9f39e737d86ba8afb77df191928584bb21ed1ad8ecb1522267d39f,ACTIVE,POOL_ADMISSION
003018.SZ,2025-11-28,bba0aded9d9f39e737d86ba8afb77df191928584bb21ed1ad8ecb1522267d39f,ACTIVE,POOL_OBSERVATION
003018.SZ,2025-12-01,bba0aded9d9f39e737d86ba8afb77df191928584bb21ed1ad8ecb1522267d39f,ACTIVE,POOL_OBSERVATION
003018.SZ,2025-12-02,bba0aded9d9f39e737d86ba8afb77df191928584bb21ed1ad8ecb1522267d39f,ACTIVE,POOL_OBSERVATION
003018.SZ,2025-12-03,bba0aded9d9f39e737d86ba8afb77df191928584bb21ed1ad8ecb1522267d39f,ACTIVE,POOL_OBSERVATION
003018.SZ,2025-12-04,bba0aded9d9f39e737d86ba8afb77df191928584bb21ed1ad8ecb1522267d39f,ACTIVE,POOL_OBSERVATION
003018.SZ,2025-12-05,bba0aded9d9f39e737d86ba8afb77df191928584bb21ed1ad8ecb1522267d39f,EXPIRED,POOL_EXPIRED
003018.SZ,2026-02-11,754f381a34f8fcacc47a9b5f1ce95b704c5edaab9584206bddc2d17a5ab0cf4b,SIGNALLED,ENTRY_SIGNAL
003018.SZ,2026-02-12,754f381a34f8fcacc47a9b5f1ce95b704c5edaab9584206bddc2d17a5ab0cf4b,SIGNALLED,EXECUTION_PENDING
003018.SZ,2026-02-13,754f381a34f8fcacc47a9b5f1ce95b704c5edaab9584206bddc2d17a5ab0cf4b,SIGNALLED,EXECUTION_PENDING
003018.SZ,2026-02-24,754f381a34f8fcacc47a9b5f1ce95b704c5edaab9584206bddc2d17a5ab0cf4b,SIGNALLED,EXECUTION_PENDING
003018.SZ,2026-02-25,754f381a34f8fcacc47a9b5f1ce95b704c5edaab9584206bddc2d17a5ab0cf4b,SIGNALLED,EXECUTION_PENDING
003018.SZ,2026-02-26,754f381a34f8fcacc47a9b5f1ce95b704c5edaab9584206bddc2d17a5ab0cf4b,SIGNALLED,EXECUTION_PENDING
003018.SZ,2026-02-27,754f381a34f8fcacc47a9b5f1ce95b704c5edaab9584206bddc2d17a5ab0cf4b,EXPIRED,PENDING_SIGNAL_HORIZON_EXPIRED
003018.SZ,2026-04-22,e6e8ce784581cedc4073121e44ee5adf3685c706df4e41f4986cffef1ae660a1,ACTIVE,POOL_ADMISSION
003018.SZ,2026-04-23,e6e8ce784581cedc4073121e44ee5adf3685c706df4e41f4986cffef1ae660a1,ACTIVE,POOL_OBSERVATION
003018.SZ,2026-04-24,e6e8ce784581cedc4073121e44ee5adf3685c706df4e41f4986cffef1ae660a1,ACTIVE,POOL_OBSERVATION
003018.SZ,2026-04-27,e6e8ce784581cedc4073121e44ee5adf3685c706df4e41f4986cffef1ae660a1,ACTIVE,POOL_OBSERVATION
003018.SZ,2026-04-28,e6e8ce784581cedc4073121e44ee5adf3685c706df4e41f4986cffef1ae660a1,SIGNALLED,ENTRY_SIGNAL
003018.SZ,2026-04-29,e6e8ce784581cedc4073121e44ee5adf3685c706df4e41f4986cffef1ae660a1,SIGNALLED,EXECUTION_PENDING
003018.SZ,2026-04-30,e6e8ce784581cedc4073121e44ee5adf3685c706df4e41f4986cffef1ae660a1,EXPIRED,PENDING_SIGNAL_HORIZON_EXPIRED
003020.SZ,2025-04-18,4f25326ca507dd443640adc6d050fb2070e657a61a13e17844ad0be726d647b8,ACTIVE,POOL_ADMISSION
003020.SZ,2025-04-21,4f25326ca507dd443640adc6d050fb2070e657a61a13e17844ad0be726d647b8,ACTIVE,POOL_OBSERVATION
003020.SZ,2025-04-22,4f25326ca507dd443640adc6d050fb2070e657a61a13e17844ad0be726d647b8,ACTIVE,POOL_OBSERVATION
003020.SZ,2025-04-23,4f25326ca507dd443640adc6d050fb2070e657a61a13e17844ad0be726d647b8,ACTIVE,POOL_OBSERVATION
003020.SZ,2025-04-24,4f25326ca507dd443640adc6d050fb2070e657a61a13e17844ad0be726d647b8,SIGNALLED,ENTRY_SIGNAL
003020.SZ,2025-04-25,4f25326ca507dd443640adc6d050fb2070e657a61a13e17844ad0be726d647b8,SIGNALLED,EXECUTION_PENDING
003020.SZ,2025-04-28,4f25326ca507dd443640adc6d050fb2070e657a61a13e17844ad0be726d647b8,EXPIRED,PENDING_SIGNAL_HORIZON_EXPIRED
003029.SZ,2025-06-26,593a1a5e8ca7cbccf793f5f3fb35a4f27723991e7fbb1513c406079251d545dd,ACTIVE,POOL_ADMISSION
003029.SZ,2025-06-27,593a1a5e8ca7cbccf793f5f3fb35a4f27723991e7fbb1513c406079251d545dd,ACTIVE,POOL_OBSERVATION
003029.SZ,2025-06-30,593a1a5e8ca7cbccf793f5f3fb35a4f27723991e7fbb1513c406079251d545dd,ACTIVE,POOL_OBSERVATION
003029.SZ,2025-07-01,593a1a5e8ca7cbccf793f5f3fb35a4f27723991e7fbb1513c406079251d545dd,ACTIVE,POOL_OBSERVATION
003029.SZ,2025-07-02,593a1a5e8ca7cbccf793f5f3fb35a4f27723991e7fbb1513c406079251d545dd,ACTIVE,POOL_OBSERVATION
003029.SZ,2025-07-03,593a1a5e8ca7cbccf793f5f3fb35a4f27723991e7fbb1513c406079251d545dd,ACTIVE,POOL_OBSERVATION
003029.SZ,2025-07-04,593a1a5e8ca7cbccf793f5f3fb35a4f27723991e7fbb1513c406079251d545dd,EXPIRED,POOL_EXPIRED
003030.SZ,2025-01-21,cb1718a5e3b3999b6b97a153ca1fb106d48ce5eeef180d87780fbe493872a91b,ACTIVE,POOL_ADMISSION
003030.SZ,2025-01-22,cb1718a5e3b3999b6b97a153ca1fb106d48ce5eeef180d87780fbe493872a91b,ACTIVE,POOL_OBSERVATION
003030.SZ,2025-01-23,cb1718a5e3b3999b6b97a153ca1fb106d48ce5eeef180d87780fbe493872a91b,ACTIVE,POOL_OBSERVATION
003030.SZ,2025-01-24,cb1718a5e3b3999b6b97a153ca1fb106d48ce5eeef180d87780fbe493872a91b,ACTIVE,POOL_OBSERVATION
003030.SZ,2025-01-27,cb1718a5e3b3999b6b97a153ca1fb106d48ce5eeef180d87780fbe493872a91b,ACTIVE,POOL_OBSERVATION
003030.SZ,2025-02-05,cb1718a5e3b3999b6b97a153ca1fb106d48ce5eeef180d87780fbe493872a91b,ACTIVE,POOL_OBSERVATION
003030.SZ,2025-02-06,cb1718a5e3b3999b6b97a153ca1fb106d48ce5eeef180d87780fbe493872a91b,EXPIRED,POOL_EXPIRED
003032.SZ,2026-07-30,f6a3ffc65458dfb414a18f898c184685444ea2a159e588134eca3b7616235f5c,ACTIVE,POOL_ADMISSION
003032.SZ,2026-07-31,f6a3ffc65458dfb414a18f898c184685444ea2a159e588134eca3b7616235f5c,ACTIVE,POOL_OBSERVATION
003032.SZ,2026-08-03,f6a3ffc65458dfb414a18f898c184685444ea2a159e588134eca3b7616235f5c,ACTIVE,POOL_OBSERVATION
003032.SZ,2026-08-04,f6a3ffc65458dfb414a18f898c184685444ea2a159e588134eca3b7616235f5c,ACTIVE,POOL_OBSERVATION
003032.SZ,2026-08-05,f6a3ffc65458dfb414a18f898c184685444ea2a159e588134eca3b7616235f5c,ACTIVE,POOL_OBSERVATION
003032.SZ,2026-08-06,f6a3ffc65458dfb414a18f898c184685444ea2a159e588134eca3b7616235f5c,ACTIVE,POOL_OBSERVATION
003032.SZ,2026-08-07,f6a3ffc65458dfb414a18f898c184685444ea2a159e588134eca3b7616235f5c,SIGNALLED,ENTRY_SIGNAL
003032.SZ,2026-08-10,f6a3ffc65458dfb414a18f898c184685444ea2a159e588134eca3b7616235f5c,EXPIRED,PENDING_SIGNAL_HORIZON_EXPIRED
003036.SZ,2024-11-25,bcaab0a30134ab27d2cb9168eaf175cac82ede54efe74d68ae3c92ca63ee6a34,ACTIVE,POOL_ADMISSION
003036.SZ,2024-11-26,bcaab0a30134ab27d2cb9168eaf175cac82ede54efe74d68ae3c92ca63ee6a34,ACTIVE,POOL_OBSERVATION
003036.SZ,2024-11-27,bcaab0a30134ab27d2cb9168eaf175cac82ede54efe74d68ae3c92ca63ee6a34,ACTIVE,POOL_OBSERVATION
003036.SZ,2024-11-28,bcaab0a30134ab27d2cb9168eaf175cac82ede54efe74d68ae3c92ca63ee6a34,ACTIVE,POOL_OBSERVATION
003036.SZ,2024-11-29,bcaab0a30134ab27d2cb9168eaf175cac82ede54efe74d68ae3c92ca63ee6a34,ACTIVE,POOL_OBSERVATION
003036.SZ,2024-12-02,bcaab0a30134ab27d2cb9168eaf175cac82ede54efe74d68ae3c92ca63ee6a34,ACTIVE,POOL_OBSERVATION
003036.SZ,2024-12-03,bcaab0a30134ab27d2cb9168eaf175cac82ede54efe74d68ae3c92ca63ee6a34,EXPIRED,POOL_EXPIRED
003040.SZ,2026-08-26,7bfba1931c9570a093c47259fa4ca3e98834c3dc232993c1d76ebb4b784810af,ACTIVE,POOL_ADMISSION
003040.SZ,2026-08-27,7bfba1931c9570a093c47259fa4ca3e98834c3dc232993c1d76ebb4b784810af,ACTIVE,POOL_OBSERVATION
003040.SZ,2026-08-28,7bfba1931c9570a093c47259fa4ca3e98834c3dc232993c1d76ebb4b784810af,ACTIVE,POOL_OBSERVATION
003040.SZ,2026-08-31,7bfba1931c9570a093c47259fa4ca3e98834c3dc232993c1d76ebb4b784810af,SIGNALLED,ENTRY_SIGNAL
003040.SZ,2026-09-01,7bfba1931c9570a093c47259fa4ca3e98834c3dc232993c1d76ebb4b784810af,SIGNALLED,EXECUTION_PENDING
003040.SZ,2026-09-02,7bfba1931c9570a093c47259fa4ca3e98834c3dc232993c1d76ebb4b784810af,SIGNALLED,EXECUTION_PENDING
003040.SZ,2026-09-03,7bfba1931c9570a093c47259fa4ca3e98834c3dc232993c1d76ebb4b784810af,EXPIRED,PENDING_SIGNAL_HORIZON_EXPIRED
003041.SZ,2024-12-05,be45c4b804346e315e5274cc707d69389b8024dc8a7b20a002526b275dfc06db,ACTIVE,POOL_ADMISSION
003041.SZ,2024-12-06,be45c4b804346e315e5274cc707d69389b8024dc8a7b20a002526b275dfc06db,ACTIVE,POOL_OBSERVATION
003041.SZ,2024-12-09,be45c4b804346e315e5274cc707d69389b8024dc8a7b20a002526b275dfc06db,ACTIVE,POOL_OBSERVATION
003041.SZ,2024-12-10,be45c4b804346e315e5274cc707d69389b8024dc8a7b20a002526b275dfc06db,ACTIVE,POOL_OBSERVATION
003041.SZ,2024-12-11,be45c4b804346e315e5274cc707d69389b8024dc8a7b20a002526b275dfc06db,ACTIVE,POOL_OBSERVATION
003041.SZ,2024-12-12,be45c4b804346e315e5274cc707d69389b8024dc8a7b20a002526b275dfc06db,ACTIVE,POOL_OBSERVATION
003041.SZ,2024-12-13,be45c4b804346e315e5274cc707d69389b8024dc8a7b20a002526b275dfc06db,EXPIRED,POOL_EXPIRED
003041.SZ,2025-11-17,f475c6e26f08f4a3b67cb11a60caa4b720abebdbb5ad831ed8063f42de542cc7,ACTIVE,POOL_ADMISSION
003041.SZ,2025-11-18,f475c6e26f08f4a3b67cb11a60caa4b720abebdbb5ad831ed8063f42de542cc7,ACTIVE,POOL_OBSERVATION
003041.SZ,2025-11-19,f475c6e26f08f4a3b67cb11a60caa4b720abebdbb5ad831ed8063f42de542cc7,ACTIVE,POOL_OBSERVATION
003041.SZ,2025-11-20,f475c6e26f08f4a3b67cb11a60caa4b720abebdbb5ad831ed8063f42de542cc7,ACTIVE,POOL_OBSERVATION
003041.SZ,2025-11-21,f475c6e26f08f4a3b67cb11a60caa4b720abebdbb5ad831ed8063f42de542cc7,ACTIVE,POOL_OBSERVATION
003041.SZ,2025-11-24,f475c6e26f08f4a3b67cb11a60caa4b720abebdbb5ad831ed8063f42de542cc7,SIGNALLED,ENTRY_SIGNAL
003041.SZ,2025-11-25,f475c6e26f08f4a3b67cb11a60caa4b720abebdbb5ad831ed8063f42de542cc7,EXPIRED,PENDING_SIGNAL_HORIZON_EXPIRED
003042.SZ,2026-01-28,838530be7ed9edf6bf89f0b272828ec954664c3acdab5ae67c3d8330220efebd,ACTIVE,POOL_ADMISSION
003042.SZ,2026-01-29,838530be7ed9edf6bf89f0b272828ec954664c3acdab5ae67c3d8330220efebd,ACTIVE,POOL_OBSERVATION
003042.SZ,2026-01-30,838530be7ed9edf6bf89f0b272828ec954664c3acdab5ae67c3d8330220efebd,ACTIVE,POOL_OBSERVATION
003042.SZ,2026-02-02,838530be7ed9edf6bf89f0b272828ec954664c3acdab5ae67c3d8330220efebd,ACTIVE,POOL_OBSERVATION
003042.SZ,2026-02-03,838530be7ed9edf6bf89f0b272828ec954664c3acdab5ae67c3d8330220efebd,ACTIVE,POOL_OBSERVATION
003042.SZ,2026-02-04,838530be7ed9edf6bf89f0b272828ec954664c3acdab5ae67c3d8330220efebd,ACTIVE,POOL_OBSERVATION
003042.SZ,2026-02-05,838530be7ed9edf6bf89f0b272828ec954664c3acdab5ae67c3d8330220efebd,EXPIRED,POOL_EXPIRED
600076.SH,2024-07-03,90a8193673d95189c13e076ac930fd4a4cdbeee72c24eabad0ad1714f414714d,ACTIVE,POOL_ADMISSION
600076.SH,2024-07-04,90a8193673d95189c13e076ac930fd4a4cdbeee72c24eabad0ad1714f414714d,ACTIVE,POOL_OBSERVATION
600076.SH,2024-07-05,90a8193673d95189c13e076ac930fd4a4cdbeee72c24eabad0ad1714f414714d,ACTIVE,POOL_OBSERVATION
600076.SH,2024-07-08,90a8193673d95189c13e076ac930fd4a4cdbeee72c24eabad0ad1714f414714d,ACTIVE,POOL_OBSERVATION
600076.SH,2024-07-09,90a8193673d95189c13e076ac930fd4a4cdbeee72c24eabad0ad1714f414714d,ACTIVE,POOL_OBSERVATION
600076.SH,2024-07-10,90a8193673d95189c13e076ac930fd4a4cdbeee72c24eabad0ad1714f414714d,ACTIVE,POOL_OBSERVATION
600076.SH,2024-07-11,90a8193673d95189c13e076ac930fd4a4cdbeee72c24eabad0ad1714f414714d,EXPIRED,POOL_EXPIRED
600078.SH,2025-10-14,0da7231c5469e16d178d827d20445288ee9595c3d1c55cd9c210ea3a3da6dfc8,ACTIVE,POOL_ADMISSION
600078.SH,2025-10-15,0da7231c5469e16d178d827d20445288ee9595c3d1c55cd9c210ea3a3da6dfc8,ACTIVE,POOL_OBSERVATION
600078.SH,2025-10-16,0da7231c5469e16d178d827d20445288ee9595c3d1c55cd9c210ea3a3da6dfc8,SIGNALLED,ENTRY_SIGNAL
600078.SH,2025-10-17,0da7231c5469e16d178d827d20445288ee9595c3d1c55cd9c210ea3a3da6dfc8,SIGNALLED,EXECUTION_PENDING
600078.SH,2025-10-20,0da7231c5469e16d178d827d20445288ee9595c3d1c55cd9c210ea3a3da6dfc8,SIGNALLED,EXECUTION_PENDING
600078.SH,2025-10-21,0da7231c5469e16d178d827d20445288ee9595c3d1c55cd9c210ea3a3da6dfc8,SIGNALLED,EXECUTION_PENDING
600078.SH,2025-10-22,0da7231c5469e16d178d827d20445288ee9595c3d1c55cd9c210ea3a3da6dfc8,EXPIRED,PENDING_SIGNAL_HORIZON_EXPIRED
600103.SH,2025-09-11,c05e6c62f6088021d64826172c8960a6308f565709df2cade56e702eba361cd3,ACTIVE,POOL_ADMISSION
600103.SH,2025-09-12,c05e6c62f6088021d64826172c8960a6308f565709df2cade56e702eba361cd3,ACTIVE,POOL_OBSERVATION
600103.SH,2025-09-15,c05e6c62f6088021d64826172c8960a6308f565709df2cade56e702eba361cd3,ACTIVE,POOL_OBSERVATION
600103.SH,2025-09-16,c05e6c62f6088021d64826172c8960a6308f565709df2cade56e702eba361cd3,ACTIVE,POOL_OBSERVATION
600103.SH,2025-09-17,c05e6c62f6088021d64826172c8960a6308f565709df2cade56e702eba361cd3,SIGNALLED,ENTRY_SIGNAL
600103.SH,2025-09-18,c05e6c62f6088021d64826172c8960a6308f565709df2cade56e702eba361cd3,SIGNALLED,EXECUTION_PENDING
600103.SH,2025-09-19,c05e6c62f6088021d64826172c8960a6308f565709df2cade56e702eba361cd3,EXPIRED,PENDING_SIGNAL_HORIZON_EXPIRED
600108.SH,2026-03-04,12dec0eab24f93284295ab38f89d7cba50b09a3b6d9d83a33043d428aae2ac13,ACTIVE,POOL_ADMISSION
600108.SH,2026-03-05,12dec0eab24f93284295ab38f89d7cba50b09a3b6d9d83a33043d428aae2ac13,ACTIVE,POOL_OBSERVATION
600108.SH,2026-03-06,12dec0eab24f93284295ab38f89d7cba50b09a3b6d9d83a33043d428aae2ac13,SIGNALLED,ENTRY_SIGNAL
600108.SH,2026-03-09,12dec0eab24f93284295ab38f89d7cba50b09a3b6d9d83a33043d428aae2ac13,SIGNALLED,EXECUTION_PENDING
600108.SH,2026-03-10,12dec0eab24f93284295ab38f89d7cba50b09a3b6d9d83a33043d428aae2ac13,SIGNALLED,EXECUTION_PENDING
600108.SH,2026-03-11,12dec0eab24f93284295ab38f89d7cba50b09a3b6d9d83a33043d428aae2ac13,SIGNALLED,EXECUTION_PENDING
600108.SH,2026-03-12,12dec0eab24f93284295ab38f89d7cba50b09a3b6d9d83a33043d428aae2ac13,EXPIRED,PENDING_SIGNAL_HORIZON_EXPIRED
600108.SH,2026-09-08,613d5e6cf22723312d0f221ba06173f3077a483c6efa9ae66789518d12b6dd74,ACTIVE,POOL_ADMISSION
600108.SH,2026-09-09,613d5e6cf22723312d0f221ba06173f3077a483c6efa9ae66789518d12b6dd74,ACTIVE,POOL_OBSERVATION
600108.SH,2026-09-10,613d5e6cf22723312d0f221ba06173f3077a483c6efa9ae66789518d12b6dd74,ACTIVE,POOL_OBSERVATION
600108.SH,2026-09-11,613d5e6cf22723312d0f221ba06173f3077a483c6efa9ae66789518d12b6dd74,ACTIVE,POOL_OBSERVATION
600108.SH,2026-09-14,613d5e6cf22723312d0f221ba06173f3077a483c6efa9ae66789518d12b6dd74,ACTIVE,POOL_OBSERVATION
600108.SH,2026-09-15,613d5e6cf22723312d0f221ba06173f3077a483c6efa9ae66789518d12b6dd74,ACTIVE,POOL_OBSERVATION
600108.SH,2026-09-16,613d5e6cf22723312d0f221ba06173f3077a483c6efa9ae66789518d12b6dd74,EXPIRED,POOL_EXPIRED
600110.SH,2025-06-20,9e0b2eda1206b26631f7b2e9d3f51364a28cc98a24007fcc1ea93eb416400b3c,ACTIVE,POOL_ADMISSION
600110.SH,2025-06-23,9e0b2eda1206b26631f7b2e9d3f51364a28cc98a24007fcc1ea93eb416400b3c,ACTIVE,POOL_OBSERVATION
600110.SH,2025-06-24,9e0b2eda1206b26631f7b2e9d3f51364a28cc98a24007fcc1ea93eb416400b3c,ACTIVE,POOL_OBSERVATION
600110.SH,2025-06-25,9e0b2eda1206b26631f7b2e9d3f51364a28cc98a24007fcc1ea93eb416400b3c,ACTIVE,POOL_OBSERVATION
600110.SH,2025-06-26,9e0b2eda1206b26631f7b2e9d3f51364a28cc98a24007fcc1ea93eb416400b3c,ACTIVE,POOL_OBSERVATION
600110.SH,2025-06-27,9e0b2eda1206b26631f7b2e9d3f51364a28cc98a24007fcc1ea93eb416400b3c,ACTIVE,POOL_OBSERVATION
600110.SH,2025-06-30,9e0b2eda1206b26631f7b2e9d3f51364a28cc98a24007fcc1ea93eb416400b3c,SIGNALLED,ENTRY_SIGNAL
600110.SH,2025-07-01,9e0b2eda1206b26631f7b2e9d3f51364a28cc98a24007fcc1ea93eb416400b3c,EXPIRED,PENDING_SIGNAL_HORIZON_EXPIRED
600113.SH,2025-06-23,ad026c1abafbe562a546bdae22222f209511bfccb8872200f54eb3d3a554ec63,ACTIVE,POOL_ADMISSION
600113.SH,2025-06-24,ad026c1abafbe562a546bdae22222f209511bfccb8872200f54eb3d3a554ec63,ACTIVE,POOL_OBSERVATION
600113.SH,2025-06-25,ad026c1abafbe562a546bdae22222f209511bfccb8872200f54eb3d3a554ec63,ACTIVE,POOL_OBSERVATION
600113.SH,2025-06-26,ad026c1abafbe562a546bdae22222f209511bfccb8872200f54eb3d3a554ec63,SIGNALLED,ENTRY_SIGNAL
600113.SH,2025-06-27,ad026c1abafbe562a546bdae22222f209511bfccb8872200f54eb3d3a554ec63,SIGNALLED,EXECUTION_PENDING
600113.SH,2025-06-30,ad026c1abafbe562a546bdae22222f209511bfccb8872200f54eb3d3a554ec63,SIGNALLED,EXECUTION_PENDING
600113.SH,2025-07-01,ad026c1abafbe562a546bdae22222f209511bfccb8872200f54eb3d3a554ec63,EXPIRED,PENDING_SIGNAL_HORIZON_EXPIRED
600113.SH,2025-08-15,9d31adddf3c1d9673d23b7dbeb3ef6fcc0c47f6edf0601d2f09484d78c156630,ACTIVE,POOL_ADMISSION
600113.SH,2025-08-18,9d31adddf3c1d9673d23b7dbeb3ef6fcc0c47f6edf0601d2f09484d78c156630,ACTIVE,POOL_OBSERVATION
600113.SH,2025-08-19,9d31adddf3c1d9673d23b7dbeb3ef6fcc0c47f6edf0601d2f09484d78c156630,ACTIVE,POOL_OBSERVATION
600113.SH,2025-08-20,9d31adddf3c1d9673d23b7dbeb3ef6fcc0c47f6edf0601d2f09484d78c156630,ACTIVE,POOL_OBSERVATION
600113.SH,2025-08-21,9d31adddf3c1d9673d23b7dbeb3ef6fcc0c47f6edf0601d2f09484d78c156630,ACTIVE,POOL_OBSERVATION
600113.SH,2025-08-22,9d31adddf3c1d9673d23b7dbeb3ef6fcc0c47f6edf0601d2f09484d78c156630,ACTIVE,POOL_OBSERVATION
600113.SH,2025-08-25,9d31adddf3c1d9673d23b7dbeb3ef6fcc0c47f6edf0601d2f09484d78c156630,SIGNALLED,ENTRY_SIGNAL
600113.SH,2025-08-26,9d31adddf3c1d9673d23b7dbeb3ef6fcc0c47f6edf0601d2f09484d78c156630,EXPIRED,PENDING_SIGNAL_HORIZON_EXPIRED
600117.SH,2025-07-24,bbe36a3aa8e948baa95d47ee7db1cbce077b7a17392e52d3c45c9629c269de90,SIGNALLED,ENTRY_SIGNAL
600117.SH,2025-07-25,bbe36a3aa8e948baa95d47ee7db1cbce077b7a17392e52d3c45c9629c269de90,SIGNALLED,EXECUTION_PENDING
600117.SH,2025-07-28,bbe36a3aa8e948baa95d47ee7db1cbce077b7a17392e52d3c45c9629c269de90,SIGNALLED,EXECUTION_PENDING
600117.SH,2025-07-29,bbe36a3aa8e948baa95d47ee7db1cbce077b7a17392e52d3c45c9629c269de90,SIGNALLED,EXECUTION_PENDING
600117.SH,2025-07-30,bbe36a3aa8e948baa95d47ee7db1cbce077b7a17392e52d3c45c9629c269de90,SIGNALLED,EXECUTION_PENDING
600117.SH,2025-07-31,bbe36a3aa8e948baa95d47ee7db1cbce077b7a17392e52d3c45c9629c269de90,SIGNALLED,EXECUTION_PENDING
600117.SH,2025-08-01,bbe36a3aa8e948baa95d47ee7db1cbce077b7a17392e52d3c45c9629c269de90,EXPIRED,PENDING_SIGNAL_HORIZON_EXPIRED
600118.SH,2025-12-29,d53256ff5f18d2cf02c0d7745ea35957547f93f5446b61405feeffdd605e9bcc,ACTIVE,POOL_ADMISSION
600118.SH,2025-12-30,d53256ff5f18d2cf02c0d7745ea35957547f93f5446b61405feeffdd605e9bcc,ACTIVE,POOL_OBSERVATION
600118.SH,2025-12-31,d53256ff5f18d2cf02c0d7745ea35957547f93f5446b61405feeffdd605e9bcc,ACTIVE,POOL_OBSERVATION
600118.SH,2026-01-05,d53256ff5f18d2cf02c0d7745ea35957547f93f5446b61405feeffdd605e9bcc,ACTIVE,POOL_OBSERVATION
600118.SH,2026-01-06,d53256ff5f18d2cf02c0d7745ea35957547f93f5446b61405feeffdd605e9bcc,ACTIVE,POOL_OBSERVATION
600118.SH,2026-01-07,d53256ff5f18d2cf02c0d7745ea35957547f93f5446b61405feeffdd605e9bcc,ACTIVE,POOL_OBSERVATION
600118.SH,2026-01-08,d53256ff5f18d2cf02c0d7745ea35957547f93f5446b61405feeffdd605e9bcc,SIGNALLED,ENTRY_SIGNAL
600118.SH,2026-01-09,d53256ff5f18d2cf02c0d7745ea35957547f93f5446b61405feeffdd605e9bcc,EXPIRED,PENDING_SIGNAL_HORIZON_EXPIRED
600120.SH,2025-02-07,2b7b432b26051f26683272e31a868d1ee4859fdd41dd78137bd9f62e34bf1729,ACTIVE,POOL_ADMISSION
600120.SH,2025-02-10,2b7b432b26051f26683272e31a868d1ee4859fdd41dd78137bd9f62e34bf1729,ACTIVE,POOL_OBSERVATION
600120.SH,2025-02-11,2b7b432b26051f26683272e31a868d1ee4859fdd41dd78137bd9f62e34bf1729,ACTIVE,POOL_OBSERVATION
600120.SH,2025-02-12,2b7b432b26051f26683272e31a868d1ee4859fdd41dd78137bd9f62e34bf1729,ACTIVE,POOL_OBSERVATION
600120.SH,2025-02-13,2b7b432b26051f26683272e31a868d1ee4859fdd41dd78137bd9f62e34bf1729,ACTIVE,POOL_OBSERVATION
600120.SH,2025-02-14,2b7b432b26051f26683272e31a868d1ee4859fdd41dd78137bd9f62e34bf1729,ACTIVE,POOL_OBSERVATION
600120.SH,2025-02-17,2b7b432b26051f26683272e31a868d1ee4859fdd41dd78137bd9f62e34bf1729,EXPIRED,POOL_EXPIRED
600126.SH,2025-02-10,6ea9ed6549abfc5a3b11bc18df3162c0666bcacb19dfbe27096ce16efd771b05,ACTIVE,POOL_ADMISSION
600126.SH,2025-02-11,6ea9ed6549abfc5a3b11bc18df3162c0666bcacb19dfbe27096ce16efd771b05,ACTIVE,POOL_OBSERVATION
600126.SH,2025-02-12,6ea9ed6549abfc5a3b11bc18df3162c0666bcacb19dfbe27096ce16efd771b05,ACTIVE,POOL_OBSERVATION
600126.SH,2025-02-13,6ea9ed6549abfc5a3b11bc18df3162c0666bcacb19dfbe27096ce16efd771b05,ACTIVE,POOL_OBSERVATION
600126.SH,2025-02-14,6ea9ed6549abfc5a3b11bc18df3162c0666bcacb19dfbe27096ce16efd771b05,SIGNALLED,ENTRY_SIGNAL
600126.SH,2025-02-17,6ea9ed6549abfc5a3b11bc18df3162c0666bcacb19dfbe27096ce16efd771b05,SIGNALLED,EXECUTION_PENDING
600126.SH,2025-02-18,6ea9ed6549abfc5a3b11bc18df3162c0666bcacb19dfbe27096ce16efd771b05,EXPIRED,PENDING_SIGNAL_HORIZON_EXPIRED
600126.SH,2025-02-27,668806b563a7b49b37ab8bb57827b95d9d61f3431ab9d4a0f1913e9706d736cd,SIGNALLED,ENTRY_SIGNAL
600126.SH,2025-02-28,668806b563a7b49b37ab8bb57827b95d9d61f3431ab9d4a0f1913e9706d736cd,SIGNALLED,EXECUTION_PENDING
600126.SH,2025-03-03,668806b563a7b49b37ab8bb57827b95d9d61f3431ab9d4a0f1913e9706d736cd,SIGNALLED,EXECUTION_PENDING
600126.SH,2025-03-04,668806b563a7b49b37ab8bb57827b95d9d61f3431ab9d4a0f1913e9706d736cd,SIGNALLED,EXECUTION_PENDING
600126.SH,2025-03-05,668806b563a7b49b37ab8bb57827b95d9d61f3431ab9d4a0f1913e9706d736cd,SIGNALLED,EXECUTION_PENDING
600126.SH,2025-03-06,668806b563a7b49b37ab8bb57827b95d9d61f3431ab9d4a0f1913e9706d736cd,SIGNALLED,EXECUTION_PENDING
600126.SH,2025-03-07,668806b563a7b49b37ab8bb57827b95d9d61f3431ab9d4a0f1913e9706d736cd,EXPIRED,PENDING_SIGNAL_HORIZON_EXPIRED
600127.SH,2026-08-20,2c2efefe0d7b1125d33440fb5a775345bce56286f9876bfd6fef1bc4110974b0,ACTIVE,POOL_ADMISSION
600127.SH,2026-08-21,2c2efefe0d7b1125d33440fb5a775345bce56286f9876bfd6fef1bc4110974b0,ACTIVE,POOL_OBSERVATION
600127.SH,2026-08-24,2c2efefe0d7b1125d33440fb5a775345bce56286f9876bfd6fef1bc4110974b0,SIGNALLED,ENTRY_SIGNAL
600127.SH,2026-08-25,2c2efefe0d7b1125d33440fb5a775345bce56286f9876bfd6fef1bc4110974b0,SIGNALLED,EXECUTION_PENDING
600127.SH,2026-08-26,2c2efefe0d7b1125d33440fb5a775345bce56286f9876bfd6fef1bc4110974b0,SIGNALLED,EXECUTION_PENDING
600127.SH,2026-08-27,2c2efefe0d7b1125d33440fb5a775345bce56286f9876bfd6fef1bc4110974b0,SIGNALLED,EXECUTION_PENDING
600127.SH,2026-08-28,2c2efefe0d7b1125d33440fb5a775345bce56286f9876bfd6fef1bc4110974b0,EXPIRED,PENDING_SIGNAL_HORIZON_EXPIRED
600128.SH,2025-01-14,d852873f10b924ab88ef3812636b0af8c8c276eb587e25048534d586f1b24c14,ACTIVE,POOL_ADMISSION
600128.SH,2025-01-15,d852873f10b924ab88ef3812636b0af8c8c276eb587e25048534d586f1b24c14,ACTIVE,POOL_OBSERVATION
600128.SH,2025-01-16,d852873f10b924ab88ef3812636b0af8c8c276eb587e25048534d586f1b24c14,ACTIVE,POOL_OBSERVATION
600128.SH,2025-01-17,d852873f10b924ab88ef3812636b0af8c8c276eb587e25048534d586f1b24c14,ACTIVE,POOL_OBSERVATION
600128.SH,2025-01-20,d852873f10b924ab88ef3812636b0af8c8c276eb587e25048534d586f1b24c14,ACTIVE,POOL_OBSERVATION
600128.SH,2025-01-21,d852873f10b924ab88ef3812636b0af8c8c276eb587e25048534d586f1b24c14,ACTIVE,POOL_OBSERVATION
600128.SH,2025-01-22,d852873f10b924ab88ef3812636b0af8c8c276eb587e25048534d586f1b24c14,EXPIRED,POOL_EXPIRED
600130.SH,2024-11-04,77aa12356a838f4ce4a7d1b5b3ca9fd001b869e7119eaa85f2d7f574b7a2036e,ACTIVE,POOL_ADMISSION
600130.SH,2024-11-05,77aa12356a838f4ce4a7d1b5b3ca9fd001b869e7119eaa85f2d7f574b7a2036e,ACTIVE,POOL_OBSERVATION
600130.SH,2024-11-06,77aa12356a838f4ce4a7d1b5b3ca9fd001b869e7119eaa85f2d7f574b7a2036e,ACTIVE,POOL_OBSERVATION
600130.SH,2024-11-07,77aa12356a838f4ce4a7d1b5b3ca9fd001b869e7119eaa85f2d7f574b7a2036e,ACTIVE,POOL_OBSERVATION
600130.SH,2024-11-08,77aa12356a838f4ce4a7d1b5b3ca9fd001b869e7119eaa85f2d7f574b7a2036e,ACTIVE,POOL_OBSERVATION
600130.SH,2024-11-11,77aa12356a838f4ce4a7d1b5b3ca9fd001b869e7119eaa85f2d7f574b7a2036e,ACTIVE,POOL_OBSERVATION
600130.SH,2024-11-12,77aa12356a838f4ce4a7d1b5b3ca9fd001b869e7119eaa85f2d7f574b7a2036e,EXPIRED,POOL_EXPIRED
600137.SH,2025-05-22,b7efeca2b26f8c8d34c6e53e0bd3781176f1e1b781cac750ea94aa6fa5a972c7,ACTIVE,POOL_ADMISSION
600137.SH,2025-05-23,b7efeca2b26f8c8d34c6e53e0bd3781176f1e1b781cac750ea94aa6fa5a972c7,ACTIVE,POOL_OBSERVATION
600137.SH,2025-05-26,b7efeca2b26f8c8d34c6e53e0bd3781176f1e1b781cac750ea94aa6fa5a972c7,ACTIVE,POOL_OBSERVATION
600137.SH,2025-05-27,b7efeca2b26f8c8d34c6e53e0bd3781176f1e1b781cac750ea94aa6fa5a972c7,ACTIVE,POOL_OBSERVATION
600137.SH,2025-05-28,b7efeca2b26f8c8d34c6e53e0bd3781176f1e1b781cac750ea94aa6fa5a972c7,ACTIVE,POOL_OBSERVATION
600137.SH,2025-05-29,b7efeca2b26f8c8d34c6e53e0bd3781176f1e1b781cac750ea94aa6fa5a972c7,ACTIVE,POOL_OBSERVATION
600137.SH,2025-05-30,b7efeca2b26f8c8d34c6e53e0bd3781176f1e1b781cac750ea94aa6fa5a972c7,EXPIRED,POOL_EXPIRED
600151.SH,2025-12-09,2b05214f12243a5b999e4b4abed0cd2b671333b866a68c0950d5785e66445805,SIGNALLED,ENTRY_SIGNAL
600151.SH,2025-12-10,2b05214f12243a5b999e4b4abed0cd2b671333b866a68c0950d5785e66445805,SIGNALLED,EXECUTION_PENDING
600151.SH,2025-12-11,2b05214f12243a5b999e4b4abed0cd2b671333b866a68c0950d5785e66445805,SIGNALLED,EXECUTION_PENDING
600151.SH,2025-12-12,2b05214f12243a5b999e4b4abed0cd2b671333b866a68c0950d5785e66445805,SIGNALLED,EXECUTION_PENDING
600151.SH,2025-12-15,2b05214f12243a5b999e4b4abed0cd2b671333b866a68c0950d5785e66445805,SIGNALLED,EXECUTION_PENDING
600151.SH,2025-12-16,2b05214f12243a5b999e4b4abed0cd2b671333b866a68c0950d5785e66445805,SIGNALLED,EXECUTION_PENDING
600151.SH,2025-12-17,2b05214f12243a5b999e4b4abed0cd2b671333b866a68c0950d5785e66445805,EXPIRED,PENDING_SIGNAL_HORIZON_EXPIRED
600162.SH,2025-09-17,2d7a152fd340f591daca34c6005e0dcd753958377a2be635f3b1ddf7fe21593e,ACTIVE,POOL_ADMISSION
600162.SH,2025-09-18,2d7a152fd340f591daca34c6005e0dcd753958377a2be635f3b1ddf7fe21593e,ACTIVE,POOL_OBSERVATION
600162.SH,2025-09-19,2d7a152fd340f591daca34c6005e0dcd753958377a2be635f3b1ddf7fe21593e,ACTIVE,POOL_OBSERVATION
600162.SH,2025-09-22,2d7a152fd340f591daca34c6005e0dcd753958377a2be635f3b1ddf7fe21593e,ACTIVE,POOL_OBSERVATION
600162.SH,2025-09-23,2d7a152fd340f591daca34c6005e0dcd753958377a2be635f3b1ddf7fe21593e,ACTIVE,POOL_OBSERVATION
600162.SH,2025-09-24,2d7a152fd340f591daca34c6005e0dcd753958377a2be635f3b1ddf7fe21593e,ACTIVE,POOL_OBSERVATION
600162.SH,2025-09-25,2d7a152fd340f591daca34c6005e0dcd753958377a2be635f3b1ddf7fe21593e,EXPIRED,POOL_EXPIRED
600162.SH,2026-05-28,984811b511612dae2778443627dbbf788bf2606a0912067ad8fee5dc83e5aae2,ACTIVE,POOL_ADMISSION
600162.SH,2026-05-29,984811b511612dae2778443627dbbf788bf2606a0912067ad8fee5dc83e5aae2,ACTIVE,POOL_OBSERVATION
600162.SH,2026-06-01,984811b511612dae2778443627dbbf788bf2606a0912067ad8fee5dc83e5aae2,SIGNALLED,ENTRY_SIGNAL
600162.SH,2026-06-02,984811b511612dae2778443627dbbf788bf2606a0912067ad8fee5dc83e5aae2,SIGNALLED,EXECUTION_PENDING
600162.SH,2026-06-03,984811b511612dae2778443627dbbf788bf2606a0912067ad8fee5dc83e5aae2,SIGNALLED,EXECUTION_PENDING
600162.SH,2026-06-04,984811b511612dae2778443627dbbf788bf2606a0912067ad8fee5dc83e5aae2,SIGNALLED,EXECUTION_PENDING
600162.SH,2026-06-05,984811b511612dae2778443627dbbf788bf2606a0912067ad8fee5dc83e5aae2,EXPIRED,PENDING_SIGNAL_HORIZON_EXPIRED
600167.SH,2025-09-25,24993bfd1c8445c72993d0964eea63d41bbc781c02da467bc405a16645cee487,ACTIVE,POOL_ADMISSION
600167.SH,2025-09-26,24993bfd1c8445c72993d0964eea63d41bbc781c02da467bc405a16645cee487,ACTIVE,POOL_OBSERVATION
600167.SH,2025-09-29,24993bfd1c8445c72993d0964eea63d41bbc781c02da467bc405a16645cee487,ACTIVE,POOL_OBSERVATION
600167.SH,2025-09-30,24993bfd1c8445c72993d0964eea63d41bbc781c02da467bc405a16645cee487,ACTIVE,POOL_OBSERVATION
600167.SH,2025-10-09,24993bfd1c8445c72993d0964eea63d41bbc781c02da467bc405a16645cee487,ACTIVE,POOL_OBSERVATION
600167.SH,2025-10-10,24993bfd1c8445c72993d0964eea63d41bbc781c02da467bc405a16645cee487,ACTIVE,POOL_OBSERVATION
600167.SH,2025-10-13,24993bfd1c8445c72993d0964eea63d41bbc781c02da467bc405a16645cee487,EXPIRED,POOL_EXPIRED
600170.SH,2025-09-17,b02d9dce805d94a4bfaf886ca732652cc29070ad17c9108de8991b8be0b97a0e,ACTIVE,POOL_ADMISSION
600170.SH,2025-09-18,b02d9dce805d94a4bfaf886ca732652cc29070ad17c9108de8991b8be0b97a0e,ACTIVE,POOL_OBSERVATION
600170.SH,2025-09-19,b02d9dce805d94a4bfaf886ca732652cc29070ad17c9108de8991b8be0b97a0e,ACTIVE,POOL_OBSERVATION
600170.SH,2025-09-22,b02d9dce805d94a4bfaf886ca732652cc29070ad17c9108de8991b8be0b97a0e,ACTIVE,POOL_OBSERVATION
600170.SH,2025-09-23,b02d9dce805d94a4bfaf886ca732652cc29070ad17c9108de8991b8be0b97a0e,ACTIVE,POOL_OBSERVATION
600170.SH,2025-09-24,b02d9dce805d94a4bfaf886ca732652cc29070ad17c9108de8991b8be0b97a0e,ACTIVE,POOL_OBSERVATION
600170.SH,2025-09-25,b02d9dce805d94a4bfaf886ca732652cc29070ad17c9108de8991b8be0b97a0e,EXPIRED,POOL_EXPIRED
600171.SH,2024-10-24,2d51756c09dd92c411d814cea88f35e5d52c7d5c538b5960d8710202ec3b7d16,SIGNALLED,ENTRY_SIGNAL
600171.SH,2024-10-25,2d51756c09dd92c411d814cea88f35e5d52c7d5c538b5960d8710202ec3b7d16,SIGNALLED,EXECUTION_PENDING
600171.SH,2024-10-28,2d51756c09dd92c411d814cea88f35e5d52c7d5c538b5960d8710202ec3b7d16,SIGNALLED,EXECUTION_PENDING
600171.SH,2024-10-29,2d51756c09dd92c411d814cea88f35e5d52c7d5c538b5960d8710202ec3b7d16,SIGNALLED,EXECUTION_PENDING
600171.SH,2024-10-30,2d51756c09dd92c411d814cea88f35e5d52c7d5c538b5960d8710202ec3b7d16,SIGNALLED,EXECUTION_PENDING
600171.SH,2024-10-31,2d51756c09dd92c411d814cea88f35e5d52c7d5c538b5960d8710202ec3b7d16,SIGNALLED,EXECUTION_PENDING
600171.SH,2024-11-01,2d51756c09dd92c411d814cea88f35e5d52c7d5c538b5960d8710202ec3b7d16,EXPIRED,PENDING_SIGNAL_HORIZON_EXPIRED
600172.SH,2024-10-31,975fe371895d92620a8bf4f01da4cea683c5a0b1498695bee5e9c411bba6a83b,ACTIVE,POOL_ADMISSION
600172.SH,2024-11-01,975fe371895d92620a8bf4f01da4cea683c5a0b1498695bee5e9c411bba6a83b,ACTIVE,POOL_OBSERVATION
600172.SH,2024-11-04,975fe371895d92620a8bf4f01da4cea683c5a0b1498695bee5e9c411bba6a83b,ACTIVE,POOL_OBSERVATION
600172.SH,2024-11-05,975fe371895d92620a8bf4f01da4cea683c5a0b1498695bee5e9c411bba6a83b,ACTIVE,POOL_OBSERVATION
600172.SH,2024-11-06,975fe371895d92620a8bf4f01da4cea683c5a0b1498695bee5e9c411bba6a83b,ACTIVE,POOL_OBSERVATION
600172.SH,2024-11-07,975fe371895d92620a8bf4f01da4cea683c5a0b1498695bee5e9c411bba6a83b,ACTIVE,POOL_OBSERVATION
600172.SH,2024-11-08,975fe371895d92620a8bf4f01da4cea683c5a0b1498695bee5e9c411bba6a83b,EXPIRED,POOL_EXPIRED
600172.SH,2024-12-06,459418ffa201dc1f4580f4e44c03b8bf1a6b7d32fe3e4424b662f97332c16acd,ACTIVE,POOL_ADMISSION
600172.SH,2024-12-09,459418ffa201dc1f4580f4e44c03b8bf1a6b7d32fe3e4424b662f97332c16acd,ACTIVE,POOL_OBSERVATION
600172.SH,2024-12-10,459418ffa201dc1f4580f4e44c03b8bf1a6b7d32fe3e4424b662f97332c16acd,ACTIVE,POOL_OBSERVATION
600172.SH,2024-12-11,459418ffa201dc1f4580f4e44c03b8bf1a6b7d32fe3e4424b662f97332c16acd,ACTIVE,POOL_OBSERVATION
600172.SH,2024-12-12,459418ffa201dc1f4580f4e44c03b8bf1a6b7d32fe3e4424b662f97332c16acd,ACTIVE,POOL_OBSERVATION
600172.SH,2024-12-13,459418ffa201dc1f4580f4e44c03b8bf1a6b7d32fe3e4424b662f97332c16acd,ACTIVE,POOL_OBSERVATION
600172.SH,2024-12-16,459418ffa201dc1f4580f4e44c03b8bf1a6b7d32fe3e4424b662f97332c16acd,EXPIRED,POOL_EXPIRED
600172.SH,2026-05-28,36d6207415e7c213beed313b260dd64d7a117421f84960f8bf0a251ef84132b5,ACTIVE,POOL_ADMISSION
600172.SH,2026-05-29,36d6207415e7c213beed313b260dd64d7a117421f84960f8bf0a251ef84132b5,ACTIVE,POOL_OBSERVATION
600172.SH,2026-06-01,36d6207415e7c213beed313b260dd64d7a117421f84960f8bf0a251ef84132b5,ACTIVE,POOL_OBSERVATION
600172.SH,2026-06-02,36d6207415e7c213beed313b260dd64d7a117421f84960f8bf0a251ef84132b5,ACTIVE,POOL_OBSERVATION
600172.SH,2026-06-03,36d6207415e7c213beed313b260dd64d7a117421f84960f8bf0a251ef84132b5,SIGNALLED,ENTRY_SIGNAL
600172.SH,2026-06-04,36d6207415e7c213beed313b260dd64d7a117421f84960f8bf0a251ef84132b5,SIGNALLED,EXECUTION_PENDING
600172.SH,2026-06-05,36d6207415e7c213beed313b260dd64d7a117421f84960f8bf0a251ef84132b5,EXPIRED,PENDING_SIGNAL_HORIZON_EXPIRED
600178.SH,2024-10-31,0b1fe0282e1b95acf98b5a473af1614e360af8d04d8a6d31ba523054d2863da0,ACTIVE,POOL_ADMISSION
600178.SH,2024-11-01,0b1fe0282e1b95acf98b5a473af1614e360af8d04d8a6d31ba523054d2863da0,ACTIVE,POOL_OBSERVATION
600178.SH,2024-11-04,0b1fe0282e1b95acf98b5a473af1614e360af8d04d8a6d31ba523054d2863da0,ACTIVE,POOL_OBSERVATION
600178.SH,2024-11-05,0b1fe0282e1b95acf98b5a473af1614e360af8d04d8a6d31ba523054d2863da0,SIGNALLED,ENTRY_SIGNAL
600178.SH,2024-11-06,0b1fe0282e1b95acf98b5a473af1614e360af8d04d8a6d31ba523054d2863da0,SIGNALLED,EXECUTION_PENDING
600178.SH,2024-11-07,0b1fe0282e1b95acf98b5a473af1614e360af8d04d8a6d31ba523054d2863da0,SIGNALLED,EXECUTION_PENDING
600178.SH,2024-11-08,0b1fe0282e1b95acf98b5a473af1614e360af8d04d8a6d31ba523054d2863da0,EXPIRED,PENDING_SIGNAL_HORIZON_EXPIRED
600179.SH,2025-12-25,3cf3dc2bd8f878dae2a32bf848fb791652d27bf2cb33cc2c2c44a01f4074350c,ACTIVE,POOL_ADMISSION
600179.SH,2025-12-26,3cf3dc2bd8f878dae2a32bf848fb791652d27bf2cb33cc2c2c44a01f4074350c,ACTIVE,POOL_OBSERVATION
600179.SH,2025-12-29,3cf3dc2bd8f878dae2a32bf848fb791652d27bf2cb33cc2c2c44a01f4074350c,ACTIVE,POOL_OBSERVATION
600179.SH,2025-12-30,3cf3dc2bd8f878dae2a32bf848fb791652d27bf2cb33cc2c2c44a01f4074350c,ACTIVE,POOL_OBSERVATION
600179.SH,2025-12-31,3cf3dc2bd8f878dae2a32bf848fb791652d27bf2cb33cc2c2c44a01f4074350c,ACTIVE,POOL_OBSERVATION
600179.SH,2026-01-05,3cf3dc2bd8f878dae2a32bf848fb791652d27bf2cb33cc2c2c44a01f4074350c,ACTIVE,POOL_OBSERVATION
600179.SH,2026-01-06,3cf3dc2bd8f878dae2a32bf848fb791652d27bf2cb33cc2c2c44a01f4074350c,EXPIRED,POOL_EXPIRED
600187.SH,2024-07-25,c18482256bf734f75694c66d7abfc2e165a32d90483e01609fdd40fd41fbe0e3,ACTIVE,POOL_ADMISSION
600187.SH,2024-07-26,c18482256bf734f75694c66d7abfc2e165a32d90483e01609fdd40fd41fbe0e3,ACTIVE,POOL_OBSERVATION
600187.SH,2024-07-29,c18482256bf734f75694c66d7abfc2e165a32d90483e01609fdd40fd41fbe0e3,ACTIVE,POOL_OBSERVATION
600187.SH,2024-07-30,c18482256bf734f75694c66d7abfc2e165a32d90483e01609fdd40fd41fbe0e3,ACTIVE,POOL_OBSERVATION
600187.SH,2024-07-31,c18482256bf734f75694c66d7abfc2e165a32d90483e01609fdd40fd41fbe0e3,ACTIVE,POOL_OBSERVATION
600187.SH,2024-08-01,c18482256bf734f75694c66d7abfc2e165a32d90483e01609fdd40fd41fbe0e3,ACTIVE,POOL_OBSERVATION
600187.SH,2024-08-02,c18482256bf734f75694c66d7abfc2e165a32d90483e01609fdd40fd41fbe0e3,EXPIRED,POOL_EXPIRED
600198.SH,2024-09-20,d3cfe1da7b58a94c3b712a35a4582ebeb056f398c2fe31b3a8d70ccb517558a0,ACTIVE,POOL_ADMISSION
600198.SH,2024-09-23,d3cfe1da7b58a94c3b712a35a4582ebeb056f398c2fe31b3a8d70ccb517558a0,ACTIVE,POOL_OBSERVATION
600198.SH,2024-09-24,d3cfe1da7b58a94c3b712a35a4582ebeb056f398c2fe31b3a8d70ccb517558a0,ACTIVE,POOL_OBSERVATION
600198.SH,2024-09-25,d3cfe1da7b58a94c3b712a35a4582ebeb056f398c2fe31b3a8d70ccb517558a0,ACTIVE,POOL_OBSERVATION
600198.SH,2024-09-26,d3cfe1da7b58a94c3b712a35a4582ebeb056f398c2fe31b3a8d70ccb517558a0,ACTIVE,POOL_OBSERVATION
600198.SH,2024-09-27,d3cfe1da7b58a94c3b712a35a4582ebeb056f398c2fe31b3a8d70ccb517558a0,ACTIVE,POOL_OBSERVATION
600198.SH,2024-09-30,d3cfe1da7b58a94c3b712a35a4582ebeb056f398c2fe31b3a8d70ccb517558a0,EXPIRED,POOL_EXPIRED
600198.SH,2024-10-28,1795e8d8508231fa3fb5e8f2788d5f089b62a5b65630401bf4b0a5ae80eb5290,ACTIVE,POOL_ADMISSION
600198.SH,2024-10-29,1795e8d8508231fa3fb5e8f2788d5f089b62a5b65630401bf4b0a5ae80eb5290,ACTIVE,POOL_OBSERVATION
600198.SH,2024-10-30,1795e8d8508231fa3fb5e8f2788d5f089b62a5b65630401bf4b0a5ae80eb5290,SIGNALLED,ENTRY_SIGNAL
600198.SH,2024-10-31,1795e8d8508231fa3fb5e8f2788d5f089b62a5b65630401bf4b0a5ae80eb5290,SIGNALLED,EXECUTION_PENDING
600198.SH,2024-11-01,1795e8d8508231fa3fb5e8f2788d5f089b62a5b65630401bf4b0a5ae80eb5290,SIGNALLED,EXECUTION_PENDING
600198.SH,2024-11-04,1795e8d8508231fa3fb5e8f2788d5f089b62a5b65630401bf4b0a5ae80eb5290,SIGNALLED,EXECUTION_PENDING
600198.SH,2024-11-05,1795e8d8508231fa3fb5e8f2788d5f089b62a5b65630401bf4b0a5ae80eb5290,EXPIRED,PENDING_SIGNAL_HORIZON_EXPIRED
600203.SH,2024-10-31,70bfbec1f5867850762082fc9783b577c2c964ffcf262d87b259997785cb4ee1,ACTIVE,POOL_ADMISSION
600203.SH,2024-11-01,70bfbec1f5867850762082fc9783b577c2c964ffcf262d87b259997785cb4ee1,ACTIVE,POOL_OBSERVATION
600203.SH,2024-11-04,70bfbec1f5867850762082fc9783b577c2c964ffcf262d87b259997785cb4ee1,SIGNALLED,ENTRY_SIGNAL
600203.SH,2024-11-05,70bfbec1f5867850762082fc9783b577c2c964ffcf262d87b259997785cb4ee1,SIGNALLED,EXECUTION_PENDING
600203.SH,2024-11-06,70bfbec1f5867850762082fc9783b577c2c964ffcf262d87b259997785cb4ee1,SIGNALLED,EXECUTION_PENDING
600203.SH,2024-11-07,70bfbec1f5867850762082fc9783b577c2c964ffcf262d87b259997785cb4ee1,SIGNALLED,EXECUTION_PENDING
600203.SH,2024-11-08,70bfbec1f5867850762082fc9783b577c2c964ffcf262d87b259997785cb4ee1,EXPIRED,PENDING_SIGNAL_HORIZON_EXPIRED
600203.SH,2025-08-07,fdd37d17bde41e8ab60f3dc37790fd1aa2b5d5beaf1c5953922b2aa444be9aea,ACTIVE,POOL_ADMISSION
600203.SH,2025-08-08,fdd37d17bde41e8ab60f3dc37790fd1aa2b5d5beaf1c5953922b2aa444be9aea,ACTIVE,POOL_OBSERVATION
600203.SH,2025-08-11,fdd37d17bde41e8ab60f3dc37790fd1aa2b5d5beaf1c5953922b2aa444be9aea,ACTIVE,POOL_OBSERVATION
600203.SH,2025-08-12,fdd37d17bde41e8ab60f3dc37790fd1aa2b5d5beaf1c5953922b2aa444be9aea,SIGNALLED,ENTRY_SIGNAL
600203.SH,2025-08-13,fdd37d17bde41e8ab60f3dc37790fd1aa2b5d5beaf1c5953922b2aa444be9aea,SIGNALLED,EXECUTION_PENDING
600203.SH,2025-08-14,fdd37d17bde41e8ab60f3dc37790fd1aa2b5d5beaf1c5953922b2aa444be9aea,SIGNALLED,EXECUTION_PENDING
600203.SH,2025-08-15,fdd37d17bde41e8ab60f3dc37790fd1aa2b5d5beaf1c5953922b2aa444be9aea,EXPIRED,PENDING_SIGNAL_HORIZON_EXPIRED
600206.SH,2024-11-12,13a1ff4b9a0002a66090ab9009f6f4697f27542f3c3bbfa468bce98fd4a57778,ACTIVE,POOL_ADMISSION
600206.SH,2024-11-13,13a1ff4b9a0002a66090ab9009f6f4697f27542f3c3bbfa468bce98fd4a57778,ACTIVE,POOL_OBSERVATION
600206.SH,2024-11-14,13a1ff4b9a0002a66090ab9009f6f4697f27542f3c3bbfa468bce98fd4a57778,ACTIVE,POOL_OBSERVATION
600206.SH,2024-11-15,13a1ff4b9a0002a66090ab9009f6f4697f27542f3c3bbfa468bce98fd4a57778,ACTIVE,POOL_OBSERVATION
600206.SH,2024-11-18,13a1ff4b9a0002a66090ab9009f6f4697f27542f3c3bbfa468bce98fd4a57778,ACTIVE,POOL_OBSERVATION
600206.SH,2024-11-19,13a1ff4b9a0002a66090ab9009f6f4697f27542f3c3bbfa468bce98fd4a57778,ACTIVE,POOL_OBSERVATION
600206.SH,2024-11-20,13a1ff4b9a0002a66090ab9009f6f4697f27542f3c3bbfa468bce98fd4a57778,EXPIRED,POOL_EXPIRED
600208.SH,2024-10-08,fff068016e04a68cf5840d045a4b4966c63842d523ae1ce2e9cee23fa3f26b0b,ACTIVE,POOL_ADMISSION
600208.SH,2024-10-09,fff068016e04a68cf5840d045a4b4966c63842d523ae1ce2e9cee23fa3f26b0b,ACTIVE,POOL_OBSERVATION
600208.SH,2024-10-10,fff068016e04a68cf5840d045a4b4966c63842d523ae1ce2e9cee23fa3f26b0b,ACTIVE,POOL_OBSERVATION
600208.SH,2024-10-11,fff068016e04a68cf5840d045a4b4966c63842d523ae1ce2e9cee23fa3f26b0b,ACTIVE,POOL_OBSERVATION
600208.SH,2024-10-14,fff068016e04a68cf5840d045a4b4966c63842d523ae1ce2e9cee23fa3f26b0b,ACTIVE,POOL_OBSERVATION
600208.SH,2024-10-15,fff068016e04a68cf5840d045a4b4966c63842d523ae1ce2e9cee23fa3f26b0b,ACTIVE,POOL_OBSERVATION
600208.SH,2024-10-16,fff068016e04a68cf5840d045a4b4966c63842d523ae1ce2e9cee23fa3f26b0b,SIGNALLED,ENTRY_SIGNAL
600208.SH,2024-10-17,fff068016e04a68cf5840d045a4b4966c63842d523ae1ce2e9cee23fa3f26b0b,EXPIRED,PENDING_SIGNAL_HORIZON_EXPIRED
600210.SH,2024-11-11,1db5caf0ddf8603f09d0177c029e68312abd2b4b06617de9b52233a0da9763eb,ACTIVE,POOL_ADMISSION
600210.SH,2024-11-12,1db5caf0ddf8603f09d0177c029e68312abd2b4b06617de9b52233a0da9763eb,ACTIVE,POOL_OBSERVATION
600210.SH,2024-11-13,1db5caf0ddf8603f09d0177c029e68312abd2b4b06617de9b52233a0da9763eb,SIGNALLED,ENTRY_SIGNAL
600210.SH,2024-11-14,1db5caf0ddf8603f09d0177c029e68312abd2b4b06617de9b52233a0da9763eb,SIGNALLED,EXECUTION_PENDING
600210.SH,2024-11-15,1db5caf0ddf8603f09d0177c029e68312abd2b4b06617de9b52233a0da9763eb,SIGNALLED,EXECUTION_PENDING
600210.SH,2024-11-18,1db5caf0ddf8603f09d0177c029e68312abd2b4b06617de9b52233a0da9763eb,SIGNALLED,EXECUTION_PENDING
600210.SH,2024-11-19,1db5caf0ddf8603f09d0177c029e68312abd2b4b06617de9b52233a0da9763eb,EXPIRED,PENDING_SIGNAL_HORIZON_EXPIRED
600221.SH,2024-11-05,034283655c48bf4822270cd921858e1a0b2dd9f752d8720e072aa2878014ee35,ACTIVE,POOL_ADMISSION
600221.SH,2024-11-06,034283655c48bf4822270cd921858e1a0b2dd9f752d8720e072aa2878014ee35,ACTIVE,POOL_OBSERVATION
600221.SH,2024-11-07,034283655c48bf4822270cd921858e1a0b2dd9f752d8720e072aa2878014ee35,ACTIVE,POOL_OBSERVATION
600221.SH,2024-11-08,034283655c48bf4822270cd921858e1a0b2dd9f752d8720e072aa2878014ee35,ACTIVE,POOL_OBSERVATION
600221.SH,2024-11-11,034283655c48bf4822270cd921858e1a0b2dd9f752d8720e072aa2878014ee35,ACTIVE,POOL_OBSERVATION
600221.SH,2024-11-12,034283655c48bf4822270cd921858e1a0b2dd9f752d8720e072aa2878014ee35,ACTIVE,POOL_OBSERVATION
600221.SH,2024-11-13,034283655c48bf4822270cd921858e1a0b2dd9f752d8720e072aa2878014ee35,EXPIRED,POOL_EXPIRED
600232.SH,2025-06-11,2cd183627e1a816fdcb5086bceba867726943d8391eb6cd5be671e03f059d9df,SIGNALLED,ENTRY_SIGNAL
600232.SH,2025-06-12,2cd183627e1a816fdcb5086bceba867726943d8391eb6cd5be671e03f059d9df,SIGNALLED,EXECUTION_PENDING
600232.SH,2025-06-13,2cd183627e1a816fdcb5086bceba867726943d8391eb6cd5be671e03f059d9df,SIGNALLED,EXECUTION_PENDING
600232.SH,2025-06-16,2cd183627e1a816fdcb5086bceba867726943d8391eb6cd5be671e03f059d9df,INVALIDATED,HARD_INVALIDATION
600246.SH,2024-10-30,a316abda97b01e6ebc207d291808223fe657011a55f2db49d24a09232b21fc57,ACTIVE,POOL_ADMISSION
600246.SH,2024-10-31,a316abda97b01e6ebc207d291808223fe657011a55f2db49d24a09232b21fc57,ACTIVE,POOL_OBSERVATION
600246.SH,2024-11-01,a316abda97b01e6ebc207d291808223fe657011a55f2db49d24a09232b21fc57,ACTIVE,POOL_OBSERVATION
600246.SH,2024-11-04,a316abda97b01e6ebc207d291808223fe657011a55f2db49d24a09232b21fc57,SIGNALLED,ENTRY_SIGNAL
600246.SH,2024-11-05,a316abda97b01e6ebc207d291808223fe657011a55f2db49d24a09232b21fc57,SIGNALLED,EXECUTION_PENDING
600246.SH,2024-11-06,a316abda97b01e6ebc207d291808223fe657011a55f2db49d24a09232b21fc57,SIGNALLED,EXECUTION_PENDING
600246.SH,2024-11-07,a316abda97b01e6ebc207d291808223fe657011a55f2db49d24a09232b21fc57,EXPIRED,PENDING_SIGNAL_HORIZON_EXPIRED
600246.SH,2025-08-13,3ce7baccd96df4ab5977f12401fed46f8730d4adbd5ffaa3f697d67ba06ac054,ACTIVE,POOL_ADMISSION
600246.SH,2025-08-14,3ce7baccd96df4ab5977f12401fed46f8730d4adbd5ffaa3f697d67ba06ac054,ACTIVE,POOL_OBSERVATION
600246.SH,2025-08-15,3ce7baccd96df4ab5977f12401fed46f8730d4adbd5ffaa3f697d67ba06ac054,ACTIVE,POOL_OBSERVATION
600246.SH,2025-08-18,3ce7baccd96df4ab5977f12401fed46f8730d4adbd5ffaa3f697d67ba06ac054,ACTIVE,POOL_OBSERVATION
600246.SH,2025-08-19,3ce7baccd96df4ab5977f12401fed46f8730d4adbd5ffaa3f697d67ba06ac054,ACTIVE,POOL_OBSERVATION
600246.SH,2025-08-20,3ce7baccd96df4ab5977f12401fed46f8730d4adbd5ffaa3f697d67ba06ac054,ACTIVE,POOL_OBSERVATION
600246.SH,2025-08-21,3ce7baccd96df4ab5977f12401fed46f8730d4adbd5ffaa3f697d67ba06ac054,EXPIRED,POOL_EXPIRED
600249.SH,2025-04-16,d4b607cb56f71427747c9620de1094586654e1abedc3f3f84f9f422bce678dea,ACTIVE,POOL_ADMISSION
600249.SH,2025-04-17,d4b607cb56f71427747c9620de1094586654e1abedc3f3f84f9f422bce678dea,ACTIVE,POOL_OBSERVATION
600249.SH,2025-04-18,d4b607cb56f71427747c9620de1094586654e1abedc3f3f84f9f422bce678dea,ACTIVE,POOL_OBSERVATION
600249.SH,2025-04-21,d4b607cb56f71427747c9620de1094586654e1abedc3f3f84f9f422bce678dea,ACTIVE,POOL_OBSERVATION
600249.SH,2025-04-22,d4b607cb56f71427747c9620de1094586654e1abedc3f3f84f9f422bce678dea,ACTIVE,POOL_OBSERVATION
600249.SH,2025-04-23,d4b607cb56f71427747c9620de1094586654e1abedc3f3f84f9f422bce678dea,ACTIVE,POOL_OBSERVATION
600249.SH,2025-04-24,d4b607cb56f71427747c9620de1094586654e1abedc3f3f84f9f422bce678dea,EXPIRED,POOL_EXPIRED
600255.SH,2024-12-19,8b85b6ce971d971679b3e8e4f91e4a106c7568f24e4131bfc6711e2924632b65,ACTIVE,POOL_ADMISSION
600255.SH,2024-12-20,8b85b6ce971d971679b3e8e4f91e4a106c7568f24e4131bfc6711e2924632b65,ACTIVE,POOL_OBSERVATION
600255.SH,2024-12-23,8b85b6ce971d971679b3e8e4f91e4a106c7568f24e4131bfc6711e2924632b65,ACTIVE,POOL_OBSERVATION
600255.SH,2024-12-24,8b85b6ce971d971679b3e8e4f91e4a106c7568f24e4131bfc6711e2924632b65,SIGNALLED,ENTRY_SIGNAL
600255.SH,2024-12-25,8b85b6ce971d971679b3e8e4f91e4a106c7568f24e4131bfc6711e2924632b65,SIGNALLED,EXECUTION_PENDING
600255.SH,2024-12-26,8b85b6ce971d971679b3e8e4f91e4a106c7568f24e4131bfc6711e2924632b65,SIGNALLED,EXECUTION_PENDING
600255.SH,2024-12-27,8b85b6ce971d971679b3e8e4f91e4a106c7568f24e4131bfc6711e2924632b65,EXPIRED,PENDING_SIGNAL_HORIZON_EXPIRED
600266.SH,2026-01-07,18047bed8e33d365677ed380140a39de661590a050f6bb62a43fecf3047a3a6b,ACTIVE,POOL_ADMISSION
600266.SH,2026-01-08,18047bed8e33d365677ed380140a39de661590a050f6bb62a43fecf3047a3a6b,ACTIVE,POOL_OBSERVATION
600266.SH,2026-01-09,18047bed8e33d365677ed380140a39de661590a050f6bb62a43fecf3047a3a6b,ACTIVE,POOL_OBSERVATION
600266.SH,2026-01-12,18047bed8e33d365677ed380140a39de661590a050f6bb62a43fecf3047a3a6b,ACTIVE,POOL_OBSERVATION
600266.SH,2026-01-13,18047bed8e33d365677ed380140a39de661590a050f6bb62a43fecf3047a3a6b,ACTIVE,POOL_OBSERVATION
600266.SH,2026-01-14,18047bed8e33d365677ed380140a39de661590a050f6bb62a43fecf3047a3a6b,ACTIVE,POOL_OBSERVATION
600266.SH,2026-01-15,18047bed8e33d365677ed380140a39de661590a050f6bb62a43fecf3047a3a6b,EXPIRED,POOL_EXPIRED
600272.SH,2024-12-16,e5e792d51049a3554624c513f4dcf99239a11c8aad3bd490e1e628f86a286b9a,ACTIVE,POOL_ADMISSION
600272.SH,2024-12-17,e5e792d51049a3554624c513f4dcf99239a11c8aad3bd490e1e628f86a286b9a,SIGNALLED,ENTRY_SIGNAL
600272.SH,2024-12-18,e5e792d51049a3554624c513f4dcf99239a11c8aad3bd490e1e628f86a286b9a,SIGNALLED,EXECUTION_PENDING
600272.SH,2024-12-19,e5e792d51049a3554624c513f4dcf99239a11c8aad3bd490e1e628f86a286b9a,SIGNALLED,EXECUTION_PENDING
600272.SH,2024-12-20,e5e792d51049a3554624c513f4dcf99239a11c8aad3bd490e1e628f86a286b9a,SIGNALLED,EXECUTION_PENDING
600272.SH,2024-12-23,e5e792d51049a3554624c513f4dcf99239a11c8aad3bd490e1e628f86a286b9a,SIGNALLED,EXECUTION_PENDING
600272.SH,2024-12-24,e5e792d51049a3554624c513f4dcf99239a11c8aad3bd490e1e628f86a286b9a,EXPIRED,PENDING_SIGNAL_HORIZON_EXPIRED
600272.SH,2026-08-11,3494198a9d54d6393a09b21fff61d3a0c7baf76a690ae6dbf840b8e78ec86f75,ACTIVE,POOL_ADMISSION
600272.SH,2026-08-12,3494198a9d54d6393a09b21fff61d3a0c7baf76a690ae6dbf840b8e78ec86f75,ACTIVE,POOL_OBSERVATION
600272.SH,2026-08-13,3494198a9d54d6393a09b21fff61d3a0c7baf76a690ae6dbf840b8e78ec86f75,ACTIVE,POOL_OBSERVATION
600272.SH,2026-08-14,3494198a9d54d6393a09b21fff61d3a0c7baf76a690ae6dbf840b8e78ec86f75,SIGNALLED,ENTRY_SIGNAL
600272.SH,2026-08-17,3494198a9d54d6393a09b21fff61d3a0c7baf76a690ae6dbf840b8e78ec86f75,SIGNALLED,EXECUTION_PENDING
600272.SH,2026-08-18,3494198a9d54d6393a09b21fff61d3a0c7baf76a690ae6dbf840b8e78ec86f75,SIGNALLED,EXECUTION_PENDING
600272.SH,2026-08-19,3494198a9d54d6393a09b21fff61d3a0c7baf76a690ae6dbf840b8e78ec86f75,EXPIRED,PENDING_SIGNAL_HORIZON_EXPIRED
600280.SH,2024-08-07,67a0d761f03d70c500128ad52308dad60b83ecbb64c80161901774f003603aac,ACTIVE,POOL_ADMISSION
600280.SH,2024-08-08,67a0d761f03d70c500128ad52308dad60b83ecbb64c80161901774f003603aac,ACTIVE,POOL_OBSERVATION
600280.SH,2024-08-09,67a0d761f03d70c500128ad52308dad60b83ecbb64c80161901774f003603aac,ACTIVE,POOL_OBSERVATION
600280.SH,2024-08-12,67a0d761f03d70c500128ad52308dad60b83ecbb64c80161901774f003603aac,ACTIVE,POOL_OBSERVATION
600280.SH,2024-08-13,67a0d761f03d70c500128ad52308dad60b83ecbb64c80161901774f003603aac,ACTIVE,POOL_OBSERVATION
600280.SH,2024-08-14,67a0d761f03d70c500128ad52308dad60b83ecbb64c80161901774f003603aac,ACTIVE,POOL_OBSERVATION
600280.SH,2024-08-15,67a0d761f03d70c500128ad52308dad60b83ecbb64c80161901774f003603aac,EXPIRED,POOL_EXPIRED
600281.SH,2025-06-17,6165a77775cc4a6aea119d95fcdba55bf6afcae6abe9a950a4cdf23f97618ed0,ACTIVE,POOL_ADMISSION
600281.SH,2025-06-18,6165a77775cc4a6aea119d95fcdba55bf6afcae6abe9a950a4cdf23f97618ed0,ACTIVE,POOL_OBSERVATION
600281.SH,2025-06-19,6165a77775cc4a6aea119d95fcdba55bf6afcae6abe9a950a4cdf23f97618ed0,ACTIVE,POOL_OBSERVATION
600281.SH,2025-06-20,6165a77775cc4a6aea119d95fcdba55bf6afcae6abe9a950a4cdf23f97618ed0,ACTIVE,POOL_OBSERVATION
600281.SH,2025-06-23,6165a77775cc4a6aea119d95fcdba55bf6afcae6abe9a950a4cdf23f97618ed0,ACTIVE,POOL_OBSERVATION
600281.SH,2025-06-24,6165a77775cc4a6aea119d95fcdba55bf6afcae6abe9a950a4cdf23f97618ed0,ACTIVE,POOL_OBSERVATION
600281.SH,2025-06-25,6165a77775cc4a6aea119d95fcdba55bf6afcae6abe9a950a4cdf23f97618ed0,EXPIRED,POOL_EXPIRED
600288.SH,2024-11-22,ec192c21e1319037c602524fc8e8f9e005025779262c07482a9a1917bdc1e43e,ACTIVE,POOL_ADMISSION
600288.SH,2024-11-25,ec192c21e1319037c602524fc8e8f9e005025779262c07482a9a1917bdc1e43e,ACTIVE,POOL_OBSERVATION
600288.SH,2024-11-26,ec192c21e1319037c602524fc8e8f9e005025779262c07482a9a1917bdc1e43e,ACTIVE,POOL_OBSERVATION
600288.SH,2024-11-27,ec192c21e1319037c602524fc8e8f9e005025779262c07482a9a1917bdc1e43e,ACTIVE,POOL_OBSERVATION
600288.SH,2024-11-28,ec192c21e1319037c602524fc8e8f9e005025779262c07482a9a1917bdc1e43e,ACTIVE,POOL_OBSERVATION
600288.SH,2024-11-29,ec192c21e1319037c602524fc8e8f9e005025779262c07482a9a1917bdc1e43e,ACTIVE,POOL_OBSERVATION
600288.SH,2024-12-02,ec192c21e1319037c602524fc8e8f9e005025779262c07482a9a1917bdc1e43e,EXPIRED,POOL_EXPIRED
600292.SH,2024-10-24,aff3147f3205c1577a3bd48a2dc1ef54bfb36474532f03ea4cf055b60cc5aed6,ACTIVE,POOL_ADMISSION
600292.SH,2024-10-25,aff3147f3205c1577a3bd48a2dc1ef54bfb36474532f03ea4cf055b60cc5aed6,ACTIVE,POOL_OBSERVATION
600292.SH,2024-10-28,aff3147f3205c1577a3bd48a2dc1ef54bfb36474532f03ea4cf055b60cc5aed6,ACTIVE,POOL_OBSERVATION
600292.SH,2024-10-29,aff3147f3205c1577a3bd48a2dc1ef54bfb36474532f03ea4cf055b60cc5aed6,ACTIVE,POOL_OBSERVATION
600292.SH,2024-10-30,aff3147f3205c1577a3bd48a2dc1ef54bfb36474532f03ea4cf055b60cc5aed6,ACTIVE,POOL_OBSERVATION
600292.SH,2024-10-31,aff3147f3205c1577a3bd48a2dc1ef54bfb36474532f03ea4cf055b60cc5aed6,ACTIVE,POOL_OBSERVATION
600292.SH,2024-11-01,aff3147f3205c1577a3bd48a2dc1ef54bfb36474532f03ea4cf055b60cc5aed6,EXPIRED,POOL_EXPIRED
600326.SH,2025-07-24,34418e0e53165d88209d567d1f1bc980cc08618b629fbd002caafffd8e5a6595,ACTIVE,POOL_ADMISSION
600326.SH,2025-07-25,34418e0e53165d88209d567d1f1bc980cc08618b629fbd002caafffd8e5a6595,ACTIVE,POOL_OBSERVATION
600326.SH,2025-07-28,34418e0e53165d88209d567d1f1bc980cc08618b629fbd002caafffd8e5a6595,ACTIVE,POOL_OBSERVATION
600326.SH,2025-07-29,34418e0e53165d88209d567d1f1bc980cc08618b629fbd002caafffd8e5a6595,SIGNALLED,ENTRY_SIGNAL
600326.SH,2025-07-30,34418e0e53165d88209d567d1f1bc980cc08618b629fbd002caafffd8e5a6595,SIGNALLED,EXECUTION_PENDING
600326.SH,2025-07-31,34418e0e53165d88209d567d1f1bc980cc08618b629fbd002caafffd8e5a6595,SIGNALLED,EXECUTION_PENDING
600326.SH,2025-08-01,34418e0e53165d88209d567d1f1bc980cc08618b629fbd002caafffd8e5a6595,EXPIRED,PENDING_SIGNAL_HORIZON_EXPIRED
600327.SH,2024-11-22,458fe6e0920ab2f2c349b038ee9e074bbd1468fc2858d1f4122842813d411734,ACTIVE,POOL_ADMISSION
600327.SH,2024-11-25,458fe6e0920ab2f2c349b038ee9e074bbd1468fc2858d1f4122842813d411734,ACTIVE,POOL_OBSERVATION
600327.SH,2024-11-26,458fe6e0920ab2f2c349b038ee9e074bbd1468fc2858d1f4122842813d411734,SIGNALLED,ENTRY_SIGNAL
600327.SH,2024-11-27,458fe6e0920ab2f2c349b038ee9e074bbd1468fc2858d1f4122842813d411734,SIGNALLED,EXECUTION_PENDING
600327.SH,2024-11-28,458fe6e0920ab2f2c349b038ee9e074bbd1468fc2858d1f4122842813d411734,SIGNALLED,EXECUTION_PENDING
600327.SH,2024-11-29,458fe6e0920ab2f2c349b038ee9e074bbd1468fc2858d1f4122842813d411734,SIGNALLED,EXECUTION_PENDING
600327.SH,2024-12-02,458fe6e0920ab2f2c349b038ee9e074bbd1468fc2858d1f4122842813d411734,EXPIRED,PENDING_SIGNAL_HORIZON_EXPIRED
600337.SH,2026-01-08,5b80d6ea1fba13c789371466c22a37e0581e3c7579aebf6db48e23c5c3c954e4,ACTIVE,POOL_ADMISSION
600337.SH,2026-01-09,5b80d6ea1fba13c789371466c22a37e0581e3c7579aebf6db48e23c5c3c954e4,ACTIVE,POOL_OBSERVATION
600337.SH,2026-01-12,5b80d6ea1fba13c789371466c22a37e0581e3c7579aebf6db48e23c5c3c954e4,ACTIVE,POOL_OBSERVATION
600337.SH,2026-01-13,5b80d6ea1fba13c789371466c22a37e0581e3c7579aebf6db48e23c5c3c954e4,ACTIVE,POOL_OBSERVATION
600337.SH,2026-01-14,5b80d6ea1fba13c789371466c22a37e0581e3c7579aebf6db48e23c5c3c954e4,ACTIVE,POOL_OBSERVATION
600337.SH,2026-01-15,5b80d6ea1fba13c789371466c22a37e0581e3c7579aebf6db48e23c5c3c954e4,ACTIVE,POOL_OBSERVATION
600337.SH,2026-01-16,5b80d6ea1fba13c789371466c22a37e0581e3c7579aebf6db48e23c5c3c954e4,EXPIRED,POOL_EXPIRED
600340.SH,2024-10-08,e428d5b4e6041f255daa3681864c6ce614eae128c6fed8c84970e9355fd7f982,ACTIVE,POOL_ADMISSION
600340.SH,2024-10-09,e428d5b4e6041f255daa3681864c6ce614eae128c6fed8c84970e9355fd7f982,ACTIVE,POOL_OBSERVATION
600340.SH,2024-10-10,e428d5b4e6041f255daa3681864c6ce614eae128c6fed8c84970e9355fd7f982,ACTIVE,POOL_OBSERVATION
600340.SH,2024-10-11,e428d5b4e6041f255daa3681864c6ce614eae128c6fed8c84970e9355fd7f982,ACTIVE,POOL_OBSERVATION
600340.SH,2024-10-14,e428d5b4e6041f255daa3681864c6ce614eae128c6fed8c84970e9355fd7f982,ACTIVE,POOL_OBSERVATION
600340.SH,2024-10-15,e428d5b4e6041f255daa3681864c6ce614eae128c6fed8c84970e9355fd7f982,ACTIVE,POOL_OBSERVATION
600340.SH,2024-10-16,e428d5b4e6041f255daa3681864c6ce614eae128c6fed8c84970e9355fd7f982,EXPIRED,POOL_EXPIRED
600340.SH,2024-10-31,191eba121946b48a2e52c26ae53746602c9aa78f1a48190985aa1c92e2d1bcfc,ACTIVE,POOL_ADMISSION
600340.SH,2024-11-01,191eba121946b48a2e52c26ae53746602c9aa78f1a48190985aa1c92e2d1bcfc,ACTIVE,POOL_OBSERVATION
600340.SH,2024-11-04,191eba121946b48a2e52c26ae53746602c9aa78f1a48190985aa1c92e2d1bcfc,ACTIVE,POOL_OBSERVATION
600340.SH,2024-11-05,191eba121946b48a2e52c26ae53746602c9aa78f1a48190985aa1c92e2d1bcfc,ACTIVE,POOL_OBSERVATION
600340.SH,2024-11-06,191eba121946b48a2e52c26ae53746602c9aa78f1a48190985aa1c92e2d1bcfc,ACTIVE,POOL_OBSERVATION
600340.SH,2024-11-07,191eba121946b48a2e52c26ae53746602c9aa78f1a48190985aa1c92e2d1bcfc,ACTIVE,POOL_OBSERVATION
600340.SH,2024-11-08,191eba121946b48a2e52c26ae53746602c9aa78f1a48190985aa1c92e2d1bcfc,EXPIRED,POOL_EXPIRED
600340.SH,2025-11-18,8efc7f31249f370c1dea5ee43797dbd8fbd5e7a6e0be034b238f67b2427259ef,SIGNALLED,ENTRY_SIGNAL
600340.SH,2025-11-19,8efc7f31249f370c1dea5ee43797dbd8fbd5e7a6e0be034b238f67b2427259ef,SIGNALLED,EXECUTION_PENDING
600340.SH,2025-11-20,8efc7f31249f370c1dea5ee43797dbd8fbd5e7a6e0be034b238f67b2427259ef,SIGNALLED,EXECUTION_PENDING
600340.SH,2025-11-21,8efc7f31249f370c1dea5ee43797dbd8fbd5e7a6e0be034b238f67b2427259ef,SIGNALLED,EXECUTION_PENDING
600340.SH,2025-11-24,8efc7f31249f370c1dea5ee43797dbd8fbd5e7a6e0be034b238f67b2427259ef,SIGNALLED,EXECUTION_PENDING
600340.SH,2025-11-25,8efc7f31249f370c1dea5ee43797dbd8fbd5e7a6e0be034b238f67b2427259ef,SIGNALLED,EXECUTION_PENDING
600340.SH,2025-11-26,8efc7f31249f370c1dea5ee43797dbd8fbd5e7a6e0be034b238f67b2427259ef,EXPIRED,PENDING_SIGNAL_HORIZON_EXPIRED
600353.SH,2026-06-17,6273e7eaf3c8ebf2e6eecfe5648ef5f6f4e77858301499f4eca3b495cf7598e7,ACTIVE,POOL_ADMISSION
600353.SH,2026-06-18,6273e7eaf3c8ebf2e6eecfe5648ef5f6f4e77858301499f4eca3b495cf7598e7,ACTIVE,POOL_OBSERVATION
600353.SH,2026-06-22,6273e7eaf3c8ebf2e6eecfe5648ef5f6f4e77858301499f4eca3b495cf7598e7,ACTIVE,POOL_OBSERVATION
600353.SH,2026-06-23,6273e7eaf3c8ebf2e6eecfe5648ef5f6f4e77858301499f4eca3b495cf7598e7,ACTIVE,POOL_OBSERVATION
600353.SH,2026-06-24,6273e7eaf3c8ebf2e6eecfe5648ef5f6f4e77858301499f4eca3b495cf7598e7,ACTIVE,POOL_OBSERVATION
600353.SH,2026-06-25,6273e7eaf3c8ebf2e6eecfe5648ef5f6f4e77858301499f4eca3b495cf7598e7,SIGNALLED,ENTRY_SIGNAL
600353.SH,2026-06-26,6273e7eaf3c8ebf2e6eecfe5648ef5f6f4e77858301499f4eca3b495cf7598e7,EXPIRED,PENDING_SIGNAL_HORIZON_EXPIRED
600358.SH,2025-01-17,9fc3f7e02143c2cc55a31f564b2891ecac48cad69822305298ba7d7d83f222ed,ACTIVE,POOL_ADMISSION
600358.SH,2025-01-20,9fc3f7e02143c2cc55a31f564b2891ecac48cad69822305298ba7d7d83f222ed,ACTIVE,POOL_OBSERVATION
600358.SH,2025-01-21,9fc3f7e02143c2cc55a31f564b2891ecac48cad69822305298ba7d7d83f222ed,ACTIVE,POOL_OBSERVATION
600358.SH,2025-01-22,9fc3f7e02143c2cc55a31f564b2891ecac48cad69822305298ba7d7d83f222ed,ACTIVE,POOL_OBSERVATION
600358.SH,2025-01-23,9fc3f7e02143c2cc55a31f564b2891ecac48cad69822305298ba7d7d83f222ed,ACTIVE,POOL_OBSERVATION
600358.SH,2025-01-24,9fc3f7e02143c2cc55a31f564b2891ecac48cad69822305298ba7d7d83f222ed,ACTIVE,POOL_OBSERVATION
600358.SH,2025-01-27,9fc3f7e02143c2cc55a31f564b2891ecac48cad69822305298ba7d7d83f222ed,EXPIRED,POOL_EXPIRED
600363.SH,2024-11-04,f3738b39fd5357048ca02f26151aecf624d1f7b2e3cbfbb3c810dac21628aa9c,ACTIVE,POOL_ADMISSION
600363.SH,2024-11-05,f3738b39fd5357048ca02f26151aecf624d1f7b2e3cbfbb3c810dac21628aa9c,ACTIVE,POOL_OBSERVATION
600363.SH,2024-11-06,f3738b39fd5357048ca02f26151aecf624d1f7b2e3cbfbb3c810dac21628aa9c,ACTIVE,POOL_OBSERVATION
600363.SH,2024-11-07,f3738b39fd5357048ca02f26151aecf624d1f7b2e3cbfbb3c810dac21628aa9c,ACTIVE,POOL_OBSERVATION
600363.SH,2024-11-08,f3738b39fd5357048ca02f26151aecf624d1f7b2e3cbfbb3c810dac21628aa9c,ACTIVE,POOL_OBSERVATION
600363.SH,2024-11-11,f3738b39fd5357048ca02f26151aecf624d1f7b2e3cbfbb3c810dac21628aa9c,SIGNALLED,ENTRY_SIGNAL
600363.SH,2024-11-12,f3738b39fd5357048ca02f26151aecf624d1f7b2e3cbfbb3c810dac21628aa9c,EXPIRED,PENDING_SIGNAL_HORIZON_EXPIRED
600367.SH,2026-06-03,fd03b796b48bfd4e687a20fe6a224955eef9d5ca856627d4436765c538cc3435,ACTIVE,POOL_ADMISSION
600367.SH,2026-06-04,fd03b796b48bfd4e687a20fe6a224955eef9d5ca856627d4436765c538cc3435,INVALIDATED,HARD_INVALIDATION
600370.SH,2026-03-17,a57d444df5c544df1e25723125bcf59fd70404406ca7f77b0fd9f5ecb1f046bc,ACTIVE,POOL_ADMISSION
600370.SH,2026-03-18,a57d444df5c544df1e25723125bcf59fd70404406ca7f77b0fd9f5ecb1f046bc,ACTIVE,POOL_OBSERVATION
600370.SH,2026-03-19,a57d444df5c544df1e25723125bcf59fd70404406ca7f77b0fd9f5ecb1f046bc,ACTIVE,POOL_OBSERVATION
600370.SH,2026-03-20,a57d444df5c544df1e25723125bcf59fd70404406ca7f77b0fd9f5ecb1f046bc,ACTIVE,POOL_OBSERVATION
600370.SH,2026-03-23,a57d444df5c544df1e25723125bcf59fd70404406ca7f77b0fd9f5ecb1f046bc,ACTIVE,POOL_OBSERVATION
600370.SH,2026-03-24,a57d444df5c544df1e25723125bcf59fd70404406ca7f77b0fd9f5ecb1f046bc,ACTIVE,POOL_OBSERVATION
600370.SH,2026-03-25,a57d444df5c544df1e25723125bcf59fd70404406ca7f77b0fd9f5ecb1f046bc,EXPIRED,POOL_EXPIRED
600371.SH,2026-08-28,d0ad460de0b6793b62740d9656f89b300e44df935d44863464a6f951738781e4,ACTIVE,POOL_ADMISSION
600371.SH,2026-08-31,d0ad460de0b6793b62740d9656f89b300e44df935d44863464a6f951738781e4,ACTIVE,POOL_OBSERVATION
600371.SH,2026-09-01,d0ad460de0b6793b62740d9656f89b300e44df935d44863464a6f951738781e4,ACTIVE,POOL_OBSERVATION
600371.SH,2026-09-02,d0ad460de0b6793b62740d9656f89b300e44df935d44863464a6f951738781e4,ACTIVE,POOL_OBSERVATION
600371.SH,2026-09-03,d0ad460de0b6793b62740d9656f89b300e44df935d44863464a6f951738781e4,ACTIVE,POOL_OBSERVATION
600371.SH,2026-09-04,d0ad460de0b6793b62740d9656f89b300e44df935d44863464a6f951738781e4,SIGNALLED,ENTRY_SIGNAL
600371.SH,2026-09-07,d0ad460de0b6793b62740d9656f89b300e44df935d44863464a6f951738781e4,EXPIRED,PENDING_SIGNAL_HORIZON_EXPIRED
600376.SH,2025-09-08,ac8e188f0860694be6fb45211c52eb82d17dadf26a7c0843154fd3a4d2f9ebab,ACTIVE,POOL_ADMISSION
600376.SH,2025-09-09,ac8e188f0860694be6fb45211c52eb82d17dadf26a7c0843154fd3a4d2f9ebab,ACTIVE,POOL_OBSERVATION
600376.SH,2025-09-10,ac8e188f0860694be6fb45211c52eb82d17dadf26a7c0843154fd3a4d2f9ebab,ACTIVE,POOL_OBSERVATION
600376.SH,2025-09-11,ac8e188f0860694be6fb45211c52eb82d17dadf26a7c0843154fd3a4d2f9ebab,ACTIVE,POOL_OBSERVATION
600376.SH,2025-09-12,ac8e188f0860694be6fb45211c52eb82d17dadf26a7c0843154fd3a4d2f9ebab,ACTIVE,POOL_OBSERVATION
600376.SH,2025-09-15,ac8e188f0860694be6fb45211c52eb82d17dadf26a7c0843154fd3a4d2f9ebab,ACTIVE,POOL_OBSERVATION
600376.SH,2025-09-16,ac8e188f0860694be6fb45211c52eb82d17dadf26a7c0843154fd3a4d2f9ebab,EXPIRED,POOL_EXPIRED
600376.SH,2025-09-17,9abf1067d92de30ed07959e719780874bdf6a1eba05e21a1b96122829661a0ef,ACTIVE,POOL_ADMISSION
600376.SH,2025-09-18,9abf1067d92de30ed07959e719780874bdf6a1eba05e21a1b96122829661a0ef,ACTIVE,POOL_OBSERVATION
600376.SH,2025-09-19,9abf1067d92de30ed07959e719780874bdf6a1eba05e21a1b96122829661a0ef,ACTIVE,POOL_OBSERVATION
600376.SH,2025-09-22,9abf1067d92de30ed07959e719780874bdf6a1eba05e21a1b96122829661a0ef,SIGNALLED,ENTRY_SIGNAL
600376.SH,2025-09-23,9abf1067d92de30ed07959e719780874bdf6a1eba05e21a1b96122829661a0ef,SIGNALLED,EXECUTION_PENDING
600376.SH,2025-09-24,9abf1067d92de30ed07959e719780874bdf6a1eba05e21a1b96122829661a0ef,SIGNALLED,EXECUTION_PENDING
600376.SH,2025-09-25,9abf1067d92de30ed07959e719780874bdf6a1eba05e21a1b96122829661a0ef,EXPIRED,PENDING_SIGNAL_HORIZON_EXPIRED
600379.SH,2026-05-06,166334cf355173d60a0a88ee4eab9d9169ae3728e53f18d1fd6fe8fa11693701,ACTIVE,POOL_ADMISSION
600379.SH,2026-05-07,166334cf355173d60a0a88ee4eab9d9169ae3728e53f18d1fd6fe8fa11693701,ACTIVE,POOL_OBSERVATION
600379.SH,2026-05-08,166334cf355173d60a0a88ee4eab9d9169ae3728e53f18d1fd6fe8fa11693701,ACTIVE,POOL_OBSERVATION
600379.SH,2026-05-11,166334cf355173d60a0a88ee4eab9d9169ae3728e53f18d1fd6fe8fa11693701,SIGNALLED,ENTRY_SIGNAL
600379.SH,2026-05-12,166334cf355173d60a0a88ee4eab9d9169ae3728e53f18d1fd6fe8fa11693701,SIGNALLED,EXECUTION_PENDING
600379.SH,2026-05-13,166334cf355173d60a0a88ee4eab9d9169ae3728e53f18d1fd6fe8fa11693701,SIGNALLED,EXECUTION_PENDING
600379.SH,2026-05-14,166334cf355173d60a0a88ee4eab9d9169ae3728e53f18d1fd6fe8fa11693701,EXPIRED,PENDING_SIGNAL_HORIZON_EXPIRED
600386.SH,2024-08-01,9d744864c924e93bc4a60f37c28f7f3f19002708c46beac39c02c7545bd5bbcd,ACTIVE,POOL_ADMISSION
600386.SH,2024-08-02,9d744864c924e93bc4a60f37c28f7f3f19002708c46beac39c02c7545bd5bbcd,ACTIVE,POOL_OBSERVATION
600386.SH,2024-08-05,9d744864c924e93bc4a60f37c28f7f3f19002708c46beac39c02c7545bd5bbcd,ACTIVE,POOL_OBSERVATION
600386.SH,2024-08-06,9d744864c924e93bc4a60f37c28f7f3f19002708c46beac39c02c7545bd5bbcd,ACTIVE,POOL_OBSERVATION
600386.SH,2024-08-07,9d744864c924e93bc4a60f37c28f7f3f19002708c46beac39c02c7545bd5bbcd,ACTIVE,POOL_OBSERVATION
600386.SH,2024-08-08,9d744864c924e93bc4a60f37c28f7f3f19002708c46beac39c02c7545bd5bbcd,ACTIVE,POOL_OBSERVATION
600386.SH,2024-08-09,9d744864c924e93bc4a60f37c28f7f3f19002708c46beac39c02c7545bd5bbcd,EXPIRED,POOL_EXPIRED
600390.SH,2024-09-27,a87d6737972a4c49ad4234a2ae6fb2308afc47dd306fc58e6e8defd74197feb3,ACTIVE,POOL_ADMISSION
600390.SH,2024-09-30,a87d6737972a4c49ad4234a2ae6fb2308afc47dd306fc58e6e8defd74197feb3,ACTIVE,POOL_OBSERVATION
600390.SH,2024-10-08,a87d6737972a4c49ad4234a2ae6fb2308afc47dd306fc58e6e8defd74197feb3,ACTIVE,POOL_OBSERVATION
600390.SH,2024-10-09,a87d6737972a4c49ad4234a2ae6fb2308afc47dd306fc58e6e8defd74197feb3,ACTIVE,POOL_OBSERVATION
600390.SH,2024-10-10,a87d6737972a4c49ad4234a2ae6fb2308afc47dd306fc58e6e8defd74197feb3,ACTIVE,POOL_OBSERVATION
600390.SH,2024-10-11,a87d6737972a4c49ad4234a2ae6fb2308afc47dd306fc58e6e8defd74197feb3,INVALIDATED,HARD_INVALIDATION
600396.SH,2026-03-19,56212086f6ec43adc370e27ad337b21918e3b4bce8525a3152dbb554f6df0eb5,ACTIVE,POOL_ADMISSION
600396.SH,2026-03-20,56212086f6ec43adc370e27ad337b21918e3b4bce8525a3152dbb554f6df0eb5,ACTIVE,POOL_OBSERVATION
600396.SH,2026-03-23,56212086f6ec43adc370e27ad337b21918e3b4bce8525a3152dbb554f6df0eb5,ACTIVE,POOL_OBSERVATION
600396.SH,2026-03-24,56212086f6ec43adc370e27ad337b21918e3b4bce8525a3152dbb554f6df0eb5,ACTIVE,POOL_OBSERVATION
600396.SH,2026-03-25,56212086f6ec43adc370e27ad337b21918e3b4bce8525a3152dbb554f6df0eb5,ACTIVE,POOL_OBSERVATION
600396.SH,2026-03-26,56212086f6ec43adc370e27ad337b21918e3b4bce8525a3152dbb554f6df0eb5,ACTIVE,POOL_OBSERVATION
600396.SH,2026-03-27,56212086f6ec43adc370e27ad337b21918e3b4bce8525a3152dbb554f6df0eb5,EXPIRED,POOL_EXPIRED
600396.SH,2026-05-12,f53cb744bcdb83a92dfea64fd093a4b1da1a1b5c4a1f0f2c2ff9fad302874dd5,ACTIVE,POOL_ADMISSION
600396.SH,2026-05-13,f53cb744bcdb83a92dfea64fd093a4b1da1a1b5c4a1f0f2c2ff9fad302874dd5,ACTIVE,POOL_OBSERVATION
600396.SH,2026-05-14,f53cb744bcdb83a92dfea64fd093a4b1da1a1b5c4a1f0f2c2ff9fad302874dd5,ACTIVE,POOL_OBSERVATION
600396.SH,2026-05-15,f53cb744bcdb83a92dfea64fd093a4b1da1a1b5c4a1f0f2c2ff9fad302874dd5,SIGNALLED,ENTRY_SIGNAL
600396.SH,2026-05-18,f53cb744bcdb83a92dfea64fd093a4b1da1a1b5c4a1f0f2c2ff9fad302874dd5,SIGNALLED,EXECUTION_PENDING
600396.SH,2026-05-19,f53cb744bcdb83a92dfea64fd093a4b1da1a1b5c4a1f0f2c2ff9fad302874dd5,SIGNALLED,EXECUTION_PENDING
600396.SH,2026-05-20,f53cb744bcdb83a92dfea64fd093a4b1da1a1b5c4a1f0f2c2ff9fad302874dd5,EXPIRED,PENDING_SIGNAL_HORIZON_EXPIRED
600397.SH,2024-12-31,e5dc95538a44fdb433b557847fcf4a3c0365167521acd53938e67d4c1c4969aa,ACTIVE,POOL_ADMISSION
600397.SH,2025-01-02,e5dc95538a44fdb433b557847fcf4a3c0365167521acd53938e67d4c1c4969aa,ACTIVE,POOL_OBSERVATION
600397.SH,2025-01-03,e5dc95538a44fdb433b557847fcf4a3c0365167521acd53938e67d4c1c4969aa,SIGNALLED,ENTRY_SIGNAL
600397.SH,2025-01-06,e5dc95538a44fdb433b557847fcf4a3c0365167521acd53938e67d4c1c4969aa,SIGNALLED,EXECUTION_PENDING
600397.SH,2025-01-07,e5dc95538a44fdb433b557847fcf4a3c0365167521acd53938e67d4c1c4969aa,SIGNALLED,EXECUTION_PENDING
600397.SH,2025-01-08,e5dc95538a44fdb433b557847fcf4a3c0365167521acd53938e67d4c1c4969aa,SIGNALLED,EXECUTION_PENDING
600397.SH,2025-01-09,e5dc95538a44fdb433b557847fcf4a3c0365167521acd53938e67d4c1c4969aa,EXPIRED,PENDING_SIGNAL_HORIZON_EXPIRED
600397.SH,2026-02-25,1d57883ddc6e8153ef813db06b5159c56a84f107375191b677bd0454dc231058,ACTIVE,POOL_ADMISSION
600397.SH,2026-02-26,1d57883ddc6e8153ef813db06b5159c56a84f107375191b677bd0454dc231058,ACTIVE,POOL_OBSERVATION
600397.SH,2026-02-27,1d57883ddc6e8153ef813db06b5159c56a84f107375191b677bd0454dc231058,ACTIVE,POOL_OBSERVATION
600397.SH,2026-03-02,1d57883ddc6e8153ef813db06b5159c56a84f107375191b677bd0454dc231058,SIGNALLED,ENTRY_SIGNAL
600397.SH,2026-03-03,1d57883ddc6e8153ef813db06b5159c56a84f107375191b677bd0454dc231058,SIGNALLED,EXECUTION_PENDING
600397.SH,2026-03-04,1d57883ddc6e8153ef813db06b5159c56a84f107375191b677bd0454dc231058,SIGNALLED,EXECUTION_PENDING
600397.SH,2026-03-05,1d57883ddc6e8153ef813db06b5159c56a84f107375191b677bd0454dc231058,EXPIRED,PENDING_SIGNAL_HORIZON_EXPIRED
600397.SH,2026-06-22,3fa3a49565395fd39c568995cd60b2a532f6e46fe1aca16dd5ce08c323d6c6ff,ACTIVE,POOL_ADMISSION
600397.SH,2026-06-23,3fa3a49565395fd39c568995cd60b2a532f6e46fe1aca16dd5ce08c323d6c6ff,ACTIVE,POOL_OBSERVATION
600397.SH,2026-06-24,3fa3a49565395fd39c568995cd60b2a532f6e46fe1aca16dd5ce08c323d6c6ff,ACTIVE,POOL_OBSERVATION
600397.SH,2026-06-25,3fa3a49565395fd39c568995cd60b2a532f6e46fe1aca16dd5ce08c323d6c6ff,ACTIVE,POOL_OBSERVATION
600397.SH,2026-06-26,3fa3a49565395fd39c568995cd60b2a532f6e46fe1aca16dd5ce08c323d6c6ff,ACTIVE,POOL_OBSERVATION
600397.SH,2026-06-29,3fa3a49565395fd39c568995cd60b2a532f6e46fe1aca16dd5ce08c323d6c6ff,ACTIVE,POOL_OBSERVATION
600397.SH,2026-06-30,3fa3a49565395fd39c568995cd60b2a532f6e46fe1aca16dd5ce08c323d6c6ff,EXPIRED,POOL_EXPIRED
600400.SH,2025-09-24,06327255ff39da375895b3e8cbf5d630877bd448b67e8f4e7e5fc846b331752d,SIGNALLED,ENTRY_SIGNAL
600400.SH,2025-09-25,06327255ff39da375895b3e8cbf5d630877bd448b67e8f4e7e5fc846b331752d,SIGNALLED,EXECUTION_PENDING
600400.SH,2025-09-26,06327255ff39da375895b3e8cbf5d630877bd448b67e8f4e7e5fc846b331752d,SIGNALLED,EXECUTION_PENDING
600400.SH,2025-09-29,06327255ff39da375895b3e8cbf5d630877bd448b67e8f4e7e5fc846b331752d,SIGNALLED,EXECUTION_PENDING
600400.SH,2025-09-30,06327255ff39da375895b3e8cbf5d630877bd448b67e8f4e7e5fc846b331752d,SIGNALLED,EXECUTION_PENDING
600400.SH,2025-10-09,06327255ff39da375895b3e8cbf5d630877bd448b67e8f4e7e5fc846b331752d,SIGNALLED,EXECUTION_PENDING
600400.SH,2025-10-10,06327255ff39da375895b3e8cbf5d630877bd448b67e8f4e7e5fc846b331752d,EXPIRED,PENDING_SIGNAL_HORIZON_EXPIRED
600403.SH,2025-03-19,e07589adafe480a63769f06f879ff668cc9fa8fc92aa909003ec7e4f66acfa4a,ACTIVE,POOL_ADMISSION
600403.SH,2025-03-20,e07589adafe480a63769f06f879ff668cc9fa8fc92aa909003ec7e4f66acfa4a,ACTIVE,POOL_OBSERVATION
600403.SH,2025-03-21,e07589adafe480a63769f06f879ff668cc9fa8fc92aa909003ec7e4f66acfa4a,ACTIVE,POOL_OBSERVATION
600403.SH,2025-03-24,e07589adafe480a63769f06f879ff668cc9fa8fc92aa909003ec7e4f66acfa4a,ACTIVE,POOL_OBSERVATION
600403.SH,2025-03-25,e07589adafe480a63769f06f879ff668cc9fa8fc92aa909003ec7e4f66acfa4a,ACTIVE,POOL_OBSERVATION
600403.SH,2025-03-26,e07589adafe480a63769f06f879ff668cc9fa8fc92aa909003ec7e4f66acfa4a,ACTIVE,POOL_OBSERVATION
600403.SH,2025-03-27,e07589adafe480a63769f06f879ff668cc9fa8fc92aa909003ec7e4f66acfa4a,EXPIRED,POOL_EXPIRED
600403.SH,2025-10-16,9fac29bb0b3223bd174a8dbaf05c1fcc49934fa581e467830cd2754462f744ff,ACTIVE,POOL_ADMISSION
600403.SH,2025-10-17,9fac29bb0b3223bd174a8dbaf05c1fcc49934fa581e467830cd2754462f744ff,ACTIVE,POOL_OBSERVATION
600403.SH,2025-10-20,9fac29bb0b3223bd174a8dbaf05c1fcc49934fa581e467830cd2754462f744ff,ACTIVE,POOL_OBSERVATION
600403.SH,2025-10-21,9fac29bb0b3223bd174a8dbaf05c1fcc49934fa581e467830cd2754462f744ff,ACTIVE,POOL_OBSERVATION
600403.SH,2025-10-22,9fac29bb0b3223bd174a8dbaf05c1fcc49934fa581e467830cd2754462f744ff,ACTIVE,POOL_OBSERVATION
600403.SH,2025-10-23,9fac29bb0b3223bd174a8dbaf05c1fcc49934fa581e467830cd2754462f744ff,ACTIVE,POOL_OBSERVATION
600403.SH,2025-10-24,9fac29bb0b3223bd174a8dbaf05c1fcc49934fa581e467830cd2754462f744ff,EXPIRED,POOL_EXPIRED
600403.SH,2026-06-04,77985139ff6fd8c4510941ff7b03d2206ef5353aaf6e743cafd1d7147acbc911,ACTIVE,POOL_ADMISSION
600403.SH,2026-06-05,77985139ff6fd8c4510941ff7b03d2206ef5353aaf6e743cafd1d7147acbc911,ACTIVE,POOL_OBSERVATION
600403.SH,2026-06-08,77985139ff6fd8c4510941ff7b03d2206ef5353aaf6e743cafd1d7147acbc911,ACTIVE,POOL_OBSERVATION
600403.SH,2026-06-09,77985139ff6fd8c4510941ff7b03d2206ef5353aaf6e743cafd1d7147acbc911,ACTIVE,POOL_OBSERVATION
600403.SH,2026-06-10,77985139ff6fd8c4510941ff7b03d2206ef5353aaf6e743cafd1d7147acbc911,ACTIVE,POOL_OBSERVATION
600403.SH,2026-06-11,77985139ff6fd8c4510941ff7b03d2206ef5353aaf6e743cafd1d7147acbc911,ACTIVE,POOL_OBSERVATION
600403.SH,2026-06-12,77985139ff6fd8c4510941ff7b03d2206ef5353aaf6e743cafd1d7147acbc911,EXPIRED,POOL_EXPIRED
600408.SH,2025-11-14,c4f43e52ac387d94f45d11e29fb56977c11a6bee0846451d29465e8237f3d31c,ACTIVE,POOL_ADMISSION
600408.SH,2025-11-17,c4f43e52ac387d94f45d11e29fb56977c11a6bee0846451d29465e8237f3d31c,SIGNALLED,ENTRY_SIGNAL
600408.SH,2025-11-18,c4f43e52ac387d94f45d11e29fb56977c11a6bee0846451d29465e8237f3d31c,SIGNALLED,EXECUTION_PENDING
600408.SH,2025-11-19,c4f43e52ac387d94f45d11e29fb56977c11a6bee0846451d29465e8237f3d31c,SIGNALLED,EXECUTION_PENDING
600408.SH,2025-11-20,c4f43e52ac387d94f45d11e29fb56977c11a6bee0846451d29465e8237f3d31c,SIGNALLED,EXECUTION_PENDING
600408.SH,2025-11-21,c4f43e52ac387d94f45d11e29fb56977c11a6bee0846451d29465e8237f3d31c,SIGNALLED,EXECUTION_PENDING
600408.SH,2025-11-24,c4f43e52ac387d94f45d11e29fb56977c11a6bee0846451d29465e8237f3d31c,EXPIRED,PENDING_SIGNAL_HORIZON_EXPIRED
600410.SH,2024-11-26,4311f4f4b7d30cde098aa65880edcbfa268ff813351c87568f7b63f5f858a283,ACTIVE,POOL_ADMISSION
600410.SH,2024-11-27,4311f4f4b7d30cde098aa65880edcbfa268ff813351c87568f7b63f5f858a283,ACTIVE,POOL_OBSERVATION
600410.SH,2024-11-28,4311f4f4b7d30cde098aa65880edcbfa268ff813351c87568f7b63f5f858a283,ACTIVE,POOL_OBSERVATION
600410.SH,2024-11-29,4311f4f4b7d30cde098aa65880edcbfa268ff813351c87568f7b63f5f858a283,ACTIVE,POOL_OBSERVATION
600410.SH,2024-12-02,4311f4f4b7d30cde098aa65880edcbfa268ff813351c87568f7b63f5f858a283,ACTIVE,POOL_OBSERVATION
600410.SH,2024-12-03,4311f4f4b7d30cde098aa65880edcbfa268ff813351c87568f7b63f5f858a283,ACTIVE,POOL_OBSERVATION
600410.SH,2024-12-04,4311f4f4b7d30cde098aa65880edcbfa268ff813351c87568f7b63f5f858a283,SIGNALLED,ENTRY_SIGNAL
600410.SH,2024-12-05,4311f4f4b7d30cde098aa65880edcbfa268ff813351c87568f7b63f5f858a283,EXPIRED,PENDING_SIGNAL_HORIZON_EXPIRED
600423.SH,2025-01-17,97e404b61cc69e6e3ef397a576a3e299e96e0668f544f319f0738b3384c774c0,SIGNALLED,ENTRY_SIGNAL
600423.SH,2025-01-20,97e404b61cc69e6e3ef397a576a3e299e96e0668f544f319f0738b3384c774c0,SIGNALLED,EXECUTION_PENDING
600423.SH,2025-01-21,97e404b61cc69e6e3ef397a576a3e299e96e0668f544f319f0738b3384c774c0,SIGNALLED,EXECUTION_PENDING
600423.SH,2025-01-22,97e404b61cc69e6e3ef397a576a3e299e96e0668f544f319f0738b3384c774c0,SIGNALLED,EXECUTION_PENDING
600423.SH,2025-01-23,97e404b61cc69e6e3ef397a576a3e299e96e0668f544f319f0738b3384c774c0,SIGNALLED,EXECUTION_PENDING
600423.SH,2025-01-24,97e404b61cc69e6e3ef397a576a3e299e96e0668f544f319f0738b3384c774c0,SIGNALLED,EXECUTION_PENDING
600423.SH,2025-01-27,97e404b61cc69e6e3ef397a576a3e299e96e0668f544f319f0738b3384c774c0,EXPIRED,PENDING_SIGNAL_HORIZON_EXPIRED
600429.SH,2025-11-13,e8f04ae1c4acd96d4b31f2159ff9eeab18b263dc8481e3e031a6b0441be14f8a,ACTIVE,POOL_ADMISSION
600429.SH,2025-11-14,e8f04ae1c4acd96d4b31f2159ff9eeab18b263dc8481e3e031a6b0441be14f8a,ACTIVE,POOL_OBSERVATION
600429.SH,2025-11-17,e8f04ae1c4acd96d4b31f2159ff9eeab18b263dc8481e3e031a6b0441be14f8a,ACTIVE,POOL_OBSERVATION
600429.SH,2025-11-18,e8f04ae1c4acd96d4b31f2159ff9eeab18b263dc8481e3e031a6b0441be14f8a,ACTIVE,POOL_OBSERVATION
600429.SH,2025-11-19,e8f04ae1c4acd96d4b31f2159ff9eeab18b263dc8481e3e031a6b0441be14f8a,ACTIVE,POOL_OBSERVATION
600429.SH,2025-11-20,e8f04ae1c4acd96d4b31f2159ff9eeab18b263dc8481e3e031a6b0441be14f8a,ACTIVE,POOL_OBSERVATION
600429.SH,2025-11-21,e8f04ae1c4acd96d4b31f2159ff9eeab18b263dc8481e3e031a6b0441be14f8a,EXPIRED,POOL_EXPIRED
600439.SH,2024-10-29,443d2e62141becece1d64ce456a796202b9e5d19e6ee816c5a5aa97bd86c3297,ACTIVE,POOL_ADMISSION
600439.SH,2024-10-30,443d2e62141becece1d64ce456a796202b9e5d19e6ee816c5a5aa97bd86c3297,ACTIVE,POOL_OBSERVATION
600439.SH,2024-10-31,443d2e62141becece1d64ce456a796202b9e5d19e6ee816c5a5aa97bd86c3297,ACTIVE,POOL_OBSERVATION
600439.SH,2024-11-01,443d2e62141becece1d64ce456a796202b9e5d19e6ee816c5a5aa97bd86c3297,ACTIVE,POOL_OBSERVATION
600439.SH,2024-11-04,443d2e62141becece1d64ce456a796202b9e5d19e6ee816c5a5aa97bd86c3297,ACTIVE,POOL_OBSERVATION
600439.SH,2024-11-05,443d2e62141becece1d64ce456a796202b9e5d19e6ee816c5a5aa97bd86c3297,ACTIVE,POOL_OBSERVATION
600439.SH,2024-11-06,443d2e62141becece1d64ce456a796202b9e5d19e6ee816c5a5aa97bd86c3297,EXPIRED,POOL_EXPIRED
600448.SH,2025-05-09,ee35e7414b5732f19b973b8b62fc9a86d6bba5c442c879be5c5428a88cf427ea,ACTIVE,POOL_ADMISSION
600448.SH,2025-05-12,ee35e7414b5732f19b973b8b62fc9a86d6bba5c442c879be5c5428a88cf427ea,ACTIVE,POOL_OBSERVATION
600448.SH,2025-05-13,ee35e7414b5732f19b973b8b62fc9a86d6bba5c442c879be5c5428a88cf427ea,ACTIVE,POOL_OBSERVATION
600448.SH,2025-05-14,ee35e7414b5732f19b973b8b62fc9a86d6bba5c442c879be5c5428a88cf427ea,SIGNALLED,ENTRY_SIGNAL
600448.SH,2025-05-15,ee35e7414b5732f19b973b8b62fc9a86d6bba5c442c879be5c5428a88cf427ea,SIGNALLED,EXECUTION_PENDING
600448.SH,2025-05-16,ee35e7414b5732f19b973b8b62fc9a86d6bba5c442c879be5c5428a88cf427ea,SIGNALLED,EXECUTION_PENDING
600448.SH,2025-05-19,ee35e7414b5732f19b973b8b62fc9a86d6bba5c442c879be5c5428a88cf427ea,EXPIRED,PENDING_SIGNAL_HORIZON_EXPIRED
600470.SH,2024-11-22,9b2794ffad45d536774679f78728e4dab412834846db168e3f9bbf0ebde3f51a,ACTIVE,POOL_ADMISSION
600470.SH,2024-11-25,9b2794ffad45d536774679f78728e4dab412834846db168e3f9bbf0ebde3f51a,SIGNALLED,ENTRY_SIGNAL
600470.SH,2024-11-26,9b2794ffad45d536774679f78728e4dab412834846db168e3f9bbf0ebde3f51a,SIGNALLED,EXECUTION_PENDING
600470.SH,2024-11-27,9b2794ffad45d536774679f78728e4dab412834846db168e3f9bbf0ebde3f51a,SIGNALLED,EXECUTION_PENDING
600470.SH,2024-11-28,9b2794ffad45d536774679f78728e4dab412834846db168e3f9bbf0ebde3f51a,SIGNALLED,EXECUTION_PENDING
600470.SH,2024-11-29,9b2794ffad45d536774679f78728e4dab412834846db168e3f9bbf0ebde3f51a,SIGNALLED,EXECUTION_PENDING
600470.SH,2024-12-02,9b2794ffad45d536774679f78728e4dab412834846db168e3f9bbf0ebde3f51a,EXPIRED,PENDING_SIGNAL_HORIZON_EXPIRED
600475.SH,2025-07-08,7787754708f7688a8fdf3fedbf1137220530c90e5a24173efad527241727e29f,ACTIVE,POOL_ADMISSION
600475.SH,2025-07-09,7787754708f7688a8fdf3fedbf1137220530c90e5a24173efad527241727e29f,ACTIVE,POOL_OBSERVATION
600475.SH,2025-07-10,7787754708f7688a8fdf3fedbf1137220530c90e5a24173efad527241727e29f,ACTIVE,POOL_OBSERVATION
600475.SH,2025-07-11,7787754708f7688a8fdf3fedbf1137220530c90e5a24173efad527241727e29f,ACTIVE,POOL_OBSERVATION
600475.SH,2025-07-14,7787754708f7688a8fdf3fedbf1137220530c90e5a24173efad527241727e29f,ACTIVE,POOL_OBSERVATION
600475.SH,2025-07-15,7787754708f7688a8fdf3fedbf1137220530c90e5a24173efad527241727e29f,ACTIVE,POOL_OBSERVATION
600475.SH,2025-07-16,7787754708f7688a8fdf3fedbf1137220530c90e5a24173efad527241727e29f,INVALIDATED,HARD_INVALIDATION
600475.SH,2025-08-08,dd4134c1dc8b36a83001b18fb2a7b8b533d6167ccc3f19a9016baeea28df5890,ACTIVE,POOL_ADMISSION
600475.SH,2025-08-11,dd4134c1dc8b36a83001b18fb2a7b8b533d6167ccc3f19a9016baeea28df5890,ACTIVE,POOL_OBSERVATION
600475.SH,2025-08-12,dd4134c1dc8b36a83001b18fb2a7b8b533d6167ccc3f19a9016baeea28df5890,ACTIVE,POOL_OBSERVATION
600475.SH,2025-08-13,dd4134c1dc8b36a83001b18fb2a7b8b533d6167ccc3f19a9016baeea28df5890,ACTIVE,POOL_OBSERVATION
600475.SH,2025-08-14,dd4134c1dc8b36a83001b18fb2a7b8b533d6167ccc3f19a9016baeea28df5890,ACTIVE,POOL_OBSERVATION
600475.SH,2025-08-15,dd4134c1dc8b36a83001b18fb2a7b8b533d6167ccc3f19a9016baeea28df5890,SIGNALLED,ENTRY_SIGNAL
600475.SH,2025-08-18,dd4134c1dc8b36a83001b18fb2a7b8b533d6167ccc3f19a9016baeea28df5890,EXPIRED,PENDING_SIGNAL_HORIZON_EXPIRED
600477.SH,2026-01-13,965051459f10c289a8fa280ab809c52daf4ad5cfb12a5734b364143a48be7cda,ACTIVE,POOL_ADMISSION
600477.SH,2026-01-14,965051459f10c289a8fa280ab809c52daf4ad5cfb12a5734b364143a48be7cda,ACTIVE,POOL_OBSERVATION
600477.SH,2026-01-15,965051459f10c289a8fa280ab809c52daf4ad5cfb12a5734b364143a48be7cda,ACTIVE,POOL_OBSERVATION
600477.SH,2026-01-16,965051459f10c289a8fa280ab809c52daf4ad5cfb12a5734b364143a48be7cda,ACTIVE,POOL_OBSERVATION
600477.SH,2026-01-19,965051459f10c289a8fa280ab809c52daf4ad5cfb12a5734b364143a48be7cda,ACTIVE,POOL_OBSERVATION
600477.SH,2026-01-20,965051459f10c289a8fa280ab809c52daf4ad5cfb12a5734b364143a48be7cda,ACTIVE,POOL_OBSERVATION
600477.SH,2026-01-21,965051459f10c289a8fa280ab809c52daf4ad5cfb12a5734b364143a48be7cda,EXPIRED,POOL_EXPIRED
600479.SH,2026-09-01,e4e2549c5c4483649dfed4b557da694f9df39de9900bf09742dc41b36863cdd5,SIGNALLED,ENTRY_SIGNAL
600479.SH,2026-09-02,e4e2549c5c4483649dfed4b557da694f9df39de9900bf09742dc41b36863cdd5,SIGNALLED,EXECUTION_PENDING
600479.SH,2026-09-03,e4e2549c5c4483649dfed4b557da694f9df39de9900bf09742dc41b36863cdd5,SIGNALLED,EXECUTION_PENDING
600479.SH,2026-09-04,e4e2549c5c4483649dfed4b557da694f9df39de9900bf09742dc41b36863cdd5,SIGNALLED,EXECUTION_PENDING
600479.SH,2026-09-07,e4e2549c5c4483649dfed4b557da694f9df39de9900bf09742dc41b36863cdd5,SIGNALLED,EXECUTION_PENDING
600479.SH,2026-09-08,e4e2549c5c4483649dfed4b557da694f9df39de9900bf09742dc41b36863cdd5,SIGNALLED,EXECUTION_PENDING
600479.SH,2026-09-09,e4e2549c5c4483649dfed4b557da694f9df39de9900bf09742dc41b36863cdd5,EXPIRED,PENDING_SIGNAL_HORIZON_EXPIRED
600481.SH,2024-10-30,4fa7b2bfbbe9f649a0cd2758e92d8000fd3d4170aedd8c2af5cc20efb5f51d2b,ACTIVE,POOL_ADMISSION
600481.SH,2024-10-31,4fa7b2bfbbe9f649a0cd2758e92d8000fd3d4170aedd8c2af5cc20efb5f51d2b,ACTIVE,POOL_OBSERVATION
600481.SH,2024-11-01,4fa7b2bfbbe9f649a0cd2758e92d8000fd3d4170aedd8c2af5cc20efb5f51d2b,ACTIVE,POOL_OBSERVATION
600481.SH,2024-11-04,4fa7b2bfbbe9f649a0cd2758e92d8000fd3d4170aedd8c2af5cc20efb5f51d2b,ACTIVE,POOL_OBSERVATION
600481.SH,2024-11-05,4fa7b2bfbbe9f649a0cd2758e92d8000fd3d4170aedd8c2af5cc20efb5f51d2b,SIGNALLED,ENTRY_SIGNAL
600481.SH,2024-11-06,4fa7b2bfbbe9f649a0cd2758e92d8000fd3d4170aedd8c2af5cc20efb5f51d2b,SIGNALLED,EXECUTION_PENDING
600481.SH,2024-11-07,4fa7b2bfbbe9f649a0cd2758e92d8000fd3d4170aedd8c2af5cc20efb5f51d2b,EXPIRED,PENDING_SIGNAL_HORIZON_EXPIRED
600488.SH,2026-04-01,7a2d54cff07e48ef19654e3e4e9d3be97329015927408427fb87eb5c01809a8c,ACTIVE,POOL_ADMISSION
600488.SH,2026-04-02,7a2d54cff07e48ef19654e3e4e9d3be97329015927408427fb87eb5c01809a8c,ACTIVE,POOL_OBSERVATION
600488.SH,2026-04-03,7a2d54cff07e48ef19654e3e4e9d3be97329015927408427fb87eb5c01809a8c,ACTIVE,POOL_OBSERVATION
600488.SH,2026-04-07,7a2d54cff07e48ef19654e3e4e9d3be97329015927408427fb87eb5c01809a8c,ACTIVE,POOL_OBSERVATION
600488.SH,2026-04-08,7a2d54cff07e48ef19654e3e4e9d3be97329015927408427fb87eb5c01809a8c,ACTIVE,POOL_OBSERVATION
600488.SH,2026-04-09,7a2d54cff07e48ef19654e3e4e9d3be97329015927408427fb87eb5c01809a8c,ACTIVE,POOL_OBSERVATION
600488.SH,2026-04-10,7a2d54cff07e48ef19654e3e4e9d3be97329015927408427fb87eb5c01809a8c,EXPIRED,POOL_EXPIRED
600500.SH,2026-06-12,908d8d27854d35d109c24e280b7cb605fa1086e80586f9dd63ce2760b573a54c,ACTIVE,POOL_ADMISSION
600500.SH,2026-06-15,908d8d27854d35d109c24e280b7cb605fa1086e80586f9dd63ce2760b573a54c,ACTIVE,POOL_OBSERVATION
600500.SH,2026-06-16,908d8d27854d35d109c24e280b7cb605fa1086e80586f9dd63ce2760b573a54c,ACTIVE,POOL_OBSERVATION
600500.SH,2026-06-17,908d8d27854d35d109c24e280b7cb605fa1086e80586f9dd63ce2760b573a54c,ACTIVE,POOL_OBSERVATION
600500.SH,2026-06-18,908d8d27854d35d109c24e280b7cb605fa1086e80586f9dd63ce2760b573a54c,SIGNALLED,ENTRY_SIGNAL
600500.SH,2026-06-22,908d8d27854d35d109c24e280b7cb605fa1086e80586f9dd63ce2760b573a54c,SIGNALLED,EXECUTION_PENDING
600500.SH,2026-06-23,908d8d27854d35d109c24e280b7cb605fa1086e80586f9dd63ce2760b573a54c,EXPIRED,PENDING_SIGNAL_HORIZON_EXPIRED
600501.SH,2024-07-31,42f8819d6a8122658ff3b8fbb0cc1918edb32b06b78b901493c131e2eb1cd3d3,ACTIVE,POOL_ADMISSION
600501.SH,2024-08-01,42f8819d6a8122658ff3b8fbb0cc1918edb32b06b78b901493c131e2eb1cd3d3,ACTIVE,POOL_OBSERVATION
600501.SH,2024-08-02,42f8819d6a8122658ff3b8fbb0cc1918edb32b06b78b901493c131e2eb1cd3d3,ACTIVE,POOL_OBSERVATION
600501.SH,2024-08-05,42f8819d6a8122658ff3b8fbb0cc1918edb32b06b78b901493c131e2eb1cd3d3,ACTIVE,POOL_OBSERVATION
600501.SH,2024-08-06,42f8819d6a8122658ff3b8fbb0cc1918edb32b06b78b901493c131e2eb1cd3d3,ACTIVE,POOL_OBSERVATION
600501.SH,2024-08-07,42f8819d6a8122658ff3b8fbb0cc1918edb32b06b78b901493c131e2eb1cd3d3,ACTIVE,POOL_OBSERVATION
600501.SH,2024-08-08,42f8819d6a8122658ff3b8fbb0cc1918edb32b06b78b901493c131e2eb1cd3d3,EXPIRED,POOL_EXPIRED
600503.SH,2024-12-10,258d945828c311750e8e45cebad77282a888ef43bf875d2128f3e39d90250a61,ACTIVE,POOL_ADMISSION
600503.SH,2024-12-11,258d945828c311750e8e45cebad77282a888ef43bf875d2128f3e39d90250a61,ACTIVE,POOL_OBSERVATION
600503.SH,2024-12-12,258d945828c311750e8e45cebad77282a888ef43bf875d2128f3e39d90250a61,ACTIVE,POOL_OBSERVATION
600503.SH,2024-12-13,258d945828c311750e8e45cebad77282a888ef43bf875d2128f3e39d90250a61,ACTIVE,POOL_OBSERVATION
600503.SH,2024-12-16,258d945828c311750e8e45cebad77282a888ef43bf875d2128f3e39d90250a61,ACTIVE,POOL_OBSERVATION
600503.SH,2024-12-17,258d945828c311750e8e45cebad77282a888ef43bf875d2128f3e39d90250a61,ACTIVE,POOL_OBSERVATION
600503.SH,2024-12-18,258d945828c311750e8e45cebad77282a888ef43bf875d2128f3e39d90250a61,EXPIRED,POOL_EXPIRED
600513.SH,2025-07-11,7ce8d2b6adea52cea0e8a902c0da3e2e522f02e2f39490546f35ffe971a0d024,ACTIVE,POOL_ADMISSION
600513.SH,2025-07-14,7ce8d2b6adea52cea0e8a902c0da3e2e522f02e2f39490546f35ffe971a0d024,ACTIVE,POOL_OBSERVATION
600513.SH,2025-07-15,7ce8d2b6adea52cea0e8a902c0da3e2e522f02e2f39490546f35ffe971a0d024,ACTIVE,POOL_OBSERVATION
600513.SH,2025-07-16,7ce8d2b6adea52cea0e8a902c0da3e2e522f02e2f39490546f35ffe971a0d024,SIGNALLED,ENTRY_SIGNAL
600513.SH,2025-07-17,7ce8d2b6adea52cea0e8a902c0da3e2e522f02e2f39490546f35ffe971a0d024,SIGNALLED,EXECUTION_PENDING
600513.SH,2025-07-18,7ce8d2b6adea52cea0e8a902c0da3e2e522f02e2f39490546f35ffe971a0d024,SIGNALLED,EXECUTION_PENDING
600513.SH,2025-07-21,7ce8d2b6adea52cea0e8a902c0da3e2e522f02e2f39490546f35ffe971a0d024,EXPIRED,PENDING_SIGNAL_HORIZON_EXPIRED
600520.SH,2024-10-18,811813d5fe07cf31ccc0e4b6b69c2ab0f4a75e20270ded7a014253ac3bb3c813,ACTIVE,POOL_ADMISSION
600520.SH,2024-10-21,811813d5fe07cf31ccc0e4b6b69c2ab0f4a75e20270ded7a014253ac3bb3c813,ACTIVE,POOL_OBSERVATION
600520.SH,2024-10-22,811813d5fe07cf31ccc0e4b6b69c2ab0f4a75e20270ded7a014253ac3bb3c813,ACTIVE,POOL_OBSERVATION
600520.SH,2024-10-23,811813d5fe07cf31ccc0e4b6b69c2ab0f4a75e20270ded7a014253ac3bb3c813,ACTIVE,POOL_OBSERVATION
600520.SH,2024-10-24,811813d5fe07cf31ccc0e4b6b69c2ab0f4a75e20270ded7a014253ac3bb3c813,ACTIVE,POOL_OBSERVATION
600520.SH,2024-10-25,811813d5fe07cf31ccc0e4b6b69c2ab0f4a75e20270ded7a014253ac3bb3c813,ACTIVE,POOL_OBSERVATION
600520.SH,2024-10-28,811813d5fe07cf31ccc0e4b6b69c2ab0f4a75e20270ded7a014253ac3bb3c813,EXPIRED,POOL_EXPIRED
600527.SH,2024-12-11,73ed8d0a773cf62199e0925525f922676cff2196d7b9250a117e811e5af9a058,ACTIVE,POOL_ADMISSION
600527.SH,2024-12-12,73ed8d0a773cf62199e0925525f922676cff2196d7b9250a117e811e5af9a058,ACTIVE,POOL_OBSERVATION
600527.SH,2024-12-13,73ed8d0a773cf62199e0925525f922676cff2196d7b9250a117e811e5af9a058,ACTIVE,POOL_OBSERVATION
600527.SH,2024-12-16,73ed8d0a773cf62199e0925525f922676cff2196d7b9250a117e811e5af9a058,ACTIVE,POOL_OBSERVATION
600527.SH,2024-12-17,73ed8d0a773cf62199e0925525f922676cff2196d7b9250a117e811e5af9a058,ACTIVE,POOL_OBSERVATION
600527.SH,2024-12-18,73ed8d0a773cf62199e0925525f922676cff2196d7b9250a117e811e5af9a058,ACTIVE,POOL_OBSERVATION
600527.SH,2024-12-19,73ed8d0a773cf62199e0925525f922676cff2196d7b9250a117e811e5af9a058,EXPIRED,POOL_EXPIRED
600528.SH,2025-07-24,7eed35f9b2a714be8f1b86df8f3f65d44741ad6e91688f819293bb894a9e411f,ACTIVE,POOL_ADMISSION
600528.SH,2025-07-25,7eed35f9b2a714be8f1b86df8f3f65d44741ad6e91688f819293bb894a9e411f,ACTIVE,POOL_OBSERVATION
600528.SH,2025-07-28,7eed35f9b2a714be8f1b86df8f3f65d44741ad6e91688f819293bb894a9e411f,ACTIVE,POOL_OBSERVATION
600528.SH,2025-07-29,7eed35f9b2a714be8f1b86df8f3f65d44741ad6e91688f819293bb894a9e411f,ACTIVE,POOL_OBSERVATION
600528.SH,2025-07-30,7eed35f9b2a714be8f1b86df8f3f65d44741ad6e91688f819293bb894a9e411f,ACTIVE,POOL_OBSERVATION
600528.SH,2025-07-31,7eed35f9b2a714be8f1b86df8f3f65d44741ad6e91688f819293bb894a9e411f,ACTIVE,POOL_OBSERVATION
600528.SH,2025-08-01,7eed35f9b2a714be8f1b86df8f3f65d44741ad6e91688f819293bb894a9e411f,EXPIRED,POOL_EXPIRED
600530.SH,2025-01-03,0b5ca63c41f5f41135d7aa8fc4d58c2cffba7b81b47acb20939d997f7f92b2a2,SIGNALLED,ENTRY_SIGNAL
600530.SH,2025-01-06,0b5ca63c41f5f41135d7aa8fc4d58c2cffba7b81b47acb20939d997f7f92b2a2,SIGNALLED,EXECUTION_PENDING
600530.SH,2025-01-07,0b5ca63c41f5f41135d7aa8fc4d58c2cffba7b81b47acb20939d997f7f92b2a2,SIGNALLED,EXECUTION_PENDING
600530.SH,2025-01-08,0b5ca63c41f5f41135d7aa8fc4d58c2cffba7b81b47acb20939d997f7f92b2a2,SIGNALLED,EXECUTION_PENDING
600530.SH,2025-01-09,0b5ca63c41f5f41135d7aa8fc4d58c2cffba7b81b47acb20939d997f7f92b2a2,SIGNALLED,EXECUTION_PENDING
600530.SH,2025-01-10,0b5ca63c41f5f41135d7aa8fc4d58c2cffba7b81b47acb20939d997f7f92b2a2,SIGNALLED,EXECUTION_PENDING
600530.SH,2025-01-13,0b5ca63c41f5f41135d7aa8fc4d58c2cffba7b81b47acb20939d997f7f92b2a2,EXPIRED,PENDING_SIGNAL_HORIZON_EXPIRED
600530.SH,2025-05-15,894585938613614e801f9e2a66f0d0482be74c2ed9584682974243bb19a559e6,ACTIVE,POOL_ADMISSION
600530.SH,2025-05-16,894585938613614e801f9e2a66f0d0482be74c2ed9584682974243bb19a559e6,ACTIVE,POOL_OBSERVATION
600530.SH,2025-05-19,894585938613614e801f9e2a66f0d0482be74c2ed9584682974243bb19a559e6,SIGNALLED,ENTRY_SIGNAL
600530.SH,2025-05-20,894585938613614e801f9e2a66f0d0482be74c2ed9584682974243bb19a559e6,SIGNALLED,EXECUTION_PENDING
600530.SH,2025-05-21,894585938613614e801f9e2a66f0d0482be74c2ed9584682974243bb19a559e6,SIGNALLED,EXECUTION_PENDING
600530.SH,2025-05-22,894585938613614e801f9e2a66f0d0482be74c2ed9584682974243bb19a559e6,SIGNALLED,EXECUTION_PENDING
600530.SH,2025-05-23,894585938613614e801f9e2a66f0d0482be74c2ed9584682974243bb19a559e6,EXPIRED,PENDING_SIGNAL_HORIZON_EXPIRED
600530.SH,2026-05-13,ff31d8d0d894652cc3389f07751047788efc7f44f2ec9232327f0fcbcd46eded,ACTIVE,POOL_ADMISSION
600530.SH,2026-05-14,ff31d8d0d894652cc3389f07751047788efc7f44f2ec9232327f0fcbcd46eded,ACTIVE,POOL_OBSERVATION
600530.SH,2026-05-15,ff31d8d0d894652cc3389f07751047788efc7f44f2ec9232327f0fcbcd46eded,SIGNALLED,ENTRY_SIGNAL
600530.SH,2026-05-18,ff31d8d0d894652cc3389f07751047788efc7f44f2ec9232327f0fcbcd46eded,SIGNALLED,EXECUTION_PENDING
600530.SH,2026-05-19,ff31d8d0d894652cc3389f07751047788efc7f44f2ec9232327f0fcbcd46eded,SIGNALLED,EXECUTION_PENDING
600530.SH,2026-05-20,ff31d8d0d894652cc3389f07751047788efc7f44f2ec9232327f0fcbcd46eded,SIGNALLED,EXECUTION_PENDING
600530.SH,2026-05-21,ff31d8d0d894652cc3389f07751047788efc7f44f2ec9232327f0fcbcd46eded,EXPIRED,PENDING_SIGNAL_HORIZON_EXPIRED
600531.SH,2026-01-28,942193f7ae77bd48de4be802546de68fd06f1acd0fd876682b68a1e621e8b0e0,ACTIVE,POOL_ADMISSION
600531.SH,2026-01-29,942193f7ae77bd48de4be802546de68fd06f1acd0fd876682b68a1e621e8b0e0,ACTIVE,POOL_OBSERVATION
600531.SH,2026-01-30,942193f7ae77bd48de4be802546de68fd06f1acd0fd876682b68a1e621e8b0e0,ACTIVE,POOL_OBSERVATION
600531.SH,2026-02-02,942193f7ae77bd48de4be802546de68fd06f1acd0fd876682b68a1e621e8b0e0,ACTIVE,POOL_OBSERVATION
600531.SH,2026-02-03,942193f7ae77bd48de4be802546de68fd06f1acd0fd876682b68a1e621e8b0e0,ACTIVE,POOL_OBSERVATION
600531.SH,2026-02-04,942193f7ae77bd48de4be802546de68fd06f1acd0fd876682b68a1e621e8b0e0,ACTIVE,POOL_OBSERVATION
600531.SH,2026-02-05,942193f7ae77bd48de4be802546de68fd06f1acd0fd876682b68a1e621e8b0e0,EXPIRED,POOL_EXPIRED
600539.SH,2025-01-17,7c7552ec8a04f1645e497f51b2bdef2561e322da6c8450c9c69e55bb39b410d8,ACTIVE,POOL_ADMISSION
600539.SH,2025-01-20,7c7552ec8a04f1645e497f51b2bdef2561e322da6c8450c9c69e55bb39b410d8,ACTIVE,POOL_OBSERVATION
600539.SH,2025-01-21,7c7552ec8a04f1645e497f51b2bdef2561e322da6c8450c9c69e55bb39b410d8,ACTIVE,POOL_OBSERVATION
600539.SH,2025-01-22,7c7552ec8a04f1645e497f51b2bdef2561e322da6c8450c9c69e55bb39b410d8,ACTIVE,POOL_OBSERVATION
600539.SH,2025-01-23,7c7552ec8a04f1645e497f51b2bdef2561e322da6c8450c9c69e55bb39b410d8,ACTIVE,POOL_OBSERVATION
600539.SH,2025-01-24,7c7552ec8a04f1645e497f51b2bdef2561e322da6c8450c9c69e55bb39b410d8,ACTIVE,POOL_OBSERVATION
600539.SH,2025-01-27,7c7552ec8a04f1645e497f51b2bdef2561e322da6c8450c9c69e55bb39b410d8,EXPIRED,POOL_EXPIRED
600539.SH,2025-03-13,f0a34e12094d3c8d931088ab5a34d1d04562aac3d25a42434079598f546b812d,ACTIVE,POOL_ADMISSION
600539.SH,2025-03-14,f0a34e12094d3c8d931088ab5a34d1d04562aac3d25a42434079598f546b812d,ACTIVE,POOL_OBSERVATION
600539.SH,2025-03-17,f0a34e12094d3c8d931088ab5a34d1d04562aac3d25a42434079598f546b812d,ACTIVE,POOL_OBSERVATION
600539.SH,2025-03-18,f0a34e12094d3c8d931088ab5a34d1d04562aac3d25a42434079598f546b812d,ACTIVE,POOL_OBSERVATION
600539.SH,2025-03-19,f0a34e12094d3c8d931088ab5a34d1d04562aac3d25a42434079598f546b812d,ACTIVE,POOL_OBSERVATION
600539.SH,2025-03-20,f0a34e12094d3c8d931088ab5a34d1d04562aac3d25a42434079598f546b812d,ACTIVE,POOL_OBSERVATION
600539.SH,2025-03-21,f0a34e12094d3c8d931088ab5a34d1d04562aac3d25a42434079598f546b812d,EXPIRED,POOL_EXPIRED
600539.SH,2026-03-30,e406756fb0ebc1ea88801ea2c98fdef29baf8b78ec832669b1f4ff6ba9012af4,ACTIVE,POOL_ADMISSION
600539.SH,2026-03-31,e406756fb0ebc1ea88801ea2c98fdef29baf8b78ec832669b1f4ff6ba9012af4,ACTIVE,POOL_OBSERVATION
600539.SH,2026-04-01,e406756fb0ebc1ea88801ea2c98fdef29baf8b78ec832669b1f4ff6ba9012af4,ACTIVE,POOL_OBSERVATION
600539.SH,2026-04-02,e406756fb0ebc1ea88801ea2c98fdef29baf8b78ec832669b1f4ff6ba9012af4,ACTIVE,POOL_OBSERVATION
600539.SH,2026-04-03,e406756fb0ebc1ea88801ea2c98fdef29baf8b78ec832669b1f4ff6ba9012af4,ACTIVE,POOL_OBSERVATION
600539.SH,2026-04-07,e406756fb0ebc1ea88801ea2c98fdef29baf8b78ec832669b1f4ff6ba9012af4,ACTIVE,POOL_OBSERVATION
600539.SH,2026-04-08,e406756fb0ebc1ea88801ea2c98fdef29baf8b78ec832669b1f4ff6ba9012af4,EXPIRED,POOL_EXPIRED
600540.SH,2025-04-09,4a4400fd73dfa6329d803351fc1721c34d3a5a063b87e955f6fb04865b1fa2f3,ACTIVE,POOL_ADMISSION
600540.SH,2025-04-10,4a4400fd73dfa6329d803351fc1721c34d3a5a063b87e955f6fb04865b1fa2f3,ACTIVE,POOL_OBSERVATION
600540.SH,2025-04-11,4a4400fd73dfa6329d803351fc1721c34d3a5a063b87e955f6fb04865b1fa2f3,ACTIVE,POOL_OBSERVATION
600540.SH,2025-04-14,4a4400fd73dfa6329d803351fc1721c34d3a5a063b87e955f6fb04865b1fa2f3,SIGNALLED,ENTRY_SIGNAL
600540.SH,2025-04-15,4a4400fd73dfa6329d803351fc1721c34d3a5a063b87e955f6fb04865b1fa2f3,SIGNALLED,EXECUTION_PENDING
600540.SH,2025-04-16,4a4400fd73dfa6329d803351fc1721c34d3a5a063b87e955f6fb04865b1fa2f3,SIGNALLED,EXECUTION_PENDING
600540.SH,2025-04-17,4a4400fd73dfa6329d803351fc1721c34d3a5a063b87e955f6fb04865b1fa2f3,EXPIRED,PENDING_SIGNAL_HORIZON_EXPIRED
600540.SH,2026-09-01,e70bd9b7eca1818b397e05f5c1b787526570953475a20d70c96d5251d4004d7c,ACTIVE,POOL_ADMISSION
600540.SH,2026-09-02,e70bd9b7eca1818b397e05f5c1b787526570953475a20d70c96d5251d4004d7c,ACTIVE,POOL_OBSERVATION
600540.SH,2026-09-03,e70bd9b7eca1818b397e05f5c1b787526570953475a20d70c96d5251d4004d7c,ACTIVE,POOL_OBSERVATION
600540.SH,2026-09-04,e70bd9b7eca1818b397e05f5c1b787526570953475a20d70c96d5251d4004d7c,ACTIVE,POOL_OBSERVATION
600540.SH,2026-09-07,e70bd9b7eca1818b397e05f5c1b787526570953475a20d70c96d5251d4004d7c,SIGNALLED,ENTRY_SIGNAL
600540.SH,2026-09-08,e70bd9b7eca1818b397e05f5c1b787526570953475a20d70c96d5251d4004d7c,SIGNALLED,EXECUTION_PENDING
600540.SH,2026-09-09,e70bd9b7eca1818b397e05f5c1b787526570953475a20d70c96d5251d4004d7c,EXPIRED,PENDING_SIGNAL_HORIZON_EXPIRED
600545.SH,2024-12-11,bde2d91ca41b630a7bf819c188549f0bce301c1405c88d4f7c5729d6f10e66f9,SIGNALLED,ENTRY_SIGNAL
600545.SH,2024-12-12,bde2d91ca41b630a7bf819c188549f0bce301c1405c88d4f7c5729d6f10e66f9,SIGNALLED,EXECUTION_PENDING
600545.SH,2024-12-13,bde2d91ca41b630a7bf819c188549f0bce301c1405c88d4f7c5729d6f10e66f9,SIGNALLED,EXECUTION_PENDING
600545.SH,2024-12-16,bde2d91ca41b630a7bf819c188549f0bce301c1405c88d4f7c5729d6f10e66f9,SIGNALLED,EXECUTION_PENDING
600545.SH,2024-12-17,bde2d91ca41b630a7bf819c188549f0bce301c1405c88d4f7c5729d6f10e66f9,SIGNALLED,EXECUTION_PENDING
600545.SH,2024-12-18,bde2d91ca41b630a7bf819c188549f0bce301c1405c88d4f7c5729d6f10e66f9,SIGNALLED,EXECUTION_PENDING
600545.SH,2024-12-19,bde2d91ca41b630a7bf819c188549f0bce301c1405c88d4f7c5729d6f10e66f9,EXPIRED,PENDING_SIGNAL_HORIZON_EXPIRED
600550.SH,2024-09-13,78f3c1dcd470ff63d839e54f1d1594887cb156aa961486a30494db98ff914e70,ACTIVE,POOL_ADMISSION
600550.SH,2024-09-18,78f3c1dcd470ff63d839e54f1d1594887cb156aa961486a30494db98ff914e70,SIGNALLED,ENTRY_SIGNAL
600550.SH,2024-09-19,78f3c1dcd470ff63d839e54f1d1594887cb156aa961486a30494db98ff914e70,SIGNALLED,EXECUTION_PENDING
600550.SH,2024-09-20,78f3c1dcd470ff63d839e54f1d1594887cb156aa961486a30494db98ff914e70,SIGNALLED,EXECUTION_PENDING
600550.SH,2024-09-23,78f3c1dcd470ff63d839e54f1d1594887cb156aa961486a30494db98ff914e70,SIGNALLED,EXECUTION_PENDING
600550.SH,2024-09-24,78f3c1dcd470ff63d839e54f1d1594887cb156aa961486a30494db98ff914e70,SIGNALLED,EXECUTION_PENDING
600550.SH,2024-09-25,78f3c1dcd470ff63d839e54f1d1594887cb156aa961486a30494db98ff914e70,EXPIRED,PENDING_SIGNAL_HORIZON_EXPIRED
600570.SH,2024-10-09,4c3b5b67806dc2621abc309f3be1f1575ea57e7c4b49e5f459f0e6e2c41fb917,ACTIVE,POOL_ADMISSION
600570.SH,2024-10-10,4c3b5b67806dc2621abc309f3be1f1575ea57e7c4b49e5f459f0e6e2c41fb917,ACTIVE,POOL_OBSERVATION
600570.SH,2024-10-11,4c3b5b67806dc2621abc309f3be1f1575ea57e7c4b49e5f459f0e6e2c41fb917,ACTIVE,POOL_OBSERVATION
600570.SH,2024-10-14,4c3b5b67806dc2621abc309f3be1f1575ea57e7c4b49e5f459f0e6e2c41fb917,ACTIVE,POOL_OBSERVATION
600570.SH,2024-10-15,4c3b5b67806dc2621abc309f3be1f1575ea57e7c4b49e5f459f0e6e2c41fb917,SIGNALLED,ENTRY_SIGNAL
600570.SH,2024-10-16,4c3b5b67806dc2621abc309f3be1f1575ea57e7c4b49e5f459f0e6e2c41fb917,SIGNALLED,EXECUTION_PENDING
600570.SH,2024-10-17,4c3b5b67806dc2621abc309f3be1f1575ea57e7c4b49e5f459f0e6e2c41fb917,EXPIRED,PENDING_SIGNAL_HORIZON_EXPIRED
600578.SH,2026-05-18,ac66740d751ee8a714e03494400a80ede279a5bc9f5de5b9abbe8f969c836c6b,ACTIVE,POOL_ADMISSION
600578.SH,2026-05-19,ac66740d751ee8a714e03494400a80ede279a5bc9f5de5b9abbe8f969c836c6b,SIGNALLED,ENTRY_SIGNAL
600578.SH,2026-05-20,ac66740d751ee8a714e03494400a80ede279a5bc9f5de5b9abbe8f969c836c6b,SIGNALLED,EXECUTION_PENDING
600578.SH,2026-05-21,ac66740d751ee8a714e03494400a80ede279a5bc9f5de5b9abbe8f969c836c6b,SIGNALLED,EXECUTION_PENDING
600578.SH,2026-05-22,ac66740d751ee8a714e03494400a80ede279a5bc9f5de5b9abbe8f969c836c6b,SIGNALLED,EXECUTION_PENDING
600578.SH,2026-05-25,ac66740d751ee8a714e03494400a80ede279a5bc9f5de5b9abbe8f969c836c6b,SIGNALLED,EXECUTION_PENDING
600578.SH,2026-05-26,ac66740d751ee8a714e03494400a80ede279a5bc9f5de5b9abbe8f969c836c6b,EXPIRED,PENDING_SIGNAL_HORIZON_EXPIRED
600579.SH,2024-12-20,c42e891f6203b7740056ee7daa1e241b58d861ffa0b40bac970f02bf03d70673,ACTIVE,POOL_ADMISSION
600579.SH,2024-12-23,c42e891f6203b7740056ee7daa1e241b58d861ffa0b40bac970f02bf03d70673,SIGNALLED,ENTRY_SIGNAL
600579.SH,2024-12-24,c42e891f6203b7740056ee7daa1e241b58d861ffa0b40bac970f02bf03d70673,SIGNALLED,EXECUTION_PENDING
600579.SH,2024-12-25,c42e891f6203b7740056ee7daa1e241b58d861ffa0b40bac970f02bf03d70673,SIGNALLED,EXECUTION_PENDING
600579.SH,2024-12-26,c42e891f6203b7740056ee7daa1e241b58d861ffa0b40bac970f02bf03d70673,SIGNALLED,EXECUTION_PENDING
600579.SH,2024-12-27,c42e891f6203b7740056ee7daa1e241b58d861ffa0b40bac970f02bf03d70673,SIGNALLED,EXECUTION_PENDING
600579.SH,2024-12-30,c42e891f6203b7740056ee7daa1e241b58d861ffa0b40bac970f02bf03d70673,EXPIRED,PENDING_SIGNAL_HORIZON_EXPIRED
600589.SH,2024-09-24,3095e62ed0dc3f0d908b17764786d376823236e0a8ab0d7d5e4d4da4781766e3,ACTIVE,POOL_ADMISSION
600589.SH,2024-09-25,3095e62ed0dc3f0d908b17764786d376823236e0a8ab0d7d5e4d4da4781766e3,ACTIVE,POOL_OBSERVATION
600589.SH,2024-09-26,3095e62ed0dc3f0d908b17764786d376823236e0a8ab0d7d5e4d4da4781766e3,SIGNALLED,ENTRY_SIGNAL
600589.SH,2024-09-27,3095e62ed0dc3f0d908b17764786d376823236e0a8ab0d7d5e4d4da4781766e3,SIGNALLED,EXECUTION_PENDING
600589.SH,2024-09-30,3095e62ed0dc3f0d908b17764786d376823236e0a8ab0d7d5e4d4da4781766e3,SIGNALLED,EXECUTION_PENDING
600589.SH,2024-10-08,3095e62ed0dc3f0d908b17764786d376823236e0a8ab0d7d5e4d4da4781766e3,SIGNALLED,EXECUTION_PENDING
600589.SH,2024-10-09,3095e62ed0dc3f0d908b17764786d376823236e0a8ab0d7d5e4d4da4781766e3,EXPIRED,PENDING_SIGNAL_HORIZON_EXPIRED
600589.SH,2025-02-26,a1d459bcf06e27260a7a3afcf277e53dc18de984ef7f297d4953d5ce8ff30bdc,ACTIVE,POOL_ADMISSION
600589.SH,2025-02-27,a1d459bcf06e27260a7a3afcf277e53dc18de984ef7f297d4953d5ce8ff30bdc,ACTIVE,POOL_OBSERVATION
600589.SH,2025-02-28,a1d459bcf06e27260a7a3afcf277e53dc18de984ef7f297d4953d5ce8ff30bdc,ACTIVE,POOL_OBSERVATION
600589.SH,2025-03-03,a1d459bcf06e27260a7a3afcf277e53dc18de984ef7f297d4953d5ce8ff30bdc,ACTIVE,POOL_OBSERVATION
600589.SH,2025-03-04,a1d459bcf06e27260a7a3afcf277e53dc18de984ef7f297d4953d5ce8ff30bdc,ACTIVE,POOL_OBSERVATION
600589.SH,2025-03-05,a1d459bcf06e27260a7a3afcf277e53dc18de984ef7f297d4953d5ce8ff30bdc,ACTIVE,POOL_OBSERVATION
600589.SH,2025-03-06,a1d459bcf06e27260a7a3afcf277e53dc18de984ef7f297d4953d5ce8ff30bdc,EXPIRED,POOL_EXPIRED
600589.SH,2025-03-11,211153d5514d8843202499022e6a78cf4cb70ea283f22d129bf036a677dd423b,ACTIVE,POOL_ADMISSION
600589.SH,2025-03-12,211153d5514d8843202499022e6a78cf4cb70ea283f22d129bf036a677dd423b,ACTIVE,POOL_OBSERVATION
600589.SH,2025-03-13,211153d5514d8843202499022e6a78cf4cb70ea283f22d129bf036a677dd423b,SIGNALLED,ENTRY_SIGNAL
600589.SH,2025-03-14,211153d5514d8843202499022e6a78cf4cb70ea283f22d129bf036a677dd423b,SIGNALLED,EXECUTION_PENDING
600589.SH,2025-03-17,211153d5514d8843202499022e6a78cf4cb70ea283f22d129bf036a677dd423b,SIGNALLED,EXECUTION_PENDING
600589.SH,2025-03-18,211153d5514d8843202499022e6a78cf4cb70ea283f22d129bf036a677dd423b,SIGNALLED,EXECUTION_PENDING
600589.SH,2025-03-19,211153d5514d8843202499022e6a78cf4cb70ea283f22d129bf036a677dd423b,EXPIRED,PENDING_SIGNAL_HORIZON_EXPIRED
600589.SH,2026-02-12,4518c3f095bf6698d46e970bb69ee2dc6f4bf04ddb3fca5256d1041abd8d0fcd,ACTIVE,POOL_ADMISSION
600589.SH,2026-02-13,4518c3f095bf6698d46e970bb69ee2dc6f4bf04ddb3fca5256d1041abd8d0fcd,ACTIVE,POOL_OBSERVATION
600589.SH,2026-02-24,4518c3f095bf6698d46e970bb69ee2dc6f4bf04ddb3fca5256d1041abd8d0fcd,ACTIVE,POOL_OBSERVATION
600589.SH,2026-02-25,4518c3f095bf6698d46e970bb69ee2dc6f4bf04ddb3fca5256d1041abd8d0fcd,ACTIVE,POOL_OBSERVATION
600589.SH,2026-02-26,4518c3f095bf6698d46e970bb69ee2dc6f4bf04ddb3fca5256d1041abd8d0fcd,ACTIVE,POOL_OBSERVATION
600589.SH,2026-02-27,4518c3f095bf6698d46e970bb69ee2dc6f4bf04ddb3fca5256d1041abd8d0fcd,ACTIVE,POOL_OBSERVATION
600589.SH,2026-03-02,4518c3f095bf6698d46e970bb69ee2dc6f4bf04ddb3fca5256d1041abd8d0fcd,EXPIRED,POOL_EXPIRED
600590.SH,2025-02-21,a87bef4501682b83e448e68ef1662ed328a81213f516f5b734a86d273d1dc040,ACTIVE,POOL_ADMISSION
600590.SH,2025-02-24,a87bef4501682b83e448e68ef1662ed328a81213f516f5b734a86d273d1dc040,ACTIVE,POOL_OBSERVATION
600590.SH,2025-02-25,a87bef4501682b83e448e68ef1662ed328a81213f516f5b734a86d273d1dc040,ACTIVE,POOL_OBSERVATION
600590.SH,2025-02-26,a87bef4501682b83e448e68ef1662ed328a81213f516f5b734a86d273d1dc040,SIGNALLED,ENTRY_SIGNAL
600590.SH,2025-02-27,a87bef4501682b83e448e68ef1662ed328a81213f516f5b734a86d273d1dc040,SIGNALLED,EXECUTION_PENDING
600590.SH,2025-02-28,a87bef4501682b83e448e68ef1662ed328a81213f516f5b734a86d273d1dc040,SIGNALLED,EXECUTION_PENDING
600590.SH,2025-03-03,a87bef4501682b83e448e68ef1662ed328a81213f516f5b734a86d273d1dc040,EXPIRED,PENDING_SIGNAL_HORIZON_EXPIRED
600606.SH,2024-10-08,68b780b2a57237e9f836356f53cfefa4e72ed6729c60ebd121ab3ad7d69bcce8,ACTIVE,POOL_ADMISSION
600606.SH,2024-10-09,68b780b2a57237e9f836356f53cfefa4e72ed6729c60ebd121ab3ad7d69bcce8,ACTIVE,POOL_OBSERVATION
600606.SH,2024-10-10,68b780b2a57237e9f836356f53cfefa4e72ed6729c60ebd121ab3ad7d69bcce8,ACTIVE,POOL_OBSERVATION
600606.SH,2024-10-11,68b780b2a57237e9f836356f53cfefa4e72ed6729c60ebd121ab3ad7d69bcce8,ACTIVE,POOL_OBSERVATION
600606.SH,2024-10-14,68b780b2a57237e9f836356f53cfefa4e72ed6729c60ebd121ab3ad7d69bcce8,ACTIVE,POOL_OBSERVATION
600606.SH,2024-10-15,68b780b2a57237e9f836356f53cfefa4e72ed6729c60ebd121ab3ad7d69bcce8,ACTIVE,POOL_OBSERVATION
600606.SH,2024-10-16,68b780b2a57237e9f836356f53cfefa4e72ed6729c60ebd121ab3ad7d69bcce8,EXPIRED,POOL_EXPIRED
600610.SH,2025-03-27,9070659c7019dc05661696c52ca964a90eb530f0b6f04781eca2963e105633d5,ACTIVE,POOL_ADMISSION
600610.SH,2025-03-28,9070659c7019dc05661696c52ca964a90eb530f0b6f04781eca2963e105633d5,ACTIVE,POOL_OBSERVATION
600610.SH,2025-03-31,9070659c7019dc05661696c52ca964a90eb530f0b6f04781eca2963e105633d5,ACTIVE,POOL_OBSERVATION
600610.SH,2025-04-01,9070659c7019dc05661696c52ca964a90eb530f0b6f04781eca2963e105633d5,ACTIVE,POOL_OBSERVATION
600610.SH,2025-04-02,9070659c7019dc05661696c52ca964a90eb530f0b6f04781eca2963e105633d5,ACTIVE,POOL_OBSERVATION
600610.SH,2025-04-03,9070659c7019dc05661696c52ca964a90eb530f0b6f04781eca2963e105633d5,ACTIVE,POOL_OBSERVATION
600610.SH,2025-04-07,9070659c7019dc05661696c52ca964a90eb530f0b6f04781eca2963e105633d5,EXPIRED,POOL_EXPIRED
600610.SH,2025-05-19,0cc8eb6c99f35199e1b1c9857be611aef0ede62657d4c931cd4fe248366b7102,ACTIVE,POOL_ADMISSION
600610.SH,2025-05-20,0cc8eb6c99f35199e1b1c9857be611aef0ede62657d4c931cd4fe248366b7102,ACTIVE,POOL_OBSERVATION
600610.SH,2025-05-21,0cc8eb6c99f35199e1b1c9857be611aef0ede62657d4c931cd4fe248366b7102,ACTIVE,POOL_OBSERVATION
600610.SH,2025-05-22,0cc8eb6c99f35199e1b1c9857be611aef0ede62657d4c931cd4fe248366b7102,ACTIVE,POOL_OBSERVATION
600610.SH,2025-05-23,0cc8eb6c99f35199e1b1c9857be611aef0ede62657d4c931cd4fe248366b7102,ACTIVE,POOL_OBSERVATION
600610.SH,2025-05-26,0cc8eb6c99f35199e1b1c9857be611aef0ede62657d4c931cd4fe248366b7102,ACTIVE,POOL_OBSERVATION
600610.SH,2025-05-27,0cc8eb6c99f35199e1b1c9857be611aef0ede62657d4c931cd4fe248366b7102,EXPIRED,POOL_EXPIRED
600613.SH,2026-08-18,7f523f8928d4cc2b667efe387d5959dd3dac47220067561949713c23fe015d14,ACTIVE,POOL_ADMISSION
600613.SH,2026-08-19,7f523f8928d4cc2b667efe387d5959dd3dac47220067561949713c23fe015d14,ACTIVE,POOL_OBSERVATION
600613.SH,2026-08-20,7f523f8928d4cc2b667efe387d5959dd3dac47220067561949713c23fe015d14,ACTIVE,POOL_OBSERVATION
600613.SH,2026-08-21,7f523f8928d4cc2b667efe387d5959dd3dac47220067561949713c23fe015d14,SIGNALLED,ENTRY_SIGNAL
600613.SH,2026-08-24,7f523f8928d4cc2b667efe387d5959dd3dac47220067561949713c23fe015d14,SIGNALLED,EXECUTION_PENDING
600613.SH,2026-08-25,7f523f8928d4cc2b667efe387d5959dd3dac47220067561949713c23fe015d14,SIGNALLED,EXECUTION_PENDING
600613.SH,2026-08-26,7f523f8928d4cc2b667efe387d5959dd3dac47220067561949713c23fe015d14,EXPIRED,PENDING_SIGNAL_HORIZON_EXPIRED
600617.SH,2025-10-20,28f881887ae5b7eba5108e8f8988368d7fc9ffd054b61feb7a5dfaaad1dffe90,SIGNALLED,ENTRY_SIGNAL
600617.SH,2025-10-21,28f881887ae5b7eba5108e8f8988368d7fc9ffd054b61feb7a5dfaaad1dffe90,SIGNALLED,EXECUTION_PENDING
600617.SH,2025-10-22,28f881887ae5b7eba5108e8f8988368d7fc9ffd054b61feb7a5dfaaad1dffe90,SIGNALLED,EXECUTION_PENDING
600617.SH,2025-10-23,28f881887ae5b7eba5108e8f8988368d7fc9ffd054b61feb7a5dfaaad1dffe90,SIGNALLED,EXECUTION_PENDING
600617.SH,2025-10-24,28f881887ae5b7eba5108e8f8988368d7fc9ffd054b61feb7a5dfaaad1dffe90,SIGNALLED,EXECUTION_PENDING
600617.SH,2025-10-27,28f881887ae5b7eba5108e8f8988368d7fc9ffd054b61feb7a5dfaaad1dffe90,SIGNALLED,EXECUTION_PENDING
600617.SH,2025-10-28,28f881887ae5b7eba5108e8f8988368d7fc9ffd054b61feb7a5dfaaad1dffe90,EXPIRED,PENDING_SIGNAL_HORIZON_EXPIRED
600619.SH,2024-09-23,9be63a640360e660adc6817482a398384822b58f21b03a3328dc3494618e2cf2,SIGNALLED,ENTRY_SIGNAL
600619.SH,2024-09-24,9be63a640360e660adc6817482a398384822b58f21b03a3328dc3494618e2cf2,SIGNALLED,EXECUTION_PENDING
600619.SH,2024-09-25,9be63a640360e660adc6817482a398384822b58f21b03a3328dc3494618e2cf2,SIGNALLED,EXECUTION_PENDING
600619.SH,2024-09-26,9be63a640360e660adc6817482a398384822b58f21b03a3328dc3494618e2cf2,SIGNALLED,EXECUTION_PENDING
600619.SH,2024-09-27,9be63a640360e660adc6817482a398384822b58f21b03a3328dc3494618e2cf2,SIGNALLED,EXECUTION_PENDING
600619.SH,2024-09-30,9be63a640360e660adc6817482a398384822b58f21b03a3328dc3494618e2cf2,SIGNALLED,EXECUTION_PENDING
600619.SH,2024-10-08,9be63a640360e660adc6817482a398384822b58f21b03a3328dc3494618e2cf2,EXPIRED,PENDING_SIGNAL_HORIZON_EXPIRED
600619.SH,2024-11-07,b16fd96f2e10baf184405129144563fc9126fbb6f38a254092fb99ba45947cdc,SIGNALLED,ENTRY_SIGNAL
600619.SH,2024-11-08,b16fd96f2e10baf184405129144563fc9126fbb6f38a254092fb99ba45947cdc,SIGNALLED,EXECUTION_PENDING
600619.SH,2024-11-11,b16fd96f2e10baf184405129144563fc9126fbb6f38a254092fb99ba45947cdc,SIGNALLED,EXECUTION_PENDING
600619.SH,2024-11-12,b16fd96f2e10baf184405129144563fc9126fbb6f38a254092fb99ba45947cdc,SIGNALLED,EXECUTION_PENDING
600619.SH,2024-11-13,b16fd96f2e10baf184405129144563fc9126fbb6f38a254092fb99ba45947cdc,SIGNALLED,EXECUTION_PENDING
600619.SH,2024-11-14,b16fd96f2e10baf184405129144563fc9126fbb6f38a254092fb99ba45947cdc,SIGNALLED,EXECUTION_PENDING
600619.SH,2024-11-15,b16fd96f2e10baf184405129144563fc9126fbb6f38a254092fb99ba45947cdc,EXPIRED,PENDING_SIGNAL_HORIZON_EXPIRED
600619.SH,2025-08-12,edd24bb71c0497957d41279382e4ce98489936685d3891545140ced46e26a81e,ACTIVE,POOL_ADMISSION
600619.SH,2025-08-13,edd24bb71c0497957d41279382e4ce98489936685d3891545140ced46e26a81e,ACTIVE,POOL_OBSERVATION
600619.SH,2025-08-14,edd24bb71c0497957d41279382e4ce98489936685d3891545140ced46e26a81e,ACTIVE,POOL_OBSERVATION
600619.SH,2025-08-15,edd24bb71c0497957d41279382e4ce98489936685d3891545140ced46e26a81e,ACTIVE,POOL_OBSERVATION
600619.SH,2025-08-18,edd24bb71c0497957d41279382e4ce98489936685d3891545140ced46e26a81e,ACTIVE,POOL_OBSERVATION
600619.SH,2025-08-19,edd24bb71c0497957d41279382e4ce98489936685d3891545140ced46e26a81e,SIGNALLED,ENTRY_SIGNAL
600619.SH,2025-08-20,edd24bb71c0497957d41279382e4ce98489936685d3891545140ced46e26a81e,EXPIRED,PENDING_SIGNAL_HORIZON_EXPIRED
600622.SH,2024-10-16,1d6f63d635003c56575336ddfeee618b04e39adb27adacc2ff64d7df944e18b2,ACTIVE,POOL_ADMISSION
600622.SH,2024-10-17,1d6f63d635003c56575336ddfeee618b04e39adb27adacc2ff64d7df944e18b2,ACTIVE,POOL_OBSERVATION
600622.SH,2024-10-18,1d6f63d635003c56575336ddfeee618b04e39adb27adacc2ff64d7df944e18b2,ACTIVE,POOL_OBSERVATION
600622.SH,2024-10-21,1d6f63d635003c56575336ddfeee618b04e39adb27adacc2ff64d7df944e18b2,ACTIVE,POOL_OBSERVATION
600622.SH,2024-10-22,1d6f63d635003c56575336ddfeee618b04e39adb27adacc2ff64d7df944e18b2,ACTIVE,POOL_OBSERVATION
600622.SH,2024-10-23,1d6f63d635003c56575336ddfeee618b04e39adb27adacc2ff64d7df944e18b2,ACTIVE,POOL_OBSERVATION
600622.SH,2024-10-24,1d6f63d635003c56575336ddfeee618b04e39adb27adacc2ff64d7df944e18b2,EXPIRED,POOL_EXPIRED
600624.SH,2024-10-29,336ff5db33d08a1681e57ff017e3c8d16c0ec51bb6ba129e4cb35d28a6b77058,ACTIVE,POOL_ADMISSION
600624.SH,2024-10-30,336ff5db33d08a1681e57ff017e3c8d16c0ec51bb6ba129e4cb35d28a6b77058,ACTIVE,POOL_OBSERVATION
600624.SH,2024-10-31,336ff5db33d08a1681e57ff017e3c8d16c0ec51bb6ba129e4cb35d28a6b77058,ACTIVE,POOL_OBSERVATION
600624.SH,2024-11-01,336ff5db33d08a1681e57ff017e3c8d16c0ec51bb6ba129e4cb35d28a6b77058,ACTIVE,POOL_OBSERVATION
600624.SH,2024-11-04,336ff5db33d08a1681e57ff017e3c8d16c0ec51bb6ba129e4cb35d28a6b77058,ACTIVE,POOL_OBSERVATION
600624.SH,2024-11-05,336ff5db33d08a1681e57ff017e3c8d16c0ec51bb6ba129e4cb35d28a6b77058,ACTIVE,POOL_OBSERVATION
600624.SH,2024-11-06,336ff5db33d08a1681e57ff017e3c8d16c0ec51bb6ba129e4cb35d28a6b77058,EXPIRED,POOL_EXPIRED
600628.SH,2024-11-28,38573b77a8407e5882e044809070a195482f43fdfd5ec8cc7c6bb30901b2d966,ACTIVE,POOL_ADMISSION
600628.SH,2024-11-29,38573b77a8407e5882e044809070a195482f43fdfd5ec8cc7c6bb30901b2d966,ACTIVE,POOL_OBSERVATION
600628.SH,2024-12-02,38573b77a8407e5882e044809070a195482f43fdfd5ec8cc7c6bb30901b2d966,ACTIVE,POOL_OBSERVATION
600628.SH,2024-12-03,38573b77a8407e5882e044809070a195482f43fdfd5ec8cc7c6bb30901b2d966,ACTIVE,POOL_OBSERVATION
600628.SH,2024-12-04,38573b77a8407e5882e044809070a195482f43fdfd5ec8cc7c6bb30901b2d966,ACTIVE,POOL_OBSERVATION
600628.SH,2024-12-05,38573b77a8407e5882e044809070a195482f43fdfd5ec8cc7c6bb30901b2d966,ACTIVE,POOL_OBSERVATION
600628.SH,2024-12-06,38573b77a8407e5882e044809070a195482f43fdfd5ec8cc7c6bb30901b2d966,EXPIRED,POOL_EXPIRED
600629.SH,2024-11-05,d1f409c4458fd8ac1c49a6548013b001d174c04c773856f2640e71919446b288,ACTIVE,POOL_ADMISSION
600629.SH,2024-11-06,d1f409c4458fd8ac1c49a6548013b001d174c04c773856f2640e71919446b288,ACTIVE,POOL_OBSERVATION
600629.SH,2024-11-07,d1f409c4458fd8ac1c49a6548013b001d174c04c773856f2640e71919446b288,ACTIVE,POOL_OBSERVATION
600629.SH,2024-11-08,d1f409c4458fd8ac1c49a6548013b001d174c04c773856f2640e71919446b288,ACTIVE,POOL_OBSERVATION
600629.SH,2024-11-11,d1f409c4458fd8ac1c49a6548013b001d174c04c773856f2640e71919446b288,ACTIVE,POOL_OBSERVATION
600629.SH,2024-11-12,d1f409c4458fd8ac1c49a6548013b001d174c04c773856f2640e71919446b288,ACTIVE,POOL_OBSERVATION
600629.SH,2024-11-13,d1f409c4458fd8ac1c49a6548013b001d174c04c773856f2640e71919446b288,SIGNALLED,ENTRY_SIGNAL
600629.SH,2024-11-14,d1f409c4458fd8ac1c49a6548013b001d174c04c773856f2640e71919446b288,EXPIRED,PENDING_SIGNAL_HORIZON_EXPIRED
600629.SH,2025-09-16,a201b5fe7b65e418546893c5fba14e0a846b1ea68ec014b471fc5f1579a271ca,ACTIVE,POOL_ADMISSION
600629.SH,2025-09-17,a201b5fe7b65e418546893c5fba14e0a846b1ea68ec014b471fc5f1579a271ca,ACTIVE,POOL_OBSERVATION
600629.SH,2025-09-18,a201b5fe7b65e418546893c5fba14e0a846b1ea68ec014b471fc5f1579a271ca,ACTIVE,POOL_OBSERVATION
600629.SH,2025-09-19,a201b5fe7b65e418546893c5fba14e0a846b1ea68ec014b471fc5f1579a271ca,SIGNALLED,ENTRY_SIGNAL
600629.SH,2025-09-22,a201b5fe7b65e418546893c5fba14e0a846b1ea68ec014b471fc5f1579a271ca,SIGNALLED,EXECUTION_PENDING
600629.SH,2025-09-23,a201b5fe7b65e418546893c5fba14e0a846b1ea68ec014b471fc5f1579a271ca,SIGNALLED,EXECUTION_PENDING
600629.SH,2025-09-24,a201b5fe7b65e418546893c5fba14e0a846b1ea68ec014b471fc5f1579a271ca,EXPIRED,PENDING_SIGNAL_HORIZON_EXPIRED
600629.SH,2025-09-30,6b9c4dd50a3221d4f407ca31c0390806f80a87a03f12027361ec733e74170ec4,ACTIVE,POOL_ADMISSION
600629.SH,2025-10-09,6b9c4dd50a3221d4f407ca31c0390806f80a87a03f12027361ec733e74170ec4,ACTIVE,POOL_OBSERVATION
600629.SH,2025-10-10,6b9c4dd50a3221d4f407ca31c0390806f80a87a03f12027361ec733e74170ec4,SIGNALLED,ENTRY_SIGNAL
600629.SH,2025-10-13,6b9c4dd50a3221d4f407ca31c0390806f80a87a03f12027361ec733e74170ec4,SIGNALLED,EXECUTION_PENDING
600629.SH,2025-10-14,6b9c4dd50a3221d4f407ca31c0390806f80a87a03f12027361ec733e74170ec4,SIGNALLED,EXECUTION_PENDING
600629.SH,2025-10-15,6b9c4dd50a3221d4f407ca31c0390806f80a87a03f12027361ec733e74170ec4,SIGNALLED,EXECUTION_PENDING
600629.SH,2025-10-16,6b9c4dd50a3221d4f407ca31c0390806f80a87a03f12027361ec733e74170ec4,EXPIRED,PENDING_SIGNAL_HORIZON_EXPIRED
600633.SH,2025-02-10,277aa9b058df274b2e6fceb829a41ea302984a760f8807557e332cbb9e068bc2,ACTIVE,POOL_ADMISSION
600633.SH,2025-02-11,277aa9b058df274b2e6fceb829a41ea302984a760f8807557e332cbb9e068bc2,ACTIVE,POOL_OBSERVATION
600633.SH,2025-02-12,277aa9b058df274b2e6fceb829a41ea302984a760f8807557e332cbb9e068bc2,ACTIVE,POOL_OBSERVATION
600633.SH,2025-02-13,277aa9b058df274b2e6fceb829a41ea302984a760f8807557e332cbb9e068bc2,ACTIVE,POOL_OBSERVATION
600633.SH,2025-02-14,277aa9b058df274b2e6fceb829a41ea302984a760f8807557e332cbb9e068bc2,SIGNALLED,ENTRY_SIGNAL
600633.SH,2025-02-17,277aa9b058df274b2e6fceb829a41ea302984a760f8807557e332cbb9e068bc2,SIGNALLED,EXECUTION_PENDING
600633.SH,2025-02-18,277aa9b058df274b2e6fceb829a41ea302984a760f8807557e332cbb9e068bc2,EXPIRED,PENDING_SIGNAL_HORIZON_EXPIRED
600635.SH,2024-07-30,6f8f5bfae1422780029c3a316ce40e92354dd1fdac6b3a7d1547f73c13f17dd1,ACTIVE,POOL_ADMISSION
600635.SH,2024-07-31,6f8f5bfae1422780029c3a316ce40e92354dd1fdac6b3a7d1547f73c13f17dd1,ACTIVE,POOL_OBSERVATION
600635.SH,2024-08-01,6f8f5bfae1422780029c3a316ce40e92354dd1fdac6b3a7d1547f73c13f17dd1,ACTIVE,POOL_OBSERVATION
600635.SH,2024-08-02,6f8f5bfae1422780029c3a316ce40e92354dd1fdac6b3a7d1547f73c13f17dd1,ACTIVE,POOL_OBSERVATION
600635.SH,2024-08-05,6f8f5bfae1422780029c3a316ce40e92354dd1fdac6b3a7d1547f73c13f17dd1,ACTIVE,POOL_OBSERVATION
600635.SH,2024-08-06,6f8f5bfae1422780029c3a316ce40e92354dd1fdac6b3a7d1547f73c13f17dd1,ACTIVE,POOL_OBSERVATION
600635.SH,2024-08-07,6f8f5bfae1422780029c3a316ce40e92354dd1fdac6b3a7d1547f73c13f17dd1,EXPIRED,POOL_EXPIRED
600635.SH,2024-10-30,8c70571701245b4d586fcee168b8ba6a6afdb425e190ea793f254ac4789901e7,ACTIVE,POOL_ADMISSION
600635.SH,2024-10-31,8c70571701245b4d586fcee168b8ba6a6afdb425e190ea793f254ac4789901e7,ACTIVE,POOL_OBSERVATION
600635.SH,2024-11-01,8c70571701245b4d586fcee168b8ba6a6afdb425e190ea793f254ac4789901e7,ACTIVE,POOL_OBSERVATION
600635.SH,2024-11-04,8c70571701245b4d586fcee168b8ba6a6afdb425e190ea793f254ac4789901e7,ACTIVE,POOL_OBSERVATION
600635.SH,2024-11-05,8c70571701245b4d586fcee168b8ba6a6afdb425e190ea793f254ac4789901e7,ACTIVE,POOL_OBSERVATION
600635.SH,2024-11-06,8c70571701245b4d586fcee168b8ba6a6afdb425e190ea793f254ac4789901e7,ACTIVE,POOL_OBSERVATION
600635.SH,2024-11-07,8c70571701245b4d586fcee168b8ba6a6afdb425e190ea793f254ac4789901e7,EXPIRED,POOL_EXPIRED
600637.SH,2026-01-12,a23c4780494c15b1f45148edd9629a01e7855d32e6861377619f80b3754fd031,ACTIVE,POOL_ADMISSION
600637.SH,2026-01-13,a23c4780494c15b1f45148edd9629a01e7855d32e6861377619f80b3754fd031,ACTIVE,POOL_OBSERVATION
600637.SH,2026-01-14,a23c4780494c15b1f45148edd9629a01e7855d32e6861377619f80b3754fd031,ACTIVE,POOL_OBSERVATION
600637.SH,2026-01-15,a23c4780494c15b1f45148edd9629a01e7855d32e6861377619f80b3754fd031,SIGNALLED,ENTRY_SIGNAL
600637.SH,2026-01-16,a23c4780494c15b1f45148edd9629a01e7855d32e6861377619f80b3754fd031,SIGNALLED,EXECUTION_PENDING
600637.SH,2026-01-19,a23c4780494c15b1f45148edd9629a01e7855d32e6861377619f80b3754fd031,SIGNALLED,EXECUTION_PENDING
600637.SH,2026-01-20,a23c4780494c15b1f45148edd9629a01e7855d32e6861377619f80b3754fd031,EXPIRED,PENDING_SIGNAL_HORIZON_EXPIRED
600643.SH,2024-09-30,16ba8203a0ce69e86b03770ac2e08dd4159b9bfc3a456a6cb78f33a1353fc266,ACTIVE,POOL_ADMISSION
600643.SH,2024-10-08,16ba8203a0ce69e86b03770ac2e08dd4159b9bfc3a456a6cb78f33a1353fc266,ACTIVE,POOL_OBSERVATION
600643.SH,2024-10-09,16ba8203a0ce69e86b03770ac2e08dd4159b9bfc3a456a6cb78f33a1353fc266,ACTIVE,POOL_OBSERVATION
600643.SH,2024-10-10,16ba8203a0ce69e86b03770ac2e08dd4159b9bfc3a456a6cb78f33a1353fc266,ACTIVE,POOL_OBSERVATION
600643.SH,2024-10-11,16ba8203a0ce69e86b03770ac2e08dd4159b9bfc3a456a6cb78f33a1353fc266,ACTIVE,POOL_OBSERVATION
600643.SH,2024-10-14,16ba8203a0ce69e86b03770ac2e08dd4159b9bfc3a456a6cb78f33a1353fc266,ACTIVE,POOL_OBSERVATION
600643.SH,2024-10-15,16ba8203a0ce69e86b03770ac2e08dd4159b9bfc3a456a6cb78f33a1353fc266,EXPIRED,POOL_EXPIRED
600643.SH,2025-07-01,f1a798ca6f46d77e70bc3cd16b242957103b29ffdeac7c460047b8762525de6c,ACTIVE,POOL_ADMISSION
600643.SH,2025-07-02,f1a798ca6f46d77e70bc3cd16b242957103b29ffdeac7c460047b8762525de6c,ACTIVE,POOL_OBSERVATION
600643.SH,2025-07-03,f1a798ca6f46d77e70bc3cd16b242957103b29ffdeac7c460047b8762525de6c,ACTIVE,POOL_OBSERVATION
600643.SH,2025-07-04,f1a798ca6f46d77e70bc3cd16b242957103b29ffdeac7c460047b8762525de6c,ACTIVE,POOL_OBSERVATION
600643.SH,2025-07-07,f1a798ca6f46d77e70bc3cd16b242957103b29ffdeac7c460047b8762525de6c,ACTIVE,POOL_OBSERVATION
600643.SH,2025-07-08,f1a798ca6f46d77e70bc3cd16b242957103b29ffdeac7c460047b8762525de6c,ACTIVE,POOL_OBSERVATION
600643.SH,2025-07-09,f1a798ca6f46d77e70bc3cd16b242957103b29ffdeac7c460047b8762525de6c,EXPIRED,POOL_EXPIRED
600644.SH,2025-04-17,c05831bbb58556eddf600c8aa398bbf9f0905653012657fd63565161d271d971,ACTIVE,POOL_ADMISSION
600644.SH,2025-04-18,c05831bbb58556eddf600c8aa398bbf9f0905653012657fd63565161d271d971,SIGNALLED,ENTRY_SIGNAL
600644.SH,2025-04-21,c05831bbb58556eddf600c8aa398bbf9f0905653012657fd63565161d271d971,SIGNALLED,EXECUTION_PENDING
600644.SH,2025-04-22,c05831bbb58556eddf600c8aa398bbf9f0905653012657fd63565161d271d971,SIGNALLED,EXECUTION_PENDING
600644.SH,2025-04-23,c05831bbb58556eddf600c8aa398bbf9f0905653012657fd63565161d271d971,SIGNALLED,EXECUTION_PENDING
600644.SH,2025-04-24,c05831bbb58556eddf600c8aa398bbf9f0905653012657fd63565161d271d971,SIGNALLED,EXECUTION_PENDING
600644.SH,2025-04-25,c05831bbb58556eddf600c8aa398bbf9f0905653012657fd63565161d271d971,EXPIRED,PENDING_SIGNAL_HORIZON_EXPIRED
600650.SH,2024-07-12,f2befb70b9f890ca70ede0a2a7af672f7a1749d8da2ec830e5d4b2eb1303a97f,ACTIVE,POOL_ADMISSION
600650.SH,2024-07-15,f2befb70b9f890ca70ede0a2a7af672f7a1749d8da2ec830e5d4b2eb1303a97f,ACTIVE,POOL_OBSERVATION
600650.SH,2024-07-16,f2befb70b9f890ca70ede0a2a7af672f7a1749d8da2ec830e5d4b2eb1303a97f,ACTIVE,POOL_OBSERVATION
600650.SH,2024-07-17,f2befb70b9f890ca70ede0a2a7af672f7a1749d8da2ec830e5d4b2eb1303a97f,ACTIVE,POOL_OBSERVATION
600650.SH,2024-07-18,f2befb70b9f890ca70ede0a2a7af672f7a1749d8da2ec830e5d4b2eb1303a97f,ACTIVE,POOL_OBSERVATION
600650.SH,2024-07-19,f2befb70b9f890ca70ede0a2a7af672f7a1749d8da2ec830e5d4b2eb1303a97f,SIGNALLED,ENTRY_SIGNAL
600650.SH,2024-07-22,f2befb70b9f890ca70ede0a2a7af672f7a1749d8da2ec830e5d4b2eb1303a97f,EXPIRED,PENDING_SIGNAL_HORIZON_EXPIRED
600650.SH,2024-11-21,e480935a0324ac18ec3eaa54b1a811a0e2875893fc36432cfd53cc2aea53c7ef,ACTIVE,POOL_ADMISSION
600650.SH,2024-11-22,e480935a0324ac18ec3eaa54b1a811a0e2875893fc36432cfd53cc2aea53c7ef,ACTIVE,POOL_OBSERVATION
600650.SH,2024-11-25,e480935a0324ac18ec3eaa54b1a811a0e2875893fc36432cfd53cc2aea53c7ef,ACTIVE,POOL_OBSERVATION
600650.SH,2024-11-26,e480935a0324ac18ec3eaa54b1a811a0e2875893fc36432cfd53cc2aea53c7ef,ACTIVE,POOL_OBSERVATION
600650.SH,2024-11-27,e480935a0324ac18ec3eaa54b1a811a0e2875893fc36432cfd53cc2aea53c7ef,ACTIVE,POOL_OBSERVATION
600650.SH,2024-11-28,e480935a0324ac18ec3eaa54b1a811a0e2875893fc36432cfd53cc2aea53c7ef,ACTIVE,POOL_OBSERVATION
600650.SH,2024-11-29,e480935a0324ac18ec3eaa54b1a811a0e2875893fc36432cfd53cc2aea53c7ef,EXPIRED,POOL_EXPIRED
600653.SH,2024-10-29,41353e94dc1b242c88b6d39d12ae160487c17c907f059a5533403a02fe2069b6,ACTIVE,POOL_ADMISSION
600653.SH,2024-10-30,41353e94dc1b242c88b6d39d12ae160487c17c907f059a5533403a02fe2069b6,ACTIVE,POOL_OBSERVATION
600653.SH,2024-10-31,41353e94dc1b242c88b6d39d12ae160487c17c907f059a5533403a02fe2069b6,ACTIVE,POOL_OBSERVATION
600653.SH,2024-11-01,41353e94dc1b242c88b6d39d12ae160487c17c907f059a5533403a02fe2069b6,ACTIVE,POOL_OBSERVATION
600653.SH,2024-11-04,41353e94dc1b242c88b6d39d12ae160487c17c907f059a5533403a02fe2069b6,ACTIVE,POOL_OBSERVATION
600653.SH,2024-11-05,41353e94dc1b242c88b6d39d12ae160487c17c907f059a5533403a02fe2069b6,ACTIVE,POOL_OBSERVATION
600653.SH,2024-11-06,41353e94dc1b242c88b6d39d12ae160487c17c907f059a5533403a02fe2069b6,EXPIRED,POOL_EXPIRED
600654.SH,2024-11-13,1a3556c3c3b3fb0f238955b20e650270300571454314a843fdd70dd2c824aea1,ACTIVE,POOL_ADMISSION
600654.SH,2024-11-14,1a3556c3c3b3fb0f238955b20e650270300571454314a843fdd70dd2c824aea1,ACTIVE,POOL_OBSERVATION
600654.SH,2024-11-15,1a3556c3c3b3fb0f238955b20e650270300571454314a843fdd70dd2c824aea1,ACTIVE,POOL_OBSERVATION
600654.SH,2024-11-18,1a3556c3c3b3fb0f238955b20e650270300571454314a843fdd70dd2c824aea1,ACTIVE,POOL_OBSERVATION
600654.SH,2024-11-19,1a3556c3c3b3fb0f238955b20e650270300571454314a843fdd70dd2c824aea1,ACTIVE,POOL_OBSERVATION
600654.SH,2024-11-20,1a3556c3c3b3fb0f238955b20e650270300571454314a843fdd70dd2c824aea1,SIGNALLED,ENTRY_SIGNAL
600654.SH,2024-11-21,1a3556c3c3b3fb0f238955b20e650270300571454314a843fdd70dd2c824aea1,EXPIRED,PENDING_SIGNAL_HORIZON_EXPIRED
600658.SH,2024-09-20,37b9a53e95853cb20775f0afbe2dc58e6c0d972c3d1026f5f5dee4d06ad0d3b6,ACTIVE,POOL_ADMISSION
600658.SH,2024-09-23,37b9a53e95853cb20775f0afbe2dc58e6c0d972c3d1026f5f5dee4d06ad0d3b6,ACTIVE,POOL_OBSERVATION
600658.SH,2024-09-24,37b9a53e95853cb20775f0afbe2dc58e6c0d972c3d1026f5f5dee4d06ad0d3b6,ACTIVE,POOL_OBSERVATION
600658.SH,2024-09-25,37b9a53e95853cb20775f0afbe2dc58e6c0d972c3d1026f5f5dee4d06ad0d3b6,SIGNALLED,ENTRY_SIGNAL
600658.SH,2024-09-26,37b9a53e95853cb20775f0afbe2dc58e6c0d972c3d1026f5f5dee4d06ad0d3b6,SIGNALLED,EXECUTION_PENDING
600658.SH,2024-09-27,37b9a53e95853cb20775f0afbe2dc58e6c0d972c3d1026f5f5dee4d06ad0d3b6,SIGNALLED,EXECUTION_PENDING
600658.SH,2024-09-30,37b9a53e95853cb20775f0afbe2dc58e6c0d972c3d1026f5f5dee4d06ad0d3b6,EXPIRED,PENDING_SIGNAL_HORIZON_EXPIRED
600664.SH,2026-07-15,cacead20b74bc9020b23ee948ca30b03b58c23bb43bdea6056627a4ffc2e8b70,ACTIVE,POOL_ADMISSION
600664.SH,2026-07-16,cacead20b74bc9020b23ee948ca30b03b58c23bb43bdea6056627a4ffc2e8b70,ACTIVE,POOL_OBSERVATION
600664.SH,2026-07-17,cacead20b74bc9020b23ee948ca30b03b58c23bb43bdea6056627a4ffc2e8b70,ACTIVE,POOL_OBSERVATION
600664.SH,2026-07-20,cacead20b74bc9020b23ee948ca30b03b58c23bb43bdea6056627a4ffc2e8b70,SIGNALLED,ENTRY_SIGNAL
600664.SH,2026-07-21,cacead20b74bc9020b23ee948ca30b03b58c23bb43bdea6056627a4ffc2e8b70,SIGNALLED,EXECUTION_PENDING
600664.SH,2026-07-22,cacead20b74bc9020b23ee948ca30b03b58c23bb43bdea6056627a4ffc2e8b70,SIGNALLED,EXECUTION_PENDING
600664.SH,2026-07-23,cacead20b74bc9020b23ee948ca30b03b58c23bb43bdea6056627a4ffc2e8b70,EXPIRED,PENDING_SIGNAL_HORIZON_EXPIRED
600676.SH,2024-07-30,8c35fe1b610dfada2d70cd81b71e428ebdb816201b4ec2b14787723b918877c8,ACTIVE,POOL_ADMISSION
600676.SH,2024-07-31,8c35fe1b610dfada2d70cd81b71e428ebdb816201b4ec2b14787723b918877c8,ACTIVE,POOL_OBSERVATION
600676.SH,2024-08-01,8c35fe1b610dfada2d70cd81b71e428ebdb816201b4ec2b14787723b918877c8,ACTIVE,POOL_OBSERVATION
600676.SH,2024-08-02,8c35fe1b610dfada2d70cd81b71e428ebdb816201b4ec2b14787723b918877c8,ACTIVE,POOL_OBSERVATION
600676.SH,2024-08-05,8c35fe1b610dfada2d70cd81b71e428ebdb816201b4ec2b14787723b918877c8,ACTIVE,POOL_OBSERVATION
600676.SH,2024-08-06,8c35fe1b610dfada2d70cd81b71e428ebdb816201b4ec2b14787723b918877c8,ACTIVE,POOL_OBSERVATION
600676.SH,2024-08-07,8c35fe1b610dfada2d70cd81b71e428ebdb816201b4ec2b14787723b918877c8,EXPIRED,POOL_EXPIRED
600678.SH,2024-10-17,d73122f4a21463d7c7b7f3dad15cb0370b72c07b731568c1d8f2d853c8a2fca9,ACTIVE,POOL_ADMISSION
600678.SH,2024-10-18,d73122f4a21463d7c7b7f3dad15cb0370b72c07b731568c1d8f2d853c8a2fca9,ACTIVE,POOL_OBSERVATION
600678.SH,2024-10-21,d73122f4a21463d7c7b7f3dad15cb0370b72c07b731568c1d8f2d853c8a2fca9,ACTIVE,POOL_OBSERVATION
600678.SH,2024-10-22,d73122f4a21463d7c7b7f3dad15cb0370b72c07b731568c1d8f2d853c8a2fca9,ACTIVE,POOL_OBSERVATION
600678.SH,2024-10-23,d73122f4a21463d7c7b7f3dad15cb0370b72c07b731568c1d8f2d853c8a2fca9,ACTIVE,POOL_OBSERVATION
600678.SH,2024-10-24,d73122f4a21463d7c7b7f3dad15cb0370b72c07b731568c1d8f2d853c8a2fca9,ACTIVE,POOL_OBSERVATION
600678.SH,2024-10-25,d73122f4a21463d7c7b7f3dad15cb0370b72c07b731568c1d8f2d853c8a2fca9,EXPIRED,POOL_EXPIRED
600678.SH,2025-02-20,a635487164374c2158b22d77b3b300b7bed797c85643079833c1708af81781c7,ACTIVE,POOL_ADMISSION
600678.SH,2025-02-21,a635487164374c2158b22d77b3b300b7bed797c85643079833c1708af81781c7,ACTIVE,POOL_OBSERVATION
600678.SH,2025-02-24,a635487164374c2158b22d77b3b300b7bed797c85643079833c1708af81781c7,SIGNALLED,ENTRY_SIGNAL
600678.SH,2025-02-25,a635487164374c2158b22d77b3b300b7bed797c85643079833c1708af81781c7,SIGNALLED,EXECUTION_PENDING
600678.SH,2025-02-26,a635487164374c2158b22d77b3b300b7bed797c85643079833c1708af81781c7,SIGNALLED,EXECUTION_PENDING
600678.SH,2025-02-27,a635487164374c2158b22d77b3b300b7bed797c85643079833c1708af81781c7,SIGNALLED,EXECUTION_PENDING
600678.SH,2025-02-28,a635487164374c2158b22d77b3b300b7bed797c85643079833c1708af81781c7,EXPIRED,PENDING_SIGNAL_HORIZON_EXPIRED
600679.SH,2024-12-17,1d04acba65c89d4c26926b0c5cdfaf46f93f2653a6088013a6b2e9d58ade1af7,SIGNALLED,ENTRY_SIGNAL
600679.SH,2024-12-18,1d04acba65c89d4c26926b0c5cdfaf46f93f2653a6088013a6b2e9d58ade1af7,SIGNALLED,EXECUTION_PENDING
600679.SH,2024-12-19,1d04acba65c89d4c26926b0c5cdfaf46f93f2653a6088013a6b2e9d58ade1af7,SIGNALLED,EXECUTION_PENDING
600679.SH,2024-12-20,1d04acba65c89d4c26926b0c5cdfaf46f93f2653a6088013a6b2e9d58ade1af7,SIGNALLED,EXECUTION_PENDING
600679.SH,2024-12-23,1d04acba65c89d4c26926b0c5cdfaf46f93f2653a6088013a6b2e9d58ade1af7,SIGNALLED,EXECUTION_PENDING
600679.SH,2024-12-24,1d04acba65c89d4c26926b0c5cdfaf46f93f2653a6088013a6b2e9d58ade1af7,SIGNALLED,EXECUTION_PENDING
600679.SH,2024-12-25,1d04acba65c89d4c26926b0c5cdfaf46f93f2653a6088013a6b2e9d58ade1af7,EXPIRED,PENDING_SIGNAL_HORIZON_EXPIRED
600683.SH,2026-02-09,8cdb82efbfd6cc3adfdfa20266523e873bc66d01ba33d771ec3bd3eff7eff355,SIGNALLED,ENTRY_SIGNAL
600683.SH,2026-02-10,8cdb82efbfd6cc3adfdfa20266523e873bc66d01ba33d771ec3bd3eff7eff355,SIGNALLED,EXECUTION_PENDING
600683.SH,2026-02-11,8cdb82efbfd6cc3adfdfa20266523e873bc66d01ba33d771ec3bd3eff7eff355,SIGNALLED,EXECUTION_PENDING
600683.SH,2026-02-12,8cdb82efbfd6cc3adfdfa20266523e873bc66d01ba33d771ec3bd3eff7eff355,SIGNALLED,EXECUTION_PENDING
600683.SH,2026-02-13,8cdb82efbfd6cc3adfdfa20266523e873bc66d01ba33d771ec3bd3eff7eff355,SIGNALLED,EXECUTION_PENDING
600683.SH,2026-02-24,8cdb82efbfd6cc3adfdfa20266523e873bc66d01ba33d771ec3bd3eff7eff355,SIGNALLED,EXECUTION_PENDING
600683.SH,2026-02-25,8cdb82efbfd6cc3adfdfa20266523e873bc66d01ba33d771ec3bd3eff7eff355,EXPIRED,PENDING_SIGNAL_HORIZON_EXPIRED
600683.SH,2026-08-13,511427d65ec241bbcd2e6d5d431515ae482062c4f9c2316beae6e312ff182e8c,ACTIVE,POOL_ADMISSION
600683.SH,2026-08-14,511427d65ec241bbcd2e6d5d431515ae482062c4f9c2316beae6e312ff182e8c,ACTIVE,POOL_OBSERVATION
600683.SH,2026-08-17,511427d65ec241bbcd2e6d5d431515ae482062c4f9c2316beae6e312ff182e8c,ACTIVE,POOL_OBSERVATION
600683.SH,2026-08-18,511427d65ec241bbcd2e6d5d431515ae482062c4f9c2316beae6e312ff182e8c,ACTIVE,POOL_OBSERVATION
600683.SH,2026-08-19,511427d65ec241bbcd2e6d5d431515ae482062c4f9c2316beae6e312ff182e8c,ACTIVE,POOL_OBSERVATION
600683.SH,2026-08-20,511427d65ec241bbcd2e6d5d431515ae482062c4f9c2316beae6e312ff182e8c,ACTIVE,POOL_OBSERVATION
600683.SH,2026-08-21,511427d65ec241bbcd2e6d5d431515ae482062c4f9c2316beae6e312ff182e8c,EXPIRED,POOL_EXPIRED
600686.SH,2024-07-26,259c3e935a26bc086f6e3c4bc8fa77a3ef3e72a134520db29ca979e291031e97,SIGNALLED,ENTRY_SIGNAL
600686.SH,2024-07-29,259c3e935a26bc086f6e3c4bc8fa77a3ef3e72a134520db29ca979e291031e97,SIGNALLED,EXECUTION_PENDING
600686.SH,2024-07-30,259c3e935a26bc086f6e3c4bc8fa77a3ef3e72a134520db29ca979e291031e97,SIGNALLED,EXECUTION_PENDING
600686.SH,2024-07-31,259c3e935a26bc086f6e3c4bc8fa77a3ef3e72a134520db29ca979e291031e97,SIGNALLED,EXECUTION_PENDING
600686.SH,2024-08-01,259c3e935a26bc086f6e3c4bc8fa77a3ef3e72a134520db29ca979e291031e97,SIGNALLED,EXECUTION_PENDING
600686.SH,2024-08-02,259c3e935a26bc086f6e3c4bc8fa77a3ef3e72a134520db29ca979e291031e97,SIGNALLED,EXECUTION_PENDING
600686.SH,2024-08-05,259c3e935a26bc086f6e3c4bc8fa77a3ef3e72a134520db29ca979e291031e97,EXPIRED,PENDING_SIGNAL_HORIZON_EXPIRED
600693.SH,2024-12-30,2bb144a2a4409fb32ea6e0286f56598fad029b7ddf38c3ad36832f8416d8d5b4,ACTIVE,POOL_ADMISSION
600693.SH,2024-12-31,2bb144a2a4409fb32ea6e0286f56598fad029b7ddf38c3ad36832f8416d8d5b4,ACTIVE,POOL_OBSERVATION
600693.SH,2025-01-02,2bb144a2a4409fb32ea6e0286f56598fad029b7ddf38c3ad36832f8416d8d5b4,ACTIVE,POOL_OBSERVATION
600693.SH,2025-01-03,2bb144a2a4409fb32ea6e0286f56598fad029b7ddf38c3ad36832f8416d8d5b4,ACTIVE,POOL_OBSERVATION
600693.SH,2025-01-06,2bb144a2a4409fb32ea6e0286f56598fad029b7ddf38c3ad36832f8416d8d5b4,ACTIVE,POOL_OBSERVATION
600693.SH,2025-01-07,2bb144a2a4409fb32ea6e0286f56598fad029b7ddf38c3ad36832f8416d8d5b4,ACTIVE,POOL_OBSERVATION
600693.SH,2025-01-08,2bb144a2a4409fb32ea6e0286f56598fad029b7ddf38c3ad36832f8416d8d5b4,EXPIRED,POOL_EXPIRED
600693.SH,2025-11-13,22fa8788ea7131720d973e3cb2724a6a409676985459d41ce9c65b268bd6362e,ACTIVE,POOL_ADMISSION
600693.SH,2025-11-14,22fa8788ea7131720d973e3cb2724a6a409676985459d41ce9c65b268bd6362e,ACTIVE,POOL_OBSERVATION
600693.SH,2025-11-17,22fa8788ea7131720d973e3cb2724a6a409676985459d41ce9c65b268bd6362e,ACTIVE,POOL_OBSERVATION
600693.SH,2025-11-18,22fa8788ea7131720d973e3cb2724a6a409676985459d41ce9c65b268bd6362e,ACTIVE,POOL_OBSERVATION
600693.SH,2025-11-19,22fa8788ea7131720d973e3cb2724a6a409676985459d41ce9c65b268bd6362e,ACTIVE,POOL_OBSERVATION
600693.SH,2025-11-20,22fa8788ea7131720d973e3cb2724a6a409676985459d41ce9c65b268bd6362e,ACTIVE,POOL_OBSERVATION
600693.SH,2025-11-21,22fa8788ea7131720d973e3cb2724a6a409676985459d41ce9c65b268bd6362e,EXPIRED,POOL_EXPIRED
600693.SH,2025-12-10,caf4e3e84f1238db6ed6a3024f29825cb32ae113237e849615b3e0c4460b6b4b,ACTIVE,POOL_ADMISSION
600693.SH,2025-12-11,caf4e3e84f1238db6ed6a3024f29825cb32ae113237e849615b3e0c4460b6b4b,ACTIVE,POOL_OBSERVATION
600693.SH,2025-12-12,caf4e3e84f1238db6ed6a3024f29825cb32ae113237e849615b3e0c4460b6b4b,ACTIVE,POOL_OBSERVATION
600693.SH,2025-12-15,caf4e3e84f1238db6ed6a3024f29825cb32ae113237e849615b3e0c4460b6b4b,ACTIVE,POOL_OBSERVATION
600693.SH,2025-12-16,caf4e3e84f1238db6ed6a3024f29825cb32ae113237e849615b3e0c4460b6b4b,ACTIVE,POOL_OBSERVATION
600693.SH,2025-12-17,caf4e3e84f1238db6ed6a3024f29825cb32ae113237e849615b3e0c4460b6b4b,ACTIVE,POOL_OBSERVATION
600693.SH,2025-12-18,caf4e3e84f1238db6ed6a3024f29825cb32ae113237e849615b3e0c4460b6b4b,SIGNALLED,ENTRY_SIGNAL
600693.SH,2025-12-19,caf4e3e84f1238db6ed6a3024f29825cb32ae113237e849615b3e0c4460b6b4b,EXPIRED,PENDING_SIGNAL_HORIZON_EXPIRED
600702.SH,2024-10-08,042fffab1c1fcb4620b7cf8cb94706f97ed7f386c319e582efae8d4372972642,ACTIVE,POOL_ADMISSION
600702.SH,2024-10-09,042fffab1c1fcb4620b7cf8cb94706f97ed7f386c319e582efae8d4372972642,ACTIVE,POOL_OBSERVATION
600702.SH,2024-10-10,042fffab1c1fcb4620b7cf8cb94706f97ed7f386c319e582efae8d4372972642,SIGNALLED,ENTRY_SIGNAL
600702.SH,2024-10-11,042fffab1c1fcb4620b7cf8cb94706f97ed7f386c319e582efae8d4372972642,SIGNALLED,EXECUTION_PENDING
600702.SH,2024-10-14,042fffab1c1fcb4620b7cf8cb94706f97ed7f386c319e582efae8d4372972642,SIGNALLED,EXECUTION_PENDING
600702.SH,2024-10-15,042fffab1c1fcb4620b7cf8cb94706f97ed7f386c319e582efae8d4372972642,SIGNALLED,EXECUTION_PENDING
600702.SH,2024-10-16,042fffab1c1fcb4620b7cf8cb94706f97ed7f386c319e582efae8d4372972642,EXPIRED,PENDING_SIGNAL_HORIZON_EXPIRED
600721.SH,2024-08-05,294ebd2e068c02e3f0fce4fdd986625864218a0402836e2254fb50bd465c3704,ACTIVE,POOL_ADMISSION
600721.SH,2024-08-06,294ebd2e068c02e3f0fce4fdd986625864218a0402836e2254fb50bd465c3704,SIGNALLED,ENTRY_SIGNAL
600721.SH,2024-08-07,294ebd2e068c02e3f0fce4fdd986625864218a0402836e2254fb50bd465c3704,SIGNALLED,EXECUTION_PENDING
600721.SH,2024-08-08,294ebd2e068c02e3f0fce4fdd986625864218a0402836e2254fb50bd465c3704,SIGNALLED,EXECUTION_PENDING
600721.SH,2024-08-09,294ebd2e068c02e3f0fce4fdd986625864218a0402836e2254fb50bd465c3704,SIGNALLED,EXECUTION_PENDING
600721.SH,2024-08-12,294ebd2e068c02e3f0fce4fdd986625864218a0402836e2254fb50bd465c3704,SIGNALLED,EXECUTION_PENDING
600721.SH,2024-08-13,294ebd2e068c02e3f0fce4fdd986625864218a0402836e2254fb50bd465c3704,EXPIRED,PENDING_SIGNAL_HORIZON_EXPIRED
600721.SH,2026-08-07,2d590975eb8e54ca320bba159ded35323c84f4080ab46c4ee07565ba58274ee7,ACTIVE,POOL_ADMISSION
600721.SH,2026-08-10,2d590975eb8e54ca320bba159ded35323c84f4080ab46c4ee07565ba58274ee7,ACTIVE,POOL_OBSERVATION
600721.SH,2026-08-11,2d590975eb8e54ca320bba159ded35323c84f4080ab46c4ee07565ba58274ee7,ACTIVE,POOL_OBSERVATION
600721.SH,2026-08-12,2d590975eb8e54ca320bba159ded35323c84f4080ab46c4ee07565ba58274ee7,ACTIVE,POOL_OBSERVATION
600721.SH,2026-08-13,2d590975eb8e54ca320bba159ded35323c84f4080ab46c4ee07565ba58274ee7,ACTIVE,POOL_OBSERVATION
600721.SH,2026-08-14,2d590975eb8e54ca320bba159ded35323c84f4080ab46c4ee07565ba58274ee7,SIGNALLED,ENTRY_SIGNAL
600721.SH,2026-08-17,2d590975eb8e54ca320bba159ded35323c84f4080ab46c4ee07565ba58274ee7,EXPIRED,PENDING_SIGNAL_HORIZON_EXPIRED
600722.SH,2025-06-18,607fd4af06010f56784f79b67af7848ab8f69599cb4435e40cdd11b928920c37,ACTIVE,POOL_ADMISSION
600722.SH,2025-06-19,607fd4af06010f56784f79b67af7848ab8f69599cb4435e40cdd11b928920c37,ACTIVE,POOL_OBSERVATION
600722.SH,2025-06-20,607fd4af06010f56784f79b67af7848ab8f69599cb4435e40cdd11b928920c37,ACTIVE,POOL_OBSERVATION
600722.SH,2025-06-23,607fd4af06010f56784f79b67af7848ab8f69599cb4435e40cdd11b928920c37,SIGNALLED,ENTRY_SIGNAL
600722.SH,2025-06-24,607fd4af06010f56784f79b67af7848ab8f69599cb4435e40cdd11b928920c37,SIGNALLED,EXECUTION_PENDING
600722.SH,2025-06-25,607fd4af06010f56784f79b67af7848ab8f69599cb4435e40cdd11b928920c37,SIGNALLED,EXECUTION_PENDING
600722.SH,2025-06-26,607fd4af06010f56784f79b67af7848ab8f69599cb4435e40cdd11b928920c37,EXPIRED,PENDING_SIGNAL_HORIZON_EXPIRED
600726.SH,2026-03-13,082c1feeaab3daf28b409fb1c8dab03548a99a06cbab9ef2fe1eba1e90a83b94,ACTIVE,POOL_ADMISSION
600726.SH,2026-03-16,082c1feeaab3daf28b409fb1c8dab03548a99a06cbab9ef2fe1eba1e90a83b94,ACTIVE,POOL_OBSERVATION
600726.SH,2026-03-17,082c1feeaab3daf28b409fb1c8dab03548a99a06cbab9ef2fe1eba1e90a83b94,SIGNALLED,ENTRY_SIGNAL
600726.SH,2026-03-18,082c1feeaab3daf28b409fb1c8dab03548a99a06cbab9ef2fe1eba1e90a83b94,SIGNALLED,EXECUTION_PENDING
600726.SH,2026-03-19,082c1feeaab3daf28b409fb1c8dab03548a99a06cbab9ef2fe1eba1e90a83b94,SIGNALLED,EXECUTION_PENDING
600726.SH,2026-03-20,082c1feeaab3daf28b409fb1c8dab03548a99a06cbab9ef2fe1eba1e90a83b94,SIGNALLED,EXECUTION_PENDING
600726.SH,2026-03-23,082c1feeaab3daf28b409fb1c8dab03548a99a06cbab9ef2fe1eba1e90a83b94,EXPIRED,PENDING_SIGNAL_HORIZON_EXPIRED
600726.SH,2026-04-28,648b46d397500ce9d5a41757ba74b7bb2818b16ab5eb5cdbc01c8c0341022d28,ACTIVE,POOL_ADMISSION
600726.SH,2026-04-29,648b46d397500ce9d5a41757ba74b7bb2818b16ab5eb5cdbc01c8c0341022d28,ACTIVE,POOL_OBSERVATION
600726.SH,2026-04-30,648b46d397500ce9d5a41757ba74b7bb2818b16ab5eb5cdbc01c8c0341022d28,ACTIVE,POOL_OBSERVATION
600726.SH,2026-05-06,648b46d397500ce9d5a41757ba74b7bb2818b16ab5eb5cdbc01c8c0341022d28,ACTIVE,POOL_OBSERVATION
600726.SH,2026-05-07,648b46d397500ce9d5a41757ba74b7bb2818b16ab5eb5cdbc01c8c0341022d28,SIGNALLED,ENTRY_SIGNAL
600726.SH,2026-05-08,648b46d397500ce9d5a41757ba74b7bb2818b16ab5eb5cdbc01c8c0341022d28,SIGNALLED,EXECUTION_PENDING
600726.SH,2026-05-11,648b46d397500ce9d5a41757ba74b7bb2818b16ab5eb5cdbc01c8c0341022d28,EXPIRED,PENDING_SIGNAL_HORIZON_EXPIRED
600726.SH,2026-05-28,6c3b96ed5dd3ef6f8b3ce881d2162edfe312de0c65e2cca3aaad6ec1393c002e,ACTIVE,POOL_ADMISSION
600726.SH,2026-05-29,6c3b96ed5dd3ef6f8b3ce881d2162edfe312de0c65e2cca3aaad6ec1393c002e,ACTIVE,POOL_OBSERVATION
600726.SH,2026-06-01,6c3b96ed5dd3ef6f8b3ce881d2162edfe312de0c65e2cca3aaad6ec1393c002e,ACTIVE,POOL_OBSERVATION
600726.SH,2026-06-02,6c3b96ed5dd3ef6f8b3ce881d2162edfe312de0c65e2cca3aaad6ec1393c002e,ACTIVE,POOL_OBSERVATION
600726.SH,2026-06-03,6c3b96ed5dd3ef6f8b3ce881d2162edfe312de0c65e2cca3aaad6ec1393c002e,ACTIVE,POOL_OBSERVATION
600726.SH,2026-06-04,6c3b96ed5dd3ef6f8b3ce881d2162edfe312de0c65e2cca3aaad6ec1393c002e,SIGNALLED,ENTRY_SIGNAL
600726.SH,2026-06-05,6c3b96ed5dd3ef6f8b3ce881d2162edfe312de0c65e2cca3aaad6ec1393c002e,EXPIRED,PENDING_SIGNAL_HORIZON_EXPIRED
600734.SH,2025-11-25,262ed9446a12e10cbff83c34c3ece512e1dae9c1f7c1d1b463ef2b85dd0f1398,ACTIVE,POOL_ADMISSION
600734.SH,2025-11-26,262ed9446a12e10cbff83c34c3ece512e1dae9c1f7c1d1b463ef2b85dd0f1398,ACTIVE,POOL_OBSERVATION
600734.SH,2025-11-27,262ed9446a12e10cbff83c34c3ece512e1dae9c1f7c1d1b463ef2b85dd0f1398,ACTIVE,POOL_OBSERVATION
600734.SH,2025-11-28,262ed9446a12e10cbff83c34c3ece512e1dae9c1f7c1d1b463ef2b85dd0f1398,ACTIVE,POOL_OBSERVATION
600734.SH,2025-12-01,262ed9446a12e10cbff83c34c3ece512e1dae9c1f7c1d1b463ef2b85dd0f1398,ACTIVE,POOL_OBSERVATION
600734.SH,2025-12-02,262ed9446a12e10cbff83c34c3ece512e1dae9c1f7c1d1b463ef2b85dd0f1398,ACTIVE,POOL_OBSERVATION
600734.SH,2025-12-03,262ed9446a12e10cbff83c34c3ece512e1dae9c1f7c1d1b463ef2b85dd0f1398,SIGNALLED,ENTRY_SIGNAL
600734.SH,2025-12-04,262ed9446a12e10cbff83c34c3ece512e1dae9c1f7c1d1b463ef2b85dd0f1398,EXPIRED,PENDING_SIGNAL_HORIZON_EXPIRED
600743.SH,2024-12-11,4fcde63f58f89d29e8694799e9d7bec294c5106cf5e9749e15a2a85005171af5,SIGNALLED,ENTRY_SIGNAL
600743.SH,2024-12-12,4fcde63f58f89d29e8694799e9d7bec294c5106cf5e9749e15a2a85005171af5,SIGNALLED,EXECUTION_PENDING
600743.SH,2024-12-13,4fcde63f58f89d29e8694799e9d7bec294c5106cf5e9749e15a2a85005171af5,SIGNALLED,EXECUTION_PENDING
600743.SH,2024-12-16,4fcde63f58f89d29e8694799e9d7bec294c5106cf5e9749e15a2a85005171af5,SIGNALLED,EXECUTION_PENDING
600743.SH,2024-12-17,4fcde63f58f89d29e8694799e9d7bec294c5106cf5e9749e15a2a85005171af5,SIGNALLED,EXECUTION_PENDING
600743.SH,2024-12-18,4fcde63f58f89d29e8694799e9d7bec294c5106cf5e9749e15a2a85005171af5,SIGNALLED,EXECUTION_PENDING
600743.SH,2024-12-19,4fcde63f58f89d29e8694799e9d7bec294c5106cf5e9749e15a2a85005171af5,EXPIRED,PENDING_SIGNAL_HORIZON_EXPIRED
600743.SH,2026-04-10,e897b4ea5bb77e21491812bbb9fe9aca272644dd8aece025a22cfc19379001da,ACTIVE,POOL_ADMISSION
600743.SH,2026-04-13,e897b4ea5bb77e21491812bbb9fe9aca272644dd8aece025a22cfc19379001da,ACTIVE,POOL_OBSERVATION
600743.SH,2026-04-14,e897b4ea5bb77e21491812bbb9fe9aca272644dd8aece025a22cfc19379001da,ACTIVE,POOL_OBSERVATION
600743.SH,2026-04-15,e897b4ea5bb77e21491812bbb9fe9aca272644dd8aece025a22cfc19379001da,ACTIVE,POOL_OBSERVATION
600743.SH,2026-04-16,e897b4ea5bb77e21491812bbb9fe9aca272644dd8aece025a22cfc19379001da,ACTIVE,POOL_OBSERVATION
600743.SH,2026-04-17,e897b4ea5bb77e21491812bbb9fe9aca272644dd8aece025a22cfc19379001da,ACTIVE,POOL_OBSERVATION
600743.SH,2026-04-20,e897b4ea5bb77e21491812bbb9fe9aca272644dd8aece025a22cfc19379001da,EXPIRED,POOL_EXPIRED
600744.SH,2025-07-07,5f005204f73bb0604d9cd6b5a235b8127069d3b0102d9d8db1bdf4ea995dd874,ACTIVE,POOL_ADMISSION
600744.SH,2025-07-08,5f005204f73bb0604d9cd6b5a235b8127069d3b0102d9d8db1bdf4ea995dd874,ACTIVE,POOL_OBSERVATION
600744.SH,2025-07-09,5f005204f73bb0604d9cd6b5a235b8127069d3b0102d9d8db1bdf4ea995dd874,ACTIVE,POOL_OBSERVATION
600744.SH,2025-07-10,5f005204f73bb0604d9cd6b5a235b8127069d3b0102d9d8db1bdf4ea995dd874,ACTIVE,POOL_OBSERVATION
600744.SH,2025-07-11,5f005204f73bb0604d9cd6b5a235b8127069d3b0102d9d8db1bdf4ea995dd874,SIGNALLED,ENTRY_SIGNAL
600744.SH,2025-07-14,5f005204f73bb0604d9cd6b5a235b8127069d3b0102d9d8db1bdf4ea995dd874,SIGNALLED,EXECUTION_PENDING
600744.SH,2025-07-15,5f005204f73bb0604d9cd6b5a235b8127069d3b0102d9d8db1bdf4ea995dd874,EXPIRED,PENDING_SIGNAL_HORIZON_EXPIRED
600749.SH,2025-07-24,70347354773c973e0d99c4d3b83eada6e27ab67f0f64731e88ac386dcc1ca5e2,ACTIVE,POOL_ADMISSION
600749.SH,2025-07-25,70347354773c973e0d99c4d3b83eada6e27ab67f0f64731e88ac386dcc1ca5e2,ACTIVE,POOL_OBSERVATION
600749.SH,2025-07-28,70347354773c973e0d99c4d3b83eada6e27ab67f0f64731e88ac386dcc1ca5e2,ACTIVE,POOL_OBSERVATION
600749.SH,2025-07-29,70347354773c973e0d99c4d3b83eada6e27ab67f0f64731e88ac386dcc1ca5e2,ACTIVE,POOL_OBSERVATION
600749.SH,2025-07-30,70347354773c973e0d99c4d3b83eada6e27ab67f0f64731e88ac386dcc1ca5e2,ACTIVE,POOL_OBSERVATION
600749.SH,2025-07-31,70347354773c973e0d99c4d3b83eada6e27ab67f0f64731e88ac386dcc1ca5e2,ACTIVE,POOL_OBSERVATION
600749.SH,2025-08-01,70347354773c973e0d99c4d3b83eada6e27ab67f0f64731e88ac386dcc1ca5e2,EXPIRED,POOL_EXPIRED
600770.SH,2024-10-22,b7759946205155dbc7e2784f44a9be3bbda9028598266a1bcd06479f681e79ee,ACTIVE,POOL_ADMISSION
600770.SH,2024-10-23,b7759946205155dbc7e2784f44a9be3bbda9028598266a1bcd06479f681e79ee,ACTIVE,POOL_OBSERVATION
600770.SH,2024-10-24,b7759946205155dbc7e2784f44a9be3bbda9028598266a1bcd06479f681e79ee,SIGNALLED,ENTRY_SIGNAL
600770.SH,2024-10-25,b7759946205155dbc7e2784f44a9be3bbda9028598266a1bcd06479f681e79ee,SIGNALLED,EXECUTION_PENDING
600770.SH,2024-10-28,b7759946205155dbc7e2784f44a9be3bbda9028598266a1bcd06479f681e79ee,SIGNALLED,EXECUTION_PENDING
600770.SH,2024-10-29,b7759946205155dbc7e2784f44a9be3bbda9028598266a1bcd06479f681e79ee,SIGNALLED,EXECUTION_PENDING
600770.SH,2024-10-30,b7759946205155dbc7e2784f44a9be3bbda9028598266a1bcd06479f681e79ee,EXPIRED,PENDING_SIGNAL_HORIZON_EXPIRED
600770.SH,2025-05-20,159f7c4910393c8d66848b74a6032d99c0d1312f9540303275637414849f59fc,ACTIVE,POOL_ADMISSION
600770.SH,2025-05-21,159f7c4910393c8d66848b74a6032d99c0d1312f9540303275637414849f59fc,ACTIVE,POOL_OBSERVATION
600770.SH,2025-05-22,159f7c4910393c8d66848b74a6032d99c0d1312f9540303275637414849f59fc,ACTIVE,POOL_OBSERVATION
600770.SH,2025-05-23,159f7c4910393c8d66848b74a6032d99c0d1312f9540303275637414849f59fc,ACTIVE,POOL_OBSERVATION
600770.SH,2025-05-26,159f7c4910393c8d66848b74a6032d99c0d1312f9540303275637414849f59fc,ACTIVE,POOL_OBSERVATION
600770.SH,2025-05-27,159f7c4910393c8d66848b74a6032d99c0d1312f9540303275637414849f59fc,ACTIVE,POOL_OBSERVATION
600770.SH,2025-05-28,159f7c4910393c8d66848b74a6032d99c0d1312f9540303275637414849f59fc,EXPIRED,POOL_EXPIRED
600775.SH,2026-01-08,77125be5abcb68894efadcbdff3f09e606f1bbc7b84a8006922e3f21ea09bbe4,ACTIVE,POOL_ADMISSION
600775.SH,2026-01-09,77125be5abcb68894efadcbdff3f09e606f1bbc7b84a8006922e3f21ea09bbe4,ACTIVE,POOL_OBSERVATION
600775.SH,2026-01-12,77125be5abcb68894efadcbdff3f09e606f1bbc7b84a8006922e3f21ea09bbe4,ACTIVE,POOL_OBSERVATION
600775.SH,2026-01-13,77125be5abcb68894efadcbdff3f09e606f1bbc7b84a8006922e3f21ea09bbe4,ACTIVE,POOL_OBSERVATION
600775.SH,2026-01-14,77125be5abcb68894efadcbdff3f09e606f1bbc7b84a8006922e3f21ea09bbe4,ACTIVE,POOL_OBSERVATION
600775.SH,2026-01-15,77125be5abcb68894efadcbdff3f09e606f1bbc7b84a8006922e3f21ea09bbe4,ACTIVE,POOL_OBSERVATION
600775.SH,2026-01-16,77125be5abcb68894efadcbdff3f09e606f1bbc7b84a8006922e3f21ea09bbe4,EXPIRED,POOL_EXPIRED
600778.SH,2024-12-13,b6bbf83d67ed8faf8ef53b4affc49e2236ec0f280d684fc4bb1945309627a9d9,ACTIVE,POOL_ADMISSION
600778.SH,2024-12-16,b6bbf83d67ed8faf8ef53b4affc49e2236ec0f280d684fc4bb1945309627a9d9,ACTIVE,POOL_OBSERVATION
600778.SH,2024-12-17,b6bbf83d67ed8faf8ef53b4affc49e2236ec0f280d684fc4bb1945309627a9d9,ACTIVE,POOL_OBSERVATION
600778.SH,2024-12-18,b6bbf83d67ed8faf8ef53b4affc49e2236ec0f280d684fc4bb1945309627a9d9,ACTIVE,POOL_OBSERVATION
600778.SH,2024-12-19,b6bbf83d67ed8faf8ef53b4affc49e2236ec0f280d684fc4bb1945309627a9d9,ACTIVE,POOL_OBSERVATION
600778.SH,2024-12-20,b6bbf83d67ed8faf8ef53b4affc49e2236ec0f280d684fc4bb1945309627a9d9,ACTIVE,POOL_OBSERVATION
600778.SH,2024-12-23,b6bbf83d67ed8faf8ef53b4affc49e2236ec0f280d684fc4bb1945309627a9d9,EXPIRED,POOL_EXPIRED
600783.SH,2025-12-29,c09f633a0f313671e774b3fff4a803eed95af5a3a4dd4bd6d7e7b08c7873e958,ACTIVE,POOL_ADMISSION
600783.SH,2025-12-30,c09f633a0f313671e774b3fff4a803eed95af5a3a4dd4bd6d7e7b08c7873e958,ACTIVE,POOL_OBSERVATION
600783.SH,2025-12-31,c09f633a0f313671e774b3fff4a803eed95af5a3a4dd4bd6d7e7b08c7873e958,ACTIVE,POOL_OBSERVATION
600783.SH,2026-01-05,c09f633a0f313671e774b3fff4a803eed95af5a3a4dd4bd6d7e7b08c7873e958,ACTIVE,POOL_OBSERVATION
600783.SH,2026-01-06,c09f633a0f313671e774b3fff4a803eed95af5a3a4dd4bd6d7e7b08c7873e958,SIGNALLED,ENTRY_SIGNAL
600783.SH,2026-01-07,c09f633a0f313671e774b3fff4a803eed95af5a3a4dd4bd6d7e7b08c7873e958,SIGNALLED,EXECUTION_PENDING
600783.SH,2026-01-08,c09f633a0f313671e774b3fff4a803eed95af5a3a4dd4bd6d7e7b08c7873e958,EXPIRED,PENDING_SIGNAL_HORIZON_EXPIRED
600783.SH,2026-01-09,de27e099d630d67c385f5458f0fcebd6339ee12a9cbced2b8c2c2f0e978e37d9,ACTIVE,POOL_ADMISSION
600783.SH,2026-01-12,de27e099d630d67c385f5458f0fcebd6339ee12a9cbced2b8c2c2f0e978e37d9,ACTIVE,POOL_OBSERVATION
600783.SH,2026-01-13,de27e099d630d67c385f5458f0fcebd6339ee12a9cbced2b8c2c2f0e978e37d9,SIGNALLED,ENTRY_SIGNAL
600783.SH,2026-01-14,de27e099d630d67c385f5458f0fcebd6339ee12a9cbced2b8c2c2f0e978e37d9,SIGNALLED,EXECUTION_PENDING
600783.SH,2026-01-15,de27e099d630d67c385f5458f0fcebd6339ee12a9cbced2b8c2c2f0e978e37d9,SIGNALLED,EXECUTION_PENDING
600783.SH,2026-01-16,de27e099d630d67c385f5458f0fcebd6339ee12a9cbced2b8c2c2f0e978e37d9,SIGNALLED,EXECUTION_PENDING
600783.SH,2026-01-19,de27e099d630d67c385f5458f0fcebd6339ee12a9cbced2b8c2c2f0e978e37d9,EXPIRED,PENDING_SIGNAL_HORIZON_EXPIRED
600785.SH,2026-01-19,aac4a1c85918c7f7fc19c3892e42f09680c12acfa8e9eeabd15e7ec75f846e6e,ACTIVE,POOL_ADMISSION
600785.SH,2026-01-20,aac4a1c85918c7f7fc19c3892e42f09680c12acfa8e9eeabd15e7ec75f846e6e,ACTIVE,POOL_OBSERVATION
600785.SH,2026-01-21,aac4a1c85918c7f7fc19c3892e42f09680c12acfa8e9eeabd15e7ec75f846e6e,ACTIVE,POOL_OBSERVATION
600785.SH,2026-01-22,aac4a1c85918c7f7fc19c3892e42f09680c12acfa8e9eeabd15e7ec75f846e6e,SIGNALLED,ENTRY_SIGNAL
600785.SH,2026-01-23,aac4a1c85918c7f7fc19c3892e42f09680c12acfa8e9eeabd15e7ec75f846e6e,SIGNALLED,EXECUTION_PENDING
600785.SH,2026-01-26,aac4a1c85918c7f7fc19c3892e42f09680c12acfa8e9eeabd15e7ec75f846e6e,SIGNALLED,EXECUTION_PENDING
600785.SH,2026-01-27,aac4a1c85918c7f7fc19c3892e42f09680c12acfa8e9eeabd15e7ec75f846e6e,EXPIRED,PENDING_SIGNAL_HORIZON_EXPIRED
600793.SH,2024-12-11,f66273857136b15cbbcaf0eb922397effd8e7a4b41c2fe0be5d1a7bd6bf42935,ACTIVE,POOL_ADMISSION
600793.SH,2024-12-12,f66273857136b15cbbcaf0eb922397effd8e7a4b41c2fe0be5d1a7bd6bf42935,ACTIVE,POOL_OBSERVATION
600793.SH,2024-12-13,f66273857136b15cbbcaf0eb922397effd8e7a4b41c2fe0be5d1a7bd6bf42935,ACTIVE,POOL_OBSERVATION
600793.SH,2024-12-16,f66273857136b15cbbcaf0eb922397effd8e7a4b41c2fe0be5d1a7bd6bf42935,ACTIVE,POOL_OBSERVATION
600793.SH,2024-12-17,f66273857136b15cbbcaf0eb922397effd8e7a4b41c2fe0be5d1a7bd6bf42935,ACTIVE,POOL_OBSERVATION
600793.SH,2024-12-18,f66273857136b15cbbcaf0eb922397effd8e7a4b41c2fe0be5d1a7bd6bf42935,ACTIVE,POOL_OBSERVATION
600793.SH,2024-12-19,f66273857136b15cbbcaf0eb922397effd8e7a4b41c2fe0be5d1a7bd6bf42935,SIGNALLED,ENTRY_SIGNAL
600793.SH,2024-12-20,f66273857136b15cbbcaf0eb922397effd8e7a4b41c2fe0be5d1a7bd6bf42935,EXPIRED,PENDING_SIGNAL_HORIZON_EXPIRED
600793.SH,2025-05-22,98fa66339a0861b2ef37d6ac7a795a41ddf685967415901620316c98583a1402,ACTIVE,POOL_ADMISSION
600793.SH,2025-05-23,98fa66339a0861b2ef37d6ac7a795a41ddf685967415901620316c98583a1402,ACTIVE,POOL_OBSERVATION
600793.SH,2025-05-26,98fa66339a0861b2ef37d6ac7a795a41ddf685967415901620316c98583a1402,ACTIVE,POOL_OBSERVATION
600793.SH,2025-05-27,98fa66339a0861b2ef37d6ac7a795a41ddf685967415901620316c98583a1402,ACTIVE,POOL_OBSERVATION
600793.SH,2025-05-28,98fa66339a0861b2ef37d6ac7a795a41ddf685967415901620316c98583a1402,ACTIVE,POOL_OBSERVATION
600793.SH,2025-05-29,98fa66339a0861b2ef37d6ac7a795a41ddf685967415901620316c98583a1402,ACTIVE,POOL_OBSERVATION
600793.SH,2025-05-30,98fa66339a0861b2ef37d6ac7a795a41ddf685967415901620316c98583a1402,EXPIRED,POOL_EXPIRED
600793.SH,2026-07-06,59cf2242f60a49bbfeb05129768cb3364c2b60d0b00657736a50baeae08f8936,ACTIVE,POOL_ADMISSION
600793.SH,2026-07-07,59cf2242f60a49bbfeb05129768cb3364c2b60d0b00657736a50baeae08f8936,ACTIVE,POOL_OBSERVATION
600793.SH,2026-07-08,59cf2242f60a49bbfeb05129768cb3364c2b60d0b00657736a50baeae08f8936,ACTIVE,POOL_OBSERVATION
600793.SH,2026-07-09,59cf2242f60a49bbfeb05129768cb3364c2b60d0b00657736a50baeae08f8936,ACTIVE,POOL_OBSERVATION
600793.SH,2026-07-13,59cf2242f60a49bbfeb05129768cb3364c2b60d0b00657736a50baeae08f8936,ACTIVE,POOL_OBSERVATION
600793.SH,2026-07-14,59cf2242f60a49bbfeb05129768cb3364c2b60d0b00657736a50baeae08f8936,EXPIRED,POOL_EXPIRED
600794.SH,2025-04-22,c8a85b19104b3a9254e37dbfe93b83a9149cd3121989186161c7dd05be82742c,ACTIVE,POOL_ADMISSION
600794.SH,2025-04-23,c8a85b19104b3a9254e37dbfe93b83a9149cd3121989186161c7dd05be82742c,ACTIVE,POOL_OBSERVATION
600794.SH,2025-04-24,c8a85b19104b3a9254e37dbfe93b83a9149cd3121989186161c7dd05be82742c,ACTIVE,POOL_OBSERVATION
600794.SH,2025-04-25,c8a85b19104b3a9254e37dbfe93b83a9149cd3121989186161c7dd05be82742c,ACTIVE,POOL_OBSERVATION
600794.SH,2025-04-28,c8a85b19104b3a9254e37dbfe93b83a9149cd3121989186161c7dd05be82742c,ACTIVE,POOL_OBSERVATION
600794.SH,2025-04-29,c8a85b19104b3a9254e37dbfe93b83a9149cd3121989186161c7dd05be82742c,ACTIVE,POOL_OBSERVATION
600794.SH,2025-04-30,c8a85b19104b3a9254e37dbfe93b83a9149cd3121989186161c7dd05be82742c,EXPIRED,POOL_EXPIRED
600796.SH,2024-12-06,63d26731a44c8cb4a002ddb45ade1569a2cece5ec8202e3998a8e3db1b582bb0,ACTIVE,POOL_ADMISSION
600796.SH,2024-12-09,63d26731a44c8cb4a002ddb45ade1569a2cece5ec8202e3998a8e3db1b582bb0,ACTIVE,POOL_OBSERVATION
600796.SH,2024-12-10,63d26731a44c8cb4a002ddb45ade1569a2cece5ec8202e3998a8e3db1b582bb0,ACTIVE,POOL_OBSERVATION
600796.SH,2024-12-11,63d26731a44c8cb4a002ddb45ade1569a2cece5ec8202e3998a8e3db1b582bb0,ACTIVE,POOL_OBSERVATION
600796.SH,2024-12-12,63d26731a44c8cb4a002ddb45ade1569a2cece5ec8202e3998a8e3db1b582bb0,ACTIVE,POOL_OBSERVATION
600796.SH,2024-12-13,63d26731a44c8cb4a002ddb45ade1569a2cece5ec8202e3998a8e3db1b582bb0,ACTIVE,POOL_OBSERVATION
600796.SH,2024-12-16,63d26731a44c8cb4a002ddb45ade1569a2cece5ec8202e3998a8e3db1b582bb0,EXPIRED,POOL_EXPIRED
600798.SH,2025-05-16,40882c121cc03d7fecffedab5d085ca1f31c0009e32ceac9cc9a77d41045b827,ACTIVE,POOL_ADMISSION
600798.SH,2025-05-19,40882c121cc03d7fecffedab5d085ca1f31c0009e32ceac9cc9a77d41045b827,ACTIVE,POOL_OBSERVATION
600798.SH,2025-05-20,40882c121cc03d7fecffedab5d085ca1f31c0009e32ceac9cc9a77d41045b827,ACTIVE,POOL_OBSERVATION
600798.SH,2025-05-21,40882c121cc03d7fecffedab5d085ca1f31c0009e32ceac9cc9a77d41045b827,ACTIVE,POOL_OBSERVATION
600798.SH,2025-05-22,40882c121cc03d7fecffedab5d085ca1f31c0009e32ceac9cc9a77d41045b827,ACTIVE,POOL_OBSERVATION
600798.SH,2025-05-23,40882c121cc03d7fecffedab5d085ca1f31c0009e32ceac9cc9a77d41045b827,ACTIVE,POOL_OBSERVATION
600798.SH,2025-05-26,40882c121cc03d7fecffedab5d085ca1f31c0009e32ceac9cc9a77d41045b827,EXPIRED,POOL_EXPIRED
600800.SH,2024-11-20,dfd0294149a5f246d8c8b171f5c5ac4e5c1f72d0c3f44537348f8ea538af016a,ACTIVE,POOL_ADMISSION
600800.SH,2024-11-21,dfd0294149a5f246d8c8b171f5c5ac4e5c1f72d0c3f44537348f8ea538af016a,ACTIVE,POOL_OBSERVATION
600800.SH,2024-11-22,dfd0294149a5f246d8c8b171f5c5ac4e5c1f72d0c3f44537348f8ea538af016a,ACTIVE,POOL_OBSERVATION
600800.SH,2024-11-25,dfd0294149a5f246d8c8b171f5c5ac4e5c1f72d0c3f44537348f8ea538af016a,SIGNALLED,ENTRY_SIGNAL
600800.SH,2024-11-26,dfd0294149a5f246d8c8b171f5c5ac4e5c1f72d0c3f44537348f8ea538af016a,SIGNALLED,EXECUTION_PENDING
600800.SH,2024-11-27,dfd0294149a5f246d8c8b171f5c5ac4e5c1f72d0c3f44537348f8ea538af016a,SIGNALLED,EXECUTION_PENDING
600800.SH,2024-11-28,dfd0294149a5f246d8c8b171f5c5ac4e5c1f72d0c3f44537348f8ea538af016a,EXPIRED,PENDING_SIGNAL_HORIZON_EXPIRED
600807.SH,2024-10-29,3e656045d9c373335bb821cd4d7e3656fb1d89f85b4f53e626e04ab51e6fe51c,ACTIVE,POOL_ADMISSION
600807.SH,2024-10-30,3e656045d9c373335bb821cd4d7e3656fb1d89f85b4f53e626e04ab51e6fe51c,ACTIVE,POOL_OBSERVATION
600807.SH,2024-10-31,3e656045d9c373335bb821cd4d7e3656fb1d89f85b4f53e626e04ab51e6fe51c,SIGNALLED,ENTRY_SIGNAL
600807.SH,2024-11-01,3e656045d9c373335bb821cd4d7e3656fb1d89f85b4f53e626e04ab51e6fe51c,SIGNALLED,EXECUTION_PENDING
600807.SH,2024-11-04,3e656045d9c373335bb821cd4d7e3656fb1d89f85b4f53e626e04ab51e6fe51c,SIGNALLED,EXECUTION_PENDING
600807.SH,2024-11-05,3e656045d9c373335bb821cd4d7e3656fb1d89f85b4f53e626e04ab51e6fe51c,SIGNALLED,EXECUTION_PENDING
600807.SH,2024-11-06,3e656045d9c373335bb821cd4d7e3656fb1d89f85b4f53e626e04ab51e6fe51c,EXPIRED,PENDING_SIGNAL_HORIZON_EXPIRED
600822.SH,2025-07-16,22dd51f90827d933329d3f8ba30cbc90d056d5389dbf7408e9be345a797e8b67,ACTIVE,POOL_ADMISSION
600822.SH,2025-07-17,22dd51f90827d933329d3f8ba30cbc90d056d5389dbf7408e9be345a797e8b67,ACTIVE,POOL_OBSERVATION
600822.SH,2025-07-18,22dd51f90827d933329d3f8ba30cbc90d056d5389dbf7408e9be345a797e8b67,ACTIVE,POOL_OBSERVATION
600822.SH,2025-07-21,22dd51f90827d933329d3f8ba30cbc90d056d5389dbf7408e9be345a797e8b67,SIGNALLED,ENTRY_SIGNAL
600822.SH,2025-07-22,22dd51f90827d933329d3f8ba30cbc90d056d5389dbf7408e9be345a797e8b67,SIGNALLED,EXECUTION_PENDING
600822.SH,2025-07-23,22dd51f90827d933329d3f8ba30cbc90d056d5389dbf7408e9be345a797e8b67,SIGNALLED,EXECUTION_PENDING
600822.SH,2025-07-24,22dd51f90827d933329d3f8ba30cbc90d056d5389dbf7408e9be345a797e8b67,EXPIRED,PENDING_SIGNAL_HORIZON_EXPIRED
600824.SH,2024-12-16,0dbcc08982d81acae6ed88432ba6dd328fd8dc8c5c118c9d41eac9c53ead6d72,ACTIVE,POOL_ADMISSION
600824.SH,2024-12-17,0dbcc08982d81acae6ed88432ba6dd328fd8dc8c5c118c9d41eac9c53ead6d72,ACTIVE,POOL_OBSERVATION
600824.SH,2024-12-18,0dbcc08982d81acae6ed88432ba6dd328fd8dc8c5c118c9d41eac9c53ead6d72,ACTIVE,POOL_OBSERVATION
600824.SH,2024-12-19,0dbcc08982d81acae6ed88432ba6dd328fd8dc8c5c118c9d41eac9c53ead6d72,ACTIVE,POOL_OBSERVATION
600824.SH,2024-12-20,0dbcc08982d81acae6ed88432ba6dd328fd8dc8c5c118c9d41eac9c53ead6d72,ACTIVE,POOL_OBSERVATION
600824.SH,2024-12-23,0dbcc08982d81acae6ed88432ba6dd328fd8dc8c5c118c9d41eac9c53ead6d72,ACTIVE,POOL_OBSERVATION
600824.SH,2024-12-24,0dbcc08982d81acae6ed88432ba6dd328fd8dc8c5c118c9d41eac9c53ead6d72,EXPIRED,POOL_EXPIRED
600826.SH,2024-11-18,fb56c0d50ddadb65b7ba5b809c305796949f78755d08e867dde00634a8c4eead,ACTIVE,POOL_ADMISSION
600826.SH,2024-11-19,fb56c0d50ddadb65b7ba5b809c305796949f78755d08e867dde00634a8c4eead,ACTIVE,POOL_OBSERVATION
600826.SH,2024-11-20,fb56c0d50ddadb65b7ba5b809c305796949f78755d08e867dde00634a8c4eead,SIGNALLED,ENTRY_SIGNAL
600826.SH,2024-11-21,fb56c0d50ddadb65b7ba5b809c305796949f78755d08e867dde00634a8c4eead,SIGNALLED,EXECUTION_PENDING
600826.SH,2024-11-22,fb56c0d50ddadb65b7ba5b809c305796949f78755d08e867dde00634a8c4eead,SIGNALLED,EXECUTION_PENDING
600826.SH,2024-11-25,fb56c0d50ddadb65b7ba5b809c305796949f78755d08e867dde00634a8c4eead,SIGNALLED,EXECUTION_PENDING
600826.SH,2024-11-26,fb56c0d50ddadb65b7ba5b809c305796949f78755d08e867dde00634a8c4eead,EXPIRED,PENDING_SIGNAL_HORIZON_EXPIRED
600826.SH,2025-07-16,826328c9ab017836d4781db96afa923bb6deb8327b1cca1313e1106426011b24,ACTIVE,POOL_ADMISSION
600826.SH,2025-07-17,826328c9ab017836d4781db96afa923bb6deb8327b1cca1313e1106426011b24,ACTIVE,POOL_OBSERVATION
600826.SH,2025-07-18,826328c9ab017836d4781db96afa923bb6deb8327b1cca1313e1106426011b24,ACTIVE,POOL_OBSERVATION
600826.SH,2025-07-21,826328c9ab017836d4781db96afa923bb6deb8327b1cca1313e1106426011b24,ACTIVE,POOL_OBSERVATION
600826.SH,2025-07-22,826328c9ab017836d4781db96afa923bb6deb8327b1cca1313e1106426011b24,SIGNALLED,ENTRY_SIGNAL
600826.SH,2025-07-23,826328c9ab017836d4781db96afa923bb6deb8327b1cca1313e1106426011b24,SIGNALLED,EXECUTION_PENDING
600826.SH,2025-07-24,826328c9ab017836d4781db96afa923bb6deb8327b1cca1313e1106426011b24,EXPIRED,PENDING_SIGNAL_HORIZON_EXPIRED
600828.SH,2025-04-29,7470c23aa61ecabef26bceaea3094c3bdab6b598a185b7d4442ca1051c3e27d5,SIGNALLED,ENTRY_SIGNAL
600828.SH,2025-04-30,7470c23aa61ecabef26bceaea3094c3bdab6b598a185b7d4442ca1051c3e27d5,SIGNALLED,EXECUTION_PENDING
600828.SH,2025-05-06,7470c23aa61ecabef26bceaea3094c3bdab6b598a185b7d4442ca1051c3e27d5,SIGNALLED,EXECUTION_PENDING
600828.SH,2025-05-07,7470c23aa61ecabef26bceaea3094c3bdab6b598a185b7d4442ca1051c3e27d5,SIGNALLED,EXECUTION_PENDING
600828.SH,2025-05-08,7470c23aa61ecabef26bceaea3094c3bdab6b598a185b7d4442ca1051c3e27d5,SIGNALLED,EXECUTION_PENDING
600828.SH,2025-05-09,7470c23aa61ecabef26bceaea3094c3bdab6b598a185b7d4442ca1051c3e27d5,SIGNALLED,EXECUTION_PENDING
600828.SH,2025-05-12,7470c23aa61ecabef26bceaea3094c3bdab6b598a185b7d4442ca1051c3e27d5,EXPIRED,PENDING_SIGNAL_HORIZON_EXPIRED
600828.SH,2025-11-28,571a40f4231eb2e30bd3ab8953fc9e506b6545d3bafec7faf0f847b5b9e54584,ACTIVE,POOL_ADMISSION
600828.SH,2025-12-01,571a40f4231eb2e30bd3ab8953fc9e506b6545d3bafec7faf0f847b5b9e54584,ACTIVE,POOL_OBSERVATION
600828.SH,2025-12-02,571a40f4231eb2e30bd3ab8953fc9e506b6545d3bafec7faf0f847b5b9e54584,SIGNALLED,ENTRY_SIGNAL
600828.SH,2025-12-03,571a40f4231eb2e30bd3ab8953fc9e506b6545d3bafec7faf0f847b5b9e54584,SIGNALLED,EXECUTION_PENDING
600828.SH,2025-12-04,571a40f4231eb2e30bd3ab8953fc9e506b6545d3bafec7faf0f847b5b9e54584,SIGNALLED,EXECUTION_PENDING
600828.SH,2025-12-05,571a40f4231eb2e30bd3ab8953fc9e506b6545d3bafec7faf0f847b5b9e54584,SIGNALLED,EXECUTION_PENDING
600828.SH,2025-12-08,571a40f4231eb2e30bd3ab8953fc9e506b6545d3bafec7faf0f847b5b9e54584,EXPIRED,PENDING_SIGNAL_HORIZON_EXPIRED
600829.SH,2025-11-13,33c8aa3d91bcb540d9ddeafdb9e9899f6c5894d2ba41c0cd70d8edb934472ca6,ACTIVE,POOL_ADMISSION
600829.SH,2025-11-14,33c8aa3d91bcb540d9ddeafdb9e9899f6c5894d2ba41c0cd70d8edb934472ca6,ACTIVE,POOL_OBSERVATION
600829.SH,2025-11-17,33c8aa3d91bcb540d9ddeafdb9e9899f6c5894d2ba41c0cd70d8edb934472ca6,ACTIVE,POOL_OBSERVATION
600829.SH,2025-11-18,33c8aa3d91bcb540d9ddeafdb9e9899f6c5894d2ba41c0cd70d8edb934472ca6,SIGNALLED,ENTRY_SIGNAL
600829.SH,2025-11-19,33c8aa3d91bcb540d9ddeafdb9e9899f6c5894d2ba41c0cd70d8edb934472ca6,SIGNALLED,EXECUTION_PENDING
600829.SH,2025-11-20,33c8aa3d91bcb540d9ddeafdb9e9899f6c5894d2ba41c0cd70d8edb934472ca6,SIGNALLED,EXECUTION_PENDING
600829.SH,2025-11-21,33c8aa3d91bcb540d9ddeafdb9e9899f6c5894d2ba41c0cd70d8edb934472ca6,EXPIRED,PENDING_SIGNAL_HORIZON_EXPIRED
600839.SH,2024-10-21,08fcad63dc166b5e02e06fb180180a370d7470e0c95b9195f6dc54194c17e3f4,ACTIVE,POOL_ADMISSION
600839.SH,2024-10-22,08fcad63dc166b5e02e06fb180180a370d7470e0c95b9195f6dc54194c17e3f4,ACTIVE,POOL_OBSERVATION
600839.SH,2024-10-23,08fcad63dc166b5e02e06fb180180a370d7470e0c95b9195f6dc54194c17e3f4,ACTIVE,POOL_OBSERVATION
600839.SH,2024-10-24,08fcad63dc166b5e02e06fb180180a370d7470e0c95b9195f6dc54194c17e3f4,ACTIVE,POOL_OBSERVATION
600839.SH,2024-10-25,08fcad63dc166b5e02e06fb180180a370d7470e0c95b9195f6dc54194c17e3f4,SIGNALLED,ENTRY_SIGNAL
600839.SH,2024-10-28,08fcad63dc166b5e02e06fb180180a370d7470e0c95b9195f6dc54194c17e3f4,SIGNALLED,EXECUTION_PENDING
600839.SH,2024-10-29,08fcad63dc166b5e02e06fb180180a370d7470e0c95b9195f6dc54194c17e3f4,EXPIRED,PENDING_SIGNAL_HORIZON_EXPIRED
600839.SH,2024-10-31,4b592593d7820aa2a29bc65cef70580feda21693c2b7551de580cf1c127df037,ACTIVE,POOL_ADMISSION
600839.SH,2024-11-01,4b592593d7820aa2a29bc65cef70580feda21693c2b7551de580cf1c127df037,ACTIVE,POOL_OBSERVATION
600839.SH,2024-11-04,4b592593d7820aa2a29bc65cef70580feda21693c2b7551de580cf1c127df037,SIGNALLED,ENTRY_SIGNAL
600839.SH,2024-11-05,4b592593d7820aa2a29bc65cef70580feda21693c2b7551de580cf1c127df037,SIGNALLED,EXECUTION_PENDING
600839.SH,2024-11-06,4b592593d7820aa2a29bc65cef70580feda21693c2b7551de580cf1c127df037,SIGNALLED,EXECUTION_PENDING
600839.SH,2024-11-07,4b592593d7820aa2a29bc65cef70580feda21693c2b7551de580cf1c127df037,SIGNALLED,EXECUTION_PENDING
600839.SH,2024-11-08,4b592593d7820aa2a29bc65cef70580feda21693c2b7551de580cf1c127df037,EXPIRED,PENDING_SIGNAL_HORIZON_EXPIRED
600843.SH,2024-10-25,a9b27a523546f776c58d23524b94ee695e8df74fa07a6d97fa23f770e58cad96,ACTIVE,POOL_ADMISSION
600843.SH,2024-10-28,a9b27a523546f776c58d23524b94ee695e8df74fa07a6d97fa23f770e58cad96,ACTIVE,POOL_OBSERVATION
600843.SH,2024-10-29,a9b27a523546f776c58d23524b94ee695e8df74fa07a6d97fa23f770e58cad96,ACTIVE,POOL_OBSERVATION
600843.SH,2024-10-30,a9b27a523546f776c58d23524b94ee695e8df74fa07a6d97fa23f770e58cad96,ACTIVE,POOL_OBSERVATION
600843.SH,2024-10-31,a9b27a523546f776c58d23524b94ee695e8df74fa07a6d97fa23f770e58cad96,ACTIVE,POOL_OBSERVATION
600843.SH,2024-11-01,a9b27a523546f776c58d23524b94ee695e8df74fa07a6d97fa23f770e58cad96,ACTIVE,POOL_OBSERVATION
600843.SH,2024-11-04,a9b27a523546f776c58d23524b94ee695e8df74fa07a6d97fa23f770e58cad96,EXPIRED,POOL_EXPIRED
600865.SH,2024-10-31,0b1b19e3f662dedb3cce923660863403503bd755f0773f6c42e888670a32fc8e,ACTIVE,POOL_ADMISSION
600865.SH,2024-11-01,0b1b19e3f662dedb3cce923660863403503bd755f0773f6c42e888670a32fc8e,ACTIVE,POOL_OBSERVATION
600865.SH,2024-11-04,0b1b19e3f662dedb3cce923660863403503bd755f0773f6c42e888670a32fc8e,SIGNALLED,ENTRY_SIGNAL
600865.SH,2024-11-05,0b1b19e3f662dedb3cce923660863403503bd755f0773f6c42e888670a32fc8e,SIGNALLED,EXECUTION_PENDING
600865.SH,2024-11-06,0b1b19e3f662dedb3cce923660863403503bd755f0773f6c42e888670a32fc8e,SIGNALLED,EXECUTION_PENDING
600865.SH,2024-11-07,0b1b19e3f662dedb3cce923660863403503bd755f0773f6c42e888670a32fc8e,SIGNALLED,EXECUTION_PENDING
600865.SH,2024-11-08,0b1b19e3f662dedb3cce923660863403503bd755f0773f6c42e888670a32fc8e,EXPIRED,PENDING_SIGNAL_HORIZON_EXPIRED
600865.SH,2025-12-16,619a314fd6839e8f3c06bbf4c9b367816102a1596d3ebb683699d43bd67aa1ba,ACTIVE,POOL_ADMISSION
600865.SH,2025-12-17,619a314fd6839e8f3c06bbf4c9b367816102a1596d3ebb683699d43bd67aa1ba,ACTIVE,POOL_OBSERVATION
600865.SH,2025-12-18,619a314fd6839e8f3c06bbf4c9b367816102a1596d3ebb683699d43bd67aa1ba,ACTIVE,POOL_OBSERVATION
600865.SH,2025-12-19,619a314fd6839e8f3c06bbf4c9b367816102a1596d3ebb683699d43bd67aa1ba,ACTIVE,POOL_OBSERVATION
600865.SH,2025-12-22,619a314fd6839e8f3c06bbf4c9b367816102a1596d3ebb683699d43bd67aa1ba,ACTIVE,POOL_OBSERVATION
600865.SH,2025-12-23,619a314fd6839e8f3c06bbf4c9b367816102a1596d3ebb683699d43bd67aa1ba,SIGNALLED,ENTRY_SIGNAL
600865.SH,2025-12-24,619a314fd6839e8f3c06bbf4c9b367816102a1596d3ebb683699d43bd67aa1ba,EXPIRED,PENDING_SIGNAL_HORIZON_EXPIRED
600865.SH,2026-09-08,017254adb5a192e2fb0d7b888c388658f5244289bc29ca8e9b0afb3cc2019f17,ACTIVE,POOL_ADMISSION
600865.SH,2026-09-09,017254adb5a192e2fb0d7b888c388658f5244289bc29ca8e9b0afb3cc2019f17,ACTIVE,POOL_OBSERVATION
600865.SH,2026-09-10,017254adb5a192e2fb0d7b888c388658f5244289bc29ca8e9b0afb3cc2019f17,ACTIVE,POOL_OBSERVATION
600865.SH,2026-09-11,017254adb5a192e2fb0d7b888c388658f5244289bc29ca8e9b0afb3cc2019f17,ACTIVE,POOL_OBSERVATION
600865.SH,2026-09-14,017254adb5a192e2fb0d7b888c388658f5244289bc29ca8e9b0afb3cc2019f17,ACTIVE,POOL_OBSERVATION
600865.SH,2026-09-15,017254adb5a192e2fb0d7b888c388658f5244289bc29ca8e9b0afb3cc2019f17,ACTIVE,POOL_OBSERVATION
600865.SH,2026-09-16,017254adb5a192e2fb0d7b888c388658f5244289bc29ca8e9b0afb3cc2019f17,EXPIRED,POOL_EXPIRED
600868.SH,2024-12-11,9ffaee9991febae3a51875c880661d7ad7c9d42bec2d4503491fe322852e7828,SIGNALLED,ENTRY_SIGNAL
600868.SH,2024-12-12,9ffaee9991febae3a51875c880661d7ad7c9d42bec2d4503491fe322852e7828,SIGNALLED,EXECUTION_PENDING
600868.SH,2024-12-13,9ffaee9991febae3a51875c880661d7ad7c9d42bec2d4503491fe322852e7828,SIGNALLED,EXECUTION_PENDING
600868.SH,2024-12-16,9ffaee9991febae3a51875c880661d7ad7c9d42bec2d4503491fe322852e7828,SIGNALLED,EXECUTION_PENDING
600868.SH,2024-12-17,9ffaee9991febae3a51875c880661d7ad7c9d42bec2d4503491fe322852e7828,SIGNALLED,EXECUTION_PENDING
600868.SH,2024-12-18,9ffaee9991febae3a51875c880661d7ad7c9d42bec2d4503491fe322852e7828,SIGNALLED,EXECUTION_PENDING
600868.SH,2024-12-19,9ffaee9991febae3a51875c880661d7ad7c9d42bec2d4503491fe322852e7828,EXPIRED,PENDING_SIGNAL_HORIZON_EXPIRED
600879.SH,2026-01-12,542f47da3d01eb053c2a4c87fb01afe857cd691930fe8b14753e47128e224c1b,ACTIVE,POOL_ADMISSION
600879.SH,2026-01-13,542f47da3d01eb053c2a4c87fb01afe857cd691930fe8b14753e47128e224c1b,ACTIVE,POOL_OBSERVATION
600879.SH,2026-01-14,542f47da3d01eb053c2a4c87fb01afe857cd691930fe8b14753e47128e224c1b,SIGNALLED,ENTRY_SIGNAL
600879.SH,2026-01-15,542f47da3d01eb053c2a4c87fb01afe857cd691930fe8b14753e47128e224c1b,SIGNALLED,EXECUTION_PENDING
600879.SH,2026-01-16,542f47da3d01eb053c2a4c87fb01afe857cd691930fe8b14753e47128e224c1b,SIGNALLED,EXECUTION_PENDING
600879.SH,2026-01-19,542f47da3d01eb053c2a4c87fb01afe857cd691930fe8b14753e47128e224c1b,SIGNALLED,EXECUTION_PENDING
600879.SH,2026-01-20,542f47da3d01eb053c2a4c87fb01afe857cd691930fe8b14753e47128e224c1b,EXPIRED,PENDING_SIGNAL_HORIZON_EXPIRED
600881.SH,2024-09-26,18988d63b42bbba6018c66bb867d79a9d45baa133b93bca308af2b112ae0dae6,ACTIVE,POOL_ADMISSION
600881.SH,2024-09-27,18988d63b42bbba6018c66bb867d79a9d45baa133b93bca308af2b112ae0dae6,ACTIVE,POOL_OBSERVATION
600881.SH,2024-09-30,18988d63b42bbba6018c66bb867d79a9d45baa133b93bca308af2b112ae0dae6,ACTIVE,POOL_OBSERVATION
600881.SH,2024-10-08,18988d63b42bbba6018c66bb867d79a9d45baa133b93bca308af2b112ae0dae6,SIGNALLED,ENTRY_SIGNAL
600881.SH,2024-10-09,18988d63b42bbba6018c66bb867d79a9d45baa133b93bca308af2b112ae0dae6,SIGNALLED,EXECUTION_PENDING
600881.SH,2024-10-10,18988d63b42bbba6018c66bb867d79a9d45baa133b93bca308af2b112ae0dae6,SIGNALLED,EXECUTION_PENDING
600881.SH,2024-10-11,18988d63b42bbba6018c66bb867d79a9d45baa133b93bca308af2b112ae0dae6,EXPIRED,PENDING_SIGNAL_HORIZON_EXPIRED
600889.SH,2024-11-21,831b5145ef76c1accc5d3a8f3d15a7a57df417375479a4e19b32623e22aa7ad2,ACTIVE,POOL_ADMISSION
600889.SH,2024-11-22,831b5145ef76c1accc5d3a8f3d15a7a57df417375479a4e19b32623e22aa7ad2,ACTIVE,POOL_OBSERVATION
600889.SH,2024-11-25,831b5145ef76c1accc5d3a8f3d15a7a57df417375479a4e19b32623e22aa7ad2,ACTIVE,POOL_OBSERVATION
600889.SH,2024-11-26,831b5145ef76c1accc5d3a8f3d15a7a57df417375479a4e19b32623e22aa7ad2,ACTIVE,POOL_OBSERVATION
600889.SH,2024-11-27,831b5145ef76c1accc5d3a8f3d15a7a57df417375479a4e19b32623e22aa7ad2,ACTIVE,POOL_OBSERVATION
600889.SH,2024-11-28,831b5145ef76c1accc5d3a8f3d15a7a57df417375479a4e19b32623e22aa7ad2,ACTIVE,POOL_OBSERVATION
600889.SH,2024-11-29,831b5145ef76c1accc5d3a8f3d15a7a57df417375479a4e19b32623e22aa7ad2,EXPIRED,POOL_EXPIRED
600889.SH,2024-12-02,c6815143efb17c5c08623fadbefbdabdbec4104c4efce6e7025c3476a67dc8fc,ACTIVE,POOL_ADMISSION
600889.SH,2024-12-03,c6815143efb17c5c08623fadbefbdabdbec4104c4efce6e7025c3476a67dc8fc,ACTIVE,POOL_OBSERVATION
600889.SH,2024-12-04,c6815143efb17c5c08623fadbefbdabdbec4104c4efce6e7025c3476a67dc8fc,ACTIVE,POOL_OBSERVATION
600889.SH,2024-12-05,c6815143efb17c5c08623fadbefbdabdbec4104c4efce6e7025c3476a67dc8fc,SIGNALLED,ENTRY_SIGNAL
600889.SH,2024-12-06,c6815143efb17c5c08623fadbefbdabdbec4104c4efce6e7025c3476a67dc8fc,SIGNALLED,EXECUTION_PENDING
600889.SH,2024-12-09,c6815143efb17c5c08623fadbefbdabdbec4104c4efce6e7025c3476a67dc8fc,SIGNALLED,EXECUTION_PENDING
600889.SH,2024-12-10,c6815143efb17c5c08623fadbefbdabdbec4104c4efce6e7025c3476a67dc8fc,EXPIRED,PENDING_SIGNAL_HORIZON_EXPIRED
600903.SH,2026-05-19,3b0cdaf58232c7f07cf12ef26733504f436f1dfccdced78981c269930688fb15,ACTIVE,POOL_ADMISSION
600903.SH,2026-05-20,3b0cdaf58232c7f07cf12ef26733504f436f1dfccdced78981c269930688fb15,ACTIVE,POOL_OBSERVATION
600903.SH,2026-05-21,3b0cdaf58232c7f07cf12ef26733504f436f1dfccdced78981c269930688fb15,SIGNALLED,ENTRY_SIGNAL
600903.SH,2026-05-22,3b0cdaf58232c7f07cf12ef26733504f436f1dfccdced78981c269930688fb15,SIGNALLED,EXECUTION_PENDING
600903.SH,2026-05-25,3b0cdaf58232c7f07cf12ef26733504f436f1dfccdced78981c269930688fb15,SIGNALLED,EXECUTION_PENDING
600903.SH,2026-05-26,3b0cdaf58232c7f07cf12ef26733504f436f1dfccdced78981c269930688fb15,SIGNALLED,EXECUTION_PENDING
600903.SH,2026-05-27,3b0cdaf58232c7f07cf12ef26733504f436f1dfccdced78981c269930688fb15,EXPIRED,PENDING_SIGNAL_HORIZON_EXPIRED
600916.SH,2026-01-28,0b45281f7ff5f97da3c34a541f8666e3a8c4e24ff292c52f037c3b1f517c1626,ACTIVE,POOL_ADMISSION
600916.SH,2026-01-29,0b45281f7ff5f97da3c34a541f8666e3a8c4e24ff292c52f037c3b1f517c1626,ACTIVE,POOL_OBSERVATION
600916.SH,2026-01-30,0b45281f7ff5f97da3c34a541f8666e3a8c4e24ff292c52f037c3b1f517c1626,SIGNALLED,ENTRY_SIGNAL
600916.SH,2026-02-02,0b45281f7ff5f97da3c34a541f8666e3a8c4e24ff292c52f037c3b1f517c1626,SIGNALLED,EXECUTION_PENDING
600916.SH,2026-02-03,0b45281f7ff5f97da3c34a541f8666e3a8c4e24ff292c52f037c3b1f517c1626,SIGNALLED,EXECUTION_PENDING
600916.SH,2026-02-04,0b45281f7ff5f97da3c34a541f8666e3a8c4e24ff292c52f037c3b1f517c1626,SIGNALLED,EXECUTION_PENDING
600916.SH,2026-02-05,0b45281f7ff5f97da3c34a541f8666e3a8c4e24ff292c52f037c3b1f517c1626,EXPIRED,PENDING_SIGNAL_HORIZON_EXPIRED
600939.SH,2024-10-17,8dd4d4026383a23c436b48914b092e6af8a2d6ada925e7a6f7c0a0e797726df8,ACTIVE,POOL_ADMISSION
600939.SH,2024-10-18,8dd4d4026383a23c436b48914b092e6af8a2d6ada925e7a6f7c0a0e797726df8,SIGNALLED,ENTRY_SIGNAL
600939.SH,2024-10-21,8dd4d4026383a23c436b48914b092e6af8a2d6ada925e7a6f7c0a0e797726df8,SIGNALLED,EXECUTION_PENDING
600939.SH,2024-10-22,8dd4d4026383a23c436b48914b092e6af8a2d6ada925e7a6f7c0a0e797726df8,SIGNALLED,EXECUTION_PENDING
600939.SH,2024-10-23,8dd4d4026383a23c436b48914b092e6af8a2d6ada925e7a6f7c0a0e797726df8,SIGNALLED,EXECUTION_PENDING
600939.SH,2024-10-24,8dd4d4026383a23c436b48914b092e6af8a2d6ada925e7a6f7c0a0e797726df8,SIGNALLED,EXECUTION_PENDING
600939.SH,2024-10-25,8dd4d4026383a23c436b48914b092e6af8a2d6ada925e7a6f7c0a0e797726df8,EXPIRED,PENDING_SIGNAL_HORIZON_EXPIRED
600961.SH,2026-04-21,8bba08362abfc2b66eeb6b5378aa8121b290efd10660bb27906ed4269a74ebca,ACTIVE,POOL_ADMISSION
600961.SH,2026-04-22,8bba08362abfc2b66eeb6b5378aa8121b290efd10660bb27906ed4269a74ebca,ACTIVE,POOL_OBSERVATION
600961.SH,2026-04-23,8bba08362abfc2b66eeb6b5378aa8121b290efd10660bb27906ed4269a74ebca,ACTIVE,POOL_OBSERVATION
600961.SH,2026-04-24,8bba08362abfc2b66eeb6b5378aa8121b290efd10660bb27906ed4269a74ebca,ACTIVE,POOL_OBSERVATION
600961.SH,2026-04-27,8bba08362abfc2b66eeb6b5378aa8121b290efd10660bb27906ed4269a74ebca,SIGNALLED,ENTRY_SIGNAL
600961.SH,2026-04-28,8bba08362abfc2b66eeb6b5378aa8121b290efd10660bb27906ed4269a74ebca,SIGNALLED,EXECUTION_PENDING
600961.SH,2026-04-29,8bba08362abfc2b66eeb6b5378aa8121b290efd10660bb27906ed4269a74ebca,EXPIRED,PENDING_SIGNAL_HORIZON_EXPIRED
600962.SH,2025-07-10,4bb4399f63c253c21bc38bd3f9fd06c4c255ed7d7195310e715fc2814843a29f,ACTIVE,POOL_ADMISSION
600962.SH,2025-07-11,4bb4399f63c253c21bc38bd3f9fd06c4c255ed7d7195310e715fc2814843a29f,ACTIVE,POOL_OBSERVATION
600962.SH,2025-07-14,4bb4399f63c253c21bc38bd3f9fd06c4c255ed7d7195310e715fc2814843a29f,ACTIVE,POOL_OBSERVATION
600962.SH,2025-07-15,4bb4399f63c253c21bc38bd3f9fd06c4c255ed7d7195310e715fc2814843a29f,ACTIVE,POOL_OBSERVATION
600962.SH,2025-07-16,4bb4399f63c253c21bc38bd3f9fd06c4c255ed7d7195310e715fc2814843a29f,SIGNALLED,ENTRY_SIGNAL
600962.SH,2025-07-17,4bb4399f63c253c21bc38bd3f9fd06c4c255ed7d7195310e715fc2814843a29f,SIGNALLED,EXECUTION_PENDING
600962.SH,2025-07-18,4bb4399f63c253c21bc38bd3f9fd06c4c255ed7d7195310e715fc2814843a29f,EXPIRED,PENDING_SIGNAL_HORIZON_EXPIRED
600979.SH,2024-12-13,5865deb45a91d9572ca01a2b9834f58f1c7d0c91a5aa3aeb22dca98c6fe76935,ACTIVE,POOL_ADMISSION
600979.SH,2024-12-16,5865deb45a91d9572ca01a2b9834f58f1c7d0c91a5aa3aeb22dca98c6fe76935,ACTIVE,POOL_OBSERVATION
600979.SH,2024-12-17,5865deb45a91d9572ca01a2b9834f58f1c7d0c91a5aa3aeb22dca98c6fe76935,ACTIVE,POOL_OBSERVATION
600979.SH,2024-12-18,5865deb45a91d9572ca01a2b9834f58f1c7d0c91a5aa3aeb22dca98c6fe76935,ACTIVE,POOL_OBSERVATION
600979.SH,2024-12-19,5865deb45a91d9572ca01a2b9834f58f1c7d0c91a5aa3aeb22dca98c6fe76935,ACTIVE,POOL_OBSERVATION
600979.SH,2024-12-20,5865deb45a91d9572ca01a2b9834f58f1c7d0c91a5aa3aeb22dca98c6fe76935,ACTIVE,POOL_OBSERVATION
600979.SH,2024-12-23,5865deb45a91d9572ca01a2b9834f58f1c7d0c91a5aa3aeb22dca98c6fe76935,EXPIRED,POOL_EXPIRED
600980.SH,2025-06-12,7e7fddd445155db20c10c1d07130598f61043df794dd5279205a48c305a98880,ACTIVE,POOL_ADMISSION
600980.SH,2025-06-13,7e7fddd445155db20c10c1d07130598f61043df794dd5279205a48c305a98880,ACTIVE,POOL_OBSERVATION
600980.SH,2025-06-16,7e7fddd445155db20c10c1d07130598f61043df794dd5279205a48c305a98880,ACTIVE,POOL_OBSERVATION
600980.SH,2025-06-17,7e7fddd445155db20c10c1d07130598f61043df794dd5279205a48c305a98880,ACTIVE,POOL_OBSERVATION
600980.SH,2025-06-18,7e7fddd445155db20c10c1d07130598f61043df794dd5279205a48c305a98880,ACTIVE,POOL_OBSERVATION
600980.SH,2025-06-19,7e7fddd445155db20c10c1d07130598f61043df794dd5279205a48c305a98880,ACTIVE,POOL_OBSERVATION
600980.SH,2025-06-20,7e7fddd445155db20c10c1d07130598f61043df794dd5279205a48c305a98880,EXPIRED,POOL_EXPIRED
601003.SH,2025-07-04,5bef8ea0755fb456c6f85ca7c12907fdbdda0bc57a0aa36203f3de05d6ddc871,ACTIVE,POOL_ADMISSION
601003.SH,2025-07-07,5bef8ea0755fb456c6f85ca7c12907fdbdda0bc57a0aa36203f3de05d6ddc871,ACTIVE,POOL_OBSERVATION
601003.SH,2025-07-08,5bef8ea0755fb456c6f85ca7c12907fdbdda0bc57a0aa36203f3de05d6ddc871,SIGNALLED,ENTRY_SIGNAL
601003.SH,2025-07-09,5bef8ea0755fb456c6f85ca7c12907fdbdda0bc57a0aa36203f3de05d6ddc871,SIGNALLED,EXECUTION_PENDING
601003.SH,2025-07-10,5bef8ea0755fb456c6f85ca7c12907fdbdda0bc57a0aa36203f3de05d6ddc871,SIGNALLED,EXECUTION_PENDING
601003.SH,2025-07-11,5bef8ea0755fb456c6f85ca7c12907fdbdda0bc57a0aa36203f3de05d6ddc871,SIGNALLED,EXECUTION_PENDING
601003.SH,2025-07-14,5bef8ea0755fb456c6f85ca7c12907fdbdda0bc57a0aa36203f3de05d6ddc871,EXPIRED,PENDING_SIGNAL_HORIZON_EXPIRED
601003.SH,2025-07-21,669b3ed94c1c63b044907a114b3e68a0376c78816525064ba58fd2a8d924f0cc,ACTIVE,POOL_ADMISSION
601003.SH,2025-07-22,669b3ed94c1c63b044907a114b3e68a0376c78816525064ba58fd2a8d924f0cc,ACTIVE,POOL_OBSERVATION
601003.SH,2025-07-23,669b3ed94c1c63b044907a114b3e68a0376c78816525064ba58fd2a8d924f0cc,ACTIVE,POOL_OBSERVATION
601003.SH,2025-07-24,669b3ed94c1c63b044907a114b3e68a0376c78816525064ba58fd2a8d924f0cc,SIGNALLED,ENTRY_SIGNAL
601003.SH,2025-07-25,669b3ed94c1c63b044907a114b3e68a0376c78816525064ba58fd2a8d924f0cc,SIGNALLED,EXECUTION_PENDING
601003.SH,2025-07-28,669b3ed94c1c63b044907a114b3e68a0376c78816525064ba58fd2a8d924f0cc,SIGNALLED,EXECUTION_PENDING
601003.SH,2025-07-29,669b3ed94c1c63b044907a114b3e68a0376c78816525064ba58fd2a8d924f0cc,EXPIRED,PENDING_SIGNAL_HORIZON_EXPIRED
601008.SH,2025-04-09,18f71b21432146cad06e3ae8a2a214c46a642c864a54ee18bf156f772c4b56ff,ACTIVE,POOL_ADMISSION
601008.SH,2025-04-10,18f71b21432146cad06e3ae8a2a214c46a642c864a54ee18bf156f772c4b56ff,ACTIVE,POOL_OBSERVATION
601008.SH,2025-04-11,18f71b21432146cad06e3ae8a2a214c46a642c864a54ee18bf156f772c4b56ff,ACTIVE,POOL_OBSERVATION
601008.SH,2025-04-14,18f71b21432146cad06e3ae8a2a214c46a642c864a54ee18bf156f772c4b56ff,ACTIVE,POOL_OBSERVATION
601008.SH,2025-04-15,18f71b21432146cad06e3ae8a2a214c46a642c864a54ee18bf156f772c4b56ff,ACTIVE,POOL_OBSERVATION
601008.SH,2025-04-16,18f71b21432146cad06e3ae8a2a214c46a642c864a54ee18bf156f772c4b56ff,SIGNALLED,ENTRY_SIGNAL
601008.SH,2025-04-17,18f71b21432146cad06e3ae8a2a214c46a642c864a54ee18bf156f772c4b56ff,EXPIRED,PENDING_SIGNAL_HORIZON_EXPIRED
601008.SH,2025-05-16,5b9d0e90f770f87dfe4d6a73d80d9c8fc9a081821adc4c4ac0de9a82f97e0ac2,ACTIVE,POOL_ADMISSION
601008.SH,2025-05-19,5b9d0e90f770f87dfe4d6a73d80d9c8fc9a081821adc4c4ac0de9a82f97e0ac2,ACTIVE,POOL_OBSERVATION
601008.SH,2025-05-20,5b9d0e90f770f87dfe4d6a73d80d9c8fc9a081821adc4c4ac0de9a82f97e0ac2,ACTIVE,POOL_OBSERVATION
601008.SH,2025-05-21,5b9d0e90f770f87dfe4d6a73d80d9c8fc9a081821adc4c4ac0de9a82f97e0ac2,ACTIVE,POOL_OBSERVATION
601008.SH,2025-05-22,5b9d0e90f770f87dfe4d6a73d80d9c8fc9a081821adc4c4ac0de9a82f97e0ac2,ACTIVE,POOL_OBSERVATION
601008.SH,2025-05-23,5b9d0e90f770f87dfe4d6a73d80d9c8fc9a081821adc4c4ac0de9a82f97e0ac2,ACTIVE,POOL_OBSERVATION
601008.SH,2025-05-26,5b9d0e90f770f87dfe4d6a73d80d9c8fc9a081821adc4c4ac0de9a82f97e0ac2,EXPIRED,POOL_EXPIRED
601010.SH,2024-12-11,1d1f08afc8e839f5b6ca670a79e7f3323c45c23f347c387d3138b1f06fdc89ee,ACTIVE,POOL_ADMISSION
601010.SH,2024-12-12,1d1f08afc8e839f5b6ca670a79e7f3323c45c23f347c387d3138b1f06fdc89ee,ACTIVE,POOL_OBSERVATION
601010.SH,2024-12-13,1d1f08afc8e839f5b6ca670a79e7f3323c45c23f347c387d3138b1f06fdc89ee,ACTIVE,POOL_OBSERVATION
601010.SH,2024-12-16,1d1f08afc8e839f5b6ca670a79e7f3323c45c23f347c387d3138b1f06fdc89ee,SIGNALLED,ENTRY_SIGNAL
601010.SH,2024-12-17,1d1f08afc8e839f5b6ca670a79e7f3323c45c23f347c387d3138b1f06fdc89ee,SIGNALLED,EXECUTION_PENDING
601010.SH,2024-12-18,1d1f08afc8e839f5b6ca670a79e7f3323c45c23f347c387d3138b1f06fdc89ee,SIGNALLED,EXECUTION_PENDING
601010.SH,2024-12-19,1d1f08afc8e839f5b6ca670a79e7f3323c45c23f347c387d3138b1f06fdc89ee,EXPIRED,PENDING_SIGNAL_HORIZON_EXPIRED
601011.SH,2025-10-16,8594d514693a947b69320f57a8d34803eea2b2eba3544a81d6166fb3294a3b4c,SIGNALLED,ENTRY_SIGNAL
601011.SH,2025-10-17,8594d514693a947b69320f57a8d34803eea2b2eba3544a81d6166fb3294a3b4c,SIGNALLED,EXECUTION_PENDING
601011.SH,2025-10-20,8594d514693a947b69320f57a8d34803eea2b2eba3544a81d6166fb3294a3b4c,SIGNALLED,EXECUTION_PENDING
601011.SH,2025-10-21,8594d514693a947b69320f57a8d34803eea2b2eba3544a81d6166fb3294a3b4c,SIGNALLED,EXECUTION_PENDING
601011.SH,2025-10-22,8594d514693a947b69320f57a8d34803eea2b2eba3544a81d6166fb3294a3b4c,SIGNALLED,EXECUTION_PENDING
601011.SH,2025-10-23,8594d514693a947b69320f57a8d34803eea2b2eba3544a81d6166fb3294a3b4c,SIGNALLED,EXECUTION_PENDING
601011.SH,2025-10-24,8594d514693a947b69320f57a8d34803eea2b2eba3544a81d6166fb3294a3b4c,EXPIRED,PENDING_SIGNAL_HORIZON_EXPIRED
601022.SH,2025-05-16,1c563c635a253812342c6c3b0ba868e588bb74db62ad9a2c544a7691a379e45b,ACTIVE,POOL_ADMISSION
601022.SH,2025-05-19,1c563c635a253812342c6c3b0ba868e588bb74db62ad9a2c544a7691a379e45b,ACTIVE,POOL_OBSERVATION
601022.SH,2025-05-20,1c563c635a253812342c6c3b0ba868e588bb74db62ad9a2c544a7691a379e45b,ACTIVE,POOL_OBSERVATION
601022.SH,2025-05-21,1c563c635a253812342c6c3b0ba868e588bb74db62ad9a2c544a7691a379e45b,ACTIVE,POOL_OBSERVATION
601022.SH,2025-05-22,1c563c635a253812342c6c3b0ba868e588bb74db62ad9a2c544a7691a379e45b,ACTIVE,POOL_OBSERVATION
601022.SH,2025-05-23,1c563c635a253812342c6c3b0ba868e588bb74db62ad9a2c544a7691a379e45b,ACTIVE,POOL_OBSERVATION
601022.SH,2025-05-26,1c563c635a253812342c6c3b0ba868e588bb74db62ad9a2c544a7691a379e45b,EXPIRED,POOL_EXPIRED
601069.SH,2025-09-05,27659f019c801723b21503cf1c1e67a3f93f925c4b170d17d6a8f87fb934c3e8,SIGNALLED,ENTRY_SIGNAL
601069.SH,2025-09-08,27659f019c801723b21503cf1c1e67a3f93f925c4b170d17d6a8f87fb934c3e8,SIGNALLED,EXECUTION_PENDING
601069.SH,2025-09-09,27659f019c801723b21503cf1c1e67a3f93f925c4b170d17d6a8f87fb934c3e8,SIGNALLED,EXECUTION_PENDING
601069.SH,2025-09-10,27659f019c801723b21503cf1c1e67a3f93f925c4b170d17d6a8f87fb934c3e8,SIGNALLED,EXECUTION_PENDING
601069.SH,2025-09-11,27659f019c801723b21503cf1c1e67a3f93f925c4b170d17d6a8f87fb934c3e8,SIGNALLED,EXECUTION_PENDING
601069.SH,2025-09-12,27659f019c801723b21503cf1c1e67a3f93f925c4b170d17d6a8f87fb934c3e8,SIGNALLED,EXECUTION_PENDING
601069.SH,2025-09-15,27659f019c801723b21503cf1c1e67a3f93f925c4b170d17d6a8f87fb934c3e8,EXPIRED,PENDING_SIGNAL_HORIZON_EXPIRED
601086.SH,2025-04-09,18b6c37d0460ce7c69fe40ac69a587a2603bfb9fad627bf6fdb7bef5545b173f,ACTIVE,POOL_ADMISSION
601086.SH,2025-04-10,18b6c37d0460ce7c69fe40ac69a587a2603bfb9fad627bf6fdb7bef5545b173f,ACTIVE,POOL_OBSERVATION
601086.SH,2025-04-11,18b6c37d0460ce7c69fe40ac69a587a2603bfb9fad627bf6fdb7bef5545b173f,ACTIVE,POOL_OBSERVATION
601086.SH,2025-04-14,18b6c37d0460ce7c69fe40ac69a587a2603bfb9fad627bf6fdb7bef5545b173f,ACTIVE,POOL_OBSERVATION
601086.SH,2025-04-15,18b6c37d0460ce7c69fe40ac69a587a2603bfb9fad627bf6fdb7bef5545b173f,ACTIVE,POOL_OBSERVATION
601086.SH,2025-04-16,18b6c37d0460ce7c69fe40ac69a587a2603bfb9fad627bf6fdb7bef5545b173f,SIGNALLED,ENTRY_SIGNAL
601086.SH,2025-04-17,18b6c37d0460ce7c69fe40ac69a587a2603bfb9fad627bf6fdb7bef5545b173f,EXPIRED,PENDING_SIGNAL_HORIZON_EXPIRED
601086.SH,2025-04-18,fe1a13c5f42bf7c1f5a8763d452f7ec5c305840190e65e802c4e9aeaafee60b4,SIGNALLED,ENTRY_SIGNAL
601086.SH,2025-04-21,fe1a13c5f42bf7c1f5a8763d452f7ec5c305840190e65e802c4e9aeaafee60b4,SIGNALLED,EXECUTION_PENDING
601086.SH,2025-04-22,fe1a13c5f42bf7c1f5a8763d452f7ec5c305840190e65e802c4e9aeaafee60b4,SIGNALLED,EXECUTION_PENDING
601086.SH,2025-04-23,fe1a13c5f42bf7c1f5a8763d452f7ec5c305840190e65e802c4e9aeaafee60b4,SIGNALLED,EXECUTION_PENDING
601086.SH,2025-04-24,fe1a13c5f42bf7c1f5a8763d452f7ec5c305840190e65e802c4e9aeaafee60b4,SIGNALLED,EXECUTION_PENDING
601086.SH,2025-04-25,fe1a13c5f42bf7c1f5a8763d452f7ec5c305840190e65e802c4e9aeaafee60b4,SIGNALLED,EXECUTION_PENDING
601086.SH,2025-04-28,fe1a13c5f42bf7c1f5a8763d452f7ec5c305840190e65e802c4e9aeaafee60b4,EXPIRED,PENDING_SIGNAL_HORIZON_EXPIRED
601086.SH,2026-09-02,32e807d32255f523ccadcca1dac7b1593eb5b30dde46d3af5ca5ef3c88cac460,ACTIVE,POOL_ADMISSION
601086.SH,2026-09-03,32e807d32255f523ccadcca1dac7b1593eb5b30dde46d3af5ca5ef3c88cac460,ACTIVE,POOL_OBSERVATION
601086.SH,2026-09-04,32e807d32255f523ccadcca1dac7b1593eb5b30dde46d3af5ca5ef3c88cac460,SIGNALLED,ENTRY_SIGNAL
601086.SH,2026-09-07,32e807d32255f523ccadcca1dac7b1593eb5b30dde46d3af5ca5ef3c88cac460,SIGNALLED,EXECUTION_PENDING
601086.SH,2026-09-08,32e807d32255f523ccadcca1dac7b1593eb5b30dde46d3af5ca5ef3c88cac460,SIGNALLED,EXECUTION_PENDING
601086.SH,2026-09-09,32e807d32255f523ccadcca1dac7b1593eb5b30dde46d3af5ca5ef3c88cac460,SIGNALLED,EXECUTION_PENDING
601086.SH,2026-09-10,32e807d32255f523ccadcca1dac7b1593eb5b30dde46d3af5ca5ef3c88cac460,EXPIRED,PENDING_SIGNAL_HORIZON_EXPIRED
601106.SH,2026-01-12,15bd327d7fbcd5f90e8971e1ad774b8ad619dc0bf622bd2472ab8a219bc5b0bf,ACTIVE,POOL_ADMISSION
601106.SH,2026-01-13,15bd327d7fbcd5f90e8971e1ad774b8ad619dc0bf622bd2472ab8a219bc5b0bf,ACTIVE,POOL_OBSERVATION
601106.SH,2026-01-14,15bd327d7fbcd5f90e8971e1ad774b8ad619dc0bf622bd2472ab8a219bc5b0bf,SIGNALLED,ENTRY_SIGNAL
601106.SH,2026-01-15,15bd327d7fbcd5f90e8971e1ad774b8ad619dc0bf622bd2472ab8a219bc5b0bf,SIGNALLED,EXECUTION_PENDING
601106.SH,2026-01-16,15bd327d7fbcd5f90e8971e1ad774b8ad619dc0bf622bd2472ab8a219bc5b0bf,SIGNALLED,EXECUTION_PENDING
601106.SH,2026-01-19,15bd327d7fbcd5f90e8971e1ad774b8ad619dc0bf622bd2472ab8a219bc5b0bf,SIGNALLED,EXECUTION_PENDING
601106.SH,2026-01-20,15bd327d7fbcd5f90e8971e1ad774b8ad619dc0bf622bd2472ab8a219bc5b0bf,EXPIRED,PENDING_SIGNAL_HORIZON_EXPIRED
601116.SH,2025-09-15,97d16c3af8d98e8fabdd36d3f4475a2b26bddf5abb7b88ba1e9e43ac7b14ec8f,SIGNALLED,ENTRY_SIGNAL
601116.SH,2025-09-16,97d16c3af8d98e8fabdd36d3f4475a2b26bddf5abb7b88ba1e9e43ac7b14ec8f,SIGNALLED,EXECUTION_PENDING
601116.SH,2025-09-17,97d16c3af8d98e8fabdd36d3f4475a2b26bddf5abb7b88ba1e9e43ac7b14ec8f,SIGNALLED,EXECUTION_PENDING
601116.SH,2025-09-18,97d16c3af8d98e8fabdd36d3f4475a2b26bddf5abb7b88ba1e9e43ac7b14ec8f,SIGNALLED,EXECUTION_PENDING
601116.SH,2025-09-19,97d16c3af8d98e8fabdd36d3f4475a2b26bddf5abb7b88ba1e9e43ac7b14ec8f,SIGNALLED,EXECUTION_PENDING
601116.SH,2025-09-22,97d16c3af8d98e8fabdd36d3f4475a2b26bddf5abb7b88ba1e9e43ac7b14ec8f,SIGNALLED,EXECUTION_PENDING
601116.SH,2025-09-23,97d16c3af8d98e8fabdd36d3f4475a2b26bddf5abb7b88ba1e9e43ac7b14ec8f,EXPIRED,PENDING_SIGNAL_HORIZON_EXPIRED
601162.SH,2024-09-27,7efc9a1db0ab390aa8229e2ea9ff88a31b80eb425a8d6117c4e6d631b7dc17ca,ACTIVE,POOL_ADMISSION
601162.SH,2024-09-30,7efc9a1db0ab390aa8229e2ea9ff88a31b80eb425a8d6117c4e6d631b7dc17ca,ACTIVE,POOL_OBSERVATION
601162.SH,2024-10-08,7efc9a1db0ab390aa8229e2ea9ff88a31b80eb425a8d6117c4e6d631b7dc17ca,ACTIVE,POOL_OBSERVATION
601162.SH,2024-10-09,7efc9a1db0ab390aa8229e2ea9ff88a31b80eb425a8d6117c4e6d631b7dc17ca,ACTIVE,POOL_OBSERVATION
601162.SH,2024-10-10,7efc9a1db0ab390aa8229e2ea9ff88a31b80eb425a8d6117c4e6d631b7dc17ca,ACTIVE,POOL_OBSERVATION
601162.SH,2024-10-11,7efc9a1db0ab390aa8229e2ea9ff88a31b80eb425a8d6117c4e6d631b7dc17ca,ACTIVE,POOL_OBSERVATION
601162.SH,2024-10-14,7efc9a1db0ab390aa8229e2ea9ff88a31b80eb425a8d6117c4e6d631b7dc17ca,EXPIRED,POOL_EXPIRED
601177.SH,2025-02-17,c616ba8fd47277e7a9d98ee1c79afe0e7dd0d6bf604b8b0f3c30cb765d054f9d,ACTIVE,POOL_ADMISSION
601177.SH,2025-02-18,c616ba8fd47277e7a9d98ee1c79afe0e7dd0d6bf604b8b0f3c30cb765d054f9d,ACTIVE,POOL_OBSERVATION
601177.SH,2025-02-19,c616ba8fd47277e7a9d98ee1c79afe0e7dd0d6bf604b8b0f3c30cb765d054f9d,ACTIVE,POOL_OBSERVATION
601177.SH,2025-02-20,c616ba8fd47277e7a9d98ee1c79afe0e7dd0d6bf604b8b0f3c30cb765d054f9d,ACTIVE,POOL_OBSERVATION
601177.SH,2025-02-21,c616ba8fd47277e7a9d98ee1c79afe0e7dd0d6bf604b8b0f3c30cb765d054f9d,ACTIVE,POOL_OBSERVATION
601177.SH,2025-02-24,c616ba8fd47277e7a9d98ee1c79afe0e7dd0d6bf604b8b0f3c30cb765d054f9d,ACTIVE,POOL_OBSERVATION
601177.SH,2025-02-25,c616ba8fd47277e7a9d98ee1c79afe0e7dd0d6bf604b8b0f3c30cb765d054f9d,EXPIRED,POOL_EXPIRED
601212.SH,2026-01-23,04c365be97aeb36464363385cadb12d5f5dc580e5e1886b44175eb2796d77a50,ACTIVE,POOL_ADMISSION
601212.SH,2026-01-26,04c365be97aeb36464363385cadb12d5f5dc580e5e1886b44175eb2796d77a50,ACTIVE,POOL_OBSERVATION
601212.SH,2026-01-27,04c365be97aeb36464363385cadb12d5f5dc580e5e1886b44175eb2796d77a50,ACTIVE,POOL_OBSERVATION
601212.SH,2026-01-28,04c365be97aeb36464363385cadb12d5f5dc580e5e1886b44175eb2796d77a50,ACTIVE,POOL_OBSERVATION
601212.SH,2026-01-29,04c365be97aeb36464363385cadb12d5f5dc580e5e1886b44175eb2796d77a50,ACTIVE,POOL_OBSERVATION
601212.SH,2026-01-30,04c365be97aeb36464363385cadb12d5f5dc580e5e1886b44175eb2796d77a50,ACTIVE,POOL_OBSERVATION
601212.SH,2026-02-02,04c365be97aeb36464363385cadb12d5f5dc580e5e1886b44175eb2796d77a50,EXPIRED,POOL_EXPIRED
601218.SH,2025-07-03,84919d1420c88ebe28ae334edc3bc2e1d46f28456c8a827873cd564ad4b59200,ACTIVE,POOL_ADMISSION
601218.SH,2025-07-04,84919d1420c88ebe28ae334edc3bc2e1d46f28456c8a827873cd564ad4b59200,ACTIVE,POOL_OBSERVATION
601218.SH,2025-07-07,84919d1420c88ebe28ae334edc3bc2e1d46f28456c8a827873cd564ad4b59200,ACTIVE,POOL_OBSERVATION
601218.SH,2025-07-08,84919d1420c88ebe28ae334edc3bc2e1d46f28456c8a827873cd564ad4b59200,ACTIVE,POOL_OBSERVATION
601218.SH,2025-07-09,84919d1420c88ebe28ae334edc3bc2e1d46f28456c8a827873cd564ad4b59200,ACTIVE,POOL_OBSERVATION
601218.SH,2025-07-10,84919d1420c88ebe28ae334edc3bc2e1d46f28456c8a827873cd564ad4b59200,ACTIVE,POOL_OBSERVATION
601218.SH,2025-07-11,84919d1420c88ebe28ae334edc3bc2e1d46f28456c8a827873cd564ad4b59200,EXPIRED,POOL_EXPIRED
601519.SH,2024-12-05,5998d17a9a6344c413eb4c88a6bf90c69d50a60a41970bcd0fc8909902e4f572,ACTIVE,POOL_ADMISSION
601519.SH,2024-12-06,5998d17a9a6344c413eb4c88a6bf90c69d50a60a41970bcd0fc8909902e4f572,ACTIVE,POOL_OBSERVATION
601519.SH,2024-12-09,5998d17a9a6344c413eb4c88a6bf90c69d50a60a41970bcd0fc8909902e4f572,ACTIVE,POOL_OBSERVATION
601519.SH,2024-12-10,5998d17a9a6344c413eb4c88a6bf90c69d50a60a41970bcd0fc8909902e4f572,ACTIVE,POOL_OBSERVATION
601519.SH,2024-12-11,5998d17a9a6344c413eb4c88a6bf90c69d50a60a41970bcd0fc8909902e4f572,ACTIVE,POOL_OBSERVATION
601519.SH,2024-12-12,5998d17a9a6344c413eb4c88a6bf90c69d50a60a41970bcd0fc8909902e4f572,ACTIVE,POOL_OBSERVATION
601519.SH,2024-12-13,5998d17a9a6344c413eb4c88a6bf90c69d50a60a41970bcd0fc8909902e4f572,EXPIRED,POOL_EXPIRED
601566.SH,2025-11-17,117536668a584738a129fb785817c639b3caa83d82ef5cf4b94d42483fbb505a,ACTIVE,POOL_ADMISSION
601566.SH,2025-11-18,117536668a584738a129fb785817c639b3caa83d82ef5cf4b94d42483fbb505a,ACTIVE,POOL_OBSERVATION
601566.SH,2025-11-19,117536668a584738a129fb785817c639b3caa83d82ef5cf4b94d42483fbb505a,ACTIVE,POOL_OBSERVATION
601566.SH,2025-11-20,117536668a584738a129fb785817c639b3caa83d82ef5cf4b94d42483fbb505a,SIGNALLED,ENTRY_SIGNAL
601566.SH,2025-11-21,117536668a584738a129fb785817c639b3caa83d82ef5cf4b94d42483fbb505a,SIGNALLED,EXECUTION_PENDING
601566.SH,2025-11-24,117536668a584738a129fb785817c639b3caa83d82ef5cf4b94d42483fbb505a,SIGNALLED,EXECUTION_PENDING
601566.SH,2025-11-25,117536668a584738a129fb785817c639b3caa83d82ef5cf4b94d42483fbb505a,EXPIRED,PENDING_SIGNAL_HORIZON_EXPIRED
601579.SH,2026-09-21,9f3325fcc0d7209153c3e8f09c7ce694785f61c588044a9bbce2d189d1621d29,ACTIVE,POOL_ADMISSION
601579.SH,2026-09-22,9f3325fcc0d7209153c3e8f09c7ce694785f61c588044a9bbce2d189d1621d29,ACTIVE,POOL_OBSERVATION
601579.SH,2026-09-23,9f3325fcc0d7209153c3e8f09c7ce694785f61c588044a9bbce2d189d1621d29,ACTIVE,POOL_OBSERVATION
601606.SH,2025-06-23,2cee6b9c5e249a0dab5c06b605ca35de9b285fe2d42340fb82bb645229a605ae,ACTIVE,POOL_ADMISSION
601606.SH,2025-06-24,2cee6b9c5e249a0dab5c06b605ca35de9b285fe2d42340fb82bb645229a605ae,ACTIVE,POOL_OBSERVATION
601606.SH,2025-06-25,2cee6b9c5e249a0dab5c06b605ca35de9b285fe2d42340fb82bb645229a605ae,ACTIVE,POOL_OBSERVATION
601606.SH,2025-06-26,2cee6b9c5e249a0dab5c06b605ca35de9b285fe2d42340fb82bb645229a605ae,ACTIVE,POOL_OBSERVATION
601606.SH,2025-06-27,2cee6b9c5e249a0dab5c06b605ca35de9b285fe2d42340fb82bb645229a605ae,ACTIVE,POOL_OBSERVATION
601606.SH,2025-06-30,2cee6b9c5e249a0dab5c06b605ca35de9b285fe2d42340fb82bb645229a605ae,ACTIVE,POOL_OBSERVATION
601606.SH,2025-07-01,2cee6b9c5e249a0dab5c06b605ca35de9b285fe2d42340fb82bb645229a605ae,EXPIRED,POOL_EXPIRED
601606.SH,2025-08-06,32f17a18d2b15f1438cdbebf09eac4b690d33966b8faf01c59fc36c838f4f347,ACTIVE,POOL_ADMISSION
601606.SH,2025-08-07,32f17a18d2b15f1438cdbebf09eac4b690d33966b8faf01c59fc36c838f4f347,ACTIVE,POOL_OBSERVATION
601606.SH,2025-08-08,32f17a18d2b15f1438cdbebf09eac4b690d33966b8faf01c59fc36c838f4f347,ACTIVE,POOL_OBSERVATION
601606.SH,2025-08-11,32f17a18d2b15f1438cdbebf09eac4b690d33966b8faf01c59fc36c838f4f347,ACTIVE,POOL_OBSERVATION
601606.SH,2025-08-12,32f17a18d2b15f1438cdbebf09eac4b690d33966b8faf01c59fc36c838f4f347,ACTIVE,POOL_OBSERVATION
601606.SH,2025-08-13,32f17a18d2b15f1438cdbebf09eac4b690d33966b8faf01c59fc36c838f4f347,ACTIVE,POOL_OBSERVATION
601606.SH,2025-08-14,32f17a18d2b15f1438cdbebf09eac4b690d33966b8faf01c59fc36c838f4f347,EXPIRED,POOL_EXPIRED
601609.SH,2025-08-18,8bfa90a8c7ebe07bce0c5bdd8f3b9cea99b7b62ced4a42ab5bbeaa9ccf3d1073,ACTIVE,POOL_ADMISSION
601609.SH,2025-08-19,8bfa90a8c7ebe07bce0c5bdd8f3b9cea99b7b62ced4a42ab5bbeaa9ccf3d1073,ACTIVE,POOL_OBSERVATION
601609.SH,2025-08-20,8bfa90a8c7ebe07bce0c5bdd8f3b9cea99b7b62ced4a42ab5bbeaa9ccf3d1073,ACTIVE,POOL_OBSERVATION
601609.SH,2025-08-21,8bfa90a8c7ebe07bce0c5bdd8f3b9cea99b7b62ced4a42ab5bbeaa9ccf3d1073,ACTIVE,POOL_OBSERVATION
601609.SH,2025-08-22,8bfa90a8c7ebe07bce0c5bdd8f3b9cea99b7b62ced4a42ab5bbeaa9ccf3d1073,ACTIVE,POOL_OBSERVATION
601609.SH,2025-08-25,8bfa90a8c7ebe07bce0c5bdd8f3b9cea99b7b62ced4a42ab5bbeaa9ccf3d1073,ACTIVE,POOL_OBSERVATION
601609.SH,2025-08-26,8bfa90a8c7ebe07bce0c5bdd8f3b9cea99b7b62ced4a42ab5bbeaa9ccf3d1073,EXPIRED,POOL_EXPIRED
601616.SH,2026-01-21,aaa2c84f3011fb899c3bb70f6e69d299dd6ea5836f6c08c2e1d1c0c36ce1f4c4,ACTIVE,POOL_ADMISSION
601616.SH,2026-01-22,aaa2c84f3011fb899c3bb70f6e69d299dd6ea5836f6c08c2e1d1c0c36ce1f4c4,ACTIVE,POOL_OBSERVATION
601616.SH,2026-01-23,aaa2c84f3011fb899c3bb70f6e69d299dd6ea5836f6c08c2e1d1c0c36ce1f4c4,ACTIVE,POOL_OBSERVATION
601616.SH,2026-01-26,aaa2c84f3011fb899c3bb70f6e69d299dd6ea5836f6c08c2e1d1c0c36ce1f4c4,ACTIVE,POOL_OBSERVATION
601616.SH,2026-01-27,aaa2c84f3011fb899c3bb70f6e69d299dd6ea5836f6c08c2e1d1c0c36ce1f4c4,ACTIVE,POOL_OBSERVATION
601616.SH,2026-01-28,aaa2c84f3011fb899c3bb70f6e69d299dd6ea5836f6c08c2e1d1c0c36ce1f4c4,ACTIVE,POOL_OBSERVATION
601616.SH,2026-01-29,aaa2c84f3011fb899c3bb70f6e69d299dd6ea5836f6c08c2e1d1c0c36ce1f4c4,EXPIRED,POOL_EXPIRED
601669.SH,2025-07-24,5d56fb6cab747730148268ef312dcab718e5c906e0760558540021569b5cb43e,ACTIVE,POOL_ADMISSION
601669.SH,2025-07-25,5d56fb6cab747730148268ef312dcab718e5c906e0760558540021569b5cb43e,ACTIVE,POOL_OBSERVATION
601669.SH,2025-07-28,5d56fb6cab747730148268ef312dcab718e5c906e0760558540021569b5cb43e,SIGNALLED,ENTRY_SIGNAL
601669.SH,2025-07-29,5d56fb6cab747730148268ef312dcab718e5c906e0760558540021569b5cb43e,SIGNALLED,EXECUTION_PENDING
601669.SH,2025-07-30,5d56fb6cab747730148268ef312dcab718e5c906e0760558540021569b5cb43e,SIGNALLED,EXECUTION_PENDING
601669.SH,2025-07-31,5d56fb6cab747730148268ef312dcab718e5c906e0760558540021569b5cb43e,SIGNALLED,EXECUTION_PENDING
601669.SH,2025-08-01,5d56fb6cab747730148268ef312dcab718e5c906e0760558540021569b5cb43e,EXPIRED,PENDING_SIGNAL_HORIZON_EXPIRED
601696.SH,2024-10-08,9a457d44b802569d45e0f31fe3af3146f8a1fff40d77f36215b5356ddbf21f99,ACTIVE,POOL_ADMISSION
601696.SH,2024-10-09,9a457d44b802569d45e0f31fe3af3146f8a1fff40d77f36215b5356ddbf21f99,ACTIVE,POOL_OBSERVATION
601696.SH,2024-10-10,9a457d44b802569d45e0f31fe3af3146f8a1fff40d77f36215b5356ddbf21f99,ACTIVE,POOL_OBSERVATION
601696.SH,2024-10-11,9a457d44b802569d45e0f31fe3af3146f8a1fff40d77f36215b5356ddbf21f99,ACTIVE,POOL_OBSERVATION
601696.SH,2024-10-14,9a457d44b802569d45e0f31fe3af3146f8a1fff40d77f36215b5356ddbf21f99,ACTIVE,POOL_OBSERVATION
601696.SH,2024-10-15,9a457d44b802569d45e0f31fe3af3146f8a1fff40d77f36215b5356ddbf21f99,ACTIVE,POOL_OBSERVATION
601696.SH,2024-10-16,9a457d44b802569d45e0f31fe3af3146f8a1fff40d77f36215b5356ddbf21f99,EXPIRED,POOL_EXPIRED
601700.SH,2026-08-06,f9c4c69a0b343574c9defd245ce22bc97ac89d5152313124f45a9d8ce617ccac,ACTIVE,POOL_ADMISSION
601700.SH,2026-08-07,f9c4c69a0b343574c9defd245ce22bc97ac89d5152313124f45a9d8ce617ccac,ACTIVE,POOL_OBSERVATION
601700.SH,2026-08-10,f9c4c69a0b343574c9defd245ce22bc97ac89d5152313124f45a9d8ce617ccac,SIGNALLED,ENTRY_SIGNAL
601700.SH,2026-08-11,f9c4c69a0b343574c9defd245ce22bc97ac89d5152313124f45a9d8ce617ccac,SIGNALLED,EXECUTION_PENDING
601700.SH,2026-08-12,f9c4c69a0b343574c9defd245ce22bc97ac89d5152313124f45a9d8ce617ccac,SIGNALLED,EXECUTION_PENDING
601700.SH,2026-08-13,f9c4c69a0b343574c9defd245ce22bc97ac89d5152313124f45a9d8ce617ccac,SIGNALLED,EXECUTION_PENDING
601700.SH,2026-08-14,f9c4c69a0b343574c9defd245ce22bc97ac89d5152313124f45a9d8ce617ccac,EXPIRED,PENDING_SIGNAL_HORIZON_EXPIRED
601727.SH,2024-10-25,73ffe56e40551458676c28641daaacae5d510866febcab702cc167184222b735,SIGNALLED,ENTRY_SIGNAL
601727.SH,2024-10-28,73ffe56e40551458676c28641daaacae5d510866febcab702cc167184222b735,SIGNALLED,EXECUTION_PENDING
601727.SH,2024-10-29,73ffe56e40551458676c28641daaacae5d510866febcab702cc167184222b735,SIGNALLED,EXECUTION_PENDING
601727.SH,2024-10-30,73ffe56e40551458676c28641daaacae5d510866febcab702cc167184222b735,SIGNALLED,EXECUTION_PENDING
601727.SH,2024-10-31,73ffe56e40551458676c28641daaacae5d510866febcab702cc167184222b735,SIGNALLED,EXECUTION_PENDING
601727.SH,2024-11-01,73ffe56e40551458676c28641daaacae5d510866febcab702cc167184222b735,SIGNALLED,EXECUTION_PENDING
601727.SH,2024-11-04,73ffe56e40551458676c28641daaacae5d510866febcab702cc167184222b735,EXPIRED,PENDING_SIGNAL_HORIZON_EXPIRED
601727.SH,2024-11-08,f35f136e826e514e78d00e41225bae7e8d4ba89589ed07ef88b68d012dfeaeb4,ACTIVE,POOL_ADMISSION
601727.SH,2024-11-11,f35f136e826e514e78d00e41225bae7e8d4ba89589ed07ef88b68d012dfeaeb4,ACTIVE,POOL_OBSERVATION
601727.SH,2024-11-12,f35f136e826e514e78d00e41225bae7e8d4ba89589ed07ef88b68d012dfeaeb4,ACTIVE,POOL_OBSERVATION
601727.SH,2024-11-13,f35f136e826e514e78d00e41225bae7e8d4ba89589ed07ef88b68d012dfeaeb4,ACTIVE,POOL_OBSERVATION
601727.SH,2024-11-14,f35f136e826e514e78d00e41225bae7e8d4ba89589ed07ef88b68d012dfeaeb4,ACTIVE,POOL_OBSERVATION
601727.SH,2024-11-15,f35f136e826e514e78d00e41225bae7e8d4ba89589ed07ef88b68d012dfeaeb4,ACTIVE,POOL_OBSERVATION
601727.SH,2024-11-18,f35f136e826e514e78d00e41225bae7e8d4ba89589ed07ef88b68d012dfeaeb4,EXPIRED,POOL_EXPIRED
601789.SH,2026-03-11,0f75c5b12813528cb93fd89c1e30f1b8b2c0af06896b5e9525d63be6351992d4,ACTIVE,POOL_ADMISSION
601789.SH,2026-03-12,0f75c5b12813528cb93fd89c1e30f1b8b2c0af06896b5e9525d63be6351992d4,ACTIVE,POOL_OBSERVATION
601789.SH,2026-03-13,0f75c5b12813528cb93fd89c1e30f1b8b2c0af06896b5e9525d63be6351992d4,ACTIVE,POOL_OBSERVATION
601789.SH,2026-03-16,0f75c5b12813528cb93fd89c1e30f1b8b2c0af06896b5e9525d63be6351992d4,ACTIVE,POOL_OBSERVATION
601789.SH,2026-03-17,0f75c5b12813528cb93fd89c1e30f1b8b2c0af06896b5e9525d63be6351992d4,ACTIVE,POOL_OBSERVATION
601789.SH,2026-03-18,0f75c5b12813528cb93fd89c1e30f1b8b2c0af06896b5e9525d63be6351992d4,ACTIVE,POOL_OBSERVATION
601789.SH,2026-03-19,0f75c5b12813528cb93fd89c1e30f1b8b2c0af06896b5e9525d63be6351992d4,EXPIRED,POOL_EXPIRED
601811.SH,2026-09-23,38b419c27d4f4f956fcccb2455277e9b7d89494e1a5f0477729aae49f6232df6,ACTIVE,POOL_ADMISSION
601828.SH,2024-09-30,ac15c117991a9eac106d53e38e1bbbe8a33a8763b73a53d1689d6528ebec03a7,ACTIVE,POOL_ADMISSION
601828.SH,2024-10-08,ac15c117991a9eac106d53e38e1bbbe8a33a8763b73a53d1689d6528ebec03a7,ACTIVE,POOL_OBSERVATION
601828.SH,2024-10-09,ac15c117991a9eac106d53e38e1bbbe8a33a8763b73a53d1689d6528ebec03a7,ACTIVE,POOL_OBSERVATION
601828.SH,2024-10-10,ac15c117991a9eac106d53e38e1bbbe8a33a8763b73a53d1689d6528ebec03a7,ACTIVE,POOL_OBSERVATION
601828.SH,2024-10-11,ac15c117991a9eac106d53e38e1bbbe8a33a8763b73a53d1689d6528ebec03a7,ACTIVE,POOL_OBSERVATION
601828.SH,2024-10-14,ac15c117991a9eac106d53e38e1bbbe8a33a8763b73a53d1689d6528ebec03a7,ACTIVE,POOL_OBSERVATION
601828.SH,2024-10-15,ac15c117991a9eac106d53e38e1bbbe8a33a8763b73a53d1689d6528ebec03a7,EXPIRED,POOL_EXPIRED
601929.SH,2025-08-12,ac561b123c3a4a76f2018d63982ce01e722014e9a0535e658df200c65708f977,ACTIVE,POOL_ADMISSION
601929.SH,2025-08-13,ac561b123c3a4a76f2018d63982ce01e722014e9a0535e658df200c65708f977,ACTIVE,POOL_OBSERVATION
601929.SH,2025-08-14,ac561b123c3a4a76f2018d63982ce01e722014e9a0535e658df200c65708f977,ACTIVE,POOL_OBSERVATION
601929.SH,2025-08-15,ac561b123c3a4a76f2018d63982ce01e722014e9a0535e658df200c65708f977,ACTIVE,POOL_OBSERVATION
601929.SH,2025-08-18,ac561b123c3a4a76f2018d63982ce01e722014e9a0535e658df200c65708f977,ACTIVE,POOL_OBSERVATION
601929.SH,2025-08-19,ac561b123c3a4a76f2018d63982ce01e722014e9a0535e658df200c65708f977,SIGNALLED,ENTRY_SIGNAL
601929.SH,2025-08-20,ac561b123c3a4a76f2018d63982ce01e722014e9a0535e658df200c65708f977,EXPIRED,PENDING_SIGNAL_HORIZON_EXPIRED
601933.SH,2024-09-27,97efcb68ccf726148823809ff3e2ac8a3268dea08da513259f7534564806bf27,ACTIVE,POOL_ADMISSION
601933.SH,2024-09-30,97efcb68ccf726148823809ff3e2ac8a3268dea08da513259f7534564806bf27,ACTIVE,POOL_OBSERVATION
601933.SH,2024-10-08,97efcb68ccf726148823809ff3e2ac8a3268dea08da513259f7534564806bf27,ACTIVE,POOL_OBSERVATION
601933.SH,2024-10-09,97efcb68ccf726148823809ff3e2ac8a3268dea08da513259f7534564806bf27,ACTIVE,POOL_OBSERVATION
601933.SH,2024-10-10,97efcb68ccf726148823809ff3e2ac8a3268dea08da513259f7534564806bf27,ACTIVE,POOL_OBSERVATION
601933.SH,2024-10-11,97efcb68ccf726148823809ff3e2ac8a3268dea08da513259f7534564806bf27,ACTIVE,POOL_OBSERVATION
601933.SH,2024-10-14,97efcb68ccf726148823809ff3e2ac8a3268dea08da513259f7534564806bf27,EXPIRED,POOL_EXPIRED
601956.SH,2025-04-28,b22ccf6b7231832e45e2b52440f98477e8e6c02a1413c1f8b54f645f85bf267a,ACTIVE,POOL_ADMISSION
601956.SH,2025-04-29,b22ccf6b7231832e45e2b52440f98477e8e6c02a1413c1f8b54f645f85bf267a,ACTIVE,POOL_OBSERVATION
601956.SH,2025-04-30,b22ccf6b7231832e45e2b52440f98477e8e6c02a1413c1f8b54f645f85bf267a,ACTIVE,POOL_OBSERVATION
601956.SH,2025-05-06,b22ccf6b7231832e45e2b52440f98477e8e6c02a1413c1f8b54f645f85bf267a,ACTIVE,POOL_OBSERVATION
601956.SH,2025-05-07,b22ccf6b7231832e45e2b52440f98477e8e6c02a1413c1f8b54f645f85bf267a,ACTIVE,POOL_OBSERVATION
601956.SH,2025-05-08,b22ccf6b7231832e45e2b52440f98477e8e6c02a1413c1f8b54f645f85bf267a,ACTIVE,POOL_OBSERVATION
601956.SH,2025-05-09,b22ccf6b7231832e45e2b52440f98477e8e6c02a1413c1f8b54f645f85bf267a,EXPIRED,POOL_EXPIRED
601991.SH,2026-05-11,92bd0a3b88ceedcb43a47fe55a949dbb6f8ac6282ec2554722bd18153c673c90,ACTIVE,POOL_ADMISSION
601991.SH,2026-05-12,92bd0a3b88ceedcb43a47fe55a949dbb6f8ac6282ec2554722bd18153c673c90,ACTIVE,POOL_OBSERVATION
601991.SH,2026-05-13,92bd0a3b88ceedcb43a47fe55a949dbb6f8ac6282ec2554722bd18153c673c90,ACTIVE,POOL_OBSERVATION
601991.SH,2026-05-14,92bd0a3b88ceedcb43a47fe55a949dbb6f8ac6282ec2554722bd18153c673c90,ACTIVE,POOL_OBSERVATION
601991.SH,2026-05-15,92bd0a3b88ceedcb43a47fe55a949dbb6f8ac6282ec2554722bd18153c673c90,SIGNALLED,ENTRY_SIGNAL
601991.SH,2026-05-18,92bd0a3b88ceedcb43a47fe55a949dbb6f8ac6282ec2554722bd18153c673c90,SIGNALLED,EXECUTION_PENDING
601991.SH,2026-05-19,92bd0a3b88ceedcb43a47fe55a949dbb6f8ac6282ec2554722bd18153c673c90,EXPIRED,PENDING_SIGNAL_HORIZON_EXPIRED
603000.SH,2026-01-15,3e2e8e8e5a61d7f81bf3349a360e95a3e608a8a5f21f05b623e885d57f594116,ACTIVE,POOL_ADMISSION
603000.SH,2026-01-16,3e2e8e8e5a61d7f81bf3349a360e95a3e608a8a5f21f05b623e885d57f594116,ACTIVE,POOL_OBSERVATION
603000.SH,2026-01-19,3e2e8e8e5a61d7f81bf3349a360e95a3e608a8a5f21f05b623e885d57f594116,ACTIVE,POOL_OBSERVATION
603000.SH,2026-01-20,3e2e8e8e5a61d7f81bf3349a360e95a3e608a8a5f21f05b623e885d57f594116,ACTIVE,POOL_OBSERVATION
603000.SH,2026-01-21,3e2e8e8e5a61d7f81bf3349a360e95a3e608a8a5f21f05b623e885d57f594116,ACTIVE,POOL_OBSERVATION
603000.SH,2026-01-22,3e2e8e8e5a61d7f81bf3349a360e95a3e608a8a5f21f05b623e885d57f594116,ACTIVE,POOL_OBSERVATION
603000.SH,2026-01-23,3e2e8e8e5a61d7f81bf3349a360e95a3e608a8a5f21f05b623e885d57f594116,EXPIRED,POOL_EXPIRED
603002.SH,2026-06-22,66a0ca1553b3ffcb1c388c162c58380789828ae698f40c3011bd235ef6dd883d,ACTIVE,POOL_ADMISSION
603002.SH,2026-06-23,66a0ca1553b3ffcb1c388c162c58380789828ae698f40c3011bd235ef6dd883d,ACTIVE,POOL_OBSERVATION
603002.SH,2026-06-24,66a0ca1553b3ffcb1c388c162c58380789828ae698f40c3011bd235ef6dd883d,ACTIVE,POOL_OBSERVATION
603002.SH,2026-06-25,66a0ca1553b3ffcb1c388c162c58380789828ae698f40c3011bd235ef6dd883d,ACTIVE,POOL_OBSERVATION
603002.SH,2026-06-26,66a0ca1553b3ffcb1c388c162c58380789828ae698f40c3011bd235ef6dd883d,SIGNALLED,ENTRY_SIGNAL
603002.SH,2026-06-29,66a0ca1553b3ffcb1c388c162c58380789828ae698f40c3011bd235ef6dd883d,SIGNALLED,EXECUTION_PENDING
603002.SH,2026-06-30,66a0ca1553b3ffcb1c388c162c58380789828ae698f40c3011bd235ef6dd883d,EXPIRED,PENDING_SIGNAL_HORIZON_EXPIRED
603004.SH,2024-11-21,773393c0762865a073b672be8a5c024ceeb02814467d8c0d161a70c5517caf48,ACTIVE,POOL_ADMISSION
603004.SH,2024-11-22,773393c0762865a073b672be8a5c024ceeb02814467d8c0d161a70c5517caf48,ACTIVE,POOL_OBSERVATION
603004.SH,2024-11-25,773393c0762865a073b672be8a5c024ceeb02814467d8c0d161a70c5517caf48,ACTIVE,POOL_OBSERVATION
603004.SH,2024-11-26,773393c0762865a073b672be8a5c024ceeb02814467d8c0d161a70c5517caf48,ACTIVE,POOL_OBSERVATION
603004.SH,2024-11-27,773393c0762865a073b672be8a5c024ceeb02814467d8c0d161a70c5517caf48,ACTIVE,POOL_OBSERVATION
603004.SH,2024-11-28,773393c0762865a073b672be8a5c024ceeb02814467d8c0d161a70c5517caf48,ACTIVE,POOL_OBSERVATION
603004.SH,2024-11-29,773393c0762865a073b672be8a5c024ceeb02814467d8c0d161a70c5517caf48,EXPIRED,POOL_EXPIRED
603011.SH,2025-03-28,82389ca0f92606f20bfb8892d1008acc8e70d89f18ef99df410c79f17d057306,ACTIVE,POOL_ADMISSION
603011.SH,2025-03-31,82389ca0f92606f20bfb8892d1008acc8e70d89f18ef99df410c79f17d057306,SIGNALLED,ENTRY_SIGNAL
603011.SH,2025-04-01,82389ca0f92606f20bfb8892d1008acc8e70d89f18ef99df410c79f17d057306,SIGNALLED,EXECUTION_PENDING
603011.SH,2025-04-02,82389ca0f92606f20bfb8892d1008acc8e70d89f18ef99df410c79f17d057306,SIGNALLED,EXECUTION_PENDING
603011.SH,2025-04-03,82389ca0f92606f20bfb8892d1008acc8e70d89f18ef99df410c79f17d057306,SIGNALLED,EXECUTION_PENDING
603011.SH,2025-04-07,82389ca0f92606f20bfb8892d1008acc8e70d89f18ef99df410c79f17d057306,SIGNALLED,EXECUTION_PENDING
603011.SH,2025-04-08,82389ca0f92606f20bfb8892d1008acc8e70d89f18ef99df410c79f17d057306,EXPIRED,PENDING_SIGNAL_HORIZON_EXPIRED
603011.SH,2025-10-13,7640ba45072092fd3a2d43e0b0cdd00727631fb9157dfa61e6d104239323a55a,ACTIVE,POOL_ADMISSION
603011.SH,2025-10-14,7640ba45072092fd3a2d43e0b0cdd00727631fb9157dfa61e6d104239323a55a,ACTIVE,POOL_OBSERVATION
603011.SH,2025-10-15,7640ba45072092fd3a2d43e0b0cdd00727631fb9157dfa61e6d104239323a55a,SIGNALLED,ENTRY_SIGNAL
603011.SH,2025-10-16,7640ba45072092fd3a2d43e0b0cdd00727631fb9157dfa61e6d104239323a55a,SIGNALLED,EXECUTION_PENDING
603011.SH,2025-10-17,7640ba45072092fd3a2d43e0b0cdd00727631fb9157dfa61e6d104239323a55a,SIGNALLED,EXECUTION_PENDING
603011.SH,2025-10-20,7640ba45072092fd3a2d43e0b0cdd00727631fb9157dfa61e6d104239323a55a,SIGNALLED,EXECUTION_PENDING
603011.SH,2025-10-21,7640ba45072092fd3a2d43e0b0cdd00727631fb9157dfa61e6d104239323a55a,EXPIRED,PENDING_SIGNAL_HORIZON_EXPIRED
603011.SH,2026-06-01,91ff50f145940e3955ba9ece61b37192f9ef9928c85b0a93a708378c43bbf78e,ACTIVE,POOL_ADMISSION
603011.SH,2026-06-02,91ff50f145940e3955ba9ece61b37192f9ef9928c85b0a93a708378c43bbf78e,SIGNALLED,ENTRY_SIGNAL
603011.SH,2026-06-03,91ff50f145940e3955ba9ece61b37192f9ef9928c85b0a93a708378c43bbf78e,SIGNALLED,EXECUTION_PENDING
603011.SH,2026-06-04,91ff50f145940e3955ba9ece61b37192f9ef9928c85b0a93a708378c43bbf78e,SIGNALLED,EXECUTION_PENDING
603011.SH,2026-06-05,91ff50f145940e3955ba9ece61b37192f9ef9928c85b0a93a708378c43bbf78e,SIGNALLED,EXECUTION_PENDING
603011.SH,2026-06-08,91ff50f145940e3955ba9ece61b37192f9ef9928c85b0a93a708378c43bbf78e,SIGNALLED,EXECUTION_PENDING
603011.SH,2026-06-09,91ff50f145940e3955ba9ece61b37192f9ef9928c85b0a93a708378c43bbf78e,EXPIRED,PENDING_SIGNAL_HORIZON_EXPIRED
603015.SH,2024-11-22,bd74100af77ce4b3054abd9178b12cc76b82b667627a36328f7ab9c12ff47176,ACTIVE,POOL_ADMISSION
603015.SH,2024-11-25,bd74100af77ce4b3054abd9178b12cc76b82b667627a36328f7ab9c12ff47176,ACTIVE,POOL_OBSERVATION
603015.SH,2024-11-26,bd74100af77ce4b3054abd9178b12cc76b82b667627a36328f7ab9c12ff47176,ACTIVE,POOL_OBSERVATION
603015.SH,2024-11-27,bd74100af77ce4b3054abd9178b12cc76b82b667627a36328f7ab9c12ff47176,ACTIVE,POOL_OBSERVATION
603015.SH,2024-11-28,bd74100af77ce4b3054abd9178b12cc76b82b667627a36328f7ab9c12ff47176,ACTIVE,POOL_OBSERVATION
603015.SH,2024-11-29,bd74100af77ce4b3054abd9178b12cc76b82b667627a36328f7ab9c12ff47176,ACTIVE,POOL_OBSERVATION
603015.SH,2024-12-02,bd74100af77ce4b3054abd9178b12cc76b82b667627a36328f7ab9c12ff47176,EXPIRED,POOL_EXPIRED
603015.SH,2025-01-14,4fc56bab8b90219793e9a548d3ab1637ea4ed30b3fa6b498b8317e4d4a85c22c,SIGNALLED,ENTRY_SIGNAL
603015.SH,2025-01-15,4fc56bab8b90219793e9a548d3ab1637ea4ed30b3fa6b498b8317e4d4a85c22c,SIGNALLED,EXECUTION_PENDING
603015.SH,2025-01-16,4fc56bab8b90219793e9a548d3ab1637ea4ed30b3fa6b498b8317e4d4a85c22c,SIGNALLED,EXECUTION_PENDING
603015.SH,2025-01-17,4fc56bab8b90219793e9a548d3ab1637ea4ed30b3fa6b498b8317e4d4a85c22c,SIGNALLED,EXECUTION_PENDING
603015.SH,2025-01-20,4fc56bab8b90219793e9a548d3ab1637ea4ed30b3fa6b498b8317e4d4a85c22c,SIGNALLED,EXECUTION_PENDING
603015.SH,2025-01-21,4fc56bab8b90219793e9a548d3ab1637ea4ed30b3fa6b498b8317e4d4a85c22c,SIGNALLED,EXECUTION_PENDING
603015.SH,2025-01-22,4fc56bab8b90219793e9a548d3ab1637ea4ed30b3fa6b498b8317e4d4a85c22c,EXPIRED,PENDING_SIGNAL_HORIZON_EXPIRED
603015.SH,2026-01-12,23b0eb0434b35445b5127e5844388b425d868c5537b5eff1d8fcf84a23a37895,ACTIVE,POOL_ADMISSION
603015.SH,2026-01-13,23b0eb0434b35445b5127e5844388b425d868c5537b5eff1d8fcf84a23a37895,ACTIVE,POOL_OBSERVATION
603015.SH,2026-01-14,23b0eb0434b35445b5127e5844388b425d868c5537b5eff1d8fcf84a23a37895,ACTIVE,POOL_OBSERVATION
603015.SH,2026-01-15,23b0eb0434b35445b5127e5844388b425d868c5537b5eff1d8fcf84a23a37895,ACTIVE,POOL_OBSERVATION
603015.SH,2026-01-16,23b0eb0434b35445b5127e5844388b425d868c5537b5eff1d8fcf84a23a37895,ACTIVE,POOL_OBSERVATION
603015.SH,2026-01-19,23b0eb0434b35445b5127e5844388b425d868c5537b5eff1d8fcf84a23a37895,ACTIVE,POOL_OBSERVATION
603015.SH,2026-01-20,23b0eb0434b35445b5127e5844388b425d868c5537b5eff1d8fcf84a23a37895,EXPIRED,POOL_EXPIRED
603017.SH,2025-06-06,7145d6dd6587e84bc6678f0a4358f3e5f3b9fb5337e82f3d1a2d44a5ec10bdac,ACTIVE,POOL_ADMISSION
603017.SH,2025-06-09,7145d6dd6587e84bc6678f0a4358f3e5f3b9fb5337e82f3d1a2d44a5ec10bdac,SIGNALLED,ENTRY_SIGNAL
603017.SH,2025-06-10,7145d6dd6587e84bc6678f0a4358f3e5f3b9fb5337e82f3d1a2d44a5ec10bdac,SIGNALLED,EXECUTION_PENDING
603017.SH,2025-06-11,7145d6dd6587e84bc6678f0a4358f3e5f3b9fb5337e82f3d1a2d44a5ec10bdac,SIGNALLED,EXECUTION_PENDING
603017.SH,2025-06-12,7145d6dd6587e84bc6678f0a4358f3e5f3b9fb5337e82f3d1a2d44a5ec10bdac,SIGNALLED,EXECUTION_PENDING
603017.SH,2025-06-13,7145d6dd6587e84bc6678f0a4358f3e5f3b9fb5337e82f3d1a2d44a5ec10bdac,SIGNALLED,EXECUTION_PENDING
603017.SH,2025-06-16,7145d6dd6587e84bc6678f0a4358f3e5f3b9fb5337e82f3d1a2d44a5ec10bdac,EXPIRED,PENDING_SIGNAL_HORIZON_EXPIRED
603021.SH,2024-10-23,dfddf39f3915b750658872ecc8294e62304decfcd79fe0a0309c38c357fa6f80,ACTIVE,POOL_ADMISSION
603021.SH,2024-10-24,dfddf39f3915b750658872ecc8294e62304decfcd79fe0a0309c38c357fa6f80,ACTIVE,POOL_OBSERVATION
603021.SH,2024-10-25,dfddf39f3915b750658872ecc8294e62304decfcd79fe0a0309c38c357fa6f80,ACTIVE,POOL_OBSERVATION
603021.SH,2024-10-28,dfddf39f3915b750658872ecc8294e62304decfcd79fe0a0309c38c357fa6f80,ACTIVE,POOL_OBSERVATION
603021.SH,2024-10-29,dfddf39f3915b750658872ecc8294e62304decfcd79fe0a0309c38c357fa6f80,ACTIVE,POOL_OBSERVATION
603021.SH,2024-10-30,dfddf39f3915b750658872ecc8294e62304decfcd79fe0a0309c38c357fa6f80,SIGNALLED,ENTRY_SIGNAL
603021.SH,2024-10-31,dfddf39f3915b750658872ecc8294e62304decfcd79fe0a0309c38c357fa6f80,EXPIRED,PENDING_SIGNAL_HORIZON_EXPIRED
603022.SH,2025-06-25,b2b4227b43b320d926a35900020545863f78f329bdff96b2d3135c38c2b54d2b,ACTIVE,POOL_ADMISSION
603022.SH,2025-06-26,b2b4227b43b320d926a35900020545863f78f329bdff96b2d3135c38c2b54d2b,ACTIVE,POOL_OBSERVATION
603022.SH,2025-06-27,b2b4227b43b320d926a35900020545863f78f329bdff96b2d3135c38c2b54d2b,ACTIVE,POOL_OBSERVATION
603022.SH,2025-06-30,b2b4227b43b320d926a35900020545863f78f329bdff96b2d3135c38c2b54d2b,ACTIVE,POOL_OBSERVATION
603022.SH,2025-07-01,b2b4227b43b320d926a35900020545863f78f329bdff96b2d3135c38c2b54d2b,ACTIVE,POOL_OBSERVATION
603022.SH,2025-07-02,b2b4227b43b320d926a35900020545863f78f329bdff96b2d3135c38c2b54d2b,ACTIVE,POOL_OBSERVATION
603022.SH,2025-07-03,b2b4227b43b320d926a35900020545863f78f329bdff96b2d3135c38c2b54d2b,EXPIRED,POOL_EXPIRED
603030.SH,2025-05-07,c3adc845a3229b5356f926ab176df3b8245f716b98ed92cb9bc7b0727011fd78,ACTIVE,POOL_ADMISSION
603030.SH,2025-05-08,c3adc845a3229b5356f926ab176df3b8245f716b98ed92cb9bc7b0727011fd78,ACTIVE,POOL_OBSERVATION
603030.SH,2025-05-09,c3adc845a3229b5356f926ab176df3b8245f716b98ed92cb9bc7b0727011fd78,ACTIVE,POOL_OBSERVATION
603030.SH,2025-05-12,c3adc845a3229b5356f926ab176df3b8245f716b98ed92cb9bc7b0727011fd78,ACTIVE,POOL_OBSERVATION
603030.SH,2025-05-13,c3adc845a3229b5356f926ab176df3b8245f716b98ed92cb9bc7b0727011fd78,ACTIVE,POOL_OBSERVATION
603030.SH,2025-05-14,c3adc845a3229b5356f926ab176df3b8245f716b98ed92cb9bc7b0727011fd78,ACTIVE,POOL_OBSERVATION
603030.SH,2025-05-15,c3adc845a3229b5356f926ab176df3b8245f716b98ed92cb9bc7b0727011fd78,EXPIRED,POOL_EXPIRED
603038.SH,2024-10-16,cf2a77b4e7e8c6c358bab8ed85727a707247d5d46a38374eef1c750be31de3bc,ACTIVE,POOL_ADMISSION
603038.SH,2024-10-17,cf2a77b4e7e8c6c358bab8ed85727a707247d5d46a38374eef1c750be31de3bc,ACTIVE,POOL_OBSERVATION
603038.SH,2024-10-18,cf2a77b4e7e8c6c358bab8ed85727a707247d5d46a38374eef1c750be31de3bc,ACTIVE,POOL_OBSERVATION
603038.SH,2024-10-21,cf2a77b4e7e8c6c358bab8ed85727a707247d5d46a38374eef1c750be31de3bc,ACTIVE,POOL_OBSERVATION
603038.SH,2024-10-22,cf2a77b4e7e8c6c358bab8ed85727a707247d5d46a38374eef1c750be31de3bc,ACTIVE,POOL_OBSERVATION
603038.SH,2024-10-23,cf2a77b4e7e8c6c358bab8ed85727a707247d5d46a38374eef1c750be31de3bc,SIGNALLED,ENTRY_SIGNAL
603038.SH,2024-10-24,cf2a77b4e7e8c6c358bab8ed85727a707247d5d46a38374eef1c750be31de3bc,EXPIRED,PENDING_SIGNAL_HORIZON_EXPIRED
603038.SH,2024-10-25,2b9e81f7bf750ca316518795b8bba079ae610900c69dce343c36b15d8d5e9751,ACTIVE,POOL_ADMISSION
603038.SH,2024-10-28,2b9e81f7bf750ca316518795b8bba079ae610900c69dce343c36b15d8d5e9751,ACTIVE,POOL_OBSERVATION
603038.SH,2024-10-29,2b9e81f7bf750ca316518795b8bba079ae610900c69dce343c36b15d8d5e9751,ACTIVE,POOL_OBSERVATION
603038.SH,2024-10-30,2b9e81f7bf750ca316518795b8bba079ae610900c69dce343c36b15d8d5e9751,SIGNALLED,ENTRY_SIGNAL
603038.SH,2024-10-31,2b9e81f7bf750ca316518795b8bba079ae610900c69dce343c36b15d8d5e9751,SIGNALLED,EXECUTION_PENDING
603038.SH,2024-11-01,2b9e81f7bf750ca316518795b8bba079ae610900c69dce343c36b15d8d5e9751,SIGNALLED,EXECUTION_PENDING
603038.SH,2024-11-04,2b9e81f7bf750ca316518795b8bba079ae610900c69dce343c36b15d8d5e9751,EXPIRED,PENDING_SIGNAL_HORIZON_EXPIRED
603045.SH,2026-05-08,a5c609d1df1eb75bf52df6b306100f77b7a2a289b7fe7921831fb4f7ada3edd8,ACTIVE,POOL_ADMISSION
603045.SH,2026-05-11,a5c609d1df1eb75bf52df6b306100f77b7a2a289b7fe7921831fb4f7ada3edd8,ACTIVE,POOL_OBSERVATION
603045.SH,2026-05-12,a5c609d1df1eb75bf52df6b306100f77b7a2a289b7fe7921831fb4f7ada3edd8,ACTIVE,POOL_OBSERVATION
603045.SH,2026-05-13,a5c609d1df1eb75bf52df6b306100f77b7a2a289b7fe7921831fb4f7ada3edd8,ACTIVE,POOL_OBSERVATION
603045.SH,2026-05-14,a5c609d1df1eb75bf52df6b306100f77b7a2a289b7fe7921831fb4f7ada3edd8,ACTIVE,POOL_OBSERVATION
603045.SH,2026-05-15,a5c609d1df1eb75bf52df6b306100f77b7a2a289b7fe7921831fb4f7ada3edd8,ACTIVE,POOL_OBSERVATION
603045.SH,2026-05-18,a5c609d1df1eb75bf52df6b306100f77b7a2a289b7fe7921831fb4f7ada3edd8,EXPIRED,POOL_EXPIRED
603048.SH,2025-03-07,3b1d3c96f1cf056916c29aebf4a4cea8b08c1e50eb8002391a552092d2319445,ACTIVE,POOL_ADMISSION
603048.SH,2025-03-10,3b1d3c96f1cf056916c29aebf4a4cea8b08c1e50eb8002391a552092d2319445,ACTIVE,POOL_OBSERVATION
603048.SH,2025-03-11,3b1d3c96f1cf056916c29aebf4a4cea8b08c1e50eb8002391a552092d2319445,ACTIVE,POOL_OBSERVATION
603048.SH,2025-03-12,3b1d3c96f1cf056916c29aebf4a4cea8b08c1e50eb8002391a552092d2319445,ACTIVE,POOL_OBSERVATION
603048.SH,2025-03-13,3b1d3c96f1cf056916c29aebf4a4cea8b08c1e50eb8002391a552092d2319445,ACTIVE,POOL_OBSERVATION
603048.SH,2025-03-14,3b1d3c96f1cf056916c29aebf4a4cea8b08c1e50eb8002391a552092d2319445,ACTIVE,POOL_OBSERVATION
603048.SH,2025-03-17,3b1d3c96f1cf056916c29aebf4a4cea8b08c1e50eb8002391a552092d2319445,EXPIRED,POOL_EXPIRED
603059.SH,2025-08-05,61430f6b9df595e42a24493da2a3c29b3e2b133a1f1afb6d1a05c90454096cc7,ACTIVE,POOL_ADMISSION
603059.SH,2025-08-06,61430f6b9df595e42a24493da2a3c29b3e2b133a1f1afb6d1a05c90454096cc7,ACTIVE,POOL_OBSERVATION
603059.SH,2025-08-07,61430f6b9df595e42a24493da2a3c29b3e2b133a1f1afb6d1a05c90454096cc7,ACTIVE,POOL_OBSERVATION
603059.SH,2025-08-08,61430f6b9df595e42a24493da2a3c29b3e2b133a1f1afb6d1a05c90454096cc7,ACTIVE,POOL_OBSERVATION
603059.SH,2025-08-11,61430f6b9df595e42a24493da2a3c29b3e2b133a1f1afb6d1a05c90454096cc7,ACTIVE,POOL_OBSERVATION
603059.SH,2025-08-12,61430f6b9df595e42a24493da2a3c29b3e2b133a1f1afb6d1a05c90454096cc7,ACTIVE,POOL_OBSERVATION
603059.SH,2025-08-13,61430f6b9df595e42a24493da2a3c29b3e2b133a1f1afb6d1a05c90454096cc7,EXPIRED,POOL_EXPIRED
603063.SH,2025-01-09,23fc764c06145bec7af14cda2d95e04b6ce11ecfa76ead36fe8e2155930282bc,ACTIVE,POOL_ADMISSION
603063.SH,2025-01-10,23fc764c06145bec7af14cda2d95e04b6ce11ecfa76ead36fe8e2155930282bc,ACTIVE,POOL_OBSERVATION
603063.SH,2025-01-13,23fc764c06145bec7af14cda2d95e04b6ce11ecfa76ead36fe8e2155930282bc,ACTIVE,POOL_OBSERVATION
603063.SH,2025-01-14,23fc764c06145bec7af14cda2d95e04b6ce11ecfa76ead36fe8e2155930282bc,SIGNALLED,ENTRY_SIGNAL
603063.SH,2025-01-15,23fc764c06145bec7af14cda2d95e04b6ce11ecfa76ead36fe8e2155930282bc,SIGNALLED,EXECUTION_PENDING
603063.SH,2025-01-16,23fc764c06145bec7af14cda2d95e04b6ce11ecfa76ead36fe8e2155930282bc,SIGNALLED,EXECUTION_PENDING
603063.SH,2025-01-17,23fc764c06145bec7af14cda2d95e04b6ce11ecfa76ead36fe8e2155930282bc,EXPIRED,PENDING_SIGNAL_HORIZON_EXPIRED
603078.SH,2026-01-22,d7ff22840c314480f142bba9208e12459c0218696181c9e92fc1ea302c5def9b,ACTIVE,POOL_ADMISSION
603078.SH,2026-01-23,d7ff22840c314480f142bba9208e12459c0218696181c9e92fc1ea302c5def9b,ACTIVE,POOL_OBSERVATION
603078.SH,2026-01-26,d7ff22840c314480f142bba9208e12459c0218696181c9e92fc1ea302c5def9b,ACTIVE,POOL_OBSERVATION
603078.SH,2026-01-27,d7ff22840c314480f142bba9208e12459c0218696181c9e92fc1ea302c5def9b,SIGNALLED,ENTRY_SIGNAL
603078.SH,2026-01-28,d7ff22840c314480f142bba9208e12459c0218696181c9e92fc1ea302c5def9b,SIGNALLED,EXECUTION_PENDING
603078.SH,2026-01-29,d7ff22840c314480f142bba9208e12459c0218696181c9e92fc1ea302c5def9b,SIGNALLED,EXECUTION_PENDING
603078.SH,2026-01-30,d7ff22840c314480f142bba9208e12459c0218696181c9e92fc1ea302c5def9b,EXPIRED,PENDING_SIGNAL_HORIZON_EXPIRED
603082.SH,2026-05-19,4b09773a27cbd862c3048d8318256e4efe01585438467d50c707dee90cc8b67b,ACTIVE,POOL_ADMISSION
603082.SH,2026-05-20,4b09773a27cbd862c3048d8318256e4efe01585438467d50c707dee90cc8b67b,ACTIVE,POOL_OBSERVATION
603082.SH,2026-05-21,4b09773a27cbd862c3048d8318256e4efe01585438467d50c707dee90cc8b67b,ACTIVE,POOL_OBSERVATION
603082.SH,2026-05-22,4b09773a27cbd862c3048d8318256e4efe01585438467d50c707dee90cc8b67b,ACTIVE,POOL_OBSERVATION
603082.SH,2026-05-25,4b09773a27cbd862c3048d8318256e4efe01585438467d50c707dee90cc8b67b,ACTIVE,POOL_OBSERVATION
603082.SH,2026-05-26,4b09773a27cbd862c3048d8318256e4efe01585438467d50c707dee90cc8b67b,ACTIVE,POOL_OBSERVATION
603082.SH,2026-05-27,4b09773a27cbd862c3048d8318256e4efe01585438467d50c707dee90cc8b67b,EXPIRED,POOL_EXPIRED
603086.SH,2025-02-18,afc30d568327bd020c8a493304aa6bd6172e5812045d5a47d8f99279fe37ab9e,ACTIVE,POOL_ADMISSION
603086.SH,2025-02-19,afc30d568327bd020c8a493304aa6bd6172e5812045d5a47d8f99279fe37ab9e,ACTIVE,POOL_OBSERVATION
603086.SH,2025-02-20,afc30d568327bd020c8a493304aa6bd6172e5812045d5a47d8f99279fe37ab9e,ACTIVE,POOL_OBSERVATION
603086.SH,2025-02-21,afc30d568327bd020c8a493304aa6bd6172e5812045d5a47d8f99279fe37ab9e,ACTIVE,POOL_OBSERVATION
603086.SH,2025-02-24,afc30d568327bd020c8a493304aa6bd6172e5812045d5a47d8f99279fe37ab9e,ACTIVE,POOL_OBSERVATION
603086.SH,2025-02-25,afc30d568327bd020c8a493304aa6bd6172e5812045d5a47d8f99279fe37ab9e,ACTIVE,POOL_OBSERVATION
603086.SH,2025-02-26,afc30d568327bd020c8a493304aa6bd6172e5812045d5a47d8f99279fe37ab9e,EXPIRED,POOL_EXPIRED
603086.SH,2025-04-24,a802c315119eb0ef4cf86662afda92e61bd338c4cee329e08b4cd7fd98ab1a2d,ACTIVE,POOL_ADMISSION
603086.SH,2025-04-25,a802c315119eb0ef4cf86662afda92e61bd338c4cee329e08b4cd7fd98ab1a2d,ACTIVE,POOL_OBSERVATION
603086.SH,2025-04-28,a802c315119eb0ef4cf86662afda92e61bd338c4cee329e08b4cd7fd98ab1a2d,ACTIVE,POOL_OBSERVATION
603086.SH,2025-04-29,a802c315119eb0ef4cf86662afda92e61bd338c4cee329e08b4cd7fd98ab1a2d,SIGNALLED,ENTRY_SIGNAL
603086.SH,2025-04-30,a802c315119eb0ef4cf86662afda92e61bd338c4cee329e08b4cd7fd98ab1a2d,SIGNALLED,EXECUTION_PENDING
603086.SH,2025-05-06,a802c315119eb0ef4cf86662afda92e61bd338c4cee329e08b4cd7fd98ab1a2d,SIGNALLED,EXECUTION_PENDING
603086.SH,2025-05-07,a802c315119eb0ef4cf86662afda92e61bd338c4cee329e08b4cd7fd98ab1a2d,EXPIRED,PENDING_SIGNAL_HORIZON_EXPIRED
603088.SH,2024-12-10,01d25b4c82693619fbc03caf4bc7f537afc1ad65754dada74042258e1460148c,ACTIVE,POOL_ADMISSION
603088.SH,2024-12-11,01d25b4c82693619fbc03caf4bc7f537afc1ad65754dada74042258e1460148c,ACTIVE,POOL_OBSERVATION
603088.SH,2024-12-12,01d25b4c82693619fbc03caf4bc7f537afc1ad65754dada74042258e1460148c,ACTIVE,POOL_OBSERVATION
603088.SH,2024-12-13,01d25b4c82693619fbc03caf4bc7f537afc1ad65754dada74042258e1460148c,ACTIVE,POOL_OBSERVATION
603088.SH,2024-12-16,01d25b4c82693619fbc03caf4bc7f537afc1ad65754dada74042258e1460148c,ACTIVE,POOL_OBSERVATION
603088.SH,2024-12-17,01d25b4c82693619fbc03caf4bc7f537afc1ad65754dada74042258e1460148c,ACTIVE,POOL_OBSERVATION
603088.SH,2024-12-18,01d25b4c82693619fbc03caf4bc7f537afc1ad65754dada74042258e1460148c,EXPIRED,POOL_EXPIRED
603093.SH,2025-06-09,c41092a1970a6373c9a922e9ad43ec31e9d4100d3a044d8a204daf43d70e84ca,SIGNALLED,ENTRY_SIGNAL
603093.SH,2025-06-10,c41092a1970a6373c9a922e9ad43ec31e9d4100d3a044d8a204daf43d70e84ca,SIGNALLED,EXECUTION_PENDING
603093.SH,2025-06-11,c41092a1970a6373c9a922e9ad43ec31e9d4100d3a044d8a204daf43d70e84ca,SIGNALLED,EXECUTION_PENDING
603093.SH,2025-06-12,c41092a1970a6373c9a922e9ad43ec31e9d4100d3a044d8a204daf43d70e84ca,SIGNALLED,EXECUTION_PENDING
603093.SH,2025-06-13,c41092a1970a6373c9a922e9ad43ec31e9d4100d3a044d8a204daf43d70e84ca,SIGNALLED,EXECUTION_PENDING
603093.SH,2025-06-16,c41092a1970a6373c9a922e9ad43ec31e9d4100d3a044d8a204daf43d70e84ca,SIGNALLED,EXECUTION_PENDING
603093.SH,2025-06-17,c41092a1970a6373c9a922e9ad43ec31e9d4100d3a044d8a204daf43d70e84ca,EXPIRED,PENDING_SIGNAL_HORIZON_EXPIRED
603095.SH,2024-10-25,dc16dad8e6dc567f1914f71674d025df4700537281c5a67f156b0f088c072c00,ACTIVE,POOL_ADMISSION
603095.SH,2024-10-28,dc16dad8e6dc567f1914f71674d025df4700537281c5a67f156b0f088c072c00,ACTIVE,POOL_OBSERVATION
603095.SH,2024-10-29,dc16dad8e6dc567f1914f71674d025df4700537281c5a67f156b0f088c072c00,ACTIVE,POOL_OBSERVATION
603095.SH,2024-10-30,dc16dad8e6dc567f1914f71674d025df4700537281c5a67f156b0f088c072c00,ACTIVE,POOL_OBSERVATION
603095.SH,2024-10-31,dc16dad8e6dc567f1914f71674d025df4700537281c5a67f156b0f088c072c00,ACTIVE,POOL_OBSERVATION
603095.SH,2024-11-01,dc16dad8e6dc567f1914f71674d025df4700537281c5a67f156b0f088c072c00,ACTIVE,POOL_OBSERVATION
603095.SH,2024-11-04,dc16dad8e6dc567f1914f71674d025df4700537281c5a67f156b0f088c072c00,SIGNALLED,ENTRY_SIGNAL
603095.SH,2024-11-05,dc16dad8e6dc567f1914f71674d025df4700537281c5a67f156b0f088c072c00,EXPIRED,PENDING_SIGNAL_HORIZON_EXPIRED
603095.SH,2026-04-30,7b141e1e6be0bbc8bcaf0f7b5f9b0911365cdf2e1d22d38e9a81c4a1fbdf26dd,ACTIVE,POOL_ADMISSION
603095.SH,2026-05-06,7b141e1e6be0bbc8bcaf0f7b5f9b0911365cdf2e1d22d38e9a81c4a1fbdf26dd,ACTIVE,POOL_OBSERVATION
603095.SH,2026-05-07,7b141e1e6be0bbc8bcaf0f7b5f9b0911365cdf2e1d22d38e9a81c4a1fbdf26dd,SIGNALLED,ENTRY_SIGNAL
603095.SH,2026-05-08,7b141e1e6be0bbc8bcaf0f7b5f9b0911365cdf2e1d22d38e9a81c4a1fbdf26dd,SIGNALLED,EXECUTION_PENDING
603095.SH,2026-05-11,7b141e1e6be0bbc8bcaf0f7b5f9b0911365cdf2e1d22d38e9a81c4a1fbdf26dd,SIGNALLED,EXECUTION_PENDING
603095.SH,2026-05-12,7b141e1e6be0bbc8bcaf0f7b5f9b0911365cdf2e1d22d38e9a81c4a1fbdf26dd,SIGNALLED,EXECUTION_PENDING
603095.SH,2026-05-13,7b141e1e6be0bbc8bcaf0f7b5f9b0911365cdf2e1d22d38e9a81c4a1fbdf26dd,EXPIRED,PENDING_SIGNAL_HORIZON_EXPIRED
603103.SH,2026-02-03,748b3b94e65b7597f025ea9d21dc7254945c1fb9c78755682754cd076503188a,ACTIVE,POOL_ADMISSION
603103.SH,2026-02-04,748b3b94e65b7597f025ea9d21dc7254945c1fb9c78755682754cd076503188a,ACTIVE,POOL_OBSERVATION
603103.SH,2026-02-05,748b3b94e65b7597f025ea9d21dc7254945c1fb9c78755682754cd076503188a,SIGNALLED,ENTRY_SIGNAL
603103.SH,2026-02-06,748b3b94e65b7597f025ea9d21dc7254945c1fb9c78755682754cd076503188a,SIGNALLED,EXECUTION_PENDING
603103.SH,2026-02-09,748b3b94e65b7597f025ea9d21dc7254945c1fb9c78755682754cd076503188a,SIGNALLED,EXECUTION_PENDING
603103.SH,2026-02-10,748b3b94e65b7597f025ea9d21dc7254945c1fb9c78755682754cd076503188a,SIGNALLED,EXECUTION_PENDING
603103.SH,2026-02-11,748b3b94e65b7597f025ea9d21dc7254945c1fb9c78755682754cd076503188a,EXPIRED,PENDING_SIGNAL_HORIZON_EXPIRED
603106.SH,2024-09-26,b5bac867d8836fca18cb48a6795952b56968ebc05565ae6b4ff05a1044e6436d,ACTIVE,POOL_ADMISSION
603106.SH,2024-09-27,b5bac867d8836fca18cb48a6795952b56968ebc05565ae6b4ff05a1044e6436d,ACTIVE,POOL_OBSERVATION
603106.SH,2024-09-30,b5bac867d8836fca18cb48a6795952b56968ebc05565ae6b4ff05a1044e6436d,ACTIVE,POOL_OBSERVATION
603106.SH,2024-10-08,b5bac867d8836fca18cb48a6795952b56968ebc05565ae6b4ff05a1044e6436d,ACTIVE,POOL_OBSERVATION
603106.SH,2024-10-09,b5bac867d8836fca18cb48a6795952b56968ebc05565ae6b4ff05a1044e6436d,ACTIVE,POOL_OBSERVATION
603106.SH,2024-10-10,b5bac867d8836fca18cb48a6795952b56968ebc05565ae6b4ff05a1044e6436d,ACTIVE,POOL_OBSERVATION
603106.SH,2024-10-11,b5bac867d8836fca18cb48a6795952b56968ebc05565ae6b4ff05a1044e6436d,EXPIRED,POOL_EXPIRED
603106.SH,2024-10-28,c1e881d8b96973f1457607cb4e322ac66b10b23e01bc58c5516f93bce45e7e1e,ACTIVE,POOL_ADMISSION
603106.SH,2024-10-29,c1e881d8b96973f1457607cb4e322ac66b10b23e01bc58c5516f93bce45e7e1e,ACTIVE,POOL_OBSERVATION
603106.SH,2024-10-30,c1e881d8b96973f1457607cb4e322ac66b10b23e01bc58c5516f93bce45e7e1e,SIGNALLED,ENTRY_SIGNAL
603106.SH,2024-10-31,c1e881d8b96973f1457607cb4e322ac66b10b23e01bc58c5516f93bce45e7e1e,SIGNALLED,EXECUTION_PENDING
603106.SH,2024-11-01,c1e881d8b96973f1457607cb4e322ac66b10b23e01bc58c5516f93bce45e7e1e,SIGNALLED,EXECUTION_PENDING
603106.SH,2024-11-04,c1e881d8b96973f1457607cb4e322ac66b10b23e01bc58c5516f93bce45e7e1e,SIGNALLED,EXECUTION_PENDING
603106.SH,2024-11-05,c1e881d8b96973f1457607cb4e322ac66b10b23e01bc58c5516f93bce45e7e1e,EXPIRED,PENDING_SIGNAL_HORIZON_EXPIRED
603106.SH,2026-08-06,88373ebf88f1e14aaaa150242b6009f2d52505645f8ee4ddf78fe48e52582156,SIGNALLED,ENTRY_SIGNAL
603106.SH,2026-08-07,88373ebf88f1e14aaaa150242b6009f2d52505645f8ee4ddf78fe48e52582156,SIGNALLED,EXECUTION_PENDING
603106.SH,2026-08-10,88373ebf88f1e14aaaa150242b6009f2d52505645f8ee4ddf78fe48e52582156,SIGNALLED,EXECUTION_PENDING
603106.SH,2026-08-11,88373ebf88f1e14aaaa150242b6009f2d52505645f8ee4ddf78fe48e52582156,SIGNALLED,EXECUTION_PENDING
603106.SH,2026-08-12,88373ebf88f1e14aaaa150242b6009f2d52505645f8ee4ddf78fe48e52582156,SIGNALLED,EXECUTION_PENDING
603106.SH,2026-08-13,88373ebf88f1e14aaaa150242b6009f2d52505645f8ee4ddf78fe48e52582156,SIGNALLED,EXECUTION_PENDING
603106.SH,2026-08-14,88373ebf88f1e14aaaa150242b6009f2d52505645f8ee4ddf78fe48e52582156,EXPIRED,PENDING_SIGNAL_HORIZON_EXPIRED
603117.SH,2024-10-23,81135d7768d2d4415f659ca6a30f15b054a331ed37916c9bca5845838435fc98,ACTIVE,POOL_ADMISSION
603117.SH,2024-10-24,81135d7768d2d4415f659ca6a30f15b054a331ed37916c9bca5845838435fc98,ACTIVE,POOL_OBSERVATION
603117.SH,2024-10-25,81135d7768d2d4415f659ca6a30f15b054a331ed37916c9bca5845838435fc98,ACTIVE,POOL_OBSERVATION
603117.SH,2024-10-28,81135d7768d2d4415f659ca6a30f15b054a331ed37916c9bca5845838435fc98,ACTIVE,POOL_OBSERVATION
603117.SH,2024-10-29,81135d7768d2d4415f659ca6a30f15b054a331ed37916c9bca5845838435fc98,ACTIVE,POOL_OBSERVATION
603117.SH,2024-10-30,81135d7768d2d4415f659ca6a30f15b054a331ed37916c9bca5845838435fc98,ACTIVE,POOL_OBSERVATION
603117.SH,2024-10-31,81135d7768d2d4415f659ca6a30f15b054a331ed37916c9bca5845838435fc98,EXPIRED,POOL_EXPIRED
603122.SH,2025-10-31,cb553393191aeb5bccc67d24f58d825d6ee1f1899ba3c3b1ad471a98ce20b5d4,ACTIVE,POOL_ADMISSION
603122.SH,2025-11-03,cb553393191aeb5bccc67d24f58d825d6ee1f1899ba3c3b1ad471a98ce20b5d4,ACTIVE,POOL_OBSERVATION
603122.SH,2025-11-04,cb553393191aeb5bccc67d24f58d825d6ee1f1899ba3c3b1ad471a98ce20b5d4,ACTIVE,POOL_OBSERVATION
603122.SH,2025-11-05,cb553393191aeb5bccc67d24f58d825d6ee1f1899ba3c3b1ad471a98ce20b5d4,ACTIVE,POOL_OBSERVATION
603122.SH,2025-11-06,cb553393191aeb5bccc67d24f58d825d6ee1f1899ba3c3b1ad471a98ce20b5d4,ACTIVE,POOL_OBSERVATION
603122.SH,2025-11-07,cb553393191aeb5bccc67d24f58d825d6ee1f1899ba3c3b1ad471a98ce20b5d4,SIGNALLED,ENTRY_SIGNAL
603122.SH,2025-11-10,cb553393191aeb5bccc67d24f58d825d6ee1f1899ba3c3b1ad471a98ce20b5d4,EXPIRED,PENDING_SIGNAL_HORIZON_EXPIRED
603122.SH,2025-11-11,c0f3e94400a558268c0d75d6da502e609ea6cce3b3b6151933fbf88884988444,ACTIVE,POOL_ADMISSION
603122.SH,2025-11-12,c0f3e94400a558268c0d75d6da502e609ea6cce3b3b6151933fbf88884988444,ACTIVE,POOL_OBSERVATION
603122.SH,2025-11-13,c0f3e94400a558268c0d75d6da502e609ea6cce3b3b6151933fbf88884988444,ACTIVE,POOL_OBSERVATION
603122.SH,2025-11-14,c0f3e94400a558268c0d75d6da502e609ea6cce3b3b6151933fbf88884988444,SIGNALLED,ENTRY_SIGNAL
603122.SH,2025-11-17,c0f3e94400a558268c0d75d6da502e609ea6cce3b3b6151933fbf88884988444,SIGNALLED,EXECUTION_PENDING
603122.SH,2025-11-18,c0f3e94400a558268c0d75d6da502e609ea6cce3b3b6151933fbf88884988444,SIGNALLED,EXECUTION_PENDING
603122.SH,2025-11-19,c0f3e94400a558268c0d75d6da502e609ea6cce3b3b6151933fbf88884988444,EXPIRED,PENDING_SIGNAL_HORIZON_EXPIRED
603122.SH,2025-11-20,874267768440fbc953214cee9b10087a52d279f67153e4bdec185551e7a0b606,ACTIVE,POOL_ADMISSION
603122.SH,2025-11-21,874267768440fbc953214cee9b10087a52d279f67153e4bdec185551e7a0b606,ACTIVE,POOL_OBSERVATION
603122.SH,2025-11-24,874267768440fbc953214cee9b10087a52d279f67153e4bdec185551e7a0b606,ACTIVE,POOL_OBSERVATION
603122.SH,2025-11-25,874267768440fbc953214cee9b10087a52d279f67153e4bdec185551e7a0b606,ACTIVE,POOL_OBSERVATION
603122.SH,2025-11-26,874267768440fbc953214cee9b10087a52d279f67153e4bdec185551e7a0b606,ACTIVE,POOL_OBSERVATION
603122.SH,2025-11-27,874267768440fbc953214cee9b10087a52d279f67153e4bdec185551e7a0b606,SIGNALLED,ENTRY_SIGNAL
603122.SH,2025-11-28,874267768440fbc953214cee9b10087a52d279f67153e4bdec185551e7a0b606,EXPIRED,PENDING_SIGNAL_HORIZON_EXPIRED
603123.SH,2025-06-05,29af185eaa75920fd244f3e19460dbd39ac22a27ae4ed775ca145bf1e57cebda,SIGNALLED,ENTRY_SIGNAL
603123.SH,2025-06-06,29af185eaa75920fd244f3e19460dbd39ac22a27ae4ed775ca145bf1e57cebda,SIGNALLED,EXECUTION_PENDING
603123.SH,2025-06-09,29af185eaa75920fd244f3e19460dbd39ac22a27ae4ed775ca145bf1e57cebda,SIGNALLED,EXECUTION_PENDING
603123.SH,2025-06-10,29af185eaa75920fd244f3e19460dbd39ac22a27ae4ed775ca145bf1e57cebda,SIGNALLED,EXECUTION_PENDING
603123.SH,2025-06-11,29af185eaa75920fd244f3e19460dbd39ac22a27ae4ed775ca145bf1e57cebda,SIGNALLED,EXECUTION_PENDING
603123.SH,2025-06-12,29af185eaa75920fd244f3e19460dbd39ac22a27ae4ed775ca145bf1e57cebda,SIGNALLED,EXECUTION_PENDING
603123.SH,2025-06-13,29af185eaa75920fd244f3e19460dbd39ac22a27ae4ed775ca145bf1e57cebda,EXPIRED,PENDING_SIGNAL_HORIZON_EXPIRED
603135.SH,2026-06-08,b938dd5128c36eb38ed205f60df18ffe78ceec2bbafb9c31cd0687dfb4f0cb53,ACTIVE,POOL_ADMISSION
603135.SH,2026-06-09,b938dd5128c36eb38ed205f60df18ffe78ceec2bbafb9c31cd0687dfb4f0cb53,ACTIVE,POOL_OBSERVATION
603135.SH,2026-06-10,b938dd5128c36eb38ed205f60df18ffe78ceec2bbafb9c31cd0687dfb4f0cb53,ACTIVE,POOL_OBSERVATION
603135.SH,2026-06-11,b938dd5128c36eb38ed205f60df18ffe78ceec2bbafb9c31cd0687dfb4f0cb53,ACTIVE,POOL_OBSERVATION
603135.SH,2026-06-12,b938dd5128c36eb38ed205f60df18ffe78ceec2bbafb9c31cd0687dfb4f0cb53,ACTIVE,POOL_OBSERVATION
603135.SH,2026-06-15,b938dd5128c36eb38ed205f60df18ffe78ceec2bbafb9c31cd0687dfb4f0cb53,ACTIVE,POOL_OBSERVATION
603135.SH,2026-06-16,b938dd5128c36eb38ed205f60df18ffe78ceec2bbafb9c31cd0687dfb4f0cb53,EXPIRED,POOL_EXPIRED
603137.SH,2026-07-03,b658a5fcba170d10aba4cd8d7f522e85f56d72cefd517b33ad6b83bc87b9eac4,ACTIVE,POOL_ADMISSION
603137.SH,2026-07-06,b658a5fcba170d10aba4cd8d7f522e85f56d72cefd517b33ad6b83bc87b9eac4,ACTIVE,POOL_OBSERVATION
603137.SH,2026-07-07,b658a5fcba170d10aba4cd8d7f522e85f56d72cefd517b33ad6b83bc87b9eac4,ACTIVE,POOL_OBSERVATION
603137.SH,2026-07-08,b658a5fcba170d10aba4cd8d7f522e85f56d72cefd517b33ad6b83bc87b9eac4,ACTIVE,POOL_OBSERVATION
603137.SH,2026-07-09,b658a5fcba170d10aba4cd8d7f522e85f56d72cefd517b33ad6b83bc87b9eac4,ACTIVE,POOL_OBSERVATION
603137.SH,2026-07-10,b658a5fcba170d10aba4cd8d7f522e85f56d72cefd517b33ad6b83bc87b9eac4,ACTIVE,POOL_OBSERVATION
603137.SH,2026-07-13,b658a5fcba170d10aba4cd8d7f522e85f56d72cefd517b33ad6b83bc87b9eac4,EXPIRED,POOL_EXPIRED
603137.SH,2026-07-14,555c1ba4b1442bf779322125fcbe59a5a53d0cc45e93202ecf084bf00bc8ba20,ACTIVE,POOL_ADMISSION
603137.SH,2026-07-15,555c1ba4b1442bf779322125fcbe59a5a53d0cc45e93202ecf084bf00bc8ba20,ACTIVE,POOL_OBSERVATION
603137.SH,2026-07-16,555c1ba4b1442bf779322125fcbe59a5a53d0cc45e93202ecf084bf00bc8ba20,ACTIVE,POOL_OBSERVATION
603137.SH,2026-07-17,555c1ba4b1442bf779322125fcbe59a5a53d0cc45e93202ecf084bf00bc8ba20,ACTIVE,POOL_OBSERVATION
603137.SH,2026-07-20,555c1ba4b1442bf779322125fcbe59a5a53d0cc45e93202ecf084bf00bc8ba20,ACTIVE,POOL_OBSERVATION
603137.SH,2026-07-21,555c1ba4b1442bf779322125fcbe59a5a53d0cc45e93202ecf084bf00bc8ba20,ACTIVE,POOL_OBSERVATION
603137.SH,2026-07-22,555c1ba4b1442bf779322125fcbe59a5a53d0cc45e93202ecf084bf00bc8ba20,EXPIRED,POOL_EXPIRED
603155.SH,2024-07-09,cdd19db664cd776deef5c48b128abb02dc797ef0b1ac73081e4e5f9213ac873d,ACTIVE,POOL_ADMISSION
603155.SH,2024-07-10,cdd19db664cd776deef5c48b128abb02dc797ef0b1ac73081e4e5f9213ac873d,ACTIVE,POOL_OBSERVATION
603155.SH,2024-07-11,cdd19db664cd776deef5c48b128abb02dc797ef0b1ac73081e4e5f9213ac873d,ACTIVE,POOL_OBSERVATION
603155.SH,2024-07-12,cdd19db664cd776deef5c48b128abb02dc797ef0b1ac73081e4e5f9213ac873d,ACTIVE,POOL_OBSERVATION
603155.SH,2024-07-15,cdd19db664cd776deef5c48b128abb02dc797ef0b1ac73081e4e5f9213ac873d,ACTIVE,POOL_OBSERVATION
603155.SH,2024-07-16,cdd19db664cd776deef5c48b128abb02dc797ef0b1ac73081e4e5f9213ac873d,ACTIVE,POOL_OBSERVATION
603155.SH,2024-07-17,cdd19db664cd776deef5c48b128abb02dc797ef0b1ac73081e4e5f9213ac873d,EXPIRED,POOL_EXPIRED
603158.SH,2025-08-19,71bdcd57343be17396e2c0bccd9739a8b76dadc671c24ce5293ae5ebaafdb03d,ACTIVE,POOL_ADMISSION
603158.SH,2025-08-20,71bdcd57343be17396e2c0bccd9739a8b76dadc671c24ce5293ae5ebaafdb03d,ACTIVE,POOL_OBSERVATION
603158.SH,2025-08-21,71bdcd57343be17396e2c0bccd9739a8b76dadc671c24ce5293ae5ebaafdb03d,ACTIVE,POOL_OBSERVATION
603158.SH,2025-08-22,71bdcd57343be17396e2c0bccd9739a8b76dadc671c24ce5293ae5ebaafdb03d,SIGNALLED,ENTRY_SIGNAL
603158.SH,2025-08-25,71bdcd57343be17396e2c0bccd9739a8b76dadc671c24ce5293ae5ebaafdb03d,SIGNALLED,EXECUTION_PENDING
603158.SH,2025-08-26,71bdcd57343be17396e2c0bccd9739a8b76dadc671c24ce5293ae5ebaafdb03d,SIGNALLED,EXECUTION_PENDING
603158.SH,2025-08-27,71bdcd57343be17396e2c0bccd9739a8b76dadc671c24ce5293ae5ebaafdb03d,EXPIRED,PENDING_SIGNAL_HORIZON_EXPIRED
603163.SH,2025-12-25,9ada33a38da93f06bf2a2d1973b231c14c7c08091cfaa9f12b6c759d167b0643,ACTIVE,POOL_ADMISSION
603163.SH,2025-12-26,9ada33a38da93f06bf2a2d1973b231c14c7c08091cfaa9f12b6c759d167b0643,ACTIVE,POOL_OBSERVATION
603163.SH,2025-12-29,9ada33a38da93f06bf2a2d1973b231c14c7c08091cfaa9f12b6c759d167b0643,ACTIVE,POOL_OBSERVATION
603163.SH,2025-12-30,9ada33a38da93f06bf2a2d1973b231c14c7c08091cfaa9f12b6c759d167b0643,ACTIVE,POOL_OBSERVATION
603163.SH,2025-12-31,9ada33a38da93f06bf2a2d1973b231c14c7c08091cfaa9f12b6c759d167b0643,ACTIVE,POOL_OBSERVATION
603163.SH,2026-01-05,9ada33a38da93f06bf2a2d1973b231c14c7c08091cfaa9f12b6c759d167b0643,ACTIVE,POOL_OBSERVATION
603163.SH,2026-01-06,9ada33a38da93f06bf2a2d1973b231c14c7c08091cfaa9f12b6c759d167b0643,EXPIRED,POOL_EXPIRED
603172.SH,2026-02-03,0a4fd6cd584ee35851c42df48c7b76bba6546d3b8e6b1882bd47ae761fc47a14,SIGNALLED,ENTRY_SIGNAL
603172.SH,2026-02-04,0a4fd6cd584ee35851c42df48c7b76bba6546d3b8e6b1882bd47ae761fc47a14,SIGNALLED,EXECUTION_PENDING
603172.SH,2026-02-05,0a4fd6cd584ee35851c42df48c7b76bba6546d3b8e6b1882bd47ae761fc47a14,SIGNALLED,EXECUTION_PENDING
603172.SH,2026-02-06,0a4fd6cd584ee35851c42df48c7b76bba6546d3b8e6b1882bd47ae761fc47a14,SIGNALLED,EXECUTION_PENDING
603172.SH,2026-02-09,0a4fd6cd584ee35851c42df48c7b76bba6546d3b8e6b1882bd47ae761fc47a14,SIGNALLED,EXECUTION_PENDING
603172.SH,2026-02-10,0a4fd6cd584ee35851c42df48c7b76bba6546d3b8e6b1882bd47ae761fc47a14,SIGNALLED,EXECUTION_PENDING
603172.SH,2026-02-11,0a4fd6cd584ee35851c42df48c7b76bba6546d3b8e6b1882bd47ae761fc47a14,EXPIRED,PENDING_SIGNAL_HORIZON_EXPIRED
603177.SH,2025-01-17,46332416c7ada6b678ace525737273322edd6ab9c6d0c965fdb695171b386aa0,ACTIVE,POOL_ADMISSION
603177.SH,2025-01-20,46332416c7ada6b678ace525737273322edd6ab9c6d0c965fdb695171b386aa0,ACTIVE,POOL_OBSERVATION
603177.SH,2025-01-21,46332416c7ada6b678ace525737273322edd6ab9c6d0c965fdb695171b386aa0,ACTIVE,POOL_OBSERVATION
603177.SH,2025-01-22,46332416c7ada6b678ace525737273322edd6ab9c6d0c965fdb695171b386aa0,ACTIVE,POOL_OBSERVATION
603177.SH,2025-01-23,46332416c7ada6b678ace525737273322edd6ab9c6d0c965fdb695171b386aa0,ACTIVE,POOL_OBSERVATION
603177.SH,2025-01-24,46332416c7ada6b678ace525737273322edd6ab9c6d0c965fdb695171b386aa0,ACTIVE,POOL_OBSERVATION
603177.SH,2025-01-27,46332416c7ada6b678ace525737273322edd6ab9c6d0c965fdb695171b386aa0,EXPIRED,POOL_EXPIRED
603177.SH,2025-08-29,194b206236634343f2252815af274fd6fc57d70d5c52bdaa25b57cbfbafac83f,ACTIVE,POOL_ADMISSION
603177.SH,2025-09-01,194b206236634343f2252815af274fd6fc57d70d5c52bdaa25b57cbfbafac83f,ACTIVE,POOL_OBSERVATION
603177.SH,2025-09-02,194b206236634343f2252815af274fd6fc57d70d5c52bdaa25b57cbfbafac83f,ACTIVE,POOL_OBSERVATION
603177.SH,2025-09-03,194b206236634343f2252815af274fd6fc57d70d5c52bdaa25b57cbfbafac83f,ACTIVE,POOL_OBSERVATION
603177.SH,2025-09-04,194b206236634343f2252815af274fd6fc57d70d5c52bdaa25b57cbfbafac83f,ACTIVE,POOL_OBSERVATION
603177.SH,2025-09-05,194b206236634343f2252815af274fd6fc57d70d5c52bdaa25b57cbfbafac83f,ACTIVE,POOL_OBSERVATION
603177.SH,2025-09-08,194b206236634343f2252815af274fd6fc57d70d5c52bdaa25b57cbfbafac83f,EXPIRED,POOL_EXPIRED
603192.SH,2025-05-26,a66e2a4c11daea3d76184c7ccd6f27b286705f7ba36910fc0851126c1a61d215,ACTIVE,POOL_ADMISSION
603192.SH,2025-05-27,a66e2a4c11daea3d76184c7ccd6f27b286705f7ba36910fc0851126c1a61d215,ACTIVE,POOL_OBSERVATION
603192.SH,2025-05-28,a66e2a4c11daea3d76184c7ccd6f27b286705f7ba36910fc0851126c1a61d215,ACTIVE,POOL_OBSERVATION
603192.SH,2025-05-29,a66e2a4c11daea3d76184c7ccd6f27b286705f7ba36910fc0851126c1a61d215,ACTIVE,POOL_OBSERVATION
603192.SH,2025-05-30,a66e2a4c11daea3d76184c7ccd6f27b286705f7ba36910fc0851126c1a61d215,ACTIVE,POOL_OBSERVATION
603192.SH,2025-06-03,a66e2a4c11daea3d76184c7ccd6f27b286705f7ba36910fc0851126c1a61d215,ACTIVE,POOL_OBSERVATION
603192.SH,2025-06-04,a66e2a4c11daea3d76184c7ccd6f27b286705f7ba36910fc0851126c1a61d215,EXPIRED,POOL_EXPIRED
603196.SH,2024-11-05,30d5a1fdae59f0cba34ab57f28a8f84fedc9aba9c8d0a99b13477953509aeea8,ACTIVE,POOL_ADMISSION
603196.SH,2024-11-06,30d5a1fdae59f0cba34ab57f28a8f84fedc9aba9c8d0a99b13477953509aeea8,ACTIVE,POOL_OBSERVATION
603196.SH,2024-11-07,30d5a1fdae59f0cba34ab57f28a8f84fedc9aba9c8d0a99b13477953509aeea8,ACTIVE,POOL_OBSERVATION
603196.SH,2024-11-08,30d5a1fdae59f0cba34ab57f28a8f84fedc9aba9c8d0a99b13477953509aeea8,ACTIVE,POOL_OBSERVATION
603196.SH,2024-11-11,30d5a1fdae59f0cba34ab57f28a8f84fedc9aba9c8d0a99b13477953509aeea8,ACTIVE,POOL_OBSERVATION
603196.SH,2024-11-12,30d5a1fdae59f0cba34ab57f28a8f84fedc9aba9c8d0a99b13477953509aeea8,ACTIVE,POOL_OBSERVATION
603196.SH,2024-11-13,30d5a1fdae59f0cba34ab57f28a8f84fedc9aba9c8d0a99b13477953509aeea8,EXPIRED,POOL_EXPIRED
603211.SH,2025-01-24,7b73ffdc37054aa76945e4e808571c1c9cd553132b9c2565d81bc2542141b62c,ACTIVE,POOL_ADMISSION
603211.SH,2025-01-27,7b73ffdc37054aa76945e4e808571c1c9cd553132b9c2565d81bc2542141b62c,ACTIVE,POOL_OBSERVATION
603211.SH,2025-02-05,7b73ffdc37054aa76945e4e808571c1c9cd553132b9c2565d81bc2542141b62c,ACTIVE,POOL_OBSERVATION
603211.SH,2025-02-06,7b73ffdc37054aa76945e4e808571c1c9cd553132b9c2565d81bc2542141b62c,ACTIVE,POOL_OBSERVATION
603211.SH,2025-02-07,7b73ffdc37054aa76945e4e808571c1c9cd553132b9c2565d81bc2542141b62c,ACTIVE,POOL_OBSERVATION
603211.SH,2025-02-10,7b73ffdc37054aa76945e4e808571c1c9cd553132b9c2565d81bc2542141b62c,ACTIVE,POOL_OBSERVATION
603211.SH,2025-02-11,7b73ffdc37054aa76945e4e808571c1c9cd553132b9c2565d81bc2542141b62c,EXPIRED,POOL_EXPIRED
603216.SH,2025-11-24,b7996b71b57ca86977faec0a289767498c4eb4652177d5d7eeb4a299e940cf88,ACTIVE,POOL_ADMISSION
603216.SH,2025-11-25,b7996b71b57ca86977faec0a289767498c4eb4652177d5d7eeb4a299e940cf88,ACTIVE,POOL_OBSERVATION
603216.SH,2025-11-26,b7996b71b57ca86977faec0a289767498c4eb4652177d5d7eeb4a299e940cf88,ACTIVE,POOL_OBSERVATION
603216.SH,2025-11-27,b7996b71b57ca86977faec0a289767498c4eb4652177d5d7eeb4a299e940cf88,SIGNALLED,ENTRY_SIGNAL
603216.SH,2025-11-28,b7996b71b57ca86977faec0a289767498c4eb4652177d5d7eeb4a299e940cf88,SIGNALLED,EXECUTION_PENDING
603216.SH,2025-12-01,b7996b71b57ca86977faec0a289767498c4eb4652177d5d7eeb4a299e940cf88,SIGNALLED,EXECUTION_PENDING
603216.SH,2025-12-02,b7996b71b57ca86977faec0a289767498c4eb4652177d5d7eeb4a299e940cf88,EXPIRED,PENDING_SIGNAL_HORIZON_EXPIRED
603221.SH,2025-04-09,e0128fbf4ccdb085d492a751e68f4d107db150587b58fc61423133dd42274462,ACTIVE,POOL_ADMISSION
603221.SH,2025-04-10,e0128fbf4ccdb085d492a751e68f4d107db150587b58fc61423133dd42274462,ACTIVE,POOL_OBSERVATION
603221.SH,2025-04-11,e0128fbf4ccdb085d492a751e68f4d107db150587b58fc61423133dd42274462,ACTIVE,POOL_OBSERVATION
603221.SH,2025-04-14,e0128fbf4ccdb085d492a751e68f4d107db150587b58fc61423133dd42274462,ACTIVE,POOL_OBSERVATION
603221.SH,2025-04-15,e0128fbf4ccdb085d492a751e68f4d107db150587b58fc61423133dd42274462,ACTIVE,POOL_OBSERVATION
603221.SH,2025-04-16,e0128fbf4ccdb085d492a751e68f4d107db150587b58fc61423133dd42274462,ACTIVE,POOL_OBSERVATION
603221.SH,2025-04-17,e0128fbf4ccdb085d492a751e68f4d107db150587b58fc61423133dd42274462,EXPIRED,POOL_EXPIRED
603221.SH,2025-08-18,9972c3c4f57f849b00b1415379aefd91571b0cb3063c2d8a9a5f6c18f359a4a0,ACTIVE,POOL_ADMISSION
603221.SH,2025-08-19,9972c3c4f57f849b00b1415379aefd91571b0cb3063c2d8a9a5f6c18f359a4a0,ACTIVE,POOL_OBSERVATION
603221.SH,2025-08-20,9972c3c4f57f849b00b1415379aefd91571b0cb3063c2d8a9a5f6c18f359a4a0,ACTIVE,POOL_OBSERVATION
603221.SH,2025-08-21,9972c3c4f57f849b00b1415379aefd91571b0cb3063c2d8a9a5f6c18f359a4a0,ACTIVE,POOL_OBSERVATION
603221.SH,2025-08-22,9972c3c4f57f849b00b1415379aefd91571b0cb3063c2d8a9a5f6c18f359a4a0,ACTIVE,POOL_OBSERVATION
603221.SH,2025-08-25,9972c3c4f57f849b00b1415379aefd91571b0cb3063c2d8a9a5f6c18f359a4a0,ACTIVE,POOL_OBSERVATION
603221.SH,2025-08-26,9972c3c4f57f849b00b1415379aefd91571b0cb3063c2d8a9a5f6c18f359a4a0,EXPIRED,POOL_EXPIRED
603221.SH,2026-07-27,c5890861a2acfd510d7be2721c147a0dce48de17e15cfdc5f28c8acec23e72c0,ACTIVE,POOL_ADMISSION
603221.SH,2026-07-28,c5890861a2acfd510d7be2721c147a0dce48de17e15cfdc5f28c8acec23e72c0,ACTIVE,POOL_OBSERVATION
603221.SH,2026-07-29,c5890861a2acfd510d7be2721c147a0dce48de17e15cfdc5f28c8acec23e72c0,ACTIVE,POOL_OBSERVATION
603221.SH,2026-07-30,c5890861a2acfd510d7be2721c147a0dce48de17e15cfdc5f28c8acec23e72c0,ACTIVE,POOL_OBSERVATION
603221.SH,2026-07-31,c5890861a2acfd510d7be2721c147a0dce48de17e15cfdc5f28c8acec23e72c0,ACTIVE,POOL_OBSERVATION
603221.SH,2026-08-03,c5890861a2acfd510d7be2721c147a0dce48de17e15cfdc5f28c8acec23e72c0,ACTIVE,SUSPENDED_NO_ENTRY_EVALUATION
603221.SH,2026-08-04,c5890861a2acfd510d7be2721c147a0dce48de17e15cfdc5f28c8acec23e72c0,EXPIRED,SUSPENDED_NO_ENTRY_EVALUATION
603221.SH,2026-08-06,9ac6847ed279519905e9b0b8430b28b381c74d73c25e0ebaa447419732053b94,ACTIVE,POOL_ADMISSION
603221.SH,2026-08-07,9ac6847ed279519905e9b0b8430b28b381c74d73c25e0ebaa447419732053b94,ACTIVE,POOL_OBSERVATION
603221.SH,2026-08-10,9ac6847ed279519905e9b0b8430b28b381c74d73c25e0ebaa447419732053b94,ACTIVE,POOL_OBSERVATION
603221.SH,2026-08-11,9ac6847ed279519905e9b0b8430b28b381c74d73c25e0ebaa447419732053b94,ACTIVE,SUSPENDED_NO_ENTRY_EVALUATION
603221.SH,2026-08-12,9ac6847ed279519905e9b0b8430b28b381c74d73c25e0ebaa447419732053b94,INVALIDATED,HARD_INVALIDATION
603222.SH,2025-08-19,97ab622f2dc65a04d9376d5c29bc22b8dde28cbe8bd6b9b0bf7d56376537941f,ACTIVE,POOL_ADMISSION
603222.SH,2025-08-20,97ab622f2dc65a04d9376d5c29bc22b8dde28cbe8bd6b9b0bf7d56376537941f,ACTIVE,POOL_OBSERVATION
603222.SH,2025-08-21,97ab622f2dc65a04d9376d5c29bc22b8dde28cbe8bd6b9b0bf7d56376537941f,ACTIVE,POOL_OBSERVATION
603222.SH,2025-08-22,97ab622f2dc65a04d9376d5c29bc22b8dde28cbe8bd6b9b0bf7d56376537941f,ACTIVE,POOL_OBSERVATION
603222.SH,2025-08-25,97ab622f2dc65a04d9376d5c29bc22b8dde28cbe8bd6b9b0bf7d56376537941f,ACTIVE,POOL_OBSERVATION
603222.SH,2025-08-26,97ab622f2dc65a04d9376d5c29bc22b8dde28cbe8bd6b9b0bf7d56376537941f,ACTIVE,POOL_OBSERVATION
603222.SH,2025-08-27,97ab622f2dc65a04d9376d5c29bc22b8dde28cbe8bd6b9b0bf7d56376537941f,EXPIRED,POOL_EXPIRED
603226.SH,2025-06-06,5df7664b05179098a0de1e7c6b0160882123cecc1d3f552e0c5630498fe54926,ACTIVE,POOL_ADMISSION
603226.SH,2025-06-09,5df7664b05179098a0de1e7c6b0160882123cecc1d3f552e0c5630498fe54926,ACTIVE,POOL_OBSERVATION
603226.SH,2025-06-10,5df7664b05179098a0de1e7c6b0160882123cecc1d3f552e0c5630498fe54926,ACTIVE,SUSPENDED_NO_ENTRY_EVALUATION
603226.SH,2025-06-11,5df7664b05179098a0de1e7c6b0160882123cecc1d3f552e0c5630498fe54926,ACTIVE,SUSPENDED_NO_ENTRY_EVALUATION
603226.SH,2025-06-12,5df7664b05179098a0de1e7c6b0160882123cecc1d3f552e0c5630498fe54926,ACTIVE,SUSPENDED_NO_ENTRY_EVALUATION
603226.SH,2025-06-13,5df7664b05179098a0de1e7c6b0160882123cecc1d3f552e0c5630498fe54926,ACTIVE,POOL_OBSERVATION
603226.SH,2025-06-16,5df7664b05179098a0de1e7c6b0160882123cecc1d3f552e0c5630498fe54926,SIGNALLED,ENTRY_SIGNAL
603226.SH,2025-06-17,5df7664b05179098a0de1e7c6b0160882123cecc1d3f552e0c5630498fe54926,EXPIRED,PENDING_SIGNAL_HORIZON_EXPIRED
603230.SH,2026-09-21,00665f19a52fd5ef22771033ef8704893e5a1da92bfda0209fd58d9a33c1b224,ACTIVE,POOL_ADMISSION
603230.SH,2026-09-22,00665f19a52fd5ef22771033ef8704893e5a1da92bfda0209fd58d9a33c1b224,ACTIVE,POOL_OBSERVATION
603230.SH,2026-09-23,00665f19a52fd5ef22771033ef8704893e5a1da92bfda0209fd58d9a33c1b224,ACTIVE,POOL_OBSERVATION
603238.SH,2024-12-18,3a49b77cada1d2d6887de5788c8c8445d8d96524bc122f08d44d1f16affa3474,SIGNALLED,ENTRY_SIGNAL
603238.SH,2024-12-19,3a49b77cada1d2d6887de5788c8c8445d8d96524bc122f08d44d1f16affa3474,SIGNALLED,EXECUTION_PENDING
603238.SH,2024-12-20,3a49b77cada1d2d6887de5788c8c8445d8d96524bc122f08d44d1f16affa3474,SIGNALLED,EXECUTION_PENDING
603238.SH,2024-12-23,3a49b77cada1d2d6887de5788c8c8445d8d96524bc122f08d44d1f16affa3474,SIGNALLED,EXECUTION_PENDING
603238.SH,2024-12-24,3a49b77cada1d2d6887de5788c8c8445d8d96524bc122f08d44d1f16affa3474,SIGNALLED,EXECUTION_PENDING
603238.SH,2024-12-25,3a49b77cada1d2d6887de5788c8c8445d8d96524bc122f08d44d1f16affa3474,SIGNALLED,EXECUTION_PENDING
603238.SH,2024-12-26,3a49b77cada1d2d6887de5788c8c8445d8d96524bc122f08d44d1f16affa3474,EXPIRED,PENDING_SIGNAL_HORIZON_EXPIRED
603248.SH,2026-09-18,72306fb84cfafe8b6e5223d435742e5290957594ec8ca92e42baef53ed14b819,ACTIVE,POOL_ADMISSION
603248.SH,2026-09-21,72306fb84cfafe8b6e5223d435742e5290957594ec8ca92e42baef53ed14b819,ACTIVE,POOL_OBSERVATION
603248.SH,2026-09-22,72306fb84cfafe8b6e5223d435742e5290957594ec8ca92e42baef53ed14b819,SIGNALLED,ENTRY_SIGNAL
603248.SH,2026-09-23,72306fb84cfafe8b6e5223d435742e5290957594ec8ca92e42baef53ed14b819,SIGNALLED,EXECUTION_PENDING
603268.SH,2024-10-22,d6e3a86f5b68bf2375ef7c9d04fe26fdabdb5616cc70b60105faf3e4534fb2e9,ACTIVE,POOL_ADMISSION
603268.SH,2024-10-23,d6e3a86f5b68bf2375ef7c9d04fe26fdabdb5616cc70b60105faf3e4534fb2e9,ACTIVE,POOL_OBSERVATION
603268.SH,2024-10-24,d6e3a86f5b68bf2375ef7c9d04fe26fdabdb5616cc70b60105faf3e4534fb2e9,ACTIVE,POOL_OBSERVATION
603268.SH,2024-10-25,d6e3a86f5b68bf2375ef7c9d04fe26fdabdb5616cc70b60105faf3e4534fb2e9,ACTIVE,POOL_OBSERVATION
603268.SH,2024-10-28,d6e3a86f5b68bf2375ef7c9d04fe26fdabdb5616cc70b60105faf3e4534fb2e9,ACTIVE,POOL_OBSERVATION
603268.SH,2024-10-29,d6e3a86f5b68bf2375ef7c9d04fe26fdabdb5616cc70b60105faf3e4534fb2e9,ACTIVE,POOL_OBSERVATION
603268.SH,2024-10-30,d6e3a86f5b68bf2375ef7c9d04fe26fdabdb5616cc70b60105faf3e4534fb2e9,EXPIRED,POOL_EXPIRED
603268.SH,2024-10-31,dd6f2db6dc0447b756432fdb55c803f08d0b2b8c6b217c7c860137083cfaf679,ACTIVE,POOL_ADMISSION
603268.SH,2024-11-01,dd6f2db6dc0447b756432fdb55c803f08d0b2b8c6b217c7c860137083cfaf679,ACTIVE,POOL_OBSERVATION
603268.SH,2024-11-04,dd6f2db6dc0447b756432fdb55c803f08d0b2b8c6b217c7c860137083cfaf679,SIGNALLED,ENTRY_SIGNAL
603268.SH,2024-11-05,dd6f2db6dc0447b756432fdb55c803f08d0b2b8c6b217c7c860137083cfaf679,SIGNALLED,EXECUTION_PENDING
603268.SH,2024-11-06,dd6f2db6dc0447b756432fdb55c803f08d0b2b8c6b217c7c860137083cfaf679,SIGNALLED,EXECUTION_PENDING
603268.SH,2024-11-07,dd6f2db6dc0447b756432fdb55c803f08d0b2b8c6b217c7c860137083cfaf679,SIGNALLED,EXECUTION_PENDING
603268.SH,2024-11-08,dd6f2db6dc0447b756432fdb55c803f08d0b2b8c6b217c7c860137083cfaf679,EXPIRED,PENDING_SIGNAL_HORIZON_EXPIRED
603269.SH,2025-01-09,3f427421d6d7989adb7ee4d613a6f0548c439b85361765add2401ea96cbdb892,ACTIVE,POOL_ADMISSION
603269.SH,2025-01-10,3f427421d6d7989adb7ee4d613a6f0548c439b85361765add2401ea96cbdb892,ACTIVE,POOL_OBSERVATION
603269.SH,2025-01-13,3f427421d6d7989adb7ee4d613a6f0548c439b85361765add2401ea96cbdb892,ACTIVE,POOL_OBSERVATION
603269.SH,2025-01-14,3f427421d6d7989adb7ee4d613a6f0548c439b85361765add2401ea96cbdb892,ACTIVE,POOL_OBSERVATION
603269.SH,2025-01-15,3f427421d6d7989adb7ee4d613a6f0548c439b85361765add2401ea96cbdb892,ACTIVE,POOL_OBSERVATION
603269.SH,2025-01-16,3f427421d6d7989adb7ee4d613a6f0548c439b85361765add2401ea96cbdb892,ACTIVE,POOL_OBSERVATION
603269.SH,2025-01-17,3f427421d6d7989adb7ee4d613a6f0548c439b85361765add2401ea96cbdb892,EXPIRED,POOL_EXPIRED
603278.SH,2024-08-05,ca1530f9050a6ade7128cdf52ae8f56400ebb8766617f04c4fac96f0c8c1e213,ACTIVE,POOL_ADMISSION
603278.SH,2024-08-06,ca1530f9050a6ade7128cdf52ae8f56400ebb8766617f04c4fac96f0c8c1e213,ACTIVE,POOL_OBSERVATION
603278.SH,2024-08-07,ca1530f9050a6ade7128cdf52ae8f56400ebb8766617f04c4fac96f0c8c1e213,ACTIVE,POOL_OBSERVATION
603278.SH,2024-08-08,ca1530f9050a6ade7128cdf52ae8f56400ebb8766617f04c4fac96f0c8c1e213,ACTIVE,POOL_OBSERVATION
603278.SH,2024-08-09,ca1530f9050a6ade7128cdf52ae8f56400ebb8766617f04c4fac96f0c8c1e213,ACTIVE,POOL_OBSERVATION
603278.SH,2024-08-12,ca1530f9050a6ade7128cdf52ae8f56400ebb8766617f04c4fac96f0c8c1e213,ACTIVE,POOL_OBSERVATION
603278.SH,2024-08-13,ca1530f9050a6ade7128cdf52ae8f56400ebb8766617f04c4fac96f0c8c1e213,EXPIRED,POOL_EXPIRED
603278.SH,2024-12-04,9e93d5d19ae56e057c9ec96eb13534735bebf26c4603c9070e2e39f0b211e018,ACTIVE,POOL_ADMISSION
603278.SH,2024-12-05,9e93d5d19ae56e057c9ec96eb13534735bebf26c4603c9070e2e39f0b211e018,ACTIVE,POOL_OBSERVATION
603278.SH,2024-12-06,9e93d5d19ae56e057c9ec96eb13534735bebf26c4603c9070e2e39f0b211e018,ACTIVE,POOL_OBSERVATION
603278.SH,2024-12-09,9e93d5d19ae56e057c9ec96eb13534735bebf26c4603c9070e2e39f0b211e018,ACTIVE,POOL_OBSERVATION
603278.SH,2024-12-10,9e93d5d19ae56e057c9ec96eb13534735bebf26c4603c9070e2e39f0b211e018,ACTIVE,POOL_OBSERVATION
603278.SH,2024-12-11,9e93d5d19ae56e057c9ec96eb13534735bebf26c4603c9070e2e39f0b211e018,ACTIVE,POOL_OBSERVATION
603278.SH,2024-12-12,9e93d5d19ae56e057c9ec96eb13534735bebf26c4603c9070e2e39f0b211e018,EXPIRED,POOL_EXPIRED
603278.SH,2025-12-29,a0e8d503b34c721dcfcee96862f82d4a7b9b041af5c3d132dc8741f4cfcea3cc,ACTIVE,POOL_ADMISSION
603278.SH,2025-12-30,a0e8d503b34c721dcfcee96862f82d4a7b9b041af5c3d132dc8741f4cfcea3cc,ACTIVE,POOL_OBSERVATION
603278.SH,2025-12-31,a0e8d503b34c721dcfcee96862f82d4a7b9b041af5c3d132dc8741f4cfcea3cc,SIGNALLED,ENTRY_SIGNAL
603278.SH,2026-01-05,a0e8d503b34c721dcfcee96862f82d4a7b9b041af5c3d132dc8741f4cfcea3cc,SIGNALLED,EXECUTION_PENDING
603278.SH,2026-01-06,a0e8d503b34c721dcfcee96862f82d4a7b9b041af5c3d132dc8741f4cfcea3cc,SIGNALLED,EXECUTION_PENDING
603278.SH,2026-01-07,a0e8d503b34c721dcfcee96862f82d4a7b9b041af5c3d132dc8741f4cfcea3cc,SIGNALLED,EXECUTION_PENDING
603278.SH,2026-01-08,a0e8d503b34c721dcfcee96862f82d4a7b9b041af5c3d132dc8741f4cfcea3cc,EXPIRED,PENDING_SIGNAL_HORIZON_EXPIRED
603280.SH,2025-07-24,ab61d1c6305495b90f36687a5b4c6165d9588a919606488cc806b4795b3b1d68,ACTIVE,POOL_ADMISSION
603280.SH,2025-07-25,ab61d1c6305495b90f36687a5b4c6165d9588a919606488cc806b4795b3b1d68,ACTIVE,POOL_OBSERVATION
603280.SH,2025-07-28,ab61d1c6305495b90f36687a5b4c6165d9588a919606488cc806b4795b3b1d68,ACTIVE,POOL_OBSERVATION
603280.SH,2025-07-29,ab61d1c6305495b90f36687a5b4c6165d9588a919606488cc806b4795b3b1d68,ACTIVE,POOL_OBSERVATION
603280.SH,2025-07-30,ab61d1c6305495b90f36687a5b4c6165d9588a919606488cc806b4795b3b1d68,ACTIVE,POOL_OBSERVATION
603280.SH,2025-07-31,ab61d1c6305495b90f36687a5b4c6165d9588a919606488cc806b4795b3b1d68,ACTIVE,POOL_OBSERVATION
603280.SH,2025-08-01,ab61d1c6305495b90f36687a5b4c6165d9588a919606488cc806b4795b3b1d68,EXPIRED,POOL_EXPIRED
603300.SH,2025-02-11,e6ef5397d5b8ddb1cbfd59677010af9c11552988e215ce9e438894c06bfad863,ACTIVE,POOL_ADMISSION
603300.SH,2025-02-12,e6ef5397d5b8ddb1cbfd59677010af9c11552988e215ce9e438894c06bfad863,ACTIVE,POOL_OBSERVATION
603300.SH,2025-02-13,e6ef5397d5b8ddb1cbfd59677010af9c11552988e215ce9e438894c06bfad863,SIGNALLED,ENTRY_SIGNAL
603300.SH,2025-02-14,e6ef5397d5b8ddb1cbfd59677010af9c11552988e215ce9e438894c06bfad863,SIGNALLED,EXECUTION_PENDING
603300.SH,2025-02-17,e6ef5397d5b8ddb1cbfd59677010af9c11552988e215ce9e438894c06bfad863,SIGNALLED,EXECUTION_PENDING
603300.SH,2025-02-18,e6ef5397d5b8ddb1cbfd59677010af9c11552988e215ce9e438894c06bfad863,SIGNALLED,EXECUTION_PENDING
603300.SH,2025-02-19,e6ef5397d5b8ddb1cbfd59677010af9c11552988e215ce9e438894c06bfad863,EXPIRED,PENDING_SIGNAL_HORIZON_EXPIRED
603315.SH,2025-03-20,37533e70b4690508f7a25336e4f2dd2cd956bdf8a09ac45cfdb8349590f70eda,ACTIVE,POOL_ADMISSION
603315.SH,2025-03-21,37533e70b4690508f7a25336e4f2dd2cd956bdf8a09ac45cfdb8349590f70eda,ACTIVE,POOL_OBSERVATION
603315.SH,2025-03-24,37533e70b4690508f7a25336e4f2dd2cd956bdf8a09ac45cfdb8349590f70eda,ACTIVE,POOL_OBSERVATION
603315.SH,2025-03-25,37533e70b4690508f7a25336e4f2dd2cd956bdf8a09ac45cfdb8349590f70eda,ACTIVE,POOL_OBSERVATION
603315.SH,2025-03-26,37533e70b4690508f7a25336e4f2dd2cd956bdf8a09ac45cfdb8349590f70eda,ACTIVE,POOL_OBSERVATION
603315.SH,2025-03-27,37533e70b4690508f7a25336e4f2dd2cd956bdf8a09ac45cfdb8349590f70eda,ACTIVE,POOL_OBSERVATION
603315.SH,2025-03-28,37533e70b4690508f7a25336e4f2dd2cd956bdf8a09ac45cfdb8349590f70eda,EXPIRED,POOL_EXPIRED
603316.SH,2025-07-01,9f6e49db7e28632c749f31e4354162a61449ea61706dbdcb8372b4a342c7f866,ACTIVE,POOL_ADMISSION
603316.SH,2025-07-02,9f6e49db7e28632c749f31e4354162a61449ea61706dbdcb8372b4a342c7f866,ACTIVE,POOL_OBSERVATION
603316.SH,2025-07-03,9f6e49db7e28632c749f31e4354162a61449ea61706dbdcb8372b4a342c7f866,ACTIVE,POOL_OBSERVATION
603316.SH,2025-07-04,9f6e49db7e28632c749f31e4354162a61449ea61706dbdcb8372b4a342c7f866,ACTIVE,POOL_OBSERVATION
603316.SH,2025-07-07,9f6e49db7e28632c749f31e4354162a61449ea61706dbdcb8372b4a342c7f866,ACTIVE,POOL_OBSERVATION
603316.SH,2025-07-08,9f6e49db7e28632c749f31e4354162a61449ea61706dbdcb8372b4a342c7f866,ACTIVE,POOL_OBSERVATION
603316.SH,2025-07-09,9f6e49db7e28632c749f31e4354162a61449ea61706dbdcb8372b4a342c7f866,EXPIRED,POOL_EXPIRED
603316.SH,2026-05-21,29508994f1ffa5a828335223c9ac2b9dfeb07365bf64765cbb7aff25655bf252,ACTIVE,POOL_ADMISSION
603316.SH,2026-05-22,29508994f1ffa5a828335223c9ac2b9dfeb07365bf64765cbb7aff25655bf252,ACTIVE,POOL_OBSERVATION
603316.SH,2026-05-25,29508994f1ffa5a828335223c9ac2b9dfeb07365bf64765cbb7aff25655bf252,SIGNALLED,ENTRY_SIGNAL
603316.SH,2026-05-26,29508994f1ffa5a828335223c9ac2b9dfeb07365bf64765cbb7aff25655bf252,SIGNALLED,EXECUTION_PENDING
603316.SH,2026-05-27,29508994f1ffa5a828335223c9ac2b9dfeb07365bf64765cbb7aff25655bf252,SIGNALLED,EXECUTION_PENDING
603316.SH,2026-05-28,29508994f1ffa5a828335223c9ac2b9dfeb07365bf64765cbb7aff25655bf252,SIGNALLED,EXECUTION_PENDING
603316.SH,2026-05-29,29508994f1ffa5a828335223c9ac2b9dfeb07365bf64765cbb7aff25655bf252,EXPIRED,PENDING_SIGNAL_HORIZON_EXPIRED
603318.SH,2026-03-04,0665208ec53d5f7812496cdee19712eecc519623222fd3ec6ba97c7b4e2ed533,ACTIVE,POOL_ADMISSION
603318.SH,2026-03-05,0665208ec53d5f7812496cdee19712eecc519623222fd3ec6ba97c7b4e2ed533,ACTIVE,POOL_OBSERVATION
603318.SH,2026-03-06,0665208ec53d5f7812496cdee19712eecc519623222fd3ec6ba97c7b4e2ed533,SIGNALLED,ENTRY_SIGNAL
603318.SH,2026-03-09,0665208ec53d5f7812496cdee19712eecc519623222fd3ec6ba97c7b4e2ed533,SIGNALLED,EXECUTION_PENDING
603318.SH,2026-03-10,0665208ec53d5f7812496cdee19712eecc519623222fd3ec6ba97c7b4e2ed533,SIGNALLED,EXECUTION_PENDING
603318.SH,2026-03-11,0665208ec53d5f7812496cdee19712eecc519623222fd3ec6ba97c7b4e2ed533,SIGNALLED,EXECUTION_PENDING
603318.SH,2026-03-12,0665208ec53d5f7812496cdee19712eecc519623222fd3ec6ba97c7b4e2ed533,EXPIRED,PENDING_SIGNAL_HORIZON_EXPIRED
603318.SH,2026-04-24,264e8e6ab428abb4342be9c9c4a9ed370fdc8aa91b5c6fa25884d911bb894692,ACTIVE,POOL_ADMISSION
603318.SH,2026-04-27,264e8e6ab428abb4342be9c9c4a9ed370fdc8aa91b5c6fa25884d911bb894692,ACTIVE,POOL_OBSERVATION
603318.SH,2026-04-28,264e8e6ab428abb4342be9c9c4a9ed370fdc8aa91b5c6fa25884d911bb894692,ACTIVE,POOL_OBSERVATION
603318.SH,2026-04-29,264e8e6ab428abb4342be9c9c4a9ed370fdc8aa91b5c6fa25884d911bb894692,ACTIVE,POOL_OBSERVATION
603318.SH,2026-04-30,264e8e6ab428abb4342be9c9c4a9ed370fdc8aa91b5c6fa25884d911bb894692,ACTIVE,POOL_OBSERVATION
603318.SH,2026-05-06,264e8e6ab428abb4342be9c9c4a9ed370fdc8aa91b5c6fa25884d911bb894692,SIGNALLED,ENTRY_SIGNAL
603318.SH,2026-05-07,264e8e6ab428abb4342be9c9c4a9ed370fdc8aa91b5c6fa25884d911bb894692,EXPIRED,PENDING_SIGNAL_HORIZON_EXPIRED
603330.SH,2026-06-04,b2f50bcdb890df2e797b2d64ff4fdffc531d1b86c7cb1e0ea9a04f0bb44cf4ae,ACTIVE,POOL_ADMISSION
603330.SH,2026-06-05,b2f50bcdb890df2e797b2d64ff4fdffc531d1b86c7cb1e0ea9a04f0bb44cf4ae,ACTIVE,POOL_OBSERVATION
603330.SH,2026-06-08,b2f50bcdb890df2e797b2d64ff4fdffc531d1b86c7cb1e0ea9a04f0bb44cf4ae,ACTIVE,POOL_OBSERVATION
603330.SH,2026-06-09,b2f50bcdb890df2e797b2d64ff4fdffc531d1b86c7cb1e0ea9a04f0bb44cf4ae,ACTIVE,POOL_OBSERVATION
603330.SH,2026-06-10,b2f50bcdb890df2e797b2d64ff4fdffc531d1b86c7cb1e0ea9a04f0bb44cf4ae,ACTIVE,POOL_OBSERVATION
603330.SH,2026-06-11,b2f50bcdb890df2e797b2d64ff4fdffc531d1b86c7cb1e0ea9a04f0bb44cf4ae,ACTIVE,POOL_OBSERVATION
603330.SH,2026-06-12,b2f50bcdb890df2e797b2d64ff4fdffc531d1b86c7cb1e0ea9a04f0bb44cf4ae,EXPIRED,POOL_EXPIRED
603330.SH,2026-08-17,e2b948f541c71880e4592f889dd63762be2a1ab26fcd38efb8226a81d751f36c,ACTIVE,POOL_ADMISSION
603330.SH,2026-08-18,e2b948f541c71880e4592f889dd63762be2a1ab26fcd38efb8226a81d751f36c,ACTIVE,POOL_OBSERVATION
603330.SH,2026-08-19,e2b948f541c71880e4592f889dd63762be2a1ab26fcd38efb8226a81d751f36c,ACTIVE,POOL_OBSERVATION
603330.SH,2026-08-20,e2b948f541c71880e4592f889dd63762be2a1ab26fcd38efb8226a81d751f36c,ACTIVE,POOL_OBSERVATION
603330.SH,2026-08-21,e2b948f541c71880e4592f889dd63762be2a1ab26fcd38efb8226a81d751f36c,ACTIVE,POOL_OBSERVATION
603330.SH,2026-08-24,e2b948f541c71880e4592f889dd63762be2a1ab26fcd38efb8226a81d751f36c,ACTIVE,POOL_OBSERVATION
603330.SH,2026-08-25,e2b948f541c71880e4592f889dd63762be2a1ab26fcd38efb8226a81d751f36c,EXPIRED,POOL_EXPIRED
603332.SH,2025-05-14,b3f65865fec2b5e4be319f00f1f554f9bf38c89e875dc3cb5d097837d4d89a54,ACTIVE,POOL_ADMISSION
603332.SH,2025-05-15,b3f65865fec2b5e4be319f00f1f554f9bf38c89e875dc3cb5d097837d4d89a54,ACTIVE,POOL_OBSERVATION
603332.SH,2025-05-16,b3f65865fec2b5e4be319f00f1f554f9bf38c89e875dc3cb5d097837d4d89a54,ACTIVE,POOL_OBSERVATION
603332.SH,2025-05-19,b3f65865fec2b5e4be319f00f1f554f9bf38c89e875dc3cb5d097837d4d89a54,SIGNALLED,ENTRY_SIGNAL
603332.SH,2025-05-20,b3f65865fec2b5e4be319f00f1f554f9bf38c89e875dc3cb5d097837d4d89a54,SIGNALLED,EXECUTION_PENDING
603332.SH,2025-05-21,b3f65865fec2b5e4be319f00f1f554f9bf38c89e875dc3cb5d097837d4d89a54,SIGNALLED,EXECUTION_PENDING
603332.SH,2025-05-22,b3f65865fec2b5e4be319f00f1f554f9bf38c89e875dc3cb5d097837d4d89a54,EXPIRED,PENDING_SIGNAL_HORIZON_EXPIRED
603333.SH,2025-05-27,8b49cb07551d82bb5d14f07eea38739950c15641f070154ccb2bed7b11192de2,ACTIVE,POOL_ADMISSION
603333.SH,2025-05-28,8b49cb07551d82bb5d14f07eea38739950c15641f070154ccb2bed7b11192de2,ACTIVE,POOL_OBSERVATION
603333.SH,2025-05-29,8b49cb07551d82bb5d14f07eea38739950c15641f070154ccb2bed7b11192de2,ACTIVE,POOL_OBSERVATION
603333.SH,2025-05-30,8b49cb07551d82bb5d14f07eea38739950c15641f070154ccb2bed7b11192de2,ACTIVE,POOL_OBSERVATION
603333.SH,2025-06-03,8b49cb07551d82bb5d14f07eea38739950c15641f070154ccb2bed7b11192de2,ACTIVE,POOL_OBSERVATION
603333.SH,2025-06-04,8b49cb07551d82bb5d14f07eea38739950c15641f070154ccb2bed7b11192de2,ACTIVE,POOL_OBSERVATION
603333.SH,2025-06-05,8b49cb07551d82bb5d14f07eea38739950c15641f070154ccb2bed7b11192de2,SIGNALLED,ENTRY_SIGNAL
603333.SH,2025-06-06,8b49cb07551d82bb5d14f07eea38739950c15641f070154ccb2bed7b11192de2,EXPIRED,PENDING_SIGNAL_HORIZON_EXPIRED
603353.SH,2025-04-01,163c748485b2448ac42cd853bdddcce149842969db45ec699807e36ba6ecf40f,ACTIVE,POOL_ADMISSION
603353.SH,2025-04-02,163c748485b2448ac42cd853bdddcce149842969db45ec699807e36ba6ecf40f,ACTIVE,POOL_OBSERVATION
603353.SH,2025-04-03,163c748485b2448ac42cd853bdddcce149842969db45ec699807e36ba6ecf40f,ACTIVE,POOL_OBSERVATION
603353.SH,2025-04-07,163c748485b2448ac42cd853bdddcce149842969db45ec699807e36ba6ecf40f,ACTIVE,POOL_OBSERVATION
603353.SH,2025-04-08,163c748485b2448ac42cd853bdddcce149842969db45ec699807e36ba6ecf40f,ACTIVE,POOL_OBSERVATION
603353.SH,2025-04-09,163c748485b2448ac42cd853bdddcce149842969db45ec699807e36ba6ecf40f,ACTIVE,POOL_OBSERVATION
603353.SH,2025-04-10,163c748485b2448ac42cd853bdddcce149842969db45ec699807e36ba6ecf40f,EXPIRED,POOL_EXPIRED
603359.SH,2025-03-24,964332f61fcc95bf46340112a0219bf2afe2eb1954d48b58955ac28fda873b6c,ACTIVE,POOL_ADMISSION
603359.SH,2025-03-25,964332f61fcc95bf46340112a0219bf2afe2eb1954d48b58955ac28fda873b6c,ACTIVE,POOL_OBSERVATION
603359.SH,2025-03-26,964332f61fcc95bf46340112a0219bf2afe2eb1954d48b58955ac28fda873b6c,ACTIVE,POOL_OBSERVATION
603359.SH,2025-03-27,964332f61fcc95bf46340112a0219bf2afe2eb1954d48b58955ac28fda873b6c,ACTIVE,POOL_OBSERVATION
603359.SH,2025-03-28,964332f61fcc95bf46340112a0219bf2afe2eb1954d48b58955ac28fda873b6c,ACTIVE,POOL_OBSERVATION
603359.SH,2025-03-31,964332f61fcc95bf46340112a0219bf2afe2eb1954d48b58955ac28fda873b6c,ACTIVE,POOL_OBSERVATION
603359.SH,2025-04-01,964332f61fcc95bf46340112a0219bf2afe2eb1954d48b58955ac28fda873b6c,EXPIRED,POOL_EXPIRED
603366.SH,2024-11-07,384686a476591e05100407e682b5421e8a62f2610f3640b5fab388c474c52867,ACTIVE,POOL_ADMISSION
603366.SH,2024-11-08,384686a476591e05100407e682b5421e8a62f2610f3640b5fab388c474c52867,ACTIVE,POOL_OBSERVATION
603366.SH,2024-11-11,384686a476591e05100407e682b5421e8a62f2610f3640b5fab388c474c52867,ACTIVE,POOL_OBSERVATION
603366.SH,2024-11-12,384686a476591e05100407e682b5421e8a62f2610f3640b5fab388c474c52867,SIGNALLED,ENTRY_SIGNAL
603366.SH,2024-11-13,384686a476591e05100407e682b5421e8a62f2610f3640b5fab388c474c52867,SIGNALLED,EXECUTION_PENDING
603366.SH,2024-11-14,384686a476591e05100407e682b5421e8a62f2610f3640b5fab388c474c52867,SIGNALLED,EXECUTION_PENDING
603366.SH,2024-11-15,384686a476591e05100407e682b5421e8a62f2610f3640b5fab388c474c52867,EXPIRED,PENDING_SIGNAL_HORIZON_EXPIRED
603366.SH,2024-11-18,ca16a2f35d66537a9b5d4a385221d2450d7b77ea771112fbe3e4f3ddaf83ec3d,ACTIVE,POOL_ADMISSION
603366.SH,2024-11-19,ca16a2f35d66537a9b5d4a385221d2450d7b77ea771112fbe3e4f3ddaf83ec3d,ACTIVE,POOL_OBSERVATION
603366.SH,2024-11-20,ca16a2f35d66537a9b5d4a385221d2450d7b77ea771112fbe3e4f3ddaf83ec3d,SIGNALLED,ENTRY_SIGNAL
603366.SH,2024-11-21,ca16a2f35d66537a9b5d4a385221d2450d7b77ea771112fbe3e4f3ddaf83ec3d,SIGNALLED,EXECUTION_PENDING
603366.SH,2024-11-22,ca16a2f35d66537a9b5d4a385221d2450d7b77ea771112fbe3e4f3ddaf83ec3d,SIGNALLED,EXECUTION_PENDING
603366.SH,2024-11-25,ca16a2f35d66537a9b5d4a385221d2450d7b77ea771112fbe3e4f3ddaf83ec3d,SIGNALLED,EXECUTION_PENDING
603366.SH,2024-11-26,ca16a2f35d66537a9b5d4a385221d2450d7b77ea771112fbe3e4f3ddaf83ec3d,EXPIRED,PENDING_SIGNAL_HORIZON_EXPIRED
603378.SH,2025-10-29,83ac4d19bae2ae1cbe574d89f6f39625349b321c151d1a9136721c227e893904,ACTIVE,POOL_ADMISSION
603378.SH,2025-10-30,83ac4d19bae2ae1cbe574d89f6f39625349b321c151d1a9136721c227e893904,ACTIVE,POOL_OBSERVATION
603378.SH,2025-10-31,83ac4d19bae2ae1cbe574d89f6f39625349b321c151d1a9136721c227e893904,ACTIVE,POOL_OBSERVATION
603378.SH,2025-11-03,83ac4d19bae2ae1cbe574d89f6f39625349b321c151d1a9136721c227e893904,ACTIVE,POOL_OBSERVATION
603378.SH,2025-11-04,83ac4d19bae2ae1cbe574d89f6f39625349b321c151d1a9136721c227e893904,ACTIVE,POOL_OBSERVATION
603378.SH,2025-11-05,83ac4d19bae2ae1cbe574d89f6f39625349b321c151d1a9136721c227e893904,ACTIVE,POOL_OBSERVATION
603378.SH,2025-11-06,83ac4d19bae2ae1cbe574d89f6f39625349b321c151d1a9136721c227e893904,EXPIRED,POOL_EXPIRED
603386.SH,2025-12-08,6360e78128cfdc093bcf2197066829b0a599accea35292808360c645f8fe0ac9,ACTIVE,POOL_ADMISSION
603386.SH,2025-12-09,6360e78128cfdc093bcf2197066829b0a599accea35292808360c645f8fe0ac9,ACTIVE,POOL_OBSERVATION
603386.SH,2025-12-10,6360e78128cfdc093bcf2197066829b0a599accea35292808360c645f8fe0ac9,ACTIVE,POOL_OBSERVATION
603386.SH,2025-12-11,6360e78128cfdc093bcf2197066829b0a599accea35292808360c645f8fe0ac9,ACTIVE,POOL_OBSERVATION
603386.SH,2025-12-12,6360e78128cfdc093bcf2197066829b0a599accea35292808360c645f8fe0ac9,ACTIVE,POOL_OBSERVATION
603386.SH,2025-12-15,6360e78128cfdc093bcf2197066829b0a599accea35292808360c645f8fe0ac9,ACTIVE,POOL_OBSERVATION
603386.SH,2025-12-16,6360e78128cfdc093bcf2197066829b0a599accea35292808360c645f8fe0ac9,EXPIRED,POOL_EXPIRED
603390.SH,2024-08-06,85de8d121e06e7ec7eb487369fd80e519d95d73413ea8a4cb533ddbb36cd2273,ACTIVE,POOL_ADMISSION
603390.SH,2024-08-07,85de8d121e06e7ec7eb487369fd80e519d95d73413ea8a4cb533ddbb36cd2273,ACTIVE,POOL_OBSERVATION
603390.SH,2024-08-08,85de8d121e06e7ec7eb487369fd80e519d95d73413ea8a4cb533ddbb36cd2273,ACTIVE,POOL_OBSERVATION
603390.SH,2024-08-09,85de8d121e06e7ec7eb487369fd80e519d95d73413ea8a4cb533ddbb36cd2273,ACTIVE,POOL_OBSERVATION
603390.SH,2024-08-12,85de8d121e06e7ec7eb487369fd80e519d95d73413ea8a4cb533ddbb36cd2273,ACTIVE,POOL_OBSERVATION
603390.SH,2024-08-13,85de8d121e06e7ec7eb487369fd80e519d95d73413ea8a4cb533ddbb36cd2273,ACTIVE,POOL_OBSERVATION
603390.SH,2024-08-14,85de8d121e06e7ec7eb487369fd80e519d95d73413ea8a4cb533ddbb36cd2273,EXPIRED,POOL_EXPIRED
603390.SH,2025-05-27,a46c18d0cfbac28378f3186d880061ad4437fe96db4c6c4ca7fdd5461e867cc6,ACTIVE,POOL_ADMISSION
603390.SH,2025-05-28,a46c18d0cfbac28378f3186d880061ad4437fe96db4c6c4ca7fdd5461e867cc6,ACTIVE,POOL_OBSERVATION
603390.SH,2025-05-29,a46c18d0cfbac28378f3186d880061ad4437fe96db4c6c4ca7fdd5461e867cc6,ACTIVE,POOL_OBSERVATION
603390.SH,2025-05-30,a46c18d0cfbac28378f3186d880061ad4437fe96db4c6c4ca7fdd5461e867cc6,ACTIVE,POOL_OBSERVATION
603390.SH,2025-06-03,a46c18d0cfbac28378f3186d880061ad4437fe96db4c6c4ca7fdd5461e867cc6,SIGNALLED,ENTRY_SIGNAL
603390.SH,2025-06-04,a46c18d0cfbac28378f3186d880061ad4437fe96db4c6c4ca7fdd5461e867cc6,INVALIDATED,HARD_INVALIDATION
603399.SH,2026-05-06,dc42c67dac23375a0c4a1f53e8f505b669b7b5532b753e954315f43ac10be64f,ACTIVE,POOL_ADMISSION
603399.SH,2026-05-07,dc42c67dac23375a0c4a1f53e8f505b669b7b5532b753e954315f43ac10be64f,ACTIVE,POOL_OBSERVATION
603399.SH,2026-05-08,dc42c67dac23375a0c4a1f53e8f505b669b7b5532b753e954315f43ac10be64f,ACTIVE,POOL_OBSERVATION
603399.SH,2026-05-11,dc42c67dac23375a0c4a1f53e8f505b669b7b5532b753e954315f43ac10be64f,ACTIVE,POOL_OBSERVATION
603399.SH,2026-05-12,dc42c67dac23375a0c4a1f53e8f505b669b7b5532b753e954315f43ac10be64f,SIGNALLED,ENTRY_SIGNAL
603399.SH,2026-05-13,dc42c67dac23375a0c4a1f53e8f505b669b7b5532b753e954315f43ac10be64f,SIGNALLED,EXECUTION_PENDING
603399.SH,2026-05-14,dc42c67dac23375a0c4a1f53e8f505b669b7b5532b753e954315f43ac10be64f,EXPIRED,PENDING_SIGNAL_HORIZON_EXPIRED
603421.SH,2024-12-23,cdf33b765191478ddb4842dd18f5eb7152aed2d25af5dc8fc572c8f608d96c79,ACTIVE,POOL_ADMISSION
603421.SH,2024-12-24,cdf33b765191478ddb4842dd18f5eb7152aed2d25af5dc8fc572c8f608d96c79,ACTIVE,POOL_OBSERVATION
603421.SH,2024-12-25,cdf33b765191478ddb4842dd18f5eb7152aed2d25af5dc8fc572c8f608d96c79,ACTIVE,POOL_OBSERVATION
603421.SH,2024-12-26,cdf33b765191478ddb4842dd18f5eb7152aed2d25af5dc8fc572c8f608d96c79,ACTIVE,POOL_OBSERVATION
603421.SH,2024-12-27,cdf33b765191478ddb4842dd18f5eb7152aed2d25af5dc8fc572c8f608d96c79,ACTIVE,POOL_OBSERVATION
603421.SH,2024-12-30,cdf33b765191478ddb4842dd18f5eb7152aed2d25af5dc8fc572c8f608d96c79,ACTIVE,POOL_OBSERVATION
603421.SH,2024-12-31,cdf33b765191478ddb4842dd18f5eb7152aed2d25af5dc8fc572c8f608d96c79,EXPIRED,POOL_EXPIRED
603429.SH,2024-10-31,1236fb59fa820d239b4d6e6b3f50fc75d9e0bcfed0395ef3601c63f73ab3d951,ACTIVE,POOL_ADMISSION
603429.SH,2024-11-01,1236fb59fa820d239b4d6e6b3f50fc75d9e0bcfed0395ef3601c63f73ab3d951,ACTIVE,POOL_OBSERVATION
603429.SH,2024-11-04,1236fb59fa820d239b4d6e6b3f50fc75d9e0bcfed0395ef3601c63f73ab3d951,ACTIVE,POOL_OBSERVATION
603429.SH,2024-11-05,1236fb59fa820d239b4d6e6b3f50fc75d9e0bcfed0395ef3601c63f73ab3d951,ACTIVE,POOL_OBSERVATION
603429.SH,2024-11-06,1236fb59fa820d239b4d6e6b3f50fc75d9e0bcfed0395ef3601c63f73ab3d951,SIGNALLED,ENTRY_SIGNAL
603429.SH,2024-11-07,1236fb59fa820d239b4d6e6b3f50fc75d9e0bcfed0395ef3601c63f73ab3d951,SIGNALLED,EXECUTION_PENDING
603429.SH,2024-11-08,1236fb59fa820d239b4d6e6b3f50fc75d9e0bcfed0395ef3601c63f73ab3d951,EXPIRED,PENDING_SIGNAL_HORIZON_EXPIRED
603458.SH,2024-08-14,f1ba72625d5f7ae70db6c21e734f80107f3ae4384926b2f9f7635b42b8855d4e,ACTIVE,POOL_ADMISSION
603458.SH,2024-08-15,f1ba72625d5f7ae70db6c21e734f80107f3ae4384926b2f9f7635b42b8855d4e,ACTIVE,POOL_OBSERVATION
603458.SH,2024-08-16,f1ba72625d5f7ae70db6c21e734f80107f3ae4384926b2f9f7635b42b8855d4e,ACTIVE,POOL_OBSERVATION
603458.SH,2024-08-19,f1ba72625d5f7ae70db6c21e734f80107f3ae4384926b2f9f7635b42b8855d4e,ACTIVE,POOL_OBSERVATION
603458.SH,2024-08-20,f1ba72625d5f7ae70db6c21e734f80107f3ae4384926b2f9f7635b42b8855d4e,ACTIVE,POOL_OBSERVATION
603458.SH,2024-08-21,f1ba72625d5f7ae70db6c21e734f80107f3ae4384926b2f9f7635b42b8855d4e,ACTIVE,POOL_OBSERVATION
603458.SH,2024-08-22,f1ba72625d5f7ae70db6c21e734f80107f3ae4384926b2f9f7635b42b8855d4e,EXPIRED,POOL_EXPIRED
603488.SH,2026-01-13,2319d381c6621ab4848b90fd2ae6aeee69b806ad7fdcbc9582b42b8b415ecd99,SIGNALLED,ENTRY_SIGNAL
603488.SH,2026-01-14,2319d381c6621ab4848b90fd2ae6aeee69b806ad7fdcbc9582b42b8b415ecd99,SIGNALLED,EXECUTION_PENDING
603488.SH,2026-01-15,2319d381c6621ab4848b90fd2ae6aeee69b806ad7fdcbc9582b42b8b415ecd99,SIGNALLED,EXECUTION_PENDING
603488.SH,2026-01-16,2319d381c6621ab4848b90fd2ae6aeee69b806ad7fdcbc9582b42b8b415ecd99,SIGNALLED,EXECUTION_PENDING
603488.SH,2026-01-19,2319d381c6621ab4848b90fd2ae6aeee69b806ad7fdcbc9582b42b8b415ecd99,SIGNALLED,EXECUTION_PENDING
603488.SH,2026-01-20,2319d381c6621ab4848b90fd2ae6aeee69b806ad7fdcbc9582b42b8b415ecd99,SIGNALLED,EXECUTION_PENDING
603488.SH,2026-01-21,2319d381c6621ab4848b90fd2ae6aeee69b806ad7fdcbc9582b42b8b415ecd99,EXPIRED,PENDING_SIGNAL_HORIZON_EXPIRED
603496.SH,2025-03-03,7ef66501df19d874edb77ebfdebdc9379d5863f007b3be1ff8588ed970116738,SIGNALLED,ENTRY_SIGNAL
603496.SH,2025-03-04,7ef66501df19d874edb77ebfdebdc9379d5863f007b3be1ff8588ed970116738,SIGNALLED,EXECUTION_PENDING
603496.SH,2025-03-05,7ef66501df19d874edb77ebfdebdc9379d5863f007b3be1ff8588ed970116738,SIGNALLED,EXECUTION_PENDING
603496.SH,2025-03-06,7ef66501df19d874edb77ebfdebdc9379d5863f007b3be1ff8588ed970116738,SIGNALLED,EXECUTION_PENDING
603496.SH,2025-03-07,7ef66501df19d874edb77ebfdebdc9379d5863f007b3be1ff8588ed970116738,SIGNALLED,EXECUTION_PENDING
603496.SH,2025-03-10,7ef66501df19d874edb77ebfdebdc9379d5863f007b3be1ff8588ed970116738,SIGNALLED,EXECUTION_PENDING
603496.SH,2025-03-11,7ef66501df19d874edb77ebfdebdc9379d5863f007b3be1ff8588ed970116738,EXPIRED,PENDING_SIGNAL_HORIZON_EXPIRED
603511.SH,2025-01-17,bd160d0bb4782773882c5b823744041c3eaa18aa3f038f085237629dcbae505a,ACTIVE,POOL_ADMISSION
603511.SH,2025-01-20,bd160d0bb4782773882c5b823744041c3eaa18aa3f038f085237629dcbae505a,ACTIVE,POOL_OBSERVATION
603511.SH,2025-01-21,bd160d0bb4782773882c5b823744041c3eaa18aa3f038f085237629dcbae505a,ACTIVE,POOL_OBSERVATION
603511.SH,2025-01-22,bd160d0bb4782773882c5b823744041c3eaa18aa3f038f085237629dcbae505a,ACTIVE,POOL_OBSERVATION
603511.SH,2025-01-23,bd160d0bb4782773882c5b823744041c3eaa18aa3f038f085237629dcbae505a,ACTIVE,POOL_OBSERVATION
603511.SH,2025-01-24,bd160d0bb4782773882c5b823744041c3eaa18aa3f038f085237629dcbae505a,ACTIVE,POOL_OBSERVATION
603511.SH,2025-01-27,bd160d0bb4782773882c5b823744041c3eaa18aa3f038f085237629dcbae505a,EXPIRED,POOL_EXPIRED
603516.SH,2025-09-12,79d2e33e1d4d3aef58176c2fe532f18833733fa9a244447a4011afa71bd4ae21,ACTIVE,POOL_ADMISSION
603516.SH,2025-09-15,79d2e33e1d4d3aef58176c2fe532f18833733fa9a244447a4011afa71bd4ae21,ACTIVE,POOL_OBSERVATION
603516.SH,2025-09-16,79d2e33e1d4d3aef58176c2fe532f18833733fa9a244447a4011afa71bd4ae21,ACTIVE,POOL_OBSERVATION
603516.SH,2025-09-17,79d2e33e1d4d3aef58176c2fe532f18833733fa9a244447a4011afa71bd4ae21,SIGNALLED,ENTRY_SIGNAL
603516.SH,2025-09-18,79d2e33e1d4d3aef58176c2fe532f18833733fa9a244447a4011afa71bd4ae21,SIGNALLED,EXECUTION_PENDING
603516.SH,2025-09-19,79d2e33e1d4d3aef58176c2fe532f18833733fa9a244447a4011afa71bd4ae21,SIGNALLED,EXECUTION_PENDING
603516.SH,2025-09-22,79d2e33e1d4d3aef58176c2fe532f18833733fa9a244447a4011afa71bd4ae21,EXPIRED,PENDING_SIGNAL_HORIZON_EXPIRED
603518.SH,2025-06-03,d7952da94522b61743cf01f7029be4881aea98ffb70273c68c00ad9e1c638800,ACTIVE,POOL_ADMISSION
603518.SH,2025-06-04,d7952da94522b61743cf01f7029be4881aea98ffb70273c68c00ad9e1c638800,ACTIVE,POOL_OBSERVATION
603518.SH,2025-06-05,d7952da94522b61743cf01f7029be4881aea98ffb70273c68c00ad9e1c638800,ACTIVE,POOL_OBSERVATION
603518.SH,2025-06-06,d7952da94522b61743cf01f7029be4881aea98ffb70273c68c00ad9e1c638800,ACTIVE,POOL_OBSERVATION
603518.SH,2025-06-09,d7952da94522b61743cf01f7029be4881aea98ffb70273c68c00ad9e1c638800,ACTIVE,POOL_OBSERVATION
603518.SH,2025-06-10,d7952da94522b61743cf01f7029be4881aea98ffb70273c68c00ad9e1c638800,ACTIVE,POOL_OBSERVATION
603518.SH,2025-06-11,d7952da94522b61743cf01f7029be4881aea98ffb70273c68c00ad9e1c638800,EXPIRED,POOL_EXPIRED
603527.SH,2024-11-22,2c2f12b2120b02a801e5a0f26b0bde67fba258f6b3ba288d76cf59c0ec6a1408,ACTIVE,POOL_ADMISSION
603527.SH,2024-11-25,2c2f12b2120b02a801e5a0f26b0bde67fba258f6b3ba288d76cf59c0ec6a1408,ACTIVE,POOL_OBSERVATION
603527.SH,2024-11-26,2c2f12b2120b02a801e5a0f26b0bde67fba258f6b3ba288d76cf59c0ec6a1408,ACTIVE,POOL_OBSERVATION
603527.SH,2024-11-27,2c2f12b2120b02a801e5a0f26b0bde67fba258f6b3ba288d76cf59c0ec6a1408,ACTIVE,POOL_OBSERVATION
603527.SH,2024-11-28,2c2f12b2120b02a801e5a0f26b0bde67fba258f6b3ba288d76cf59c0ec6a1408,ACTIVE,POOL_OBSERVATION
603527.SH,2024-11-29,2c2f12b2120b02a801e5a0f26b0bde67fba258f6b3ba288d76cf59c0ec6a1408,ACTIVE,POOL_OBSERVATION
603527.SH,2024-12-02,2c2f12b2120b02a801e5a0f26b0bde67fba258f6b3ba288d76cf59c0ec6a1408,EXPIRED,POOL_EXPIRED
603533.SH,2026-02-12,6666e088e8fb3afc1b71eec60fbca065ba4ae906678b95a6a1e7f449214a7899,ACTIVE,POOL_ADMISSION
603533.SH,2026-02-13,6666e088e8fb3afc1b71eec60fbca065ba4ae906678b95a6a1e7f449214a7899,ACTIVE,POOL_OBSERVATION
603533.SH,2026-02-24,6666e088e8fb3afc1b71eec60fbca065ba4ae906678b95a6a1e7f449214a7899,ACTIVE,POOL_OBSERVATION
603533.SH,2026-02-25,6666e088e8fb3afc1b71eec60fbca065ba4ae906678b95a6a1e7f449214a7899,ACTIVE,POOL_OBSERVATION
603533.SH,2026-02-26,6666e088e8fb3afc1b71eec60fbca065ba4ae906678b95a6a1e7f449214a7899,ACTIVE,POOL_OBSERVATION
603533.SH,2026-02-27,6666e088e8fb3afc1b71eec60fbca065ba4ae906678b95a6a1e7f449214a7899,ACTIVE,POOL_OBSERVATION
603533.SH,2026-03-02,6666e088e8fb3afc1b71eec60fbca065ba4ae906678b95a6a1e7f449214a7899,EXPIRED,POOL_EXPIRED
603536.SH,2024-12-12,ad5a507b34ea031f8f87f23f4064c2e4ff34cb3d8bb7e6c2ad1787dd1bbb5895,ACTIVE,POOL_ADMISSION
603536.SH,2024-12-13,ad5a507b34ea031f8f87f23f4064c2e4ff34cb3d8bb7e6c2ad1787dd1bbb5895,ACTIVE,POOL_OBSERVATION
603536.SH,2024-12-16,ad5a507b34ea031f8f87f23f4064c2e4ff34cb3d8bb7e6c2ad1787dd1bbb5895,ACTIVE,POOL_OBSERVATION
603536.SH,2024-12-17,ad5a507b34ea031f8f87f23f4064c2e4ff34cb3d8bb7e6c2ad1787dd1bbb5895,ACTIVE,POOL_OBSERVATION
603536.SH,2024-12-18,ad5a507b34ea031f8f87f23f4064c2e4ff34cb3d8bb7e6c2ad1787dd1bbb5895,ACTIVE,POOL_OBSERVATION
603536.SH,2024-12-19,ad5a507b34ea031f8f87f23f4064c2e4ff34cb3d8bb7e6c2ad1787dd1bbb5895,ACTIVE,POOL_OBSERVATION
603536.SH,2024-12-20,ad5a507b34ea031f8f87f23f4064c2e4ff34cb3d8bb7e6c2ad1787dd1bbb5895,EXPIRED,POOL_EXPIRED
603538.SH,2026-03-26,a58dc3eeaadd9f744030f40d3f02d9a45376b08ac149acac92f3bead748f433b,ACTIVE,POOL_ADMISSION
603538.SH,2026-03-27,a58dc3eeaadd9f744030f40d3f02d9a45376b08ac149acac92f3bead748f433b,ACTIVE,POOL_OBSERVATION
603538.SH,2026-03-30,a58dc3eeaadd9f744030f40d3f02d9a45376b08ac149acac92f3bead748f433b,ACTIVE,POOL_OBSERVATION
603538.SH,2026-03-31,a58dc3eeaadd9f744030f40d3f02d9a45376b08ac149acac92f3bead748f433b,ACTIVE,POOL_OBSERVATION
603538.SH,2026-04-01,a58dc3eeaadd9f744030f40d3f02d9a45376b08ac149acac92f3bead748f433b,SIGNALLED,ENTRY_SIGNAL
603538.SH,2026-04-02,a58dc3eeaadd9f744030f40d3f02d9a45376b08ac149acac92f3bead748f433b,SIGNALLED,EXECUTION_PENDING
603538.SH,2026-04-03,a58dc3eeaadd9f744030f40d3f02d9a45376b08ac149acac92f3bead748f433b,EXPIRED,PENDING_SIGNAL_HORIZON_EXPIRED
603579.SH,2025-03-31,67a4abbeeaee399bf4703cbb265ff80b37000ee30a4f60cf103268af42e06c37,ACTIVE,POOL_ADMISSION
603579.SH,2025-04-01,67a4abbeeaee399bf4703cbb265ff80b37000ee30a4f60cf103268af42e06c37,ACTIVE,POOL_OBSERVATION
603579.SH,2025-04-02,67a4abbeeaee399bf4703cbb265ff80b37000ee30a4f60cf103268af42e06c37,ACTIVE,POOL_OBSERVATION
603579.SH,2025-04-03,67a4abbeeaee399bf4703cbb265ff80b37000ee30a4f60cf103268af42e06c37,ACTIVE,POOL_OBSERVATION
603579.SH,2025-04-07,67a4abbeeaee399bf4703cbb265ff80b37000ee30a4f60cf103268af42e06c37,ACTIVE,POOL_OBSERVATION
603579.SH,2025-04-08,67a4abbeeaee399bf4703cbb265ff80b37000ee30a4f60cf103268af42e06c37,ACTIVE,POOL_OBSERVATION
603579.SH,2025-04-09,67a4abbeeaee399bf4703cbb265ff80b37000ee30a4f60cf103268af42e06c37,EXPIRED,POOL_EXPIRED
603580.SH,2026-07-15,b0b966f34203295a07225a7961b30024a783e844fafa5fb879ba349cc52a3836,ACTIVE,POOL_ADMISSION
603580.SH,2026-07-16,b0b966f34203295a07225a7961b30024a783e844fafa5fb879ba349cc52a3836,ACTIVE,POOL_OBSERVATION
603580.SH,2026-07-17,b0b966f34203295a07225a7961b30024a783e844fafa5fb879ba349cc52a3836,ACTIVE,POOL_OBSERVATION
603580.SH,2026-07-20,b0b966f34203295a07225a7961b30024a783e844fafa5fb879ba349cc52a3836,ACTIVE,POOL_OBSERVATION
603580.SH,2026-07-21,b0b966f34203295a07225a7961b30024a783e844fafa5fb879ba349cc52a3836,ACTIVE,POOL_OBSERVATION
603580.SH,2026-07-22,b0b966f34203295a07225a7961b30024a783e844fafa5fb879ba349cc52a3836,ACTIVE,POOL_OBSERVATION
603580.SH,2026-07-23,b0b966f34203295a07225a7961b30024a783e844fafa5fb879ba349cc52a3836,EXPIRED,POOL_EXPIRED
603598.SH,2026-01-09,f608a4b876de2e65d029ebb7c2a61d6b9f1fe7f08658f68659a4452887ecf641,ACTIVE,POOL_ADMISSION
603598.SH,2026-01-12,f608a4b876de2e65d029ebb7c2a61d6b9f1fe7f08658f68659a4452887ecf641,ACTIVE,POOL_OBSERVATION
603598.SH,2026-01-13,f608a4b876de2e65d029ebb7c2a61d6b9f1fe7f08658f68659a4452887ecf641,ACTIVE,POOL_OBSERVATION
603598.SH,2026-01-14,f608a4b876de2e65d029ebb7c2a61d6b9f1fe7f08658f68659a4452887ecf641,ACTIVE,POOL_OBSERVATION
603598.SH,2026-01-15,f608a4b876de2e65d029ebb7c2a61d6b9f1fe7f08658f68659a4452887ecf641,SIGNALLED,ENTRY_SIGNAL
603598.SH,2026-01-16,f608a4b876de2e65d029ebb7c2a61d6b9f1fe7f08658f68659a4452887ecf641,SIGNALLED,EXECUTION_PENDING
603598.SH,2026-01-19,f608a4b876de2e65d029ebb7c2a61d6b9f1fe7f08658f68659a4452887ecf641,EXPIRED,PENDING_SIGNAL_HORIZON_EXPIRED
603601.SH,2025-07-04,3356e3b6682be3ea1adc22cf4f0ddad5499b2bff7ba577d32944c429b16ca1bb,ACTIVE,POOL_ADMISSION
603601.SH,2025-07-07,3356e3b6682be3ea1adc22cf4f0ddad5499b2bff7ba577d32944c429b16ca1bb,ACTIVE,POOL_OBSERVATION
603601.SH,2025-07-08,3356e3b6682be3ea1adc22cf4f0ddad5499b2bff7ba577d32944c429b16ca1bb,SIGNALLED,ENTRY_SIGNAL
603601.SH,2025-07-09,3356e3b6682be3ea1adc22cf4f0ddad5499b2bff7ba577d32944c429b16ca1bb,SIGNALLED,EXECUTION_PENDING
603601.SH,2025-07-10,3356e3b6682be3ea1adc22cf4f0ddad5499b2bff7ba577d32944c429b16ca1bb,SIGNALLED,EXECUTION_PENDING
603601.SH,2025-07-11,3356e3b6682be3ea1adc22cf4f0ddad5499b2bff7ba577d32944c429b16ca1bb,SIGNALLED,EXECUTION_PENDING
603601.SH,2025-07-14,3356e3b6682be3ea1adc22cf4f0ddad5499b2bff7ba577d32944c429b16ca1bb,EXPIRED,PENDING_SIGNAL_HORIZON_EXPIRED
603601.SH,2025-12-11,49c37dc19bd097dec01dc694c3037cb8881d0d339af973b8987b4c59ade0e057,ACTIVE,POOL_ADMISSION
603601.SH,2025-12-12,49c37dc19bd097dec01dc694c3037cb8881d0d339af973b8987b4c59ade0e057,ACTIVE,POOL_OBSERVATION
603601.SH,2025-12-15,49c37dc19bd097dec01dc694c3037cb8881d0d339af973b8987b4c59ade0e057,ACTIVE,POOL_OBSERVATION
603601.SH,2025-12-16,49c37dc19bd097dec01dc694c3037cb8881d0d339af973b8987b4c59ade0e057,ACTIVE,POOL_OBSERVATION
603601.SH,2025-12-17,49c37dc19bd097dec01dc694c3037cb8881d0d339af973b8987b4c59ade0e057,SIGNALLED,ENTRY_SIGNAL
603601.SH,2025-12-18,49c37dc19bd097dec01dc694c3037cb8881d0d339af973b8987b4c59ade0e057,SIGNALLED,EXECUTION_PENDING
603601.SH,2025-12-19,49c37dc19bd097dec01dc694c3037cb8881d0d339af973b8987b4c59ade0e057,EXPIRED,PENDING_SIGNAL_HORIZON_EXPIRED
603602.SH,2024-10-22,f673568137e126c34fa946c9170634f1d80c630c53d30837d180ec7cb9d125db,ACTIVE,POOL_ADMISSION
603602.SH,2024-10-23,f673568137e126c34fa946c9170634f1d80c630c53d30837d180ec7cb9d125db,ACTIVE,POOL_OBSERVATION
603602.SH,2024-10-24,f673568137e126c34fa946c9170634f1d80c630c53d30837d180ec7cb9d125db,ACTIVE,POOL_OBSERVATION
603602.SH,2024-10-25,f673568137e126c34fa946c9170634f1d80c630c53d30837d180ec7cb9d125db,ACTIVE,POOL_OBSERVATION
603602.SH,2024-10-28,f673568137e126c34fa946c9170634f1d80c630c53d30837d180ec7cb9d125db,ACTIVE,POOL_OBSERVATION
603602.SH,2024-10-29,f673568137e126c34fa946c9170634f1d80c630c53d30837d180ec7cb9d125db,ACTIVE,POOL_OBSERVATION
603602.SH,2024-10-30,f673568137e126c34fa946c9170634f1d80c630c53d30837d180ec7cb9d125db,EXPIRED,POOL_EXPIRED
603607.SH,2025-05-26,7a2526076f873e9184df9e99aef868e5db2939ec84331ebb010182df676cad11,ACTIVE,POOL_ADMISSION
603607.SH,2025-05-27,7a2526076f873e9184df9e99aef868e5db2939ec84331ebb010182df676cad11,ACTIVE,POOL_OBSERVATION
603607.SH,2025-05-28,7a2526076f873e9184df9e99aef868e5db2939ec84331ebb010182df676cad11,ACTIVE,POOL_OBSERVATION
603607.SH,2025-05-29,7a2526076f873e9184df9e99aef868e5db2939ec84331ebb010182df676cad11,ACTIVE,POOL_OBSERVATION
603607.SH,2025-05-30,7a2526076f873e9184df9e99aef868e5db2939ec84331ebb010182df676cad11,ACTIVE,POOL_OBSERVATION
603607.SH,2025-06-03,7a2526076f873e9184df9e99aef868e5db2939ec84331ebb010182df676cad11,ACTIVE,POOL_OBSERVATION
603607.SH,2025-06-04,7a2526076f873e9184df9e99aef868e5db2939ec84331ebb010182df676cad11,EXPIRED,POOL_EXPIRED
603610.SH,2025-05-09,27bd58c5bc5c7974767f0ddd8b8f862d67429d1a45b083b6d3fc456f4709535a,ACTIVE,POOL_ADMISSION
603610.SH,2025-05-12,27bd58c5bc5c7974767f0ddd8b8f862d67429d1a45b083b6d3fc456f4709535a,ACTIVE,POOL_OBSERVATION
603610.SH,2025-05-13,27bd58c5bc5c7974767f0ddd8b8f862d67429d1a45b083b6d3fc456f4709535a,SIGNALLED,ENTRY_SIGNAL
603610.SH,2025-05-14,27bd58c5bc5c7974767f0ddd8b8f862d67429d1a45b083b6d3fc456f4709535a,SIGNALLED,EXECUTION_PENDING
603610.SH,2025-05-15,27bd58c5bc5c7974767f0ddd8b8f862d67429d1a45b083b6d3fc456f4709535a,SIGNALLED,EXECUTION_PENDING
603610.SH,2025-05-16,27bd58c5bc5c7974767f0ddd8b8f862d67429d1a45b083b6d3fc456f4709535a,SIGNALLED,EXECUTION_PENDING
603610.SH,2025-05-19,27bd58c5bc5c7974767f0ddd8b8f862d67429d1a45b083b6d3fc456f4709535a,EXPIRED,PENDING_SIGNAL_HORIZON_EXPIRED
603616.SH,2025-07-24,94de8adeddf1468b642801b7c632baa8ad37aec567f948f30229842311a37360,ACTIVE,POOL_ADMISSION
603616.SH,2025-07-25,94de8adeddf1468b642801b7c632baa8ad37aec567f948f30229842311a37360,ACTIVE,POOL_OBSERVATION
603616.SH,2025-07-28,94de8adeddf1468b642801b7c632baa8ad37aec567f948f30229842311a37360,SIGNALLED,ENTRY_SIGNAL
603616.SH,2025-07-29,94de8adeddf1468b642801b7c632baa8ad37aec567f948f30229842311a37360,SIGNALLED,EXECUTION_PENDING
603616.SH,2025-07-30,94de8adeddf1468b642801b7c632baa8ad37aec567f948f30229842311a37360,SIGNALLED,EXECUTION_PENDING
603616.SH,2025-07-31,94de8adeddf1468b642801b7c632baa8ad37aec567f948f30229842311a37360,SIGNALLED,EXECUTION_PENDING
603616.SH,2025-08-01,94de8adeddf1468b642801b7c632baa8ad37aec567f948f30229842311a37360,EXPIRED,PENDING_SIGNAL_HORIZON_EXPIRED
603616.SH,2026-02-06,c435e6593ffa520755e6422ed11b7ea4344ecc8f08089ee6ef27b17e19cb3a94,ACTIVE,POOL_ADMISSION
603616.SH,2026-02-09,c435e6593ffa520755e6422ed11b7ea4344ecc8f08089ee6ef27b17e19cb3a94,ACTIVE,POOL_OBSERVATION
603616.SH,2026-02-10,c435e6593ffa520755e6422ed11b7ea4344ecc8f08089ee6ef27b17e19cb3a94,ACTIVE,POOL_OBSERVATION
603616.SH,2026-02-11,c435e6593ffa520755e6422ed11b7ea4344ecc8f08089ee6ef27b17e19cb3a94,ACTIVE,POOL_OBSERVATION
603616.SH,2026-02-12,c435e6593ffa520755e6422ed11b7ea4344ecc8f08089ee6ef27b17e19cb3a94,ACTIVE,POOL_OBSERVATION
603616.SH,2026-02-13,c435e6593ffa520755e6422ed11b7ea4344ecc8f08089ee6ef27b17e19cb3a94,ACTIVE,POOL_OBSERVATION
603616.SH,2026-02-24,c435e6593ffa520755e6422ed11b7ea4344ecc8f08089ee6ef27b17e19cb3a94,EXPIRED,POOL_EXPIRED
603617.SH,2025-01-06,f57efce80b9a3fc26bcd86f8a71bd5a6138f4b4f11271807c38024d1f6734551,ACTIVE,POOL_ADMISSION
603617.SH,2025-01-07,f57efce80b9a3fc26bcd86f8a71bd5a6138f4b4f11271807c38024d1f6734551,ACTIVE,POOL_OBSERVATION
603617.SH,2025-01-08,f57efce80b9a3fc26bcd86f8a71bd5a6138f4b4f11271807c38024d1f6734551,ACTIVE,POOL_OBSERVATION
603617.SH,2025-01-09,f57efce80b9a3fc26bcd86f8a71bd5a6138f4b4f11271807c38024d1f6734551,ACTIVE,POOL_OBSERVATION
603617.SH,2025-01-10,f57efce80b9a3fc26bcd86f8a71bd5a6138f4b4f11271807c38024d1f6734551,ACTIVE,POOL_OBSERVATION
603617.SH,2025-01-13,f57efce80b9a3fc26bcd86f8a71bd5a6138f4b4f11271807c38024d1f6734551,ACTIVE,POOL_OBSERVATION
603617.SH,2025-01-14,f57efce80b9a3fc26bcd86f8a71bd5a6138f4b4f11271807c38024d1f6734551,EXPIRED,POOL_EXPIRED
603618.SH,2025-09-19,97f276676aa40e285af93e9ddaf499bdd4a7f29df36e579d698bdb62415f9be2,ACTIVE,POOL_ADMISSION
603618.SH,2025-09-22,97f276676aa40e285af93e9ddaf499bdd4a7f29df36e579d698bdb62415f9be2,ACTIVE,POOL_OBSERVATION
603618.SH,2025-09-23,97f276676aa40e285af93e9ddaf499bdd4a7f29df36e579d698bdb62415f9be2,ACTIVE,POOL_OBSERVATION
603618.SH,2025-09-24,97f276676aa40e285af93e9ddaf499bdd4a7f29df36e579d698bdb62415f9be2,ACTIVE,POOL_OBSERVATION
603618.SH,2025-09-25,97f276676aa40e285af93e9ddaf499bdd4a7f29df36e579d698bdb62415f9be2,ACTIVE,POOL_OBSERVATION
603618.SH,2025-09-26,97f276676aa40e285af93e9ddaf499bdd4a7f29df36e579d698bdb62415f9be2,ACTIVE,POOL_OBSERVATION
603618.SH,2025-09-29,97f276676aa40e285af93e9ddaf499bdd4a7f29df36e579d698bdb62415f9be2,EXPIRED,POOL_EXPIRED
603618.SH,2026-02-04,c37f1e1882ef0c46aa4c62cbd36eff3ad41f7e806a40deda4c4130fbc51951e9,ACTIVE,POOL_ADMISSION
603618.SH,2026-02-05,c37f1e1882ef0c46aa4c62cbd36eff3ad41f7e806a40deda4c4130fbc51951e9,ACTIVE,POOL_OBSERVATION
603618.SH,2026-02-06,c37f1e1882ef0c46aa4c62cbd36eff3ad41f7e806a40deda4c4130fbc51951e9,ACTIVE,POOL_OBSERVATION
603618.SH,2026-02-09,c37f1e1882ef0c46aa4c62cbd36eff3ad41f7e806a40deda4c4130fbc51951e9,ACTIVE,POOL_OBSERVATION
603618.SH,2026-02-10,c37f1e1882ef0c46aa4c62cbd36eff3ad41f7e806a40deda4c4130fbc51951e9,SIGNALLED,ENTRY_SIGNAL
603618.SH,2026-02-11,c37f1e1882ef0c46aa4c62cbd36eff3ad41f7e806a40deda4c4130fbc51951e9,SIGNALLED,EXECUTION_PENDING
603618.SH,2026-02-12,c37f1e1882ef0c46aa4c62cbd36eff3ad41f7e806a40deda4c4130fbc51951e9,EXPIRED,PENDING_SIGNAL_HORIZON_EXPIRED
603626.SH,2024-08-29,a77340878f45af54a83f76b5f0c6b9f3544e342b1c7ad0e9bf53b9c18937fdee,ACTIVE,POOL_ADMISSION
603626.SH,2024-08-30,a77340878f45af54a83f76b5f0c6b9f3544e342b1c7ad0e9bf53b9c18937fdee,ACTIVE,POOL_OBSERVATION
603626.SH,2024-09-02,a77340878f45af54a83f76b5f0c6b9f3544e342b1c7ad0e9bf53b9c18937fdee,ACTIVE,POOL_OBSERVATION
603626.SH,2024-09-03,a77340878f45af54a83f76b5f0c6b9f3544e342b1c7ad0e9bf53b9c18937fdee,ACTIVE,POOL_OBSERVATION
603626.SH,2024-09-04,a77340878f45af54a83f76b5f0c6b9f3544e342b1c7ad0e9bf53b9c18937fdee,ACTIVE,POOL_OBSERVATION
603626.SH,2024-09-05,a77340878f45af54a83f76b5f0c6b9f3544e342b1c7ad0e9bf53b9c18937fdee,ACTIVE,POOL_OBSERVATION
603626.SH,2024-09-06,a77340878f45af54a83f76b5f0c6b9f3544e342b1c7ad0e9bf53b9c18937fdee,EXPIRED,POOL_EXPIRED
603626.SH,2024-09-09,11c2497cbc51bd28004fffa330ccef92a92a20e729eaccf7480233069c6bc331,ACTIVE,POOL_ADMISSION
603626.SH,2024-09-10,11c2497cbc51bd28004fffa330ccef92a92a20e729eaccf7480233069c6bc331,ACTIVE,POOL_OBSERVATION
603626.SH,2024-09-11,11c2497cbc51bd28004fffa330ccef92a92a20e729eaccf7480233069c6bc331,ACTIVE,POOL_OBSERVATION
603626.SH,2024-09-12,11c2497cbc51bd28004fffa330ccef92a92a20e729eaccf7480233069c6bc331,ACTIVE,POOL_OBSERVATION
603626.SH,2024-09-13,11c2497cbc51bd28004fffa330ccef92a92a20e729eaccf7480233069c6bc331,ACTIVE,POOL_OBSERVATION
603626.SH,2024-09-18,11c2497cbc51bd28004fffa330ccef92a92a20e729eaccf7480233069c6bc331,ACTIVE,POOL_OBSERVATION
603626.SH,2024-09-19,11c2497cbc51bd28004fffa330ccef92a92a20e729eaccf7480233069c6bc331,EXPIRED,POOL_EXPIRED
603626.SH,2025-08-20,f174ee1a3d02bbd5284edeeaedb770c30cdf27374e05165b25c4b19aa57b49bd,ACTIVE,POOL_ADMISSION
603626.SH,2025-08-21,f174ee1a3d02bbd5284edeeaedb770c30cdf27374e05165b25c4b19aa57b49bd,ACTIVE,POOL_OBSERVATION
603626.SH,2025-08-22,f174ee1a3d02bbd5284edeeaedb770c30cdf27374e05165b25c4b19aa57b49bd,ACTIVE,POOL_OBSERVATION
603626.SH,2025-08-25,f174ee1a3d02bbd5284edeeaedb770c30cdf27374e05165b25c4b19aa57b49bd,ACTIVE,POOL_OBSERVATION
603626.SH,2025-08-26,f174ee1a3d02bbd5284edeeaedb770c30cdf27374e05165b25c4b19aa57b49bd,ACTIVE,POOL_OBSERVATION
603626.SH,2025-08-27,f174ee1a3d02bbd5284edeeaedb770c30cdf27374e05165b25c4b19aa57b49bd,SIGNALLED,ENTRY_SIGNAL
603626.SH,2025-08-28,f174ee1a3d02bbd5284edeeaedb770c30cdf27374e05165b25c4b19aa57b49bd,EXPIRED,PENDING_SIGNAL_HORIZON_EXPIRED
603656.SH,2024-10-24,e87a809e266169f06332e667993d218d807d99b3a4d60b3b1cb0cc4a3bdb0388,ACTIVE,POOL_ADMISSION
603656.SH,2024-10-25,e87a809e266169f06332e667993d218d807d99b3a4d60b3b1cb0cc4a3bdb0388,ACTIVE,POOL_OBSERVATION
603656.SH,2024-10-28,e87a809e266169f06332e667993d218d807d99b3a4d60b3b1cb0cc4a3bdb0388,ACTIVE,POOL_OBSERVATION
603656.SH,2024-10-29,e87a809e266169f06332e667993d218d807d99b3a4d60b3b1cb0cc4a3bdb0388,ACTIVE,POOL_OBSERVATION
603656.SH,2024-10-30,e87a809e266169f06332e667993d218d807d99b3a4d60b3b1cb0cc4a3bdb0388,ACTIVE,POOL_OBSERVATION
603656.SH,2024-10-31,e87a809e266169f06332e667993d218d807d99b3a4d60b3b1cb0cc4a3bdb0388,ACTIVE,POOL_OBSERVATION
603656.SH,2024-11-01,e87a809e266169f06332e667993d218d807d99b3a4d60b3b1cb0cc4a3bdb0388,EXPIRED,POOL_EXPIRED
603657.SH,2025-05-09,84555671894a48fdc96cdd9309b9b42282647c04f0248bef2679a1edd6af13f3,ACTIVE,POOL_ADMISSION
603657.SH,2025-05-12,84555671894a48fdc96cdd9309b9b42282647c04f0248bef2679a1edd6af13f3,ACTIVE,POOL_OBSERVATION
603657.SH,2025-05-13,84555671894a48fdc96cdd9309b9b42282647c04f0248bef2679a1edd6af13f3,ACTIVE,POOL_OBSERVATION
603657.SH,2025-05-14,84555671894a48fdc96cdd9309b9b42282647c04f0248bef2679a1edd6af13f3,ACTIVE,POOL_OBSERVATION
603657.SH,2025-05-15,84555671894a48fdc96cdd9309b9b42282647c04f0248bef2679a1edd6af13f3,ACTIVE,POOL_OBSERVATION
603657.SH,2025-05-16,84555671894a48fdc96cdd9309b9b42282647c04f0248bef2679a1edd6af13f3,ACTIVE,POOL_OBSERVATION
603657.SH,2025-05-19,84555671894a48fdc96cdd9309b9b42282647c04f0248bef2679a1edd6af13f3,EXPIRED,POOL_EXPIRED
603666.SH,2024-11-05,3e7666d98ae14086fca11a7804caa552539ea848fa2626c4884e0495ac5c8fff,ACTIVE,POOL_ADMISSION
603666.SH,2024-11-06,3e7666d98ae14086fca11a7804caa552539ea848fa2626c4884e0495ac5c8fff,ACTIVE,POOL_OBSERVATION
603666.SH,2024-11-07,3e7666d98ae14086fca11a7804caa552539ea848fa2626c4884e0495ac5c8fff,ACTIVE,POOL_OBSERVATION
603666.SH,2024-11-08,3e7666d98ae14086fca11a7804caa552539ea848fa2626c4884e0495ac5c8fff,SIGNALLED,ENTRY_SIGNAL
603666.SH,2024-11-11,3e7666d98ae14086fca11a7804caa552539ea848fa2626c4884e0495ac5c8fff,SIGNALLED,EXECUTION_PENDING
603666.SH,2024-11-12,3e7666d98ae14086fca11a7804caa552539ea848fa2626c4884e0495ac5c8fff,SIGNALLED,EXECUTION_PENDING
603666.SH,2024-11-13,3e7666d98ae14086fca11a7804caa552539ea848fa2626c4884e0495ac5c8fff,EXPIRED,PENDING_SIGNAL_HORIZON_EXPIRED
603667.SH,2024-12-04,3ce9ecfa865ce61e78171470858353d57add5eadcbc579df8254ab950db632b1,ACTIVE,POOL_ADMISSION
603667.SH,2024-12-05,3ce9ecfa865ce61e78171470858353d57add5eadcbc579df8254ab950db632b1,ACTIVE,POOL_OBSERVATION
603667.SH,2024-12-06,3ce9ecfa865ce61e78171470858353d57add5eadcbc579df8254ab950db632b1,ACTIVE,POOL_OBSERVATION
603667.SH,2024-12-09,3ce9ecfa865ce61e78171470858353d57add5eadcbc579df8254ab950db632b1,ACTIVE,POOL_OBSERVATION
603667.SH,2024-12-10,3ce9ecfa865ce61e78171470858353d57add5eadcbc579df8254ab950db632b1,SIGNALLED,ENTRY_SIGNAL
603667.SH,2024-12-11,3ce9ecfa865ce61e78171470858353d57add5eadcbc579df8254ab950db632b1,SIGNALLED,EXECUTION_PENDING
603667.SH,2024-12-12,3ce9ecfa865ce61e78171470858353d57add5eadcbc579df8254ab950db632b1,EXPIRED,PENDING_SIGNAL_HORIZON_EXPIRED
603667.SH,2025-01-15,c5b9b23f4df21dbf95a8216ea8cea117e3e3d44249a3e834868c406f44cdfd6a,ACTIVE,POOL_ADMISSION
603667.SH,2025-01-16,c5b9b23f4df21dbf95a8216ea8cea117e3e3d44249a3e834868c406f44cdfd6a,ACTIVE,POOL_OBSERVATION
603667.SH,2025-01-17,c5b9b23f4df21dbf95a8216ea8cea117e3e3d44249a3e834868c406f44cdfd6a,ACTIVE,POOL_OBSERVATION
603667.SH,2025-01-20,c5b9b23f4df21dbf95a8216ea8cea117e3e3d44249a3e834868c406f44cdfd6a,ACTIVE,POOL_OBSERVATION
603667.SH,2025-01-21,c5b9b23f4df21dbf95a8216ea8cea117e3e3d44249a3e834868c406f44cdfd6a,SIGNALLED,ENTRY_SIGNAL
603667.SH,2025-01-22,c5b9b23f4df21dbf95a8216ea8cea117e3e3d44249a3e834868c406f44cdfd6a,SIGNALLED,EXECUTION_PENDING
603667.SH,2025-01-23,c5b9b23f4df21dbf95a8216ea8cea117e3e3d44249a3e834868c406f44cdfd6a,EXPIRED,PENDING_SIGNAL_HORIZON_EXPIRED
603677.SH,2025-03-17,d7019acae45adddf95e78abf4c03749ab60416c026849606b925e37599f59357,ACTIVE,POOL_ADMISSION
603677.SH,2025-03-18,d7019acae45adddf95e78abf4c03749ab60416c026849606b925e37599f59357,ACTIVE,POOL_OBSERVATION
603677.SH,2025-03-19,d7019acae45adddf95e78abf4c03749ab60416c026849606b925e37599f59357,ACTIVE,POOL_OBSERVATION
603677.SH,2025-03-20,d7019acae45adddf95e78abf4c03749ab60416c026849606b925e37599f59357,ACTIVE,POOL_OBSERVATION
603677.SH,2025-03-21,d7019acae45adddf95e78abf4c03749ab60416c026849606b925e37599f59357,ACTIVE,POOL_OBSERVATION
603677.SH,2025-03-24,d7019acae45adddf95e78abf4c03749ab60416c026849606b925e37599f59357,ACTIVE,POOL_OBSERVATION
603677.SH,2025-03-25,d7019acae45adddf95e78abf4c03749ab60416c026849606b925e37599f59357,EXPIRED,POOL_EXPIRED
603681.SH,2025-05-29,464136c021d288bdce99e950884ebf95973ec2285e0c64015c1e09c7ae3acfd4,SIGNALLED,ENTRY_SIGNAL
603681.SH,2025-05-30,464136c021d288bdce99e950884ebf95973ec2285e0c64015c1e09c7ae3acfd4,SIGNALLED,EXECUTION_PENDING
603681.SH,2025-06-03,464136c021d288bdce99e950884ebf95973ec2285e0c64015c1e09c7ae3acfd4,SIGNALLED,EXECUTION_PENDING
603681.SH,2025-06-04,464136c021d288bdce99e950884ebf95973ec2285e0c64015c1e09c7ae3acfd4,SIGNALLED,EXECUTION_PENDING
603681.SH,2025-06-05,464136c021d288bdce99e950884ebf95973ec2285e0c64015c1e09c7ae3acfd4,SIGNALLED,EXECUTION_PENDING
603681.SH,2025-06-06,464136c021d288bdce99e950884ebf95973ec2285e0c64015c1e09c7ae3acfd4,SIGNALLED,EXECUTION_PENDING
603681.SH,2025-06-09,464136c021d288bdce99e950884ebf95973ec2285e0c64015c1e09c7ae3acfd4,EXPIRED,PENDING_SIGNAL_HORIZON_EXPIRED
603686.SH,2025-09-23,239ca713976e88284b59f59a2722751ae6f0dccb49ce80bbbae57688010e4dd9,ACTIVE,POOL_ADMISSION
603686.SH,2025-09-24,239ca713976e88284b59f59a2722751ae6f0dccb49ce80bbbae57688010e4dd9,ACTIVE,POOL_OBSERVATION
603686.SH,2025-09-25,239ca713976e88284b59f59a2722751ae6f0dccb49ce80bbbae57688010e4dd9,ACTIVE,POOL_OBSERVATION
603686.SH,2025-09-26,239ca713976e88284b59f59a2722751ae6f0dccb49ce80bbbae57688010e4dd9,ACTIVE,POOL_OBSERVATION
603686.SH,2025-09-29,239ca713976e88284b59f59a2722751ae6f0dccb49ce80bbbae57688010e4dd9,ACTIVE,POOL_OBSERVATION
603686.SH,2025-09-30,239ca713976e88284b59f59a2722751ae6f0dccb49ce80bbbae57688010e4dd9,ACTIVE,POOL_OBSERVATION
603686.SH,2025-10-09,239ca713976e88284b59f59a2722751ae6f0dccb49ce80bbbae57688010e4dd9,EXPIRED,POOL_EXPIRED
603687.SH,2026-03-23,2d511755a7a59767df1a0b275115f10bff77ab7b7e222d4b3b596a2fc85085a6,ACTIVE,POOL_ADMISSION
603687.SH,2026-03-24,2d511755a7a59767df1a0b275115f10bff77ab7b7e222d4b3b596a2fc85085a6,ACTIVE,POOL_OBSERVATION
603687.SH,2026-03-25,2d511755a7a59767df1a0b275115f10bff77ab7b7e222d4b3b596a2fc85085a6,ACTIVE,POOL_OBSERVATION
603687.SH,2026-03-26,2d511755a7a59767df1a0b275115f10bff77ab7b7e222d4b3b596a2fc85085a6,SIGNALLED,ENTRY_SIGNAL
603687.SH,2026-03-27,2d511755a7a59767df1a0b275115f10bff77ab7b7e222d4b3b596a2fc85085a6,SIGNALLED,EXECUTION_PENDING
603687.SH,2026-03-30,2d511755a7a59767df1a0b275115f10bff77ab7b7e222d4b3b596a2fc85085a6,SIGNALLED,EXECUTION_PENDING
603687.SH,2026-03-31,2d511755a7a59767df1a0b275115f10bff77ab7b7e222d4b3b596a2fc85085a6,EXPIRED,PENDING_SIGNAL_HORIZON_EXPIRED
603696.SH,2025-04-18,30a346fcf1f0a0ba592f45c2b079a7e655eef46ed69ae9b7c59bd4ea107cc1ae,ACTIVE,POOL_ADMISSION
603696.SH,2025-04-21,30a346fcf1f0a0ba592f45c2b079a7e655eef46ed69ae9b7c59bd4ea107cc1ae,ACTIVE,POOL_OBSERVATION
603696.SH,2025-04-22,30a346fcf1f0a0ba592f45c2b079a7e655eef46ed69ae9b7c59bd4ea107cc1ae,SIGNALLED,ENTRY_SIGNAL
603696.SH,2025-04-23,30a346fcf1f0a0ba592f45c2b079a7e655eef46ed69ae9b7c59bd4ea107cc1ae,SIGNALLED,EXECUTION_PENDING
603696.SH,2025-04-24,30a346fcf1f0a0ba592f45c2b079a7e655eef46ed69ae9b7c59bd4ea107cc1ae,SIGNALLED,EXECUTION_PENDING
603696.SH,2025-04-25,30a346fcf1f0a0ba592f45c2b079a7e655eef46ed69ae9b7c59bd4ea107cc1ae,SIGNALLED,EXECUTION_PENDING
603696.SH,2025-04-28,30a346fcf1f0a0ba592f45c2b079a7e655eef46ed69ae9b7c59bd4ea107cc1ae,EXPIRED,PENDING_SIGNAL_HORIZON_EXPIRED
603696.SH,2025-12-05,0748237c8210dc59758e31ed2c7aabbb6681e94db8948df38dd0aeb2bb6a1251,ACTIVE,POOL_ADMISSION
603696.SH,2025-12-08,0748237c8210dc59758e31ed2c7aabbb6681e94db8948df38dd0aeb2bb6a1251,ACTIVE,POOL_OBSERVATION
603696.SH,2025-12-09,0748237c8210dc59758e31ed2c7aabbb6681e94db8948df38dd0aeb2bb6a1251,ACTIVE,POOL_OBSERVATION
603696.SH,2025-12-10,0748237c8210dc59758e31ed2c7aabbb6681e94db8948df38dd0aeb2bb6a1251,ACTIVE,POOL_OBSERVATION
603696.SH,2025-12-11,0748237c8210dc59758e31ed2c7aabbb6681e94db8948df38dd0aeb2bb6a1251,ACTIVE,POOL_OBSERVATION
603696.SH,2025-12-12,0748237c8210dc59758e31ed2c7aabbb6681e94db8948df38dd0aeb2bb6a1251,ACTIVE,POOL_OBSERVATION
603696.SH,2025-12-15,0748237c8210dc59758e31ed2c7aabbb6681e94db8948df38dd0aeb2bb6a1251,EXPIRED,POOL_EXPIRED
603698.SH,2025-12-25,8ed1ffdc5bdd3330b4977942e05566995ad26cda09100016ca0b440e85de5627,ACTIVE,POOL_ADMISSION
603698.SH,2025-12-26,8ed1ffdc5bdd3330b4977942e05566995ad26cda09100016ca0b440e85de5627,ACTIVE,POOL_OBSERVATION
603698.SH,2025-12-29,8ed1ffdc5bdd3330b4977942e05566995ad26cda09100016ca0b440e85de5627,ACTIVE,POOL_OBSERVATION
603698.SH,2025-12-30,8ed1ffdc5bdd3330b4977942e05566995ad26cda09100016ca0b440e85de5627,ACTIVE,POOL_OBSERVATION
603698.SH,2025-12-31,8ed1ffdc5bdd3330b4977942e05566995ad26cda09100016ca0b440e85de5627,SIGNALLED,ENTRY_SIGNAL
603698.SH,2026-01-05,8ed1ffdc5bdd3330b4977942e05566995ad26cda09100016ca0b440e85de5627,SIGNALLED,EXECUTION_PENDING
603698.SH,2026-01-06,8ed1ffdc5bdd3330b4977942e05566995ad26cda09100016ca0b440e85de5627,EXPIRED,PENDING_SIGNAL_HORIZON_EXPIRED
603700.SH,2025-03-05,1bd9213009a0dbfb9534a9cb55c565e1854c3ad270d31d1a2ba79be181d0ac8d,ACTIVE,POOL_ADMISSION
603700.SH,2025-03-06,1bd9213009a0dbfb9534a9cb55c565e1854c3ad270d31d1a2ba79be181d0ac8d,ACTIVE,POOL_OBSERVATION
603700.SH,2025-03-07,1bd9213009a0dbfb9534a9cb55c565e1854c3ad270d31d1a2ba79be181d0ac8d,ACTIVE,POOL_OBSERVATION
603700.SH,2025-03-10,1bd9213009a0dbfb9534a9cb55c565e1854c3ad270d31d1a2ba79be181d0ac8d,ACTIVE,POOL_OBSERVATION
603700.SH,2025-03-11,1bd9213009a0dbfb9534a9cb55c565e1854c3ad270d31d1a2ba79be181d0ac8d,ACTIVE,POOL_OBSERVATION
603700.SH,2025-03-12,1bd9213009a0dbfb9534a9cb55c565e1854c3ad270d31d1a2ba79be181d0ac8d,ACTIVE,POOL_OBSERVATION
603700.SH,2025-03-13,1bd9213009a0dbfb9534a9cb55c565e1854c3ad270d31d1a2ba79be181d0ac8d,EXPIRED,POOL_EXPIRED
603709.SH,2025-04-11,2718bb15b0f52ab5b762642eaa23b5235b997409c1af5452ba277319e56fbb82,ACTIVE,POOL_ADMISSION
603709.SH,2025-04-14,2718bb15b0f52ab5b762642eaa23b5235b997409c1af5452ba277319e56fbb82,ACTIVE,POOL_OBSERVATION
603709.SH,2025-04-15,2718bb15b0f52ab5b762642eaa23b5235b997409c1af5452ba277319e56fbb82,ACTIVE,POOL_OBSERVATION
603709.SH,2025-04-16,2718bb15b0f52ab5b762642eaa23b5235b997409c1af5452ba277319e56fbb82,ACTIVE,POOL_OBSERVATION
603709.SH,2025-04-17,2718bb15b0f52ab5b762642eaa23b5235b997409c1af5452ba277319e56fbb82,ACTIVE,POOL_OBSERVATION
603709.SH,2025-04-18,2718bb15b0f52ab5b762642eaa23b5235b997409c1af5452ba277319e56fbb82,ACTIVE,POOL_OBSERVATION
603709.SH,2025-04-21,2718bb15b0f52ab5b762642eaa23b5235b997409c1af5452ba277319e56fbb82,EXPIRED,POOL_EXPIRED
603716.SH,2025-03-13,c64a4e81ea9b9be235a657ef82bbbe6e50d18452974055e182a9a14c94cc04b8,ACTIVE,POOL_ADMISSION
603716.SH,2025-03-14,c64a4e81ea9b9be235a657ef82bbbe6e50d18452974055e182a9a14c94cc04b8,ACTIVE,POOL_OBSERVATION
603716.SH,2025-03-17,c64a4e81ea9b9be235a657ef82bbbe6e50d18452974055e182a9a14c94cc04b8,ACTIVE,POOL_OBSERVATION
603716.SH,2025-03-18,c64a4e81ea9b9be235a657ef82bbbe6e50d18452974055e182a9a14c94cc04b8,ACTIVE,POOL_OBSERVATION
603716.SH,2025-03-19,c64a4e81ea9b9be235a657ef82bbbe6e50d18452974055e182a9a14c94cc04b8,ACTIVE,POOL_OBSERVATION
603716.SH,2025-03-20,c64a4e81ea9b9be235a657ef82bbbe6e50d18452974055e182a9a14c94cc04b8,ACTIVE,POOL_OBSERVATION
603716.SH,2025-03-21,c64a4e81ea9b9be235a657ef82bbbe6e50d18452974055e182a9a14c94cc04b8,EXPIRED,POOL_EXPIRED
603716.SH,2025-07-04,1a5b66cafc6801e8ad00fad4defb7cf5ecef55a4fc6ed2f9ca6dd9eb65920f70,ACTIVE,POOL_ADMISSION
603716.SH,2025-07-07,1a5b66cafc6801e8ad00fad4defb7cf5ecef55a4fc6ed2f9ca6dd9eb65920f70,ACTIVE,POOL_OBSERVATION
603716.SH,2025-07-08,1a5b66cafc6801e8ad00fad4defb7cf5ecef55a4fc6ed2f9ca6dd9eb65920f70,ACTIVE,POOL_OBSERVATION
603716.SH,2025-07-09,1a5b66cafc6801e8ad00fad4defb7cf5ecef55a4fc6ed2f9ca6dd9eb65920f70,SIGNALLED,ENTRY_SIGNAL
603716.SH,2025-07-10,1a5b66cafc6801e8ad00fad4defb7cf5ecef55a4fc6ed2f9ca6dd9eb65920f70,SIGNALLED,EXECUTION_PENDING
603716.SH,2025-07-11,1a5b66cafc6801e8ad00fad4defb7cf5ecef55a4fc6ed2f9ca6dd9eb65920f70,SIGNALLED,EXECUTION_PENDING
603716.SH,2025-07-14,1a5b66cafc6801e8ad00fad4defb7cf5ecef55a4fc6ed2f9ca6dd9eb65920f70,EXPIRED,PENDING_SIGNAL_HORIZON_EXPIRED
603717.SH,2024-12-11,6568b56f5e056b413b0802f81e02483c6d8576e70609f892a971fb7733030a2a,ACTIVE,POOL_ADMISSION
603717.SH,2024-12-12,6568b56f5e056b413b0802f81e02483c6d8576e70609f892a971fb7733030a2a,SIGNALLED,ENTRY_SIGNAL
603717.SH,2024-12-13,6568b56f5e056b413b0802f81e02483c6d8576e70609f892a971fb7733030a2a,SIGNALLED,EXECUTION_PENDING
603717.SH,2024-12-16,6568b56f5e056b413b0802f81e02483c6d8576e70609f892a971fb7733030a2a,SIGNALLED,EXECUTION_PENDING
603717.SH,2024-12-17,6568b56f5e056b413b0802f81e02483c6d8576e70609f892a971fb7733030a2a,SIGNALLED,EXECUTION_PENDING
603717.SH,2024-12-18,6568b56f5e056b413b0802f81e02483c6d8576e70609f892a971fb7733030a2a,SIGNALLED,EXECUTION_PENDING
603717.SH,2024-12-19,6568b56f5e056b413b0802f81e02483c6d8576e70609f892a971fb7733030a2a,EXPIRED,PENDING_SIGNAL_HORIZON_EXPIRED
603757.SH,2025-08-14,5b765d124024acc58e8329d5e5f4aed3e0cb2919563694ccd05ec64ebd1d93c9,ACTIVE,POOL_ADMISSION
603757.SH,2025-08-15,5b765d124024acc58e8329d5e5f4aed3e0cb2919563694ccd05ec64ebd1d93c9,ACTIVE,POOL_OBSERVATION
603757.SH,2025-08-18,5b765d124024acc58e8329d5e5f4aed3e0cb2919563694ccd05ec64ebd1d93c9,ACTIVE,POOL_OBSERVATION
603757.SH,2025-08-19,5b765d124024acc58e8329d5e5f4aed3e0cb2919563694ccd05ec64ebd1d93c9,ACTIVE,POOL_OBSERVATION
603757.SH,2025-08-20,5b765d124024acc58e8329d5e5f4aed3e0cb2919563694ccd05ec64ebd1d93c9,SIGNALLED,ENTRY_SIGNAL
603757.SH,2025-08-21,5b765d124024acc58e8329d5e5f4aed3e0cb2919563694ccd05ec64ebd1d93c9,SIGNALLED,EXECUTION_PENDING
603757.SH,2025-08-22,5b765d124024acc58e8329d5e5f4aed3e0cb2919563694ccd05ec64ebd1d93c9,EXPIRED,PENDING_SIGNAL_HORIZON_EXPIRED
603758.SH,2026-08-12,b0a98cf25aad426c1ab3af373f036d50acaff16ad2fcce78f614ada1a6f0bcb0,ACTIVE,POOL_ADMISSION
603758.SH,2026-08-13,b0a98cf25aad426c1ab3af373f036d50acaff16ad2fcce78f614ada1a6f0bcb0,ACTIVE,POOL_OBSERVATION
603758.SH,2026-08-14,b0a98cf25aad426c1ab3af373f036d50acaff16ad2fcce78f614ada1a6f0bcb0,ACTIVE,POOL_OBSERVATION
603758.SH,2026-08-17,b0a98cf25aad426c1ab3af373f036d50acaff16ad2fcce78f614ada1a6f0bcb0,SIGNALLED,ENTRY_SIGNAL
603758.SH,2026-08-18,b0a98cf25aad426c1ab3af373f036d50acaff16ad2fcce78f614ada1a6f0bcb0,SIGNALLED,EXECUTION_PENDING
603758.SH,2026-08-19,b0a98cf25aad426c1ab3af373f036d50acaff16ad2fcce78f614ada1a6f0bcb0,SIGNALLED,EXECUTION_PENDING
603758.SH,2026-08-20,b0a98cf25aad426c1ab3af373f036d50acaff16ad2fcce78f614ada1a6f0bcb0,EXPIRED,PENDING_SIGNAL_HORIZON_EXPIRED
603767.SH,2025-08-05,0f4a4de557178e130eda541094cba45d3f57a9475f543f6aedef72f2b81a1200,ACTIVE,POOL_ADMISSION
603767.SH,2025-08-06,0f4a4de557178e130eda541094cba45d3f57a9475f543f6aedef72f2b81a1200,ACTIVE,POOL_OBSERVATION
603767.SH,2025-08-07,0f4a4de557178e130eda541094cba45d3f57a9475f543f6aedef72f2b81a1200,ACTIVE,POOL_OBSERVATION
603767.SH,2025-08-08,0f4a4de557178e130eda541094cba45d3f57a9475f543f6aedef72f2b81a1200,ACTIVE,POOL_OBSERVATION
603767.SH,2025-08-11,0f4a4de557178e130eda541094cba45d3f57a9475f543f6aedef72f2b81a1200,ACTIVE,POOL_OBSERVATION
603767.SH,2025-08-12,0f4a4de557178e130eda541094cba45d3f57a9475f543f6aedef72f2b81a1200,SIGNALLED,ENTRY_SIGNAL
603767.SH,2025-08-13,0f4a4de557178e130eda541094cba45d3f57a9475f543f6aedef72f2b81a1200,EXPIRED,PENDING_SIGNAL_HORIZON_EXPIRED
603776.SH,2025-03-20,ba8e9bcff6cc9506223fd022a1d5b0619b7818455cb61c0a37ffb6382b0410a7,ACTIVE,POOL_ADMISSION
603776.SH,2025-03-21,ba8e9bcff6cc9506223fd022a1d5b0619b7818455cb61c0a37ffb6382b0410a7,ACTIVE,POOL_OBSERVATION
603776.SH,2025-03-24,ba8e9bcff6cc9506223fd022a1d5b0619b7818455cb61c0a37ffb6382b0410a7,ACTIVE,POOL_OBSERVATION
603776.SH,2025-03-25,ba8e9bcff6cc9506223fd022a1d5b0619b7818455cb61c0a37ffb6382b0410a7,ACTIVE,POOL_OBSERVATION
603776.SH,2025-03-26,ba8e9bcff6cc9506223fd022a1d5b0619b7818455cb61c0a37ffb6382b0410a7,ACTIVE,POOL_OBSERVATION
603776.SH,2025-03-27,ba8e9bcff6cc9506223fd022a1d5b0619b7818455cb61c0a37ffb6382b0410a7,ACTIVE,POOL_OBSERVATION
603776.SH,2025-03-28,ba8e9bcff6cc9506223fd022a1d5b0619b7818455cb61c0a37ffb6382b0410a7,EXPIRED,POOL_EXPIRED
603777.SH,2024-12-25,2e144074efc1e7964041688d08a3b09f959d7a80720fb400f854208cd2d25fa1,ACTIVE,POOL_ADMISSION
603777.SH,2024-12-26,2e144074efc1e7964041688d08a3b09f959d7a80720fb400f854208cd2d25fa1,ACTIVE,POOL_OBSERVATION
603777.SH,2024-12-27,2e144074efc1e7964041688d08a3b09f959d7a80720fb400f854208cd2d25fa1,ACTIVE,POOL_OBSERVATION
603777.SH,2024-12-30,2e144074efc1e7964041688d08a3b09f959d7a80720fb400f854208cd2d25fa1,ACTIVE,POOL_OBSERVATION
603777.SH,2024-12-31,2e144074efc1e7964041688d08a3b09f959d7a80720fb400f854208cd2d25fa1,ACTIVE,POOL_OBSERVATION
603777.SH,2025-01-02,2e144074efc1e7964041688d08a3b09f959d7a80720fb400f854208cd2d25fa1,ACTIVE,POOL_OBSERVATION
603777.SH,2025-01-03,2e144074efc1e7964041688d08a3b09f959d7a80720fb400f854208cd2d25fa1,EXPIRED,POOL_EXPIRED
603777.SH,2025-01-14,c98b493a2d629f5350fd1436c53aab9deea23910be2214f56f6ee69350005bab,ACTIVE,POOL_ADMISSION
603777.SH,2025-01-15,c98b493a2d629f5350fd1436c53aab9deea23910be2214f56f6ee69350005bab,ACTIVE,POOL_OBSERVATION
603777.SH,2025-01-16,c98b493a2d629f5350fd1436c53aab9deea23910be2214f56f6ee69350005bab,ACTIVE,POOL_OBSERVATION
603777.SH,2025-01-17,c98b493a2d629f5350fd1436c53aab9deea23910be2214f56f6ee69350005bab,ACTIVE,POOL_OBSERVATION
603777.SH,2025-01-20,c98b493a2d629f5350fd1436c53aab9deea23910be2214f56f6ee69350005bab,ACTIVE,POOL_OBSERVATION
603777.SH,2025-01-21,c98b493a2d629f5350fd1436c53aab9deea23910be2214f56f6ee69350005bab,ACTIVE,POOL_OBSERVATION
603777.SH,2025-01-22,c98b493a2d629f5350fd1436c53aab9deea23910be2214f56f6ee69350005bab,EXPIRED,POOL_EXPIRED
603778.SH,2025-07-14,f34a641fb1ea7d2739cd4ce19ce936f021817f6eb1d9857e626088446c4c6509,ACTIVE,POOL_ADMISSION
603778.SH,2025-07-15,f34a641fb1ea7d2739cd4ce19ce936f021817f6eb1d9857e626088446c4c6509,ACTIVE,POOL_OBSERVATION
603778.SH,2025-07-16,f34a641fb1ea7d2739cd4ce19ce936f021817f6eb1d9857e626088446c4c6509,ACTIVE,POOL_OBSERVATION
603778.SH,2025-07-17,f34a641fb1ea7d2739cd4ce19ce936f021817f6eb1d9857e626088446c4c6509,ACTIVE,POOL_OBSERVATION
603778.SH,2025-07-18,f34a641fb1ea7d2739cd4ce19ce936f021817f6eb1d9857e626088446c4c6509,ACTIVE,POOL_OBSERVATION
603778.SH,2025-07-21,f34a641fb1ea7d2739cd4ce19ce936f021817f6eb1d9857e626088446c4c6509,ACTIVE,POOL_OBSERVATION
603778.SH,2025-07-22,f34a641fb1ea7d2739cd4ce19ce936f021817f6eb1d9857e626088446c4c6509,EXPIRED,POOL_EXPIRED
603778.SH,2025-11-13,4c8910831ddaaae20d273f8730d7fdc7ca42c33eb60c051973b6f4921221947a,ACTIVE,POOL_ADMISSION
603778.SH,2025-11-14,4c8910831ddaaae20d273f8730d7fdc7ca42c33eb60c051973b6f4921221947a,ACTIVE,POOL_OBSERVATION
603778.SH,2025-11-17,4c8910831ddaaae20d273f8730d7fdc7ca42c33eb60c051973b6f4921221947a,ACTIVE,POOL_OBSERVATION
603778.SH,2025-11-18,4c8910831ddaaae20d273f8730d7fdc7ca42c33eb60c051973b6f4921221947a,SIGNALLED,ENTRY_SIGNAL
603778.SH,2025-11-19,4c8910831ddaaae20d273f8730d7fdc7ca42c33eb60c051973b6f4921221947a,SIGNALLED,EXECUTION_PENDING
603778.SH,2025-11-20,4c8910831ddaaae20d273f8730d7fdc7ca42c33eb60c051973b6f4921221947a,SIGNALLED,EXECUTION_PENDING
603778.SH,2025-11-21,4c8910831ddaaae20d273f8730d7fdc7ca42c33eb60c051973b6f4921221947a,EXPIRED,PENDING_SIGNAL_HORIZON_EXPIRED
603778.SH,2025-11-28,7bedab0d9828d11346042e3230b407f982db50be7fa6439123386e25de20cd09,ACTIVE,POOL_ADMISSION
603778.SH,2025-12-01,7bedab0d9828d11346042e3230b407f982db50be7fa6439123386e25de20cd09,ACTIVE,POOL_OBSERVATION
603778.SH,2025-12-02,7bedab0d9828d11346042e3230b407f982db50be7fa6439123386e25de20cd09,ACTIVE,POOL_OBSERVATION
603778.SH,2025-12-03,7bedab0d9828d11346042e3230b407f982db50be7fa6439123386e25de20cd09,SIGNALLED,ENTRY_SIGNAL
603778.SH,2025-12-04,7bedab0d9828d11346042e3230b407f982db50be7fa6439123386e25de20cd09,SIGNALLED,EXECUTION_PENDING
603778.SH,2025-12-05,7bedab0d9828d11346042e3230b407f982db50be7fa6439123386e25de20cd09,SIGNALLED,EXECUTION_PENDING
603778.SH,2025-12-08,7bedab0d9828d11346042e3230b407f982db50be7fa6439123386e25de20cd09,EXPIRED,PENDING_SIGNAL_HORIZON_EXPIRED
603778.SH,2026-01-14,ae3355d10cc9ac3a6a7313cae1d594d81d17490a2465a2e5fe5e3d72d8d6c04e,ACTIVE,POOL_ADMISSION
603778.SH,2026-01-15,ae3355d10cc9ac3a6a7313cae1d594d81d17490a2465a2e5fe5e3d72d8d6c04e,ACTIVE,POOL_OBSERVATION
603778.SH,2026-01-16,ae3355d10cc9ac3a6a7313cae1d594d81d17490a2465a2e5fe5e3d72d8d6c04e,ACTIVE,POOL_OBSERVATION
603778.SH,2026-01-19,ae3355d10cc9ac3a6a7313cae1d594d81d17490a2465a2e5fe5e3d72d8d6c04e,ACTIVE,POOL_OBSERVATION
603778.SH,2026-01-20,ae3355d10cc9ac3a6a7313cae1d594d81d17490a2465a2e5fe5e3d72d8d6c04e,ACTIVE,POOL_OBSERVATION
603778.SH,2026-01-21,ae3355d10cc9ac3a6a7313cae1d594d81d17490a2465a2e5fe5e3d72d8d6c04e,ACTIVE,POOL_OBSERVATION
603778.SH,2026-01-22,ae3355d10cc9ac3a6a7313cae1d594d81d17490a2465a2e5fe5e3d72d8d6c04e,EXPIRED,POOL_EXPIRED
603779.SH,2026-05-18,765526d5d70e4bbe042ab7a57971574ccfde2759d8fcdec2e50651342848cd15,ACTIVE,POOL_ADMISSION
603779.SH,2026-05-19,765526d5d70e4bbe042ab7a57971574ccfde2759d8fcdec2e50651342848cd15,ACTIVE,POOL_OBSERVATION
603779.SH,2026-05-20,765526d5d70e4bbe042ab7a57971574ccfde2759d8fcdec2e50651342848cd15,ACTIVE,POOL_OBSERVATION
603779.SH,2026-05-21,765526d5d70e4bbe042ab7a57971574ccfde2759d8fcdec2e50651342848cd15,ACTIVE,POOL_OBSERVATION
603779.SH,2026-05-22,765526d5d70e4bbe042ab7a57971574ccfde2759d8fcdec2e50651342848cd15,ACTIVE,POOL_OBSERVATION
603779.SH,2026-05-25,765526d5d70e4bbe042ab7a57971574ccfde2759d8fcdec2e50651342848cd15,SIGNALLED,ENTRY_SIGNAL
603779.SH,2026-05-26,765526d5d70e4bbe042ab7a57971574ccfde2759d8fcdec2e50651342848cd15,EXPIRED,PENDING_SIGNAL_HORIZON_EXPIRED
603803.SH,2024-11-29,7ad52e56689b4bbe63b39554555dab9ef5c713c94ae645b429825297feaa0fd6,ACTIVE,POOL_ADMISSION
603803.SH,2024-12-02,7ad52e56689b4bbe63b39554555dab9ef5c713c94ae645b429825297feaa0fd6,ACTIVE,POOL_OBSERVATION
603803.SH,2024-12-03,7ad52e56689b4bbe63b39554555dab9ef5c713c94ae645b429825297feaa0fd6,ACTIVE,POOL_OBSERVATION
603803.SH,2024-12-04,7ad52e56689b4bbe63b39554555dab9ef5c713c94ae645b429825297feaa0fd6,ACTIVE,POOL_OBSERVATION
603803.SH,2024-12-05,7ad52e56689b4bbe63b39554555dab9ef5c713c94ae645b429825297feaa0fd6,ACTIVE,POOL_OBSERVATION
603803.SH,2024-12-06,7ad52e56689b4bbe63b39554555dab9ef5c713c94ae645b429825297feaa0fd6,ACTIVE,POOL_OBSERVATION
603803.SH,2024-12-09,7ad52e56689b4bbe63b39554555dab9ef5c713c94ae645b429825297feaa0fd6,EXPIRED,POOL_EXPIRED
603803.SH,2024-12-19,f7b7355e470b459e2a9b16d92367dc540d6c855896e4ff799baebf33ac97df0e,ACTIVE,POOL_ADMISSION
603803.SH,2024-12-20,f7b7355e470b459e2a9b16d92367dc540d6c855896e4ff799baebf33ac97df0e,ACTIVE,POOL_OBSERVATION
603803.SH,2024-12-23,f7b7355e470b459e2a9b16d92367dc540d6c855896e4ff799baebf33ac97df0e,ACTIVE,POOL_OBSERVATION
603803.SH,2024-12-24,f7b7355e470b459e2a9b16d92367dc540d6c855896e4ff799baebf33ac97df0e,SIGNALLED,ENTRY_SIGNAL
603803.SH,2024-12-25,f7b7355e470b459e2a9b16d92367dc540d6c855896e4ff799baebf33ac97df0e,SIGNALLED,EXECUTION_PENDING
603803.SH,2024-12-26,f7b7355e470b459e2a9b16d92367dc540d6c855896e4ff799baebf33ac97df0e,SIGNALLED,EXECUTION_PENDING
603803.SH,2024-12-27,f7b7355e470b459e2a9b16d92367dc540d6c855896e4ff799baebf33ac97df0e,EXPIRED,PENDING_SIGNAL_HORIZON_EXPIRED
603825.SH,2024-12-10,e7bbc345ab6edb9283baec6e5cd2bfb77e4452bc76bfbdb56eb1f63827da8f2d,ACTIVE,POOL_ADMISSION
603825.SH,2024-12-11,e7bbc345ab6edb9283baec6e5cd2bfb77e4452bc76bfbdb56eb1f63827da8f2d,ACTIVE,POOL_OBSERVATION
603825.SH,2024-12-12,e7bbc345ab6edb9283baec6e5cd2bfb77e4452bc76bfbdb56eb1f63827da8f2d,ACTIVE,POOL_OBSERVATION
603825.SH,2024-12-13,e7bbc345ab6edb9283baec6e5cd2bfb77e4452bc76bfbdb56eb1f63827da8f2d,ACTIVE,POOL_OBSERVATION
603825.SH,2024-12-16,e7bbc345ab6edb9283baec6e5cd2bfb77e4452bc76bfbdb56eb1f63827da8f2d,ACTIVE,POOL_OBSERVATION
603825.SH,2024-12-17,e7bbc345ab6edb9283baec6e5cd2bfb77e4452bc76bfbdb56eb1f63827da8f2d,ACTIVE,POOL_OBSERVATION
603825.SH,2024-12-18,e7bbc345ab6edb9283baec6e5cd2bfb77e4452bc76bfbdb56eb1f63827da8f2d,EXPIRED,POOL_EXPIRED
603839.SH,2025-09-05,d582f8567881e29c32ad5629467cb8b235456370f69fa9966aef8bf4723b5e4f,ACTIVE,POOL_ADMISSION
603839.SH,2025-09-08,d582f8567881e29c32ad5629467cb8b235456370f69fa9966aef8bf4723b5e4f,ACTIVE,POOL_OBSERVATION
603839.SH,2025-09-09,d582f8567881e29c32ad5629467cb8b235456370f69fa9966aef8bf4723b5e4f,ACTIVE,POOL_OBSERVATION
603839.SH,2025-09-10,d582f8567881e29c32ad5629467cb8b235456370f69fa9966aef8bf4723b5e4f,ACTIVE,POOL_OBSERVATION
603839.SH,2025-09-11,d582f8567881e29c32ad5629467cb8b235456370f69fa9966aef8bf4723b5e4f,ACTIVE,POOL_OBSERVATION
603839.SH,2025-09-12,d582f8567881e29c32ad5629467cb8b235456370f69fa9966aef8bf4723b5e4f,ACTIVE,POOL_OBSERVATION
603839.SH,2025-09-15,d582f8567881e29c32ad5629467cb8b235456370f69fa9966aef8bf4723b5e4f,EXPIRED,POOL_EXPIRED
603859.SH,2024-11-06,731a063aeecac990d2c5c7a6dbe95bab679e4eefa89723410022866d6638f9f8,ACTIVE,POOL_ADMISSION
603859.SH,2024-11-07,731a063aeecac990d2c5c7a6dbe95bab679e4eefa89723410022866d6638f9f8,ACTIVE,POOL_OBSERVATION
603859.SH,2024-11-08,731a063aeecac990d2c5c7a6dbe95bab679e4eefa89723410022866d6638f9f8,ACTIVE,POOL_OBSERVATION
603859.SH,2024-11-11,731a063aeecac990d2c5c7a6dbe95bab679e4eefa89723410022866d6638f9f8,ACTIVE,POOL_OBSERVATION
603859.SH,2024-11-12,731a063aeecac990d2c5c7a6dbe95bab679e4eefa89723410022866d6638f9f8,ACTIVE,POOL_OBSERVATION
603859.SH,2024-11-13,731a063aeecac990d2c5c7a6dbe95bab679e4eefa89723410022866d6638f9f8,ACTIVE,POOL_OBSERVATION
603859.SH,2024-11-14,731a063aeecac990d2c5c7a6dbe95bab679e4eefa89723410022866d6638f9f8,SIGNALLED,ENTRY_SIGNAL
603859.SH,2024-11-15,731a063aeecac990d2c5c7a6dbe95bab679e4eefa89723410022866d6638f9f8,EXPIRED,PENDING_SIGNAL_HORIZON_EXPIRED
603879.SH,2025-06-06,efbe2a29b16e3df196a1aa7d83f454350993df0a8ce9e568e14d70f3954910b8,SIGNALLED,ENTRY_SIGNAL
603879.SH,2025-06-09,efbe2a29b16e3df196a1aa7d83f454350993df0a8ce9e568e14d70f3954910b8,SIGNALLED,EXECUTION_PENDING
603879.SH,2025-06-10,efbe2a29b16e3df196a1aa7d83f454350993df0a8ce9e568e14d70f3954910b8,SIGNALLED,EXECUTION_PENDING
603879.SH,2025-06-11,efbe2a29b16e3df196a1aa7d83f454350993df0a8ce9e568e14d70f3954910b8,SIGNALLED,EXECUTION_PENDING
603879.SH,2025-06-12,efbe2a29b16e3df196a1aa7d83f454350993df0a8ce9e568e14d70f3954910b8,SIGNALLED,EXECUTION_PENDING
603879.SH,2025-06-13,efbe2a29b16e3df196a1aa7d83f454350993df0a8ce9e568e14d70f3954910b8,SIGNALLED,EXECUTION_PENDING
603879.SH,2025-06-16,efbe2a29b16e3df196a1aa7d83f454350993df0a8ce9e568e14d70f3954910b8,EXPIRED,PENDING_SIGNAL_HORIZON_EXPIRED
603881.SH,2025-02-14,42327a4230ae91344eb7e5205e7ca5de22796fad4241b5399f20fdd701331d58,ACTIVE,POOL_ADMISSION
603881.SH,2025-02-17,42327a4230ae91344eb7e5205e7ca5de22796fad4241b5399f20fdd701331d58,ACTIVE,POOL_OBSERVATION
603881.SH,2025-02-18,42327a4230ae91344eb7e5205e7ca5de22796fad4241b5399f20fdd701331d58,ACTIVE,POOL_OBSERVATION
603881.SH,2025-02-19,42327a4230ae91344eb7e5205e7ca5de22796fad4241b5399f20fdd701331d58,SIGNALLED,ENTRY_SIGNAL
603881.SH,2025-02-20,42327a4230ae91344eb7e5205e7ca5de22796fad4241b5399f20fdd701331d58,SIGNALLED,EXECUTION_PENDING
603881.SH,2025-02-21,42327a4230ae91344eb7e5205e7ca5de22796fad4241b5399f20fdd701331d58,SIGNALLED,EXECUTION_PENDING
603881.SH,2025-02-24,42327a4230ae91344eb7e5205e7ca5de22796fad4241b5399f20fdd701331d58,EXPIRED,PENDING_SIGNAL_HORIZON_EXPIRED
603883.SH,2024-09-06,d71c3fb13745393e364b0a332f4001b4e43defac8569d5b4d6d125213f0c5f23,ACTIVE,POOL_ADMISSION
603883.SH,2024-09-09,d71c3fb13745393e364b0a332f4001b4e43defac8569d5b4d6d125213f0c5f23,ACTIVE,POOL_OBSERVATION
603883.SH,2024-09-10,d71c3fb13745393e364b0a332f4001b4e43defac8569d5b4d6d125213f0c5f23,ACTIVE,POOL_OBSERVATION
603883.SH,2024-09-11,d71c3fb13745393e364b0a332f4001b4e43defac8569d5b4d6d125213f0c5f23,ACTIVE,POOL_OBSERVATION
603883.SH,2024-09-12,d71c3fb13745393e364b0a332f4001b4e43defac8569d5b4d6d125213f0c5f23,ACTIVE,POOL_OBSERVATION
603883.SH,2024-09-13,d71c3fb13745393e364b0a332f4001b4e43defac8569d5b4d6d125213f0c5f23,ACTIVE,POOL_OBSERVATION
603883.SH,2024-09-18,d71c3fb13745393e364b0a332f4001b4e43defac8569d5b4d6d125213f0c5f23,EXPIRED,POOL_EXPIRED
603887.SH,2024-10-18,b1325d150efea4745853e34460ac966a4608c8f7a72ac67539b440a4b5e9bbe3,ACTIVE,POOL_ADMISSION
603887.SH,2024-10-21,b1325d150efea4745853e34460ac966a4608c8f7a72ac67539b440a4b5e9bbe3,ACTIVE,POOL_OBSERVATION
603887.SH,2024-10-22,b1325d150efea4745853e34460ac966a4608c8f7a72ac67539b440a4b5e9bbe3,ACTIVE,POOL_OBSERVATION
603887.SH,2024-10-23,b1325d150efea4745853e34460ac966a4608c8f7a72ac67539b440a4b5e9bbe3,ACTIVE,POOL_OBSERVATION
603887.SH,2024-10-24,b1325d150efea4745853e34460ac966a4608c8f7a72ac67539b440a4b5e9bbe3,ACTIVE,POOL_OBSERVATION
603887.SH,2024-10-25,b1325d150efea4745853e34460ac966a4608c8f7a72ac67539b440a4b5e9bbe3,ACTIVE,POOL_OBSERVATION
603887.SH,2024-10-28,b1325d150efea4745853e34460ac966a4608c8f7a72ac67539b440a4b5e9bbe3,EXPIRED,POOL_EXPIRED
603887.SH,2024-10-30,6193e61de8e2ab0cb1e827dcdb6e3e407b3c4b40f1d99d2f3426e5a3bc13407a,ACTIVE,POOL_ADMISSION
603887.SH,2024-10-31,6193e61de8e2ab0cb1e827dcdb6e3e407b3c4b40f1d99d2f3426e5a3bc13407a,ACTIVE,POOL_OBSERVATION
603887.SH,2024-11-01,6193e61de8e2ab0cb1e827dcdb6e3e407b3c4b40f1d99d2f3426e5a3bc13407a,ACTIVE,POOL_OBSERVATION
603887.SH,2024-11-04,6193e61de8e2ab0cb1e827dcdb6e3e407b3c4b40f1d99d2f3426e5a3bc13407a,ACTIVE,POOL_OBSERVATION
603887.SH,2024-11-05,6193e61de8e2ab0cb1e827dcdb6e3e407b3c4b40f1d99d2f3426e5a3bc13407a,ACTIVE,POOL_OBSERVATION
603887.SH,2024-11-06,6193e61de8e2ab0cb1e827dcdb6e3e407b3c4b40f1d99d2f3426e5a3bc13407a,ACTIVE,POOL_OBSERVATION
603887.SH,2024-11-07,6193e61de8e2ab0cb1e827dcdb6e3e407b3c4b40f1d99d2f3426e5a3bc13407a,EXPIRED,POOL_EXPIRED
603900.SH,2025-05-26,4f4eaea5c39943588b961ea9ab3dfdf5e90b8ed50706fa5beba1f2a5f858d7ab,ACTIVE,POOL_ADMISSION
603900.SH,2025-05-27,4f4eaea5c39943588b961ea9ab3dfdf5e90b8ed50706fa5beba1f2a5f858d7ab,ACTIVE,POOL_OBSERVATION
603900.SH,2025-05-28,4f4eaea5c39943588b961ea9ab3dfdf5e90b8ed50706fa5beba1f2a5f858d7ab,ACTIVE,POOL_OBSERVATION
603900.SH,2025-05-29,4f4eaea5c39943588b961ea9ab3dfdf5e90b8ed50706fa5beba1f2a5f858d7ab,ACTIVE,POOL_OBSERVATION
603900.SH,2025-05-30,4f4eaea5c39943588b961ea9ab3dfdf5e90b8ed50706fa5beba1f2a5f858d7ab,ACTIVE,POOL_OBSERVATION
603900.SH,2025-06-03,4f4eaea5c39943588b961ea9ab3dfdf5e90b8ed50706fa5beba1f2a5f858d7ab,ACTIVE,POOL_OBSERVATION
603900.SH,2025-06-04,4f4eaea5c39943588b961ea9ab3dfdf5e90b8ed50706fa5beba1f2a5f858d7ab,SIGNALLED,ENTRY_SIGNAL
603900.SH,2025-06-05,4f4eaea5c39943588b961ea9ab3dfdf5e90b8ed50706fa5beba1f2a5f858d7ab,EXPIRED,PENDING_SIGNAL_HORIZON_EXPIRED
603916.SH,2025-07-24,19b9a0597feecd35a3497a440c73538bf332bd08be2409fba69b5de4fbdaa2f6,ACTIVE,POOL_ADMISSION
603916.SH,2025-07-25,19b9a0597feecd35a3497a440c73538bf332bd08be2409fba69b5de4fbdaa2f6,ACTIVE,POOL_OBSERVATION
603916.SH,2025-07-28,19b9a0597feecd35a3497a440c73538bf332bd08be2409fba69b5de4fbdaa2f6,ACTIVE,POOL_OBSERVATION
603916.SH,2025-07-29,19b9a0597feecd35a3497a440c73538bf332bd08be2409fba69b5de4fbdaa2f6,ACTIVE,POOL_OBSERVATION
603916.SH,2025-07-30,19b9a0597feecd35a3497a440c73538bf332bd08be2409fba69b5de4fbdaa2f6,ACTIVE,POOL_OBSERVATION
603916.SH,2025-07-31,19b9a0597feecd35a3497a440c73538bf332bd08be2409fba69b5de4fbdaa2f6,ACTIVE,POOL_OBSERVATION
603916.SH,2025-08-01,19b9a0597feecd35a3497a440c73538bf332bd08be2409fba69b5de4fbdaa2f6,EXPIRED,POOL_EXPIRED
603918.SH,2024-11-13,bca0d34baac9e6090fd6361f7d69cffa7c2e95db657624b87df62066a162c138,ACTIVE,POOL_ADMISSION
603918.SH,2024-11-14,bca0d34baac9e6090fd6361f7d69cffa7c2e95db657624b87df62066a162c138,ACTIVE,POOL_OBSERVATION
603918.SH,2024-11-15,bca0d34baac9e6090fd6361f7d69cffa7c2e95db657624b87df62066a162c138,SIGNALLED,ENTRY_SIGNAL
603918.SH,2024-11-18,bca0d34baac9e6090fd6361f7d69cffa7c2e95db657624b87df62066a162c138,SIGNALLED,EXECUTION_PENDING
603918.SH,2024-11-19,bca0d34baac9e6090fd6361f7d69cffa7c2e95db657624b87df62066a162c138,SIGNALLED,EXECUTION_PENDING
603918.SH,2024-11-20,bca0d34baac9e6090fd6361f7d69cffa7c2e95db657624b87df62066a162c138,SIGNALLED,EXECUTION_PENDING
603918.SH,2024-11-21,bca0d34baac9e6090fd6361f7d69cffa7c2e95db657624b87df62066a162c138,EXPIRED,PENDING_SIGNAL_HORIZON_EXPIRED
603928.SH,2025-01-22,058345dbec156f50b4dd6f7e34dbd6b329031aa49af682dc7d205ba331642dfa,ACTIVE,POOL_ADMISSION
603928.SH,2025-01-23,058345dbec156f50b4dd6f7e34dbd6b329031aa49af682dc7d205ba331642dfa,ACTIVE,POOL_OBSERVATION
603928.SH,2025-01-24,058345dbec156f50b4dd6f7e34dbd6b329031aa49af682dc7d205ba331642dfa,ACTIVE,POOL_OBSERVATION
603928.SH,2025-01-27,058345dbec156f50b4dd6f7e34dbd6b329031aa49af682dc7d205ba331642dfa,ACTIVE,POOL_OBSERVATION
603928.SH,2025-02-05,058345dbec156f50b4dd6f7e34dbd6b329031aa49af682dc7d205ba331642dfa,ACTIVE,POOL_OBSERVATION
603928.SH,2025-02-06,058345dbec156f50b4dd6f7e34dbd6b329031aa49af682dc7d205ba331642dfa,ACTIVE,POOL_OBSERVATION
603928.SH,2025-02-07,058345dbec156f50b4dd6f7e34dbd6b329031aa49af682dc7d205ba331642dfa,EXPIRED,POOL_EXPIRED
603928.SH,2025-06-24,cfcdcb0b6c8745fe4ce84770f173302d0822c76abee4276b3f8f1007fe9be503,ACTIVE,POOL_ADMISSION
603928.SH,2025-06-25,cfcdcb0b6c8745fe4ce84770f173302d0822c76abee4276b3f8f1007fe9be503,ACTIVE,POOL_OBSERVATION
603928.SH,2025-06-26,cfcdcb0b6c8745fe4ce84770f173302d0822c76abee4276b3f8f1007fe9be503,ACTIVE,POOL_OBSERVATION
603928.SH,2025-06-27,cfcdcb0b6c8745fe4ce84770f173302d0822c76abee4276b3f8f1007fe9be503,SIGNALLED,ENTRY_SIGNAL
603928.SH,2025-06-30,cfcdcb0b6c8745fe4ce84770f173302d0822c76abee4276b3f8f1007fe9be503,SIGNALLED,EXECUTION_PENDING
603928.SH,2025-07-01,cfcdcb0b6c8745fe4ce84770f173302d0822c76abee4276b3f8f1007fe9be503,SIGNALLED,EXECUTION_PENDING
603928.SH,2025-07-02,cfcdcb0b6c8745fe4ce84770f173302d0822c76abee4276b3f8f1007fe9be503,EXPIRED,PENDING_SIGNAL_HORIZON_EXPIRED
603928.SH,2026-07-02,55528bcb287516dddcfd90235853a647adcf2d471197266e979c7aab9cfa7bba,SIGNALLED,ENTRY_SIGNAL
603928.SH,2026-07-03,55528bcb287516dddcfd90235853a647adcf2d471197266e979c7aab9cfa7bba,SIGNALLED,EXECUTION_PENDING
603928.SH,2026-07-06,55528bcb287516dddcfd90235853a647adcf2d471197266e979c7aab9cfa7bba,SIGNALLED,EXECUTION_PENDING
603928.SH,2026-07-07,55528bcb287516dddcfd90235853a647adcf2d471197266e979c7aab9cfa7bba,SIGNALLED,EXECUTION_PENDING
603928.SH,2026-07-08,55528bcb287516dddcfd90235853a647adcf2d471197266e979c7aab9cfa7bba,SIGNALLED,EXECUTION_PENDING
603928.SH,2026-07-09,55528bcb287516dddcfd90235853a647adcf2d471197266e979c7aab9cfa7bba,SIGNALLED,EXECUTION_PENDING
603928.SH,2026-07-10,55528bcb287516dddcfd90235853a647adcf2d471197266e979c7aab9cfa7bba,EXPIRED,PENDING_SIGNAL_HORIZON_EXPIRED
603933.SH,2025-10-22,87bdeaad59e9ba35d18813dfdef428349aa0a7b446d3a89a853d7ab6a7315c2a,SIGNALLED,ENTRY_SIGNAL
603933.SH,2025-10-23,87bdeaad59e9ba35d18813dfdef428349aa0a7b446d3a89a853d7ab6a7315c2a,SIGNALLED,EXECUTION_PENDING
603933.SH,2025-10-24,87bdeaad59e9ba35d18813dfdef428349aa0a7b446d3a89a853d7ab6a7315c2a,SIGNALLED,EXECUTION_PENDING
603933.SH,2025-10-27,87bdeaad59e9ba35d18813dfdef428349aa0a7b446d3a89a853d7ab6a7315c2a,SIGNALLED,EXECUTION_PENDING
603933.SH,2025-10-28,87bdeaad59e9ba35d18813dfdef428349aa0a7b446d3a89a853d7ab6a7315c2a,SIGNALLED,EXECUTION_PENDING
603933.SH,2025-10-29,87bdeaad59e9ba35d18813dfdef428349aa0a7b446d3a89a853d7ab6a7315c2a,SIGNALLED,EXECUTION_PENDING
603933.SH,2025-10-30,87bdeaad59e9ba35d18813dfdef428349aa0a7b446d3a89a853d7ab6a7315c2a,EXPIRED,PENDING_SIGNAL_HORIZON_EXPIRED
603933.SH,2025-12-02,f7c36984e315b34e41c05eb85e8ed73b050c6fe19e05a0ab1a85cdf7fe096f06,ACTIVE,POOL_ADMISSION
603933.SH,2025-12-03,f7c36984e315b34e41c05eb85e8ed73b050c6fe19e05a0ab1a85cdf7fe096f06,ACTIVE,POOL_OBSERVATION
603933.SH,2025-12-04,f7c36984e315b34e41c05eb85e8ed73b050c6fe19e05a0ab1a85cdf7fe096f06,SIGNALLED,ENTRY_SIGNAL
603933.SH,2025-12-05,f7c36984e315b34e41c05eb85e8ed73b050c6fe19e05a0ab1a85cdf7fe096f06,SIGNALLED,EXECUTION_PENDING
603933.SH,2025-12-08,f7c36984e315b34e41c05eb85e8ed73b050c6fe19e05a0ab1a85cdf7fe096f06,SIGNALLED,EXECUTION_PENDING
603933.SH,2025-12-09,f7c36984e315b34e41c05eb85e8ed73b050c6fe19e05a0ab1a85cdf7fe096f06,SIGNALLED,EXECUTION_PENDING
603933.SH,2025-12-10,f7c36984e315b34e41c05eb85e8ed73b050c6fe19e05a0ab1a85cdf7fe096f06,EXPIRED,PENDING_SIGNAL_HORIZON_EXPIRED
603937.SH,2026-05-08,c0e63131006cf840b5d19cbe3444adc2d0811e0327bd5a4e960f42ddcc7249ca,ACTIVE,POOL_ADMISSION
603937.SH,2026-05-11,c0e63131006cf840b5d19cbe3444adc2d0811e0327bd5a4e960f42ddcc7249ca,ACTIVE,POOL_OBSERVATION
603937.SH,2026-05-12,c0e63131006cf840b5d19cbe3444adc2d0811e0327bd5a4e960f42ddcc7249ca,ACTIVE,POOL_OBSERVATION
603937.SH,2026-05-13,c0e63131006cf840b5d19cbe3444adc2d0811e0327bd5a4e960f42ddcc7249ca,ACTIVE,POOL_OBSERVATION
603937.SH,2026-05-14,c0e63131006cf840b5d19cbe3444adc2d0811e0327bd5a4e960f42ddcc7249ca,ACTIVE,POOL_OBSERVATION
603937.SH,2026-05-15,c0e63131006cf840b5d19cbe3444adc2d0811e0327bd5a4e960f42ddcc7249ca,ACTIVE,POOL_OBSERVATION
603937.SH,2026-05-18,c0e63131006cf840b5d19cbe3444adc2d0811e0327bd5a4e960f42ddcc7249ca,EXPIRED,POOL_EXPIRED
603938.SH,2025-10-20,4e5a07f568113c3bfff55f06c1c23b1b32bcc121344e3323fc1c34fa755fa7ea,ACTIVE,POOL_ADMISSION
603938.SH,2025-10-21,4e5a07f568113c3bfff55f06c1c23b1b32bcc121344e3323fc1c34fa755fa7ea,ACTIVE,POOL_OBSERVATION
603938.SH,2025-10-22,4e5a07f568113c3bfff55f06c1c23b1b32bcc121344e3323fc1c34fa755fa7ea,SIGNALLED,ENTRY_SIGNAL
603938.SH,2025-10-23,4e5a07f568113c3bfff55f06c1c23b1b32bcc121344e3323fc1c34fa755fa7ea,SIGNALLED,EXECUTION_PENDING
603938.SH,2025-10-24,4e5a07f568113c3bfff55f06c1c23b1b32bcc121344e3323fc1c34fa755fa7ea,SIGNALLED,EXECUTION_PENDING
603938.SH,2025-10-27,4e5a07f568113c3bfff55f06c1c23b1b32bcc121344e3323fc1c34fa755fa7ea,SIGNALLED,EXECUTION_PENDING
603938.SH,2025-10-28,4e5a07f568113c3bfff55f06c1c23b1b32bcc121344e3323fc1c34fa755fa7ea,EXPIRED,PENDING_SIGNAL_HORIZON_EXPIRED
603948.SH,2025-06-26,f1a91b201ad7b90381832efcbc278d1cf459e1ed02d34bdb4622e867835b113d,SIGNALLED,ENTRY_SIGNAL
603948.SH,2025-06-27,f1a91b201ad7b90381832efcbc278d1cf459e1ed02d34bdb4622e867835b113d,SIGNALLED,EXECUTION_PENDING
603948.SH,2025-06-30,f1a91b201ad7b90381832efcbc278d1cf459e1ed02d34bdb4622e867835b113d,SIGNALLED,EXECUTION_PENDING
603948.SH,2025-07-01,f1a91b201ad7b90381832efcbc278d1cf459e1ed02d34bdb4622e867835b113d,SIGNALLED,EXECUTION_PENDING
603948.SH,2025-07-02,f1a91b201ad7b90381832efcbc278d1cf459e1ed02d34bdb4622e867835b113d,SIGNALLED,EXECUTION_PENDING
603948.SH,2025-07-03,f1a91b201ad7b90381832efcbc278d1cf459e1ed02d34bdb4622e867835b113d,SIGNALLED,EXECUTION_PENDING
603948.SH,2025-07-04,f1a91b201ad7b90381832efcbc278d1cf459e1ed02d34bdb4622e867835b113d,EXPIRED,PENDING_SIGNAL_HORIZON_EXPIRED
603948.SH,2025-09-01,2e0a60e4043ac24b3a9724a8ba56e79afb951600ae475da578117495ffe64cfc,ACTIVE,POOL_ADMISSION
603948.SH,2025-09-02,2e0a60e4043ac24b3a9724a8ba56e79afb951600ae475da578117495ffe64cfc,ACTIVE,POOL_OBSERVATION
603948.SH,2025-09-03,2e0a60e4043ac24b3a9724a8ba56e79afb951600ae475da578117495ffe64cfc,ACTIVE,POOL_OBSERVATION
603948.SH,2025-09-04,2e0a60e4043ac24b3a9724a8ba56e79afb951600ae475da578117495ffe64cfc,ACTIVE,POOL_OBSERVATION
603948.SH,2025-09-05,2e0a60e4043ac24b3a9724a8ba56e79afb951600ae475da578117495ffe64cfc,ACTIVE,POOL_OBSERVATION
603948.SH,2025-09-08,2e0a60e4043ac24b3a9724a8ba56e79afb951600ae475da578117495ffe64cfc,ACTIVE,POOL_OBSERVATION
603948.SH,2025-09-09,2e0a60e4043ac24b3a9724a8ba56e79afb951600ae475da578117495ffe64cfc,EXPIRED,POOL_EXPIRED
603949.SH,2025-03-21,20dd628b2ca51c6d9c15a90eddc5e028fc82cde8cc899ff13205ab548b64ba1a,ACTIVE,POOL_ADMISSION
603949.SH,2025-03-24,20dd628b2ca51c6d9c15a90eddc5e028fc82cde8cc899ff13205ab548b64ba1a,SIGNALLED,ENTRY_SIGNAL
603949.SH,2025-03-25,20dd628b2ca51c6d9c15a90eddc5e028fc82cde8cc899ff13205ab548b64ba1a,SIGNALLED,EXECUTION_PENDING
603949.SH,2025-03-26,20dd628b2ca51c6d9c15a90eddc5e028fc82cde8cc899ff13205ab548b64ba1a,SIGNALLED,EXECUTION_PENDING
603949.SH,2025-03-27,20dd628b2ca51c6d9c15a90eddc5e028fc82cde8cc899ff13205ab548b64ba1a,SIGNALLED,EXECUTION_PENDING
603949.SH,2025-03-28,20dd628b2ca51c6d9c15a90eddc5e028fc82cde8cc899ff13205ab548b64ba1a,SIGNALLED,EXECUTION_PENDING
603949.SH,2025-03-31,20dd628b2ca51c6d9c15a90eddc5e028fc82cde8cc899ff13205ab548b64ba1a,EXPIRED,PENDING_SIGNAL_HORIZON_EXPIRED
603950.SH,2026-04-15,ab502e1b1695cd8be3df52f0eddb07945c409e41e577cfaeb83d8168e239a3c1,ACTIVE,POOL_ADMISSION
603950.SH,2026-04-16,ab502e1b1695cd8be3df52f0eddb07945c409e41e577cfaeb83d8168e239a3c1,ACTIVE,POOL_OBSERVATION
603950.SH,2026-04-17,ab502e1b1695cd8be3df52f0eddb07945c409e41e577cfaeb83d8168e239a3c1,ACTIVE,POOL_OBSERVATION
603950.SH,2026-04-20,ab502e1b1695cd8be3df52f0eddb07945c409e41e577cfaeb83d8168e239a3c1,ACTIVE,POOL_OBSERVATION
603950.SH,2026-04-21,ab502e1b1695cd8be3df52f0eddb07945c409e41e577cfaeb83d8168e239a3c1,ACTIVE,POOL_OBSERVATION
603950.SH,2026-04-22,ab502e1b1695cd8be3df52f0eddb07945c409e41e577cfaeb83d8168e239a3c1,ACTIVE,POOL_OBSERVATION
603950.SH,2026-04-23,ab502e1b1695cd8be3df52f0eddb07945c409e41e577cfaeb83d8168e239a3c1,EXPIRED,POOL_EXPIRED
603955.SH,2024-11-08,d8e7d03c49fe3515f1415dc45931454562bbbb52c89efd4f6211e280752ac2c0,ACTIVE,POOL_ADMISSION
603955.SH,2024-11-11,d8e7d03c49fe3515f1415dc45931454562bbbb52c89efd4f6211e280752ac2c0,ACTIVE,POOL_OBSERVATION
603955.SH,2024-11-12,d8e7d03c49fe3515f1415dc45931454562bbbb52c89efd4f6211e280752ac2c0,ACTIVE,POOL_OBSERVATION
603955.SH,2024-11-13,d8e7d03c49fe3515f1415dc45931454562bbbb52c89efd4f6211e280752ac2c0,ACTIVE,POOL_OBSERVATION
603955.SH,2024-11-14,d8e7d03c49fe3515f1415dc45931454562bbbb52c89efd4f6211e280752ac2c0,ACTIVE,POOL_OBSERVATION
603955.SH,2024-11-15,d8e7d03c49fe3515f1415dc45931454562bbbb52c89efd4f6211e280752ac2c0,ACTIVE,POOL_OBSERVATION
603955.SH,2024-11-18,d8e7d03c49fe3515f1415dc45931454562bbbb52c89efd4f6211e280752ac2c0,EXPIRED,POOL_EXPIRED
603955.SH,2024-11-19,4d68046bcad26b24255b78e87ea7af4d685f791a93a2e706571b9e92722025a0,SIGNALLED,ENTRY_SIGNAL
603955.SH,2024-11-20,4d68046bcad26b24255b78e87ea7af4d685f791a93a2e706571b9e92722025a0,SIGNALLED,EXECUTION_PENDING
603955.SH,2024-11-21,4d68046bcad26b24255b78e87ea7af4d685f791a93a2e706571b9e92722025a0,SIGNALLED,EXECUTION_PENDING
603955.SH,2024-11-22,4d68046bcad26b24255b78e87ea7af4d685f791a93a2e706571b9e92722025a0,SIGNALLED,EXECUTION_PENDING
603955.SH,2024-11-25,4d68046bcad26b24255b78e87ea7af4d685f791a93a2e706571b9e92722025a0,SIGNALLED,EXECUTION_PENDING
603955.SH,2024-11-26,4d68046bcad26b24255b78e87ea7af4d685f791a93a2e706571b9e92722025a0,SIGNALLED,EXECUTION_PENDING
603955.SH,2024-11-27,4d68046bcad26b24255b78e87ea7af4d685f791a93a2e706571b9e92722025a0,EXPIRED,PENDING_SIGNAL_HORIZON_EXPIRED
603956.SH,2025-02-14,5d387456717e9b16663d50e4b3041c090134f58aec59df9e10402fc1dc974390,ACTIVE,POOL_ADMISSION
603956.SH,2025-02-17,5d387456717e9b16663d50e4b3041c090134f58aec59df9e10402fc1dc974390,ACTIVE,POOL_OBSERVATION
603956.SH,2025-02-18,5d387456717e9b16663d50e4b3041c090134f58aec59df9e10402fc1dc974390,ACTIVE,POOL_OBSERVATION
603956.SH,2025-02-19,5d387456717e9b16663d50e4b3041c090134f58aec59df9e10402fc1dc974390,ACTIVE,POOL_OBSERVATION
603956.SH,2025-02-20,5d387456717e9b16663d50e4b3041c090134f58aec59df9e10402fc1dc974390,ACTIVE,POOL_OBSERVATION
603956.SH,2025-02-21,5d387456717e9b16663d50e4b3041c090134f58aec59df9e10402fc1dc974390,SIGNALLED,ENTRY_SIGNAL
603956.SH,2025-02-24,5d387456717e9b16663d50e4b3041c090134f58aec59df9e10402fc1dc974390,EXPIRED,PENDING_SIGNAL_HORIZON_EXPIRED
603958.SH,2024-10-29,fceb1ce204d8916b00955db47f914ba517c1f108be1540a18b2c15144d3c5cb7,ACTIVE,POOL_ADMISSION
603958.SH,2024-10-30,fceb1ce204d8916b00955db47f914ba517c1f108be1540a18b2c15144d3c5cb7,ACTIVE,POOL_OBSERVATION
603958.SH,2024-10-31,fceb1ce204d8916b00955db47f914ba517c1f108be1540a18b2c15144d3c5cb7,SIGNALLED,ENTRY_SIGNAL
603958.SH,2024-11-01,fceb1ce204d8916b00955db47f914ba517c1f108be1540a18b2c15144d3c5cb7,SIGNALLED,EXECUTION_PENDING
603958.SH,2024-11-04,fceb1ce204d8916b00955db47f914ba517c1f108be1540a18b2c15144d3c5cb7,SIGNALLED,EXECUTION_PENDING
603958.SH,2024-11-05,fceb1ce204d8916b00955db47f914ba517c1f108be1540a18b2c15144d3c5cb7,SIGNALLED,EXECUTION_PENDING
603958.SH,2024-11-06,fceb1ce204d8916b00955db47f914ba517c1f108be1540a18b2c15144d3c5cb7,EXPIRED,PENDING_SIGNAL_HORIZON_EXPIRED
603958.SH,2024-12-30,9a495361766d4e4d457a92df6d80c47980037c9839b87982086c8a538ceebe00,ACTIVE,POOL_ADMISSION
603958.SH,2024-12-31,9a495361766d4e4d457a92df6d80c47980037c9839b87982086c8a538ceebe00,ACTIVE,POOL_OBSERVATION
603958.SH,2025-01-02,9a495361766d4e4d457a92df6d80c47980037c9839b87982086c8a538ceebe00,ACTIVE,POOL_OBSERVATION
603958.SH,2025-01-03,9a495361766d4e4d457a92df6d80c47980037c9839b87982086c8a538ceebe00,ACTIVE,POOL_OBSERVATION
603958.SH,2025-01-06,9a495361766d4e4d457a92df6d80c47980037c9839b87982086c8a538ceebe00,ACTIVE,POOL_OBSERVATION
603958.SH,2025-01-07,9a495361766d4e4d457a92df6d80c47980037c9839b87982086c8a538ceebe00,ACTIVE,POOL_OBSERVATION
603958.SH,2025-01-08,9a495361766d4e4d457a92df6d80c47980037c9839b87982086c8a538ceebe00,EXPIRED,POOL_EXPIRED
603958.SH,2026-08-21,a0780031de093f750e94249ee297f2d10039cd8efe5ef29a6aac2f95dbb20dbe,ACTIVE,POOL_ADMISSION
603958.SH,2026-08-24,a0780031de093f750e94249ee297f2d10039cd8efe5ef29a6aac2f95dbb20dbe,ACTIVE,POOL_OBSERVATION
603958.SH,2026-08-25,a0780031de093f750e94249ee297f2d10039cd8efe5ef29a6aac2f95dbb20dbe,ACTIVE,POOL_OBSERVATION
603958.SH,2026-08-26,a0780031de093f750e94249ee297f2d10039cd8efe5ef29a6aac2f95dbb20dbe,ACTIVE,POOL_OBSERVATION
603958.SH,2026-08-27,a0780031de093f750e94249ee297f2d10039cd8efe5ef29a6aac2f95dbb20dbe,ACTIVE,POOL_OBSERVATION
603958.SH,2026-08-28,a0780031de093f750e94249ee297f2d10039cd8efe5ef29a6aac2f95dbb20dbe,ACTIVE,POOL_OBSERVATION
603958.SH,2026-08-31,a0780031de093f750e94249ee297f2d10039cd8efe5ef29a6aac2f95dbb20dbe,EXPIRED,POOL_EXPIRED
603980.SH,2026-02-11,67944ce9d747e94377cb3cf1e334e70d268e4fe0612960eb36a69718ba1e385b,ACTIVE,POOL_ADMISSION
603980.SH,2026-02-12,67944ce9d747e94377cb3cf1e334e70d268e4fe0612960eb36a69718ba1e385b,ACTIVE,POOL_OBSERVATION
603980.SH,2026-02-13,67944ce9d747e94377cb3cf1e334e70d268e4fe0612960eb36a69718ba1e385b,ACTIVE,POOL_OBSERVATION
603980.SH,2026-02-24,67944ce9d747e94377cb3cf1e334e70d268e4fe0612960eb36a69718ba1e385b,SIGNALLED,ENTRY_SIGNAL
603980.SH,2026-02-25,67944ce9d747e94377cb3cf1e334e70d268e4fe0612960eb36a69718ba1e385b,SIGNALLED,EXECUTION_PENDING
603980.SH,2026-02-26,67944ce9d747e94377cb3cf1e334e70d268e4fe0612960eb36a69718ba1e385b,SIGNALLED,EXECUTION_PENDING
603980.SH,2026-02-27,67944ce9d747e94377cb3cf1e334e70d268e4fe0612960eb36a69718ba1e385b,EXPIRED,PENDING_SIGNAL_HORIZON_EXPIRED
603988.SH,2024-07-30,839a148ac316ea0d4f3282a7f8fd5140ac0c1c385750d52375bd09db3a24957d,ACTIVE,POOL_ADMISSION
603988.SH,2024-07-31,839a148ac316ea0d4f3282a7f8fd5140ac0c1c385750d52375bd09db3a24957d,SIGNALLED,ENTRY_SIGNAL
603988.SH,2024-08-01,839a148ac316ea0d4f3282a7f8fd5140ac0c1c385750d52375bd09db3a24957d,SIGNALLED,EXECUTION_PENDING
603988.SH,2024-08-02,839a148ac316ea0d4f3282a7f8fd5140ac0c1c385750d52375bd09db3a24957d,SIGNALLED,EXECUTION_PENDING
603988.SH,2024-08-05,839a148ac316ea0d4f3282a7f8fd5140ac0c1c385750d52375bd09db3a24957d,SIGNALLED,EXECUTION_PENDING
603988.SH,2024-08-06,839a148ac316ea0d4f3282a7f8fd5140ac0c1c385750d52375bd09db3a24957d,SIGNALLED,EXECUTION_PENDING
603988.SH,2024-08-07,839a148ac316ea0d4f3282a7f8fd5140ac0c1c385750d52375bd09db3a24957d,EXPIRED,PENDING_SIGNAL_HORIZON_EXPIRED
603989.SH,2026-06-22,aaaa3204fe37df40e60228eb16c37666ca5b7fec0886daed3c68538193feac27,ACTIVE,POOL_ADMISSION
603989.SH,2026-06-23,aaaa3204fe37df40e60228eb16c37666ca5b7fec0886daed3c68538193feac27,ACTIVE,POOL_OBSERVATION
603989.SH,2026-06-24,aaaa3204fe37df40e60228eb16c37666ca5b7fec0886daed3c68538193feac27,SIGNALLED,ENTRY_SIGNAL
603989.SH,2026-06-25,aaaa3204fe37df40e60228eb16c37666ca5b7fec0886daed3c68538193feac27,SIGNALLED,EXECUTION_PENDING
603989.SH,2026-06-26,aaaa3204fe37df40e60228eb16c37666ca5b7fec0886daed3c68538193feac27,SIGNALLED,EXECUTION_PENDING
603989.SH,2026-06-29,aaaa3204fe37df40e60228eb16c37666ca5b7fec0886daed3c68538193feac27,SIGNALLED,EXECUTION_PENDING
603989.SH,2026-06-30,aaaa3204fe37df40e60228eb16c37666ca5b7fec0886daed3c68538193feac27,EXPIRED,PENDING_SIGNAL_HORIZON_EXPIRED
603991.SH,2024-10-25,12ae2ba11de8d75fb41c63a204398bc56d1b50bcf062529c20fdbb716df42815,ACTIVE,POOL_ADMISSION
603991.SH,2024-10-28,12ae2ba11de8d75fb41c63a204398bc56d1b50bcf062529c20fdbb716df42815,ACTIVE,POOL_OBSERVATION
603991.SH,2024-10-29,12ae2ba11de8d75fb41c63a204398bc56d1b50bcf062529c20fdbb716df42815,ACTIVE,POOL_OBSERVATION
603991.SH,2024-10-30,12ae2ba11de8d75fb41c63a204398bc56d1b50bcf062529c20fdbb716df42815,ACTIVE,POOL_OBSERVATION
603991.SH,2024-10-31,12ae2ba11de8d75fb41c63a204398bc56d1b50bcf062529c20fdbb716df42815,ACTIVE,POOL_OBSERVATION
603991.SH,2024-11-01,12ae2ba11de8d75fb41c63a204398bc56d1b50bcf062529c20fdbb716df42815,ACTIVE,POOL_OBSERVATION
603991.SH,2024-11-04,12ae2ba11de8d75fb41c63a204398bc56d1b50bcf062529c20fdbb716df42815,EXPIRED,POOL_EXPIRED
605005.SH,2025-06-04,7b02046d943e8b5aae254081530644ed7446ed9f3cdaa4ea6b2989d35710d46f,ACTIVE,POOL_ADMISSION
605005.SH,2025-06-05,7b02046d943e8b5aae254081530644ed7446ed9f3cdaa4ea6b2989d35710d46f,ACTIVE,POOL_OBSERVATION
605005.SH,2025-06-06,7b02046d943e8b5aae254081530644ed7446ed9f3cdaa4ea6b2989d35710d46f,ACTIVE,POOL_OBSERVATION
605005.SH,2025-06-09,7b02046d943e8b5aae254081530644ed7446ed9f3cdaa4ea6b2989d35710d46f,ACTIVE,POOL_OBSERVATION
605005.SH,2025-06-10,7b02046d943e8b5aae254081530644ed7446ed9f3cdaa4ea6b2989d35710d46f,ACTIVE,POOL_OBSERVATION
605005.SH,2025-06-11,7b02046d943e8b5aae254081530644ed7446ed9f3cdaa4ea6b2989d35710d46f,ACTIVE,POOL_OBSERVATION
605005.SH,2025-06-12,7b02046d943e8b5aae254081530644ed7446ed9f3cdaa4ea6b2989d35710d46f,EXPIRED,POOL_EXPIRED
605006.SH,2024-12-09,cccb2eca9d7e6be48be843691a6a731485894911a0794a675db34bbe1d104559,ACTIVE,POOL_ADMISSION
605006.SH,2024-12-10,cccb2eca9d7e6be48be843691a6a731485894911a0794a675db34bbe1d104559,ACTIVE,POOL_OBSERVATION
605006.SH,2024-12-11,cccb2eca9d7e6be48be843691a6a731485894911a0794a675db34bbe1d104559,ACTIVE,POOL_OBSERVATION
605006.SH,2024-12-12,cccb2eca9d7e6be48be843691a6a731485894911a0794a675db34bbe1d104559,ACTIVE,POOL_OBSERVATION
605006.SH,2024-12-13,cccb2eca9d7e6be48be843691a6a731485894911a0794a675db34bbe1d104559,ACTIVE,POOL_OBSERVATION
605006.SH,2024-12-16,cccb2eca9d7e6be48be843691a6a731485894911a0794a675db34bbe1d104559,ACTIVE,POOL_OBSERVATION
605006.SH,2024-12-17,cccb2eca9d7e6be48be843691a6a731485894911a0794a675db34bbe1d104559,EXPIRED,POOL_EXPIRED
605028.SH,2025-08-22,1835cded6df8afd731e5782e101a98955047a170f61bf2e6b9706cdba584e163,ACTIVE,POOL_ADMISSION
605028.SH,2025-08-25,1835cded6df8afd731e5782e101a98955047a170f61bf2e6b9706cdba584e163,ACTIVE,POOL_OBSERVATION
605028.SH,2025-08-26,1835cded6df8afd731e5782e101a98955047a170f61bf2e6b9706cdba584e163,ACTIVE,POOL_OBSERVATION
605028.SH,2025-08-27,1835cded6df8afd731e5782e101a98955047a170f61bf2e6b9706cdba584e163,ACTIVE,POOL_OBSERVATION
605028.SH,2025-08-28,1835cded6df8afd731e5782e101a98955047a170f61bf2e6b9706cdba584e163,ACTIVE,POOL_OBSERVATION
605028.SH,2025-08-29,1835cded6df8afd731e5782e101a98955047a170f61bf2e6b9706cdba584e163,ACTIVE,POOL_OBSERVATION
605028.SH,2025-09-01,1835cded6df8afd731e5782e101a98955047a170f61bf2e6b9706cdba584e163,EXPIRED,POOL_EXPIRED
605033.SH,2025-01-07,90a0e6df5fdacbdd1a6abdf9881311b07deb5d4cbc564ee18c2c4afddec61c9f,ACTIVE,POOL_ADMISSION
605033.SH,2025-01-08,90a0e6df5fdacbdd1a6abdf9881311b07deb5d4cbc564ee18c2c4afddec61c9f,ACTIVE,POOL_OBSERVATION
605033.SH,2025-01-09,90a0e6df5fdacbdd1a6abdf9881311b07deb5d4cbc564ee18c2c4afddec61c9f,ACTIVE,POOL_OBSERVATION
605033.SH,2025-01-10,90a0e6df5fdacbdd1a6abdf9881311b07deb5d4cbc564ee18c2c4afddec61c9f,ACTIVE,POOL_OBSERVATION
605033.SH,2025-01-13,90a0e6df5fdacbdd1a6abdf9881311b07deb5d4cbc564ee18c2c4afddec61c9f,ACTIVE,POOL_OBSERVATION
605033.SH,2025-01-14,90a0e6df5fdacbdd1a6abdf9881311b07deb5d4cbc564ee18c2c4afddec61c9f,ACTIVE,POOL_OBSERVATION
605033.SH,2025-01-15,90a0e6df5fdacbdd1a6abdf9881311b07deb5d4cbc564ee18c2c4afddec61c9f,EXPIRED,POOL_EXPIRED
605033.SH,2025-01-16,1de823d03c12c83da47cb310f92746f3805f59982ce91884aaa882798a9b89ff,ACTIVE,POOL_ADMISSION
605033.SH,2025-01-17,1de823d03c12c83da47cb310f92746f3805f59982ce91884aaa882798a9b89ff,ACTIVE,POOL_OBSERVATION
605033.SH,2025-01-20,1de823d03c12c83da47cb310f92746f3805f59982ce91884aaa882798a9b89ff,ACTIVE,POOL_OBSERVATION
605033.SH,2025-01-21,1de823d03c12c83da47cb310f92746f3805f59982ce91884aaa882798a9b89ff,ACTIVE,POOL_OBSERVATION
605033.SH,2025-01-22,1de823d03c12c83da47cb310f92746f3805f59982ce91884aaa882798a9b89ff,ACTIVE,POOL_OBSERVATION
605033.SH,2025-01-23,1de823d03c12c83da47cb310f92746f3805f59982ce91884aaa882798a9b89ff,ACTIVE,POOL_OBSERVATION
605033.SH,2025-01-24,1de823d03c12c83da47cb310f92746f3805f59982ce91884aaa882798a9b89ff,EXPIRED,POOL_EXPIRED
605033.SH,2025-07-22,81befe489d352ed310b0d868b1511c598b97f2008245eab5892655a1bc68c100,ACTIVE,POOL_ADMISSION
605033.SH,2025-07-23,81befe489d352ed310b0d868b1511c598b97f2008245eab5892655a1bc68c100,ACTIVE,POOL_OBSERVATION
605033.SH,2025-07-24,81befe489d352ed310b0d868b1511c598b97f2008245eab5892655a1bc68c100,ACTIVE,POOL_OBSERVATION
605033.SH,2025-07-25,81befe489d352ed310b0d868b1511c598b97f2008245eab5892655a1bc68c100,ACTIVE,POOL_OBSERVATION
605033.SH,2025-07-28,81befe489d352ed310b0d868b1511c598b97f2008245eab5892655a1bc68c100,ACTIVE,POOL_OBSERVATION
605033.SH,2025-07-29,81befe489d352ed310b0d868b1511c598b97f2008245eab5892655a1bc68c100,ACTIVE,POOL_OBSERVATION
605033.SH,2025-07-30,81befe489d352ed310b0d868b1511c598b97f2008245eab5892655a1bc68c100,EXPIRED,POOL_EXPIRED
605033.SH,2026-02-24,f800a082f9355ef95d49ce8f18ea93620a2692ca9c3ed87acab5f7c080c45b66,ACTIVE,POOL_ADMISSION
605033.SH,2026-02-25,f800a082f9355ef95d49ce8f18ea93620a2692ca9c3ed87acab5f7c080c45b66,ACTIVE,POOL_OBSERVATION
605033.SH,2026-02-26,f800a082f9355ef95d49ce8f18ea93620a2692ca9c3ed87acab5f7c080c45b66,ACTIVE,POOL_OBSERVATION
605033.SH,2026-02-27,f800a082f9355ef95d49ce8f18ea93620a2692ca9c3ed87acab5f7c080c45b66,ACTIVE,POOL_OBSERVATION
605033.SH,2026-03-02,f800a082f9355ef95d49ce8f18ea93620a2692ca9c3ed87acab5f7c080c45b66,ACTIVE,POOL_OBSERVATION
605033.SH,2026-03-03,f800a082f9355ef95d49ce8f18ea93620a2692ca9c3ed87acab5f7c080c45b66,ACTIVE,POOL_OBSERVATION
605033.SH,2026-03-04,f800a082f9355ef95d49ce8f18ea93620a2692ca9c3ed87acab5f7c080c45b66,EXPIRED,POOL_EXPIRED
605055.SH,2025-05-14,6636014910c3e013843f31609c7faa7fc3743594da73b0696f01867dd25380d7,ACTIVE,POOL_ADMISSION
605055.SH,2025-05-15,6636014910c3e013843f31609c7faa7fc3743594da73b0696f01867dd25380d7,ACTIVE,POOL_OBSERVATION
605055.SH,2025-05-16,6636014910c3e013843f31609c7faa7fc3743594da73b0696f01867dd25380d7,ACTIVE,POOL_OBSERVATION
605055.SH,2025-05-19,6636014910c3e013843f31609c7faa7fc3743594da73b0696f01867dd25380d7,SIGNALLED,ENTRY_SIGNAL
605055.SH,2025-05-20,6636014910c3e013843f31609c7faa7fc3743594da73b0696f01867dd25380d7,SIGNALLED,EXECUTION_PENDING
605055.SH,2025-05-21,6636014910c3e013843f31609c7faa7fc3743594da73b0696f01867dd25380d7,SIGNALLED,EXECUTION_PENDING
605055.SH,2025-05-22,6636014910c3e013843f31609c7faa7fc3743594da73b0696f01867dd25380d7,EXPIRED,PENDING_SIGNAL_HORIZON_EXPIRED
605058.SH,2026-09-16,0401e55579b7b0079e321b931b859fdba950a8bd35a623e9c90b112b93d26a6a,ACTIVE,POOL_ADMISSION
605058.SH,2026-09-17,0401e55579b7b0079e321b931b859fdba950a8bd35a623e9c90b112b93d26a6a,ACTIVE,POOL_OBSERVATION
605058.SH,2026-09-18,0401e55579b7b0079e321b931b859fdba950a8bd35a623e9c90b112b93d26a6a,ACTIVE,POOL_OBSERVATION
605058.SH,2026-09-21,0401e55579b7b0079e321b931b859fdba950a8bd35a623e9c90b112b93d26a6a,SIGNALLED,ENTRY_SIGNAL
605058.SH,2026-09-22,0401e55579b7b0079e321b931b859fdba950a8bd35a623e9c90b112b93d26a6a,SIGNALLED,EXECUTION_PENDING
605058.SH,2026-09-23,0401e55579b7b0079e321b931b859fdba950a8bd35a623e9c90b112b93d26a6a,SIGNALLED,EXECUTION_PENDING
605066.SH,2025-03-04,459501abd10f52c08e1a8364f5747972251a660cd9256c86ac08fbbadc83db29,SIGNALLED,ENTRY_SIGNAL
605066.SH,2025-03-05,459501abd10f52c08e1a8364f5747972251a660cd9256c86ac08fbbadc83db29,SIGNALLED,EXECUTION_PENDING
605066.SH,2025-03-06,459501abd10f52c08e1a8364f5747972251a660cd9256c86ac08fbbadc83db29,SIGNALLED,EXECUTION_PENDING
605066.SH,2025-03-07,459501abd10f52c08e1a8364f5747972251a660cd9256c86ac08fbbadc83db29,SIGNALLED,EXECUTION_PENDING
605066.SH,2025-03-10,459501abd10f52c08e1a8364f5747972251a660cd9256c86ac08fbbadc83db29,SIGNALLED,EXECUTION_PENDING
605066.SH,2025-03-11,459501abd10f52c08e1a8364f5747972251a660cd9256c86ac08fbbadc83db29,SIGNALLED,EXECUTION_PENDING
605066.SH,2025-03-12,459501abd10f52c08e1a8364f5747972251a660cd9256c86ac08fbbadc83db29,EXPIRED,PENDING_SIGNAL_HORIZON_EXPIRED
605068.SH,2026-07-31,a975ddf762cedda343de66c5c43c29654156379784f9b9902cec5204751b92a8,ACTIVE,POOL_ADMISSION
605068.SH,2026-08-03,a975ddf762cedda343de66c5c43c29654156379784f9b9902cec5204751b92a8,ACTIVE,POOL_OBSERVATION
605068.SH,2026-08-04,a975ddf762cedda343de66c5c43c29654156379784f9b9902cec5204751b92a8,ACTIVE,POOL_OBSERVATION
605068.SH,2026-08-05,a975ddf762cedda343de66c5c43c29654156379784f9b9902cec5204751b92a8,ACTIVE,POOL_OBSERVATION
605068.SH,2026-08-06,a975ddf762cedda343de66c5c43c29654156379784f9b9902cec5204751b92a8,ACTIVE,POOL_OBSERVATION
605068.SH,2026-08-07,a975ddf762cedda343de66c5c43c29654156379784f9b9902cec5204751b92a8,ACTIVE,POOL_OBSERVATION
605068.SH,2026-08-10,a975ddf762cedda343de66c5c43c29654156379784f9b9902cec5204751b92a8,EXPIRED,POOL_EXPIRED
605069.SH,2025-03-12,8ab0c3db947190ab8c590d2d3b5137e3484547af6c0bbc821486000b13bff891,ACTIVE,POOL_ADMISSION
605069.SH,2025-03-13,8ab0c3db947190ab8c590d2d3b5137e3484547af6c0bbc821486000b13bff891,ACTIVE,POOL_OBSERVATION
605069.SH,2025-03-14,8ab0c3db947190ab8c590d2d3b5137e3484547af6c0bbc821486000b13bff891,ACTIVE,POOL_OBSERVATION
605069.SH,2025-03-17,8ab0c3db947190ab8c590d2d3b5137e3484547af6c0bbc821486000b13bff891,ACTIVE,POOL_OBSERVATION
605069.SH,2025-03-18,8ab0c3db947190ab8c590d2d3b5137e3484547af6c0bbc821486000b13bff891,ACTIVE,POOL_OBSERVATION
605069.SH,2025-03-19,8ab0c3db947190ab8c590d2d3b5137e3484547af6c0bbc821486000b13bff891,ACTIVE,POOL_OBSERVATION
605069.SH,2025-03-20,8ab0c3db947190ab8c590d2d3b5137e3484547af6c0bbc821486000b13bff891,EXPIRED,POOL_EXPIRED
605099.SH,2025-06-05,e5e4fa9b9b881d8c32a2d4d1377bd687e73dc1ff0243bbf6760d6dc407b1afd4,ACTIVE,POOL_ADMISSION
605099.SH,2025-06-06,e5e4fa9b9b881d8c32a2d4d1377bd687e73dc1ff0243bbf6760d6dc407b1afd4,INVALIDATED,HARD_INVALIDATION
605099.SH,2025-06-09,85faf7365c198a9b519be48709eef70f38cb7c83fd7a7ff7929e31630ec7fc72,ACTIVE,POOL_ADMISSION
605099.SH,2025-06-10,85faf7365c198a9b519be48709eef70f38cb7c83fd7a7ff7929e31630ec7fc72,ACTIVE,POOL_OBSERVATION
605099.SH,2025-06-11,85faf7365c198a9b519be48709eef70f38cb7c83fd7a7ff7929e31630ec7fc72,ACTIVE,POOL_OBSERVATION
605099.SH,2025-06-12,85faf7365c198a9b519be48709eef70f38cb7c83fd7a7ff7929e31630ec7fc72,SIGNALLED,ENTRY_SIGNAL
605099.SH,2025-06-13,85faf7365c198a9b519be48709eef70f38cb7c83fd7a7ff7929e31630ec7fc72,SIGNALLED,EXECUTION_PENDING
605099.SH,2025-06-16,85faf7365c198a9b519be48709eef70f38cb7c83fd7a7ff7929e31630ec7fc72,SIGNALLED,EXECUTION_PENDING
605099.SH,2025-06-17,85faf7365c198a9b519be48709eef70f38cb7c83fd7a7ff7929e31630ec7fc72,EXPIRED,PENDING_SIGNAL_HORIZON_EXPIRED
605100.SH,2025-02-26,41b844db3776643f89c7892e790a411e66e0d8117886565483e7b5a8a91aa2f8,ACTIVE,POOL_ADMISSION
605100.SH,2025-02-27,41b844db3776643f89c7892e790a411e66e0d8117886565483e7b5a8a91aa2f8,ACTIVE,POOL_OBSERVATION
605100.SH,2025-02-28,41b844db3776643f89c7892e790a411e66e0d8117886565483e7b5a8a91aa2f8,ACTIVE,POOL_OBSERVATION
605100.SH,2025-03-03,41b844db3776643f89c7892e790a411e66e0d8117886565483e7b5a8a91aa2f8,ACTIVE,POOL_OBSERVATION
605100.SH,2025-03-04,41b844db3776643f89c7892e790a411e66e0d8117886565483e7b5a8a91aa2f8,SIGNALLED,ENTRY_SIGNAL
605100.SH,2025-03-05,41b844db3776643f89c7892e790a411e66e0d8117886565483e7b5a8a91aa2f8,SIGNALLED,EXECUTION_PENDING
605100.SH,2025-03-06,41b844db3776643f89c7892e790a411e66e0d8117886565483e7b5a8a91aa2f8,EXPIRED,PENDING_SIGNAL_HORIZON_EXPIRED
605122.SH,2025-07-10,30f3c9071cdedbe68e4fccb63c4d01d52b7e1cd5f5ad0e87b72f1119e0da64e5,ACTIVE,POOL_ADMISSION
605122.SH,2025-07-11,30f3c9071cdedbe68e4fccb63c4d01d52b7e1cd5f5ad0e87b72f1119e0da64e5,SIGNALLED,ENTRY_SIGNAL
605122.SH,2025-07-14,30f3c9071cdedbe68e4fccb63c4d01d52b7e1cd5f5ad0e87b72f1119e0da64e5,SIGNALLED,EXECUTION_PENDING
605122.SH,2025-07-15,30f3c9071cdedbe68e4fccb63c4d01d52b7e1cd5f5ad0e87b72f1119e0da64e5,SIGNALLED,EXECUTION_PENDING
605122.SH,2025-07-16,30f3c9071cdedbe68e4fccb63c4d01d52b7e1cd5f5ad0e87b72f1119e0da64e5,SIGNALLED,EXECUTION_PENDING
605122.SH,2025-07-17,30f3c9071cdedbe68e4fccb63c4d01d52b7e1cd5f5ad0e87b72f1119e0da64e5,SIGNALLED,EXECUTION_PENDING
605122.SH,2025-07-18,30f3c9071cdedbe68e4fccb63c4d01d52b7e1cd5f5ad0e87b72f1119e0da64e5,EXPIRED,PENDING_SIGNAL_HORIZON_EXPIRED
605136.SH,2025-05-20,7acc1b46d141f899919452c24a787a19060a6fead303f5b1da0da41d456d6032,ACTIVE,POOL_ADMISSION
605136.SH,2025-05-21,7acc1b46d141f899919452c24a787a19060a6fead303f5b1da0da41d456d6032,ACTIVE,POOL_OBSERVATION
605136.SH,2025-05-22,7acc1b46d141f899919452c24a787a19060a6fead303f5b1da0da41d456d6032,ACTIVE,POOL_OBSERVATION
605136.SH,2025-05-23,7acc1b46d141f899919452c24a787a19060a6fead303f5b1da0da41d456d6032,SIGNALLED,ENTRY_SIGNAL
605136.SH,2025-05-26,7acc1b46d141f899919452c24a787a19060a6fead303f5b1da0da41d456d6032,SIGNALLED,EXECUTION_PENDING
605136.SH,2025-05-27,7acc1b46d141f899919452c24a787a19060a6fead303f5b1da0da41d456d6032,SIGNALLED,EXECUTION_PENDING
605136.SH,2025-05-28,7acc1b46d141f899919452c24a787a19060a6fead303f5b1da0da41d456d6032,EXPIRED,PENDING_SIGNAL_HORIZON_EXPIRED
605162.SH,2025-07-09,cfd2eab57cb31502a4eb2d0e07c6630cc994144305f2dbb983734d8d68c66b1f,ACTIVE,POOL_ADMISSION
605162.SH,2025-07-10,cfd2eab57cb31502a4eb2d0e07c6630cc994144305f2dbb983734d8d68c66b1f,ACTIVE,POOL_OBSERVATION
605162.SH,2025-07-11,cfd2eab57cb31502a4eb2d0e07c6630cc994144305f2dbb983734d8d68c66b1f,ACTIVE,POOL_OBSERVATION
605162.SH,2025-07-14,cfd2eab57cb31502a4eb2d0e07c6630cc994144305f2dbb983734d8d68c66b1f,ACTIVE,POOL_OBSERVATION
605162.SH,2025-07-15,cfd2eab57cb31502a4eb2d0e07c6630cc994144305f2dbb983734d8d68c66b1f,SIGNALLED,ENTRY_SIGNAL
605162.SH,2025-07-16,cfd2eab57cb31502a4eb2d0e07c6630cc994144305f2dbb983734d8d68c66b1f,SIGNALLED,EXECUTION_PENDING
605162.SH,2025-07-17,cfd2eab57cb31502a4eb2d0e07c6630cc994144305f2dbb983734d8d68c66b1f,EXPIRED,PENDING_SIGNAL_HORIZON_EXPIRED
605162.SH,2026-04-07,cca3663dce66087ca87b816e0820a8357cd94a43e3cf86d1dc2c0b0ff54b1ec2,SIGNALLED,ENTRY_SIGNAL
605162.SH,2026-04-08,cca3663dce66087ca87b816e0820a8357cd94a43e3cf86d1dc2c0b0ff54b1ec2,SIGNALLED,EXECUTION_PENDING
605162.SH,2026-04-09,cca3663dce66087ca87b816e0820a8357cd94a43e3cf86d1dc2c0b0ff54b1ec2,SIGNALLED,EXECUTION_PENDING
605162.SH,2026-04-10,cca3663dce66087ca87b816e0820a8357cd94a43e3cf86d1dc2c0b0ff54b1ec2,SIGNALLED,EXECUTION_PENDING
605162.SH,2026-04-13,cca3663dce66087ca87b816e0820a8357cd94a43e3cf86d1dc2c0b0ff54b1ec2,SIGNALLED,EXECUTION_PENDING
605162.SH,2026-04-14,cca3663dce66087ca87b816e0820a8357cd94a43e3cf86d1dc2c0b0ff54b1ec2,SIGNALLED,EXECUTION_PENDING
605162.SH,2026-04-15,cca3663dce66087ca87b816e0820a8357cd94a43e3cf86d1dc2c0b0ff54b1ec2,EXPIRED,PENDING_SIGNAL_HORIZON_EXPIRED
605169.SH,2025-08-08,d868d981bca850e508d13897084eb735cf298afc69fc90a0ce631b334ee00ca3,ACTIVE,POOL_ADMISSION
605169.SH,2025-08-11,d868d981bca850e508d13897084eb735cf298afc69fc90a0ce631b334ee00ca3,ACTIVE,POOL_OBSERVATION
605169.SH,2025-08-12,d868d981bca850e508d13897084eb735cf298afc69fc90a0ce631b334ee00ca3,SIGNALLED,ENTRY_SIGNAL
605169.SH,2025-08-13,d868d981bca850e508d13897084eb735cf298afc69fc90a0ce631b334ee00ca3,SIGNALLED,EXECUTION_PENDING
605169.SH,2025-08-14,d868d981bca850e508d13897084eb735cf298afc69fc90a0ce631b334ee00ca3,SIGNALLED,EXECUTION_PENDING
605169.SH,2025-08-15,d868d981bca850e508d13897084eb735cf298afc69fc90a0ce631b334ee00ca3,SIGNALLED,EXECUTION_PENDING
605169.SH,2025-08-18,d868d981bca850e508d13897084eb735cf298afc69fc90a0ce631b334ee00ca3,EXPIRED,PENDING_SIGNAL_HORIZON_EXPIRED
605178.SH,2025-10-27,c8b48e9a78c15dc6dfe86df35c920d58cfdff53a6fd369b7056fe6484d800cb3,ACTIVE,POOL_ADMISSION
605178.SH,2025-10-28,c8b48e9a78c15dc6dfe86df35c920d58cfdff53a6fd369b7056fe6484d800cb3,ACTIVE,POOL_OBSERVATION
605178.SH,2025-10-29,c8b48e9a78c15dc6dfe86df35c920d58cfdff53a6fd369b7056fe6484d800cb3,ACTIVE,POOL_OBSERVATION
605178.SH,2025-10-30,c8b48e9a78c15dc6dfe86df35c920d58cfdff53a6fd369b7056fe6484d800cb3,ACTIVE,POOL_OBSERVATION
605178.SH,2025-10-31,c8b48e9a78c15dc6dfe86df35c920d58cfdff53a6fd369b7056fe6484d800cb3,ACTIVE,POOL_OBSERVATION
605178.SH,2025-11-03,c8b48e9a78c15dc6dfe86df35c920d58cfdff53a6fd369b7056fe6484d800cb3,ACTIVE,POOL_OBSERVATION
605178.SH,2025-11-04,c8b48e9a78c15dc6dfe86df35c920d58cfdff53a6fd369b7056fe6484d800cb3,SIGNALLED,ENTRY_SIGNAL
605178.SH,2025-11-05,c8b48e9a78c15dc6dfe86df35c920d58cfdff53a6fd369b7056fe6484d800cb3,EXPIRED,PENDING_SIGNAL_HORIZON_EXPIRED
605179.SH,2024-11-29,678171f2cf101abac39853984a4200a9519fb9697a5195fc3496bee350c2a5e2,ACTIVE,POOL_ADMISSION
605179.SH,2024-12-02,678171f2cf101abac39853984a4200a9519fb9697a5195fc3496bee350c2a5e2,ACTIVE,POOL_OBSERVATION
605179.SH,2024-12-03,678171f2cf101abac39853984a4200a9519fb9697a5195fc3496bee350c2a5e2,ACTIVE,POOL_OBSERVATION
605179.SH,2024-12-04,678171f2cf101abac39853984a4200a9519fb9697a5195fc3496bee350c2a5e2,ACTIVE,POOL_OBSERVATION
605179.SH,2024-12-05,678171f2cf101abac39853984a4200a9519fb9697a5195fc3496bee350c2a5e2,ACTIVE,POOL_OBSERVATION
605179.SH,2024-12-06,678171f2cf101abac39853984a4200a9519fb9697a5195fc3496bee350c2a5e2,ACTIVE,POOL_OBSERVATION
605179.SH,2024-12-09,678171f2cf101abac39853984a4200a9519fb9697a5195fc3496bee350c2a5e2,EXPIRED,POOL_EXPIRED
605179.SH,2024-12-10,8c4efaa977ad9960eb68cecf8cbd98e2f4ead25388f153a89e15ea7021af850d,ACTIVE,POOL_ADMISSION
605179.SH,2024-12-11,8c4efaa977ad9960eb68cecf8cbd98e2f4ead25388f153a89e15ea7021af850d,SIGNALLED,ENTRY_SIGNAL
605179.SH,2024-12-12,8c4efaa977ad9960eb68cecf8cbd98e2f4ead25388f153a89e15ea7021af850d,SIGNALLED,EXECUTION_PENDING
605179.SH,2024-12-13,8c4efaa977ad9960eb68cecf8cbd98e2f4ead25388f153a89e15ea7021af850d,SIGNALLED,EXECUTION_PENDING
605179.SH,2024-12-16,8c4efaa977ad9960eb68cecf8cbd98e2f4ead25388f153a89e15ea7021af850d,SIGNALLED,EXECUTION_PENDING
605179.SH,2024-12-17,8c4efaa977ad9960eb68cecf8cbd98e2f4ead25388f153a89e15ea7021af850d,SIGNALLED,EXECUTION_PENDING
605179.SH,2024-12-18,8c4efaa977ad9960eb68cecf8cbd98e2f4ead25388f153a89e15ea7021af850d,EXPIRED,PENDING_SIGNAL_HORIZON_EXPIRED
605179.SH,2026-07-31,f0f8226beaca8854023dd648e23b766afd1656715198283c81fb68708ade536f,ACTIVE,POOL_ADMISSION
605179.SH,2026-08-03,f0f8226beaca8854023dd648e23b766afd1656715198283c81fb68708ade536f,ACTIVE,POOL_OBSERVATION
605179.SH,2026-08-04,f0f8226beaca8854023dd648e23b766afd1656715198283c81fb68708ade536f,ACTIVE,POOL_OBSERVATION
605179.SH,2026-08-05,f0f8226beaca8854023dd648e23b766afd1656715198283c81fb68708ade536f,ACTIVE,POOL_OBSERVATION
605179.SH,2026-08-06,f0f8226beaca8854023dd648e23b766afd1656715198283c81fb68708ade536f,SIGNALLED,ENTRY_SIGNAL
605179.SH,2026-08-07,f0f8226beaca8854023dd648e23b766afd1656715198283c81fb68708ade536f,SIGNALLED,EXECUTION_PENDING
605179.SH,2026-08-10,f0f8226beaca8854023dd648e23b766afd1656715198283c81fb68708ade536f,EXPIRED,PENDING_SIGNAL_HORIZON_EXPIRED
605179.SH,2026-08-13,f97033ffe738021e75972bd46e62b478d1e85e84e872ac1d73070accc0518b3a,ACTIVE,POOL_ADMISSION
605179.SH,2026-08-14,f97033ffe738021e75972bd46e62b478d1e85e84e872ac1d73070accc0518b3a,ACTIVE,POOL_OBSERVATION
605179.SH,2026-08-17,f97033ffe738021e75972bd46e62b478d1e85e84e872ac1d73070accc0518b3a,ACTIVE,POOL_OBSERVATION
605179.SH,2026-08-18,f97033ffe738021e75972bd46e62b478d1e85e84e872ac1d73070accc0518b3a,ACTIVE,POOL_OBSERVATION
605179.SH,2026-08-19,f97033ffe738021e75972bd46e62b478d1e85e84e872ac1d73070accc0518b3a,ACTIVE,POOL_OBSERVATION
605179.SH,2026-08-20,f97033ffe738021e75972bd46e62b478d1e85e84e872ac1d73070accc0518b3a,ACTIVE,POOL_OBSERVATION
605179.SH,2026-08-21,f97033ffe738021e75972bd46e62b478d1e85e84e872ac1d73070accc0518b3a,EXPIRED,POOL_EXPIRED
605188.SH,2025-04-17,602dca1d4b1691421e66e7808f898daf43f3e660f3b429bb5399cf4e603f7ed2,ACTIVE,POOL_ADMISSION
605188.SH,2025-04-18,602dca1d4b1691421e66e7808f898daf43f3e660f3b429bb5399cf4e603f7ed2,ACTIVE,POOL_OBSERVATION
605188.SH,2025-04-21,602dca1d4b1691421e66e7808f898daf43f3e660f3b429bb5399cf4e603f7ed2,ACTIVE,POOL_OBSERVATION
605188.SH,2025-04-22,602dca1d4b1691421e66e7808f898daf43f3e660f3b429bb5399cf4e603f7ed2,SIGNALLED,ENTRY_SIGNAL
605188.SH,2025-04-23,602dca1d4b1691421e66e7808f898daf43f3e660f3b429bb5399cf4e603f7ed2,SIGNALLED,EXECUTION_PENDING
605188.SH,2025-04-24,602dca1d4b1691421e66e7808f898daf43f3e660f3b429bb5399cf4e603f7ed2,SIGNALLED,EXECUTION_PENDING
605188.SH,2025-04-25,602dca1d4b1691421e66e7808f898daf43f3e660f3b429bb5399cf4e603f7ed2,EXPIRED,PENDING_SIGNAL_HORIZON_EXPIRED
605188.SH,2025-09-01,9ac04c3bdd637d93872aa2bd8123ef5f73d64fcbcd097d5aa7857071b3f70657,SIGNALLED,ENTRY_SIGNAL
605188.SH,2025-09-02,9ac04c3bdd637d93872aa2bd8123ef5f73d64fcbcd097d5aa7857071b3f70657,SIGNALLED,EXECUTION_PENDING
605188.SH,2025-09-03,9ac04c3bdd637d93872aa2bd8123ef5f73d64fcbcd097d5aa7857071b3f70657,SIGNALLED,EXECUTION_PENDING
605188.SH,2025-09-04,9ac04c3bdd637d93872aa2bd8123ef5f73d64fcbcd097d5aa7857071b3f70657,SIGNALLED,EXECUTION_PENDING
605188.SH,2025-09-05,9ac04c3bdd637d93872aa2bd8123ef5f73d64fcbcd097d5aa7857071b3f70657,SIGNALLED,EXECUTION_PENDING
605188.SH,2025-09-08,9ac04c3bdd637d93872aa2bd8123ef5f73d64fcbcd097d5aa7857071b3f70657,SIGNALLED,EXECUTION_PENDING
605188.SH,2025-09-09,9ac04c3bdd637d93872aa2bd8123ef5f73d64fcbcd097d5aa7857071b3f70657,EXPIRED,PENDING_SIGNAL_HORIZON_EXPIRED
605199.SH,2024-11-29,9ed70a3a0f296f51b7d011d9debd7221c33cd40dd77253d86fd5bc98036fd44e,ACTIVE,POOL_ADMISSION
605199.SH,2024-12-02,9ed70a3a0f296f51b7d011d9debd7221c33cd40dd77253d86fd5bc98036fd44e,ACTIVE,POOL_OBSERVATION
605199.SH,2024-12-03,9ed70a3a0f296f51b7d011d9debd7221c33cd40dd77253d86fd5bc98036fd44e,ACTIVE,POOL_OBSERVATION
605199.SH,2024-12-04,9ed70a3a0f296f51b7d011d9debd7221c33cd40dd77253d86fd5bc98036fd44e,ACTIVE,POOL_OBSERVATION
605199.SH,2024-12-05,9ed70a3a0f296f51b7d011d9debd7221c33cd40dd77253d86fd5bc98036fd44e,ACTIVE,POOL_OBSERVATION
605199.SH,2024-12-06,9ed70a3a0f296f51b7d011d9debd7221c33cd40dd77253d86fd5bc98036fd44e,ACTIVE,POOL_OBSERVATION
605199.SH,2024-12-09,9ed70a3a0f296f51b7d011d9debd7221c33cd40dd77253d86fd5bc98036fd44e,EXPIRED,POOL_EXPIRED
605218.SH,2024-09-05,cbbbc23d9e4d31efd48d7f7433c5dc847dc61dfb2dd5c44d55bfb2348737d8f2,SIGNALLED,ENTRY_SIGNAL
605218.SH,2024-09-06,cbbbc23d9e4d31efd48d7f7433c5dc847dc61dfb2dd5c44d55bfb2348737d8f2,SIGNALLED,EXECUTION_PENDING
605218.SH,2024-09-09,cbbbc23d9e4d31efd48d7f7433c5dc847dc61dfb2dd5c44d55bfb2348737d8f2,SIGNALLED,EXECUTION_PENDING
605218.SH,2024-09-10,cbbbc23d9e4d31efd48d7f7433c5dc847dc61dfb2dd5c44d55bfb2348737d8f2,SIGNALLED,EXECUTION_PENDING
605218.SH,2024-09-11,cbbbc23d9e4d31efd48d7f7433c5dc847dc61dfb2dd5c44d55bfb2348737d8f2,SIGNALLED,EXECUTION_PENDING
605218.SH,2024-09-12,cbbbc23d9e4d31efd48d7f7433c5dc847dc61dfb2dd5c44d55bfb2348737d8f2,SIGNALLED,EXECUTION_PENDING
605218.SH,2024-09-13,cbbbc23d9e4d31efd48d7f7433c5dc847dc61dfb2dd5c44d55bfb2348737d8f2,EXPIRED,PENDING_SIGNAL_HORIZON_EXPIRED
605255.SH,2025-08-27,dd33af61cd6818f9dfe558a5f813ada7f27c7e3bb43f1cb97e4dcca7e2e5ec2a,ACTIVE,POOL_ADMISSION
605255.SH,2025-08-28,dd33af61cd6818f9dfe558a5f813ada7f27c7e3bb43f1cb97e4dcca7e2e5ec2a,ACTIVE,POOL_OBSERVATION
605255.SH,2025-08-29,dd33af61cd6818f9dfe558a5f813ada7f27c7e3bb43f1cb97e4dcca7e2e5ec2a,ACTIVE,POOL_OBSERVATION
605255.SH,2025-09-01,dd33af61cd6818f9dfe558a5f813ada7f27c7e3bb43f1cb97e4dcca7e2e5ec2a,ACTIVE,POOL_OBSERVATION
605255.SH,2025-09-02,dd33af61cd6818f9dfe558a5f813ada7f27c7e3bb43f1cb97e4dcca7e2e5ec2a,ACTIVE,POOL_OBSERVATION
605255.SH,2025-09-03,dd33af61cd6818f9dfe558a5f813ada7f27c7e3bb43f1cb97e4dcca7e2e5ec2a,ACTIVE,POOL_OBSERVATION
605255.SH,2025-09-04,dd33af61cd6818f9dfe558a5f813ada7f27c7e3bb43f1cb97e4dcca7e2e5ec2a,EXPIRED,SUSPENDED_NO_ENTRY_EVALUATION
605255.SH,2025-09-09,de03f18af1d1a679cf315d2d6263f17519b51bb3ba02238ed326b7070279d494,ACTIVE,POOL_ADMISSION
605255.SH,2025-09-10,de03f18af1d1a679cf315d2d6263f17519b51bb3ba02238ed326b7070279d494,ACTIVE,POOL_OBSERVATION
605255.SH,2025-09-11,de03f18af1d1a679cf315d2d6263f17519b51bb3ba02238ed326b7070279d494,ACTIVE,SUSPENDED_NO_ENTRY_EVALUATION
605255.SH,2025-09-12,de03f18af1d1a679cf315d2d6263f17519b51bb3ba02238ed326b7070279d494,ACTIVE,SUSPENDED_NO_ENTRY_EVALUATION
605255.SH,2025-09-15,de03f18af1d1a679cf315d2d6263f17519b51bb3ba02238ed326b7070279d494,ACTIVE,SUSPENDED_NO_ENTRY_EVALUATION
605255.SH,2025-09-16,de03f18af1d1a679cf315d2d6263f17519b51bb3ba02238ed326b7070279d494,ACTIVE,SUSPENDED_NO_ENTRY_EVALUATION
605255.SH,2025-09-17,de03f18af1d1a679cf315d2d6263f17519b51bb3ba02238ed326b7070279d494,EXPIRED,SUSPENDED_NO_ENTRY_EVALUATION
605255.SH,2025-09-18,9429af54062960507526fa7e1279edf376a2ab1557f6b2c3e10c190bfbed63b0,ACTIVE,POOL_ADMISSION
605255.SH,2025-09-19,9429af54062960507526fa7e1279edf376a2ab1557f6b2c3e10c190bfbed63b0,ACTIVE,POOL_OBSERVATION
605255.SH,2025-09-22,9429af54062960507526fa7e1279edf376a2ab1557f6b2c3e10c190bfbed63b0,ACTIVE,POOL_OBSERVATION
605255.SH,2025-09-23,9429af54062960507526fa7e1279edf376a2ab1557f6b2c3e10c190bfbed63b0,ACTIVE,POOL_OBSERVATION
605255.SH,2025-09-24,9429af54062960507526fa7e1279edf376a2ab1557f6b2c3e10c190bfbed63b0,ACTIVE,SUSPENDED_NO_ENTRY_EVALUATION
605255.SH,2025-09-25,9429af54062960507526fa7e1279edf376a2ab1557f6b2c3e10c190bfbed63b0,ACTIVE,SUSPENDED_NO_ENTRY_EVALUATION
605255.SH,2025-09-26,9429af54062960507526fa7e1279edf376a2ab1557f6b2c3e10c190bfbed63b0,EXPIRED,SUSPENDED_NO_ENTRY_EVALUATION
605255.SH,2025-10-16,c5ae9e4acb2b525ab353f75dc41bee025618829f6ac65a60535fe1f7c2ec4dfb,ACTIVE,POOL_ADMISSION
605255.SH,2025-10-17,c5ae9e4acb2b525ab353f75dc41bee025618829f6ac65a60535fe1f7c2ec4dfb,ACTIVE,POOL_OBSERVATION
605255.SH,2025-10-20,c5ae9e4acb2b525ab353f75dc41bee025618829f6ac65a60535fe1f7c2ec4dfb,ACTIVE,POOL_OBSERVATION
605255.SH,2025-10-21,c5ae9e4acb2b525ab353f75dc41bee025618829f6ac65a60535fe1f7c2ec4dfb,ACTIVE,POOL_OBSERVATION
605255.SH,2025-10-22,c5ae9e4acb2b525ab353f75dc41bee025618829f6ac65a60535fe1f7c2ec4dfb,ACTIVE,POOL_OBSERVATION
605255.SH,2025-10-23,c5ae9e4acb2b525ab353f75dc41bee025618829f6ac65a60535fe1f7c2ec4dfb,SIGNALLED,ENTRY_SIGNAL
605255.SH,2025-10-24,c5ae9e4acb2b525ab353f75dc41bee025618829f6ac65a60535fe1f7c2ec4dfb,EXPIRED,PENDING_SIGNAL_HORIZON_EXPIRED
605268.SH,2026-03-09,974574908a69304975de1ba3c1403ffddc4fe2272502e3e2c316346e4c3552e4,ACTIVE,POOL_ADMISSION
605268.SH,2026-03-10,974574908a69304975de1ba3c1403ffddc4fe2272502e3e2c316346e4c3552e4,ACTIVE,POOL_OBSERVATION
605268.SH,2026-03-11,974574908a69304975de1ba3c1403ffddc4fe2272502e3e2c316346e4c3552e4,ACTIVE,POOL_OBSERVATION
605268.SH,2026-03-12,974574908a69304975de1ba3c1403ffddc4fe2272502e3e2c316346e4c3552e4,ACTIVE,POOL_OBSERVATION
605268.SH,2026-03-13,974574908a69304975de1ba3c1403ffddc4fe2272502e3e2c316346e4c3552e4,ACTIVE,POOL_OBSERVATION
605268.SH,2026-03-16,974574908a69304975de1ba3c1403ffddc4fe2272502e3e2c316346e4c3552e4,ACTIVE,POOL_OBSERVATION
605268.SH,2026-03-17,974574908a69304975de1ba3c1403ffddc4fe2272502e3e2c316346e4c3552e4,EXPIRED,POOL_EXPIRED
605286.SH,2026-08-13,30988f72c3cfc3aed134cc5dc7ff766e9aa4400bb31a5a71116096949a13d295,ACTIVE,POOL_ADMISSION
605286.SH,2026-08-14,30988f72c3cfc3aed134cc5dc7ff766e9aa4400bb31a5a71116096949a13d295,ACTIVE,POOL_OBSERVATION
605286.SH,2026-08-17,30988f72c3cfc3aed134cc5dc7ff766e9aa4400bb31a5a71116096949a13d295,ACTIVE,POOL_OBSERVATION
605286.SH,2026-08-18,30988f72c3cfc3aed134cc5dc7ff766e9aa4400bb31a5a71116096949a13d295,ACTIVE,POOL_OBSERVATION
605286.SH,2026-08-19,30988f72c3cfc3aed134cc5dc7ff766e9aa4400bb31a5a71116096949a13d295,ACTIVE,POOL_OBSERVATION
605286.SH,2026-08-20,30988f72c3cfc3aed134cc5dc7ff766e9aa4400bb31a5a71116096949a13d295,ACTIVE,POOL_OBSERVATION
605286.SH,2026-08-21,30988f72c3cfc3aed134cc5dc7ff766e9aa4400bb31a5a71116096949a13d295,EXPIRED,POOL_EXPIRED
605287.SH,2026-02-12,783e9e8c8bfe4b6fc81808b7c54d2e96c614e9e6b60da8c0ce645d9398e1b568,ACTIVE,POOL_ADMISSION
605287.SH,2026-02-13,783e9e8c8bfe4b6fc81808b7c54d2e96c614e9e6b60da8c0ce645d9398e1b568,ACTIVE,POOL_OBSERVATION
605287.SH,2026-02-24,783e9e8c8bfe4b6fc81808b7c54d2e96c614e9e6b60da8c0ce645d9398e1b568,ACTIVE,POOL_OBSERVATION
605287.SH,2026-02-25,783e9e8c8bfe4b6fc81808b7c54d2e96c614e9e6b60da8c0ce645d9398e1b568,ACTIVE,POOL_OBSERVATION
605287.SH,2026-02-26,783e9e8c8bfe4b6fc81808b7c54d2e96c614e9e6b60da8c0ce645d9398e1b568,ACTIVE,POOL_OBSERVATION
605287.SH,2026-02-27,783e9e8c8bfe4b6fc81808b7c54d2e96c614e9e6b60da8c0ce645d9398e1b568,ACTIVE,POOL_OBSERVATION
605287.SH,2026-03-02,783e9e8c8bfe4b6fc81808b7c54d2e96c614e9e6b60da8c0ce645d9398e1b568,EXPIRED,POOL_EXPIRED
605299.SH,2025-12-09,678237b57a1d80c64527052db048c680bab825462531885beaed9e26c09524f4,ACTIVE,POOL_ADMISSION
605299.SH,2025-12-10,678237b57a1d80c64527052db048c680bab825462531885beaed9e26c09524f4,ACTIVE,POOL_OBSERVATION
605299.SH,2025-12-11,678237b57a1d80c64527052db048c680bab825462531885beaed9e26c09524f4,ACTIVE,POOL_OBSERVATION
605299.SH,2025-12-12,678237b57a1d80c64527052db048c680bab825462531885beaed9e26c09524f4,ACTIVE,POOL_OBSERVATION
605299.SH,2025-12-15,678237b57a1d80c64527052db048c680bab825462531885beaed9e26c09524f4,ACTIVE,POOL_OBSERVATION
605299.SH,2025-12-16,678237b57a1d80c64527052db048c680bab825462531885beaed9e26c09524f4,ACTIVE,POOL_OBSERVATION
605299.SH,2025-12-17,678237b57a1d80c64527052db048c680bab825462531885beaed9e26c09524f4,EXPIRED,POOL_EXPIRED
605303.SH,2025-03-12,421df0c1b4dfb14d25d4ff294a8b31c5b2fc780ac9b8afa2f0fae076fad68df8,ACTIVE,POOL_ADMISSION
605303.SH,2025-03-13,421df0c1b4dfb14d25d4ff294a8b31c5b2fc780ac9b8afa2f0fae076fad68df8,ACTIVE,POOL_OBSERVATION
605303.SH,2025-03-14,421df0c1b4dfb14d25d4ff294a8b31c5b2fc780ac9b8afa2f0fae076fad68df8,ACTIVE,POOL_OBSERVATION
605303.SH,2025-03-17,421df0c1b4dfb14d25d4ff294a8b31c5b2fc780ac9b8afa2f0fae076fad68df8,ACTIVE,POOL_OBSERVATION
605303.SH,2025-03-18,421df0c1b4dfb14d25d4ff294a8b31c5b2fc780ac9b8afa2f0fae076fad68df8,ACTIVE,POOL_OBSERVATION
605303.SH,2025-03-19,421df0c1b4dfb14d25d4ff294a8b31c5b2fc780ac9b8afa2f0fae076fad68df8,ACTIVE,POOL_OBSERVATION
605303.SH,2025-03-20,421df0c1b4dfb14d25d4ff294a8b31c5b2fc780ac9b8afa2f0fae076fad68df8,EXPIRED,POOL_EXPIRED
605303.SH,2025-08-21,7a91f9656eab49848b2076d827cf7f324ffcacf47920a44fc87bf36917c1a91e,ACTIVE,POOL_ADMISSION
605303.SH,2025-08-22,7a91f9656eab49848b2076d827cf7f324ffcacf47920a44fc87bf36917c1a91e,ACTIVE,POOL_OBSERVATION
605303.SH,2025-08-25,7a91f9656eab49848b2076d827cf7f324ffcacf47920a44fc87bf36917c1a91e,ACTIVE,POOL_OBSERVATION
605303.SH,2025-08-26,7a91f9656eab49848b2076d827cf7f324ffcacf47920a44fc87bf36917c1a91e,SIGNALLED,ENTRY_SIGNAL
605303.SH,2025-08-27,7a91f9656eab49848b2076d827cf7f324ffcacf47920a44fc87bf36917c1a91e,SIGNALLED,EXECUTION_PENDING
605303.SH,2025-08-28,7a91f9656eab49848b2076d827cf7f324ffcacf47920a44fc87bf36917c1a91e,SIGNALLED,EXECUTION_PENDING
605303.SH,2025-08-29,7a91f9656eab49848b2076d827cf7f324ffcacf47920a44fc87bf36917c1a91e,EXPIRED,PENDING_SIGNAL_HORIZON_EXPIRED
605336.SH,2024-12-12,63d406b8cbea26945d3fc4ac2040024c7d4f70ea72b638e296723868dd2692ad,ACTIVE,POOL_ADMISSION
605336.SH,2024-12-13,63d406b8cbea26945d3fc4ac2040024c7d4f70ea72b638e296723868dd2692ad,ACTIVE,POOL_OBSERVATION
605336.SH,2024-12-16,63d406b8cbea26945d3fc4ac2040024c7d4f70ea72b638e296723868dd2692ad,ACTIVE,POOL_OBSERVATION
605336.SH,2024-12-17,63d406b8cbea26945d3fc4ac2040024c7d4f70ea72b638e296723868dd2692ad,ACTIVE,POOL_OBSERVATION
605336.SH,2024-12-18,63d406b8cbea26945d3fc4ac2040024c7d4f70ea72b638e296723868dd2692ad,ACTIVE,POOL_OBSERVATION
605336.SH,2024-12-19,63d406b8cbea26945d3fc4ac2040024c7d4f70ea72b638e296723868dd2692ad,ACTIVE,POOL_OBSERVATION
605336.SH,2024-12-20,63d406b8cbea26945d3fc4ac2040024c7d4f70ea72b638e296723868dd2692ad,EXPIRED,POOL_EXPIRED
605388.SH,2025-05-29,868840e49ffe9ec2a1b5b5149ac3966f8bad87890131db0fd46e60fea8ceafba,ACTIVE,POOL_ADMISSION
605388.SH,2025-05-30,868840e49ffe9ec2a1b5b5149ac3966f8bad87890131db0fd46e60fea8ceafba,ACTIVE,POOL_OBSERVATION
605388.SH,2025-06-03,868840e49ffe9ec2a1b5b5149ac3966f8bad87890131db0fd46e60fea8ceafba,SIGNALLED,ENTRY_SIGNAL
605388.SH,2025-06-04,868840e49ffe9ec2a1b5b5149ac3966f8bad87890131db0fd46e60fea8ceafba,SIGNALLED,EXECUTION_PENDING
605388.SH,2025-06-05,868840e49ffe9ec2a1b5b5149ac3966f8bad87890131db0fd46e60fea8ceafba,SIGNALLED,EXECUTION_PENDING
605388.SH,2025-06-06,868840e49ffe9ec2a1b5b5149ac3966f8bad87890131db0fd46e60fea8ceafba,SIGNALLED,EXECUTION_PENDING
605388.SH,2025-06-09,868840e49ffe9ec2a1b5b5149ac3966f8bad87890131db0fd46e60fea8ceafba,EXPIRED,PENDING_SIGNAL_HORIZON_EXPIRED
605398.SH,2025-01-27,b4ff37d751faf3eabda8b5b2cda9575028572956b4e4cd7a24df4ffd58d5a46e,ACTIVE,POOL_ADMISSION
605398.SH,2025-02-05,b4ff37d751faf3eabda8b5b2cda9575028572956b4e4cd7a24df4ffd58d5a46e,ACTIVE,POOL_OBSERVATION
605398.SH,2025-02-06,b4ff37d751faf3eabda8b5b2cda9575028572956b4e4cd7a24df4ffd58d5a46e,ACTIVE,POOL_OBSERVATION
605398.SH,2025-02-07,b4ff37d751faf3eabda8b5b2cda9575028572956b4e4cd7a24df4ffd58d5a46e,ACTIVE,POOL_OBSERVATION
605398.SH,2025-02-10,b4ff37d751faf3eabda8b5b2cda9575028572956b4e4cd7a24df4ffd58d5a46e,ACTIVE,POOL_OBSERVATION
605398.SH,2025-02-11,b4ff37d751faf3eabda8b5b2cda9575028572956b4e4cd7a24df4ffd58d5a46e,ACTIVE,POOL_OBSERVATION
605398.SH,2025-02-12,b4ff37d751faf3eabda8b5b2cda9575028572956b4e4cd7a24df4ffd58d5a46e,EXPIRED,POOL_EXPIRED
605398.SH,2025-02-13,09c2bc75589f32360e04484e98bd74d90b17c47c12d6f26bf00d68f4b741d972,ACTIVE,POOL_ADMISSION
605398.SH,2025-02-14,09c2bc75589f32360e04484e98bd74d90b17c47c12d6f26bf00d68f4b741d972,ACTIVE,POOL_OBSERVATION
605398.SH,2025-02-17,09c2bc75589f32360e04484e98bd74d90b17c47c12d6f26bf00d68f4b741d972,ACTIVE,POOL_OBSERVATION
605398.SH,2025-02-18,09c2bc75589f32360e04484e98bd74d90b17c47c12d6f26bf00d68f4b741d972,ACTIVE,POOL_OBSERVATION
605398.SH,2025-02-19,09c2bc75589f32360e04484e98bd74d90b17c47c12d6f26bf00d68f4b741d972,ACTIVE,POOL_OBSERVATION
605398.SH,2025-02-20,09c2bc75589f32360e04484e98bd74d90b17c47c12d6f26bf00d68f4b741d972,ACTIVE,POOL_OBSERVATION
605398.SH,2025-02-21,09c2bc75589f32360e04484e98bd74d90b17c47c12d6f26bf00d68f4b741d972,EXPIRED,POOL_EXPIRED
605500.SH,2025-07-08,135f402a85f1703a2138fd2a5ecfbb2f1a4459312307ae59c49b2b6a01af4207,ACTIVE,POOL_ADMISSION
605500.SH,2025-07-09,135f402a85f1703a2138fd2a5ecfbb2f1a4459312307ae59c49b2b6a01af4207,ACTIVE,POOL_OBSERVATION
605500.SH,2025-07-10,135f402a85f1703a2138fd2a5ecfbb2f1a4459312307ae59c49b2b6a01af4207,ACTIVE,POOL_OBSERVATION
605500.SH,2025-07-11,135f402a85f1703a2138fd2a5ecfbb2f1a4459312307ae59c49b2b6a01af4207,ACTIVE,POOL_OBSERVATION
605500.SH,2025-07-14,135f402a85f1703a2138fd2a5ecfbb2f1a4459312307ae59c49b2b6a01af4207,SIGNALLED,ENTRY_SIGNAL
605500.SH,2025-07-15,135f402a85f1703a2138fd2a5ecfbb2f1a4459312307ae59c49b2b6a01af4207,SIGNALLED,EXECUTION_PENDING
605500.SH,2025-07-16,135f402a85f1703a2138fd2a5ecfbb2f1a4459312307ae59c49b2b6a01af4207,EXPIRED,PENDING_SIGNAL_HORIZON_EXPIRED
605577.SH,2026-09-03,1aa0f8363bc33d8a98c7046e0a0639f4eab9fe37efc991437d17894515140520,ACTIVE,POOL_ADMISSION
605577.SH,2026-09-04,1aa0f8363bc33d8a98c7046e0a0639f4eab9fe37efc991437d17894515140520,ACTIVE,POOL_OBSERVATION
605577.SH,2026-09-07,1aa0f8363bc33d8a98c7046e0a0639f4eab9fe37efc991437d17894515140520,ACTIVE,POOL_OBSERVATION
605577.SH,2026-09-08,1aa0f8363bc33d8a98c7046e0a0639f4eab9fe37efc991437d17894515140520,ACTIVE,POOL_OBSERVATION
605577.SH,2026-09-09,1aa0f8363bc33d8a98c7046e0a0639f4eab9fe37efc991437d17894515140520,ACTIVE,SUSPENDED_NO_ENTRY_EVALUATION
605577.SH,2026-09-10,1aa0f8363bc33d8a98c7046e0a0639f4eab9fe37efc991437d17894515140520,ACTIVE,SUSPENDED_NO_ENTRY_EVALUATION
605577.SH,2026-09-11,1aa0f8363bc33d8a98c7046e0a0639f4eab9fe37efc991437d17894515140520,EXPIRED,SUSPENDED_NO_ENTRY_EVALUATION
