candidate_id,security_id,trigger_date,observation_instance_id,v3_lookback_hits,rsi14,rsi_replay_mode,trigger_regime_qualification_method,trigger_evidence_level,trigger_vendor_status,trigger_vendor_source,trigger_vendor_conflict,trigger_official_override,trigger_official_document_id,trigger_v3_self_qualification
a424acbed49bafaa3576fd879ad04c63e52af45546ad4b4a7c7b625f4f7289bc,000006.SZ,2024-10-24,00006bea712409649fefea8cc14d66acf39c6c3dd1f02aec5a89227052ed286d,4,78.92897669777956065613933278,TRUNCATED_SLICE_150_NONCANONICAL,QUALIFIED_BY_V3_PRICE_PATH,V3_OPERATIONAL_PRICE_PATH,False,REAL_RESEARCH_SNAPSHOT_V1/daily_status.is_st_sec,False,False,,True
a45aeff0cebfb6075e45c32666682e2da001ca1b596d913ba9f7e8580e55cee3,000008.SZ,2024-12-05,798c2c03854ede0ea6ac442a3a6a6336bf43782dd816e4f5443bdedfa0b60b84,4,83.38663665883058810941880730,TRUNCATED_SLICE_150_NONCANONICAL,QUALIFIED_BY_V3_PRICE_PATH,V3_OPERATIONAL_PRICE_PATH,False,REAL_RESEARCH_SNAPSHOT_V1/daily_status.is_st_sec,False,False,,True
38a7f8107af6d285367317b64358bbc56b12273c6133f32c26abf4229bffd779,000016.SZ,2024-08-02,56b7edd4d80cf60457b94178d470c6d48c97772903e90294ccf2672a4aaec5eb,4,80.70255751755726626334383722,TRUNCATED_SLICE_150_NONCANONICAL,QUALIFIED_BY_V3_PRICE_PATH,V3_OPERATIONAL_PRICE_PATH,False,REAL_RESEARCH_SNAPSHOT_V1/daily_status.is_st_sec,False,False,,True
8211de7678fdb7a589fe4ebb6b41a341afd8c3b8520b238818eb3fbb0db7c5a9,000016.SZ,2024-10-24,24c733936ff74f491572b737e4c4743a0662e546c8388796416939140a6904b7,4,73.73963874625196083222495005,TRUNCATED_SLICE_150_NONCANONICAL,QUALIFIED_BY_V3_PRICE_PATH,V3_OPERATIONAL_PRICE_PATH,False,REAL_RESEARCH_SNAPSHOT_V1/daily_status.is_st_sec,False,False,,True
6aed489829ff74bd8481c2d3e3e3a0e98c0e0d250b50cfb08e9bdbeae6a7e0e0,000016.SZ,2024-11-04,a6cb5ae45fa4618408c414380566acd0c7a5bc5aa27b173c621e1154832a9e42,4,76.45380454315048116194964089,TRUNCATED_SLICE_150_NONCANONICAL,QUALIFIED_BY_OPERATIONAL_STATUS,OPERATIONAL_VENDOR_SCREEN,False,REAL_RESEARCH_SNAPSHOT_V1/daily_status.is_st_sec,False,False,,False
c2cb2105a1d0e726e980ed9ec2abf37f76e1b8ca7222eef86d0705c97b4cc644,000017.SZ,2026-08-25,2e58e301ff87ebcc98393f071f87378481fdaf3fc333445aa9c69e2830bfb814,4,83.69565199956969233147555001,TRUNCATED_SLICE_150_NONCANONICAL,QUALIFIED_BY_V3_PRICE_PATH,V3_OPERATIONAL_PRICE_PATH,False,REAL_RESEARCH_SNAPSHOT_V1/daily_status.is_st_sec,False,False,,True
34ba7b5e89f0be775ed93723d1fc5259dd1706df87f84d1e5e15895a3ac5e5ed,000020.SZ,2026-03-19,3b55f939985fd9a3952520c1e5e63e3b69ca19c863802da4c18b1a302cff0d44,4,85.33287832585672121795821846,TRUNCATED_SLICE_150_NONCANONICAL,QUALIFIED_BY_V3_PRICE_PATH,V3_OPERATIONAL_PRICE_PATH,False,REAL_RESEARCH_SNAPSHOT_V1/daily_status.is_st_sec,False,False,,True
a112ab94bb73751afcb8719cd203e1d9b01c3f0b7d023a4915abc70b55123a43,000026.SZ,2025-07-02,b04e5f6edab48bd2d8653306348771605f0cafefaaf47b0585d0f3c158621dc5,4,82.37766321939295300625033785,TRUNCATED_SLICE_150_NONCANONICAL,QUALIFIED_BY_V3_PRICE_PATH,V3_OPERATIONAL_PRICE_PATH,False,REAL_RESEARCH_SNAPSHOT_V1/daily_status.is_st_sec,False,False,,True
46b9989643a49fbc6064edb5ceb8bc8b73a982e5d82f33817ae669d320ef5a4b,000032.SZ,2026-06-16,43374890e33aa16b332feacc7449e30bae1990b9e2e4c7d349d7ad1a230ea84d,4,74.05509680404050135508998075,TRUNCATED_SLICE_150_NONCANONICAL,QUALIFIED_BY_V3_PRICE_PATH,V3_OPERATIONAL_PRICE_PATH,False,REAL_RESEARCH_SNAPSHOT_V1/daily_status.is_st_sec,False,False,,True
752cbca61ce1482ba4fffa9c26bbe93db5d5835a84c8c411ad6af09ec96931d0,000056.SZ,2024-10-30,3b7ea736a2e07a8136ab1a89e0078ff10b1c733dfa70be971c7d6f6dade20cad,4,78.02196491821107060091101641,TRUNCATED_SLICE_150_NONCANONICAL,QUALIFIED_BY_V3_PRICE_PATH,V3_OPERATIONAL_PRICE_PATH,False,REAL_RESEARCH_SNAPSHOT_V1/daily_status.is_st_sec,False,False,,True
4e5dba6cf59b294232270cde22c188c574368955da856fbe9669709130ead6b8,000056.SZ,2024-12-05,9776116708533c1ee94c4b7fb3cb6f2b5112614eba4aad859e73cd459d919bba,4,78.51576452125147730743308478,TRUNCATED_SLICE_150_NONCANONICAL,QUALIFIED_BY_V3_PRICE_PATH,V3_OPERATIONAL_PRICE_PATH,False,REAL_RESEARCH_SNAPSHOT_V1/daily_status.is_st_sec,False,False,,True
dccbbe44c845ad53c061cc50095fa0a793abeeb6c113b72b499af3cc5c8e7870,000058.SZ,2024-10-30,387e75174cd9bd335dfcc0c930299b70e5b4cc237cfab45ab93b017d2cfaa642,4,84.22337752836840542678058232,TRUNCATED_SLICE_150_NONCANONICAL,QUALIFIED_BY_V3_PRICE_PATH,V3_OPERATIONAL_PRICE_PATH,False,REAL_RESEARCH_SNAPSHOT_V1/daily_status.is_st_sec,False,False,,True
c7ba80facb6223e5b9a2778b0932929d775b11f4afe559a93fcd08d20862e6f3,000062.SZ,2024-08-20,bf8b8e4f42d668a9903c381a767cdb964c544aefbf3c481464b20c5616bb7821,4,86.04822865126590682314549549,TRUNCATED_SLICE_150_NONCANONICAL,QUALIFIED_BY_V3_PRICE_PATH,V3_OPERATIONAL_PRICE_PATH,False,REAL_RESEARCH_SNAPSHOT_V1/daily_status.is_st_sec,False,False,,True
039a403920bb069da033e333bffc290933adccd97a485aa30b1612d0475d8f32,000062.SZ,2024-08-29,0f75247caf5731be19b0bc969f23875ec2d48a4655bbbc68c2df2191eccc9315,4,96.37813320034416206482778128,TRUNCATED_SLICE_150_NONCANONICAL,QUALIFIED_BY_OPERATIONAL_STATUS,OPERATIONAL_VENDOR_SCREEN,False,REAL_RESEARCH_SNAPSHOT_V1/daily_status.is_st_sec,False,False,,False
367a7252fdfe5d1dbd8c49153c718c678614fe8f2ccd3a348505b21c4b20de94,000062.SZ,2024-09-09,7fda528c1806b66b4999c3bdb1c18b9ca03e2d8a5f4c0367aec769ecbc4b079d,4,82.72473373776393096538761542,TRUNCATED_SLICE_150_NONCANONICAL,QUALIFIED_BY_OPERATIONAL_STATUS,OPERATIONAL_VENDOR_SCREEN,False,REAL_RESEARCH_SNAPSHOT_V1/daily_status.is_st_sec,False,False,,False
77c4c392250623c128e14915358f721b7e6447973643be414deb358d5ef086d9,000066.SZ,2024-11-01,87a4abcd822b0f5135dfecf4ef7591ee5b2594aa1a33ed37f8de043aa5452d41,4,86.70829029006077060969924968,TRUNCATED_SLICE_150_NONCANONICAL,QUALIFIED_BY_V3_PRICE_PATH,V3_OPERATIONAL_PRICE_PATH,False,REAL_RESEARCH_SNAPSHOT_V1/daily_status.is_st_sec,False,False,,True
f1e1f0b7ee742da3de168356d0602344db51f7314c4bad1ac12ced698eac6a55,000069.SZ,2024-10-08,8928d2ab4dbb0db2c954ef7b02370f7c4e32f882048feb7f7d9e653f565ef86a,4,93.24401947481281564316637929,TRUNCATED_SLICE_150_NONCANONICAL,QUALIFIED_BY_V3_PRICE_PATH,V3_OPERATIONAL_PRICE_PATH,False,REAL_RESEARCH_SNAPSHOT_V1/daily_status.is_st_sec,False,False,,True
578cc2d120a604f7864b59f07ecdd92be6cfb0a6ea277c134cd77e95b155c306,000070.SZ,2025-11-26,58692cab17836bbe4d14073e14751967c2e65975e91c66a7e372ef92de47a9c3,4,82.48893305835655823850908304,TRUNCATED_SLICE_150_NONCANONICAL,QUALIFIED_BY_V3_PRICE_PATH,V3_OPERATIONAL_PRICE_PATH,False,REAL_RESEARCH_SNAPSHOT_V1/daily_status.is_st_sec,False,False,,True
c799171a0ab302b9cc8b097b45ba013dc345f1cb2a071a685f942f05d5fb3700,000078.SZ,2025-12-01,ba3145ebacb4ed913fbfd24af1cece802f8de4fb79f9d2443518974caaac5672,4,85.94876114338631660292286343,TRUNCATED_SLICE_150_NONCANONICAL,QUALIFIED_BY_V3_PRICE_PATH,V3_OPERATIONAL_PRICE_PATH,False,REAL_RESEARCH_SNAPSHOT_V1/daily_status.is_st_sec,False,False,,True
61db29fab3e3a19a42f706974b236e0e44174fb9cc30b560d414eec84daf0285,000096.SZ,2025-02-26,c92113c185b581eb20f9248006b7dd568726b52cee87dfd2e64d7d9f7b2b0748,4,80.93344042672754381429624917,TRUNCATED_SLICE_150_NONCANONICAL,QUALIFIED_BY_V3_PRICE_PATH,V3_OPERATIONAL_PRICE_PATH,False,REAL_RESEARCH_SNAPSHOT_V1/daily_status.is_st_sec,False,False,,True
bd482d3b53d7bd4ff7b02c143317bf7b862f3b475a3dadae39bab0004e8b5a2a,000402.SZ,2024-09-30,2c3ba0b7468b101458bdcc49814da59fcd7af441b7c4ea5bb16c48221aa6cd67,4,89.26349852240451821743809125,TRUNCATED_SLICE_150_NONCANONICAL,QUALIFIED_BY_V3_PRICE_PATH,V3_OPERATIONAL_PRICE_PATH,False,REAL_RESEARCH_SNAPSHOT_V1/daily_status.is_st_sec,False,False,,True
2295b3c633de5a0ff5016a9e5bfe83f238c3c42ccf0e56fc16a386c7c8b61eeb,000407.SZ,2025-11-14,3e6d7bec94662986ef7955f63c85bf21dc2c15b32453d45b086526768fcc8ca1,4,88.90305212328897398889034426,TRUNCATED_SLICE_150_NONCANONICAL,QUALIFIED_BY_V3_PRICE_PATH,V3_OPERATIONAL_PRICE_PATH,False,REAL_RESEARCH_SNAPSHOT_V1/daily_status.is_st_sec,False,False,,True
43e150537a3269ff047beec871ddaa2af6ffbb6bd49576887a401d98d1df0848,000409.SZ,2025-03-06,60c35bb2d45fe59f16ffc61a567464efb2febf56444aca9ca8ee88b03c007496,4,82.65661047500010239011801542,TRUNCATED_SLICE_150_NONCANONICAL,QUALIFIED_BY_V3_PRICE_PATH,V3_OPERATIONAL_PRICE_PATH,False,REAL_RESEARCH_SNAPSHOT_V1/daily_status.is_st_sec,False,False,,True
28b927a9252b134ecba60074e293d8535340efbc003c376527a325dc0fb98b71,000415.SZ,2024-11-05,b89e381786b991cda6c3be862e412066fca1be234f470ad1dc8993993c97089c,4,87.55399532256678054722477269,TRUNCATED_SLICE_150_NONCANONICAL,QUALIFIED_BY_V3_PRICE_PATH,V3_OPERATIONAL_PRICE_PATH,False,REAL_RESEARCH_SNAPSHOT_V1/daily_status.is_st_sec,False,False,,True
888bfe53308901c41f0098d76888270bc0be86b2f5fcd35aa9be47c311a4409e,000417.SZ,2026-05-22,c1f00a615a9ef9666d0028e08629ff317978accbf1b8768bb0e4e0f295d1695a,4,82.34961153784796093135652372,TRUNCATED_SLICE_150_NONCANONICAL,QUALIFIED_BY_V3_PRICE_PATH,V3_OPERATIONAL_PRICE_PATH,False,REAL_RESEARCH_SNAPSHOT_V1/daily_status.is_st_sec,False,False,,True
40c19bd34d48a2e34f12ee3fe5108fec6f7853da7aa59598d05b4d4206e3baef,000428.SZ,2026-07-31,89d45da220dadf233db05b764d30b3a1de52a5693e9dc7be9ca359510184e6a9,4,73.61486036286634241186739144,TRUNCATED_SLICE_150_NONCANONICAL,QUALIFIED_BY_V3_PRICE_PATH,V3_OPERATIONAL_PRICE_PATH,False,REAL_RESEARCH_SNAPSHOT_V1/daily_status.is_st_sec,False,False,,True
0a29287e018c60add6c301eec4ec2a6b51263ca7c9a9264d35ef418d038d66c3,000504.SZ,2026-09-22,3277ad122254b3d9b68825fde313232699db336353b86c5fbade1317fe30c061,4,81.77633353694179910008377493,TRUNCATED_SLICE_150_NONCANONICAL,QUALIFIED_BY_V3_PRICE_PATH,V3_OPERATIONAL_PRICE_PATH,False,REAL_RESEARCH_SNAPSHOT_V1/daily_status.is_st_sec,False,False,,True
9aafbc1387e083fee16dd21c78fbfa15dfacf6dca85c65117262e567067cce84,000506.SZ,2026-01-29,4b29c1d88ce5d748cc56f48a4b916e0a99cad2ac0fbd230ef18080ea0602de6a,4,95.18970951867975859681551943,TRUNCATED_SLICE_150_NONCANONICAL,QUALIFIED_BY_V3_PRICE_PATH,V3_OPERATIONAL_PRICE_PATH,False,REAL_RESEARCH_SNAPSHOT_V1/daily_status.is_st_sec,False,False,,True
6dcbfc035d39b3b0abcd612e2eac63b2b491198cc18e28df23e915502096d9a4,000509.SZ,2024-08-13,852a2319ff3e9115f4792f6c2c9cc8dda86ee91dfbe5d063541b5b7edbd9ca22,4,85.14449019068445632565613143,TRUNCATED_SLICE_150_NONCANONICAL,QUALIFIED_BY_V3_PRICE_PATH,V3_OPERATIONAL_PRICE_PATH,False,REAL_RESEARCH_SNAPSHOT_V1/daily_status.is_st_sec,False,False,,True
c1fbc51ec11c10e208f595e99adbc69be388604a2a75ed546b2ddeee43fb2045,000509.SZ,2026-05-28,ad6e247c98ebe05f199d933cb9683814147fa7361dd565d4fea770a476dea2a4,4,84.25175190695684900239739099,TRUNCATED_SLICE_150_NONCANONICAL,QUALIFIED_BY_V3_PRICE_PATH,V3_OPERATIONAL_PRICE_PATH,False,REAL_RESEARCH_SNAPSHOT_V1/daily_status.is_st_sec,False,False,,True
113cad9b1bffa3bc52050f42c6966730c002182dfec214e8c9af726b1fdaf974,000510.SZ,2025-04-17,3c00820df3631650ce73f9bfbd5588838c4f0b7bf00723e558e04ee2665a3797,4,70.75157584391395906654812457,TRUNCATED_SLICE_150_NONCANONICAL,QUALIFIED_BY_V3_PRICE_PATH,V3_OPERATIONAL_PRICE_PATH,False,REAL_RESEARCH_SNAPSHOT_V1/daily_status.is_st_sec,False,False,,True
8f2368fd17db8ea3f4001f959d87094b64cc5d4f6f1647c8f4fb49c657af501a,000514.SZ,2025-07-10,ad3b4e7167d03527596ef8f26dced457be3e2ed65f3084a196a73b9dc0f8d7ad,4,89.10396488453101909279624912,TRUNCATED_SLICE_150_NONCANONICAL,QUALIFIED_BY_V3_PRICE_PATH,V3_OPERATIONAL_PRICE_PATH,False,REAL_RESEARCH_SNAPSHOT_V1/daily_status.is_st_sec,False,False,,True
0f08777da214586142677d92f456b06d791ccf7da5566f7dbd5ba1d698555bc7,000518.SZ,2026-05-25,81182880e998f839ec2e4423be747b3d81ea96d8d0424b45b181831576b6f0a2,4,87.44094047386320908761249216,TRUNCATED_SLICE_150_NONCANONICAL,QUALIFIED_BY_V3_PRICE_PATH,V3_OPERATIONAL_PRICE_PATH,False,REAL_RESEARCH_SNAPSHOT_V1/daily_status.is_st_sec,False,False,,True
03f67df45839306656f5cf195e40728f25c9cf1c6a1c59ac71f7bb22ec475874,000520.SZ,2024-10-30,a17f9f3991ef8f2ceb20c0abb72b08c49b8b82ca25bd99905d45ea7016fddb52,4,92.62786334776964233436696433,TRUNCATED_SLICE_150_NONCANONICAL,QUALIFIED_BY_V3_PRICE_PATH,V3_OPERATIONAL_PRICE_PATH,False,REAL_RESEARCH_SNAPSHOT_V1/daily_status.is_st_sec,False,False,,True
0f25278c8aec6954db75b2bcab99a7a298ed6cc3ec7908a6fe01a06ef4e8426c,000533.SZ,2024-12-31,99f55654506f9d6bfe4b5a3bc9ad91d24a1fe76397f2ee8c77c0636b6679b7ac,4,77.92393719650839242625847743,TRUNCATED_SLICE_150_NONCANONICAL,QUALIFIED_BY_V3_PRICE_PATH,V3_OPERATIONAL_PRICE_PATH,False,REAL_RESEARCH_SNAPSHOT_V1/daily_status.is_st_sec,False,False,,True
d91a9d6cb5be8704cfb628a54959bf52fef05ca143898cb73ce0e30b44dea051,000533.SZ,2026-03-09,da49cb2cf437923ced171ddde0970e6f55131fc00a5fa47785fea9799b65d75e,4,80.57710412583506449018243922,TRUNCATED_SLICE_150_NONCANONICAL,QUALIFIED_BY_V3_PRICE_PATH,V3_OPERATIONAL_PRICE_PATH,False,REAL_RESEARCH_SNAPSHOT_V1/daily_status.is_st_sec,False,False,,True
99cd42a776c2437c2c2016b7446429af7e1e39e63dd662b0c270972fe1b5e008,000533.SZ,2026-07-29,4619687a39fedcb88e4cbb0a7461ab8b3397d1004a4ef3a52cb2290d9499256d,4,72.89500037067705089713606350,TRUNCATED_SLICE_150_NONCANONICAL,QUALIFIED_BY_OPERATIONAL_STATUS,OPERATIONAL_VENDOR_SCREEN,False,REAL_RESEARCH_SNAPSHOT_V1/daily_status.is_st_sec,False,False,,False
2e3eda6ac1d453e5d10d7c0b8e5f772363e990110982d207769b2deec41654be,000536.SZ,2024-09-12,00de76b2f1fc7ef677112130004ea2d675a31b23790a097e60a32a0dc4b52c07,4,80.22932404821773403933835838,TRUNCATED_SLICE_150_NONCANONICAL,QUALIFIED_BY_V3_PRICE_PATH,V3_OPERATIONAL_PRICE_PATH,False,REAL_RESEARCH_SNAPSHOT_V1/daily_status.is_st_sec,False,False,,True
ee5a04dc011a91deb3a897d55b611dd72729ea1126ce972d9af0f308a2332c3d,000536.SZ,2024-10-30,0edb1c05cb998310e69498743e10b9237c64c6f6c6f707a3307aa60ba1245002,4,75.74988647266100672043136387,TRUNCATED_SLICE_150_NONCANONICAL,QUALIFIED_BY_V3_PRICE_PATH,V3_OPERATIONAL_PRICE_PATH,False,REAL_RESEARCH_SNAPSHOT_V1/daily_status.is_st_sec,False,False,,True
4919a858d6c0ab2c9e3b225fc670f17b02e0096bb7e19df0f25b0b0a0a531493,000536.SZ,2024-11-08,09a99086eea1d81a2e6da0085f921aed832a7a79253094449861c0ecd205805c,4,77.39795424554006260799087591,TRUNCATED_SLICE_150_NONCANONICAL,QUALIFIED_BY_OPERATIONAL_STATUS,OPERATIONAL_VENDOR_SCREEN,False,REAL_RESEARCH_SNAPSHOT_V1/daily_status.is_st_sec,False,False,,False
6a4ec4bc3694771e9af6841a42ef56e4bfa778edf06a1d363aaba85c3e0d570e,000539.SZ,2026-06-01,13d226ba6c9ae584187607dbc81cd947d6d8d02d8629e441c2af8b145a10953e,4,76.83391331803127532046903361,TRUNCATED_SLICE_150_NONCANONICAL,QUALIFIED_BY_V3_PRICE_PATH,V3_OPERATIONAL_PRICE_PATH,False,REAL_RESEARCH_SNAPSHOT_V1/daily_status.is_st_sec,False,False,,True
95ac5cef5eed04edd056c648c73fa2554c6bfa59c4159ca4468dc10616af283a,000547.SZ,2025-11-19,1e565c39ed4c4382e3da3c27d10bbcf5e506d01315c1ccadc3c955dfc12c5884,4,87.93070674290572477323972947,TRUNCATED_SLICE_150_NONCANONICAL,QUALIFIED_BY_V3_PRICE_PATH,V3_OPERATIONAL_PRICE_PATH,False,REAL_RESEARCH_SNAPSHOT_V1/daily_status.is_st_sec,False,False,,True
1f44f1da90003d5e9ecf52491dec91161ab67fc4f108b26db35c1cb03fe7edac,000551.SZ,2025-12-25,46d2fa1f4bf931e69a1aaf6d7d750f8c36ec538d2f86380a8dba672a73669f86,4,90.79559928274763759408425612,TRUNCATED_SLICE_150_NONCANONICAL,QUALIFIED_BY_V3_PRICE_PATH,V3_OPERATIONAL_PRICE_PATH,False,REAL_RESEARCH_SNAPSHOT_V1/daily_status.is_st_sec,False,False,,True
6df443553b9e7a11da8185096d9cc340adfcddd43413390c7447668cd3b320b9,000553.SZ,2024-10-25,fe25ca98166a09beae84fd17becb20f9e8a506d8534473db6b16e45de43537ee,4,85.25703442471784871700023231,TRUNCATED_SLICE_150_NONCANONICAL,QUALIFIED_BY_V3_PRICE_PATH,V3_OPERATIONAL_PRICE_PATH,False,REAL_RESEARCH_SNAPSHOT_V1/daily_status.is_st_sec,False,False,,True
6b3568545777170f8b1ef0ba848880fb16bce4f01aa4743fd64de4e7b5331e28,000558.SZ,2024-12-16,288eef23c5578198f67d27aeeb76892828151a04a88073a9428e1a6df8583f8d,4,83.88220890979395653342173067,TRUNCATED_SLICE_150_NONCANONICAL,QUALIFIED_BY_V3_PRICE_PATH,V3_OPERATIONAL_PRICE_PATH,False,REAL_RESEARCH_SNAPSHOT_V1/daily_status.is_st_sec,False,False,,True
b9c3b72e2fd8384a45c1d48011b63560f732ff8c5d474371fc44a48adcf5a573,000559.SZ,2025-09-18,6836ae059bac34cb9c1875910f7945e63548ee4179c91b51a4ee56852aca59eb,4,86.97512597890865409620422785,TRUNCATED_SLICE_150_NONCANONICAL,QUALIFIED_BY_V3_PRICE_PATH,V3_OPERATIONAL_PRICE_PATH,False,REAL_RESEARCH_SNAPSHOT_V1/daily_status.is_st_sec,False,False,,True
f71d1cca8b27ff68202450b1eb233e863c7d290ff668ac835926cd2ef98d3d3b,000561.SZ,2025-08-18,921af2ef014df6d0529eb4858ee0eb3bd8792922a155dd907d10d456d9247d3b,4,90.28639411623977718369113078,TRUNCATED_SLICE_150_NONCANONICAL,QUALIFIED_BY_V3_PRICE_PATH,V3_OPERATIONAL_PRICE_PATH,False,REAL_RESEARCH_SNAPSHOT_V1/daily_status.is_st_sec,False,False,,True
b14d944bc7c83257edfda0486d27734a9cd65d92548174f1e3f6cc94fc19009f,000564.SZ,2024-11-08,8b49f7205f1b7c08c9610afca45342e6e927f4f21fea77c6e8b89cae95a4e2e5,4,86.43655767084863589647662521,TRUNCATED_SLICE_150_NONCANONICAL,QUALIFIED_BY_V3_PRICE_PATH,V3_OPERATIONAL_PRICE_PATH,False,REAL_RESEARCH_SNAPSHOT_V1/daily_status.is_st_sec,False,False,,True
b5daa77b3fad8aeb60043f8fa19c8434193793a0664d3c7be14c77e910b36953,000565.SZ,2025-04-30,24900c54fefc9f65e1db0cba3672080767012979029b986aef532a26c1f65671,4,85.79951387893633858177945165,TRUNCATED_SLICE_150_NONCANONICAL,QUALIFIED_BY_V3_PRICE_PATH,V3_OPERATIONAL_PRICE_PATH,False,REAL_RESEARCH_SNAPSHOT_V1/daily_status.is_st_sec,False,False,,True
6f3c40cbef2d3b84d47f42e356bcd9b44840fefa36970e6447c9349ed07beb33,000566.SZ,2024-09-11,9fac97b68386df9b0fa1c76b49d23370369354f87c81bee418a6d8ac78cceea4,4,86.00810889540835781073758988,TRUNCATED_SLICE_150_NONCANONICAL,QUALIFIED_BY_V3_PRICE_PATH,V3_OPERATIONAL_PRICE_PATH,False,REAL_RESEARCH_SNAPSHOT_V1/daily_status.is_st_sec,False,False,,True
b3fcb4de2eeb544573ec7b680b988da074eafd6288fbfa59a9bcd5eac67f988d,000566.SZ,2026-07-02,1e642712181e8114574feee5f644500933b3da274737f7ab75572c4c5ae2119b,4,77.32139035759035834518386896,TRUNCATED_SLICE_150_NONCANONICAL,QUALIFIED_BY_V3_PRICE_PATH,V3_OPERATIONAL_PRICE_PATH,False,REAL_RESEARCH_SNAPSHOT_V1/daily_status.is_st_sec,False,False,,True
f8621df9cfdcba026fbca1e9634f0ed862a42e7e2a0e2b0d46569a2cd1392d1a,000572.SZ,2025-11-05,1d01a85365609387b18d817fecc005f2685b23dac5116fcbbedde0df0733b5aa,4,78.88855746029581772727627010,TRUNCATED_SLICE_150_NONCANONICAL,QUALIFIED_BY_V3_PRICE_PATH,V3_OPERATIONAL_PRICE_PATH,False,REAL_RESEARCH_SNAPSHOT_V1/daily_status.is_st_sec,False,False,,True
912ec6eb8d97186b12611692f5a617088ee1080c237f09d0674857a027ebf6b7,000573.SZ,2025-01-08,620a93f0750afdf1ff0b14d75b203617627ef6cd793abdcf8fe4c410f60c5ac9,4,77.82519234872522085692342609,TRUNCATED_SLICE_150_NONCANONICAL,QUALIFIED_BY_V3_PRICE_PATH,V3_OPERATIONAL_PRICE_PATH,False,REAL_RESEARCH_SNAPSHOT_V1/daily_status.is_st_sec,False,False,,True
86c33861655b0405c9264ffea7286cd115cfaad4618eaea46609983504ef2043,000586.SZ,2026-04-08,855f6369f435299328e80e9718fbb386c646d83acf9dbba40f684b2bee313461,4,82.40756757771018948540148630,TRUNCATED_SLICE_150_NONCANONICAL,QUALIFIED_BY_V3_PRICE_PATH,V3_OPERATIONAL_PRICE_PATH,False,REAL_RESEARCH_SNAPSHOT_V1/daily_status.is_st_sec,False,False,,True
cd48dc0a182b5dae7f700ba788063f5c1887d08cfc54c35e966433472bf8daea,000592.SZ,2025-10-28,12be3b5456cb1f5864f0e1f3e85ec0c9cf3019ff02aa1d3f2dcc1f758b4854a0,4,80.90165109330211165809799324,TRUNCATED_SLICE_150_NONCANONICAL,QUALIFIED_BY_V3_PRICE_PATH,V3_OPERATIONAL_PRICE_PATH,False,REAL_RESEARCH_SNAPSHOT_V1/daily_status.is_st_sec,False,False,,True
e0636030dfeacae6b0e8e5e5f1f1a442038aca04d6692f8f0f19472dcb5b21f2,000592.SZ,2025-11-06,9a0dcdaaa368a67be2e9e4dc8585ad9a2aaf134f280543d24989ddeac02a9541,4,78.12459536207419090304351016,TRUNCATED_SLICE_150_NONCANONICAL,QUALIFIED_BY_OPERATIONAL_STATUS,OPERATIONAL_VENDOR_SCREEN,False,REAL_RESEARCH_SNAPSHOT_V1/daily_status.is_st_sec,False,False,,False
ecdde2fa75eac45c59ba06d1f0a272c12329632291530814051a91a0b22748fc,000595.SZ,2024-09-24,df0e0b23dd43c43f2ec387235ece65f09f976577b3af123bc15abac9c716aeda,4,87.43273836160669964028216037,TRUNCATED_SLICE_150_NONCANONICAL,QUALIFIED_BY_V3_PRICE_PATH,V3_OPERATIONAL_PRICE_PATH,False,REAL_RESEARCH_SNAPSHOT_V1/daily_status.is_st_sec,False,False,,True
004883c778056ecbdbe7f22a8872f9d1a9063478dd73920e1f0c07494c419935,000597.SZ,2024-08-09,7717db396549a563a04b2a6b37db14e4b998348ce4d1d3a9f899f335f2874640,4,88.90940218283089215390549784,TRUNCATED_SLICE_150_NONCANONICAL,QUALIFIED_BY_V3_PRICE_PATH,V3_OPERATIONAL_PRICE_PATH,False,REAL_RESEARCH_SNAPSHOT_V1/daily_status.is_st_sec,False,False,,True
c8a7f1e51a8274da994e5660513683016bb2c20ad3f597034bbf0e10d33681ea,000601.SZ,2026-03-25,cc1a09f9268d578fa2627f7e287df536ac3ef7a40bf8cba89372edb69450bfec,4,73.18221724082705326693216553,TRUNCATED_SLICE_150_NONCANONICAL,QUALIFIED_BY_V3_PRICE_PATH,V3_OPERATIONAL_PRICE_PATH,False,REAL_RESEARCH_SNAPSHOT_V1/daily_status.is_st_sec,False,False,,True
b663b8ec4e1716924740c53a88bba4f944eaaef102c2630f4591d6588637edd2,000605.SZ,2024-11-08,532f99d81fc2e5955aa5c75d375663c28d2a6b8813ebaa2458a4c2b1a40a7b1c,4,87.77853046352288541713941052,TRUNCATED_SLICE_150_NONCANONICAL,QUALIFIED_BY_V3_PRICE_PATH,V3_OPERATIONAL_PRICE_PATH,False,REAL_RESEARCH_SNAPSHOT_V1/daily_status.is_st_sec,False,False,,True
81feba4b8632835dcbb79a4211f8ef93282a9ba919cd9a39a882c253f35910d9,000605.SZ,2024-11-20,ee618eb76efc784f19b9582438dbb0008f6b99796bcf96bcbdd37a2e2b7c3d3b,4,85.77427428697574881084390057,TRUNCATED_SLICE_150_NONCANONICAL,QUALIFIED_BY_V3_PRICE_PATH,V3_OPERATIONAL_PRICE_PATH,False,REAL_RESEARCH_SNAPSHOT_V1/daily_status.is_st_sec,False,False,,True
8648ac659f25568a5869a77a277794bd7f5113078b703d78a2fcf33afce5e992,000607.SZ,2025-07-11,dc054393650c81e09ba54b7ebd75f081f71d4505c414ba60a4378e061e450c7f,4,86.53889193344137109364143619,TRUNCATED_SLICE_150_NONCANONICAL,QUALIFIED_BY_V3_PRICE_PATH,V3_OPERATIONAL_PRICE_PATH,False,REAL_RESEARCH_SNAPSHOT_V1/daily_status.is_st_sec,False,False,,True
39a78abd109af5f5965e2583c1d8f1eed453989e27ee9df30812ee492527ab90,000608.SZ,2024-09-27,80cca38aaf06c31a6d1d9e740e9cb31635133f8477a5e1da028ee8cbf9a5cff9,4,88.62461970315039910362802853,TRUNCATED_SLICE_150_NONCANONICAL,QUALIFIED_BY_V3_PRICE_PATH,V3_OPERATIONAL_PRICE_PATH,False,REAL_RESEARCH_SNAPSHOT_V1/daily_status.is_st_sec,False,False,,True
9b533983a159cd9d73a9593463dab6881c5500eda50fee3eb79d9442583a4ff1,000620.SZ,2025-10-23,5f9ac264808be4fc1a7e354859f087d4fd6a0ba427b02af604f02bb1c9b0542f,4,83.72591337519028525424622693,TRUNCATED_SLICE_150_NONCANONICAL,QUALIFIED_BY_V3_PRICE_PATH,V3_OPERATIONAL_PRICE_PATH,False,REAL_RESEARCH_SNAPSHOT_V1/daily_status.is_st_sec,False,False,,True
4fdf5c477f6e93f5c1608d141120058e70759562e036575872b441a0b1200728,000626.SZ,2025-10-17,67ccaea53f89047d3baada313f51c19d064802d7bfdf320794353f77373804e5,4,87.14989775400842050476353186,TRUNCATED_SLICE_150_NONCANONICAL,QUALIFIED_BY_V3_PRICE_PATH,V3_OPERATIONAL_PRICE_PATH,False,REAL_RESEARCH_SNAPSHOT_V1/daily_status.is_st_sec,False,False,,True
c6ea53e4bac2ce196a14376c089dd2bceaea6e91c65ec7f3ac3d626a159f5a82,000630.SZ,2026-01-29,3f53d086f9c262ffd8d595273ef915cabf791324dfb700a6b9c73f0edea982d8,4,89.38295342593820918341770346,TRUNCATED_SLICE_150_NONCANONICAL,QUALIFIED_BY_V3_PRICE_PATH,V3_OPERATIONAL_PRICE_PATH,False,REAL_RESEARCH_SNAPSHOT_V1/daily_status.is_st_sec,False,False,,True
4041531cdf17832698d3e3424338c45a2f5f4461a0333e1be2861ec8898c060e,000632.SZ,2025-11-12,ce60243cab4136cc9d717ddf4fddc8446056014d038dfa23857a8bdd339d3b14,4,84.02891282600834910232710557,TRUNCATED_SLICE_150_NONCANONICAL,QUALIFIED_BY_V3_PRICE_PATH,V3_OPERATIONAL_PRICE_PATH,False,REAL_RESEARCH_SNAPSHOT_V1/daily_status.is_st_sec,False,False,,True
49b186b7b73747312a0d4b9bc2852a8ad0d260da6f2ed1557a4af8ae6ebe166c,000639.SZ,2024-11-07,0014784a2aecaf8301bfa2d5d4283db80e78d222bb5a11af607f5df3a20f050f,4,87.21872853387063153746299007,TRUNCATED_SLICE_150_NONCANONICAL,QUALIFIED_BY_V3_PRICE_PATH,V3_OPERATIONAL_PRICE_PATH,False,REAL_RESEARCH_SNAPSHOT_V1/daily_status.is_st_sec,False,False,,True
4bb94c88325bfc3fc97d96acc44e63c36e8202a4c5a13986e788f93d17e0f4a7,000665.SZ,2025-03-11,7f72afd060530213f3c44020546da958d8e91a18642ed15740958d53a5d6e2fa,4,84.38649557842419513461822068,TRUNCATED_SLICE_150_NONCANONICAL,QUALIFIED_BY_V3_PRICE_PATH,V3_OPERATIONAL_PRICE_PATH,False,REAL_RESEARCH_SNAPSHOT_V1/daily_status.is_st_sec,False,False,,True
e7cd930d69a9c926606112e80654400c8962fb20d491caff47866b681d2dde9d,000678.SZ,2025-03-13,5afa97d0bf355a751fbc8ce7ae984e7e309818c371dc03c3df55123ada8b8d10,4,87.46151414946318008615982052,TRUNCATED_SLICE_150_NONCANONICAL,QUALIFIED_BY_V3_PRICE_PATH,V3_OPERATIONAL_PRICE_PATH,False,REAL_RESEARCH_SNAPSHOT_V1/daily_status.is_st_sec,False,False,,True
e27efbd33c02f1e70744fbe9191c09da009cb8bf9bb4e22c8299fa1dfe205f43,000681.SZ,2024-12-12,f9863c0e24fb779cd3d328399487eb3c6f096dba49d1f164121ed3b33a3f26d0,4,77.42454557690694694117750477,TRUNCATED_SLICE_150_NONCANONICAL,QUALIFIED_BY_V3_PRICE_PATH,V3_OPERATIONAL_PRICE_PATH,False,REAL_RESEARCH_SNAPSHOT_V1/daily_status.is_st_sec,False,False,,True
994bfcc7ef89cbde1ae652c221e2cf32e5a4ef2924dd18e5e84e50cbc10ba61a,000695.SZ,2025-05-22,3aeccb70d030d080268939a1bb979b04c56e92fa0a6690ff7cd6ebdc37fdd24d,4,82.50241784812166328283234645,TRUNCATED_SLICE_150_NONCANONICAL,QUALIFIED_BY_V3_PRICE_PATH,V3_OPERATIONAL_PRICE_PATH,False,REAL_RESEARCH_SNAPSHOT_V1/daily_status.is_st_sec,False,False,,True
0c5fdeebebd65d8b405bf9333c49f6757d73587c42db3f1c9dbdc6dd6e34638c,000712.SZ,2024-11-29,97c7740ebaa06d174241a7bbb47a9f06a0766d66fa11eb2223602236a9613d42,4,76.55681036031973007871139337,TRUNCATED_SLICE_150_NONCANONICAL,QUALIFIED_BY_V3_PRICE_PATH,V3_OPERATIONAL_PRICE_PATH,False,REAL_RESEARCH_SNAPSHOT_V1/daily_status.is_st_sec,False,False,,True
2c2a3d5a743062b84bf40b8bf32812f9b7502fc705a223d4c12f5ea30107368f,000712.SZ,2026-08-31,4da39623a4afe8278c65f8f9a9ee8d01a1b5b64e2d1001a9a7a3c9f47f0467cf,4,80.06064969928995548499994315,TRUNCATED_SLICE_150_NONCANONICAL,QUALIFIED_BY_V3_PRICE_PATH,V3_OPERATIONAL_PRICE_PATH,False,REAL_RESEARCH_SNAPSHOT_V1/daily_status.is_st_sec,False,False,,True
5488c88bc5496e5a9c8c9c856ed6612a652bb614a50fca02be98e6ef1302bf2b,000716.SZ,2024-11-06,36244c68c818a2a374868e29a42060e57e405cf5956f95f4d0dbf63d23b81fc4,4,88.61046094820035328309871095,TRUNCATED_SLICE_150_NONCANONICAL,QUALIFIED_BY_V3_PRICE_PATH,V3_OPERATIONAL_PRICE_PATH,False,REAL_RESEARCH_SNAPSHOT_V1/daily_status.is_st_sec,False,False,,True
874303574a6d4d5c514db4fe6810898b4c5596ba60101b9aa7c7e1ea19cccd4e,000716.SZ,2024-12-03,43cbc8efbc38ace6a5e977fa1e57af55bd263123cee961e04a1432f66a86f2d7,4,78.01961775026271776685256559,TRUNCATED_SLICE_150_NONCANONICAL,QUALIFIED_BY_V3_PRICE_PATH,V3_OPERATIONAL_PRICE_PATH,False,REAL_RESEARCH_SNAPSHOT_V1/daily_status.is_st_sec,False,False,,True
cde6572dfd791108aff0f46245fdfeb2ef9edeb611528364c0c1cf2ba760fe64,000717.SZ,2024-09-26,5443b5a9518074a8b34125e59f5e5a7c0cee12b40aa412771515be43e8a534f3,4,85.00711681324257463276058911,TRUNCATED_SLICE_150_NONCANONICAL,QUALIFIED_BY_V3_PRICE_PATH,V3_OPERATIONAL_PRICE_PATH,False,REAL_RESEARCH_SNAPSHOT_V1/daily_status.is_st_sec,False,False,,True
570d96b3401553da81e766610a7fcc4888774f10d96247904191285618cceae4,000717.SZ,2024-12-11,c171bdff7e40c2f7511932b6c8bb7f7ea5d0800fa234e32b0feb63f685a56c83,4,70.58765124310972228100590693,TRUNCATED_SLICE_150_NONCANONICAL,QUALIFIED_BY_V3_PRICE_PATH,V3_OPERATIONAL_PRICE_PATH,False,REAL_RESEARCH_SNAPSHOT_V1/daily_status.is_st_sec,False,False,,True
d2bf93bebf3701ed407e5a615e954bedff189760805538b03bb407df2317de27,000718.SZ,2025-09-12,72ee28bf442610e40e4c6a8bc39dc6d019f8789904c04e9784ad736fbeac05fc,4,90.66171149647591213851469006,TRUNCATED_SLICE_150_NONCANONICAL,QUALIFIED_BY_V3_PRICE_PATH,V3_OPERATIONAL_PRICE_PATH,False,REAL_RESEARCH_SNAPSHOT_V1/daily_status.is_st_sec,False,False,,True
139d2644fd940643671d84cfabbe727eea894a1c66a0bf529f59fad1a3dfce8a,000720.SZ,2026-03-27,d77d2335255aadc87320ec08f75acd91947286c6a4a75cae87b0812a585a5a67,4,77.20087666343053755949002081,TRUNCATED_SLICE_150_NONCANONICAL,QUALIFIED_BY_V3_PRICE_PATH,V3_OPERATIONAL_PRICE_PATH,False,REAL_RESEARCH_SNAPSHOT_V1/daily_status.is_st_sec,False,False,,True
d9dfe878cdd87ddb52bb824b6d097dfcaa96eea89f048d1e37a7d1b1cff7b315,000750.SZ,2024-09-27,39286b5f49a095438e5393d4484769ebb4cdefc27da980233e4dacc77020142f,4,86.53902022661788849035471741,TRUNCATED_SLICE_150_NONCANONICAL,QUALIFIED_BY_V3_PRICE_PATH,V3_OPERATIONAL_PRICE_PATH,False,REAL_RESEARCH_SNAPSHOT_V1/daily_status.is_st_sec,False,False,,True
099caa1db09ef814d94e3eb81313bb5f0048b6405fa74360535eb9a22718cf56,000753.SZ,2024-11-29,9c14cfdbbce4e47dfc4ceb4b0c1210a8c62b38fd888e61231c18d48e2156bf82,4,86.76378262952295355792149807,TRUNCATED_SLICE_150_NONCANONICAL,QUALIFIED_BY_V3_PRICE_PATH,V3_OPERATIONAL_PRICE_PATH,False,REAL_RESEARCH_SNAPSHOT_V1/daily_status.is_st_sec,False,False,,True
4bd1a370d02234393c1fb45d2db79418324424a2f5204a6024a584003cfb380b,000759.SZ,2024-12-12,ab26e31722992c161d49d0434679bc5e895b7c8a8f6de439e2acaded6aaf1aa7,4,85.94572276130853664508348914,TRUNCATED_SLICE_150_NONCANONICAL,QUALIFIED_BY_V3_PRICE_PATH,V3_OPERATIONAL_PRICE_PATH,False,REAL_RESEARCH_SNAPSHOT_V1/daily_status.is_st_sec,False,False,,True
dcdc46123181a0690791a5095bad11039fe08602fb997fbf933b3dc7a3172663,000759.SZ,2024-12-30,02aeda52a319c5d49e0c11630ceb96295c9c8b5525e34ac5a3172b7add93ec4e,4,79.83980272127405153433700993,TRUNCATED_SLICE_150_NONCANONICAL,QUALIFIED_BY_V3_PRICE_PATH,V3_OPERATIONAL_PRICE_PATH,False,REAL_RESEARCH_SNAPSHOT_V1/daily_status.is_st_sec,False,False,,True
462cf0b9a615e399de20a465065b86b0660aa392898896f1781473c2a77c366c,000783.SZ,2024-10-08,16e5a3cdd6a2f71456ccf64ea3c9f8199750ce1826d60ec28ab14dbca4d5340b,4,93.51212383615450922707446362,TRUNCATED_SLICE_150_NONCANONICAL,QUALIFIED_BY_V3_PRICE_PATH,V3_OPERATIONAL_PRICE_PATH,False,REAL_RESEARCH_SNAPSHOT_V1/daily_status.is_st_sec,False,False,,True
6cb3dd9130197fb45f084d54a5d68b2c40101854712d185ba71ea65cffdcf25a,000785.SZ,2024-12-12,9fd1611e08a112e3def3c3dfb73986c3367c301fe33aea4d796f8e2c32cbce61,4,83.29247525342333565419034574,TRUNCATED_SLICE_150_NONCANONICAL,QUALIFIED_BY_V3_PRICE_PATH,V3_OPERATIONAL_PRICE_PATH,False,REAL_RESEARCH_SNAPSHOT_V1/daily_status.is_st_sec,False,False,,True
48996adfc270240ed3ca9ffea396156b2dacae546539ce751a697d4222ca4cf4,000785.SZ,2025-02-13,8be8c8d27dcc54089a693c221917eee57150283b52500e0cbfb4c2f4810a7b32,4,75.45243974744099013936637681,TRUNCATED_SLICE_150_NONCANONICAL,QUALIFIED_BY_V3_PRICE_PATH,V3_OPERATIONAL_PRICE_PATH,False,REAL_RESEARCH_SNAPSHOT_V1/daily_status.is_st_sec,False,False,,True
4c389734470026083f9686f946fda3e27ca94c0847d0ed16ba239525bddd67b8,000793.SZ,2024-10-28,13f7ba09581cd7929f7497fa4429e1618ff1e1d77bc47b0c3671dd07e393cef2,4,86.74047643001713792604064456,TRUNCATED_SLICE_150_NONCANONICAL,QUALIFIED_BY_V3_PRICE_PATH,V3_OPERATIONAL_PRICE_PATH,False,REAL_RESEARCH_SNAPSHOT_V1/daily_status.is_st_sec,False,False,,True
c66377e96ab87a4bc71f3d43ec0949e8067310ce76d6567bbf6699687d4b47cd,000795.SZ,2024-11-05,ea4bb8028a69a16bd012c108e011f4095d46cd3f3d90205c2a0c2387caed51aa,4,89.61211550426990949510768772,TRUNCATED_SLICE_150_NONCANONICAL,QUALIFIED_BY_V3_PRICE_PATH,V3_OPERATIONAL_PRICE_PATH,False,REAL_RESEARCH_SNAPSHOT_V1/daily_status.is_st_sec,False,False,,True
d585e938f3dc9d41a7d65e4321f9941c6a707c4de9f1c87aa1f7ee42699fa2a5,000798.SZ,2025-11-19,d3ffbfa216d25490007b6710d0450a7212a9f9bf1df4b93a95413c61b3045b56,4,94.10315092166356862369964368,TRUNCATED_SLICE_150_NONCANONICAL,QUALIFIED_BY_V3_PRICE_PATH,V3_OPERATIONAL_PRICE_PATH,False,REAL_RESEARCH_SNAPSHOT_V1/daily_status.is_st_sec,False,False,,True
8b5a4ee61b43fa2d11a2b71af83f5e3d7a56bc8b2f045ac5a4f19ac77511b9b0,000799.SZ,2024-10-08,aef7722b7e070244d6bff97c471155b628070934caee21e8559138ade803d477,4,86.69242898038503566353172518,TRUNCATED_SLICE_150_NONCANONICAL,QUALIFIED_BY_V3_PRICE_PATH,V3_OPERATIONAL_PRICE_PATH,False,REAL_RESEARCH_SNAPSHOT_V1/daily_status.is_st_sec,False,False,,True
4173d88e4436d2aad3a25d100a3dcb3d9fe059e79ec8f8710c161f8084cce70f,000801.SZ,2024-11-21,aee4ea64688e3f711b7ea6ce7b58bdc27a6670e3d0581c1d6940a8afc2e56da6,4,72.70007372191912262405419688,TRUNCATED_SLICE_150_NONCANONICAL,QUALIFIED_BY_V3_PRICE_PATH,V3_OPERATIONAL_PRICE_PATH,False,REAL_RESEARCH_SNAPSHOT_V1/daily_status.is_st_sec,False,False,,True
a6adfd1102d997960781e642a292c5e319187facb232d6b7bfbd6329631411ab,000802.SZ,2026-08-13,396dd849c73d478774b0bb1cae4c4b718f6cced15a7096225283f6cf50c60031,4,85.07060495637528637406435872,TRUNCATED_SLICE_150_NONCANONICAL,QUALIFIED_BY_V3_PRICE_PATH,V3_OPERATIONAL_PRICE_PATH,False,REAL_RESEARCH_SNAPSHOT_V1/daily_status.is_st_sec,False,False,,True
518928717cfdce09650893e2b397a4f85a85e1d90493116abb6ade5b69dafec1,000811.SZ,2026-06-22,cf0939991b0102d2fad65e635d92d67905f6d5b5eed1e0e640b4db6244f56030,4,75.63243833572738851788753309,TRUNCATED_SLICE_150_NONCANONICAL,QUALIFIED_BY_V3_PRICE_PATH,V3_OPERATIONAL_PRICE_PATH,False,REAL_RESEARCH_SNAPSHOT_V1/daily_status.is_st_sec,False,False,,True
ff359fa6e30448a6278fa75eec6648c2003063dffda3535c37371bff0b11f27c,000813.SZ,2024-12-12,e312dbc201bbc32023b97e14a38c7f460121b89f97eadf13802544bda1defb9e,4,70.32650938678024958660265758,TRUNCATED_SLICE_150_NONCANONICAL,QUALIFIED_BY_V3_PRICE_PATH,V3_OPERATIONAL_PRICE_PATH,False,REAL_RESEARCH_SNAPSHOT_V1/daily_status.is_st_sec,False,False,,True
e9f0635ea444544c216ea5688d72b392f8539289bee40193f13ff37938cf654e,000818.SZ,2025-02-07,654ffb434c7f0726bf9355e416694bd8d3cc6c998a840d8ca27c1ea7f4e30121,4,73.06088923489531869123531044,TRUNCATED_SLICE_150_NONCANONICAL,QUALIFIED_BY_V3_PRICE_PATH,V3_OPERATIONAL_PRICE_PATH,False,REAL_RESEARCH_SNAPSHOT_V1/daily_status.is_st_sec,False,False,,True
f25b3d6ddc045e3fcd289bfb8208510459737e4ac334709b8a0d199989ecb4e2,000820.SZ,2026-08-04,fb6b54ce37e9fca18f6254f2c5a16f0af93de64d45d4dfe473df25594b16875c,4,80.12392561332417062373729637,TRUNCATED_SLICE_150_NONCANONICAL,QUALIFIED_BY_V3_PRICE_PATH,V3_OPERATIONAL_PRICE_PATH,False,REAL_RESEARCH_SNAPSHOT_V1/daily_status.is_st_sec,False,False,,True
f56435ffed1ef3b64c81d149c6411f98fedc713c0e8de82e2dbf0f452e5e49a0,000823.SZ,2026-06-26,2a6b25639289dc33acdcbeafb0533302aecc038c49f7589d7ce6a313cbd6ab55,4,76.18317931982418963753713713,TRUNCATED_SLICE_150_NONCANONICAL,QUALIFIED_BY_V3_PRICE_PATH,V3_OPERATIONAL_PRICE_PATH,False,REAL_RESEARCH_SNAPSHOT_V1/daily_status.is_st_sec,False,False,,True
4a0e59e2f0df9529a853836d4a67b2e439da12fe630cb550baf1be7e2862f685,000833.SZ,2024-11-13,de2e501384df8be7334493740f72cd8e9934f851391cf8dbbdeae56b056d7beb,4,90.40312136266392091025636047,TRUNCATED_SLICE_150_NONCANONICAL,QUALIFIED_BY_V3_PRICE_PATH,V3_OPERATIONAL_PRICE_PATH,False,REAL_RESEARCH_SNAPSHOT_V1/daily_status.is_st_sec,False,False,,True
9abb0e52ccb623ef8016be18576347d3b5a2e5e51fecfa5d882405ea2fad768b,000833.SZ,2024-11-22,77e79b56cc192292627561aeb355ef878635570e21cfa2b3241e2dd9185510d7,5,97.66700667871015944973502570,TRUNCATED_SLICE_150_NONCANONICAL,QUALIFIED_BY_V3_PRICE_PATH,V3_OPERATIONAL_PRICE_PATH,False,REAL_RESEARCH_SNAPSHOT_V1/daily_status.is_st_sec,False,False,,True
4c93781549febdbfb96ffa43a67a69db664e26514bf0cd8f151501ac35b161d0,000852.SZ,2025-10-23,ee9fe4bdcee0f10d788d50925c391cbb7f279b4d8b96967359e43b597bf41268,4,87.93401260028169556097579587,TRUNCATED_SLICE_150_NONCANONICAL,QUALIFIED_BY_V3_PRICE_PATH,V3_OPERATIONAL_PRICE_PATH,False,REAL_RESEARCH_SNAPSHOT_V1/daily_status.is_st_sec,False,False,,True
f9662dd7773e05388702ce2b0abc84daa4cca10fb89b4684adfb60636cf32394,000856.SZ,2025-01-23,43e4126e9ac07f3be5760f810d9dbd49610a8b07c1f14627d448fe8c9e8acce1,4,81.59453238368415881325035620,TRUNCATED_SLICE_150_NONCANONICAL,QUALIFIED_BY_V3_PRICE_PATH,V3_OPERATIONAL_PRICE_PATH,False,REAL_RESEARCH_SNAPSHOT_V1/daily_status.is_st_sec,False,False,,True
291b0b0bc4b26ca62fda81af2428ab5bb44ac25d48964b9a9883e298da2d9272,000856.SZ,2025-02-20,5aa7c44678a5ae49db92a8a26f8139c52b0f9d7612189a177453241ef8e986c1,4,78.17750141986947009042376125,TRUNCATED_SLICE_150_NONCANONICAL,QUALIFIED_BY_V3_PRICE_PATH,V3_OPERATIONAL_PRICE_PATH,False,REAL_RESEARCH_SNAPSHOT_V1/daily_status.is_st_sec,False,False,,True
153b404e57cdfc98e3f271c603c95285e4360f7dbfd230c914093a505c0497f6,000859.SZ,2024-10-21,d0ed8f5e29ce4d66c8c724923efa2d98e57f1e62cc1dfbaba9649006866f09d3,4,80.25597327877860275693186963,TRUNCATED_SLICE_150_NONCANONICAL,QUALIFIED_BY_V3_PRICE_PATH,V3_OPERATIONAL_PRICE_PATH,False,REAL_RESEARCH_SNAPSHOT_V1/daily_status.is_st_sec,False,False,,True
09aad2da125005b68764ac50b41692a8178384282a9f4188bc344890b03ee146,000859.SZ,2025-11-24,b4fbcea368c7ffc9f4f0e45ccd047bcb3fe4dfe0a990771b4dc2e4e707e86130,4,90.60918903579495474567291088,TRUNCATED_SLICE_150_NONCANONICAL,QUALIFIED_BY_V3_PRICE_PATH,V3_OPERATIONAL_PRICE_PATH,False,REAL_RESEARCH_SNAPSHOT_V1/daily_status.is_st_sec,False,False,,True
cae1908ef883144739388484db538e90cad723600eedbc9959f72eaa212b3f7d,000880.SZ,2024-07-31,8e848ec27a8f2479a125065404dc50f30c3ffe8451f3c62e0257b9e1429ac619,4,83.72740260677299127435516801,TRUNCATED_SLICE_150_NONCANONICAL,QUALIFIED_BY_V3_PRICE_PATH,V3_OPERATIONAL_PRICE_PATH,False,REAL_RESEARCH_SNAPSHOT_V1/daily_status.is_st_sec,False,False,,True
d00541fe49cdcbbf005e887fc8adccf0de79c9b9548d9975e73777b5f73cb4ca,000880.SZ,2024-12-26,2cfd264cd4fb335c9a8f3edf103cdf5a32ac9fd65560c2aeceb34270f72e36d3,4,81.26857634741130398210084259,TRUNCATED_SLICE_150_NONCANONICAL,QUALIFIED_BY_V3_PRICE_PATH,V3_OPERATIONAL_PRICE_PATH,False,REAL_RESEARCH_SNAPSHOT_V1/daily_status.is_st_sec,False,False,,True
1d42b839cadf3adf633053ff529a32266a13de2abba6e3592ffc4d028b3262c5,000882.SZ,2025-01-23,61051e69ed2a0874ec34c55911ebb63b2dc7359e6d24cd68ff98f363a33c79b0,4,73.30621619797864335874154346,TRUNCATED_SLICE_150_NONCANONICAL,QUALIFIED_BY_V3_PRICE_PATH,V3_OPERATIONAL_PRICE_PATH,False,REAL_RESEARCH_SNAPSHOT_V1/daily_status.is_st_sec,False,False,,True
7f8537757b92aa02f86699a3760900588497e0a2bb96b28f7020f3aa9f6674b2,000889.SZ,2025-06-09,5060c23a894300cf233a25e4b52c6bb84d2d3b32bc3cf59242bdd57b74655ce6,4,80.55787706339709682153716758,TRUNCATED_SLICE_150_NONCANONICAL,QUALIFIED_BY_V3_PRICE_PATH,V3_OPERATIONAL_PRICE_PATH,False,REAL_RESEARCH_SNAPSHOT_V1/daily_status.is_st_sec,False,False,,True
89e201d263b60e255fd895dc75473ad57aeaabfc2eb8563ab02cf674f14e0e2d,000889.SZ,2026-04-15,5bf32f901716c160f20ba26b3e7b28b581b23a901a9d23290ade062c444e5536,4,70.22853226768841930293929026,TRUNCATED_SLICE_150_NONCANONICAL,QUALIFIED_BY_V3_PRICE_PATH,V3_OPERATIONAL_PRICE_PATH,False,REAL_RESEARCH_SNAPSHOT_V1/daily_status.is_st_sec,False,False,,True
8d9595f1609e949ddafe7541f7cb5ba6d1368a07f15712127fd2767ec25aa201,000890.SZ,2025-12-16,a40cbd45fc08a3866f6918887b15f6bea61d64c4e9f12a4e4223dcf8b6055687,4,85.75843238733124813956252529,TRUNCATED_SLICE_150_NONCANONICAL,QUALIFIED_BY_V3_PRICE_PATH,V3_OPERATIONAL_PRICE_PATH,False,REAL_RESEARCH_SNAPSHOT_V1/daily_status.is_st_sec,False,False,,True
9f88c568d3bd3848c81febfd956800fed65e9d39da019f39cdc9a6bfd0263fc0,000890.SZ,2026-02-26,1be3195da52ca742efc55fcbce32a189fe43df93aae480936caff8e3b4ddd9a6,4,85.54786118581854434744662112,TRUNCATED_SLICE_150_NONCANONICAL,QUALIFIED_BY_V3_PRICE_PATH,V3_OPERATIONAL_PRICE_PATH,False,REAL_RESEARCH_SNAPSHOT_V1/daily_status.is_st_sec,False,False,,True
c3756b56d488a6ef20547fcf4760b7e6268181cb55be5bd95c3f20e9e50a5539,000890.SZ,2026-03-17,e08310e3c5006316aae43755f204be7b9d7c7150c18f4719f3c745c175a7f94d,4,88.60769722712749218981608205,TRUNCATED_SLICE_150_NONCANONICAL,QUALIFIED_BY_V3_PRICE_PATH,V3_OPERATIONAL_PRICE_PATH,False,REAL_RESEARCH_SNAPSHOT_V1/daily_status.is_st_sec,False,False,,True
fb3e55467e7bf524c7a0923d62f9de3f87fe035dccc88a45cdad3f2ced529b23,000892.SZ,2025-02-26,01b584072a41518f5d02f5674ae34338cd8a9f3840adc0a8e3a3198c25bf8b19,4,78.81212694062941538310437410,TRUNCATED_SLICE_150_NONCANONICAL,QUALIFIED_BY_V3_PRICE_PATH,V3_OPERATIONAL_PRICE_PATH,False,REAL_RESEARCH_SNAPSHOT_V1/daily_status.is_st_sec,False,False,,True
e0d3f8d727c13c65b20f41a28c826aea7a0a0a976fbfbd220083326f736657bf,000892.SZ,2025-11-26,70102ad21bfa03db0df29891beff933d43024a3d80a39ec483753e832c015f15,4,75.35612482619728954452766969,TRUNCATED_SLICE_150_NONCANONICAL,QUALIFIED_BY_V3_PRICE_PATH,V3_OPERATIONAL_PRICE_PATH,False,REAL_RESEARCH_SNAPSHOT_V1/daily_status.is_st_sec,False,False,,True
635c64d0a466b8b2af99dff4516bdd94c15373ed89d2b8329827348d6653afba,000892.SZ,2026-09-04,4323f54287ed037b761baa4d55fe1d415bd68dc6da165a9c8f2530339c159788,4,77.56207017295215444412150796,TRUNCATED_SLICE_150_NONCANONICAL,QUALIFIED_BY_V3_PRICE_PATH,V3_OPERATIONAL_PRICE_PATH,False,REAL_RESEARCH_SNAPSHOT_V1/daily_status.is_st_sec,False,False,,True
ebcd3b6fca50b17bcd2c70158cacdfc5bfc9708e2e177678e875c79c7a0bfc66,000901.SZ,2025-08-11,79e1d4d2384c93b6cba7b150a466cad8f5617006e8bfba0d4468f62b0e9a3945,4,84.22742450005020877636380913,TRUNCATED_SLICE_150_NONCANONICAL,QUALIFIED_BY_V3_PRICE_PATH,V3_OPERATIONAL_PRICE_PATH,False,REAL_RESEARCH_SNAPSHOT_V1/daily_status.is_st_sec,False,False,,True
6e99b39df2ae3c597afacda974b2cfc1ed6a6e787b7a1cc2e99d658cb9f36e83,000903.SZ,2024-10-31,95ed2af8f6099efd14bc06fa8feacb3a42e670ee98a55b97c372b507ca0dfc2a,4,83.50808710749178148584268122,TRUNCATED_SLICE_150_NONCANONICAL,QUALIFIED_BY_V3_PRICE_PATH,V3_OPERATIONAL_PRICE_PATH,False,REAL_RESEARCH_SNAPSHOT_V1/daily_status.is_st_sec,False,False,,True
362bfed97823e593b1c59641be74381c5f1404f5dee16d1c83c40e4dea61ebd4,000903.SZ,2024-12-06,a7c835dff38e857ad432501ce591a7bf09c677a5176c8b736b0d070dd360f12d,4,81.80209115903932057098519075,TRUNCATED_SLICE_150_NONCANONICAL,QUALIFIED_BY_V3_PRICE_PATH,V3_OPERATIONAL_PRICE_PATH,False,REAL_RESEARCH_SNAPSHOT_V1/daily_status.is_st_sec,False,False,,True
2241de57dbf7a7c60caea3f2fefc36f7e8ddec7d0ed18542c20bbabdf04bee34,000903.SZ,2025-05-29,9c5a9620d4ec8dc494073de986322fd5320d7e838c1d390065a2aff49e57be0f,4,79.33369585634188579035241569,TRUNCATED_SLICE_150_NONCANONICAL,QUALIFIED_BY_V3_PRICE_PATH,V3_OPERATIONAL_PRICE_PATH,False,REAL_RESEARCH_SNAPSHOT_V1/daily_status.is_st_sec,False,False,,True
0569b5912b93d19cb7dd540a2f36327971f1df5983f69e978a97b6634cd21474,000905.SZ,2025-12-10,96bfd3cc01f023962e2fe88b34626adf67a8661cf625ddf55dcae05ea79466c1,4,79.43030401456599439341805593,TRUNCATED_SLICE_150_NONCANONICAL,QUALIFIED_BY_V3_PRICE_PATH,V3_OPERATIONAL_PRICE_PATH,False,REAL_RESEARCH_SNAPSHOT_V1/daily_status.is_st_sec,False,False,,True
b5ced6d5290e71e8d9bdd21fcd57e49718295d512b1017bf888eb4452511ace7,000910.SZ,2026-09-23,a1185f7a3a36911babe7b4fc919c3a8c668d3272cba65933face1adc5d0ee70d,4,84.85813161253901032696339299,TRUNCATED_SLICE_150_NONCANONICAL,QUALIFIED_BY_V3_PRICE_PATH,V3_OPERATIONAL_PRICE_PATH,False,REAL_RESEARCH_SNAPSHOT_V1/daily_status.is_st_sec,False,False,,True
d3477c4067b69c7d56e3b57fe5210e80fb92affe7068d7d3ea79cd67f6bcb95a,000917.SZ,2024-10-30,ba83c82066be8808c96d5cf8dca08155bb8438d8af31f6d3e36708d1941c332f,4,87.93745114825345841467197121,TRUNCATED_SLICE_150_NONCANONICAL,QUALIFIED_BY_V3_PRICE_PATH,V3_OPERATIONAL_PRICE_PATH,False,REAL_RESEARCH_SNAPSHOT_V1/daily_status.is_st_sec,False,False,,True
b40442aea43c68082c2b519626d799f44b086190c5c5893ef46c6b28ff3d847e,000948.SZ,2024-09-20,00757793ad7bfd2cf82267c4226da600affd03aa81f6ae34c69bcc718f293530,4,80.61380672519540956707815979,TRUNCATED_SLICE_150_NONCANONICAL,QUALIFIED_BY_V3_PRICE_PATH,V3_OPERATIONAL_PRICE_PATH,False,REAL_RESEARCH_SNAPSHOT_V1/daily_status.is_st_sec,False,False,,True
b5e3ed28816c0217625c3a783c8c11180f5f87ad875d12b94975af8b3b748ded,000952.SZ,2025-11-27,7a85ab6134f3fa60922d9a172a74e77308f941559548dae7add21bdd8ac0036b,4,81.25937786432410904776737544,TRUNCATED_SLICE_150_NONCANONICAL,QUALIFIED_BY_V3_PRICE_PATH,V3_OPERATIONAL_PRICE_PATH,False,REAL_RESEARCH_SNAPSHOT_V1/daily_status.is_st_sec,False,False,,True
6e61b8125bf763f0161dbab6e72538fda38257dcb8ecaeb40751a134653cb948,000953.SZ,2024-08-02,bdfcb25124b17adbfd59d12c0e8471e9717092f85d7e78bff888eb609ad2acd0,4,79.80472621756367035405122915,TRUNCATED_SLICE_150_NONCANONICAL,QUALIFIED_BY_V3_PRICE_PATH,V3_OPERATIONAL_PRICE_PATH,False,REAL_RESEARCH_SNAPSHOT_V1/daily_status.is_st_sec,False,False,,True
10572da36003db7bdc5690b40be3f2f3542c1c709c0379cdcd32c99c23517d00,000958.SZ,2024-10-24,acdc83742afd4596a256df25e799742d0f9b5482a160ab2f5a0606c28b8c4b36,4,94.23937461386334226056658122,TRUNCATED_SLICE_150_NONCANONICAL,QUALIFIED_BY_V3_PRICE_PATH,V3_OPERATIONAL_PRICE_PATH,False,REAL_RESEARCH_SNAPSHOT_V1/daily_status.is_st_sec,False,False,,True
f7cf556d625f6998c3acaddaa9f0677cbd630d52b1f2137395458148c727c2db,000958.SZ,2024-11-04,4e55925fb31a52de73e750a3917e81dde7230370579e1bdd5fa25654bec49040,4,81.54497231014144378167216108,TRUNCATED_SLICE_150_NONCANONICAL,QUALIFIED_BY_OPERATIONAL_STATUS,OPERATIONAL_VENDOR_SCREEN,False,REAL_RESEARCH_SNAPSHOT_V1/daily_status.is_st_sec,False,False,,False
f3bd2239e31581894d97c3f9d6a3aec77e568658680a602e94faec47da667301,000965.SZ,2025-04-21,62da1b6cd6d586ac8057fb964966d08a8941d0a65afefe80396b61eae3c46c0c,4,76.93401868081449217041598387,TRUNCATED_SLICE_150_NONCANONICAL,QUALIFIED_BY_V3_PRICE_PATH,V3_OPERATIONAL_PRICE_PATH,False,REAL_RESEARCH_SNAPSHOT_V1/daily_status.is_st_sec,False,False,,True
6b28c48c2235d47fe7be93a0fb3699a5045fa69bccb5e47d89ab89f0f61c817e,000967.SZ,2025-02-21,ab18f6ec28ae40929222f18362cb155ab4017ed66e66bbeb37bf64b8a83f6369,4,86.12319747155829836833837009,TRUNCATED_SLICE_150_NONCANONICAL,QUALIFIED_BY_V3_PRICE_PATH,V3_OPERATIONAL_PRICE_PATH,False,REAL_RESEARCH_SNAPSHOT_V1/daily_status.is_st_sec,False,False,,True
72661c6835b773b149f9e89ec750e02b58f3989010691282248b44a63ca33af1,000969.SZ,2025-10-14,20d085783ba33edcd14d3f014db37f7461744aba1128a2348a926800f0b0c6e0,4,84.78686450543690999881036740,TRUNCATED_SLICE_150_NONCANONICAL,QUALIFIED_BY_V3_PRICE_PATH,V3_OPERATIONAL_PRICE_PATH,False,REAL_RESEARCH_SNAPSHOT_V1/daily_status.is_st_sec,False,False,,True
b0dfe72cb54941d7c185ffbedd96e8007b0080cdaf949c7acd130c542c0d62bf,000973.SZ,2024-11-19,407469d5302514e7a19eef75b6b30f19541cd3c5971fae12bea29f0e7fd54692,4,91.64925222916238805301465722,TRUNCATED_SLICE_150_NONCANONICAL,QUALIFIED_BY_V3_PRICE_PATH,V3_OPERATIONAL_PRICE_PATH,False,REAL_RESEARCH_SNAPSHOT_V1/daily_status.is_st_sec,False,False,,True
ac11babf5695a53adbf3d45377b77610560e5ec4eae7a8f31f542264ef2bc5a7,000978.SZ,2026-09-10,9b6a04cf39ffacdec2eb73f10bd0525806414edc0a91dd02c6c6e9a22e6161e2,4,92.44948128623731504687245009,TRUNCATED_SLICE_150_NONCANONICAL,QUALIFIED_BY_V3_PRICE_PATH,V3_OPERATIONAL_PRICE_PATH,False,REAL_RESEARCH_SNAPSHOT_V1/daily_status.is_st_sec,False,False,,True
08afc04849dc49c4f81f1ddbd76264a15ea2e9e1cb6506a1b236b94f46a60d7f,000980.SZ,2024-08-05,891b338fe5673a44825be911a8ded340ee28d2691e29d9ff58f5bd81ddac4e65,4,79.41596409819761691162728558,TRUNCATED_SLICE_150_NONCANONICAL,QUALIFIED_BY_V3_PRICE_PATH,V3_OPERATIONAL_PRICE_PATH,False,REAL_RESEARCH_SNAPSHOT_V1/daily_status.is_st_sec,False,False,,True
ce28d924d6425fd9c73c4fbb9d1ad963c2aa6e68290b3152c5115d309cb22dd5,000980.SZ,2026-09-14,893eed7cdcd5a53b190c1c232c7adf1a1e6224e178d56ae65a7256761edc018c,4,75.38668016586153475064402951,TRUNCATED_SLICE_150_NONCANONICAL,QUALIFIED_BY_V3_PRICE_PATH,V3_OPERATIONAL_PRICE_PATH,False,REAL_RESEARCH_SNAPSHOT_V1/daily_status.is_st_sec,False,False,,True
ed0d1ee7d01a682e76f151d86521b200c30f9fb95579fb391dc9f0463bab0bba,000981.SZ,2024-11-08,b077614563ec71544931ae806b3a0de302f6477a857487776e81042c3ee42ca9,4,84.54277921498902102585727353,TRUNCATED_SLICE_150_NONCANONICAL,QUALIFIED_BY_V3_PRICE_PATH,V3_OPERATIONAL_PRICE_PATH,False,REAL_RESEARCH_SNAPSHOT_V1/daily_status.is_st_sec,False,False,,True
2780bebf80a2a570f9dcaccf9366b4f1cf6131a380ac660405345885de1bd98a,000981.SZ,2024-12-06,825fbb6b54907aa0cf578c428c2338d08207f42f736c9896474856b6bc82de99,4,78.77208289669547571237307947,TRUNCATED_SLICE_150_NONCANONICAL,QUALIFIED_BY_V3_PRICE_PATH,V3_OPERATIONAL_PRICE_PATH,False,REAL_RESEARCH_SNAPSHOT_V1/daily_status.is_st_sec,False,False,,True
8574d04bb85174d7f6c4b03e4936dd16f4c29ec6522556dfb734723fa1bd6f54,000981.SZ,2025-09-17,f5c56574d62c617f8ced46569534b3816281f7673143786da58162cc74078987,4,85.52306173747825765199197842,TRUNCATED_SLICE_150_NONCANONICAL,QUALIFIED_BY_V3_PRICE_PATH,V3_OPERATIONAL_PRICE_PATH,False,REAL_RESEARCH_SNAPSHOT_V1/daily_status.is_st_sec,False,False,,True
fc5fb9c94a400bc9123638045f3be65d7f9360ff16e485aa2a0852c40ab77195,000993.SZ,2025-11-10,f512b58c27a4e7612e526336e20b8e68dd52f07ad3d1274ef206d2b5b6d3947d,4,86.52738280581969020712214580,TRUNCATED_SLICE_150_NONCANONICAL,QUALIFIED_BY_V3_PRICE_PATH,V3_OPERATIONAL_PRICE_PATH,False,REAL_RESEARCH_SNAPSHOT_V1/daily_status.is_st_sec,False,False,,True
e1ec16d75e5baaf763645b0871b7320a1ad1c6fb0d60a76ddb65286b48e5a8e5,000993.SZ,2026-09-14,efb9057201fb81f7df56d2b4341cad543a5cebbaac3ea166225d430cb09ecbef,4,89.35401962911119550891005908,TRUNCATED_SLICE_150_NONCANONICAL,QUALIFIED_BY_V3_PRICE_PATH,V3_OPERATIONAL_PRICE_PATH,False,REAL_RESEARCH_SNAPSHOT_V1/daily_status.is_st_sec,False,False,,True
d1dbe633e9239b65ab5a54c542e2a740c73eed5701e4cd5c46c6528e25bb4eda,000995.SZ,2024-09-30,a679d7b7b81ddf0e81411d52c3e54723e156b484574476614eda3110c79a3f4b,4,82.02521830075363752204186814,TRUNCATED_SLICE_150_NONCANONICAL,QUALIFIED_BY_V3_PRICE_PATH,V3_OPERATIONAL_PRICE_PATH,False,REAL_RESEARCH_SNAPSHOT_V1/daily_status.is_st_sec,False,False,,True
606b046fd571039a14b89d3d30495738598cd6f5e2c679f303ec1ffcbe67c8a8,000995.SZ,2026-02-03,a12059ee7fb135374bb71da62c7dd08c2e37a5e27bab915c71b3f2376488c73d,4,88.77673227665519346145856430,TRUNCATED_SLICE_150_NONCANONICAL,QUALIFIED_BY_V3_PRICE_PATH,V3_OPERATIONAL_PRICE_PATH,False,REAL_RESEARCH_SNAPSHOT_V1/daily_status.is_st_sec,False,False,,True
a89a868c27be6168f4d23cfe4204ac6f6246dc72e136eda1da699318e39a583d,001208.SZ,2025-12-16,c2235e58000f6743e9528ef8214f0d7e1a5e5477c3943d69f46ea64d15a03031,4,91.06657521836433958837074469,TRUNCATED_SLICE_150_NONCANONICAL,QUALIFIED_BY_V3_PRICE_PATH,V3_OPERATIONAL_PRICE_PATH,False,REAL_RESEARCH_SNAPSHOT_V1/daily_status.is_st_sec,False,False,,True
8af21d145dbce0f311714aea4edb062ac89c324761e24847d312b98337c9e02d,001209.SZ,2024-12-02,81c2fdd11cd72f69c0865021ef07f184ab54ae9ae6ca7ee9ff701e154c030b99,4,87.05788373888821402223262144,TRUNCATED_SLICE_150_NONCANONICAL,QUALIFIED_BY_V3_PRICE_PATH,V3_OPERATIONAL_PRICE_PATH,False,REAL_RESEARCH_SNAPSHOT_V1/daily_status.is_st_sec,False,False,,True
8421c5163ec292d1389083fa721fa7ef054084921ad904af13170a6dcca8370d,001209.SZ,2025-11-10,2d9da0069b1c78863a213d99114494a997c20edf19f73bf66aea052a7898f123,4,88.37754741047870285055178547,TRUNCATED_SLICE_150_NONCANONICAL,QUALIFIED_BY_V3_PRICE_PATH,V3_OPERATIONAL_PRICE_PATH,False,REAL_RESEARCH_SNAPSHOT_V1/daily_status.is_st_sec,False,False,,True
1aefab3d49dc546c82b5571d3f5258224220800a1e3a0bf40847e3362fe419bc,001212.SZ,2024-07-25,3362d37e648d5473241865f83660476bcdb62de9c7de53fc1f6a4c959d8c1b09,4,77.44675278736546811250258790,TRUNCATED_SLICE_150_NONCANONICAL,QUALIFIED_BY_V3_PRICE_PATH,V3_OPERATIONAL_PRICE_PATH,False,REAL_RESEARCH_SNAPSHOT_V1/daily_status.is_st_sec,False,False,,True
42698a54952ee94915511971c47806fb4c1ee51711f6d55279040d3bdee2376e,001212.SZ,2025-04-07,71e14d2704ac7fc614b94d0880852f90f02916db8ec9466859874e370867345e,4,90.03378715630754528640374913,TRUNCATED_SLICE_150_NONCANONICAL,QUALIFIED_BY_V3_PRICE_PATH,V3_OPERATIONAL_PRICE_PATH,False,REAL_RESEARCH_SNAPSHOT_V1/daily_status.is_st_sec,False,False,,True
5e50e5b4d497458df9ae57ce634c4315441fb626d64c65014d2f2fec9abbf412,001216.SZ,2025-11-19,f7f2923c43a8842f5b7041961605feb297294c90175b7732c5e93eb097c48092,4,86.78788017583029238943090736,TRUNCATED_SLICE_150_NONCANONICAL,QUALIFIED_BY_V3_PRICE_PATH,V3_OPERATIONAL_PRICE_PATH,False,REAL_RESEARCH_SNAPSHOT_V1/daily_status.is_st_sec,False,False,,True
b947226f469501cc5cb93a6d0a3039e054fa21323d1175e04cbb63fc07d73eea,001216.SZ,2026-09-18,3e3eac968753388837fad7682433e2e7798a9e477b7a22cb95ea7bf0d6a2166b,4,89.07732691536104765769985231,TRUNCATED_SLICE_150_NONCANONICAL,QUALIFIED_BY_V3_PRICE_PATH,V3_OPERATIONAL_PRICE_PATH,False,REAL_RESEARCH_SNAPSHOT_V1/daily_status.is_st_sec,False,False,,True
13453d09d8e0301b8addba2813dddb964e5cbb6d80b6466e9b2e60f99c3fbec6,001226.SZ,2025-07-28,49b3c4e3388f7b4f6e32bab165d57905f82af3fbda49a8a5376c2071499d50cb,4,94.67890151915508370945711199,TRUNCATED_SLICE_150_NONCANONICAL,QUALIFIED_BY_V3_PRICE_PATH,V3_OPERATIONAL_PRICE_PATH,False,REAL_RESEARCH_SNAPSHOT_V1/daily_status.is_st_sec,False,False,,True
2289fd4fed3e380b8591b327efb00969e639caa9ce98318b6428299f94fa9862,001229.SZ,2024-11-22,a352c03f3f45fb07b8299c9f137fc9409ba98ba79dc820463fed3a4e37bb5b68,4,84.08145645900786292501704881,TRUNCATED_SLICE_150_NONCANONICAL,QUALIFIED_BY_V3_PRICE_PATH,V3_OPERATIONAL_PRICE_PATH,False,REAL_RESEARCH_SNAPSHOT_V1/daily_status.is_st_sec,False,False,,True
6306abc70871433f8933e74e349ce6ca336607b13791f7016ff78d4caa9be5b1,001234.SZ,2025-04-15,fae2580b4e6ec550f12673966d500da0acd947bd011b5be1092dd707352a303d,4,75.95507770442604698648504720,TRUNCATED_SLICE_150_NONCANONICAL,QUALIFIED_BY_V3_PRICE_PATH,V3_OPERATIONAL_PRICE_PATH,False,REAL_RESEARCH_SNAPSHOT_V1/daily_status.is_st_sec,False,False,,True
1543e8543b2e7d4f597690e348ddca5440e310e3741d809d336db7b68077a8ba,001234.SZ,2025-09-18,0150b01b98c731e358d4bddb707188c73eacd1949b4d3843970807445b966e91,4,86.44877070810539138093577431,TRUNCATED_SLICE_150_NONCANONICAL,QUALIFIED_BY_V3_PRICE_PATH,V3_OPERATIONAL_PRICE_PATH,False,REAL_RESEARCH_SNAPSHOT_V1/daily_status.is_st_sec,False,False,,True
28226d08d74f04978b9261ab38f0374a237593e63e1cb0f4b1aeacba6ca235c7,001236.SZ,2025-06-27,dd459da9bde7c9096230fb9e3c38880dc273f140b1cb4690d5c630c51aefdfdf,4,75.83075410740023746769223811,TRUNCATED_SLICE_150_NONCANONICAL,QUALIFIED_BY_V3_PRICE_PATH,V3_OPERATIONAL_PRICE_PATH,False,REAL_RESEARCH_SNAPSHOT_V1/daily_status.is_st_sec,False,False,,True
3593894e123be705a9c39a9a9aab356cc0031179dd76378c538a8e28a4257ee8,001255.SZ,2026-01-15,0fca44142fda34b90046bd9ae8b0f2a2676f236b78d2f9a063f902f1c134630e,4,79.47253783148232486757054619,TRUNCATED_SLICE_150_NONCANONICAL,QUALIFIED_BY_V3_PRICE_PATH,V3_OPERATIONAL_PRICE_PATH,False,REAL_RESEARCH_SNAPSHOT_V1/daily_status.is_st_sec,False,False,,True
603e87e193b58de66d49a9901feb4a64bfac0c2842c05b00e1adde4787e2bae2,001258.SZ,2026-07-21,98510d26744d85d3b3c622a1869a5126e41e0f2e1e01ffdbd5552b8c81808d84,4,75.32915131242354921446494933,TRUNCATED_SLICE_150_NONCANONICAL,QUALIFIED_BY_V3_PRICE_PATH,V3_OPERATIONAL_PRICE_PATH,False,REAL_RESEARCH_SNAPSHOT_V1/daily_status.is_st_sec,False,False,,True
cccdb12c278a0302b4c9285b53b8ec26d603842b4c10b03a932f08adce8d71b0,001259.SZ,2026-05-14,f0c2f433cdd5b4416f1a9884c17b1bb28f1d3eeebc18994d4067dcd81a32338d,4,92.87175180986863396233599890,TRUNCATED_SLICE_150_NONCANONICAL,QUALIFIED_BY_V3_PRICE_PATH,V3_OPERATIONAL_PRICE_PATH,False,REAL_RESEARCH_SNAPSHOT_V1/daily_status.is_st_sec,False,False,,True
61cc6c300604fd7c81899fb7008b6b54598ec84ecc8e71c03cf2a32ce0417d29,001298.SZ,2025-06-30,e57ecbac5acc911c38e695b182b6e7daadddd11d97ad64130907a04ad9dd75d6,4,86.64399355696098292860654344,TRUNCATED_SLICE_150_NONCANONICAL,QUALIFIED_BY_V3_PRICE_PATH,V3_OPERATIONAL_PRICE_PATH,False,REAL_RESEARCH_SNAPSHOT_V1/daily_status.is_st_sec,False,False,,True
f5bba428a164f2f2851a5989fa327d1c707f255e7794efa15e5d2c8babc06095,001316.SZ,2025-05-08,549d5116c48177c043163a339538b93decccb0e15c0b8859ef99271f5fb5c50e,4,73.74181774807844840511949598,TRUNCATED_SLICE_150_NONCANONICAL,QUALIFIED_BY_V3_PRICE_PATH,V3_OPERATIONAL_PRICE_PATH,False,REAL_RESEARCH_SNAPSHOT_V1/daily_status.is_st_sec,False,False,,True
6bb23ab521a3f2b5a659460e5516a569a693dd2ec01cd5f5926e86c47f804469,001318.SZ,2025-03-19,a237dd45f6246859839fec18e71247a5da832c9fdec9500d5387719586218caa,4,87.22875430661893389338326556,TRUNCATED_SLICE_150_NONCANONICAL,QUALIFIED_BY_V3_PRICE_PATH,V3_OPERATIONAL_PRICE_PATH,False,REAL_RESEARCH_SNAPSHOT_V1/daily_status.is_st_sec,False,False,,True
8398f2e8931652827d6d7834803b6165cafef71ffec4cd7654f61777d9d8cff9,001330.SZ,2025-12-12,9126d5f63452bf80d59cea37a1ff19ad5e145b5360b587831f81546d64803c24,4,93.29752166473316418153406369,TRUNCATED_SLICE_150_NONCANONICAL,QUALIFIED_BY_V3_PRICE_PATH,V3_OPERATIONAL_PRICE_PATH,False,REAL_RESEARCH_SNAPSHOT_V1/daily_status.is_st_sec,False,False,,True
3d5f869b43b4ab222cdfd691a645441cb6101749bb582b2699c6d100271ac35c,001331.SZ,2025-08-04,f121fa83b2437116587785d394379c027280e771ae076670138830fac2bba30a,4,91.89880456655762119159652172,TRUNCATED_SLICE_150_NONCANONICAL,QUALIFIED_BY_V3_PRICE_PATH,V3_OPERATIONAL_PRICE_PATH,False,REAL_RESEARCH_SNAPSHOT_V1/daily_status.is_st_sec,False,False,,True
4839d2074955e30c1e9d3ab26ec6289a37f2d1208104ceea3608bad0cfd3ff16,001331.SZ,2025-12-17,1e49b2cb240c70f26ff756a9734aad0802f9a3f8528460887e49de41d5e21f0f,4,85.80356429848656684729600016,TRUNCATED_SLICE_150_NONCANONICAL,QUALIFIED_BY_V3_PRICE_PATH,V3_OPERATIONAL_PRICE_PATH,False,REAL_RESEARCH_SNAPSHOT_V1/daily_status.is_st_sec,False,False,,True
68afb53bec7d3392deee661cd2055e138cfc1a1fafd7cfeb5f4a91d808e14814,001331.SZ,2025-12-26,7943d8294d978183f7a2e80f8f9fbd5c31cf4e6a45794f6f6a4c1fd56f160a0e,5,96.47984626373950366581024933,TRUNCATED_SLICE_150_NONCANONICAL,QUALIFIED_BY_V3_PRICE_PATH,V3_OPERATIONAL_PRICE_PATH,False,REAL_RESEARCH_SNAPSHOT_V1/daily_status.is_st_sec,False,False,,True
99cec5808872313a5cb0b9011d5834e061095e0242a93c0269205a9e647d11db,001331.SZ,2026-01-08,ddb52126e23c9c4e4dfd16cb8fd33d880706b60deeaf83675068d895c5dbc52d,4,98.19891074833606231223567817,TRUNCATED_SLICE_150_NONCANONICAL,QUALIFIED_BY_OPERATIONAL_STATUS,OPERATIONAL_VENDOR_SCREEN,False,REAL_RESEARCH_SNAPSHOT_V1/daily_status.is_st_sec,False,False,,False
d6b6f08902eeb1d2929cbeda633e199e8e1c2b3aa951b6c9386277efa023abd8,001337.SZ,2026-01-27,ce1ce2aa428bc1b6a95d42e9aa66cf4491ec50e25f48216bddc107f69c4fa0f8,4,94.08717937305764688729843352,TRUNCATED_SLICE_150_NONCANONICAL,QUALIFIED_BY_V3_PRICE_PATH,V3_OPERATIONAL_PRICE_PATH,False,REAL_RESEARCH_SNAPSHOT_V1/daily_status.is_st_sec,False,False,,True
272d493d9025d040a9a13fe578843e5e86b27243fbc4665bf121203941a1c8ab,001360.SZ,2025-07-23,7a1ec91259b0b677f28524194ed3c1742827cb9491d41289eba0317a8c00350c,4,93.77944789894284446044220702,TRUNCATED_SLICE_150_NONCANONICAL,QUALIFIED_BY_V3_PRICE_PATH,V3_OPERATIONAL_PRICE_PATH,False,REAL_RESEARCH_SNAPSHOT_V1/daily_status.is_st_sec,False,False,,True
bd04262773bd5263afefea163bb87f06dac45e5ff269210c1a76d592c09f31a9,001379.SZ,2024-07-25,f8f98ef3cea5fd808323f4f4145fd9bc6136b589de1d0432135c457cc9e7f03c,4,78.71070212727437850327317699,FULL_AVAILABLE_PREFIX,QUALIFIED_BY_V3_PRICE_PATH,V3_OPERATIONAL_PRICE_PATH,False,REAL_RESEARCH_SNAPSHOT_V1/daily_status.is_st_sec,False,False,,True
ecddf7cafc958b6e3019f716410d8993e687d6b95ca5052c4437260ee044e561,001379.SZ,2024-08-05,fb965141dbe636f7ac2a4a933d5d7e14b1cda72ca5c860eef43736e24ff30ae4,5,94.77036336489695591693442525,FULL_AVAILABLE_PREFIX,QUALIFIED_BY_V3_PRICE_PATH,V3_OPERATIONAL_PRICE_PATH,False,REAL_RESEARCH_SNAPSHOT_V1/daily_status.is_st_sec,False,False,,True
61f88fae8882bcde3a480899a5efe434fb848ca64da7a62ad7abb28178fcc7cc,001395.SZ,2025-04-18,9d06066f008b5b5928ec7f3b3c267f4acb487fcab832585f8fb3afceabd30156,4,71.09763301576498799811471398,FULL_AVAILABLE_PREFIX,QUALIFIED_BY_V3_PRICE_PATH,V3_OPERATIONAL_PRICE_PATH,False,REAL_RESEARCH_SNAPSHOT_V1/daily_status.is_st_sec,False,False,,True
74e42525bf390dc006bc4692ecde42ff4184f96cad55a4f4e48ca3423e854290,001400.SZ,2026-01-09,2f138638bc018638e6efb15308121aa462e1a2a83b57e099b7ab8cbbafb71385,4,89.32234366975176656341833588,FULL_AVAILABLE_PREFIX,QUALIFIED_BY_V3_PRICE_PATH,V3_OPERATIONAL_PRICE_PATH,False,REAL_RESEARCH_SNAPSHOT_V1/daily_status.is_st_sec,False,False,,True
6939a0eba9f0bb4748b24a25fd8782c81036f1eb9be565ba101b5ddda725dea0,001896.SZ,2026-02-24,e3f10bf7a583455427b10d0c96a21158f0f4e304e60e2f2255bffaf2d6478455,4,90.02396509149116642354830701,TRUNCATED_SLICE_150_NONCANONICAL,QUALIFIED_BY_V3_PRICE_PATH,V3_OPERATIONAL_PRICE_PATH,False,REAL_RESEARCH_SNAPSHOT_V1/daily_status.is_st_sec,False,False,,True
f739e1c44c1aa4583687fdb6332460ed151a88195b13fe5887e704fe469a85e0,002009.SZ,2025-12-30,c78e0ca53ca4f37a70097dd44633437741b1ea569bb921c346b617277bb3d59d,4,86.41113130565593189139235004,TRUNCATED_SLICE_150_NONCANONICAL,QUALIFIED_BY_V3_PRICE_PATH,V3_OPERATIONAL_PRICE_PATH,False,REAL_RESEARCH_SNAPSHOT_V1/daily_status.is_st_sec,False,False,,True
73a8f97bee57afe23a3a09d9eb82cb7e1ab665ec1b6aee6449dd512a46a0fd59,002015.SZ,2025-06-18,228b78ba0aa57d89181e0c76d5088ce167910d71d75e19bd56b08c09586cd38f,4,89.83144274202566590532679213,TRUNCATED_SLICE_150_NONCANONICAL,QUALIFIED_BY_V3_PRICE_PATH,V3_OPERATIONAL_PRICE_PATH,False,REAL_RESEARCH_SNAPSHOT_V1/daily_status.is_st_sec,False,False,,True
1fc50aad73e94c23c11ca2a1b58cd5af2778d3edd1a0ce62bd939506ccfe0840,002031.SZ,2024-12-04,85974c55382bd651dfa0b4bc02b5a91a4306c8e6eff1b07685aa5f948593ece2,4,79.08242523149336809826051558,TRUNCATED_SLICE_150_NONCANONICAL,QUALIFIED_BY_V3_PRICE_PATH,V3_OPERATIONAL_PRICE_PATH,False,REAL_RESEARCH_SNAPSHOT_V1/daily_status.is_st_sec,False,False,,True
f3a9bab391d5cee03e6a8a5658a2022c042430c023e5e0c38e497b580c4f32b0,002036.SZ,2025-02-11,6145a9451a6d9f4593548aad6d3e0e19ccc42505bc1c240761b2a432ae0820f9,4,79.52776201877708530392036928,TRUNCATED_SLICE_150_NONCANONICAL,QUALIFIED_BY_V3_PRICE_PATH,V3_OPERATIONAL_PRICE_PATH,False,REAL_RESEARCH_SNAPSHOT_V1/daily_status.is_st_sec,False,False,,True
5e08ac82a86e1ba8da32636d09afaf4c61b4410eaf5a1aead9ded1b978500f5a,002037.SZ,2025-07-24,7f867bfcad2e818f0fe8365cb78015999d104f03f6467eedf476d95b28bb08b5,4,87.60415132695789548512483751,TRUNCATED_SLICE_150_NONCANONICAL,QUALIFIED_BY_V3_PRICE_PATH,V3_OPERATIONAL_PRICE_PATH,False,REAL_RESEARCH_SNAPSHOT_V1/daily_status.is_st_sec,False,False,,True
18ba73370d1242aa2451518798acb8988e2b57eb7ac3d1f863a76a1fd40a1204,002040.SZ,2025-05-16,b7b43f2e8bcf8e1f7515ac118172f3fb7715d311a625fdeb27723f3801bbded6,4,80.18603829634006305200712907,TRUNCATED_SLICE_150_NONCANONICAL,QUALIFIED_BY_V3_PRICE_PATH,V3_OPERATIONAL_PRICE_PATH,False,REAL_RESEARCH_SNAPSHOT_V1/daily_status.is_st_sec,False,False,,True
b1953a459e62e3625ad16a6b541d0d0761d23140085f68fd8724239982129e77,002044.SZ,2026-01-14,d6822a1e7bdd5664be3f6e940a7c85867d8022569c0e3b3fee3450823bd175e2,4,84.82758240249708456809955093,TRUNCATED_SLICE_150_NONCANONICAL,QUALIFIED_BY_V3_PRICE_PATH,V3_OPERATIONAL_PRICE_PATH,False,REAL_RESEARCH_SNAPSHOT_V1/daily_status.is_st_sec,False,False,,True
fd9f5d51377ad9c571c47a26bba2bbbe8b903b841c11d89d5fa0a191dac7bee0,002045.SZ,2024-11-20,2032da0ab2bdf0ff3f490b70155b9f3fe3eafc4391acf5a0bf761aa23951e09f,4,87.85397600417811672978590996,TRUNCATED_SLICE_150_NONCANONICAL,QUALIFIED_BY_V3_PRICE_PATH,V3_OPERATIONAL_PRICE_PATH,False,REAL_RESEARCH_SNAPSHOT_V1/daily_status.is_st_sec,False,False,,True
8928f9bd025d5d6ec9a9963cfb7ade8e67c20667910da868f2dd121f8c0c6099,002046.SZ,2025-08-07,25f9b3ae5a809903e397de10484226f18c4ecc4329300821515d621ad40841ef,4,93.34528731094609115690705566,TRUNCATED_SLICE_150_NONCANONICAL,QUALIFIED_BY_V3_PRICE_PATH,V3_OPERATIONAL_PRICE_PATH,False,REAL_RESEARCH_SNAPSHOT_V1/daily_status.is_st_sec,False,False,,True
1801312b6151b483d7123a8c4cb0c15b43ac3ceb1c5162a312ceae8d82e7174a,002047.SZ,2024-11-01,40f38958b802604c34ae3c0d5a9a0ab5d90a6fb266d356f93adec6e9d5df3547,4,89.05650746733612583203207571,TRUNCATED_SLICE_150_NONCANONICAL,QUALIFIED_BY_V3_PRICE_PATH,V3_OPERATIONAL_PRICE_PATH,False,REAL_RESEARCH_SNAPSHOT_V1/daily_status.is_st_sec,False,False,,True
275516f11864f567651c9b8254e2ac1da95a1d808a05c423c8d648618a26d7cd,002052.SZ,2025-08-15,5ad9775ab594a9ee8e566b96748f2efa2995c0a2c0e3b6ec74d06900a452bc18,4,77.36905072419329431867577892,TRUNCATED_SLICE_150_NONCANONICAL,QUALIFIED_BY_V3_PRICE_PATH,V3_OPERATIONAL_PRICE_PATH,False,REAL_RESEARCH_SNAPSHOT_V1/daily_status.is_st_sec,False,False,,True
9d73e84e48fef5aeb9d1d821254142c2445cdd79d691043b2660e2018b148088,002058.SZ,2025-02-20,708a3587654a367723c228a8339f09f9bf5e35b1151af3ff83f8ba1936a6d291,4,71.42767986385055497650193997,TRUNCATED_SLICE_150_NONCANONICAL,QUALIFIED_BY_V3_PRICE_PATH,V3_OPERATIONAL_PRICE_PATH,False,REAL_RESEARCH_SNAPSHOT_V1/daily_status.is_st_sec,False,False,,True
93a56b5a3f86be5c5702baca8ebfe207dd0e5af7c2ef2efcc6d9775dab1154fc,002059.SZ,2025-09-22,0b857d274efd1e83017d6c18c75668dde86c6018a7dd64e146ec647446616d52,4,96.03516521024138977392572756,TRUNCATED_SLICE_150_NONCANONICAL,QUALIFIED_BY_V3_PRICE_PATH,V3_OPERATIONAL_PRICE_PATH,False,REAL_RESEARCH_SNAPSHOT_V1/daily_status.is_st_sec,False,False,,True
daace1fea3f9ed845b937c7d91235fdda88ff2d02c76985cea7e212bb402c056,002065.SZ,2025-02-20,f04c7c07ca48e5e0fe9163d8e0284a320e770e13ce7205a304e2d3599d02e115,4,90.65581797517997821821252938,TRUNCATED_SLICE_150_NONCANONICAL,QUALIFIED_BY_V3_PRICE_PATH,V3_OPERATIONAL_PRICE_PATH,False,REAL_RESEARCH_SNAPSHOT_V1/daily_status.is_st_sec,False,False,,True
a2974a110b1f4a07b872b55a02d620c9b4a01868e35c4f7edc537ab2216c6196,002068.SZ,2026-06-25,08209dfb548bbbf476a49e3f5bd79e5afcaed564b3b46b11a9daf82bf2c71f4b,4,80.18830938479503344440931571,TRUNCATED_SLICE_150_NONCANONICAL,QUALIFIED_BY_V3_PRICE_PATH,V3_OPERATIONAL_PRICE_PATH,False,REAL_RESEARCH_SNAPSHOT_V1/daily_status.is_st_sec,False,False,,True
806d8cfe4ef7b2b6ea9385e1dcb3c8bcf799bf94c352b518b8d6150431b2f33c,002072.SZ,2024-08-08,b8efec1459a1f5212e5ec4cd6b9054f0e055ab04d7b69ea09f1a3883945835fb,4,86.47269738629202411816915510,TRUNCATED_SLICE_150_NONCANONICAL,QUALIFIED_BY_V3_PRICE_PATH,V3_OPERATIONAL_PRICE_PATH,False,REAL_RESEARCH_SNAPSHOT_V1/daily_status.is_st_sec,False,False,,True
9a24f3d7fd8cfd79b9427e9ff7407fc599af63cd7a5f36e1c5ae1b3a291e038d,002076.SZ,2024-12-12,5981489bebe536dce54b17462490013db9b2763258ea29bf335b5d5a916629e7,4,85.31657369227480788410213106,TRUNCATED_SLICE_150_NONCANONICAL,QUALIFIED_BY_V3_PRICE_PATH,V3_OPERATIONAL_PRICE_PATH,False,REAL_RESEARCH_SNAPSHOT_V1/daily_status.is_st_sec,False,False,,True
21337443bc94fefb4d668e1f6fd9a92e28e2925c36b38875c80865001d8bb810,002081.SZ,2026-04-22,a754522936982afcecb478f6ac9df4e3361af1c726a3550c7481150c581358ad,4,86.94275382205883989229862750,TRUNCATED_SLICE_150_NONCANONICAL,QUALIFIED_BY_V3_PRICE_PATH,V3_OPERATIONAL_PRICE_PATH,False,REAL_RESEARCH_SNAPSHOT_V1/daily_status.is_st_sec,False,False,,True
4e4d80cfb9bda544154e7b484bc7e82c9e336324fcbfb3f01e60c70f18b67543,002081.SZ,2026-05-06,1d0eb77a857035cc2a6c079dbca0be362b1c8addc54f7cccdec11c4742c4ae36,4,78.55303993440674684904193642,TRUNCATED_SLICE_150_NONCANONICAL,QUALIFIED_BY_V3_PRICE_PATH,V3_OPERATIONAL_PRICE_PATH,False,REAL_RESEARCH_SNAPSHOT_V1/daily_status.is_st_sec,False,False,,True
519b3c46c9b95c190bb5199756d00e3a65e51204b814b6030c2b36d2cdbb62e4,002081.SZ,2026-08-17,b8ee2e003d3b43516d9b23394c929b8ad6a2c26b0c7068e83b9dbdd235fecb65,4,81.09003197027496329076306174,TRUNCATED_SLICE_150_NONCANONICAL,QUALIFIED_BY_V3_PRICE_PATH,V3_OPERATIONAL_PRICE_PATH,False,REAL_RESEARCH_SNAPSHOT_V1/daily_status.is_st_sec,False,False,,True
0c3bdbb8bbe4241a378cbe62dc08403aee9cf39bfe2d44444e4b802f2e74c004,002083.SZ,2025-11-11,307a8b7d1853c5ed5938461440171e12202f5b62c2f29651b0fd298585b14105,4,84.96595741352040426465209261,TRUNCATED_SLICE_150_NONCANONICAL,QUALIFIED_BY_V3_PRICE_PATH,V3_OPERATIONAL_PRICE_PATH,False,REAL_RESEARCH_SNAPSHOT_V1/daily_status.is_st_sec,False,False,,True
8edfbfca565898810163cd0dee03f6c651f157a76de2638c9fb806133952b622,002084.SZ,2025-04-08,adf14118b2b8827bda39aea259c82fb405697a2aebe3703a03d07ca0e59e6544,4,82.68806562509077591023305226,TRUNCATED_SLICE_150_NONCANONICAL,QUALIFIED_BY_V3_PRICE_PATH,V3_OPERATIONAL_PRICE_PATH,False,REAL_RESEARCH_SNAPSHOT_V1/daily_status.is_st_sec,False,False,,True
18f0bbd09bdcbffbd3b351b16312602246fca24fef7c086820139371d8531abe,002084.SZ,2026-08-27,8450017967c745fef50e9f0ac46f4117177a8bea25687be5950286f80d467d81,4,84.53795861140409071678152144,TRUNCATED_SLICE_150_NONCANONICAL,QUALIFIED_BY_V3_PRICE_PATH,V3_OPERATIONAL_PRICE_PATH,False,REAL_RESEARCH_SNAPSHOT_V1/daily_status.is_st_sec,False,False,,True
fe99ae3bdad46b257ba03b9a74e04200076ff0f0a4304b5ae1cae046e2be5e58,002086.SZ,2025-03-18,2842e89b1571bcf05b7ef14a4c155618d4ca7d3cda5c81f07ef35f097b73e85f,4,80.34544342176144664620096144,TRUNCATED_SLICE_150_NONCANONICAL,QUALIFIED_BY_V3_PRICE_PATH,V3_OPERATIONAL_PRICE_PATH,False,REAL_RESEARCH_SNAPSHOT_V1/daily_status.is_st_sec,False,False,,True
2eb08e5414a60893d93843d61d23175664515b74ddb0c7df30fd2c331950328e,002094.SZ,2024-10-17,ef398f0e46449c5788aa0ba9b6fbbbf19dfbc1ecb16c679d8dfd0c78e3af0d99,4,81.81250411933512756591686091,TRUNCATED_SLICE_150_NONCANONICAL,QUALIFIED_BY_V3_PRICE_PATH,V3_OPERATIONAL_PRICE_PATH,False,REAL_RESEARCH_SNAPSHOT_V1/daily_status.is_st_sec,False,False,,True
39c3bdd62b7af0a5f3d24b399f2440bbdf35fdba424533f0821e5a5b944c9347,002094.SZ,2024-10-28,dd555067f117cdbc48e116109b2d9d224aac3c5e9d0851b325d209e29dd1f193,4,94.43410302781226049125996526,TRUNCATED_SLICE_150_NONCANONICAL,QUALIFIED_BY_V3_PRICE_PATH,V3_OPERATIONAL_PRICE_PATH,False,REAL_RESEARCH_SNAPSHOT_V1/daily_status.is_st_sec,False,False,,True
832b63cb3a1f03d7d3436e335f911954525b725302836e7558c05cc5112c0a99,002094.SZ,2025-04-10,62b98360cd0a28ccde7c32d8f2e37e44c881de7066a8c99fc13734a48d79fd30,4,76.83263107512228089321501759,TRUNCATED_SLICE_150_NONCANONICAL,QUALIFIED_BY_V3_PRICE_PATH,V3_OPERATIONAL_PRICE_PATH,False,REAL_RESEARCH_SNAPSHOT_V1/daily_status.is_st_sec,False,False,,True
77c042eb73f2be4763f21bb979ba12e4160d1a2935f674c49bf1fabda36ea6db,002095.SZ,2024-11-22,436b5d4f1c06429a482ecdf8dbc054fa964b946fe1ea8639465baf4c67ccaeb8,4,79.56268252214284290845148477,TRUNCATED_SLICE_150_NONCANONICAL,QUALIFIED_BY_V3_PRICE_PATH,V3_OPERATIONAL_PRICE_PATH,False,REAL_RESEARCH_SNAPSHOT_V1/daily_status.is_st_sec,False,False,,True
5cbb7cafa602c5e33736e372f0b4863c516398ae488209c51f6e326b678a2f0b,002097.SZ,2025-07-24,1cf53540da7d2037279289b5de9be530259d4ad7886bce6e832b1561a2c0caf8,4,89.93240253999666706435789098,TRUNCATED_SLICE_150_NONCANONICAL,QUALIFIED_BY_V3_PRICE_PATH,V3_OPERATIONAL_PRICE_PATH,False,REAL_RESEARCH_SNAPSHOT_V1/daily_status.is_st_sec,False,False,,True
af53bf5fd9b3c26b51c343aa36301124c1f8810c75a26ecafd2b65623ba79e19,002103.SZ,2024-11-25,b23ee8341eb78fe1147a76173751572ac438f4819ea1d20ec73d5a62ff773a7e,4,87.50104574353177276658412294,TRUNCATED_SLICE_150_NONCANONICAL,QUALIFIED_BY_V3_PRICE_PATH,V3_OPERATIONAL_PRICE_PATH,False,REAL_RESEARCH_SNAPSHOT_V1/daily_status.is_st_sec,False,False,,True
c469fbf5743cfc5c88db5d96dfe3b94f4db40473f145ef4c48d055549ca54134,002104.SZ,2025-06-05,db438f4626f2b990f9e2b5e41b234cfae4b4eb5193284495834ab7c067e659f5,4,76.97831639447211280117703151,TRUNCATED_SLICE_150_NONCANONICAL,QUALIFIED_BY_V3_PRICE_PATH,V3_OPERATIONAL_PRICE_PATH,False,REAL_RESEARCH_SNAPSHOT_V1/daily_status.is_st_sec,False,False,,True
3d397c3c4dbce2d6cda0efd5322c59eb1643ed454244b29f2a009f59d8efe9c7,002105.SZ,2025-03-07,a75168312769f1b48bca499c309d46f885de66eaf8167d0a250458a4c4880189,4,82.16900807600732280293625888,TRUNCATED_SLICE_150_NONCANONICAL,QUALIFIED_BY_V3_PRICE_PATH,V3_OPERATIONAL_PRICE_PATH,False,REAL_RESEARCH_SNAPSHOT_V1/daily_status.is_st_sec,False,False,,True
c85de181bd0fdcd98dfe03b7230b7a1b19b4f0512de78a7e1d8d34cb17f4b08e,002112.SZ,2026-01-19,cfeeb7ea9f26f1b77919e83dcbe1c29f83508930f48f5976d2290a2d59d79e24,4,80.73609227864081550582474065,TRUNCATED_SLICE_150_NONCANONICAL,QUALIFIED_BY_V3_PRICE_PATH,V3_OPERATIONAL_PRICE_PATH,False,REAL_RESEARCH_SNAPSHOT_V1/daily_status.is_st_sec,False,False,,True
3c877ff15dbe53567b72180701741f70dc967f6035d8389014164b21b500674c,002115.SZ,2024-12-13,2e85ac454cf9e2cf3f1c35de8413532518dd356f6e13b0220bcc52688a8fb658,4,83.99710966048881852425647382,TRUNCATED_SLICE_150_NONCANONICAL,QUALIFIED_BY_V3_PRICE_PATH,V3_OPERATIONAL_PRICE_PATH,False,REAL_RESEARCH_SNAPSHOT_V1/daily_status.is_st_sec,False,False,,True
d7061c7e6e3945f97bd8dc32452e6e3b932331c5f172c509e6bce32b5b4d3ca3,002115.SZ,2026-01-14,cd235820dddeecebaec5ff42414560f1906298c8ba175c08bfebfea4444b49d9,4,85.32121980450383866170695086,TRUNCATED_SLICE_150_NONCANONICAL,QUALIFIED_BY_V3_PRICE_PATH,V3_OPERATIONAL_PRICE_PATH,False,REAL_RESEARCH_SNAPSHOT_V1/daily_status.is_st_sec,False,False,,True
d61c37b9ab109dec0dfc8adaace57ef03fb90f3f90c9c4afb8025034af8a8e5c,002117.SZ,2025-01-03,99ff856d561aae29087a0a823dc732abee14895e7b75b57d774c77bd05df5e7a,4,75.20920407660862894581472922,TRUNCATED_SLICE_150_NONCANONICAL,QUALIFIED_BY_V3_PRICE_PATH,V3_OPERATIONAL_PRICE_PATH,False,REAL_RESEARCH_SNAPSHOT_V1/daily_status.is_st_sec,False,False,,True
091fa29e1a0db5af1ba9e3c0759542166501c02d5fa6d830c7e8d62d45d9d1d7,002122.SZ,2024-12-11,996cbe3eccb10c983994c9dbc321137c8d4fb9fd0fc5757e83945ff5b786adf6,4,76.90644894550249752193401302,TRUNCATED_SLICE_150_NONCANONICAL,QUALIFIED_BY_V3_PRICE_PATH,V3_OPERATIONAL_PRICE_PATH,False,REAL_RESEARCH_SNAPSHOT_V1/daily_status.is_st_sec,False,False,,True
050eb15f23a581bd15deaaebed1e8f6995aefedba267418dd7b80597f069ac7b,002123.SZ,2025-02-10,55d0b47b5a6fb788f376016fb0688357f122aae3585a6aa3f4597bcd54106402,4,74.49252942749430585967790387,TRUNCATED_SLICE_150_NONCANONICAL,QUALIFIED_BY_V3_PRICE_PATH,V3_OPERATIONAL_PRICE_PATH,False,REAL_RESEARCH_SNAPSHOT_V1/daily_status.is_st_sec,False,False,,True
2b5c23e0105c410d389f71bdb592981d159a12568b44a5cfb2047c680822dd68,002125.SZ,2025-06-24,1003c01a22ef5494ae7f94ae7b27de653de1b26352b546fbe153ff97a09e49d1,4,92.23138385806220883519107968,TRUNCATED_SLICE_150_NONCANONICAL,QUALIFIED_BY_V3_PRICE_PATH,V3_OPERATIONAL_PRICE_PATH,False,REAL_RESEARCH_SNAPSHOT_V1/daily_status.is_st_sec,False,False,,True
2173b545f7732df81c901e36d60055ebef8a39fe425f82e2d0c81bd8f58f309b,002131.SZ,2024-11-29,6c852c0140e38967181cbac8a2264a1d2aaeabfac2279fb82ec41dd259c85092,4,81.83513186981761513588519384,TRUNCATED_SLICE_150_NONCANONICAL,QUALIFIED_BY_V3_PRICE_PATH,V3_OPERATIONAL_PRICE_PATH,False,REAL_RESEARCH_SNAPSHOT_V1/daily_status.is_st_sec,False,False,,True
1125c4f676e8843dca055dbdf075cc805a20a13b4ba1268660ab9f773a881d00,002131.SZ,2026-01-14,cbb891b630d4a35c387b274d5b24b585e786457dad2c6f31c37e923a78bcd5b5,4,93.13038431123382009731143167,TRUNCATED_SLICE_150_NONCANONICAL,QUALIFIED_BY_V3_PRICE_PATH,V3_OPERATIONAL_PRICE_PATH,False,REAL_RESEARCH_SNAPSHOT_V1/daily_status.is_st_sec,False,False,,True
843106104dc8bf4e7d1e4e8a9111e9f24a518c9b6ccfbd5bf697f4644cb944ad,002134.SZ,2024-10-23,fb4050e985b18de0f2a0cceed1c174fb85d3215bbf34d2814c00b02973628b44,4,91.25886983387555963901572776,TRUNCATED_SLICE_150_NONCANONICAL,QUALIFIED_BY_V3_PRICE_PATH,V3_OPERATIONAL_PRICE_PATH,False,REAL_RESEARCH_SNAPSHOT_V1/daily_status.is_st_sec,False,False,,True
9d2f7fb3caa580819f4527030746bb256e9da7a4fae385b16e12f55baf504fc4,002137.SZ,2024-12-24,f1cf59dc19be222203b115b62bbea02728b5c098aff7bf8ae7ce88abf2574bea,4,75.43187990714590220007939156,TRUNCATED_SLICE_150_NONCANONICAL,QUALIFIED_BY_V3_PRICE_PATH,V3_OPERATIONAL_PRICE_PATH,False,REAL_RESEARCH_SNAPSHOT_V1/daily_status.is_st_sec,False,False,,True
627b8909b07b4af898b21a8eca825c55c9dc918af24c4d137091f5d421108c4d,002141.SZ,2026-06-23,717a97ec3cd885e8e3a0fcbdd55732b8fe73762c76fa05fb282c4e3ebb291576,4,72.71055023138398196416768943,TRUNCATED_SLICE_150_NONCANONICAL,QUALIFIED_BY_V3_PRICE_PATH,V3_OPERATIONAL_PRICE_PATH,False,REAL_RESEARCH_SNAPSHOT_V1/daily_status.is_st_sec,False,False,,True
5ab08bb5af37b2d1456327854dc8d7928cfae82b4ea53655e33cc42d7af13fbf,002148.SZ,2025-08-07,402e7dfbf18231a9d7e192cfbc50648ec65e848079f4563bac0edb4057a3fbce,4,87.78056750353278639103851657,TRUNCATED_SLICE_150_NONCANONICAL,QUALIFIED_BY_V3_PRICE_PATH,V3_OPERATIONAL_PRICE_PATH,False,REAL_RESEARCH_SNAPSHOT_V1/daily_status.is_st_sec,False,False,,True
1499356ec2f373eb6041774f9bcf515e7f2a18fb942d63cbabe175eb313d1297,002155.SZ,2024-11-26,f438e61ddc357cc25fff1c40fd97826aa56580cadb72d7178c9bbfb45f3a7566,4,78.65793161463594137667720438,TRUNCATED_SLICE_150_NONCANONICAL,QUALIFIED_BY_V3_PRICE_PATH,V3_OPERATIONAL_PRICE_PATH,False,REAL_RESEARCH_SNAPSHOT_V1/daily_status.is_st_sec,False,False,,True
b11a294498cfe94650c98789b6e58caed930d489be872f9705743aed3c511980,002155.SZ,2026-01-29,5a02f197047c808a4303dd454d2c50eb980b9143fbbf009267d412a156001468,4,88.68442758795636072088563783,TRUNCATED_SLICE_150_NONCANONICAL,QUALIFIED_BY_V3_PRICE_PATH,V3_OPERATIONAL_PRICE_PATH,False,REAL_RESEARCH_SNAPSHOT_V1/daily_status.is_st_sec,False,False,,True
ebf1754cb9cccb20f5492379ba01128f16fbac776333599db86006e217e57037,002156.SZ,2024-11-06,ccbc9cfdad8ce64f87cf2750f51c1260dfc5800067f709df0a75ae224ab48948,4,83.70439942128273922006175106,TRUNCATED_SLICE_150_NONCANONICAL,QUALIFIED_BY_V3_PRICE_PATH,V3_OPERATIONAL_PRICE_PATH,False,REAL_RESEARCH_SNAPSHOT_V1/daily_status.is_st_sec,False,False,,True
ed84f74b0513e77d914d9c471efdc17941de20129e4c2924ce80fd2de245e7b9,002158.SZ,2025-08-20,8d255b895442643e4b8af758566c6fac4b2b043aa68ea16f9bd47f6a9ddc83d9,4,90.60337836962555600691849832,TRUNCATED_SLICE_150_NONCANONICAL,QUALIFIED_BY_V3_PRICE_PATH,V3_OPERATIONAL_PRICE_PATH,False,REAL_RESEARCH_SNAPSHOT_V1/daily_status.is_st_sec,False,False,,True
bd2d5f0ca6ae5486b3da3a33a262a8e4c36a520be69cf42e3ae641911cbc29f5,002161.SZ,2024-11-22,1e40c63424505aff3a2a66c904cfe5fc94893f7dd27feffe80dc8bef6848e863,4,79.50000301715440543909033137,TRUNCATED_SLICE_150_NONCANONICAL,QUALIFIED_BY_V3_PRICE_PATH,V3_OPERATIONAL_PRICE_PATH,False,REAL_RESEARCH_SNAPSHOT_V1/daily_status.is_st_sec,False,False,,True
df3b1008b163de0f6f18e49cba1bd29512eeb8fba5caa1d38cc9d045df4f9bec,002163.SZ,2025-12-25,f9d541265c858c44f1bd23632fde4294143a0fd4517b5e2fc60d8de12fc8c74b,4,71.62180481098439322415540353,TRUNCATED_SLICE_150_NONCANONICAL,QUALIFIED_BY_OPERATIONAL_STATUS,OPERATIONAL_VENDOR_SCREEN,False,REAL_RESEARCH_SNAPSHOT_V1/daily_status.is_st_sec,False,False,,False
3948672fa6ce7ceb320e7cd7e710ff97da92821d50b1aa38c98aac0a0f4c0194,002164.SZ,2025-01-16,348ca1de8a1eee6500b348eeb6e0c8961fd12cebbe27ce3691073a51da3c5ac5,4,77.31626284586528794566136695,TRUNCATED_SLICE_150_NONCANONICAL,QUALIFIED_BY_V3_PRICE_PATH,V3_OPERATIONAL_PRICE_PATH,False,REAL_RESEARCH_SNAPSHOT_V1/daily_status.is_st_sec,False,False,,True
018c301a3b62b485c2d75ae6937af530a69377f9f6cba6c9f195bd7200d16004,002164.SZ,2025-03-20,9b4bcd177563eea2944aa673e28db96b6540b720fc68f9427821f1b936ad7fa6,4,88.70824840171815927866883525,TRUNCATED_SLICE_150_NONCANONICAL,QUALIFIED_BY_V3_PRICE_PATH,V3_OPERATIONAL_PRICE_PATH,False,REAL_RESEARCH_SNAPSHOT_V1/daily_status.is_st_sec,False,False,,True
114059e4ec79cad876c8d22ca59ce7f81bed8a2c2a87695505305eb1c07d17ff,002165.SZ,2025-04-18,afb31bd8e50261106b6f64ce9fb3833019c427e60dd023ea163999f06ae3cc72,4,88.02139453086194164992304356,TRUNCATED_SLICE_150_NONCANONICAL,QUALIFIED_BY_V3_PRICE_PATH,V3_OPERATIONAL_PRICE_PATH,False,REAL_RESEARCH_SNAPSHOT_V1/daily_status.is_st_sec,False,False,,True
6de8602052e651bb894d16e957072f9d4979ca0283620ee6ab0b3d6e9f027b74,002167.SZ,2026-06-24,cdfa269bf853f5a7857f5266eb0ca6a4141363fa45a256d880a19d6f7a7bc1e1,4,81.87579553730448120965284026,TRUNCATED_SLICE_150_NONCANONICAL,QUALIFIED_BY_V3_PRICE_PATH,V3_OPERATIONAL_PRICE_PATH,False,REAL_RESEARCH_SNAPSHOT_V1/daily_status.is_st_sec,False,False,,True
d448c7c6d0316f4317fe3b41c05e6ad48d7c5beb055ea4a53e46e5e6e018dcf1,002168.SZ,2024-07-22,f5a1931856c30934b909744905f2e2045d8abc58b9edd2bf7a2f1e6edef337b4,4,73.03094493453866025505998482,TRUNCATED_SLICE_150_NONCANONICAL,QUALIFIED_BY_V3_PRICE_PATH,V3_OPERATIONAL_PRICE_PATH,False,REAL_RESEARCH_SNAPSHOT_V1/daily_status.is_st_sec,False,False,,True
6b7d961f3e51dcfef2f6d320882751865ba49afe16840e694d74367a9eabb54c,002172.SZ,2026-08-17,6ba2e62df828bfbddeef161bbbd829d31b2eac78094bd5e58149ac299a64cb38,4,89.66120014904836853200493859,TRUNCATED_SLICE_150_NONCANONICAL,QUALIFIED_BY_V3_PRICE_PATH,V3_OPERATIONAL_PRICE_PATH,False,REAL_RESEARCH_SNAPSHOT_V1/daily_status.is_st_sec,False,False,,True
f08fdbf5a283c2d094378d79badb03410a0d3d09fce8132f0a7a2772d608c32f,002173.SZ,2026-01-08,b2472017fb350dde299c5844f0329689b25eea2f39fd8801fc8b36c156acd3df,4,81.27750419648172500234474092,TRUNCATED_SLICE_150_NONCANONICAL,QUALIFIED_BY_V3_PRICE_PATH,V3_OPERATIONAL_PRICE_PATH,False,REAL_RESEARCH_SNAPSHOT_V1/daily_status.is_st_sec,False,False,,True
9538e6cf266b4bc302e097f324e92738352a709f0fc7866fcb8f1abe0b5cee1a,002175.SZ,2024-11-25,6c476d7160599749cecc51e57b2547395ef9cfd86c45946ffa61170224d27b72,4,82.19134600236116254120282951,TRUNCATED_SLICE_150_NONCANONICAL,QUALIFIED_BY_V3_PRICE_PATH,V3_OPERATIONAL_PRICE_PATH,False,REAL_RESEARCH_SNAPSHOT_V1/daily_status.is_st_sec,False,False,,True
d98afe4379b12c6ea12e7bed1bbc560409c0fb24f227251cb151882455620ddf,002175.SZ,2024-12-11,ff3619f38546a4bc42483001e75601be37eee6bc4a89b84cf4368e539857e29a,4,80.35607764270790405867876658,TRUNCATED_SLICE_150_NONCANONICAL,QUALIFIED_BY_V3_PRICE_PATH,V3_OPERATIONAL_PRICE_PATH,False,REAL_RESEARCH_SNAPSHOT_V1/daily_status.is_st_sec,False,False,,True
a84ace0463bb605b29843fb94ac4adfaa698b911e7036d4b9d935f75fd80c96d,002177.SZ,2025-06-04,99c592c7e3655dadb12c3350ab167e2093bde288cfb88b73687e7c183ae0c103,4,87.33800098781481554250502049,TRUNCATED_SLICE_150_NONCANONICAL,QUALIFIED_BY_V3_PRICE_PATH,V3_OPERATIONAL_PRICE_PATH,False,REAL_RESEARCH_SNAPSHOT_V1/daily_status.is_st_sec,False,False,,True
57d757536749f31ee42cc49da15a4892b50eb5baebf916e138108fd323b69c27,002177.SZ,2025-08-22,ec7d9fe22881c70eecf6fd17fff092c2a0b589d28bbfb348b171ab771f3042ee,4,87.22497691294745103646336285,TRUNCATED_SLICE_150_NONCANONICAL,QUALIFIED_BY_V3_PRICE_PATH,V3_OPERATIONAL_PRICE_PATH,False,REAL_RESEARCH_SNAPSHOT_V1/daily_status.is_st_sec,False,False,,True
2ae486be47c6b0d56e44ab54a12be8f5f098c97223eb0ded5bffa8b54a80c3f4,002177.SZ,2026-01-06,a79c3cfe1a596d29b5ac12cbf658c1ad5f78c4b630f3776ca38e7f2da291f254,4,72.90589055438940003201909517,TRUNCATED_SLICE_150_NONCANONICAL,QUALIFIED_BY_V3_PRICE_PATH,V3_OPERATIONAL_PRICE_PATH,False,REAL_RESEARCH_SNAPSHOT_V1/daily_status.is_st_sec,False,False,,True
ce2acedd680734757c482f65dfb55e5fee126711dc5097e29ee42f34b8d1c4bf,002178.SZ,2024-10-09,4fc483af5769d976a6e58f985b5af70d9ecd9a0f152c7af8e9a991e105106609,4,89.10617117172387517203422669,TRUNCATED_SLICE_150_NONCANONICAL,QUALIFIED_BY_V3_PRICE_PATH,V3_OPERATIONAL_PRICE_PATH,False,REAL_RESEARCH_SNAPSHOT_V1/daily_status.is_st_sec,False,False,,True
3695b06786b265fdd7cb494719ec8a0a271734659ee939127a721789dd3c5e98,002178.SZ,2024-11-04,09c26d88efc84feced7b66e920bd3d2937c7c1fb2f2b0a061e51e79ca96e438b,4,72.76692547799890245315109392,TRUNCATED_SLICE_150_NONCANONICAL,QUALIFIED_BY_V3_PRICE_PATH,V3_OPERATIONAL_PRICE_PATH,False,REAL_RESEARCH_SNAPSHOT_V1/daily_status.is_st_sec,False,False,,True
647e69cab7985b184d5d326f8c66133ae1525939c0dee466373dd6e22ec79dcc,002181.SZ,2024-12-12,29d5548e1bfa0d44445b8f7d0e70286fa6456e7da2745e105ad637837f2cd9ad,4,80.16510068688675366850285652,TRUNCATED_SLICE_150_NONCANONICAL,QUALIFIED_BY_V3_PRICE_PATH,V3_OPERATIONAL_PRICE_PATH,False,REAL_RESEARCH_SNAPSHOT_V1/daily_status.is_st_sec,False,False,,True
3019853638b027df9b142efb3f854931d02c8f3075864a5546242c050e0c9ced,002181.SZ,2025-06-12,d3e6820ec5909e0e289da8aeffbc7caa588c9d9f775e1dd787189b81ce8ab91f,4,86.92423949208125034565354347,TRUNCATED_SLICE_150_NONCANONICAL,QUALIFIED_BY_V3_PRICE_PATH,V3_OPERATIONAL_PRICE_PATH,False,REAL_RESEARCH_SNAPSHOT_V1/daily_status.is_st_sec,False,False,,True
175eba46a044fbd5a380690b45977e3766e456f4400af3a8643d752ea1cae864,002184.SZ,2025-01-06,e6bb440ad35a496f6e6d8740826f458b687e03bdd2d2caf9a8cba097b448f97c,4,77.24282107996034946844118573,TRUNCATED_SLICE_150_NONCANONICAL,QUALIFIED_BY_V3_PRICE_PATH,V3_OPERATIONAL_PRICE_PATH,False,REAL_RESEARCH_SNAPSHOT_V1/daily_status.is_st_sec,False,False,,True
2e74cfa6465708b8e7e530a95edb25b5994d8765855b831f59bcf631e0d0720f,002190.SZ,2025-05-12,0e64a3ce025b375c3380fc2b3d3901e8e510c0b8c226ac79ed281c0ce03a6763,4,88.36284274487373337935430831,TRUNCATED_SLICE_150_NONCANONICAL,QUALIFIED_BY_V3_PRICE_PATH,V3_OPERATIONAL_PRICE_PATH,False,REAL_RESEARCH_SNAPSHOT_V1/daily_status.is_st_sec,False,False,,True
1ab8b415b3a972114c445933b6f90792d151d79688647d8f517ee5d2190503a2,002190.SZ,2025-08-25,566dfe0660f8639cb30113c62a54e4397d159b9ded2bd4d5b399825eed421bc3,4,84.46751592538916293747045152,TRUNCATED_SLICE_150_NONCANONICAL,QUALIFIED_BY_V3_PRICE_PATH,V3_OPERATIONAL_PRICE_PATH,False,REAL_RESEARCH_SNAPSHOT_V1/daily_status.is_st_sec,False,False,,True
bed6322574b4af8d207b6abee891268ea1e37bd82664753ea29f1e06c4c148d4,002192.SZ,2026-03-27,f5e9f802f06bd3c3f24a0faf9c802048bf9af92a184307baea34baa8d8a935e0,4,80.28305054357023736346575836,TRUNCATED_SLICE_150_NONCANONICAL,QUALIFIED_BY_V3_PRICE_PATH,V3_OPERATIONAL_PRICE_PATH,False,REAL_RESEARCH_SNAPSHOT_V1/daily_status.is_st_sec,False,False,,True
17e23d0c1efe93bec38eb6df9bfad2db964b3ce6863c116ab2312d55529a54d4,002193.SZ,2024-12-04,ce1812dd0760cba289683d36bf059d2ba06d81da306578261192177c528b7199,4,86.50427026042220319980182386,TRUNCATED_SLICE_150_NONCANONICAL,QUALIFIED_BY_V3_PRICE_PATH,V3_OPERATIONAL_PRICE_PATH,False,REAL_RESEARCH_SNAPSHOT_V1/daily_status.is_st_sec,False,False,,True
460c2557224835182c8e25fe1e3de27b655fd351f8f2cef8fae8857c83e06f16,002195.SZ,2024-12-05,889b8724cb8c0d29a067168fe6cdfdd14bea73a910d054101a4da965e075df01,4,86.16933367061039336621251723,TRUNCATED_SLICE_150_NONCANONICAL,QUALIFIED_BY_V3_PRICE_PATH,V3_OPERATIONAL_PRICE_PATH,False,REAL_RESEARCH_SNAPSHOT_V1/daily_status.is_st_sec,False,False,,True
cb719c4791d2e540cd904b740d1cd1135225f173d430d3f3a05d12208d01896e,002195.SZ,2026-01-08,808fae73905360b33a0d0eb91069f059d1a06cffda45a13b0b4dbcb38fa058a4,4,89.17023605215715011362723376,TRUNCATED_SLICE_150_NONCANONICAL,QUALIFIED_BY_V3_PRICE_PATH,V3_OPERATIONAL_PRICE_PATH,False,REAL_RESEARCH_SNAPSHOT_V1/daily_status.is_st_sec,False,False,,True
957c098d8de06e51b7264af27974da22e4fc4460506f21f6eb753ce605580753,002196.SZ,2025-03-11,0ace4c83827ba29a6686ccf7e8b1a18b0e5fb1932cfb92210ad1a24cab8d310b,4,84.40785736505381007471789715,TRUNCATED_SLICE_150_NONCANONICAL,QUALIFIED_BY_V3_PRICE_PATH,V3_OPERATIONAL_PRICE_PATH,False,REAL_RESEARCH_SNAPSHOT_V1/daily_status.is_st_sec,False,False,,True
8f9cad6af724f3eb6913f43173fb47b88336c56aa20f6f4ad1bac2742238123b,002199.SZ,2024-10-21,c3347639327ebc9a3279bcdd0b467df102c35e75c906cd69db19cbbac6507dd0,4,80.84754481255493742458549821,TRUNCATED_SLICE_150_NONCANONICAL,QUALIFIED_BY_V3_PRICE_PATH,V3_OPERATIONAL_PRICE_PATH,False,REAL_RESEARCH_SNAPSHOT_V1/daily_status.is_st_sec,False,False,,True
951a927bbdc39b997a0189f8cdc08da8d6defbdb12432e0dca054fb692e5c38c,002201.SZ,2025-12-26,3062fdfda44dec6fd708a80b1bd640057ce28028e232184dcfef378c14e2fc9d,4,86.60417097450486341829938506,TRUNCATED_SLICE_150_NONCANONICAL,QUALIFIED_BY_V3_PRICE_PATH,V3_OPERATIONAL_PRICE_PATH,False,REAL_RESEARCH_SNAPSHOT_V1/daily_status.is_st_sec,False,False,,True
8b3048ebaca1f88332bee586602b8b09e9b7d9e0d55370a0007dcc1448570392,002202.SZ,2026-01-09,d291aa5107ec7ff23a537d83e06df14fa493d67b290e5437a93e496c652fc93b,4,87.98916564240011536008557368,TRUNCATED_SLICE_150_NONCANONICAL,QUALIFIED_BY_V3_PRICE_PATH,V3_OPERATIONAL_PRICE_PATH,False,REAL_RESEARCH_SNAPSHOT_V1/daily_status.is_st_sec,False,False,,True
8df3b8954e68a5c5d06828a4cbf2790c2a88d8f9c65d6119ba4f213e819ade05,002204.SZ,2025-03-24,876229146f8360ae3bfbb77f34182b84c7fe9972e985aba617b85a9406bb1d83,4,93.29611468451058886941502028,TRUNCATED_SLICE_150_NONCANONICAL,QUALIFIED_BY_V3_PRICE_PATH,V3_OPERATIONAL_PRICE_PATH,False,REAL_RESEARCH_SNAPSHOT_V1/daily_status.is_st_sec,False,False,,True
521b267403314f4d7dfec5aaad77deab4bd4b63ff5752cffc8d2f9acdd0373be,002207.SZ,2025-06-18,30b2e8df3e1ea2759961f4038c7a9324661961506785f893b233db4f3baa1da4,4,91.82907542638841463379039478,TRUNCATED_SLICE_150_NONCANONICAL,QUALIFIED_BY_V3_PRICE_PATH,V3_OPERATIONAL_PRICE_PATH,False,REAL_RESEARCH_SNAPSHOT_V1/daily_status.is_st_sec,False,False,,True
613ad109b6e7da9dafd0f613f8894288e358a7c27ef079fefc7a3cbf8cc27b84,002208.SZ,2024-09-30,6a1f0e179d0f41bfc8c5884f0603af7c0fd7c9a10e89d90f160a4989da96a5b4,4,89.41906641336389646064378144,TRUNCATED_SLICE_150_NONCANONICAL,QUALIFIED_BY_V3_PRICE_PATH,V3_OPERATIONAL_PRICE_PATH,False,REAL_RESEARCH_SNAPSHOT_V1/daily_status.is_st_sec,False,False,,True
014209bcfb48c4c82dd47c31b8d085a0981a3d40d9e59a9b086d5b844f963577,002208.SZ,2025-10-16,e2a714ac1ad633d25b99f9f4a229f2ef07e07170018ea7380d5e8eac92fdbfef,4,85.36473355773223473392428984,TRUNCATED_SLICE_150_NONCANONICAL,QUALIFIED_BY_V3_PRICE_PATH,V3_OPERATIONAL_PRICE_PATH,False,REAL_RESEARCH_SNAPSHOT_V1/daily_status.is_st_sec,False,False,,True
9ed1f5f30d90629b9a08afdea23c959e166da55a6fc0770ebb3cfc12caa87eba,002208.SZ,2026-05-18,d3389f64ed31725c5547e3a2bc127888b98185255254193ae59401407815b3c6,4,88.64099819176086758651892726,TRUNCATED_SLICE_150_NONCANONICAL,QUALIFIED_BY_V3_PRICE_PATH,V3_OPERATIONAL_PRICE_PATH,False,REAL_RESEARCH_SNAPSHOT_V1/daily_status.is_st_sec,False,False,,True
8d1c01af14527683a445337f55472fac1d45b1aef24f5fc49cb38360ef508e76,002209.SZ,2025-07-16,0b934abf76226ea938b9c3787ff1c2f1f04647f3aa1ce68c4b19502826eab988,4,92.58289423605532281264620027,TRUNCATED_SLICE_150_NONCANONICAL,QUALIFIED_BY_V3_PRICE_PATH,V3_OPERATIONAL_PRICE_PATH,False,REAL_RESEARCH_SNAPSHOT_V1/daily_status.is_st_sec,False,False,,True
857a6f19b85abc3c817deb7684781a2b98f4c92d0895dd405bf14bef436345a9,002211.SZ,2024-10-14,1836e31ac9d1fb7b1b4b583fef9d5af85f4f97882bd68ff68fc7c74c4ebea263,4,92.20177943673356750795517954,TRUNCATED_SLICE_150_NONCANONICAL,QUALIFIED_BY_V3_PRICE_PATH,V3_OPERATIONAL_PRICE_PATH,False,REAL_RESEARCH_SNAPSHOT_V1/daily_status.is_st_sec,False,False,,True
d51ed66e720eef5fe8e10e8ccfc1dd703866cf7aedc177dfc3b3669893d57cf8,002212.SZ,2025-08-27,ecec8c21607b29ee26fc836bed9f7266c9cf9640aa812366d21385df305a80aa,4,91.13374731592340865847101119,TRUNCATED_SLICE_150_NONCANONICAL,QUALIFIED_BY_V3_PRICE_PATH,V3_OPERATIONAL_PRICE_PATH,False,REAL_RESEARCH_SNAPSHOT_V1/daily_status.is_st_sec,False,False,,True
0416e9ac7c135a198c3ea318d95018e22b283ccbd680a5957a5f703ee3caa3f1,002217.SZ,2025-08-26,9a41706726e8e6e1ae309be07c5bd548bb8aa4e4a5330d998698bbda2e24ea21,4,86.76691557306082186194125430,TRUNCATED_SLICE_150_NONCANONICAL,QUALIFIED_BY_V3_PRICE_PATH,V3_OPERATIONAL_PRICE_PATH,False,REAL_RESEARCH_SNAPSHOT_V1/daily_status.is_st_sec,False,False,,True
66bd3b0159727c60ff43d7e799d60330d8cc3914ce696ac6adf65fe4054994b2,002227.SZ,2024-11-21,8ab1d5c4e2817a29756bc5cff56feb0986cd908e4b46dec4c1d95a9f88527c01,4,87.82165198431885460420335779,TRUNCATED_SLICE_150_NONCANONICAL,QUALIFIED_BY_V3_PRICE_PATH,V3_OPERATIONAL_PRICE_PATH,False,REAL_RESEARCH_SNAPSHOT_V1/daily_status.is_st_sec,False,False,,True
b1dfab383b286a715e0106732d410fee37fc0c903abde597bfbb7a877fdc77a5,002228.SZ,2025-12-25,abd799acd1ebf8d1e6b56abd9ae9114ca172b35497f9b98157e3ad59172a8c85,4,78.60989506860073554738259118,TRUNCATED_SLICE_150_NONCANONICAL,QUALIFIED_BY_V3_PRICE_PATH,V3_OPERATIONAL_PRICE_PATH,False,REAL_RESEARCH_SNAPSHOT_V1/daily_status.is_st_sec,False,False,,True
b57e796f82127aabbca74e8a250ae44aa909c80dcb0011c926dae60293065d1f,002229.SZ,2025-04-30,5c5882f8cae5ff08c16e8e2f0081e9be96f415100441708e6766d2a0e2312398,4,77.33491862562404436599330594,TRUNCATED_SLICE_150_NONCANONICAL,QUALIFIED_BY_V3_PRICE_PATH,V3_OPERATIONAL_PRICE_PATH,False,REAL_RESEARCH_SNAPSHOT_V1/daily_status.is_st_sec,False,False,,True
38f66d332db23b0376ca2def71bc798b13669ccd764ef1f9a3a64cb9516928b8,002232.SZ,2024-07-29,c1fce5786c0204eda214ced8df2d02005160f69ae687b4ac862974a3c8cbecd3,4,86.60617132852301575417954119,TRUNCATED_SLICE_150_NONCANONICAL,QUALIFIED_BY_V3_PRICE_PATH,V3_OPERATIONAL_PRICE_PATH,False,REAL_RESEARCH_SNAPSHOT_V1/daily_status.is_st_sec,False,False,,True
4ee3f9465c92fb399eb51da69de593dbce6af8df6cbfe7fffc5130dabca8a5a3,002235.SZ,2025-12-10,dbb923604528552a2fc07900c7de2b9999761897160830b5fc6c33eecb958f7e,4,82.59375247580972728882687038,TRUNCATED_SLICE_150_NONCANONICAL,QUALIFIED_BY_V3_PRICE_PATH,V3_OPERATIONAL_PRICE_PATH,False,REAL_RESEARCH_SNAPSHOT_V1/daily_status.is_st_sec,False,False,,True
5967df2e970c40ecf7197eebabef8fc6143856a8f80b6c52a45b0c98b6962e9d,002243.SZ,2024-10-30,d2c2c94f52e549896bd5684273d31b2cf1b9e581dc3d99bde136999944a57b6d,4,87.25719548829577690790083350,TRUNCATED_SLICE_150_NONCANONICAL,QUALIFIED_BY_V3_PRICE_PATH,V3_OPERATIONAL_PRICE_PATH,False,REAL_RESEARCH_SNAPSHOT_V1/daily_status.is_st_sec,False,False,,True
c97996ac3bc8a7d9911adfb2b062b8042b142903be752f1324b4a4163c6ca3e0,002246.SZ,2025-07-22,3bbcb0e2df99c9ffe3e66d4c916b739ac7215e75978b3a354eaec3139b17c1cc,4,85.28450207773163172037670141,TRUNCATED_SLICE_150_NONCANONICAL,QUALIFIED_BY_V3_PRICE_PATH,V3_OPERATIONAL_PRICE_PATH,False,REAL_RESEARCH_SNAPSHOT_V1/daily_status.is_st_sec,False,False,,True
c7bcba85ebab98099a238875cfb88690dfabe1fc4797058941bbf83832ccbcac,002247.SZ,2024-11-05,7add4e6e8fa5fb4c4bc4893789a462c01883dedf73e3025bbc73acd6c44f3ae4,4,80.89779348767641295464721320,TRUNCATED_SLICE_150_NONCANONICAL,QUALIFIED_BY_V3_PRICE_PATH,V3_OPERATIONAL_PRICE_PATH,False,REAL_RESEARCH_SNAPSHOT_V1/daily_status.is_st_sec,False,False,,True
6bcde981843d0547e423177f147cb76ba5514235118c780ff7b103433071cba4,002248.SZ,2024-10-28,1d4a67484bf01653c6dc5dd5f9f37a0950823f9b70581ae8bab180496cf87b92,4,87.35603324950750920633763458,TRUNCATED_SLICE_150_NONCANONICAL,QUALIFIED_BY_V3_PRICE_PATH,V3_OPERATIONAL_PRICE_PATH,False,REAL_RESEARCH_SNAPSHOT_V1/daily_status.is_st_sec,False,False,,True
9fc4fa7081b966f1fd823a1cb14240fda34c89da8eff4a40f11ed233b732f331,002250.SZ,2025-06-03,3c0f51533df60323732e78404d176d2119c0636bff228b2e151b8262d020901e,4,89.54274961500836532229562857,TRUNCATED_SLICE_150_NONCANONICAL,QUALIFIED_BY_V3_PRICE_PATH,V3_OPERATIONAL_PRICE_PATH,False,REAL_RESEARCH_SNAPSHOT_V1/daily_status.is_st_sec,False,False,,True
5e3e492425dbea6bcddbc0b170d3bbc4aad6763b608e238f24da264012998353,002251.SZ,2025-04-24,fe0ea5742f8b15da7047c5efe3e136eed8fc532937525b44ed3933b4073d597f,4,89.70900762831092088557630804,TRUNCATED_SLICE_150_NONCANONICAL,QUALIFIED_BY_V3_PRICE_PATH,V3_OPERATIONAL_PRICE_PATH,False,REAL_RESEARCH_SNAPSHOT_V1/daily_status.is_st_sec,False,False,,True
b1352f8f9edd8b999452a6a12846b48bc744d4064678dfec562ddc889220e0fe,002253.SZ,2024-10-31,354bb28b78828d1877ec69dabb4070b872528968dd6c7244ca475c01316a9a0f,4,89.79420809642974767330412039,TRUNCATED_SLICE_150_NONCANONICAL,QUALIFIED_BY_V3_PRICE_PATH,V3_OPERATIONAL_PRICE_PATH,False,REAL_RESEARCH_SNAPSHOT_V1/daily_status.is_st_sec,False,False,,True
f193eb97cb97d88c854a7197cab7e0928d998cfb75287db90c16232c2a794994,002254.SZ,2026-06-11,6e5f5882ac220b5243e8a4931f93f9e960cd99247fc0c5fe3eb35bb11c2dc112,4,70.21405411359519083085570256,TRUNCATED_SLICE_150_NONCANONICAL,QUALIFIED_BY_V3_PRICE_PATH,V3_OPERATIONAL_PRICE_PATH,False,REAL_RESEARCH_SNAPSHOT_V1/daily_status.is_st_sec,False,False,,True
db8c1bd050d84b6d0bcad4d7813960725f34ae7f7bdbd5d334a5fc3e4ca9885d,002255.SZ,2025-11-06,7a6a5e361d6960538eb39afedb24638b3e28198ef0fcd5c9db0582df70d7d8e7,4,84.34037176826892636838665014,TRUNCATED_SLICE_150_NONCANONICAL,QUALIFIED_BY_V3_PRICE_PATH,V3_OPERATIONAL_PRICE_PATH,False,REAL_RESEARCH_SNAPSHOT_V1/daily_status.is_st_sec,False,False,,True
0e1deea70f1ca44cab46fb7d43dbfe0273318eb1b11ac29c8bd18e7a9f0984e9,002256.SZ,2025-09-02,91b75d9fb91d1957707511af04a5a66a0a7e5edb47b187988bf9952c4976adac,4,94.24196700722957612117154863,TRUNCATED_SLICE_150_NONCANONICAL,QUALIFIED_BY_V3_PRICE_PATH,V3_OPERATIONAL_PRICE_PATH,False,REAL_RESEARCH_SNAPSHOT_V1/daily_status.is_st_sec,False,False,,True
3479a2e7ab85d29fc7c806cf92aab8a4dbd279f2cb52aeea32f03263845d9ad4,002261.SZ,2025-02-10,6fcca1fdfda2196c9bcc8b5b715b7a2db91e16b938ebd2834ed9a0cc6530c185,4,77.20422998653861528233406431,TRUNCATED_SLICE_150_NONCANONICAL,QUALIFIED_BY_V3_PRICE_PATH,V3_OPERATIONAL_PRICE_PATH,False,REAL_RESEARCH_SNAPSHOT_V1/daily_status.is_st_sec,False,False,,True
e4b2edf571c6155fefb1e208dc6f5d75a5d0d50cc1597a5823f4b57752e6e423,002263.SZ,2025-06-27,1a881abd06b0bd1613ac2395890d3685a21260584e0e6621dc593d992afd7bf8,4,87.01540627608599657509741850,TRUNCATED_SLICE_150_NONCANONICAL,QUALIFIED_BY_V3_PRICE_PATH,V3_OPERATIONAL_PRICE_PATH,False,REAL_RESEARCH_SNAPSHOT_V1/daily_status.is_st_sec,False,False,,True
b8051e3a2548fe794e25b208e8e9147906e22c8a73ac2d3ffd3bc8ed417ae2b8,002264.SZ,2025-11-26,cfa6afeecaabc6c764f6645f8f73632c0eae9baa681321eff82e71007f842df0,4,82.66104651394845046676717838,TRUNCATED_SLICE_150_NONCANONICAL,QUALIFIED_BY_V3_PRICE_PATH,V3_OPERATIONAL_PRICE_PATH,False,REAL_RESEARCH_SNAPSHOT_V1/daily_status.is_st_sec,False,False,,True
9ed416c45860f2b507edb1c03e4183a9e6e97f8c3ebf2262376cc7d5bb7b06b2,002265.SZ,2024-12-05,d5da02be23240973364e37aaab1b7efbf68f7fad71b7f72f7d133629cad1d863,4,82.91231789132516639219557609,TRUNCATED_SLICE_150_NONCANONICAL,QUALIFIED_BY_V3_PRICE_PATH,V3_OPERATIONAL_PRICE_PATH,False,REAL_RESEARCH_SNAPSHOT_V1/daily_status.is_st_sec,False,False,,True
02e7b1b852e0496c650a216949fc9eeda203cd3435f5b86f514132c882aef6d9,002265.SZ,2024-12-16,49e3f8054b757e4a8f0dc8b24db441dd3c87cc12ee3c918e203f07b6aa1b3efe,4,78.30948182669683337430323874,TRUNCATED_SLICE_150_NONCANONICAL,QUALIFIED_BY_OPERATIONAL_STATUS,OPERATIONAL_VENDOR_SCREEN,False,REAL_RESEARCH_SNAPSHOT_V1/daily_status.is_st_sec,False,False,,False
7a2c123e97d3af1257839746cd7140073ae57e04b506e7183f21dad37c9c2cbf,002272.SZ,2024-10-18,de26635567cf33554870059054b3fce27d10550f97b4e260e9ad3caab835d107,4,81.72747312871998669556390646,TRUNCATED_SLICE_150_NONCANONICAL,QUALIFIED_BY_V3_PRICE_PATH,V3_OPERATIONAL_PRICE_PATH,False,REAL_RESEARCH_SNAPSHOT_V1/daily_status.is_st_sec,False,False,,True
ec07a714c6e959f8806cd3634bef62f08303d8a680537ef3712081599e754c83,002272.SZ,2024-10-29,7b66938b692066a3f4e28616aa605e93ef8abf077a015bd5c5e335fca20a8c82,4,89.54311053004151459295310509,TRUNCATED_SLICE_150_NONCANONICAL,QUALIFIED_BY_OPERATIONAL_STATUS,OPERATIONAL_VENDOR_SCREEN,False,REAL_RESEARCH_SNAPSHOT_V1/daily_status.is_st_sec,False,False,,False
b866d4618c044694ff5c8ab648439802f14edf9ea9447c2776ad9f92b4c778e3,002276.SZ,2025-03-04,1647c9137ba61ae6e04a728edb4a9a064d33637ff3a5778ba5f153397a950a94,4,83.74608360599254904655774504,TRUNCATED_SLICE_150_NONCANONICAL,QUALIFIED_BY_V3_PRICE_PATH,V3_OPERATIONAL_PRICE_PATH,False,REAL_RESEARCH_SNAPSHOT_V1/daily_status.is_st_sec,False,False,,True
9663db1535077404778caeda2cc6a1a4b932a19fa7cdc72d57d746ae8eb25cdb,002277.SZ,2024-12-16,1e9627a73e8843e9fae3bc2ec30d58e4dd933e34b5627c606ff779f168f7cf7e,4,81.54414803712037202187737688,TRUNCATED_SLICE_150_NONCANONICAL,QUALIFIED_BY_V3_PRICE_PATH,V3_OPERATIONAL_PRICE_PATH,False,REAL_RESEARCH_SNAPSHOT_V1/daily_status.is_st_sec,False,False,,True
408a9bf9fd0c595edcf1267e691e11ff5f2af7a8bebbb1bc35852c7e5ac75eb6,002278.SZ,2025-03-18,80d9aca986f10a6b5ac99ddba21dd3623b327bd6eb9fb2e3fc5de1ce12d3a13a,4,90.05594984824803667465427399,TRUNCATED_SLICE_150_NONCANONICAL,QUALIFIED_BY_V3_PRICE_PATH,V3_OPERATIONAL_PRICE_PATH,False,REAL_RESEARCH_SNAPSHOT_V1/daily_status.is_st_sec,False,False,,True
b8b937898674d3d5464494cf76771c5cb88e2a708a114268c277518632d3ec18,002278.SZ,2025-10-23,e3a9219b420668f769835dff0257b4f4920b53ddff41090e8bf9454b74ef915f,4,80.32682046971069147643232855,TRUNCATED_SLICE_150_NONCANONICAL,QUALIFIED_BY_V3_PRICE_PATH,V3_OPERATIONAL_PRICE_PATH,False,REAL_RESEARCH_SNAPSHOT_V1/daily_status.is_st_sec,False,False,,True
97829abdd976e35e91c7b315c45fcb5c6db593ee59c7e8134a290d3eeb8005ba,002285.SZ,2026-09-21,e76503d92b1fe16e7f709021a0108527e97a54b6f55e11cd44a8bce2839d8140,4,75.41071151181796639164970252,TRUNCATED_SLICE_150_NONCANONICAL,QUALIFIED_BY_V3_PRICE_PATH,V3_OPERATIONAL_PRICE_PATH,False,REAL_RESEARCH_SNAPSHOT_V1/daily_status.is_st_sec,False,False,,True
a2c5af3d7379596bfee7b6bd764a09d574f77eaaf22d76d799ec5963aa2b493f,002290.SZ,2025-02-24,88bf0bb3673db20eee536f6518214eaa15fa75160f8dc0862806ce454377bd5e,4,89.16010291946543734144424373,TRUNCATED_SLICE_150_NONCANONICAL,QUALIFIED_BY_V3_PRICE_PATH,V3_OPERATIONAL_PRICE_PATH,False,REAL_RESEARCH_SNAPSHOT_V1/daily_status.is_st_sec,False,False,,True
e731a896b0291a68bac27c8d3b7a45eaac192907b541084dcd83e956f8af6a3c,002295.SZ,2025-09-30,5caac2e574c634d39bdc10248561d7c1fc5b7cc2907d26f28ab9fef56d09b1df,4,72.17650717225136468774770533,TRUNCATED_SLICE_150_NONCANONICAL,QUALIFIED_BY_V3_PRICE_PATH,V3_OPERATIONAL_PRICE_PATH,False,REAL_RESEARCH_SNAPSHOT_V1/daily_status.is_st_sec,False,False,,True
6352cd453ba6b8ed3a8a242bb4d5f9cc3ea37c56c8293ce0232946130a3ccdc5,002297.SZ,2026-04-16,cd515d718e31ce21aa09ef8e6a7e711b8897d9cb3bd879c5f4ca83e5975f8bc8,4,80.00018053050348956539162876,TRUNCATED_SLICE_150_NONCANONICAL,QUALIFIED_BY_V3_PRICE_PATH,V3_OPERATIONAL_PRICE_PATH,False,REAL_RESEARCH_SNAPSHOT_V1/daily_status.is_st_sec,False,False,,True
5c2e9be7186ad518f062d7fe593c0352593d42d9dcb430fed0c5e8a53720cd82,002298.SZ,2025-06-10,d91c504796d6ee1e6673159be2be0f8fffec299010d497a1c39032e2385c0f41,4,78.78031030156904320541156441,TRUNCATED_SLICE_150_NONCANONICAL,QUALIFIED_BY_V3_PRICE_PATH,V3_OPERATIONAL_PRICE_PATH,False,REAL_RESEARCH_SNAPSHOT_V1/daily_status.is_st_sec,False,False,,True
406869a0d8cb80077e526c8ea83ee5b0cbbdea7c6e33e25c9306a02a55151cd5,002300.SZ,2025-03-26,62ad70c13cb85507e68f614f309a0ce012c6b5e9fb49abfbdd3bc79894b45982,4,93.81972387241395019353501944,TRUNCATED_SLICE_150_NONCANONICAL,QUALIFIED_BY_V3_PRICE_PATH,V3_OPERATIONAL_PRICE_PATH,False,REAL_RESEARCH_SNAPSHOT_V1/daily_status.is_st_sec,False,False,,True
19f96b1c84de14d1bea6ad57e98ffda28b32ed8adf6372a132f2345ebd2c97f2,002300.SZ,2025-12-05,fec1464f3e3df19a603ee487a2b878f758a6553348065c463aff6985ba156ea0,4,78.86405676539756521608675930,TRUNCATED_SLICE_150_NONCANONICAL,QUALIFIED_BY_V3_PRICE_PATH,V3_OPERATIONAL_PRICE_PATH,False,REAL_RESEARCH_SNAPSHOT_V1/daily_status.is_st_sec,False,False,,True
255cda3b8c71c5029ec5e5d520981c68dc407b91a635d4cb56dba9e62ed4d166,002301.SZ,2024-11-29,b6860fb940ad7efe94a62ea4bddf0b08612b0ac85d50676ea9e49449f24c0ceb,4,87.90178904831424393394776241,TRUNCATED_SLICE_150_NONCANONICAL,QUALIFIED_BY_V3_PRICE_PATH,V3_OPERATIONAL_PRICE_PATH,False,REAL_RESEARCH_SNAPSHOT_V1/daily_status.is_st_sec,False,False,,True
0f4fd4d87ec8ab6739e01cd58d7b94f8de843007f381a00e32bf7b6e596daf48,002302.SZ,2024-08-28,5ab75cf64bd4b1782d6956d77df0f8a8d20c5eedaee62c3fe83bd73306c49eb8,4,86.13346537831779870580837542,TRUNCATED_SLICE_150_NONCANONICAL,QUALIFIED_BY_V3_PRICE_PATH,V3_OPERATIONAL_PRICE_PATH,False,REAL_RESEARCH_SNAPSHOT_V1/daily_status.is_st_sec,False,False,,True
9eb381330ee5aff2b5b442c0cf7a5a7e7e1f6fd3d4da7ec20c86140c19e0c90d,002309.SZ,2026-03-25,1a96f213ce141e06c0b79cabf0fc9bcc5c1bd05f5e05436015ebd2f2ea477234,4,86.57917631915472751859948844,TRUNCATED_SLICE_150_NONCANONICAL,QUALIFIED_BY_V3_PRICE_PATH,V3_OPERATIONAL_PRICE_PATH,False,REAL_RESEARCH_SNAPSHOT_V1/daily_status.is_st_sec,False,False,,True
7138eca8855d47d9160673dce8918f7b94caf7d240d029ba661911c894ddd4d6,002312.SZ,2024-10-31,07810c33e9edb51e1263dc829e779e3d951bd42f281aa9240156ba9f59af4f64,4,90.40858940428160837596952846,TRUNCATED_SLICE_150_NONCANONICAL,QUALIFIED_BY_V3_PRICE_PATH,V3_OPERATIONAL_PRICE_PATH,False,REAL_RESEARCH_SNAPSHOT_V1/daily_status.is_st_sec,False,False,,True
4e8d1b46a0510001e751ba0467ee8b5d1b4444796118e2c37cc8b85eb0c6c32d,002313.SZ,2025-08-08,ef5d357312b03df91c5d968b26c10d8c575e5f072ead624f9a14733f1a0b9f36,4,89.96760813513627304067366084,TRUNCATED_SLICE_150_NONCANONICAL,QUALIFIED_BY_V3_PRICE_PATH,V3_OPERATIONAL_PRICE_PATH,False,REAL_RESEARCH_SNAPSHOT_V1/daily_status.is_st_sec,False,False,,True
44f41d02636929a7069e9e51b1f2cac8dee2844efdf24053e08427b11ef04919,002323.SZ,2024-11-06,547051576f532bced1b89972487c37f7862b0b67adbbf6915224a431ca3a6ffc,4,72.81511688958436087760791228,TRUNCATED_SLICE_150_NONCANONICAL,QUALIFIED_BY_V3_PRICE_PATH,V3_OPERATIONAL_PRICE_PATH,False,REAL_RESEARCH_SNAPSHOT_V1/daily_status.is_st_sec,False,False,,True
d8aea33b5910354d4ae7e994f650012794264c51f1b6328a33cf835a82e1f438,002323.SZ,2026-02-12,c282e949934ee14b5bc39642d0e19075c4b9458b11faf7573d762813c4417249,4,87.57482473858519444554438633,TRUNCATED_SLICE_150_NONCANONICAL,QUALIFIED_BY_V3_PRICE_PATH,V3_OPERATIONAL_PRICE_PATH,False,REAL_RESEARCH_SNAPSHOT_V1/daily_status.is_st_sec,False,False,,True
f13265284988fbc56f5ea6ded68f9fab78d897b69c8cd7d955a9284d4bc8276f,002324.SZ,2026-01-08,b0bc452ac2470b957906bef7ef2cf155a91b23775350b55726fffcefc4d144d9,4,94.10451354726000678105519078,TRUNCATED_SLICE_150_NONCANONICAL,QUALIFIED_BY_V3_PRICE_PATH,V3_OPERATIONAL_PRICE_PATH,False,REAL_RESEARCH_SNAPSHOT_V1/daily_status.is_st_sec,False,False,,True
00c73893228747e89dc01f13d8a72489e620d2456f53325b57781faf8e9384a0,002329.SZ,2026-08-13,8b5291bf80f11a087258ea742481f6478f2fcb4e1920e6a8505918ebbf4c3998,4,76.90998312524579676174279351,TRUNCATED_SLICE_150_NONCANONICAL,QUALIFIED_BY_V3_PRICE_PATH,V3_OPERATIONAL_PRICE_PATH,False,REAL_RESEARCH_SNAPSHOT_V1/daily_status.is_st_sec,False,False,,True
94a4fe7485fd73c3cd906a3df9c6d7ce570a88b17364e6582ff7d386f8aeb17b,002342.SZ,2025-03-18,56c60900e73bd3bb3bb0f3208c4df7b3988b3bc91f848bc131a679fdf952696d,4,91.11884206014159183378464678,TRUNCATED_SLICE_150_NONCANONICAL,QUALIFIED_BY_V3_PRICE_PATH,V3_OPERATIONAL_PRICE_PATH,False,REAL_RESEARCH_SNAPSHOT_V1/daily_status.is_st_sec,False,False,,True
0d6d576841c33fee74ff8e8f2dbb368ed6d0244284488e5afdd8ddc1ff339de7,002342.SZ,2026-01-13,856517a202398ad0dd370eb7cff9c7506c952f655e2643a3dfa960e7ef6a611c,4,84.28105486831296340459025770,TRUNCATED_SLICE_150_NONCANONICAL,QUALIFIED_BY_V3_PRICE_PATH,V3_OPERATIONAL_PRICE_PATH,False,REAL_RESEARCH_SNAPSHOT_V1/daily_status.is_st_sec,False,False,,True
2938bf19ce4052b25fd3118e0c80c266ca3c67bc584209b07ab5d1347021ae95,002344.SZ,2024-11-20,93fa0a2559d3589c1ec874bfffd0f2c174107c4c23cdc2e5162a474adfe4b3dc,4,87.80420670839735701542035926,TRUNCATED_SLICE_150_NONCANONICAL,QUALIFIED_BY_V3_PRICE_PATH,V3_OPERATIONAL_PRICE_PATH,False,REAL_RESEARCH_SNAPSHOT_V1/daily_status.is_st_sec,False,False,,True
e43fd019dbc578b7f713908d5462917b978b0d423d1a218c30fe75123a4cb642,002347.SZ,2024-12-03,edc7322975f0db5e788964f82b36adace0bc78212bc1118e5858c2e9bc24e7b9,4,84.15010601662725957908722405,TRUNCATED_SLICE_150_NONCANONICAL,QUALIFIED_BY_V3_PRICE_PATH,V3_OPERATIONAL_PRICE_PATH,False,REAL_RESEARCH_SNAPSHOT_V1/daily_status.is_st_sec,False,False,,True
5c8313f8d4793af7a3e0d082ec3404957afb3ae49ddc2e5db3a3c27421583677,002347.SZ,2025-12-30,bdf05ba78c0ed1d71d57f7fdcb21936d1b0670deb61977b9c6a000b35b897ebe,4,84.20382333095606292703630902,TRUNCATED_SLICE_150_NONCANONICAL,QUALIFIED_BY_V3_PRICE_PATH,V3_OPERATIONAL_PRICE_PATH,False,REAL_RESEARCH_SNAPSHOT_V1/daily_status.is_st_sec,False,False,,True
55268aba827f6fb33bad75927e2593afdf84e8494525a53ab85861735b1c1290,002348.SZ,2025-12-04,673de371218b3c8ec5917e8d2fcaaa427d9b460e850388f73d7063c891da4715,4,80.42845320185681981927089003,TRUNCATED_SLICE_150_NONCANONICAL,QUALIFIED_BY_V3_PRICE_PATH,V3_OPERATIONAL_PRICE_PATH,False,REAL_RESEARCH_SNAPSHOT_V1/daily_status.is_st_sec,False,False,,True
478124e516a79f4ec195204927f3f7094dddc8d1463fc5895e1afd7d3ca12bd0,002354.SZ,2024-12-10,ec9c779480df07c6d11c9976245d9619a16ac1d561d8b8501ab61bea293578a2,4,78.02601411528311696929862422,TRUNCATED_SLICE_150_NONCANONICAL,QUALIFIED_BY_V3_PRICE_PATH,V3_OPERATIONAL_PRICE_PATH,False,REAL_RESEARCH_SNAPSHOT_V1/daily_status.is_st_sec,False,False,,True
e8288e57ae474a18fa2e7156ce976dbc01f5b1d930cfd7f4d57097f53c4eb62d,002354.SZ,2026-06-10,f63e07074d1f4349308055a5ef72b68dd079e926867da3b8bcf8d5048da796e3,4,72.81810382907772431386092490,TRUNCATED_SLICE_150_NONCANONICAL,QUALIFIED_BY_V3_PRICE_PATH,V3_OPERATIONAL_PRICE_PATH,False,REAL_RESEARCH_SNAPSHOT_V1/daily_status.is_st_sec,False,False,,True
174e353aea2bccd046d5e42781cc7a71b10212c22416c58e5f815bfab008d377,002361.SZ,2025-01-03,c6a46980d70d18ce601cc5c4755c6516b4f6c5933c0404ffa0fbd2054efab804,4,76.21169678854478624185066116,TRUNCATED_SLICE_150_NONCANONICAL,QUALIFIED_BY_V3_PRICE_PATH,V3_OPERATIONAL_PRICE_PATH,False,REAL_RESEARCH_SNAPSHOT_V1/daily_status.is_st_sec,False,False,,True
92a6706d800950ebfb13403f911f83fd73f686de8919ce00804d726b5af19a58,002361.SZ,2025-12-23,9e9296236093fe276504f370a228975989dc836895324b0f314e476f56aed2b9,4,84.59524790018381954948688863,TRUNCATED_SLICE_150_NONCANONICAL,QUALIFIED_BY_V3_PRICE_PATH,V3_OPERATIONAL_PRICE_PATH,False,REAL_RESEARCH_SNAPSHOT_V1/daily_status.is_st_sec,False,False,,True
c00a2a4c886d76762c2114be1b5ec2c1785fecbddd577e91f6ad22b3cb32350a,002361.SZ,2026-04-01,a1f8dc9f1e42d423c692874127ce78642a7e6e505b1170d7dcbc45130ab7b1a2,4,71.42443301215271667457173122,TRUNCATED_SLICE_150_NONCANONICAL,QUALIFIED_BY_OPERATIONAL_STATUS,OPERATIONAL_VENDOR_SCREEN,False,REAL_RESEARCH_SNAPSHOT_V1/daily_status.is_st_sec,False,False,,False
df097c4ab60b0772994c65543a346c615e8fe2ab7b9aa84d18aa35a2f22e0a7c,002362.SZ,2024-12-10,9447784d6190cc04d0c43835fc7ad15d2a51cac33f145bd0830fabafd8082c1b,4,83.61530837370071091197958988,TRUNCATED_SLICE_150_NONCANONICAL,QUALIFIED_BY_V3_PRICE_PATH,V3_OPERATIONAL_PRICE_PATH,False,REAL_RESEARCH_SNAPSHOT_V1/daily_status.is_st_sec,False,False,,True
32be28d9a48810b793481894e82f4979fa75a3f0938d5d2ef048f7213577a265,002364.SZ,2025-01-08,71d525783904b64ef97262c6b2a2fe48cd902f9caded1284368e1d5b1b42e584,4,84.55893764235956598919513206,TRUNCATED_SLICE_150_NONCANONICAL,QUALIFIED_BY_V3_PRICE_PATH,V3_OPERATIONAL_PRICE_PATH,False,REAL_RESEARCH_SNAPSHOT_V1/daily_status.is_st_sec,False,False,,True
07337ed8c0e875dac3e0ad1ce8086cff98a1f590243c226db2795157ce0f7ee9,002364.SZ,2026-04-14,6b9370f9aa20268dfab52a2f4b6a8b743fce447feec55ce9c401cd02373ed7ec,4,75.17951136816202823928441746,TRUNCATED_SLICE_150_NONCANONICAL,QUALIFIED_BY_V3_PRICE_PATH,V3_OPERATIONAL_PRICE_PATH,False,REAL_RESEARCH_SNAPSHOT_V1/daily_status.is_st_sec,False,False,,True
31d15f13776d4f155d8cd6d28e8dc3f30ea416b1444ba503453f3f97070ce3d5,002365.SZ,2025-04-29,192da90a16bb4b10c405894cd8b98d54e3c7358bc1e73d92ebff0ebb76657551,4,79.13854452136406846696913615,TRUNCATED_SLICE_150_NONCANONICAL,QUALIFIED_BY_V3_PRICE_PATH,V3_OPERATIONAL_PRICE_PATH,False,REAL_RESEARCH_SNAPSHOT_V1/daily_status.is_st_sec,False,False,,True
d3e46c485ff650b0815b5beca3de341e4e2b638d25268101d4a6e1465d6b5cd8,002365.SZ,2025-05-23,205bfc0740b21d2701919942a53b7bd9f75f623e86b4d3f218212bc93eae271e,4,81.39097314901073752502969883,TRUNCATED_SLICE_150_NONCANONICAL,QUALIFIED_BY_V3_PRICE_PATH,V3_OPERATIONAL_PRICE_PATH,False,REAL_RESEARCH_SNAPSHOT_V1/daily_status.is_st_sec,False,False,,True
127baa97f2177c61896f311fdb5b4aabe4c3e335a25740f943c2a7944cb2dbba,002366.SZ,2025-05-28,d8c80ba1e42206cd16de955f423c25d876ba37d8ee5d581ac8b55a2e5bb93bb1,4,86.15724563391957261779283833,TRUNCATED_SLICE_150_NONCANONICAL,QUALIFIED_BY_V3_PRICE_PATH,V3_OPERATIONAL_PRICE_PATH,False,REAL_RESEARCH_SNAPSHOT_V1/daily_status.is_st_sec,False,False,,True
b44155a5ab97295ed2b1208370e78b6a22a0405f266218407e5b081859cfd433,002369.SZ,2025-02-24,1cdc2adb5004b457ef0ce14f69ae1c8ac32c6455299e37cd38d86a27efe71992,4,79.31008920228096792964111724,TRUNCATED_SLICE_150_NONCANONICAL,QUALIFIED_BY_V3_PRICE_PATH,V3_OPERATIONAL_PRICE_PATH,False,REAL_RESEARCH_SNAPSHOT_V1/daily_status.is_st_sec,False,False,,True
bcdaf4d6c7a12bfcdab8b940c06df01ea0d7152a659051563e0961c069d62536,002388.SZ,2024-09-05,c67002453e51217bc5dc08b01752696b3b2e11f71a11506b86513d349032bfb2,4,83.31944732726226895414423862,TRUNCATED_SLICE_150_NONCANONICAL,QUALIFIED_BY_V3_PRICE_PATH,V3_OPERATIONAL_PRICE_PATH,False,REAL_RESEARCH_SNAPSHOT_V1/daily_status.is_st_sec,False,False,,True
6049a45e16c9691ef2cb537488acc70ae3cf8625016bef5cab4f168931c5b7e1,002396.SZ,2026-07-06,aadcd0597530908d0f5603e99c1ece325ac58d2cd4066bed3043d6ad8c80cb38,4,70.57113776387184218688601913,TRUNCATED_SLICE_150_NONCANONICAL,QUALIFIED_BY_V3_PRICE_PATH,V3_OPERATIONAL_PRICE_PATH,False,REAL_RESEARCH_SNAPSHOT_V1/daily_status.is_st_sec,False,False,,True
38e45c5b4a0df0a7f5ebf797bde5c5076df32aa1c614b1190cae657e4adce06d,002397.SZ,2025-01-07,87b60f89876a234d89c37065806913dd2539bb3ad6a397535fc36926dae3ce76,4,75.08713113276072085185940125,TRUNCATED_SLICE_150_NONCANONICAL,QUALIFIED_BY_V3_PRICE_PATH,V3_OPERATIONAL_PRICE_PATH,False,REAL_RESEARCH_SNAPSHOT_V1/daily_status.is_st_sec,False,False,,True
c98cccaf7ba31e0a56ffdaf1baa743e0afed48d00be7207bf71a6550f43c383e,002400.SZ,2026-01-14,f87878d47bd7a663544d9e4a0a5d8a3f076465c97ba67ebc746f4fa2da04a5b3,4,90.64023609846023954626145944,TRUNCATED_SLICE_150_NONCANONICAL,QUALIFIED_BY_V3_PRICE_PATH,V3_OPERATIONAL_PRICE_PATH,False,REAL_RESEARCH_SNAPSHOT_V1/daily_status.is_st_sec,False,False,,True
dbe81a05167c749a39d422679462c21ae5a61d07353d831ba5046100241a476d,002402.SZ,2024-11-14,659734d6f45584fff1347ad86f3e02bac99c987ce5b7910f8b4e26d75f0e183d,4,89.96697766086716088999469769,TRUNCATED_SLICE_150_NONCANONICAL,QUALIFIED_BY_V3_PRICE_PATH,V3_OPERATIONAL_PRICE_PATH,False,REAL_RESEARCH_SNAPSHOT_V1/daily_status.is_st_sec,False,False,,True
82a3e07246bbae5b7403d5b26591a4dddd7b91df6e8ae7292ac64c4a75976802,002403.SZ,2024-11-21,fd0a7e804df4959dfbaa2242ffb6ca100d60bcd897fdd8cabf3eade678f14927,4,82.17783105798283853866806053,TRUNCATED_SLICE_150_NONCANONICAL,QUALIFIED_BY_V3_PRICE_PATH,V3_OPERATIONAL_PRICE_PATH,False,REAL_RESEARCH_SNAPSHOT_V1/daily_status.is_st_sec,False,False,,True
a1a052ea6631f3a1cfe67247c055476d7fdd679c016edc663611c7afa6ca0d7a,002403.SZ,2024-12-11,b53ec812a7f0e9ef77b76147aad3ff3b32822f8eac7976d76dd0c4f59e1acaa8,4,73.78036167601538733339830830,TRUNCATED_SLICE_150_NONCANONICAL,QUALIFIED_BY_V3_PRICE_PATH,V3_OPERATIONAL_PRICE_PATH,False,REAL_RESEARCH_SNAPSHOT_V1/daily_status.is_st_sec,False,False,,True
3a5d3fc5d3c6693eca13179765369de6731c5eaed2b8f06f8ad406b0963fa603,002403.SZ,2026-09-08,a15a43af0a9d2efac887b4f34c2dc3f9d0a61e7f1581ea25c66c98de18185da3,4,84.89163930189894173453336007,TRUNCATED_SLICE_150_NONCANONICAL,QUALIFIED_BY_V3_PRICE_PATH,V3_OPERATIONAL_PRICE_PATH,False,REAL_RESEARCH_SNAPSHOT_V1/daily_status.is_st_sec,False,False,,True
6688752c2f75775c50530ebe1b159afc044d0fade1724ead3db5617e308dc421,002410.SZ,2024-10-08,f75dc69f66152180acb32fd32d2dd46d4f4fb89aaf2ff82d3564880e0eb6d263,4,83.95730066176310115649287482,TRUNCATED_SLICE_150_NONCANONICAL,QUALIFIED_BY_V3_PRICE_PATH,V3_OPERATIONAL_PRICE_PATH,False,REAL_RESEARCH_SNAPSHOT_V1/daily_status.is_st_sec,False,False,,True
2df05000ea86529251e99da9e2656cd84975d7e372c9632866c65d6bc3cc770a,002412.SZ,2026-08-24,61c986df143f4db58fec1e18fd9288c88a7b662da8e3c5a4111321a2c873b9a7,4,89.17713806908224237345435636,TRUNCATED_SLICE_150_NONCANONICAL,QUALIFIED_BY_V3_PRICE_PATH,V3_OPERATIONAL_PRICE_PATH,False,REAL_RESEARCH_SNAPSHOT_V1/daily_status.is_st_sec,False,False,,True
52edf5736cffc7173e0d2591605af9d350d87879625b34b4be52bb367f42ba21,002413.SZ,2025-11-28,4e073861c8ca6edc870945f36721abd28a3e5161603426a349a60ee6c83583cc,4,71.51814788790448546840730964,TRUNCATED_SLICE_150_NONCANONICAL,QUALIFIED_BY_V3_PRICE_PATH,V3_OPERATIONAL_PRICE_PATH,False,REAL_RESEARCH_SNAPSHOT_V1/daily_status.is_st_sec,False,False,,True
3e6972987dca84d49be8e3091bd2011a48a58733112a7ec5d944b5884008aab3,002413.SZ,2026-01-05,6afbbefce3467a6da1dedce720c6bcb4619e6711fde638f608b1b5c348f9dbfa,4,81.05444539908915484997354968,TRUNCATED_SLICE_150_NONCANONICAL,QUALIFIED_BY_V3_PRICE_PATH,V3_OPERATIONAL_PRICE_PATH,False,REAL_RESEARCH_SNAPSHOT_V1/daily_status.is_st_sec,False,False,,True
ae51b27102b1c914f47a8c892b63faa35405835ff68e402a16d8f05908cd43f0,002416.SZ,2024-11-01,560ce9d08ca34dc92be0dd11262f1f154f057b4f1cca2c3724a5ea01da4e9d3a,4,86.14520318112139535193380498,TRUNCATED_SLICE_150_NONCANONICAL,QUALIFIED_BY_V3_PRICE_PATH,V3_OPERATIONAL_PRICE_PATH,False,REAL_RESEARCH_SNAPSHOT_V1/daily_status.is_st_sec,False,False,,True
14b130403c71c04c9cefaa1bf9fbc7c7e3406601d653f45d589b00b3c93e108d,002418.SZ,2025-01-09,bd84cb720edac2f36e8526e15dfbcd8e5c37dc2957211070df593c4557ecae2c,4,71.82372932530285006110069140,TRUNCATED_SLICE_150_NONCANONICAL,QUALIFIED_BY_V3_PRICE_PATH,V3_OPERATIONAL_PRICE_PATH,False,REAL_RESEARCH_SNAPSHOT_V1/daily_status.is_st_sec,False,False,,True
1977bf2245405b99c5c11c361d191d95873e950e69084d7108e8d477a10d880c,002418.SZ,2026-08-31,8fc92e5da5218d831f7a0f8adbab6ec3dd176768e7e9d7a76376398e4d29894d,4,78.14076296206842332789553676,TRUNCATED_SLICE_150_NONCANONICAL,QUALIFIED_BY_V3_PRICE_PATH,V3_OPERATIONAL_PRICE_PATH,False,REAL_RESEARCH_SNAPSHOT_V1/daily_status.is_st_sec,False,False,,True
6923db81e3723057294a24e3daf650080e4f3eae27612650e05b9f8111568d5b,002421.SZ,2026-05-20,44d5c8011775a6d9184de574b557286184ab98ab0fc4ad5833a491bec842b30d,4,83.98553223853481662188229970,TRUNCATED_SLICE_150_NONCANONICAL,QUALIFIED_BY_V3_PRICE_PATH,V3_OPERATIONAL_PRICE_PATH,False,REAL_RESEARCH_SNAPSHOT_V1/daily_status.is_st_sec,False,False,,True
aa990f3d4ac9e08179a1306e2ccc3edf767f6c9e041872783dd94a208bc4a586,002423.SZ,2024-09-27,a81c01376bac4da18ccef15b3047271083f98d7cd8a405fef89be8117c53cecd,4,88.31231798670442022324071694,TRUNCATED_SLICE_150_NONCANONICAL,QUALIFIED_BY_V3_PRICE_PATH,V3_OPERATIONAL_PRICE_PATH,False,REAL_RESEARCH_SNAPSHOT_V1/daily_status.is_st_sec,False,False,,True
a203cd10c7e78b5967d9b5e96bcbd74d1f94cd72687c3b745e15992559abecdc,002427.SZ,2025-03-26,a499cd3c1bce9d755750f966bb34c51a3cd87cd066c673a029dd1f6bfb526af0,4,87.11658444370107530428786468,TRUNCATED_SLICE_150_NONCANONICAL,QUALIFIED_BY_V3_PRICE_PATH,V3_OPERATIONAL_PRICE_PATH,False,REAL_RESEARCH_SNAPSHOT_V1/daily_status.is_st_sec,False,False,,True
f1a540414009e4c2c15597259dc1b163231a4407817f1f40d7617bd868cd71e7,002427.SZ,2025-04-23,f0bb3c379679896ae2265c874bebac96652ac0b4fafa08211f11f65b8479bc50,4,76.20027721144375706597100800,TRUNCATED_SLICE_150_NONCANONICAL,QUALIFIED_BY_V3_PRICE_PATH,V3_OPERATIONAL_PRICE_PATH,False,REAL_RESEARCH_SNAPSHOT_V1/daily_status.is_st_sec,False,False,,True
bafcf11e7e8721d25cdaad4aad30ea6289ee2defa75da0334b2d6c4fd82ef11b,002427.SZ,2025-05-19,1e5acafd7c9305187530ce4327669590209f8132a17e795d9d2e796873e2c66a,4,71.38288361103734199029312414,TRUNCATED_SLICE_150_NONCANONICAL,QUALIFIED_BY_V3_PRICE_PATH,V3_OPERATIONAL_PRICE_PATH,False,REAL_RESEARCH_SNAPSHOT_V1/daily_status.is_st_sec,False,False,,True
d8fd07dde3d9b1f7473b34e7e2ba0e0f317002e34aa4229c8e8e1808f60d77b1,002428.SZ,2024-11-05,baa4dd1cb9ec1b1573338a2f0c2087e4b347a6b71de80b777ebbd97a258a536f,4,87.20165994342637768460664265,TRUNCATED_SLICE_150_NONCANONICAL,QUALIFIED_BY_V3_PRICE_PATH,V3_OPERATIONAL_PRICE_PATH,False,REAL_RESEARCH_SNAPSHOT_V1/daily_status.is_st_sec,False,False,,True
0c96b5a537ca22a797e7f1e912e2eeaadaa9f38d25342761e48e4a93b62fef2b,002431.SZ,2025-05-22,36d0c2be6b97f801077e4b2e0801c199e2820af9fd317e3594a3dfce75ca5665,4,89.03356841503399825118739661,TRUNCATED_SLICE_150_NONCANONICAL,QUALIFIED_BY_V3_PRICE_PATH,V3_OPERATIONAL_PRICE_PATH,False,REAL_RESEARCH_SNAPSHOT_V1/daily_status.is_st_sec,False,False,,True
5c27ff35eb7c1f10a951ecddfe6f8d59fed1517cb0b17727a273914b977005c0,002437.SZ,2026-08-13,3fa88667897cb82cc1e2ee50ed33dfc29f8bc0fadf4a94bc16272095a4ae42b5,4,82.34843806450127377163201693,TRUNCATED_SLICE_150_NONCANONICAL,QUALIFIED_BY_V3_PRICE_PATH,V3_OPERATIONAL_PRICE_PATH,False,REAL_RESEARCH_SNAPSHOT_V1/daily_status.is_st_sec,False,False,,True
d780caa64b78cf439a8b3024d63db84069d927885111b65098d0c7b246981399,002445.SZ,2026-03-12,691aaae0c4fdcad13e69b392a1a37e4846edb99c1d2a4ae06b74f00c5b2dab9a,4,84.26322012940383498184655662,TRUNCATED_SLICE_150_NONCANONICAL,QUALIFIED_BY_V3_PRICE_PATH,V3_OPERATIONAL_PRICE_PATH,False,REAL_RESEARCH_SNAPSHOT_V1/daily_status.is_st_sec,False,False,,True
01323e51d7f1d276efbb18e72b623542027a9edca24723bc263a3f0fb318b728,002449.SZ,2024-12-25,f11dbca305414e5f09ef38af7c6948959fffcbd147ba29584353d510deedab0e,4,76.04123006714877891009640371,TRUNCATED_SLICE_150_NONCANONICAL,QUALIFIED_BY_V3_PRICE_PATH,V3_OPERATIONAL_PRICE_PATH,False,REAL_RESEARCH_SNAPSHOT_V1/daily_status.is_st_sec,False,False,,True
c5643bc875279300a0410e7a24f2e80eae79e91d1ee2d99988838f88094f4448,002451.SZ,2025-11-07,52cb0abbc3273e28f96efb7fe1f918849c6310ef42355dc8419870839ade24ba,4,92.53553781054897661152190686,TRUNCATED_SLICE_150_NONCANONICAL,QUALIFIED_BY_V3_PRICE_PATH,V3_OPERATIONAL_PRICE_PATH,False,REAL_RESEARCH_SNAPSHOT_V1/daily_status.is_st_sec,False,False,,True
6bafdae213e34583d3b317105084c4b9924534f19e1677d6701c8ba62f90799b,002453.SZ,2025-09-24,348fcfb87f9167cf29632498dcf408647a1bbb2ed7f5ad82d7e39e0260c018f2,4,85.05650688785699396092794675,TRUNCATED_SLICE_150_NONCANONICAL,QUALIFIED_BY_V3_PRICE_PATH,V3_OPERATIONAL_PRICE_PATH,False,REAL_RESEARCH_SNAPSHOT_V1/daily_status.is_st_sec,False,False,,True
5e198b39d08a096580ac360919d6dbbfb058da619c27bfb4abf5e285b515cca5,002455.SZ,2026-02-03,a84a0b7d62d050b2625c0c90d0f8076005fe69598473db59992defd7df3a4d05,4,84.39389216959787174728254515,TRUNCATED_SLICE_150_NONCANONICAL,QUALIFIED_BY_V3_PRICE_PATH,V3_OPERATIONAL_PRICE_PATH,False,REAL_RESEARCH_SNAPSHOT_V1/daily_status.is_st_sec,False,False,,True
9f41b5fdf3aa28df6dee1bf038a932911bed523f696c0a0df13ca5aff1c5125e,002455.SZ,2026-02-12,6d433e2c05709f3834b8c69c88bc12da54de11b63560ee434f08cfb5feb2a498,4,80.13139829845339468704385990,TRUNCATED_SLICE_150_NONCANONICAL,QUALIFIED_BY_OPERATIONAL_STATUS,OPERATIONAL_VENDOR_SCREEN,False,REAL_RESEARCH_SNAPSHOT_V1/daily_status.is_st_sec,False,False,,False
886f4ead60961215287f1232cd97c5ee6125edb411f169eace29da379df11b7b,002456.SZ,2024-11-04,85d0d86b5429e622cc06f90b4fbb1b89e0f4003b898abe48d15b8dfa32dc793a,4,74.13368880215799251282075836,TRUNCATED_SLICE_150_NONCANONICAL,QUALIFIED_BY_V3_PRICE_PATH,V3_OPERATIONAL_PRICE_PATH,False,REAL_RESEARCH_SNAPSHOT_V1/daily_status.is_st_sec,False,False,,True
996ae0ba471bbae477341c0f9f3eec456b89c8bf6d804f9c6c265dcc497a40f6,002467.SZ,2024-11-25,6a1b5ca4faa1603832b8a3f3ae562a8420b9a881730f67a1b81466729385dcb7,4,82.88717967092147040219776708,TRUNCATED_SLICE_150_NONCANONICAL,QUALIFIED_BY_V3_PRICE_PATH,V3_OPERATIONAL_PRICE_PATH,False,REAL_RESEARCH_SNAPSHOT_V1/daily_status.is_st_sec,False,False,,True
ac4a4f987ec3967a6485255caab766d457abf4a24e027db5bafe86947358d33d,002469.SZ,2024-11-18,e61da770ed6a5ca2fd73442ca028a16e17ef553343d3ab0c34a8a0974b92c419,4,92.85431921794594338688756321,TRUNCATED_SLICE_150_NONCANONICAL,QUALIFIED_BY_V3_PRICE_PATH,V3_OPERATIONAL_PRICE_PATH,False,REAL_RESEARCH_SNAPSHOT_V1/daily_status.is_st_sec,False,False,,True
2a830b30061308f3eefbc6c392268a9f3c14767622717ed38f15f479344dccad,002470.SZ,2026-02-27,f871d5e55b4b8bbb8e478eafff530878de28c35622c3fc7f2d35d4ea23dfc2af,4,86.09819499562234447097721012,TRUNCATED_SLICE_150_NONCANONICAL,QUALIFIED_BY_V3_PRICE_PATH,V3_OPERATIONAL_PRICE_PATH,False,REAL_RESEARCH_SNAPSHOT_V1/daily_status.is_st_sec,False,False,,True
fb64866698f1b38bc552123a64feb33c943504b606afbc161c3b514a069ec608,002471.SZ,2025-05-08,96847f1844d100e38ccfc2de1d10f0ba7aa597b59425a207ed119f2d7130818f,4,73.33019307990202674895917298,TRUNCATED_SLICE_150_NONCANONICAL,QUALIFIED_BY_V3_PRICE_PATH,V3_OPERATIONAL_PRICE_PATH,False,REAL_RESEARCH_SNAPSHOT_V1/daily_status.is_st_sec,False,False,,True
c192ef117aa8051abc5043f13a373e9ccf6159f0bd255978e5fd8cd30faa7926,002471.SZ,2025-05-27,85ac532156341393bd49d9c5ddbf8a91b05645a3292068a2e2c8e3eb3e89a282,4,75.29759297414273323620255509,TRUNCATED_SLICE_150_NONCANONICAL,QUALIFIED_BY_V3_PRICE_PATH,V3_OPERATIONAL_PRICE_PATH,False,REAL_RESEARCH_SNAPSHOT_V1/daily_status.is_st_sec,False,False,,True
75ab516f806c38098c8c93cb538877e02b099b54971aac242891ea26c29b768d,002474.SZ,2025-11-20,564763dcb79de1be4868af45907c8c08f624a4fe97dc21423f3fd09f3ab1686f,4,79.08810200474812546323964982,TRUNCATED_SLICE_150_NONCANONICAL,QUALIFIED_BY_V3_PRICE_PATH,V3_OPERATIONAL_PRICE_PATH,False,REAL_RESEARCH_SNAPSHOT_V1/daily_status.is_st_sec,False,False,,True
bb2839b50b7ac61f84d8be72b294efbe2ece3b723bc11defea2eaf60b45ce610,002482.SZ,2024-12-03,616d07c795ce7b4abd3ab0fecab775f57271c6b9810edfd62724f179b2363555,4,82.34033777738886436068658807,TRUNCATED_SLICE_150_NONCANONICAL,QUALIFIED_BY_V3_PRICE_PATH,V3_OPERATIONAL_PRICE_PATH,False,REAL_RESEARCH_SNAPSHOT_V1/daily_status.is_st_sec,False,False,,True
dfd762b5ce81502d8a980ee64a462247bcb1da96240d68d0569665a47800988d,002490.SZ,2025-06-18,929f3c9c83ba2d571f68ab9b2af4306a1ffb00ca00a57d2571e68dd675bea27c,4,80.38084388082757053601372306,TRUNCATED_SLICE_150_NONCANONICAL,QUALIFIED_BY_V3_PRICE_PATH,V3_OPERATIONAL_PRICE_PATH,False,REAL_RESEARCH_SNAPSHOT_V1/daily_status.is_st_sec,False,False,,True
ce4ad9456c2a177a850af8df5cb63333532bdaa1cfdac17822f3f23c52ef84d2,002490.SZ,2025-10-23,88a1e52d2fc4e4ea1b6c0d7ea6c3b646d22c0c005f76d20fac05a3cbedece5be,4,83.68229168858364551408465682,TRUNCATED_SLICE_150_NONCANONICAL,QUALIFIED_BY_V3_PRICE_PATH,V3_OPERATIONAL_PRICE_PATH,False,REAL_RESEARCH_SNAPSHOT_V1/daily_status.is_st_sec,False,False,,True
c0754f4934229e55cc16c9cfeec72e01aeb313bc193f27d2967d50f2d75b4c04,002491.SZ,2026-05-12,b5f3ca352855f5dd70ffada635a317547cc1917252fff174668b1a46c7d87539,4,81.03527803741693888230862209,TRUNCATED_SLICE_150_NONCANONICAL,QUALIFIED_BY_V3_PRICE_PATH,V3_OPERATIONAL_PRICE_PATH,False,REAL_RESEARCH_SNAPSHOT_V1/daily_status.is_st_sec,False,False,,True
165e779d10f9a48cecb15f78b77d7a58d0d50b6013994659344ded4e77a6fb9c,002498.SZ,2026-02-25,449c096b28f1df751c3245e96d1a0776d54603d90ff3c1ee236c5f020e093f14,4,79.73995791864466015312645780,TRUNCATED_SLICE_150_NONCANONICAL,QUALIFIED_BY_V3_PRICE_PATH,V3_OPERATIONAL_PRICE_PATH,False,REAL_RESEARCH_SNAPSHOT_V1/daily_status.is_st_sec,False,False,,True
a73b882c5d420afd17f15ccec66b5dec6feb34037ad6751efbc23479df02d561,002501.SZ,2025-02-26,cf208fb3651d4ee335b81e58f4ca34afe6c874d640bc584fce8893c9c42456c3,4,84.41814127908598869006139953,TRUNCATED_SLICE_150_NONCANONICAL,QUALIFIED_BY_V3_PRICE_PATH,V3_OPERATIONAL_PRICE_PATH,False,REAL_RESEARCH_SNAPSHOT_V1/daily_status.is_st_sec,False,False,,True
89ceadb663d5f487a90de2ac7017cfd0c3abae210a3871a4e93d924801e9e21b,002506.SZ,2026-02-09,82596fcf31d4dce52ae4c0cdb223ba1e77d93c97e5849373ceb3edcca3cd71f7,4,83.16336300142686099017379634,TRUNCATED_SLICE_150_NONCANONICAL,QUALIFIED_BY_V3_PRICE_PATH,V3_OPERATIONAL_PRICE_PATH,False,REAL_RESEARCH_SNAPSHOT_V1/daily_status.is_st_sec,False,False,,True
d1392c77c5e60c327eecb8e792f80c1c88d4365fc38bbe25acb6cc8862c55605,002510.SZ,2024-11-11,02f2b724e561309adc66818de3286462136e558f5f3ef1840f84b80c06b89b84,4,92.13145046003506445361985775,TRUNCATED_SLICE_150_NONCANONICAL,QUALIFIED_BY_V3_PRICE_PATH,V3_OPERATIONAL_PRICE_PATH,False,REAL_RESEARCH_SNAPSHOT_V1/daily_status.is_st_sec,False,False,,True
07483c3e0065c0d55f3907af578f4f8aa4fa0f9e96c112080a5f7377407a678a,002510.SZ,2025-05-21,2d2287cfcba2830117ff6e4d9c5dfb54b1d63678132bfbd560e3ae87d51826ca,4,83.37605823761056167262129027,TRUNCATED_SLICE_150_NONCANONICAL,QUALIFIED_BY_V3_PRICE_PATH,V3_OPERATIONAL_PRICE_PATH,False,REAL_RESEARCH_SNAPSHOT_V1/daily_status.is_st_sec,False,False,,True
ef2590b45e93574967ac65b5695bc4061defc96199fe6a4587ca56622163bfe3,002512.SZ,2025-10-28,2027be48bff1c9b34b7cd475ef00188b48920ded604e9580970e0976432fc5e6,4,84.89420887661044588456101437,TRUNCATED_SLICE_150_NONCANONICAL,QUALIFIED_BY_V3_PRICE_PATH,V3_OPERATIONAL_PRICE_PATH,False,REAL_RESEARCH_SNAPSHOT_V1/daily_status.is_st_sec,False,False,,True
216447c2ef2f8a2737e93ca08caaf8aa653d106780dc8d8455cdb5e79c84f14f,002513.SZ,2024-11-05,869b4976cf5294d16e8f049c161efbe7afcdfa1c8a84f48091b9176b3fc85533,4,82.42916877186882678841017220,TRUNCATED_SLICE_150_NONCANONICAL,QUALIFIED_BY_V3_PRICE_PATH,V3_OPERATIONAL_PRICE_PATH,False,REAL_RESEARCH_SNAPSHOT_V1/daily_status.is_st_sec,False,False,,True
311e80274719853aa4dcbb264aca5b702be0cbd98cca8ad5a91ad8d654b56b8f,002513.SZ,2025-09-25,eaf057241feabd48cc67651d40583c0fbd4a4de79bada6b1b300ecdc5da60616,4,88.44105450935508573372023816,TRUNCATED_SLICE_150_NONCANONICAL,QUALIFIED_BY_V3_PRICE_PATH,V3_OPERATIONAL_PRICE_PATH,False,REAL_RESEARCH_SNAPSHOT_V1/daily_status.is_st_sec,False,False,,True
a3e6562c512148616be8bd76a2a95e322bba09e2bc137dc041f0f00a8db2ee65,002514.SZ,2024-09-02,666752003cf554cedd66fc5e50a5f5e630be031441eb8fbc7f95aa6c7029e059,4,78.22803150354846188981640751,TRUNCATED_SLICE_150_NONCANONICAL,QUALIFIED_BY_V3_PRICE_PATH,V3_OPERATIONAL_PRICE_PATH,False,REAL_RESEARCH_SNAPSHOT_V1/daily_status.is_st_sec,False,False,,True
d55f9f54f0257a79542501f96f2d902ea4a6c4ba96b7f10b75158fa57b5185ff,002514.SZ,2024-10-25,0ec45f387a45039f33fd9e169781c842f8df76bb06c7b604ae5cee621732187c,4,80.25246699264110274963230610,TRUNCATED_SLICE_150_NONCANONICAL,QUALIFIED_BY_V3_PRICE_PATH,V3_OPERATIONAL_PRICE_PATH,False,REAL_RESEARCH_SNAPSHOT_V1/daily_status.is_st_sec,False,False,,True
e203806e7985012e8874339d2db2647b588f4f06a0040d52054f72064b9da015,002519.SZ,2026-01-08,6585ebc9a9222fa765c4ffb1932c5550e84dd75cc80252983b4436d73d6d35ae,4,82.14674102647328603440313972,TRUNCATED_SLICE_150_NONCANONICAL,QUALIFIED_BY_V3_PRICE_PATH,V3_OPERATIONAL_PRICE_PATH,False,REAL_RESEARCH_SNAPSHOT_V1/daily_status.is_st_sec,False,False,,True
03209882fbbbf28700709389ed3e739b4c96004a191a11ee74b99ac7946a6d03,002520.SZ,2024-09-06,ceb9be4325bbcb999c1abab8c2fbb018d82d1a3a199ebab52f2f764c6250a7a6,4,83.76141830395540159829322926,TRUNCATED_SLICE_150_NONCANONICAL,QUALIFIED_BY_V3_PRICE_PATH,V3_OPERATIONAL_PRICE_PATH,False,REAL_RESEARCH_SNAPSHOT_V1/daily_status.is_st_sec,False,False,,True
933f7173906d247b47f125abce26d6ee998e0c95364d846dc2ef4a3f2ddc897b,002520.SZ,2024-12-04,c7a3f5af903c0bd129a8aa68583fc674fc451d501fa6e36aa037d98880059085,4,78.84457864295049812531573391,TRUNCATED_SLICE_150_NONCANONICAL,QUALIFIED_BY_V3_PRICE_PATH,V3_OPERATIONAL_PRICE_PATH,False,REAL_RESEARCH_SNAPSHOT_V1/daily_status.is_st_sec,False,False,,True
fb8171daf36a21a7d3405980a704ddb14b077ff4ff95290832e4666bc8ebccab,002522.SZ,2025-02-24,30d9d6c5d433b4321c7a390d332f3e013af81a5c76ca7e4e2d26f57b5fb5bbc2,4,89.41852234569287858105635965,TRUNCATED_SLICE_150_NONCANONICAL,QUALIFIED_BY_V3_PRICE_PATH,V3_OPERATIONAL_PRICE_PATH,False,REAL_RESEARCH_SNAPSHOT_V1/daily_status.is_st_sec,False,False,,True
4538aaf9bf48563d0e4991717dfa68df2a4a8cdab756197adacda2bca0e77636,002523.SZ,2024-12-10,621f235cbf2dcaf7ddd6c226844948a761ea51535a6b5f6dd2adf1a7a6bfc092,4,83.08529593197325797307807889,TRUNCATED_SLICE_150_NONCANONICAL,QUALIFIED_BY_V3_PRICE_PATH,V3_OPERATIONAL_PRICE_PATH,False,REAL_RESEARCH_SNAPSHOT_V1/daily_status.is_st_sec,False,False,,True
d3e4a32a67591292552da88ea598f0d7cf3bbae48f7586cf25bd07fb9d5d00da,002526.SZ,2024-12-02,b9cbc79466d3eff4540e84f54e0311590c26afe21c1e3af747c1674e6f546be9,4,80.21961153594013037551489822,TRUNCATED_SLICE_150_NONCANONICAL,QUALIFIED_BY_V3_PRICE_PATH,V3_OPERATIONAL_PRICE_PATH,False,REAL_RESEARCH_SNAPSHOT_V1/daily_status.is_st_sec,False,False,,True
8f02201ff5fb17b233d98e6677fff3826284255a197b24fbf1150c7b786c5b2e,002527.SZ,2025-02-20,b0bbeea0d8b895c5936ad59730af1fd3f8401d11a81df111c1187d3aa4d91f13,4,84.82751157002439062805845569,TRUNCATED_SLICE_150_NONCANONICAL,QUALIFIED_BY_V3_PRICE_PATH,V3_OPERATIONAL_PRICE_PATH,False,REAL_RESEARCH_SNAPSHOT_V1/daily_status.is_st_sec,False,False,,True
cda436ef28ff9d94b4c68421b387b4ed9d40d4cb06a41fe7dd34993887a26420,002529.SZ,2024-10-25,898e283927a20fa02113d485d5b6445cc62bea1a4c83ca039a62952b978ad59d,4,78.70133319196381863467872227,TRUNCATED_SLICE_150_NONCANONICAL,QUALIFIED_BY_V3_PRICE_PATH,V3_OPERATIONAL_PRICE_PATH,False,REAL_RESEARCH_SNAPSHOT_V1/daily_status.is_st_sec,False,False,,True
100e6d62babf7fc36791128fc659d515ffb93e4332f389a4db0039ed16629604,002530.SZ,2024-12-10,d6b8abf760e99ef77bdd9430bfd678d86201a5e8576befd799fa608bd8249852,4,76.95665035384674118336543456,TRUNCATED_SLICE_150_NONCANONICAL,QUALIFIED_BY_V3_PRICE_PATH,V3_OPERATIONAL_PRICE_PATH,False,REAL_RESEARCH_SNAPSHOT_V1/daily_status.is_st_sec,False,False,,True
0247df1ee27ce5a1766d669017f4285e61501cdab235c84bd4f552364cbe2eff,002536.SZ,2025-08-18,5b5901065a78a0f7632ab9a90d8a7c1e0404a873b774e84271eb651eb2a2b41a,4,92.84657177326866811524780066,TRUNCATED_SLICE_150_NONCANONICAL,QUALIFIED_BY_V3_PRICE_PATH,V3_OPERATIONAL_PRICE_PATH,False,REAL_RESEARCH_SNAPSHOT_V1/daily_status.is_st_sec,False,False,,True
51c6f318973b6bffdcdc0f2af439fbe535e37cc87c4bf5730eaf233bc07f30b7,002537.SZ,2025-04-24,b3e20d4e3042de2a9b2686730073ecaa91e1f044d39d499296d3545a1459ea62,4,80.45501245233135796246133953,TRUNCATED_SLICE_150_NONCANONICAL,QUALIFIED_BY_V3_PRICE_PATH,V3_OPERATIONAL_PRICE_PATH,False,REAL_RESEARCH_SNAPSHOT_V1/daily_status.is_st_sec,False,False,,True
2388bbb1b20d9526d28422787a376143b82320943571d03eae85ae677c7581c7,002542.SZ,2024-10-22,4eafc0516acdb705eea5deba8d7e01a5bce33404064cfb69678e66fc74776070,4,78.02392902096882345170670816,TRUNCATED_SLICE_150_NONCANONICAL,QUALIFIED_BY_V3_PRICE_PATH,V3_OPERATIONAL_PRICE_PATH,False,REAL_RESEARCH_SNAPSHOT_V1/daily_status.is_st_sec,False,False,,True
d43c7767029569bb668b6c2595373adb590f0464fddf4be6677e3a0d0906afd7,002542.SZ,2024-10-31,24247b5f74f8e97da240300ff70a458928cd9b01819ccbd51a6746b818afb150,5,89.44679815800833537786897862,TRUNCATED_SLICE_150_NONCANONICAL,QUALIFIED_BY_V3_PRICE_PATH,V3_OPERATIONAL_PRICE_PATH,False,REAL_RESEARCH_SNAPSHOT_V1/daily_status.is_st_sec,False,False,,True
d0ea0bba2c071dbdca439836aba10a15586d1394cd258f3b034c579473259561,002547.SZ,2024-11-11,69a35e8ea979c4d878752ffe3356297df66def62413fafb7cb025230a2f3cdb4,4,82.93774353455866698339485224,TRUNCATED_SLICE_150_NONCANONICAL,QUALIFIED_BY_V3_PRICE_PATH,V3_OPERATIONAL_PRICE_PATH,False,REAL_RESEARCH_SNAPSHOT_V1/daily_status.is_st_sec,False,False,,True
588121a815a1d1636c0fa24096945608f3e3d3d6373ecabfa42739ec419643c1,002549.SZ,2025-04-01,2d0a4d2d106742ad4f499d820ab88272c24269a8c94a16d4842f2406475410d9,4,86.60644745140185740191026567,TRUNCATED_SLICE_150_NONCANONICAL,QUALIFIED_BY_V3_PRICE_PATH,V3_OPERATIONAL_PRICE_PATH,False,REAL_RESEARCH_SNAPSHOT_V1/daily_status.is_st_sec,False,False,,True
33f754442303c4e3ce61d0d9ac0e18ecf70dd640d1bbf789b612e1a62e600544,002549.SZ,2025-09-23,d41f09f6692d1b052afef72f93f47efde59aac354479ba61f9e8d64950cbc8b3,4,80.29003988464634007839051128,TRUNCATED_SLICE_150_NONCANONICAL,QUALIFIED_BY_V3_PRICE_PATH,V3_OPERATIONAL_PRICE_PATH,False,REAL_RESEARCH_SNAPSHOT_V1/daily_status.is_st_sec,False,False,,True
6a775020836a91c216b1ecc93f235f9c7f5794c4eb8bad75492ae559063e511f,002552.SZ,2026-05-12,50bf5dbe12e81d4a92c9041732cfb04a16224a75bf54e986f5a9a90e901b4438,4,87.94887815873999089411982596,TRUNCATED_SLICE_150_NONCANONICAL,QUALIFIED_BY_V3_PRICE_PATH,V3_OPERATIONAL_PRICE_PATH,False,REAL_RESEARCH_SNAPSHOT_V1/daily_status.is_st_sec,False,False,,True
e31ee8b875bcaca3023f1ae5bed9442a668d158a52dba5e4ad625894321a6a8f,002552.SZ,2026-05-28,b189b43d265ab319bc3a055572429485d477cbe2dc4f6c66a3dac8d733941853,4,87.42259480566403174133616926,TRUNCATED_SLICE_150_NONCANONICAL,QUALIFIED_BY_V3_PRICE_PATH,V3_OPERATIONAL_PRICE_PATH,False,REAL_RESEARCH_SNAPSHOT_V1/daily_status.is_st_sec,False,False,,True
6627115a5c44fba3c70f9d0a0af821c75049ef335742acf45084fecc9097e7bc,002553.SZ,2025-03-21,584916b8e379a7081e1ea7068cabd3e237930e4035171e7127503427246a1842,4,84.29819626269869230740420957,TRUNCATED_SLICE_150_NONCANONICAL,QUALIFIED_BY_V3_PRICE_PATH,V3_OPERATIONAL_PRICE_PATH,False,REAL_RESEARCH_SNAPSHOT_V1/daily_status.is_st_sec,False,False,,True
49b42955576a111b7fed9f4d9f9126f1ec1d5990ec315f7aa20fa3e02c38678f,002565.SZ,2025-12-03,34f0881a333a03bf450a6a5272c346c88ee326e54b83cfbcc2f5e190eb5d022a,4,82.61588514929636335588564741,TRUNCATED_SLICE_150_NONCANONICAL,QUALIFIED_BY_V3_PRICE_PATH,V3_OPERATIONAL_PRICE_PATH,False,REAL_RESEARCH_SNAPSHOT_V1/daily_status.is_st_sec,False,False,,True
897bf30c69fbce815bc23321752c1e17db5c32dfc784c6c448041985c8881e15,002570.SZ,2024-10-30,af0fea0577bc12a7978acb07c797f4b9696acd6471ed011dc62e2477c631a84a,4,84.32188819433283941061258176,TRUNCATED_SLICE_150_NONCANONICAL,QUALIFIED_BY_V3_PRICE_PATH,V3_OPERATIONAL_PRICE_PATH,False,REAL_RESEARCH_SNAPSHOT_V1/daily_status.is_st_sec,False,False,,True
60ce97a1997c645f03b7e05ad873acbe72958345ab68dc9702cb7d93c371abb8,002570.SZ,2025-04-11,3329b809b4dae417fc7af459d4e069f2f69dc72b4519e3f23cdeaf77a740da72,4,74.62529888723542182678719746,TRUNCATED_SLICE_150_NONCANONICAL,QUALIFIED_BY_V3_PRICE_PATH,V3_OPERATIONAL_PRICE_PATH,False,REAL_RESEARCH_SNAPSHOT_V1/daily_status.is_st_sec,False,False,,True
bb0918696527ba509cf50194a395f0b5e44ec21b74a4f0a8586a2ce18ea830fd,002574.SZ,2025-03-14,07100232e3064a06645931b92b3f6199160ea046c53017d7d74e5f2fa9ff9f51,4,91.33161978796070117756197589,TRUNCATED_SLICE_150_NONCANONICAL,QUALIFIED_BY_V3_PRICE_PATH,V3_OPERATIONAL_PRICE_PATH,False,REAL_RESEARCH_SNAPSHOT_V1/daily_status.is_st_sec,False,False,,True
2f8b868ebc9694f8a0e59dbc6f33eb5b43a0f6a84f93d4aa5ec119df62c9eb6d,002579.SZ,2025-06-24,81fa86b95709344f42cf90b1b84a9abbfc5e8f5174ec098ecb589236b4868914,4,90.27133798607565110769465907,TRUNCATED_SLICE_150_NONCANONICAL,QUALIFIED_BY_V3_PRICE_PATH,V3_OPERATIONAL_PRICE_PATH,False,REAL_RESEARCH_SNAPSHOT_V1/daily_status.is_st_sec,False,False,,True
88be285ae33de532c6dc2b3036e2aa8acddb2e47ddc32f730201993bfe7cc7ff,002579.SZ,2026-06-01,123df5745a3777eb2b96ba014486d7125abd790993b295d1a50b5d61aeebb1a5,4,76.09673107888092219693190700,TRUNCATED_SLICE_150_NONCANONICAL,QUALIFIED_BY_V3_PRICE_PATH,V3_OPERATIONAL_PRICE_PATH,False,REAL_RESEARCH_SNAPSHOT_V1/daily_status.is_st_sec,False,False,,True
d3b66ba5554271efb8912018dbebfeae912c3638dce57cdcafa8b1fff1a58a24,002580.SZ,2025-02-26,297866f5568d3deb5a6c5e5f534f27053e0fe917854c0f453d919b785cd39f86,4,85.72356887659480429426897169,TRUNCATED_SLICE_150_NONCANONICAL,QUALIFIED_BY_V3_PRICE_PATH,V3_OPERATIONAL_PRICE_PATH,False,REAL_RESEARCH_SNAPSHOT_V1/daily_status.is_st_sec,False,False,,True
645e0869d7fab2f3b33844b69ff6feff0eb0838a109c2a6a0b5d9ef4fb393e32,002580.SZ,2026-04-14,a5b415ca35909925f52cdb34d5021ffa3bbad2c7375bcca295569367c421f945,4,78.35737122713056337842513501,TRUNCATED_SLICE_150_NONCANONICAL,QUALIFIED_BY_V3_PRICE_PATH,V3_OPERATIONAL_PRICE_PATH,False,REAL_RESEARCH_SNAPSHOT_V1/daily_status.is_st_sec,False,False,,True
e4ee98ea5931d446d7245b63a9a6a4c0ff0154b8712ed63a6c4b01886c47b00a,002583.SZ,2024-09-24,41e5fa51d0c302a27b9d3f20ceb2fae07c07d2c4bc1627d2fbbc1fb20aedfae9,4,81.21322662890926131969302867,TRUNCATED_SLICE_150_NONCANONICAL,QUALIFIED_BY_V3_PRICE_PATH,V3_OPERATIONAL_PRICE_PATH,False,REAL_RESEARCH_SNAPSHOT_V1/daily_status.is_st_sec,False,False,,True
1cd511650666ff1bf5f8647fe8b931b0f7bccff291fd875ef81aac8d933701fc,002583.SZ,2024-10-11,1ec4fa748499a662c4a798953008d24cc96d264d5d0f746d2800e917acdcb161,4,82.20932215491431644429375201,TRUNCATED_SLICE_150_NONCANONICAL,QUALIFIED_BY_V3_PRICE_PATH,V3_OPERATIONAL_PRICE_PATH,False,REAL_RESEARCH_SNAPSHOT_V1/daily_status.is_st_sec,False,False,,True
dfaf17cc7408e9712a0bdb94d79562dc897fc4306257912a6496382df96c493c,002583.SZ,2024-10-22,382594caab3d2d00bd11e467f4b58c4d0f4044a02f762e42aa21e2456c16e24e,4,93.60979545175200975532575435,TRUNCATED_SLICE_150_NONCANONICAL,QUALIFIED_BY_V3_PRICE_PATH,V3_OPERATIONAL_PRICE_PATH,False,REAL_RESEARCH_SNAPSHOT_V1/daily_status.is_st_sec,False,False,,True
529cbe30ecc66ea849f83a855a15988b44ae589130e565bc29888673ac1b5676,002583.SZ,2024-10-31,1fa5efd311e08768967c461f9c3a871b87302beb489c6c2b48600b70c71e81ff,5,98.10812994084738537077350443,TRUNCATED_SLICE_150_NONCANONICAL,QUALIFIED_BY_V3_PRICE_PATH,V3_OPERATIONAL_PRICE_PATH,False,REAL_RESEARCH_SNAPSHOT_V1/daily_status.is_st_sec,False,False,,True
8ff767146694463733ee5f21643133487abf4e388f2db3d83a8403a89882a3f3,002589.SZ,2025-12-08,ac6674ce07e21e5647aa70f2e08ee802813d0843945d629b9071c9f427a7744f,4,89.88985272075463304629998804,TRUNCATED_SLICE_150_NONCANONICAL,QUALIFIED_BY_V3_PRICE_PATH,V3_OPERATIONAL_PRICE_PATH,False,REAL_RESEARCH_SNAPSHOT_V1/daily_status.is_st_sec,False,False,,True
bd8c2f881f0601595fb8b44a6a197a36f6a6adfcb7d89eee6d0be288dd0a1140,002593.SZ,2024-12-02,18b1fede82b0724f94a1ebb89fbc09051a804973a2aa29ce53ccff8d51f15f28,4,87.85221859183588372562830017,TRUNCATED_SLICE_150_NONCANONICAL,QUALIFIED_BY_V3_PRICE_PATH,V3_OPERATIONAL_PRICE_PATH,False,REAL_RESEARCH_SNAPSHOT_V1/daily_status.is_st_sec,False,False,,True
526b4348a3946562614c612995a43450f07abd50b7e01093ce0c6fc9f8b93e8b,002593.SZ,2024-12-11,1fa40e5154e24c2f210abf113ccbe02f93ccd5e3f9df9d12f6f54d01bfd9217f,5,92.81407599771427893685415802,TRUNCATED_SLICE_150_NONCANONICAL,QUALIFIED_BY_V3_PRICE_PATH,V3_OPERATIONAL_PRICE_PATH,False,REAL_RESEARCH_SNAPSHOT_V1/daily_status.is_st_sec,False,False,,True
6d3659a095d54e42ecce58276538a74a5d95dfba472f86c29ce09af1d35426d8,002599.SZ,2025-02-24,6a6548f3a63b699fd6ca3d5ea18182030252bceb8fb86ba7262dd41b24dbe03a,4,78.33708525752467014001540123,TRUNCATED_SLICE_150_NONCANONICAL,QUALIFIED_BY_V3_PRICE_PATH,V3_OPERATIONAL_PRICE_PATH,False,REAL_RESEARCH_SNAPSHOT_V1/daily_status.is_st_sec,False,False,,True
d5afe5b3165cf1fb8bd7666a04f154e9d0d154f48688cb45c66e8ee6dc4d32fa,002607.SZ,2024-08-05,c87b79485b72f518458ac92ceb0f00497d6adebb3b4e3e361254eccaccd13ea3,4,76.78488928135018762574821590,TRUNCATED_SLICE_150_NONCANONICAL,QUALIFIED_BY_V3_PRICE_PATH,V3_OPERATIONAL_PRICE_PATH,False,REAL_RESEARCH_SNAPSHOT_V1/daily_status.is_st_sec,False,False,,True
d7cf79faa3d912ce59134ca0639a8f3a82aaa9722514690071a76d7a1733f90f,002611.SZ,2024-11-19,65deb244057a89e0cd771076d1ee4ef80c39fccfe2b7efb1fad5aafbfde741fd,4,84.38668871857655689987844253,TRUNCATED_SLICE_150_NONCANONICAL,QUALIFIED_BY_V3_PRICE_PATH,V3_OPERATIONAL_PRICE_PATH,False,REAL_RESEARCH_SNAPSHOT_V1/daily_status.is_st_sec,False,False,,True
633d155a37f90b94a4fc02d869fb1f046954d8ea46e5b59ceea382c1b7a7b247,002623.SZ,2025-07-08,1be9a7d9dcf8b6aac3d3863c84795066512488741c8782d978f8684b531d7c66,4,91.76054713968221758414387899,TRUNCATED_SLICE_150_NONCANONICAL,QUALIFIED_BY_V3_PRICE_PATH,V3_OPERATIONAL_PRICE_PATH,False,REAL_RESEARCH_SNAPSHOT_V1/daily_status.is_st_sec,False,False,,True
8f5bc8771a330cfb0ec3e250b1b6150b18493f42f577ea62a095c2c72b00c64c,002628.SZ,2024-10-17,82021aa6de4465af7a77a20239f49e60d1d82b93392012021123c9ba00775f0f,4,81.87446669697343250711449788,TRUNCATED_SLICE_150_NONCANONICAL,QUALIFIED_BY_V3_PRICE_PATH,V3_OPERATIONAL_PRICE_PATH,False,REAL_RESEARCH_SNAPSHOT_V1/daily_status.is_st_sec,False,False,,True
226a0456b9043e92f8f24adaa79ce15414fd3b663b2a93f2b895cedab1765372,002632.SZ,2025-12-02,9ffa868ff70fbef875b45ee06aa68b140e3ed08cdafa6aafbbaecc393e8f0496,4,81.62700710254023878855397555,TRUNCATED_SLICE_150_NONCANONICAL,QUALIFIED_BY_V3_PRICE_PATH,V3_OPERATIONAL_PRICE_PATH,False,REAL_RESEARCH_SNAPSHOT_V1/daily_status.is_st_sec,False,False,,True
251f7f8f5a6535c1ff3cd5694ab9d1fd08a2e8cd24134abbdd9d29428a13eaca,002633.SZ,2024-10-30,d236a1016029d73b10b44a3e61952fb575cc627054efc191604ce34b6aebf5b7,4,86.82803601103128911337937750,TRUNCATED_SLICE_150_NONCANONICAL,QUALIFIED_BY_V3_PRICE_PATH,V3_OPERATIONAL_PRICE_PATH,False,REAL_RESEARCH_SNAPSHOT_V1/daily_status.is_st_sec,False,False,,True
4170d9565b024185986ce73a6784674e047b7da6bf2c198f27443685d53fa5a9,002634.SZ,2024-10-30,6ce2982e9c8f79d668222c122fd4a790f2d5d9dc1d5de528da28a507a15fd7ab,4,73.68748711314645723691856762,TRUNCATED_SLICE_150_NONCANONICAL,QUALIFIED_BY_V3_PRICE_PATH,V3_OPERATIONAL_PRICE_PATH,False,REAL_RESEARCH_SNAPSHOT_V1/daily_status.is_st_sec,False,False,,True
4fb878e7ad6732c33b11147212cf05c1b720d2ee97f5fa21613b41862bd6f067,002636.SZ,2025-01-17,3d8bf96d90ca7fe130fe1fc012eee2619aeb3555a3abef22db8511a02faf30e4,4,72.98839326706530137719612703,TRUNCATED_SLICE_150_NONCANONICAL,QUALIFIED_BY_V3_PRICE_PATH,V3_OPERATIONAL_PRICE_PATH,False,REAL_RESEARCH_SNAPSHOT_V1/daily_status.is_st_sec,False,False,,True
d5c35ee8d0b0a342af690a1c76bd06c140e00c31659d81c4769433810ad76fda,002636.SZ,2025-07-08,6c153c2bfe9eb6cbb4d60c6f7e59c23f3eae485e91d6b0fa4513e222d2a1db87,4,88.01220505741130441503607849,TRUNCATED_SLICE_150_NONCANONICAL,QUALIFIED_BY_V3_PRICE_PATH,V3_OPERATIONAL_PRICE_PATH,False,REAL_RESEARCH_SNAPSHOT_V1/daily_status.is_st_sec,False,False,,True
8149ef67a3a72140d62ea979a71fe2c418d271e4061ce4aa1c770d4c00342b35,002640.SZ,2024-09-10,ea08d5f5b608415dc524dd18f8e01c1b285a1f1c8f8899cbde882c5431168dca,4,81.27972494780119731232555534,TRUNCATED_SLICE_150_NONCANONICAL,QUALIFIED_BY_V3_PRICE_PATH,V3_OPERATIONAL_PRICE_PATH,False,REAL_RESEARCH_SNAPSHOT_V1/daily_status.is_st_sec,False,False,,True
218cf12abd2e9d44e21eb5e512031ed1150c8b122fc1e15f5e74396f510fc93c,002640.SZ,2024-09-30,133dc1178d485ffc4f89230aaafcdd7d80d6723edcaed79849645b7d1815d88c,4,75.36946603885224389885310397,TRUNCATED_SLICE_150_NONCANONICAL,QUALIFIED_BY_V3_PRICE_PATH,V3_OPERATIONAL_PRICE_PATH,False,REAL_RESEARCH_SNAPSHOT_V1/daily_status.is_st_sec,False,False,,True
6bc757376513793a3438c5bfb26710a2c0efe9a5b0e895b77e76febfa8fd4bc1,002640.SZ,2024-11-28,85e920453acaaabd259c7dca68a093f7921e5edc90aedc43ca45be3610845645,4,70.53867554991507914004377102,TRUNCATED_SLICE_150_NONCANONICAL,QUALIFIED_BY_V3_PRICE_PATH,V3_OPERATIONAL_PRICE_PATH,False,REAL_RESEARCH_SNAPSHOT_V1/daily_status.is_st_sec,False,False,,True
223f32f0700eb13cd6cf1fb80591183a2596df92472af53317972e1521b75df2,002645.SZ,2025-07-16,b7318dec467532dc5b184ec66f960584050b25fef2c3f6877fa473dc57feb336,4,88.00972764990289869169465617,TRUNCATED_SLICE_150_NONCANONICAL,QUALIFIED_BY_V3_PRICE_PATH,V3_OPERATIONAL_PRICE_PATH,False,REAL_RESEARCH_SNAPSHOT_V1/daily_status.is_st_sec,False,False,,True
bd2218f3c2edf25585c5add278386ec9721264f4ab18accc9531dfa672cdf7c9,002651.SZ,2025-05-12,b22e06bd355d635c27249e68dc30bf6a1cf8abe54b6b040ecdbd3dbba50638f8,4,82.88132096890852071068789028,TRUNCATED_SLICE_150_NONCANONICAL,QUALIFIED_BY_V3_PRICE_PATH,V3_OPERATIONAL_PRICE_PATH,False,REAL_RESEARCH_SNAPSHOT_V1/daily_status.is_st_sec,False,False,,True
6de1b254856355c0874145ffab05451a857fe498805a73422330852ba122e1c6,002654.SZ,2024-10-29,1516e0ba29d0b2cf3ed1b618e2ea25956f668f6076ae88b8245de82e695369b0,4,82.26072119526051975700810227,TRUNCATED_SLICE_150_NONCANONICAL,QUALIFIED_BY_V3_PRICE_PATH,V3_OPERATIONAL_PRICE_PATH,False,REAL_RESEARCH_SNAPSHOT_V1/daily_status.is_st_sec,False,False,,True
6dedcb0031fd8846113b38956b2c69b7fe76a74731e6df2413a676d31c336cf4,002657.SZ,2024-11-15,1b760301451e4c9411821fb4a6e3f711486e820a410578e966cad1ea1cb062da,4,77.73375049151476849808795218,TRUNCATED_SLICE_150_NONCANONICAL,QUALIFIED_BY_V3_PRICE_PATH,V3_OPERATIONAL_PRICE_PATH,False,REAL_RESEARCH_SNAPSHOT_V1/daily_status.is_st_sec,False,False,,True
50deac512360b9856f8e901a7140f8bfe9ae6721479a1826bcc7a15b4039ed19,002658.SZ,2025-07-03,096f2294f2318a06999a2064103e9dd11af4a8047da512fe99751be5db2ee3ab,4,85.98154443109946599326631610,TRUNCATED_SLICE_150_NONCANONICAL,QUALIFIED_BY_V3_PRICE_PATH,V3_OPERATIONAL_PRICE_PATH,False,REAL_RESEARCH_SNAPSHOT_V1/daily_status.is_st_sec,False,False,,True
dc3d5e55af823ab34812a84863c0daddab28cb2a22913f827168f0d7ec3ee256,002670.SZ,2024-12-13,376afb5445d4455a47e152da377457381aaa6511484730d287601a2949e6fd53,4,86.89802906811485523863254706,TRUNCATED_SLICE_150_NONCANONICAL,QUALIFIED_BY_V3_PRICE_PATH,V3_OPERATIONAL_PRICE_PATH,False,REAL_RESEARCH_SNAPSHOT_V1/daily_status.is_st_sec,False,False,,True
8c9645ca75b9a803609e69b4a311b3c76da4b304542611f6c0b1e5e062620999,002674.SZ,2026-06-24,7172cd2815845c06b5b60aab12668047381899c5361038689331b010852418ad,4,86.70673681411933778370070483,TRUNCATED_SLICE_150_NONCANONICAL,QUALIFIED_BY_V3_PRICE_PATH,V3_OPERATIONAL_PRICE_PATH,False,REAL_RESEARCH_SNAPSHOT_V1/daily_status.is_st_sec,False,False,,True
3675dc6a0427a6d491ee3bd395268b2dafc7d3cbb3340fc335470f7aa53ee847,002676.SZ,2024-10-28,fd32ee85da72849166a64a682a10ea1a0da6280c8bbb161d64ea56e9ee14a693,4,82.51623795494017533251765201,TRUNCATED_SLICE_150_NONCANONICAL,QUALIFIED_BY_V3_PRICE_PATH,V3_OPERATIONAL_PRICE_PATH,False,REAL_RESEARCH_SNAPSHOT_V1/daily_status.is_st_sec,False,False,,True
73dd08ada8396e2c428206a2d8c82b61fe7c1fce04126af061ebf31992cd0c1a,002681.SZ,2024-12-10,07caa193ec7d6e37500267def680218cc0ceea7f6c70693d37a5edc50c01942f,4,81.45939692400325725173756066,TRUNCATED_SLICE_150_NONCANONICAL,QUALIFIED_BY_V3_PRICE_PATH,V3_OPERATIONAL_PRICE_PATH,False,REAL_RESEARCH_SNAPSHOT_V1/daily_status.is_st_sec,False,False,,True
0abb748e8af42d192c13243cfbfd25b98a3454189bfb2c630207fb6056412b72,002682.SZ,2025-11-18,e92ff164c839184ffcfac63a7ff0edf381124224e0f9ba92bd881a19b17602e4,4,89.28612295941232109186257649,TRUNCATED_SLICE_150_NONCANONICAL,QUALIFIED_BY_V3_PRICE_PATH,V3_OPERATIONAL_PRICE_PATH,False,REAL_RESEARCH_SNAPSHOT_V1/daily_status.is_st_sec,False,False,,True
e91a7e8ae2991e1a81b88a78772994bb972de02b153f101e4e1bb18b0481b45f,002682.SZ,2025-12-08,7377c2e3d195c054959a666397d4c3037c716e6530491fb65c5ab1ec00099650,4,75.99371415935798586125123264,TRUNCATED_SLICE_150_NONCANONICAL,QUALIFIED_BY_V3_PRICE_PATH,V3_OPERATIONAL_PRICE_PATH,False,REAL_RESEARCH_SNAPSHOT_V1/daily_status.is_st_sec,False,False,,True
ab9633669a3568da1b109dab3bf7f4523f82033cda43ad5689918f39c461f734,002685.SZ,2024-08-01,91b2fb08e06f798b308dd4050cb2ec8e0f5c6fc520c30b8f0660f6cd4c1a8f93,4,85.09237241392330201719651505,TRUNCATED_SLICE_150_NONCANONICAL,QUALIFIED_BY_V3_PRICE_PATH,V3_OPERATIONAL_PRICE_PATH,False,REAL_RESEARCH_SNAPSHOT_V1/daily_status.is_st_sec,False,False,,True
9d7e8e6079acc8ba6906addde566f09850f06b5171c7f4e73b94f098292bd298,002685.SZ,2024-10-23,d46e9bc0175e1f57961dd5868cfac4f001665f7e371768d753a1368f17aad3d2,4,90.15733628268350899403381831,TRUNCATED_SLICE_150_NONCANONICAL,QUALIFIED_BY_V3_PRICE_PATH,V3_OPERATIONAL_PRICE_PATH,False,REAL_RESEARCH_SNAPSHOT_V1/daily_status.is_st_sec,False,False,,True
333dce9943badf9ac8294bfaad6bf322e41e4038cc12218370caf5fd374e8a7d,002688.SZ,2025-04-08,f3a3e2646478fb28fac00d4f1496503d7147f028130bb9881623e8c7c708063a,4,84.04122275093959004551273503,TRUNCATED_SLICE_150_NONCANONICAL,QUALIFIED_BY_V3_PRICE_PATH,V3_OPERATIONAL_PRICE_PATH,False,REAL_RESEARCH_SNAPSHOT_V1/daily_status.is_st_sec,False,False,,True
938f3c450df42e5c47e95e6c4e89ed3b42eb95d807ede0bcfeffc52892d30747,002691.SZ,2025-01-17,c5e6b56e19f0a3100fac16705dbac6d1a3cceb5410931bfee710e2a6fc3ce48f,4,71.76172680262486114824395653,TRUNCATED_SLICE_150_NONCANONICAL,QUALIFIED_BY_V3_PRICE_PATH,V3_OPERATIONAL_PRICE_PATH,False,REAL_RESEARCH_SNAPSHOT_V1/daily_status.is_st_sec,False,False,,True
876f0121afb43a37a2f39836b657e31e251e2f4019dc7a16c0498c32b80d3fcb,002691.SZ,2025-02-07,16ea414951fe1cf7e06cb00cc73a2ed26ebeeb70268d8d879142e9cf58880f5a,4,78.36978360065647715416485032,TRUNCATED_SLICE_150_NONCANONICAL,QUALIFIED_BY_V3_PRICE_PATH,V3_OPERATIONAL_PRICE_PATH,False,REAL_RESEARCH_SNAPSHOT_V1/daily_status.is_st_sec,False,False,,True
90f11e3be9f93c35e8af9c48b806e36717875825588fd9905e04252569209f1f,002693.SZ,2024-09-18,b75a7793fa09271e802edb816f365393b99be82e51d852d5b83daf7791b24d5d,4,82.77854039116447460813754588,TRUNCATED_SLICE_150_NONCANONICAL,QUALIFIED_BY_V3_PRICE_PATH,V3_OPERATIONAL_PRICE_PATH,False,REAL_RESEARCH_SNAPSHOT_V1/daily_status.is_st_sec,False,False,,True
e57702546f20b2d669652b1d55fd9ec099181fb5c4621b5b1e02aceb098b069f,002693.SZ,2024-09-27,64e7e8d92e5a9fa2a3ddb17661c2f7792b5f51a48faaa7f8ddb29e0417034b5d,5,95.25333123213907440473882233,TRUNCATED_SLICE_150_NONCANONICAL,QUALIFIED_BY_V3_PRICE_PATH,V3_OPERATIONAL_PRICE_PATH,False,REAL_RESEARCH_SNAPSHOT_V1/daily_status.is_st_sec,False,False,,True
609d6385ed15d9369e1c8ba95d75cc4e874fe40d70639e15eae65c7606d552fa,002693.SZ,2024-10-17,63edf04a5188c893bec2961189c717139f7f8c680a8e40d37ae8aaa300b04d97,4,82.61850477003919602633877530,TRUNCATED_SLICE_150_NONCANONICAL,QUALIFIED_BY_V3_PRICE_PATH,V3_OPERATIONAL_PRICE_PATH,False,REAL_RESEARCH_SNAPSHOT_V1/daily_status.is_st_sec,False,False,,True
493afe2cf251b61d912acaea47c25fab7565ae4709f7dfe973aab88db80f4d0e,002693.SZ,2024-10-28,8330ca6d3fc80f10908b46d697ae5571040a252c4056658ec3bfffb232998b9b,4,84.07312953301577362023341021,TRUNCATED_SLICE_150_NONCANONICAL,QUALIFIED_BY_V3_PRICE_PATH,V3_OPERATIONAL_PRICE_PATH,False,REAL_RESEARCH_SNAPSHOT_V1/daily_status.is_st_sec,False,False,,True
fdf55f5fc02de0ddea3e33dedee60a2264c766c65fb408c28f745ecdada1eb26,002702.SZ,2025-12-01,283dfdc259d144e809590a734ff5cb7c75583184f29505b6d3d3559e51e9de6e,4,81.87573194487136890523915733,TRUNCATED_SLICE_150_NONCANONICAL,QUALIFIED_BY_V3_PRICE_PATH,V3_OPERATIONAL_PRICE_PATH,False,REAL_RESEARCH_SNAPSHOT_V1/daily_status.is_st_sec,False,False,,True
929be8d9c1a83be0ca095b51e264a0f3ee0f87027444db55d936278286bd8d42,002703.SZ,2025-12-19,6f174e706ab57c71e45afdaa686c1958c9584ecfb6aafc4b8f0df1300e66d466,4,83.37081820770413868637419074,TRUNCATED_SLICE_150_NONCANONICAL,QUALIFIED_BY_V3_PRICE_PATH,V3_OPERATIONAL_PRICE_PATH,False,REAL_RESEARCH_SNAPSHOT_V1/daily_status.is_st_sec,False,False,,True
00cb9514235f3b01e552fc4c6532a39d2335349007e26689c2a7c1de86beaf48,002712.SZ,2024-10-31,05952be5156e18dce0cade47cd6903fd1f89ef632a402eab5fbd123b9771189f,4,84.77761638293512776877444052,TRUNCATED_SLICE_150_NONCANONICAL,QUALIFIED_BY_V3_PRICE_PATH,V3_OPERATIONAL_PRICE_PATH,False,REAL_RESEARCH_SNAPSHOT_V1/daily_status.is_st_sec,False,False,,True
f2fc3e4fcf4b93515fd46789611a9686eb07c0b9b633fea7f468d44f6ba6be36,002713.SZ,2024-10-25,ee4de480b9a57c716a235b8d4c2379a01c86a61c2a1c8a0812c8d92eec1ab69f,4,79.52165944985377780292992785,TRUNCATED_SLICE_150_NONCANONICAL,QUALIFIED_BY_V3_PRICE_PATH,V3_OPERATIONAL_PRICE_PATH,False,REAL_RESEARCH_SNAPSHOT_V1/daily_status.is_st_sec,False,False,,True
19262a2a1145d971c3c6e68477bff0a2e5ccbd1da9b90fd2a94f861c156cc8cf,002713.SZ,2024-12-06,37d6dc8cd583d63d34b5c1f4a1635e129d72758492595484e0d492b31582b59c,4,71.62213203395226130765420700,TRUNCATED_SLICE_150_NONCANONICAL,QUALIFIED_BY_V3_PRICE_PATH,V3_OPERATIONAL_PRICE_PATH,False,REAL_RESEARCH_SNAPSHOT_V1/daily_status.is_st_sec,False,False,,True
769e344973ee506c504c742a7499ae80319b0748be44b4f2d0cbff9024fe7bef,002716.SZ,2026-01-26,0014060c0c3bbb8cb667acc8b75a25320e71a6ff579499f05c8e72506e5020cd,4,94.50767164279235135264188534,TRUNCATED_SLICE_150_NONCANONICAL,QUALIFIED_BY_V3_PRICE_PATH,V3_OPERATIONAL_PRICE_PATH,False,REAL_RESEARCH_SNAPSHOT_V1/daily_status.is_st_sec,False,False,,True
6b4ffc403eb2a8a1f446c81dfab61918ba70605e91d1b576e6f6d6dc7d324499,002717.SZ,2024-10-28,cb030c7616a70c62648eb9ec98f78e3262bccab651bf6aefc2c43fcd8e351054,4,74.53297258609477213465358927,TRUNCATED_SLICE_150_NONCANONICAL,QUALIFIED_BY_V3_PRICE_PATH,V3_OPERATIONAL_PRICE_PATH,False,REAL_RESEARCH_SNAPSHOT_V1/daily_status.is_st_sec,False,False,,True
aed4cf85c96a581dfb3224d296a649e21351901c7f880994d58f44a6d9931ace,002717.SZ,2024-12-05,e651bf965b44143cb07bd1a49e51acd4fc446ada0f407740f3350f3c9565840f,4,75.88812587421823747828686024,TRUNCATED_SLICE_150_NONCANONICAL,QUALIFIED_BY_V3_PRICE_PATH,V3_OPERATIONAL_PRICE_PATH,False,REAL_RESEARCH_SNAPSHOT_V1/daily_status.is_st_sec,False,False,,True
25c860fbfa1406b2f95b0631e6cd89a0f23fc7441acb24d41508e28151e191f6,002718.SZ,2026-01-06,8c7004e802910cfc925850b50d3089e426c2bc40307138656aa7ef27ecc66fbd,4,80.64861082801681613036757019,TRUNCATED_SLICE_150_NONCANONICAL,QUALIFIED_BY_V3_PRICE_PATH,V3_OPERATIONAL_PRICE_PATH,False,REAL_RESEARCH_SNAPSHOT_V1/daily_status.is_st_sec,False,False,,True
f541641b9623ad4bcdc46789b66b85baac0556d9cc444627514c6c9c848a22d8,002724.SZ,2025-03-18,152c3f71b4d0e73cabd6437b6da0843babb164a0c15102420323ebdd70be5740,4,87.16162568647981352097413554,TRUNCATED_SLICE_150_NONCANONICAL,QUALIFIED_BY_V3_PRICE_PATH,V3_OPERATIONAL_PRICE_PATH,False,REAL_RESEARCH_SNAPSHOT_V1/daily_status.is_st_sec,False,False,,True
d826b3123a5fff95210f05e1db0bd95fae358fd332e2bc820ff71e92a41d11db,002725.SZ,2024-10-29,08c3e83892e001bded8d6f7754afd849c2564ffff4c24a511c98fde14f22a66f,4,85.98441312756111634487613983,TRUNCATED_SLICE_150_NONCANONICAL,QUALIFIED_BY_V3_PRICE_PATH,V3_OPERATIONAL_PRICE_PATH,False,REAL_RESEARCH_SNAPSHOT_V1/daily_status.is_st_sec,False,False,,True
949081d3219642dcd7274217105d80b354edd64331915bf4c07918062405617f,002730.SZ,2024-12-25,abf13e3a1fb7ecfe8e76f0086d338a06ff089eab6cc7219528c86c64c6ab6aaf,4,84.53879883264676739519506273,TRUNCATED_SLICE_150_NONCANONICAL,QUALIFIED_BY_V3_PRICE_PATH,V3_OPERATIONAL_PRICE_PATH,False,REAL_RESEARCH_SNAPSHOT_V1/daily_status.is_st_sec,False,False,,True
b0320060b399a95069472029dcae4ffa2c0e6c748c3f4233b1d12941b8b1f7b2,002730.SZ,2025-01-21,d753ed910ec33dcf11e33033d833dc2ca34ac43127a6e9a8ca0162249a6ec8dd,4,77.02958020680228659018041745,TRUNCATED_SLICE_150_NONCANONICAL,QUALIFIED_BY_V3_PRICE_PATH,V3_OPERATIONAL_PRICE_PATH,False,REAL_RESEARCH_SNAPSHOT_V1/daily_status.is_st_sec,False,False,,True
7ceb45ecceb4e41f53c6085b54d01d2f5adce7b744167034784e01a84e0c9b62,002733.SZ,2025-01-08,a2fbefe464ff552475e90956aad58ad37c776eb0dc415470c251ed852d08f517,4,87.02900941120931896949154664,TRUNCATED_SLICE_150_NONCANONICAL,QUALIFIED_BY_V3_PRICE_PATH,V3_OPERATIONAL_PRICE_PATH,False,REAL_RESEARCH_SNAPSHOT_V1/daily_status.is_st_sec,False,False,,True
ccf99d30cb41207e566b36bcc171db1ca216043e1613b92da458d0576c149b05,002735.SZ,2025-05-22,246101c59e8d2e668fa357141c469ffda3da1b5fd74f28e48190d727726b5b46,4,87.85113106651019192406567224,TRUNCATED_SLICE_150_NONCANONICAL,QUALIFIED_BY_V3_PRICE_PATH,V3_OPERATIONAL_PRICE_PATH,False,REAL_RESEARCH_SNAPSHOT_V1/daily_status.is_st_sec,False,False,,True
9b5197880d34f16ac111963ea3defa748ba7b41473d0441006e2370e46d2e8a8,002741.SZ,2024-11-25,a48d478d8bdb6d4ea08196fa3f2b3b47626ca7589355fb675fb7615d9a11fd18,4,86.18483374297627162812206784,TRUNCATED_SLICE_150_NONCANONICAL,QUALIFIED_BY_V3_PRICE_PATH,V3_OPERATIONAL_PRICE_PATH,False,REAL_RESEARCH_SNAPSHOT_V1/daily_status.is_st_sec,False,False,,True
98756f582d81fc7210811376ec7103591e21f2d4d03712df4e048a1e2d2d3563,002742.SZ,2026-08-28,41d092d567de2c21d5fe267c96eb7b17ff48241aecf6345142a17a002eccba5a,4,80.64521769345877109194009877,TRUNCATED_SLICE_150_NONCANONICAL,QUALIFIED_BY_V3_PRICE_PATH,V3_OPERATIONAL_PRICE_PATH,False,REAL_RESEARCH_SNAPSHOT_V1/daily_status.is_st_sec,False,False,,True
c384a9a583ffc10470f11ee59f857566bc92eef518a4d7e3b84555aeb34515b6,002748.SZ,2025-10-24,060dad737b6d599c544e028c4bdb8d6c67f391a1a40c6dff75eb38f906843501,4,88.20372029297820697208399670,TRUNCATED_SLICE_150_NONCANONICAL,QUALIFIED_BY_V3_PRICE_PATH,V3_OPERATIONAL_PRICE_PATH,False,REAL_RESEARCH_SNAPSHOT_V1/daily_status.is_st_sec,False,False,,True
8ff5642330bed9f651f4898a3b789b61c7f135d745da2b64346e271fc2927d77,002757.SZ,2024-11-20,4e6af7dbb0b77279d37fec03b2f3b950644cead40929c7007fff7f9ce2cd73f0,4,87.14492242546505697423611916,TRUNCATED_SLICE_150_NONCANONICAL,QUALIFIED_BY_V3_PRICE_PATH,V3_OPERATIONAL_PRICE_PATH,False,REAL_RESEARCH_SNAPSHOT_V1/daily_status.is_st_sec,False,False,,True
838742469335c98410dac4043240468105bbd720866c79208d4fd95d0c0da0a4,002757.SZ,2026-01-06,e148b09bb773dd8a44781edbf4f3def4bed73452a52584a7be228dde721e734f,4,87.01349884095802442705645601,TRUNCATED_SLICE_150_NONCANONICAL,QUALIFIED_BY_V3_PRICE_PATH,V3_OPERATIONAL_PRICE_PATH,False,REAL_RESEARCH_SNAPSHOT_V1/daily_status.is_st_sec,False,False,,True
22ec54c7a193ff29f3dcc509ce93aa82204e3be471f96325a946b4ae42ddfa18,002759.SZ,2025-09-09,ce1a71c4440a22533e3c3e60465add652ae2af889f2e4f0fa2697748b0afc63a,4,91.11409051703103583325635972,TRUNCATED_SLICE_150_NONCANONICAL,QUALIFIED_BY_V3_PRICE_PATH,V3_OPERATIONAL_PRICE_PATH,False,REAL_RESEARCH_SNAPSHOT_V1/daily_status.is_st_sec,False,False,,True
701e030898cfa1e0c6b6f120109f6ea0cdfb1290616fdacdcfae539dad5a2e4d,002759.SZ,2025-10-09,a2e708bd776ed4934f8eff84c8fb8922c337933907234ca23c39b71179afee87,4,74.44465085676974186372058923,TRUNCATED_SLICE_150_NONCANONICAL,QUALIFIED_BY_V3_PRICE_PATH,V3_OPERATIONAL_PRICE_PATH,False,REAL_RESEARCH_SNAPSHOT_V1/daily_status.is_st_sec,False,False,,True
781083622bdeb11995457e6218b53a6482d2b2f12d6d2cc41655ceb0c3c68996,002760.SZ,2025-03-11,7f4cf4ebf8f2d118e57a59473a74d9f929016eb02e768c8895200a39980679a6,4,82.61205383866206844050928704,TRUNCATED_SLICE_150_NONCANONICAL,QUALIFIED_BY_V3_PRICE_PATH,V3_OPERATIONAL_PRICE_PATH,False,REAL_RESEARCH_SNAPSHOT_V1/daily_status.is_st_sec,False,False,,True
5eefc0d43ebf6c966f890f26b19bf3363432342b37c0132ead073804947cd7d3,002765.SZ,2024-11-05,1d36b57f20a17b94567f359531a8f32fcfa0f50b517ec99e868b5ae6328715d7,4,89.72366337644456179310286682,TRUNCATED_SLICE_150_NONCANONICAL,QUALIFIED_BY_V3_PRICE_PATH,V3_OPERATIONAL_PRICE_PATH,False,REAL_RESEARCH_SNAPSHOT_V1/daily_status.is_st_sec,False,False,,True
7ba370b7f28829056e03e67a40a9706dcb81af2db3c72dceaf76251834866018,002767.SZ,2025-01-21,b591d7ee1f6c8e50d53e5ae8f684c10d8c8102d2c6745b4315f7ec7deb5fb049,4,80.39837529805724736076648099,TRUNCATED_SLICE_150_NONCANONICAL,QUALIFIED_BY_V3_PRICE_PATH,V3_OPERATIONAL_PRICE_PATH,False,REAL_RESEARCH_SNAPSHOT_V1/daily_status.is_st_sec,False,False,,True
de80253a27a3fe2f1fa345d5df00e7757c23781f9d4c2a0772dc4c2b64d7ed0a,002774.SZ,2026-01-08,3a0eeecbf0c74b328109f1fbe8439b557e36da61b4d1c267ee089ea96c866103,4,83.33776109974975234905721963,TRUNCATED_SLICE_150_NONCANONICAL,QUALIFIED_BY_V3_PRICE_PATH,V3_OPERATIONAL_PRICE_PATH,False,REAL_RESEARCH_SNAPSHOT_V1/daily_status.is_st_sec,False,False,,True
dc3554e14ae0a652d735ac4ebf8156de98d8e181e6831e27b427568066b09a43,002775.SZ,2025-08-05,af2a4d927228fb5b7900e7996d1918c2df60131a3bdf3548154a685625d36f49,4,81.41527145211441792578830948,TRUNCATED_SLICE_150_NONCANONICAL,QUALIFIED_BY_V3_PRICE_PATH,V3_OPERATIONAL_PRICE_PATH,False,REAL_RESEARCH_SNAPSHOT_V1/daily_status.is_st_sec,False,False,,True
7be4c2df8a4eb4e2f9c2f5e6f5d2f4f8147a5b6e8918659ef07e18fcbb72b3e4,002788.SZ,2025-12-22,c2cdc7f029a4caba8cb1292771d445c2f2cb91d1177b61e18816a717bb142aaf,4,85.26865390601337763566964487,TRUNCATED_SLICE_150_NONCANONICAL,QUALIFIED_BY_V3_PRICE_PATH,V3_OPERATIONAL_PRICE_PATH,False,REAL_RESEARCH_SNAPSHOT_V1/daily_status.is_st_sec,False,False,,True
faae8fd94a66ac10e5f5ce3708614a2e6062c67ba4fb98c8763c05d28886a52f,002789.SZ,2025-03-21,a6af819cf659b4a17292fb28d7d0870ef7b2dff7adce62bc85c889f921964139,4,73.99794219459481629764419716,TRUNCATED_SLICE_150_NONCANONICAL,QUALIFIED_BY_V3_PRICE_PATH,V3_OPERATIONAL_PRICE_PATH,False,REAL_RESEARCH_SNAPSHOT_V1/daily_status.is_st_sec,False,False,,True
af28e1a0c603942ef594fbc9371e05ea3a59ac5bf4c4526eb053ede87b9fbde8,002790.SZ,2025-10-31,5988f9035b03abd5a42de68c285dc8c403d4224200eb7bd4c2818a80694deafc,4,95.12903086504318928894025000,TRUNCATED_SLICE_150_NONCANONICAL,QUALIFIED_BY_V3_PRICE_PATH,V3_OPERATIONAL_PRICE_PATH,False,REAL_RESEARCH_SNAPSHOT_V1/daily_status.is_st_sec,False,False,,True
ef00859f08e66bc030f2660741985da25fe169a56ff4c6f10477e11ff9e60062,002790.SZ,2026-09-11,5ac3cc706f2ea4dc589636ddb2f6e3b102ee02c4289cbced4ee01dab7d0b7c50,4,89.41543018263440032643763325,TRUNCATED_SLICE_150_NONCANONICAL,QUALIFIED_BY_V3_PRICE_PATH,V3_OPERATIONAL_PRICE_PATH,False,REAL_RESEARCH_SNAPSHOT_V1/daily_status.is_st_sec,False,False,,True
8028fa3c251c052beb370060e67b3f4a8a83931ce97f2fd161df79f959c863dc,002792.SZ,2025-12-02,6d97b0d3bda1752345e332876f457be9a97e9d4b99f2169164c14daddad0545e,4,82.70629921569712148105838111,TRUNCATED_SLICE_150_NONCANONICAL,QUALIFIED_BY_V3_PRICE_PATH,V3_OPERATIONAL_PRICE_PATH,False,REAL_RESEARCH_SNAPSHOT_V1/daily_status.is_st_sec,False,False,,True
4b9c9e9c8108bd423fa46a8729a5d9e1048adf12b54cb43313ba4319260e5770,002800.SZ,2025-04-10,a0c2c7d73c4d15d2fa98ce9e948f1493ac9a0564e65c4853eac1a49ebd5b7522,4,77.24283425240797256554578533,TRUNCATED_SLICE_150_NONCANONICAL,QUALIFIED_BY_V3_PRICE_PATH,V3_OPERATIONAL_PRICE_PATH,False,REAL_RESEARCH_SNAPSHOT_V1/daily_status.is_st_sec,False,False,,True
993099c92b6afca5da2b0cd07d0a93131750dcb5c9ac56ebd1be5521fa0893d7,002809.SZ,2025-04-22,469411b4ddb079d17b8f3722b78a0118e16baff07e3f8488545d596e469fc6f9,4,79.34920586383980409161212065,TRUNCATED_SLICE_150_NONCANONICAL,QUALIFIED_BY_V3_PRICE_PATH,V3_OPERATIONAL_PRICE_PATH,False,REAL_RESEARCH_SNAPSHOT_V1/daily_status.is_st_sec,False,False,,True
e7dd015e378e6b4e0d45dce0c8be0c960c95815c7446ee53f765dc9e7f54580b,002809.SZ,2025-05-13,ec9a00b4ea036f9d58b457a21f5d3af1406b6285f14971f1cef889c2e6170c04,4,77.21417726942354102482859588,TRUNCATED_SLICE_150_NONCANONICAL,QUALIFIED_BY_V3_PRICE_PATH,V3_OPERATIONAL_PRICE_PATH,False,REAL_RESEARCH_SNAPSHOT_V1/daily_status.is_st_sec,False,False,,True
05806db815dfb6156db5c1cad81e1a9800e3c002f1d0802058fb5dd0bf559325,002811.SZ,2025-05-20,7330310f272e9fa410679e8bfb5fd96b9418820f2cc817abcea616696159a922,4,88.26960064438969654197194972,TRUNCATED_SLICE_150_NONCANONICAL,QUALIFIED_BY_V3_PRICE_PATH,V3_OPERATIONAL_PRICE_PATH,False,REAL_RESEARCH_SNAPSHOT_V1/daily_status.is_st_sec,False,False,,True
2251d555c8307d08ba0d4d89ba59fd2d0034558432cf5a479b9befbd1e7c2ac6,002820.SZ,2024-11-27,d06ca5ef33be1a30af1729de34851c5ba34320b154de9e040db80de3d0ff886c,4,89.50225298999118504542031102,TRUNCATED_SLICE_150_NONCANONICAL,QUALIFIED_BY_V3_PRICE_PATH,V3_OPERATIONAL_PRICE_PATH,False,REAL_RESEARCH_SNAPSHOT_V1/daily_status.is_st_sec,False,False,,True
c45005ef7e8396fe06084b25c28af1680ad725112f56444e969f5c1efd2054b1,002826.SZ,2025-06-09,2bf3b2123c7f6e1221f7dddd5fa998d6e750bfffbe2a170e3412c51b8b5d43df,4,90.66181548863517751386807005,TRUNCATED_SLICE_150_NONCANONICAL,QUALIFIED_BY_V3_PRICE_PATH,V3_OPERATIONAL_PRICE_PATH,False,REAL_RESEARCH_SNAPSHOT_V1/daily_status.is_st_sec,False,False,,True
161f54001aeafea81a27c9ef13471c7c9475c5ee1b5680dd95c1ee03e3521dc1,002827.SZ,2025-07-24,4cc1a80d488c160e5ff115262e6c54565848eb57803a989f31275c33810909a7,4,84.58263273745870817349475021,TRUNCATED_SLICE_150_NONCANONICAL,QUALIFIED_BY_V3_PRICE_PATH,V3_OPERATIONAL_PRICE_PATH,False,REAL_RESEARCH_SNAPSHOT_V1/daily_status.is_st_sec,False,False,,True
a2c9dcad1845690c280d978c8b52f816e17704c7188587aec4513f29be67cf12,002827.SZ,2026-08-03,7a11950e9021b14826be99f84111d3900e2f7f436de3bb97154c9bdbbfdd4df7,4,82.25227770063248254941656947,TRUNCATED_SLICE_150_NONCANONICAL,QUALIFIED_BY_V3_PRICE_PATH,V3_OPERATIONAL_PRICE_PATH,False,REAL_RESEARCH_SNAPSHOT_V1/daily_status.is_st_sec,False,False,,True
5b43acd71853f898e4b2cd18fe0c6aefc6808e5e9e7032a62b5e0d02f8cb26da,002828.SZ,2025-06-18,b63d1a4905e186677af67dc07e97b11b6d2d86171eec3ac506edb5ed0a524efd,4,90.16945047768589447171342561,TRUNCATED_SLICE_150_NONCANONICAL,QUALIFIED_BY_V3_PRICE_PATH,V3_OPERATIONAL_PRICE_PATH,False,REAL_RESEARCH_SNAPSHOT_V1/daily_status.is_st_sec,False,False,,True
ab68f98f43c01f8a4c40c56baffdab5ce45e4f37c902b1482c0512bf0da00172,002829.SZ,2024-07-15,17036624350f6a552406212911e09554edb21740ede37ce4be56f52cca6be5f1,5,73.99303136836472519407017966,TRUNCATED_SLICE_150_NONCANONICAL,QUALIFIED_BY_V3_PRICE_PATH,V3_OPERATIONAL_PRICE_PATH,False,REAL_RESEARCH_SNAPSHOT_V1/daily_status.is_st_sec,False,False,,True
9eed805e0c45295d1b66b93ef6ca7c5c0c6439347387483c6510423831e82ee5,002830.SZ,2026-02-04,29c2aabf9f3190de2b6221086c8f43ddc1d0a22ba6d2f6f0a2e3d79be0d57f5a,4,86.62037676331543672053673378,TRUNCATED_SLICE_150_NONCANONICAL,QUALIFIED_BY_V3_PRICE_PATH,V3_OPERATIONAL_PRICE_PATH,False,REAL_RESEARCH_SNAPSHOT_V1/daily_status.is_st_sec,False,False,,True
24b705a5564ef7c45f06552fca271b8080be73ffd1eb5243605e9d1be755f90e,002846.SZ,2025-06-25,29bccc2dfd4677e27c062cefc75324be440e2fa5f765a964e0834e22fbba4cfa,4,79.65626921840836409083851008,TRUNCATED_SLICE_150_NONCANONICAL,QUALIFIED_BY_V3_PRICE_PATH,V3_OPERATIONAL_PRICE_PATH,False,REAL_RESEARCH_SNAPSHOT_V1/daily_status.is_st_sec,False,False,,True
27a14e355f711b71eac68c21f8a557e3661503c6706f8e353d3d436352b01fc5,002851.SZ,2024-10-23,010ca25eaa985d1c3757b576b9aff4d5e816870b374f9137d26ddb059df2752d,4,89.47371169265428064655428687,TRUNCATED_SLICE_150_NONCANONICAL,QUALIFIED_BY_V3_PRICE_PATH,V3_OPERATIONAL_PRICE_PATH,False,REAL_RESEARCH_SNAPSHOT_V1/daily_status.is_st_sec,False,False,,True
7976a4e75af4f19ea1f16f6289c81c5648f82e844b50c9828fcc4e4d919a5987,002853.SZ,2025-12-18,73585190467c975190da48b897af9adca9208d7dcef8e0c21c6ccda93cafba62,4,92.10890336806876058123665534,TRUNCATED_SLICE_150_NONCANONICAL,QUALIFIED_BY_V3_PRICE_PATH,V3_OPERATIONAL_PRICE_PATH,False,REAL_RESEARCH_SNAPSHOT_V1/daily_status.is_st_sec,False,False,,True
26b62cdb11344d072d68d76625d1ae4b5edf67c758294c0b9ef211ef5779e97d,002855.SZ,2026-08-28,b128c7a793ee2d73529a115615f51f81ff39b0ece7a911cc702310e8cae5f45e,4,86.54627345113136098165508476,TRUNCATED_SLICE_150_NONCANONICAL,QUALIFIED_BY_V3_PRICE_PATH,V3_OPERATIONAL_PRICE_PATH,False,REAL_RESEARCH_SNAPSHOT_V1/daily_status.is_st_sec,False,False,,True
8443f68550fb5a66f9ce91e26332e8d06f2ed62680b78b481db45804290da544,002861.SZ,2025-01-22,f2a3fcff65f635d3a2a1ed6a684b1df651b9eb369321a41e6e176a60b24940c7,5,70.57120919714999804714587252,TRUNCATED_SLICE_150_NONCANONICAL,QUALIFIED_BY_V3_PRICE_PATH,V3_OPERATIONAL_PRICE_PATH,False,REAL_RESEARCH_SNAPSHOT_V1/daily_status.is_st_sec,False,False,,True
a7d1f1e27d412f3921b2ea298a76e31158ea0747a02790f4c44c588b9c918954,002862.SZ,2024-11-25,c4eaa31cf3b7639560b4d9fdb1e767f50866a89887b9e6cca4a4109a183025ca,4,81.90751166709452560368095990,TRUNCATED_SLICE_150_NONCANONICAL,QUALIFIED_BY_V3_PRICE_PATH,V3_OPERATIONAL_PRICE_PATH,False,REAL_RESEARCH_SNAPSHOT_V1/daily_status.is_st_sec,False,False,,True
5b7190345250c1b274c8d2491f438349a40cf0cece262899ddf394420926d5f2,002878.SZ,2025-06-13,f1a2b57c2315961edc93d97592b8e7991d749e45ba47cbe9a75b7ff9ef5c1337,4,77.49487693183307331514021409,TRUNCATED_SLICE_150_NONCANONICAL,QUALIFIED_BY_V3_PRICE_PATH,V3_OPERATIONAL_PRICE_PATH,False,REAL_RESEARCH_SNAPSHOT_V1/daily_status.is_st_sec,False,False,,True
9bef9993e3f3bc1f6cf4dbffe40e5aaee830fd8d7bc8bf71a00120916f7c67c7,002879.SZ,2026-07-24,bdb8ca6b3fc849bb4b9ea911d80b98ece3bfc8c02cf0bbe49df83a78fc2550f6,4,75.53200045409637594911264258,TRUNCATED_SLICE_150_NONCANONICAL,QUALIFIED_BY_V3_PRICE_PATH,V3_OPERATIONAL_PRICE_PATH,False,REAL_RESEARCH_SNAPSHOT_V1/daily_status.is_st_sec,False,False,,True
791cb83a3d0e9314eab43c256e04138f2a987fcf95189e4c89035b3fba1303ad,002881.SZ,2025-02-06,259b40d8d7e5c5b07f505bc131f9c05c49efce96b699404fb1663cf2075850bc,4,82.98436778969205021408210064,TRUNCATED_SLICE_150_NONCANONICAL,QUALIFIED_BY_V3_PRICE_PATH,V3_OPERATIONAL_PRICE_PATH,False,REAL_RESEARCH_SNAPSHOT_V1/daily_status.is_st_sec,False,False,,True
3e33e1b51caca01e39968378f9551ddc641d8c4b0d4a513e1dc5ddbaae1b9bab,002883.SZ,2025-07-24,b5271f2bc01a1086e1731d3e806f6f51139f727aab58cb2f5d9172e39ad4308d,4,90.36230248414002270798159859,TRUNCATED_SLICE_150_NONCANONICAL,QUALIFIED_BY_V3_PRICE_PATH,V3_OPERATIONAL_PRICE_PATH,False,REAL_RESEARCH_SNAPSHOT_V1/daily_status.is_st_sec,False,False,,True
f0e08185d8c0fa835faf591aee642925d12c96cad615496a7f6fcb88e331c6ff,002886.SZ,2026-09-02,072ec7b61c5fe13448b459f53aadcd1a89ea13c484fc168d9a952bb5eb73f843,4,77.72757939120925802085973852,TRUNCATED_SLICE_150_NONCANONICAL,QUALIFIED_BY_V3_PRICE_PATH,V3_OPERATIONAL_PRICE_PATH,False,REAL_RESEARCH_SNAPSHOT_V1/daily_status.is_st_sec,False,False,,True
05c7b1d0c53af6d1ee41a11365cdaad15548025a4d788dc2dd3f13b3d3861ed9,002892.SZ,2024-11-08,10c4355a94632b61d11781a5104e9f27e0b8f4749f6d969e4b583ba98811b3b3,4,82.19502940552860850095041847,TRUNCATED_SLICE_150_NONCANONICAL,QUALIFIED_BY_V3_PRICE_PATH,V3_OPERATIONAL_PRICE_PATH,False,REAL_RESEARCH_SNAPSHOT_V1/daily_status.is_st_sec,False,False,,True
a51e30817b378494f4d13fea909479af52a65c566a0c587aee5ac2eb0b743334,002900.SZ,2025-04-08,4376652064724acac54ef60604f8e290117de4f08108fab6466e4c7f59c476c2,4,88.74355861099310532661461472,TRUNCATED_SLICE_150_NONCANONICAL,QUALIFIED_BY_V3_PRICE_PATH,V3_OPERATIONAL_PRICE_PATH,False,REAL_RESEARCH_SNAPSHOT_V1/daily_status.is_st_sec,False,False,,True
c5cee99fc7912f2ae1a86cf8ffc4bf87504701d1dd7284eaa35070852fd1de4e,002905.SZ,2025-03-17,d14605e82ddf627552c7dedf17edff085ea144bdd4ee0a1065429f0ea0b9bbb2,4,83.13952411433892229657071116,TRUNCATED_SLICE_150_NONCANONICAL,QUALIFIED_BY_V3_PRICE_PATH,V3_OPERATIONAL_PRICE_PATH,False,REAL_RESEARCH_SNAPSHOT_V1/daily_status.is_st_sec,False,False,,True
b1dcfc6816be3040e9f5be7fef5092b4acaa8216a4e6c5143d9aaebe0f6477c4,002909.SZ,2025-05-16,b5e35b142e995072ddd94378658175c701e1b26811c43a663aecb11ace850df4,4,83.81232811209261278364483872,TRUNCATED_SLICE_150_NONCANONICAL,QUALIFIED_BY_V3_PRICE_PATH,V3_OPERATIONAL_PRICE_PATH,False,REAL_RESEARCH_SNAPSHOT_V1/daily_status.is_st_sec,False,False,,True
6763ca2a2c5270ad1c123277aec39ea2de6f775c03e1f8522182d9535c54074d,002909.SZ,2026-09-03,70e5a3c1d5b8a48676ea145e1efd286c4edc975b454cc6d20826f927d2f29efc,4,90.77243255800908976935189905,TRUNCATED_SLICE_150_NONCANONICAL,QUALIFIED_BY_V3_PRICE_PATH,V3_OPERATIONAL_PRICE_PATH,False,REAL_RESEARCH_SNAPSHOT_V1/daily_status.is_st_sec,False,False,,True
9833df2686f849f60c98ba7cc14aa3a517b006ffc38dc5bb8b356a352a824239,002910.SZ,2025-02-26,ff325dcfd63a9924f35dd5f1bc8f37f99faf9fda93fecacc018f29ab76fc273f,4,85.04510481125507572408486940,TRUNCATED_SLICE_150_NONCANONICAL,QUALIFIED_BY_V3_PRICE_PATH,V3_OPERATIONAL_PRICE_PATH,False,REAL_RESEARCH_SNAPSHOT_V1/daily_status.is_st_sec,False,False,,True
c649797c3d52f4032d1e991878faed8898bc4fb07fd08817a6eb9109bdfdf9f1,002910.SZ,2025-12-22,f5135aff715744fd6675de0c921a5478569bed1027bcc358fd05a022e8b7cecd,4,79.94000069362970098661005161,TRUNCATED_SLICE_150_NONCANONICAL,QUALIFIED_BY_V3_PRICE_PATH,V3_OPERATIONAL_PRICE_PATH,False,REAL_RESEARCH_SNAPSHOT_V1/daily_status.is_st_sec,False,False,,True
4b1c4c64810de54ba577d4825185117a92604516cc0807cfa704694f049d5655,002912.SZ,2024-10-30,d73e237dfc931a7585c56a52276c342d611581b3c8e440c3c6f343caae5b1b83,4,84.84923911131854387211833391,TRUNCATED_SLICE_150_NONCANONICAL,QUALIFIED_BY_V3_PRICE_PATH,V3_OPERATIONAL_PRICE_PATH,False,REAL_RESEARCH_SNAPSHOT_V1/daily_status.is_st_sec,False,False,,True
498b79c7f0d0e8587ae52a2ec1b6ab5cf6e9d4723f0da373b932f91b76ff04c4,002912.SZ,2026-09-15,72803e04454fe07c05f34573cb31bde2995ec9e72c85b0525fa38264f1a81a38,4,86.26458220836783953105800131,TRUNCATED_SLICE_150_NONCANONICAL,QUALIFIED_BY_V3_PRICE_PATH,V3_OPERATIONAL_PRICE_PATH,False,REAL_RESEARCH_SNAPSHOT_V1/daily_status.is_st_sec,False,False,,True
d97018d7e96af816f52f7f339cf9a624f2fe6ad6f4da94c23ff5853d7cf39e69,002915.SZ,2025-08-11,e8628d7a621082a6ab877756351bd2f697457571a20f2d6a4e37078426bf9ca8,4,80.39530200265963809561647140,TRUNCATED_SLICE_150_NONCANONICAL,QUALIFIED_BY_V3_PRICE_PATH,V3_OPERATIONAL_PRICE_PATH,False,REAL_RESEARCH_SNAPSHOT_V1/daily_status.is_st_sec,False,False,,True
8b0f92000af5fce5281e21816442516b3729947e654ba03f2bcdefb69ccfe925,002917.SZ,2025-01-14,b32c3f682d5cdd47a2b35f666e3dc13e225406c7dd58fe7350dc8ff1815d8fd9,4,82.06274938769076977124514689,TRUNCATED_SLICE_150_NONCANONICAL,QUALIFIED_BY_V3_PRICE_PATH,V3_OPERATIONAL_PRICE_PATH,False,REAL_RESEARCH_SNAPSHOT_V1/daily_status.is_st_sec,False,False,,True
4d7d4a744541ca77f8505227b20ae63c758d5afa0da32a5dba0d831323971d8a,002918.SZ,2026-05-13,4e0f46906f48c3355adbafd3c9930079a585d569095725008b2f4eb06de50474,4,76.85609252674619085426973221,TRUNCATED_SLICE_150_NONCANONICAL,QUALIFIED_BY_V3_PRICE_PATH,V3_OPERATIONAL_PRICE_PATH,False,REAL_RESEARCH_SNAPSHOT_V1/daily_status.is_st_sec,False,False,,True
b8b2559004acd26ef063144d8f3a55048a3435f2a98c96534bd4d277d108b31d,002929.SZ,2025-02-14,ad5f418a5a5ff969be535e0adf2778c94c2806bcfacb583d710e744942612d74,4,88.86642137437622742865741786,TRUNCATED_SLICE_150_NONCANONICAL,QUALIFIED_BY_V3_PRICE_PATH,V3_OPERATIONAL_PRICE_PATH,False,REAL_RESEARCH_SNAPSHOT_V1/daily_status.is_st_sec,False,False,,True
22f65c717a8136d0ccdb900e30da5962e56d11f8874333802de71520d892a955,002931.SZ,2025-12-29,f8df609cc0498e476db1eb96aec008c737d3bb37b8cbd164df3849bf3e48d26c,4,74.28863876665643050294248247,TRUNCATED_SLICE_150_NONCANONICAL,QUALIFIED_BY_V3_PRICE_PATH,V3_OPERATIONAL_PRICE_PATH,False,REAL_RESEARCH_SNAPSHOT_V1/daily_status.is_st_sec,False,False,,True
d600316f0cf4079d6cca0b222231b374412b4e499442883675fd8131c42ad7ce,002931.SZ,2026-01-09,434199b4f07e428fd9f428b5bd56eb914010c8231233aeab1d2457e2b8fa898b,5,92.75509798444504196031742514,TRUNCATED_SLICE_150_NONCANONICAL,QUALIFIED_BY_V3_PRICE_PATH,V3_OPERATIONAL_PRICE_PATH,False,REAL_RESEARCH_SNAPSHOT_V1/daily_status.is_st_sec,False,False,,True
d57f2b151fefa836031924e243bfb04fbca23bbf5dea92c1f5a8db4545e25985,002931.SZ,2026-01-20,7e71841881407b3146acf52fd0743d148e1aac8203993067a2ce0113adc633d6,5,96.38280452776832719775234130,TRUNCATED_SLICE_150_NONCANONICAL,QUALIFIED_BY_V3_PRICE_PATH,V3_OPERATIONAL_PRICE_PATH,False,REAL_RESEARCH_SNAPSHOT_V1/daily_status.is_st_sec,False,False,,True
2652ab3fb06a4dea97b5eb09fbc39a6cfcd66ce79001a6704d406b0f86311dd8,002931.SZ,2026-02-02,27bd5522ebfacf85897dd738fd823c079b39e34a068ecc81e01e041cd692d2d1,4,91.40040111248947790015750672,TRUNCATED_SLICE_150_NONCANONICAL,QUALIFIED_BY_OPERATIONAL_STATUS,OPERATIONAL_VENDOR_SCREEN,False,REAL_RESEARCH_SNAPSHOT_V1/daily_status.is_st_sec,False,False,,False
0dfcfc1f04b1365646b9a3f131ab85199763ae8f359bdd5ee35828debf3bf980,002939.SZ,2025-08-18,2079ad5e92879bec54d3010ea0f0013a6216665c144b4184cc9097b253e3d9b8,4,94.00185070774548873776866771,TRUNCATED_SLICE_150_NONCANONICAL,QUALIFIED_BY_V3_PRICE_PATH,V3_OPERATIONAL_PRICE_PATH,False,REAL_RESEARCH_SNAPSHOT_V1/daily_status.is_st_sec,False,False,,True
bd136b75faca54bfe6df4429aefb1a220eee05ecc6a464b707ac54dacd13bdd0,002940.SZ,2025-06-11,7d45ed999fb5c833062148cbfa5b31926a48208b86a2bae1188501e834081693,4,94.48817109068276252512990812,TRUNCATED_SLICE_150_NONCANONICAL,QUALIFIED_BY_V3_PRICE_PATH,V3_OPERATIONAL_PRICE_PATH,False,REAL_RESEARCH_SNAPSHOT_V1/daily_status.is_st_sec,False,False,,True
43eb8f0b51959ecaff27c9a85c3a93b1d2be2a08f9165271670e071ef3455882,002941.SZ,2025-08-13,1e450aadd40c0a0effbe5e8e5f001592c004cf3ee22fba49a8b570bf0e8de777,4,92.39948419471935831642919972,TRUNCATED_SLICE_150_NONCANONICAL,QUALIFIED_BY_V3_PRICE_PATH,V3_OPERATIONAL_PRICE_PATH,False,REAL_RESEARCH_SNAPSHOT_V1/daily_status.is_st_sec,False,False,,True
faba39531ab60a4e5b35915540b6dd6c0ecfd18590a351e9508ec14ef124e9ee,002951.SZ,2025-06-06,c246a6e679b171a779b8026ba04f14ab1e77e1f87adee34591b0d9e448925b25,4,84.20812387738117046256185701,TRUNCATED_SLICE_150_NONCANONICAL,QUALIFIED_BY_V3_PRICE_PATH,V3_OPERATIONAL_PRICE_PATH,False,REAL_RESEARCH_SNAPSHOT_V1/daily_status.is_st_sec,False,False,,True
6e40a38dd7ad0e8c2d894d3a3a7a229c7a62135c1ba990a0986f5ab99ecded36,002952.SZ,2024-08-16,803b940bbbab0aa263b615318478271b1a6a91fb83058c3fc6b8bbc27147626a,4,79.10243451389011883659339452,TRUNCATED_SLICE_150_NONCANONICAL,QUALIFIED_BY_V3_PRICE_PATH,V3_OPERATIONAL_PRICE_PATH,False,REAL_RESEARCH_SNAPSHOT_V1/daily_status.is_st_sec,False,False,,True
36ef25ad2c427d1aa4a24804616d9f95c7615f34267bf857416e829f1046892f,002953.SZ,2024-12-17,5574a853931e0e29079f84aebfbfbecc69220b29ea555e3517c1263b08971e33,4,89.89948848538734918159488902,TRUNCATED_SLICE_150_NONCANONICAL,QUALIFIED_BY_V3_PRICE_PATH,V3_OPERATIONAL_PRICE_PATH,False,REAL_RESEARCH_SNAPSHOT_V1/daily_status.is_st_sec,False,False,,True
9fc7b7882e17f8047a1f496a61dc6ea25a2c20791602dbd7642fcdccc4adad7a,002969.SZ,2025-12-22,d88d6add8954d096e8345cc4aa3bd11b87e9b3dad5ec3beb41eff16f3ac1e104,4,90.45641161947046384265744026,TRUNCATED_SLICE_150_NONCANONICAL,QUALIFIED_BY_V3_PRICE_PATH,V3_OPERATIONAL_PRICE_PATH,False,REAL_RESEARCH_SNAPSHOT_V1/daily_status.is_st_sec,False,False,,True
3659392391e337cdfa364411c9e347eacdc25fc6b3de6816e883d812ba62f02f,002969.SZ,2025-12-31,66ed6e4e59a42ad1ad3ae5deac3a9719b9339ae6ed8c1211838a1a5f68e19106,4,97.45107133892978546878769046,TRUNCATED_SLICE_150_NONCANONICAL,QUALIFIED_BY_OPERATIONAL_STATUS,OPERATIONAL_VENDOR_SCREEN,False,REAL_RESEARCH_SNAPSHOT_V1/daily_status.is_st_sec,False,False,,False
63fbe9106c639583980feca65dce551b4340e13adf0df0a5367f96c24ab373b1,002971.SZ,2026-06-12,7a0017770745ae557e48e3455def25978e147f72ca04890bf89c4bebc1a3c3f6,4,84.12520563532581244036378770,TRUNCATED_SLICE_150_NONCANONICAL,QUALIFIED_BY_V3_PRICE_PATH,V3_OPERATIONAL_PRICE_PATH,False,REAL_RESEARCH_SNAPSHOT_V1/daily_status.is_st_sec,False,False,,True
d5a9518b764ad3babf9cb9c9fa8562f59a70196a3d82dcd3d84a1e3c7a1463a0,002977.SZ,2025-05-12,2d5ec5b04605bbaee4d0cff7d75084af55ec3d350cd09eeba44e714dbe264885,4,90.96119667661441830723293758,TRUNCATED_SLICE_150_NONCANONICAL,QUALIFIED_BY_V3_PRICE_PATH,V3_OPERATIONAL_PRICE_PATH,False,REAL_RESEARCH_SNAPSHOT_V1/daily_status.is_st_sec,False,False,,True
dff1bfb4e62db5cb2752b14a5533964a5a1159944f76a346f954b69b8b7e6824,002981.SZ,2024-07-11,6ad9bc45cdef48f14887613868a7fae7cf9b8b21dbd427d3abd582ac5581a249,4,75.29423915012230641324622228,TRUNCATED_SLICE_150_NONCANONICAL,QUALIFIED_BY_V3_PRICE_PATH,V3_OPERATIONAL_PRICE_PATH,False,REAL_RESEARCH_SNAPSHOT_V1/daily_status.is_st_sec,False,False,,True
7d53917840260cc24249f15bc3f66d99a0cb9c8e8d32e25538ed5d685b078d11,002990.SZ,2026-04-17,c8707467a0cace655a8f98afb29ecb57b70060f0def1e461d16fed76cac385b3,4,93.19879678934125234589948088,TRUNCATED_SLICE_150_NONCANONICAL,QUALIFIED_BY_V3_PRICE_PATH,V3_OPERATIONAL_PRICE_PATH,False,REAL_RESEARCH_SNAPSHOT_V1/daily_status.is_st_sec,False,False,,True
3d8f1766a5aad643a65fba2db5afe50384f1c909a307a134c0754d1dbc29e97a,002995.SZ,2026-01-30,d30953163bde6b7371cf5cf460c1f0c438febd2b1a41441a666feb1bb515930c,4,88.78799745107918760706412672,TRUNCATED_SLICE_150_NONCANONICAL,QUALIFIED_BY_V3_PRICE_PATH,V3_OPERATIONAL_PRICE_PATH,False,REAL_RESEARCH_SNAPSHOT_V1/daily_status.is_st_sec,False,False,,True
848c0fc272673d7c79b57b0e4aa154a9f38779827b909d5a6a57ba7682522ad5,003003.SZ,2025-04-23,58fc581d7b81703e93e25f2adfde746a192312492b7ec509ded2e6d9f1a38a9d,4,79.60239434889234674983546530,TRUNCATED_SLICE_150_NONCANONICAL,QUALIFIED_BY_V3_PRICE_PATH,V3_OPERATIONAL_PRICE_PATH,False,REAL_RESEARCH_SNAPSHOT_V1/daily_status.is_st_sec,False,False,,True
a29259534d24f6b3bff283abb6a6170f0d53ce2fa6db33796741dbf4fb4830a6,003005.SZ,2026-09-02,e985d858fd441d8c20b8be14f5aea3ab2f9bc3ecc926e6cfafd9ba57fcc3a933,4,86.52310005904685783415791350,TRUNCATED_SLICE_150_NONCANONICAL,QUALIFIED_BY_V3_PRICE_PATH,V3_OPERATIONAL_PRICE_PATH,False,REAL_RESEARCH_SNAPSHOT_V1/daily_status.is_st_sec,False,False,,True
779e68a1a78df73a6af5e1e3421a53658d06a0a4e3b6a8f6068d653c01c9c79d,003007.SZ,2026-01-13,9be4d017be78a76bedc2eb04b19e15ac6c73cf5357348bc74f5bbc536c13aca7,4,85.47335575960968576797675810,TRUNCATED_SLICE_150_NONCANONICAL,QUALIFIED_BY_V3_PRICE_PATH,V3_OPERATIONAL_PRICE_PATH,False,REAL_RESEARCH_SNAPSHOT_V1/daily_status.is_st_sec,False,False,,True
2bd17631b6ca85901ff1d5b37e8b4b7622c0e95a4cba45deac7d6a8760eed762,003018.SZ,2025-11-27,bba0aded9d9f39e737d86ba8afb77df191928584bb21ed1ad8ecb1522267d39f,4,74.44345214190516043886538119,TRUNCATED_SLICE_150_NONCANONICAL,QUALIFIED_BY_V3_PRICE_PATH,V3_OPERATIONAL_PRICE_PATH,False,REAL_RESEARCH_SNAPSHOT_V1/daily_status.is_st_sec,False,False,,True
537dcf7e4462da74a9d2a26316146d7fa6bf486b702adf55088fe420c72ee318,003018.SZ,2026-02-11,754f381a34f8fcacc47a9b5f1ce95b704c5edaab9584206bddc2d17a5ab0cf4b,4,71.85221570243905195068153521,TRUNCATED_SLICE_150_NONCANONICAL,QUALIFIED_BY_V3_PRICE_PATH,V3_OPERATIONAL_PRICE_PATH,False,REAL_RESEARCH_SNAPSHOT_V1/daily_status.is_st_sec,False,False,,True
9d6c8e9e1e7965bc7a6295ad493596256ec6de5e00f0fc864049246fee4eb8bf,003018.SZ,2026-04-22,e6e8ce784581cedc4073121e44ee5adf3685c706df4e41f4986cffef1ae660a1,4,84.93042365831223843503047620,TRUNCATED_SLICE_150_NONCANONICAL,QUALIFIED_BY_V3_PRICE_PATH,V3_OPERATIONAL_PRICE_PATH,False,REAL_RESEARCH_SNAPSHOT_V1/daily_status.is_st_sec,False,False,,True
b9fb681ba527b899538e997a8fe5021523c831a9d160efabcb04b9cb0dbb9a00,003020.SZ,2025-04-18,4f25326ca507dd443640adc6d050fb2070e657a61a13e17844ad0be726d647b8,4,85.40571756949357865008798342,TRUNCATED_SLICE_150_NONCANONICAL,QUALIFIED_BY_V3_PRICE_PATH,V3_OPERATIONAL_PRICE_PATH,False,REAL_RESEARCH_SNAPSHOT_V1/daily_status.is_st_sec,False,False,,True
85ffd517f152fc821f265f730c5841ccda8cecdda5ec4907b53637a246b50673,003029.SZ,2025-06-26,593a1a5e8ca7cbccf793f5f3fb35a4f27723991e7fbb1513c406079251d545dd,4,80.33922375518920382861609225,TRUNCATED_SLICE_150_NONCANONICAL,QUALIFIED_BY_V3_PRICE_PATH,V3_OPERATIONAL_PRICE_PATH,False,REAL_RESEARCH_SNAPSHOT_V1/daily_status.is_st_sec,False,False,,True
970a79c9333284f572d8648d03ce2f6188adeb04109904173a16801aab48f87f,003030.SZ,2025-01-21,cb1718a5e3b3999b6b97a153ca1fb106d48ce5eeef180d87780fbe493872a91b,4,79.95005321524828413015279259,TRUNCATED_SLICE_150_NONCANONICAL,QUALIFIED_BY_V3_PRICE_PATH,V3_OPERATIONAL_PRICE_PATH,False,REAL_RESEARCH_SNAPSHOT_V1/daily_status.is_st_sec,False,False,,True
a4ef51755a9266f63c9ca5f209ab45d9787467a138f18c8af6b057b471825870,003032.SZ,2026-07-30,f6a3ffc65458dfb414a18f898c184685444ea2a159e588134eca3b7616235f5c,4,79.37339431000658250575419189,TRUNCATED_SLICE_150_NONCANONICAL,QUALIFIED_BY_V3_PRICE_PATH,V3_OPERATIONAL_PRICE_PATH,False,REAL_RESEARCH_SNAPSHOT_V1/daily_status.is_st_sec,False,False,,True
fa880cf82391f0de702ec8a29ed1820b99f878d217019e21f10b44d96ee64887,003036.SZ,2024-11-25,bcaab0a30134ab27d2cb9168eaf175cac82ede54efe74d68ae3c92ca63ee6a34,4,82.08455901289183120774408840,TRUNCATED_SLICE_150_NONCANONICAL,QUALIFIED_BY_V3_PRICE_PATH,V3_OPERATIONAL_PRICE_PATH,False,REAL_RESEARCH_SNAPSHOT_V1/daily_status.is_st_sec,False,False,,True
c6cbaed2a00035683b9949be68cf5700143ef9d9989b2a765201a06bf9d3346c,003040.SZ,2026-08-26,7bfba1931c9570a093c47259fa4ca3e98834c3dc232993c1d76ebb4b784810af,4,80.24604712005623620391798143,TRUNCATED_SLICE_150_NONCANONICAL,QUALIFIED_BY_V3_PRICE_PATH,V3_OPERATIONAL_PRICE_PATH,False,REAL_RESEARCH_SNAPSHOT_V1/daily_status.is_st_sec,False,False,,True
444a69ca1298ef706daf0fe107de8d03e5f6655a88ddcbdfbf01cc7f6b32a09f,003041.SZ,2024-12-05,be45c4b804346e315e5274cc707d69389b8024dc8a7b20a002526b275dfc06db,4,87.73045756116038445666456347,TRUNCATED_SLICE_150_NONCANONICAL,QUALIFIED_BY_V3_PRICE_PATH,V3_OPERATIONAL_PRICE_PATH,False,REAL_RESEARCH_SNAPSHOT_V1/daily_status.is_st_sec,False,False,,True
4682e6e85629e906fa976cd448b3e7f6f1d9cafc8380b71ad13bcc62af4d9d5b,003041.SZ,2025-11-17,f475c6e26f08f4a3b67cb11a60caa4b720abebdbb5ad831ed8063f42de542cc7,4,81.86360180945607699382527622,TRUNCATED_SLICE_150_NONCANONICAL,QUALIFIED_BY_V3_PRICE_PATH,V3_OPERATIONAL_PRICE_PATH,False,REAL_RESEARCH_SNAPSHOT_V1/daily_status.is_st_sec,False,False,,True
310e900b42b857197ee06cd7db649e51bf0eb1714d22419eef99cf247677fd0e,003042.SZ,2026-01-28,838530be7ed9edf6bf89f0b272828ec954664c3acdab5ae67c3d8330220efebd,4,91.59333271358034063720697050,TRUNCATED_SLICE_150_NONCANONICAL,QUALIFIED_BY_V3_PRICE_PATH,V3_OPERATIONAL_PRICE_PATH,False,REAL_RESEARCH_SNAPSHOT_V1/daily_status.is_st_sec,False,False,,True
fd0ac899da240477825dd7c7886e41dd8e76ecf5efcd384c8f08af8a380d9158,600076.SH,2024-07-03,90a8193673d95189c13e076ac930fd4a4cdbeee72c24eabad0ad1714f414714d,4,71.54098438265855268771807676,TRUNCATED_SLICE_150_NONCANONICAL,QUALIFIED_BY_V3_PRICE_PATH,V3_OPERATIONAL_PRICE_PATH,False,REAL_RESEARCH_SNAPSHOT_V1/daily_status.is_st_sec,False,False,,True
9bab6760493ba895b7abe6e829726e7ba2c6e56a1d6cfb24427beef5796b8a8c,600078.SH,2025-10-14,0da7231c5469e16d178d827d20445288ee9595c3d1c55cd9c210ea3a3da6dfc8,4,90.46562753404447714775245398,TRUNCATED_SLICE_150_NONCANONICAL,QUALIFIED_BY_V3_PRICE_PATH,V3_OPERATIONAL_PRICE_PATH,False,REAL_RESEARCH_SNAPSHOT_V1/daily_status.is_st_sec,False,False,,True
4d0e2daaa110f0804c570619b71324580acdd13d1c1aea553c20b6bb7edc810b,600103.SH,2025-09-11,c05e6c62f6088021d64826172c8960a6308f565709df2cade56e702eba361cd3,4,85.57602604445638808122175213,TRUNCATED_SLICE_150_NONCANONICAL,QUALIFIED_BY_V3_PRICE_PATH,V3_OPERATIONAL_PRICE_PATH,False,REAL_RESEARCH_SNAPSHOT_V1/daily_status.is_st_sec,False,False,,True
3d5d03936a6168d2ae9b935079b926ae825bd569565f5952f11c9b5083bf9a30,600108.SH,2026-03-04,12dec0eab24f93284295ab38f89d7cba50b09a3b6d9d83a33043d428aae2ac13,4,85.45740872988612260909610661,TRUNCATED_SLICE_150_NONCANONICAL,QUALIFIED_BY_V3_PRICE_PATH,V3_OPERATIONAL_PRICE_PATH,False,REAL_RESEARCH_SNAPSHOT_V1/daily_status.is_st_sec,False,False,,True
619ea3b5dd8b7cded20ea024de96e6520a43aadfe0bd46309ec34e607669ae22,600108.SH,2026-09-08,613d5e6cf22723312d0f221ba06173f3077a483c6efa9ae66789518d12b6dd74,4,80.37183832694988590131147793,TRUNCATED_SLICE_150_NONCANONICAL,QUALIFIED_BY_V3_PRICE_PATH,V3_OPERATIONAL_PRICE_PATH,False,REAL_RESEARCH_SNAPSHOT_V1/daily_status.is_st_sec,False,False,,True
d6377e575b85571509ca5d2fbe32546ecc23b70c00c16966f0be0b82adfff3b4,600110.SH,2025-06-20,9e0b2eda1206b26631f7b2e9d3f51364a28cc98a24007fcc1ea93eb416400b3c,4,82.69212432432075219519543549,TRUNCATED_SLICE_150_NONCANONICAL,QUALIFIED_BY_V3_PRICE_PATH,V3_OPERATIONAL_PRICE_PATH,False,REAL_RESEARCH_SNAPSHOT_V1/daily_status.is_st_sec,False,False,,True
501399c1bf4f036c2ad64353d21d81d2e5a5ccde55cb26379bd748b031299565,600113.SH,2025-06-23,ad026c1abafbe562a546bdae22222f209511bfccb8872200f54eb3d3a554ec63,4,94.49871362394914794032791708,TRUNCATED_SLICE_150_NONCANONICAL,QUALIFIED_BY_V3_PRICE_PATH,V3_OPERATIONAL_PRICE_PATH,False,REAL_RESEARCH_SNAPSHOT_V1/daily_status.is_st_sec,False,False,,True
2d904acb85c52a0942d7da9fb9bc45ab1aaaf9a55d9db9b2dad568094fc82ea7,600113.SH,2025-08-15,9d31adddf3c1d9673d23b7dbeb3ef6fcc0c47f6edf0601d2f09484d78c156630,4,88.44134109877376322077374746,TRUNCATED_SLICE_150_NONCANONICAL,QUALIFIED_BY_V3_PRICE_PATH,V3_OPERATIONAL_PRICE_PATH,False,REAL_RESEARCH_SNAPSHOT_V1/daily_status.is_st_sec,False,False,,True
3996d1e17b870171c864a34895265f5b52137fda44b3cd9a6222131b6c601e45,600117.SH,2025-07-24,bbe36a3aa8e948baa95d47ee7db1cbce077b7a17392e52d3c45c9629c269de90,4,91.52584499987003186795947873,TRUNCATED_SLICE_150_NONCANONICAL,QUALIFIED_BY_V3_PRICE_PATH,V3_OPERATIONAL_PRICE_PATH,False,REAL_RESEARCH_SNAPSHOT_V1/daily_status.is_st_sec,False,False,,True
d5883051dcbe1276428c81ca3489b979bc6d10541eff3396b9b8c29927ab56ea,600118.SH,2025-12-29,d53256ff5f18d2cf02c0d7745ea35957547f93f5446b61405feeffdd605e9bcc,4,86.93436370666163723465204173,TRUNCATED_SLICE_150_NONCANONICAL,QUALIFIED_BY_V3_PRICE_PATH,V3_OPERATIONAL_PRICE_PATH,False,REAL_RESEARCH_SNAPSHOT_V1/daily_status.is_st_sec,False,False,,True
554a80ba25aa760ac92b99f0e0984a3eb146a65f6c4f268cb030d5a5163fb78e,600120.SH,2025-02-07,2b7b432b26051f26683272e31a868d1ee4859fdd41dd78137bd9f62e34bf1729,4,84.54404187862185079237592550,TRUNCATED_SLICE_150_NONCANONICAL,QUALIFIED_BY_V3_PRICE_PATH,V3_OPERATIONAL_PRICE_PATH,False,REAL_RESEARCH_SNAPSHOT_V1/daily_status.is_st_sec,False,False,,True
9ba38047dacc4b0ef5e97441ea77b9e631489e5b9ecd80454de757b6d6fd0ec6,600126.SH,2025-02-10,6ea9ed6549abfc5a3b11bc18df3162c0666bcacb19dfbe27096ce16efd771b05,4,83.15737439977532114585936136,TRUNCATED_SLICE_150_NONCANONICAL,QUALIFIED_BY_V3_PRICE_PATH,V3_OPERATIONAL_PRICE_PATH,False,REAL_RESEARCH_SNAPSHOT_V1/daily_status.is_st_sec,False,False,,True
b01ccb7aa1fb6b4a17031c407e3d89851ae172f72b4f13dab2457cc35088d1a1,600126.SH,2025-02-27,668806b563a7b49b37ab8bb57827b95d9d61f3431ab9d4a0f1913e9706d736cd,4,78.18114237879661002443651636,TRUNCATED_SLICE_150_NONCANONICAL,QUALIFIED_BY_V3_PRICE_PATH,V3_OPERATIONAL_PRICE_PATH,False,REAL_RESEARCH_SNAPSHOT_V1/daily_status.is_st_sec,False,False,,True
36aec6a8a7b0e8b54d40f966fc2a3aae895f55cdadf8ad3c032226bfaf630dda,600127.SH,2026-08-20,2c2efefe0d7b1125d33440fb5a775345bce56286f9876bfd6fef1bc4110974b0,4,85.87326216718364871975434342,TRUNCATED_SLICE_150_NONCANONICAL,QUALIFIED_BY_V3_PRICE_PATH,V3_OPERATIONAL_PRICE_PATH,False,REAL_RESEARCH_SNAPSHOT_V1/daily_status.is_st_sec,False,False,,True
e3b5c7e83f4c3d8293d16f82297356690dcb3fd0c3fb1bf4ce28d1f4bc840fe0,600128.SH,2025-01-14,d852873f10b924ab88ef3812636b0af8c8c276eb587e25048534d586f1b24c14,4,79.24683643682917994058873482,TRUNCATED_SLICE_150_NONCANONICAL,QUALIFIED_BY_V3_PRICE_PATH,V3_OPERATIONAL_PRICE_PATH,False,REAL_RESEARCH_SNAPSHOT_V1/daily_status.is_st_sec,False,False,,True
cd01077a8c40556f2edfabc8543c011d657d303fc26fb8a2b4dcaee54911620d,600130.SH,2024-11-04,77aa12356a838f4ce4a7d1b5b3ca9fd001b869e7119eaa85f2d7f574b7a2036e,4,80.46159332332657716407589793,TRUNCATED_SLICE_150_NONCANONICAL,QUALIFIED_BY_V3_PRICE_PATH,V3_OPERATIONAL_PRICE_PATH,False,REAL_RESEARCH_SNAPSHOT_V1/daily_status.is_st_sec,False,False,,True
f28eb1f27097150771771f1f5e17788f0399c5d6b9c67a0560fc111a3a1b1b17,600137.SH,2025-05-22,b7efeca2b26f8c8d34c6e53e0bd3781176f1e1b781cac750ea94aa6fa5a972c7,4,93.88359596641405435085872755,TRUNCATED_SLICE_150_NONCANONICAL,QUALIFIED_BY_V3_PRICE_PATH,V3_OPERATIONAL_PRICE_PATH,False,REAL_RESEARCH_SNAPSHOT_V1/daily_status.is_st_sec,False,False,,True
a204c3d019db3b74e4bd70651d892fcea58723cd182378beeff3443e24177252,600151.SH,2025-12-09,2b05214f12243a5b999e4b4abed0cd2b671333b866a68c0950d5785e66445805,4,87.63819174055404674687141440,TRUNCATED_SLICE_150_NONCANONICAL,QUALIFIED_BY_V3_PRICE_PATH,V3_OPERATIONAL_PRICE_PATH,False,REAL_RESEARCH_SNAPSHOT_V1/daily_status.is_st_sec,False,False,,True
18c93467b1376751af4ad2d190710ba183ef0d92027a0d7b796352993f2b6be3,600162.SH,2025-09-17,2d7a152fd340f591daca34c6005e0dcd753958377a2be635f3b1ddf7fe21593e,4,91.48316998797175018098733617,TRUNCATED_SLICE_150_NONCANONICAL,QUALIFIED_BY_V3_PRICE_PATH,V3_OPERATIONAL_PRICE_PATH,False,REAL_RESEARCH_SNAPSHOT_V1/daily_status.is_st_sec,False,False,,True
66c25b0a256bcc78117bf85eae76dc271d57672dce432c66548f54ef4a582ac6,600162.SH,2026-05-28,984811b511612dae2778443627dbbf788bf2606a0912067ad8fee5dc83e5aae2,4,81.10319429878730541460120781,TRUNCATED_SLICE_150_NONCANONICAL,QUALIFIED_BY_V3_PRICE_PATH,V3_OPERATIONAL_PRICE_PATH,False,REAL_RESEARCH_SNAPSHOT_V1/daily_status.is_st_sec,False,False,,True
7d10eeca93dec1e8fc7cfe5f077cf2b10f70e2fcafdda04d2f5fba69c8f7303f,600167.SH,2025-09-25,24993bfd1c8445c72993d0964eea63d41bbc781c02da467bc405a16645cee487,4,91.38692160204607421931328025,TRUNCATED_SLICE_150_NONCANONICAL,QUALIFIED_BY_V3_PRICE_PATH,V3_OPERATIONAL_PRICE_PATH,False,REAL_RESEARCH_SNAPSHOT_V1/daily_status.is_st_sec,False,False,,True
794bf4d406121fbf25141a10c44e9f33ab5d0beae82e1b9ba1a368dcc265d15e,600170.SH,2025-09-17,b02d9dce805d94a4bfaf886ca732652cc29070ad17c9108de8991b8be0b97a0e,4,92.33849465799160240337114340,TRUNCATED_SLICE_150_NONCANONICAL,QUALIFIED_BY_V3_PRICE_PATH,V3_OPERATIONAL_PRICE_PATH,False,REAL_RESEARCH_SNAPSHOT_V1/daily_status.is_st_sec,False,False,,True
1605d40e3f9bf3a7aa054f068a87fc11d575ea12b8b7f3d415d577c92e957af5,600171.SH,2024-10-24,2d51756c09dd92c411d814cea88f35e5d52c7d5c538b5960d8710202ec3b7d16,4,76.51063705862123456117583303,TRUNCATED_SLICE_150_NONCANONICAL,QUALIFIED_BY_V3_PRICE_PATH,V3_OPERATIONAL_PRICE_PATH,False,REAL_RESEARCH_SNAPSHOT_V1/daily_status.is_st_sec,False,False,,True
2aea7caeae38ea26d8a32d057f9e4e5408b2e15fb3ff17048748a070f0a31d82,600172.SH,2024-10-31,975fe371895d92620a8bf4f01da4cea683c5a0b1498695bee5e9c411bba6a83b,4,90.65739821118064022565388808,TRUNCATED_SLICE_150_NONCANONICAL,QUALIFIED_BY_V3_PRICE_PATH,V3_OPERATIONAL_PRICE_PATH,False,REAL_RESEARCH_SNAPSHOT_V1/daily_status.is_st_sec,False,False,,True
966dc26359f7210985dfb2fd80b2714eef26eed509f4e161a380650db2cbc034,600172.SH,2024-12-06,459418ffa201dc1f4580f4e44c03b8bf1a6b7d32fe3e4424b662f97332c16acd,4,84.84663628609908770320722095,TRUNCATED_SLICE_150_NONCANONICAL,QUALIFIED_BY_V3_PRICE_PATH,V3_OPERATIONAL_PRICE_PATH,False,REAL_RESEARCH_SNAPSHOT_V1/daily_status.is_st_sec,False,False,,True
5dd74c147c0fb8bd936ef768339fc51e1af4fb6b1da90fbcea7bf32637f96f23,600172.SH,2026-05-28,36d6207415e7c213beed313b260dd64d7a117421f84960f8bf0a251ef84132b5,4,78.74851263489247004930544694,TRUNCATED_SLICE_150_NONCANONICAL,QUALIFIED_BY_V3_PRICE_PATH,V3_OPERATIONAL_PRICE_PATH,False,REAL_RESEARCH_SNAPSHOT_V1/daily_status.is_st_sec,False,False,,True
cfa811756f13ec9fa4ed22205862fcaf8e280fcfec6cf64014a0c3ab1ae8c89a,600178.SH,2024-10-31,0b1fe0282e1b95acf98b5a473af1614e360af8d04d8a6d31ba523054d2863da0,4,84.35353965255527273865523629,TRUNCATED_SLICE_150_NONCANONICAL,QUALIFIED_BY_V3_PRICE_PATH,V3_OPERATIONAL_PRICE_PATH,False,REAL_RESEARCH_SNAPSHOT_V1/daily_status.is_st_sec,False,False,,True
0c232fa89d24d60eb88ca12bb7db4a9e9a282cb5ee4d6f05005ba6c89ff87891,600179.SH,2025-12-25,3cf3dc2bd8f878dae2a32bf848fb791652d27bf2cb33cc2c2c44a01f4074350c,4,78.63285422872069852938786295,TRUNCATED_SLICE_150_NONCANONICAL,QUALIFIED_BY_V3_PRICE_PATH,V3_OPERATIONAL_PRICE_PATH,False,REAL_RESEARCH_SNAPSHOT_V1/daily_status.is_st_sec,False,False,,True
75c1483d4867489cf4c49437f9af3d37f6fefb0f7ac8992d074833645162453e,600187.SH,2024-07-25,c18482256bf734f75694c66d7abfc2e165a32d90483e01609fdd40fd41fbe0e3,4,75.70751397754142270358106372,TRUNCATED_SLICE_150_NONCANONICAL,QUALIFIED_BY_V3_PRICE_PATH,V3_OPERATIONAL_PRICE_PATH,False,REAL_RESEARCH_SNAPSHOT_V1/daily_status.is_st_sec,False,False,,True
b8c93ed253fc4c3977f078e6a03c1224cec53ffae56c91e4303b0bc88b259cde,600198.SH,2024-09-20,d3cfe1da7b58a94c3b712a35a4582ebeb056f398c2fe31b3a8d70ccb517558a0,4,88.87886750052959268060879115,TRUNCATED_SLICE_150_NONCANONICAL,QUALIFIED_BY_V3_PRICE_PATH,V3_OPERATIONAL_PRICE_PATH,False,REAL_RESEARCH_SNAPSHOT_V1/daily_status.is_st_sec,False,False,,True
595485f96c4bef56326a8bd9cbf45226cefeab9793cb066119f053389201fa3f,600198.SH,2024-10-28,1795e8d8508231fa3fb5e8f2788d5f089b62a5b65630401bf4b0a5ae80eb5290,4,81.81216360332519456010944369,TRUNCATED_SLICE_150_NONCANONICAL,QUALIFIED_BY_V3_PRICE_PATH,V3_OPERATIONAL_PRICE_PATH,False,REAL_RESEARCH_SNAPSHOT_V1/daily_status.is_st_sec,False,False,,True
c3292ac082d24f3904dce59f843013ddf99fafd2f355881559d65e1c60117e1f,600203.SH,2024-10-31,70bfbec1f5867850762082fc9783b577c2c964ffcf262d87b259997785cb4ee1,4,81.59564621124518554010013927,TRUNCATED_SLICE_150_NONCANONICAL,QUALIFIED_BY_V3_PRICE_PATH,V3_OPERATIONAL_PRICE_PATH,False,REAL_RESEARCH_SNAPSHOT_V1/daily_status.is_st_sec,False,False,,True
e44ffc15aca323205aea9ef399abb310e3dc163860768cd702a5385a63678e59,600203.SH,2025-08-07,fdd37d17bde41e8ab60f3dc37790fd1aa2b5d5beaf1c5953922b2aa444be9aea,4,90.23247233355880236435535089,TRUNCATED_SLICE_150_NONCANONICAL,QUALIFIED_BY_V3_PRICE_PATH,V3_OPERATIONAL_PRICE_PATH,False,REAL_RESEARCH_SNAPSHOT_V1/daily_status.is_st_sec,False,False,,True
9be22cbc1bb20f8546788df8c2f7a7f1464c3072585ed3dbeb62bb9b8c645ad7,600206.SH,2024-11-12,13a1ff4b9a0002a66090ab9009f6f4697f27542f3c3bbfa468bce98fd4a57778,4,89.35776913364933906802049322,TRUNCATED_SLICE_150_NONCANONICAL,QUALIFIED_BY_V3_PRICE_PATH,V3_OPERATIONAL_PRICE_PATH,False,REAL_RESEARCH_SNAPSHOT_V1/daily_status.is_st_sec,False,False,,True
676ee6a8abf3c25b5ce03c94eda4658e01e819b35b7083823d1bafb01c6f4735,600208.SH,2024-10-08,fff068016e04a68cf5840d045a4b4966c63842d523ae1ce2e9cee23fa3f26b0b,4,93.05341303644938376910031971,TRUNCATED_SLICE_150_NONCANONICAL,QUALIFIED_BY_V3_PRICE_PATH,V3_OPERATIONAL_PRICE_PATH,False,REAL_RESEARCH_SNAPSHOT_V1/daily_status.is_st_sec,False,False,,True
fee9d4a479e0af2f5af8878baa0a8a2abaa135de823df49919ba2654c6583c46,600210.SH,2024-11-11,1db5caf0ddf8603f09d0177c029e68312abd2b4b06617de9b52233a0da9763eb,4,92.28482867048950517240082462,TRUNCATED_SLICE_150_NONCANONICAL,QUALIFIED_BY_V3_PRICE_PATH,V3_OPERATIONAL_PRICE_PATH,False,REAL_RESEARCH_SNAPSHOT_V1/daily_status.is_st_sec,False,False,,True
3d9422ba6b6710343af85435f261bd844270df3f01aaccf0d696bd2bcef7a1d3,600221.SH,2024-11-05,034283655c48bf4822270cd921858e1a0b2dd9f752d8720e072aa2878014ee35,4,87.63087964177886222551012981,TRUNCATED_SLICE_150_NONCANONICAL,QUALIFIED_BY_V3_PRICE_PATH,V3_OPERATIONAL_PRICE_PATH,False,REAL_RESEARCH_SNAPSHOT_V1/daily_status.is_st_sec,False,False,,True
cb286f7069be714f1d06e7d8f311ae4ca00514b46b2e8895b4baf24f40a43edf,600232.SH,2025-06-11,2cd183627e1a816fdcb5086bceba867726943d8391eb6cd5be671e03f059d9df,4,89.51250416609964814363289273,TRUNCATED_SLICE_150_NONCANONICAL,QUALIFIED_BY_V3_PRICE_PATH,V3_OPERATIONAL_PRICE_PATH,False,REAL_RESEARCH_SNAPSHOT_V1/daily_status.is_st_sec,False,False,,True
2a3eb4e33d012da732e002b2d8cf50c97e1f17c34d5aa30b2ac0788386eb77c8,600246.SH,2024-10-30,a316abda97b01e6ebc207d291808223fe657011a55f2db49d24a09232b21fc57,4,89.29112979166864211896877951,TRUNCATED_SLICE_150_NONCANONICAL,QUALIFIED_BY_V3_PRICE_PATH,V3_OPERATIONAL_PRICE_PATH,False,REAL_RESEARCH_SNAPSHOT_V1/daily_status.is_st_sec,False,False,,True
de0ede8449545e6de50eaf6c9811f615b3ecda8828881fb40d759395bdfd09b3,600246.SH,2025-08-13,3ce7baccd96df4ab5977f12401fed46f8730d4adbd5ffaa3f697d67ba06ac054,4,86.92887412661979310082706769,TRUNCATED_SLICE_150_NONCANONICAL,QUALIFIED_BY_V3_PRICE_PATH,V3_OPERATIONAL_PRICE_PATH,False,REAL_RESEARCH_SNAPSHOT_V1/daily_status.is_st_sec,False,False,,True
9f7b9b5cf480f47ae6411e64f570b11db0e1600c3952757858751a8dcca91cfa,600249.SH,2025-04-16,d4b607cb56f71427747c9620de1094586654e1abedc3f3f84f9f422bce678dea,4,78.74108803607695277938095418,TRUNCATED_SLICE_150_NONCANONICAL,QUALIFIED_BY_V3_PRICE_PATH,V3_OPERATIONAL_PRICE_PATH,False,REAL_RESEARCH_SNAPSHOT_V1/daily_status.is_st_sec,False,False,,True
54ff3f3970c9d46c55b7e71c8cbc99b2c6dbedb9d37123f0afb8f4dfff67c204,600255.SH,2024-12-19,8b85b6ce971d971679b3e8e4f91e4a106c7568f24e4131bfc6711e2924632b65,4,84.05593857187571807762015804,TRUNCATED_SLICE_150_NONCANONICAL,QUALIFIED_BY_V3_PRICE_PATH,V3_OPERATIONAL_PRICE_PATH,False,REAL_RESEARCH_SNAPSHOT_V1/daily_status.is_st_sec,False,False,,True
b7a19ada74975329f19988230d69d9658cdc7ca10827b49c81cea393ffd8e96e,600266.SH,2026-01-07,18047bed8e33d365677ed380140a39de661590a050f6bb62a43fecf3047a3a6b,4,87.97984992324449702257647322,TRUNCATED_SLICE_150_NONCANONICAL,QUALIFIED_BY_V3_PRICE_PATH,V3_OPERATIONAL_PRICE_PATH,False,REAL_RESEARCH_SNAPSHOT_V1/daily_status.is_st_sec,False,False,,True
3f10d781ea50e96df5aa562c61c1cad6c3e4b9c6014462dc1996329d98728b3a,600272.SH,2024-12-16,e5e792d51049a3554624c513f4dcf99239a11c8aad3bd490e1e628f86a286b9a,4,85.36989040109996107453962985,TRUNCATED_SLICE_150_NONCANONICAL,QUALIFIED_BY_V3_PRICE_PATH,V3_OPERATIONAL_PRICE_PATH,False,REAL_RESEARCH_SNAPSHOT_V1/daily_status.is_st_sec,False,False,,True
f49c11c885565fd2f513bf404422e11a71acbe26f794a7b2b83f814c4d1a2c27,600272.SH,2026-08-11,3494198a9d54d6393a09b21fff61d3a0c7baf76a690ae6dbf840b8e78ec86f75,4,84.63189775800695579461431182,TRUNCATED_SLICE_150_NONCANONICAL,QUALIFIED_BY_V3_PRICE_PATH,V3_OPERATIONAL_PRICE_PATH,False,REAL_RESEARCH_SNAPSHOT_V1/daily_status.is_st_sec,False,False,,True
f044eea582b98f31edce775ac7ffbd4ba7f488db0538cac15c4b628d26328836,600280.SH,2024-08-07,67a0d761f03d70c500128ad52308dad60b83ecbb64c80161901774f003603aac,4,84.02921982079817706222213446,TRUNCATED_SLICE_150_NONCANONICAL,QUALIFIED_BY_V3_PRICE_PATH,V3_OPERATIONAL_PRICE_PATH,False,REAL_RESEARCH_SNAPSHOT_V1/daily_status.is_st_sec,False,False,,True
1739aad7c58ff9a11498cc5184faf5c3248286b2cd03a6a2df93a160f9a16acd,600281.SH,2025-06-17,6165a77775cc4a6aea119d95fcdba55bf6afcae6abe9a950a4cdf23f97618ed0,4,82.76417364802388449125438445,TRUNCATED_SLICE_150_NONCANONICAL,QUALIFIED_BY_V3_PRICE_PATH,V3_OPERATIONAL_PRICE_PATH,False,REAL_RESEARCH_SNAPSHOT_V1/daily_status.is_st_sec,False,False,,True
63775616bcf515df0979be2b19fe9192581f4c86e6080add3091d580bde6bd1a,600288.SH,2024-11-22,ec192c21e1319037c602524fc8e8f9e005025779262c07482a9a1917bdc1e43e,4,76.32783104424512649510737096,TRUNCATED_SLICE_150_NONCANONICAL,QUALIFIED_BY_V3_PRICE_PATH,V3_OPERATIONAL_PRICE_PATH,False,REAL_RESEARCH_SNAPSHOT_V1/daily_status.is_st_sec,False,False,,True
ce1609f83900f804d8fdd94e6d3b435fc4f2e16f30a50c91e4b232620797e148,600292.SH,2024-10-24,aff3147f3205c1577a3bd48a2dc1ef54bfb36474532f03ea4cf055b60cc5aed6,4,95.33823052356427454742004220,TRUNCATED_SLICE_150_NONCANONICAL,QUALIFIED_BY_V3_PRICE_PATH,V3_OPERATIONAL_PRICE_PATH,False,REAL_RESEARCH_SNAPSHOT_V1/daily_status.is_st_sec,False,False,,True
19e9652e9382373a4ee0d43e0a033e90b78224b703b9ec2cc896b6faae0fea84,600326.SH,2025-07-24,34418e0e53165d88209d567d1f1bc980cc08618b629fbd002caafffd8e5a6595,4,88.88529586730498207008179726,TRUNCATED_SLICE_150_NONCANONICAL,QUALIFIED_BY_V3_PRICE_PATH,V3_OPERATIONAL_PRICE_PATH,False,REAL_RESEARCH_SNAPSHOT_V1/daily_status.is_st_sec,False,False,,True
fc8f7252f987a38e62e0d43c1b7c71b5e74fbd828a1c7d2130b0f431b9b83a5c,600327.SH,2024-11-22,458fe6e0920ab2f2c349b038ee9e074bbd1468fc2858d1f4122842813d411734,4,83.68441568337014033606813305,TRUNCATED_SLICE_150_NONCANONICAL,QUALIFIED_BY_V3_PRICE_PATH,V3_OPERATIONAL_PRICE_PATH,False,REAL_RESEARCH_SNAPSHOT_V1/daily_status.is_st_sec,False,False,,True
93b932d92e04f1aa4186b9b5f65ee57219cb4ba032e1ba8865b25eb84034fa06,600337.SH,2026-01-08,5b80d6ea1fba13c789371466c22a37e0581e3c7579aebf6db48e23c5c3c954e4,4,82.38815523567886602020965226,TRUNCATED_SLICE_150_NONCANONICAL,QUALIFIED_BY_V3_PRICE_PATH,V3_OPERATIONAL_PRICE_PATH,False,REAL_RESEARCH_SNAPSHOT_V1/daily_status.is_st_sec,False,False,,True
5c81eb3c7116bbf155effb482f93b0198145d24304289a50b475612777889cbe,600340.SH,2024-10-08,e428d5b4e6041f255daa3681864c6ce614eae128c6fed8c84970e9355fd7f982,4,91.00257875885674406997816028,TRUNCATED_SLICE_150_NONCANONICAL,QUALIFIED_BY_V3_PRICE_PATH,V3_OPERATIONAL_PRICE_PATH,False,REAL_RESEARCH_SNAPSHOT_V1/daily_status.is_st_sec,False,False,,True
e0a1fc18c7ce08068ce3ac4134a65bd69d44594238f3332b55b1e3a967e7194e,600340.SH,2024-10-31,191eba121946b48a2e52c26ae53746602c9aa78f1a48190985aa1c92e2d1bcfc,4,84.20069810878044869920974362,TRUNCATED_SLICE_150_NONCANONICAL,QUALIFIED_BY_V3_PRICE_PATH,V3_OPERATIONAL_PRICE_PATH,False,REAL_RESEARCH_SNAPSHOT_V1/daily_status.is_st_sec,False,False,,True
6b13103eadaa25aad7658bbecfef801985d355c5b5a747255f625a8e7202aaf5,600340.SH,2025-11-18,8efc7f31249f370c1dea5ee43797dbd8fbd5e7a6e0be034b238f67b2427259ef,4,88.23919280066860348288836705,TRUNCATED_SLICE_150_NONCANONICAL,QUALIFIED_BY_V3_PRICE_PATH,V3_OPERATIONAL_PRICE_PATH,False,REAL_RESEARCH_SNAPSHOT_V1/daily_status.is_st_sec,False,False,,True
2506637574d0f70ffdee3de3622c95bc1f4b5d6023ca18ea1fd9b7f0429f50fb,600353.SH,2026-06-17,6273e7eaf3c8ebf2e6eecfe5648ef5f6f4e77858301499f4eca3b495cf7598e7,4,80.78498363765004964767329147,TRUNCATED_SLICE_150_NONCANONICAL,QUALIFIED_BY_V3_PRICE_PATH,V3_OPERATIONAL_PRICE_PATH,False,REAL_RESEARCH_SNAPSHOT_V1/daily_status.is_st_sec,False,False,,True
bffd393d98b92dea9d8ce3c700cb739dbbfb9124cfd8fe64e68c3f5d1331a357,600358.SH,2025-01-17,9fc3f7e02143c2cc55a31f564b2891ecac48cad69822305298ba7d7d83f222ed,4,70.93482733335493686703953892,TRUNCATED_SLICE_150_NONCANONICAL,QUALIFIED_BY_V3_PRICE_PATH,V3_OPERATIONAL_PRICE_PATH,False,REAL_RESEARCH_SNAPSHOT_V1/daily_status.is_st_sec,False,False,,True
a8034f849f683ce7e5d4440046b6da597096cad9000d03f74170ffcaa15a7c59,600363.SH,2024-11-04,f3738b39fd5357048ca02f26151aecf624d1f7b2e3cbfbb3c810dac21628aa9c,4,88.70295953278093361929903476,TRUNCATED_SLICE_150_NONCANONICAL,QUALIFIED_BY_V3_PRICE_PATH,V3_OPERATIONAL_PRICE_PATH,False,REAL_RESEARCH_SNAPSHOT_V1/daily_status.is_st_sec,False,False,,True
18cf9a05c8f55003ab2317bf4aa2a12b2619318ccd71f26300d3ab605c5f3cf0,600367.SH,2026-06-03,fd03b796b48bfd4e687a20fe6a224955eef9d5ca856627d4436765c538cc3435,4,85.76546675885830099475447877,TRUNCATED_SLICE_150_NONCANONICAL,QUALIFIED_BY_V3_PRICE_PATH,V3_OPERATIONAL_PRICE_PATH,False,REAL_RESEARCH_SNAPSHOT_V1/daily_status.is_st_sec,False,False,,True
df747ec36a4ea05019c78dc5e20b05725b69d08afb59b1efe04d386e15876d4e,600370.SH,2026-03-17,a57d444df5c544df1e25723125bcf59fd70404406ca7f77b0fd9f5ecb1f046bc,4,73.19259465772444353279032916,TRUNCATED_SLICE_150_NONCANONICAL,QUALIFIED_BY_V3_PRICE_PATH,V3_OPERATIONAL_PRICE_PATH,False,REAL_RESEARCH_SNAPSHOT_V1/daily_status.is_st_sec,False,False,,True
0833f5db814e18b92ba5ef881b0f68f9d856ac4a331e49d9c5e1e003824938fd,600371.SH,2026-08-28,d0ad460de0b6793b62740d9656f89b300e44df935d44863464a6f951738781e4,4,81.48146285948629485984538086,TRUNCATED_SLICE_150_NONCANONICAL,QUALIFIED_BY_V3_PRICE_PATH,V3_OPERATIONAL_PRICE_PATH,False,REAL_RESEARCH_SNAPSHOT_V1/daily_status.is_st_sec,False,False,,True
c5c81969908535539d3bf255a58a97b646ad4e88ece95cb623fc8f370b8a1d6e,600376.SH,2025-09-08,ac8e188f0860694be6fb45211c52eb82d17dadf26a7c0843154fd3a4d2f9ebab,4,84.26509369993318229581770533,TRUNCATED_SLICE_150_NONCANONICAL,QUALIFIED_BY_V3_PRICE_PATH,V3_OPERATIONAL_PRICE_PATH,False,REAL_RESEARCH_SNAPSHOT_V1/daily_status.is_st_sec,False,False,,True
db67b1ebe860a842b6d6d431ee20f01b8acc05262477e57260a429ecc3ace7b2,600376.SH,2025-09-17,9abf1067d92de30ed07959e719780874bdf6a1eba05e21a1b96122829661a0ef,4,96.20834884895228300226158492,TRUNCATED_SLICE_150_NONCANONICAL,QUALIFIED_BY_V3_PRICE_PATH,V3_OPERATIONAL_PRICE_PATH,False,REAL_RESEARCH_SNAPSHOT_V1/daily_status.is_st_sec,False,False,,True
644e78b8e74e11c771a9c0f154fa71d5336fcf3ef8e7d80bcdbd1f68a364517f,600379.SH,2026-05-06,166334cf355173d60a0a88ee4eab9d9169ae3728e53f18d1fd6fe8fa11693701,4,83.68852293430328561823874921,TRUNCATED_SLICE_150_NONCANONICAL,QUALIFIED_BY_V3_PRICE_PATH,V3_OPERATIONAL_PRICE_PATH,False,REAL_RESEARCH_SNAPSHOT_V1/daily_status.is_st_sec,False,False,,True
65aeb42443a3b672d69e8a8daa4e41a11f99e76837060d045ab34439a888afcc,600386.SH,2024-08-01,9d744864c924e93bc4a60f37c28f7f3f19002708c46beac39c02c7545bd5bbcd,4,81.84106764406294896093864706,TRUNCATED_SLICE_150_NONCANONICAL,QUALIFIED_BY_V3_PRICE_PATH,V3_OPERATIONAL_PRICE_PATH,False,REAL_RESEARCH_SNAPSHOT_V1/daily_status.is_st_sec,False,False,,True
13e989f7d32f12017b3cdbf1d41eda9f29043d604a3536273426a784f5166c2a,600390.SH,2024-09-27,a87d6737972a4c49ad4234a2ae6fb2308afc47dd306fc58e6e8defd74197feb3,4,92.95978446174482842316938837,TRUNCATED_SLICE_150_NONCANONICAL,QUALIFIED_BY_V3_PRICE_PATH,V3_OPERATIONAL_PRICE_PATH,False,REAL_RESEARCH_SNAPSHOT_V1/daily_status.is_st_sec,False,False,,True
dc91d2254484f9ee950eaa890ede0a9b8be409e6c65a494a6b8bc332ca5da60d,600396.SH,2026-03-19,56212086f6ec43adc370e27ad337b21918e3b4bce8525a3152dbb554f6df0eb5,4,89.04079317358587746054185989,TRUNCATED_SLICE_150_NONCANONICAL,QUALIFIED_BY_V3_PRICE_PATH,V3_OPERATIONAL_PRICE_PATH,False,REAL_RESEARCH_SNAPSHOT_V1/daily_status.is_st_sec,False,False,,True
f97238c559d2843096b0b6a1f10d22feee036641fb0da149277c3ae58b6b6283,600396.SH,2026-05-12,f53cb744bcdb83a92dfea64fd093a4b1da1a1b5c4a1f0f2c2ff9fad302874dd5,4,80.88328060753365977603684252,TRUNCATED_SLICE_150_NONCANONICAL,QUALIFIED_BY_V3_PRICE_PATH,V3_OPERATIONAL_PRICE_PATH,False,REAL_RESEARCH_SNAPSHOT_V1/daily_status.is_st_sec,False,False,,True
2829cc9ba06c3789085927705a0d6e71f517674665ea3279702770a0bb01ec1d,600397.SH,2024-12-31,e5dc95538a44fdb433b557847fcf4a3c0365167521acd53938e67d4c1c4969aa,4,84.82667109715517104723007162,TRUNCATED_SLICE_150_NONCANONICAL,QUALIFIED_BY_V3_PRICE_PATH,V3_OPERATIONAL_PRICE_PATH,False,REAL_RESEARCH_SNAPSHOT_V1/daily_status.is_st_sec,False,False,,True
91695b2cb4288e5ce13a202d8b16ab0e928d3731a134971fab7fa6706b7f26b1,600397.SH,2026-02-25,1d57883ddc6e8153ef813db06b5159c56a84f107375191b677bd0454dc231058,4,90.07606496014999035202068404,TRUNCATED_SLICE_150_NONCANONICAL,QUALIFIED_BY_V3_PRICE_PATH,V3_OPERATIONAL_PRICE_PATH,False,REAL_RESEARCH_SNAPSHOT_V1/daily_status.is_st_sec,False,False,,True
e66118007975d1f3ef8f49079424e85cb163d1492b68d0313a466b302a1b7acb,600397.SH,2026-06-22,3fa3a49565395fd39c568995cd60b2a532f6e46fe1aca16dd5ce08c323d6c6ff,4,85.19141982787914492342964357,TRUNCATED_SLICE_150_NONCANONICAL,QUALIFIED_BY_V3_PRICE_PATH,V3_OPERATIONAL_PRICE_PATH,False,REAL_RESEARCH_SNAPSHOT_V1/daily_status.is_st_sec,False,False,,True
a042e2f44013e86f74d79e0eb3e461ed36d848232f5ef9ab056219b87cfefffd,600400.SH,2025-09-24,06327255ff39da375895b3e8cbf5d630877bd448b67e8f4e7e5fc846b331752d,4,78.41093407192326610528267878,TRUNCATED_SLICE_150_NONCANONICAL,QUALIFIED_BY_V3_PRICE_PATH,V3_OPERATIONAL_PRICE_PATH,False,REAL_RESEARCH_SNAPSHOT_V1/daily_status.is_st_sec,False,False,,True
f33f5cbcb0caceb665e3695da0f95cf0bf353c985eb2f17e315205c0e2fd28f4,600403.SH,2025-03-19,e07589adafe480a63769f06f879ff668cc9fa8fc92aa909003ec7e4f66acfa4a,4,85.93862617527323688902789418,TRUNCATED_SLICE_150_NONCANONICAL,QUALIFIED_BY_V3_PRICE_PATH,V3_OPERATIONAL_PRICE_PATH,False,REAL_RESEARCH_SNAPSHOT_V1/daily_status.is_st_sec,False,False,,True
1b158ea838a1eb73102ff56a2932655e135ac9777a1fc475219c33e4fceb5a28,600403.SH,2025-10-16,9fac29bb0b3223bd174a8dbaf05c1fcc49934fa581e467830cd2754462f744ff,4,89.28301725861769137768073925,TRUNCATED_SLICE_150_NONCANONICAL,QUALIFIED_BY_V3_PRICE_PATH,V3_OPERATIONAL_PRICE_PATH,False,REAL_RESEARCH_SNAPSHOT_V1/daily_status.is_st_sec,False,False,,True
a798d2689dd5344f81d80b851a185d6858f73795353e88d98f568e3ef96f7605,600403.SH,2026-06-04,77985139ff6fd8c4510941ff7b03d2206ef5353aaf6e743cafd1d7147acbc911,4,80.13176260278727895100322268,TRUNCATED_SLICE_150_NONCANONICAL,QUALIFIED_BY_V3_PRICE_PATH,V3_OPERATIONAL_PRICE_PATH,False,REAL_RESEARCH_SNAPSHOT_V1/daily_status.is_st_sec,False,False,,True
fc2dd12005e90da21bbf13511b475cd2df512a48d97363359fb6281c12d04c5c,600408.SH,2025-11-14,c4f43e52ac387d94f45d11e29fb56977c11a6bee0846451d29465e8237f3d31c,4,84.88629756754759970890663824,TRUNCATED_SLICE_150_NONCANONICAL,QUALIFIED_BY_V3_PRICE_PATH,V3_OPERATIONAL_PRICE_PATH,False,REAL_RESEARCH_SNAPSHOT_V1/daily_status.is_st_sec,False,False,,True
a181cfaa77481b7fc9443a764e62d9cd3166fc7c501efe8dfc2dff8db48f0f8e,600410.SH,2024-11-26,4311f4f4b7d30cde098aa65880edcbfa268ff813351c87568f7b63f5f858a283,4,80.91844385747213419355862109,TRUNCATED_SLICE_150_NONCANONICAL,QUALIFIED_BY_V3_PRICE_PATH,V3_OPERATIONAL_PRICE_PATH,False,REAL_RESEARCH_SNAPSHOT_V1/daily_status.is_st_sec,False,False,,True
9f33cb7a700bfe624554375ed6342c2e99d3620b0070133da0b134e4b449eda2,600423.SH,2025-01-17,97e404b61cc69e6e3ef397a576a3e299e96e0668f544f319f0738b3384c774c0,4,80.03213137676433068416672194,TRUNCATED_SLICE_150_NONCANONICAL,QUALIFIED_BY_V3_PRICE_PATH,V3_OPERATIONAL_PRICE_PATH,False,REAL_RESEARCH_SNAPSHOT_V1/daily_status.is_st_sec,False,False,,True
9b37ca23c2b6544fed64265704b2cce44b7b0b11b9c632045bf42593d6e34d94,600429.SH,2025-11-13,e8f04ae1c4acd96d4b31f2159ff9eeab18b263dc8481e3e031a6b0441be14f8a,4,93.14801159691524968145158137,TRUNCATED_SLICE_150_NONCANONICAL,QUALIFIED_BY_V3_PRICE_PATH,V3_OPERATIONAL_PRICE_PATH,False,REAL_RESEARCH_SNAPSHOT_V1/daily_status.is_st_sec,False,False,,True
51ee7475bf2d8f67bee320f3cffb7df7693bca55793993797e13f0f4b31f6150,600439.SH,2024-10-29,443d2e62141becece1d64ce456a796202b9e5d19e6ee816c5a5aa97bd86c3297,4,86.77963293325966157758416292,TRUNCATED_SLICE_150_NONCANONICAL,QUALIFIED_BY_V3_PRICE_PATH,V3_OPERATIONAL_PRICE_PATH,False,REAL_RESEARCH_SNAPSHOT_V1/daily_status.is_st_sec,False,False,,True
7038301ed03ffe6ba7a3c8f4210844930d9a2cfb101bef42ff81f7830c5c61eb,600448.SH,2025-05-09,ee35e7414b5732f19b973b8b62fc9a86d6bba5c442c879be5c5428a88cf427ea,4,82.17311033224935436361821725,TRUNCATED_SLICE_150_NONCANONICAL,QUALIFIED_BY_V3_PRICE_PATH,V3_OPERATIONAL_PRICE_PATH,False,REAL_RESEARCH_SNAPSHOT_V1/daily_status.is_st_sec,False,False,,True
4ed7e106dda3c79388ecdc0b82f14cd67162f5adf1c4597100afd070b6f2263c,600470.SH,2024-11-22,9b2794ffad45d536774679f78728e4dab412834846db168e3f9bbf0ebde3f51a,4,84.35510411258024012847887944,TRUNCATED_SLICE_150_NONCANONICAL,QUALIFIED_BY_V3_PRICE_PATH,V3_OPERATIONAL_PRICE_PATH,False,REAL_RESEARCH_SNAPSHOT_V1/daily_status.is_st_sec,False,False,,True
5aff389d5c79a119051729f3a61e521964fe11628ec8284e2c6d20471dd4de30,600475.SH,2025-07-08,7787754708f7688a8fdf3fedbf1137220530c90e5a24173efad527241727e29f,4,87.42188607675082727132714338,TRUNCATED_SLICE_150_NONCANONICAL,QUALIFIED_BY_V3_PRICE_PATH,V3_OPERATIONAL_PRICE_PATH,False,REAL_RESEARCH_SNAPSHOT_V1/daily_status.is_st_sec,False,False,,True
96971e2772dabb9b8ba1f8b6d8bb921d8941c6a8c37375e2844d98cc13e3854e,600475.SH,2025-08-08,dd4134c1dc8b36a83001b18fb2a7b8b533d6167ccc3f19a9016baeea28df5890,4,83.14170495169790952074013025,TRUNCATED_SLICE_150_NONCANONICAL,QUALIFIED_BY_V3_PRICE_PATH,V3_OPERATIONAL_PRICE_PATH,False,REAL_RESEARCH_SNAPSHOT_V1/daily_status.is_st_sec,False,False,,True
22653b7aa3ee95129d4cb46be97698992c43b7d2463504a78246305cfde97cd6,600477.SH,2026-01-13,965051459f10c289a8fa280ab809c52daf4ad5cfb12a5734b364143a48be7cda,4,86.95340230381973841224370743,TRUNCATED_SLICE_150_NONCANONICAL,QUALIFIED_BY_V3_PRICE_PATH,V3_OPERATIONAL_PRICE_PATH,False,REAL_RESEARCH_SNAPSHOT_V1/daily_status.is_st_sec,False,False,,True
0eac3d5659867cbc2a82b11837602a05ff6c7806d1a0fd5ec23a7787968d6ee1,600479.SH,2026-09-01,e4e2549c5c4483649dfed4b557da694f9df39de9900bf09742dc41b36863cdd5,4,74.60625769973514377493769271,TRUNCATED_SLICE_150_NONCANONICAL,QUALIFIED_BY_V3_PRICE_PATH,V3_OPERATIONAL_PRICE_PATH,False,REAL_RESEARCH_SNAPSHOT_V1/daily_status.is_st_sec,False,False,,True
39c12a4061786fd43851fd3359ee406e1e443f02b57abd41ef3ed62197b638cb,600481.SH,2024-10-30,4fa7b2bfbbe9f649a0cd2758e92d8000fd3d4170aedd8c2af5cc20efb5f51d2b,4,80.67930064370599998697055912,TRUNCATED_SLICE_150_NONCANONICAL,QUALIFIED_BY_V3_PRICE_PATH,V3_OPERATIONAL_PRICE_PATH,False,REAL_RESEARCH_SNAPSHOT_V1/daily_status.is_st_sec,False,False,,True
0a68ecdf23fbba27958ebc0c94f0d6b841fb1905599395fe9a0ba5d25e3904c4,600488.SH,2026-04-01,7a2d54cff07e48ef19654e3e4e9d3be97329015927408427fb87eb5c01809a8c,4,82.08751132230486562063345536,TRUNCATED_SLICE_150_NONCANONICAL,QUALIFIED_BY_V3_PRICE_PATH,V3_OPERATIONAL_PRICE_PATH,False,REAL_RESEARCH_SNAPSHOT_V1/daily_status.is_st_sec,False,False,,True
0dc7f9858186c528bfd2734413ed264e635195a2467caadfaad10372ad4cabf8,600500.SH,2026-06-12,908d8d27854d35d109c24e280b7cb605fa1086e80586f9dd63ce2760b573a54c,4,74.24397739798224925027163980,TRUNCATED_SLICE_150_NONCANONICAL,QUALIFIED_BY_V3_PRICE_PATH,V3_OPERATIONAL_PRICE_PATH,False,REAL_RESEARCH_SNAPSHOT_V1/daily_status.is_st_sec,False,False,,True
0f57c3f6ac1beb6d4dbebb4ac09bf10c774edfca602d6a06e151ded19733f39f,600501.SH,2024-07-31,42f8819d6a8122658ff3b8fbb0cc1918edb32b06b78b901493c131e2eb1cd3d3,4,79.88013736079674709410808575,TRUNCATED_SLICE_150_NONCANONICAL,QUALIFIED_BY_V3_PRICE_PATH,V3_OPERATIONAL_PRICE_PATH,False,REAL_RESEARCH_SNAPSHOT_V1/daily_status.is_st_sec,False,False,,True
efac2c69f63b89300756cbb849dd51f58df21d3dd7dfeac7b96b6248e33f47d0,600503.SH,2024-12-10,258d945828c311750e8e45cebad77282a888ef43bf875d2128f3e39d90250a61,4,75.00582476795823738795133822,TRUNCATED_SLICE_150_NONCANONICAL,QUALIFIED_BY_V3_PRICE_PATH,V3_OPERATIONAL_PRICE_PATH,False,REAL_RESEARCH_SNAPSHOT_V1/daily_status.is_st_sec,False,False,,True
1c64f7837ed2cfe55ec3e74e2ac503aefddae27b9958920c3e38b437596f662b,600513.SH,2025-07-11,7ce8d2b6adea52cea0e8a902c0da3e2e522f02e2f39490546f35ffe971a0d024,4,83.43172663044474637578121386,TRUNCATED_SLICE_150_NONCANONICAL,QUALIFIED_BY_V3_PRICE_PATH,V3_OPERATIONAL_PRICE_PATH,False,REAL_RESEARCH_SNAPSHOT_V1/daily_status.is_st_sec,False,False,,True
318d56faabb8617fcb6fe5e2c9a749c6269df9e9fe07b86d7e41a5ea5969b2b2,600520.SH,2024-10-18,811813d5fe07cf31ccc0e4b6b69c2ab0f4a75e20270ded7a014253ac3bb3c813,4,90.49469671666996341042951572,TRUNCATED_SLICE_150_NONCANONICAL,QUALIFIED_BY_V3_PRICE_PATH,V3_OPERATIONAL_PRICE_PATH,False,REAL_RESEARCH_SNAPSHOT_V1/daily_status.is_st_sec,False,False,,True
8bf3d9b556839e6d70d100a9760bb28bcdffcb5f15453873ab44b77c5fbf9538,600527.SH,2024-12-11,73ed8d0a773cf62199e0925525f922676cff2196d7b9250a117e811e5af9a058,4,81.37982338196541526873895690,TRUNCATED_SLICE_150_NONCANONICAL,QUALIFIED_BY_V3_PRICE_PATH,V3_OPERATIONAL_PRICE_PATH,False,REAL_RESEARCH_SNAPSHOT_V1/daily_status.is_st_sec,False,False,,True
16b55a18efc34607561b4242fe8fe46d869c40e70b2580b7eb07620c396e4238,600528.SH,2025-07-24,7eed35f9b2a714be8f1b86df8f3f65d44741ad6e91688f819293bb894a9e411f,4,95.14300471056384656271584698,TRUNCATED_SLICE_150_NONCANONICAL,QUALIFIED_BY_V3_PRICE_PATH,V3_OPERATIONAL_PRICE_PATH,False,REAL_RESEARCH_SNAPSHOT_V1/daily_status.is_st_sec,False,False,,True
e4ff688bf7671edc9f3040ca8cccc85412caf17b32f9c5f7db6c70e50caa2693,600530.SH,2025-01-03,0b5ca63c41f5f41135d7aa8fc4d58c2cffba7b81b47acb20939d997f7f92b2a2,4,82.06519965209927595701775821,TRUNCATED_SLICE_150_NONCANONICAL,QUALIFIED_BY_V3_PRICE_PATH,V3_OPERATIONAL_PRICE_PATH,False,REAL_RESEARCH_SNAPSHOT_V1/daily_status.is_st_sec,False,False,,True
4b04d4a3642f92bf13783b4217fd84f75d69c69718ec9fbce5acc383aa9cf6c3,600530.SH,2025-05-15,894585938613614e801f9e2a66f0d0482be74c2ed9584682974243bb19a559e6,4,88.90332557722985048713320771,TRUNCATED_SLICE_150_NONCANONICAL,QUALIFIED_BY_V3_PRICE_PATH,V3_OPERATIONAL_PRICE_PATH,False,REAL_RESEARCH_SNAPSHOT_V1/daily_status.is_st_sec,False,False,,True
5f7a6f52a6be9bb64cf35920787f5ede5b1bb856cd2ac46d74c463c3803f9add,600530.SH,2026-05-13,ff31d8d0d894652cc3389f07751047788efc7f44f2ec9232327f0fcbcd46eded,4,87.73915715305494433635827752,TRUNCATED_SLICE_150_NONCANONICAL,QUALIFIED_BY_V3_PRICE_PATH,V3_OPERATIONAL_PRICE_PATH,False,REAL_RESEARCH_SNAPSHOT_V1/daily_status.is_st_sec,False,False,,True
837f328f8ec823312ead7aec9b691ccb4ed82e30f9328f40adeb9493af32361d,600531.SH,2026-01-28,942193f7ae77bd48de4be802546de68fd06f1acd0fd876682b68a1e621e8b0e0,4,92.75390451740179014583112795,TRUNCATED_SLICE_150_NONCANONICAL,QUALIFIED_BY_V3_PRICE_PATH,V3_OPERATIONAL_PRICE_PATH,False,REAL_RESEARCH_SNAPSHOT_V1/daily_status.is_st_sec,False,False,,True
c8df785e1a8cb889ed361f60cebcd29cc7e4f7729d31ddda362bc22c46f379d6,600539.SH,2025-01-17,7c7552ec8a04f1645e497f51b2bdef2561e322da6c8450c9c69e55bb39b410d8,4,75.28964587007005361598667912,TRUNCATED_SLICE_150_NONCANONICAL,QUALIFIED_BY_V3_PRICE_PATH,V3_OPERATIONAL_PRICE_PATH,False,REAL_RESEARCH_SNAPSHOT_V1/daily_status.is_st_sec,False,False,,True
907903b50c44c39e82e0a1fa1fb06c0fc7bb6c5df330ab466c1b2b6c5f64de47,600539.SH,2025-03-13,f0a34e12094d3c8d931088ab5a34d1d04562aac3d25a42434079598f546b812d,4,88.22260745141462133087005890,TRUNCATED_SLICE_150_NONCANONICAL,QUALIFIED_BY_V3_PRICE_PATH,V3_OPERATIONAL_PRICE_PATH,False,REAL_RESEARCH_SNAPSHOT_V1/daily_status.is_st_sec,False,False,,True
10e1f536ea469c4f5d19a2b66f0b3d90807df6af19c88c65c0b4e7f63d079954,600539.SH,2026-03-30,e406756fb0ebc1ea88801ea2c98fdef29baf8b78ec832669b1f4ff6ba9012af4,4,74.73191769355588299258789071,TRUNCATED_SLICE_150_NONCANONICAL,QUALIFIED_BY_V3_PRICE_PATH,V3_OPERATIONAL_PRICE_PATH,False,REAL_RESEARCH_SNAPSHOT_V1/daily_status.is_st_sec,False,False,,True
a6a3869e6b4a62c06d483ff16ee5c58f349bbcea9135683329fb8e3287f7a33b,600540.SH,2025-04-09,4a4400fd73dfa6329d803351fc1721c34d3a5a063b87e955f6fb04865b1fa2f3,4,83.12279734816700145426465489,TRUNCATED_SLICE_150_NONCANONICAL,QUALIFIED_BY_V3_PRICE_PATH,V3_OPERATIONAL_PRICE_PATH,False,REAL_RESEARCH_SNAPSHOT_V1/daily_status.is_st_sec,False,False,,True
c66178b92baae862410dd0b692295c76790389752055222241c09c63b93d2655,600540.SH,2026-09-01,e70bd9b7eca1818b397e05f5c1b787526570953475a20d70c96d5251d4004d7c,4,84.11762567411898986308334457,TRUNCATED_SLICE_150_NONCANONICAL,QUALIFIED_BY_V3_PRICE_PATH,V3_OPERATIONAL_PRICE_PATH,False,REAL_RESEARCH_SNAPSHOT_V1/daily_status.is_st_sec,False,False,,True
e741ec1f5f7b6ae00c2dd0783a1a9c375fd443222f15f65425a4b4704ac846fd,600545.SH,2024-12-11,bde2d91ca41b630a7bf819c188549f0bce301c1405c88d4f7c5729d6f10e66f9,4,89.99945020881927967153339439,TRUNCATED_SLICE_150_NONCANONICAL,QUALIFIED_BY_V3_PRICE_PATH,V3_OPERATIONAL_PRICE_PATH,False,REAL_RESEARCH_SNAPSHOT_V1/daily_status.is_st_sec,False,False,,True
5ebf90dfb6f6f5c61010046a83d1f7212b2e66d377c175658f12e1e8b29a689d,600550.SH,2024-09-13,78f3c1dcd470ff63d839e54f1d1594887cb156aa961486a30494db98ff914e70,4,86.18593515256731667843221139,TRUNCATED_SLICE_150_NONCANONICAL,QUALIFIED_BY_V3_PRICE_PATH,V3_OPERATIONAL_PRICE_PATH,False,REAL_RESEARCH_SNAPSHOT_V1/daily_status.is_st_sec,False,False,,True
216325f52a4ba18fea06ff5e54b9c24ba768e9f427e9480775305ebc0b7eaa45,600570.SH,2024-10-09,4c3b5b67806dc2621abc309f3be1f1575ea57e7c4b49e5f459f0e6e2c41fb917,4,91.69605609265656607301427419,TRUNCATED_SLICE_150_NONCANONICAL,QUALIFIED_BY_V3_PRICE_PATH,V3_OPERATIONAL_PRICE_PATH,False,REAL_RESEARCH_SNAPSHOT_V1/daily_status.is_st_sec,False,False,,True
c97db4c761819a8cdac1ff629524a802b6ec827474aff824393946090e55237b,600578.SH,2026-05-18,ac66740d751ee8a714e03494400a80ede279a5bc9f5de5b9abbe8f969c836c6b,4,85.08220858102293353607143921,TRUNCATED_SLICE_150_NONCANONICAL,QUALIFIED_BY_V3_PRICE_PATH,V3_OPERATIONAL_PRICE_PATH,False,REAL_RESEARCH_SNAPSHOT_V1/daily_status.is_st_sec,False,False,,True
334e062a99ef3e57b72a4e88205826a0fd933c796f24884a03ed27644e45af8f,600579.SH,2024-12-20,c42e891f6203b7740056ee7daa1e241b58d861ffa0b40bac970f02bf03d70673,4,84.44051865468954911863729836,TRUNCATED_SLICE_150_NONCANONICAL,QUALIFIED_BY_V3_PRICE_PATH,V3_OPERATIONAL_PRICE_PATH,False,REAL_RESEARCH_SNAPSHOT_V1/daily_status.is_st_sec,False,False,,True
a61e9189b9520a48104afc48ae5b9aa137fd8b4ec1f0a3775332d17990c00ac8,600589.SH,2024-09-24,3095e62ed0dc3f0d908b17764786d376823236e0a8ab0d7d5e4d4da4781766e3,4,73.83226528655361259031573253,TRUNCATED_SLICE_150_NONCANONICAL,QUALIFIED_BY_V3_PRICE_PATH,V3_OPERATIONAL_PRICE_PATH,False,REAL_RESEARCH_SNAPSHOT_V1/daily_status.is_st_sec,False,False,,True
67b6c53e232159c1bd6d7d96731246751ae6bd2bbba076df2e5b012b98fa9194,600589.SH,2025-02-26,a1d459bcf06e27260a7a3afcf277e53dc18de984ef7f297d4953d5ce8ff30bdc,4,80.12337418410649615045307188,TRUNCATED_SLICE_150_NONCANONICAL,QUALIFIED_BY_V3_PRICE_PATH,V3_OPERATIONAL_PRICE_PATH,False,REAL_RESEARCH_SNAPSHOT_V1/daily_status.is_st_sec,False,False,,True
04f64566299c4cc9bd70d2fbe4da63cd2e6808422d1c1ac43513fc1bfdb4998a,600589.SH,2025-03-11,211153d5514d8843202499022e6a78cf4cb70ea283f22d129bf036a677dd423b,4,75.17611931964650538982002948,TRUNCATED_SLICE_150_NONCANONICAL,QUALIFIED_BY_V3_PRICE_PATH,V3_OPERATIONAL_PRICE_PATH,False,REAL_RESEARCH_SNAPSHOT_V1/daily_status.is_st_sec,False,False,,True
70e436d4aba2fdfadce420aecc31ba099e642265680dd7f39206a844694a827f,600589.SH,2026-02-12,4518c3f095bf6698d46e970bb69ee2dc6f4bf04ddb3fca5256d1041abd8d0fcd,4,75.52029930586921174397150671,TRUNCATED_SLICE_150_NONCANONICAL,QUALIFIED_BY_V3_PRICE_PATH,V3_OPERATIONAL_PRICE_PATH,False,REAL_RESEARCH_SNAPSHOT_V1/daily_status.is_st_sec,False,False,,True
881faa17010f64fe702adf63599484595983711ce417cc4559d54d658351b990,600590.SH,2025-02-21,a87bef4501682b83e448e68ef1662ed328a81213f516f5b734a86d273d1dc040,4,86.23926632949842221797185010,TRUNCATED_SLICE_150_NONCANONICAL,QUALIFIED_BY_V3_PRICE_PATH,V3_OPERATIONAL_PRICE_PATH,False,REAL_RESEARCH_SNAPSHOT_V1/daily_status.is_st_sec,False,False,,True
e4bd381e8843435ec1fbcd2dc2b91bf94597da0605c9a2dd676247dec548cb26,600606.SH,2024-10-08,68b780b2a57237e9f836356f53cfefa4e72ed6729c60ebd121ab3ad7d69bcce8,4,91.73995900640918853718546638,TRUNCATED_SLICE_150_NONCANONICAL,QUALIFIED_BY_V3_PRICE_PATH,V3_OPERATIONAL_PRICE_PATH,False,REAL_RESEARCH_SNAPSHOT_V1/daily_status.is_st_sec,False,False,,True
0301f6594e3ac693bc33e53643379ea512a3b03a4bdd71a2db2da40db80194b2,600610.SH,2025-03-27,9070659c7019dc05661696c52ca964a90eb530f0b6f04781eca2963e105633d5,4,96.63515211084703643293228985,TRUNCATED_SLICE_150_NONCANONICAL,QUALIFIED_BY_V3_PRICE_PATH,V3_OPERATIONAL_PRICE_PATH,False,REAL_RESEARCH_SNAPSHOT_V1/daily_status.is_st_sec,False,False,,True
b6b12382c034f073cd9f202496c6a74c980a8d15652accced8fe262e55fca4e3,600610.SH,2025-05-19,0cc8eb6c99f35199e1b1c9857be611aef0ede62657d4c931cd4fe248366b7102,4,71.01994058874375357810895175,TRUNCATED_SLICE_150_NONCANONICAL,QUALIFIED_BY_V3_PRICE_PATH,V3_OPERATIONAL_PRICE_PATH,False,REAL_RESEARCH_SNAPSHOT_V1/daily_status.is_st_sec,False,False,,True
5be6a5c3946d32471ad9a1772c2c8acae70dd190ab4e29ef4616d24c5740087f,600613.SH,2026-08-18,7f523f8928d4cc2b667efe387d5959dd3dac47220067561949713c23fe015d14,4,90.20603133612753140459319055,TRUNCATED_SLICE_150_NONCANONICAL,QUALIFIED_BY_V3_PRICE_PATH,V3_OPERATIONAL_PRICE_PATH,False,REAL_RESEARCH_SNAPSHOT_V1/daily_status.is_st_sec,False,False,,True
44c659e311bcac99c999b335b966ba5b7db8391ebd9fefd3da98a04d32648fad,600617.SH,2025-10-20,28f881887ae5b7eba5108e8f8988368d7fc9ffd054b61feb7a5dfaaad1dffe90,4,86.26387805345938101985346718,TRUNCATED_SLICE_150_NONCANONICAL,QUALIFIED_BY_V3_PRICE_PATH,V3_OPERATIONAL_PRICE_PATH,False,REAL_RESEARCH_SNAPSHOT_V1/daily_status.is_st_sec,False,False,,True
86d7a15afc7d98e426a58d6086b0500ca7630993085ae61a89e831db6e55306b,600619.SH,2024-09-23,9be63a640360e660adc6817482a398384822b58f21b03a3328dc3494618e2cf2,4,88.69523263772831218755003535,TRUNCATED_SLICE_150_NONCANONICAL,QUALIFIED_BY_V3_PRICE_PATH,V3_OPERATIONAL_PRICE_PATH,False,REAL_RESEARCH_SNAPSHOT_V1/daily_status.is_st_sec,False,False,,True
1051811ffa39a817535d2f20c7b8955a3b3ceb627dbdfb3a92cdde61330ddde3,600619.SH,2024-11-07,b16fd96f2e10baf184405129144563fc9126fbb6f38a254092fb99ba45947cdc,4,84.77941131247525767784090895,TRUNCATED_SLICE_150_NONCANONICAL,QUALIFIED_BY_V3_PRICE_PATH,V3_OPERATIONAL_PRICE_PATH,False,REAL_RESEARCH_SNAPSHOT_V1/daily_status.is_st_sec,False,False,,True
8a173bd78c3a7365ccf6303c894fdcfa5fe883bcdd90b76b2c864be58fbc16a0,600619.SH,2025-08-12,edd24bb71c0497957d41279382e4ce98489936685d3891545140ced46e26a81e,4,82.96833907966944691579477848,TRUNCATED_SLICE_150_NONCANONICAL,QUALIFIED_BY_V3_PRICE_PATH,V3_OPERATIONAL_PRICE_PATH,False,REAL_RESEARCH_SNAPSHOT_V1/daily_status.is_st_sec,False,False,,True
461c32bc47b3e7a1de93c50866dca060b009afa27c8c7a4c07055f92c20a4f95,600622.SH,2024-10-16,1d6f63d635003c56575336ddfeee618b04e39adb27adacc2ff64d7df944e18b2,4,82.19610112468263050060104879,TRUNCATED_SLICE_150_NONCANONICAL,QUALIFIED_BY_V3_PRICE_PATH,V3_OPERATIONAL_PRICE_PATH,False,REAL_RESEARCH_SNAPSHOT_V1/daily_status.is_st_sec,False,False,,True
16bf1a3c6a3cd5bc6bba40fb74bb6b8cba446546a9e295840d7fb46fde4be4b5,600624.SH,2024-10-29,336ff5db33d08a1681e57ff017e3c8d16c0ec51bb6ba129e4cb35d28a6b77058,4,83.93253747168056381192639294,TRUNCATED_SLICE_150_NONCANONICAL,QUALIFIED_BY_V3_PRICE_PATH,V3_OPERATIONAL_PRICE_PATH,False,REAL_RESEARCH_SNAPSHOT_V1/daily_status.is_st_sec,False,False,,True
9179dd80d1360f7790f46ab34d703d73610ec298b8bd6f77d51309307d37ad5e,600628.SH,2024-11-28,38573b77a8407e5882e044809070a195482f43fdfd5ec8cc7c6bb30901b2d966,4,87.82985299446841562955540714,TRUNCATED_SLICE_150_NONCANONICAL,QUALIFIED_BY_V3_PRICE_PATH,V3_OPERATIONAL_PRICE_PATH,False,REAL_RESEARCH_SNAPSHOT_V1/daily_status.is_st_sec,False,False,,True
8100c281c562b598e3b19d53e4f8b499c1df263e3e3a6be9413f54f2c6bcf65a,600629.SH,2024-11-05,d1f409c4458fd8ac1c49a6548013b001d174c04c773856f2640e71919446b288,4,81.37718578341205363196185536,TRUNCATED_SLICE_150_NONCANONICAL,QUALIFIED_BY_V3_PRICE_PATH,V3_OPERATIONAL_PRICE_PATH,False,REAL_RESEARCH_SNAPSHOT_V1/daily_status.is_st_sec,False,False,,True
25507accea83ecea3e9b15a80ec01d0b3cef7f756c019494f18628e0c366ec5b,600629.SH,2025-09-16,a201b5fe7b65e418546893c5fba14e0a846b1ea68ec014b471fc5f1579a271ca,4,74.20923009836389529997728517,TRUNCATED_SLICE_150_NONCANONICAL,QUALIFIED_BY_V3_PRICE_PATH,V3_OPERATIONAL_PRICE_PATH,False,REAL_RESEARCH_SNAPSHOT_V1/daily_status.is_st_sec,False,False,,True
d8177e9ee233d5d79507dfb92fcd050b6f6962c0a3616b820c3bc3d078113d7d,600629.SH,2025-09-30,6b9c4dd50a3221d4f407ca31c0390806f80a87a03f12027361ec733e74170ec4,4,87.87133218940795137425789119,TRUNCATED_SLICE_150_NONCANONICAL,QUALIFIED_BY_V3_PRICE_PATH,V3_OPERATIONAL_PRICE_PATH,False,REAL_RESEARCH_SNAPSHOT_V1/daily_status.is_st_sec,False,False,,True
55918af3c330d79ded449f112988963e8528c22322e4a134393de3429461eac1,600633.SH,2025-02-10,277aa9b058df274b2e6fceb829a41ea302984a760f8807557e332cbb9e068bc2,4,85.66817230246612502517489071,TRUNCATED_SLICE_150_NONCANONICAL,QUALIFIED_BY_V3_PRICE_PATH,V3_OPERATIONAL_PRICE_PATH,False,REAL_RESEARCH_SNAPSHOT_V1/daily_status.is_st_sec,False,False,,True
83ac713585d6b16c4cb6d3e067df05fc907cbcaec071baee4860779f30da505c,600635.SH,2024-07-30,6f8f5bfae1422780029c3a316ce40e92354dd1fdac6b3a7d1547f73c13f17dd1,4,91.25795492479141349696320794,TRUNCATED_SLICE_150_NONCANONICAL,QUALIFIED_BY_V3_PRICE_PATH,V3_OPERATIONAL_PRICE_PATH,False,REAL_RESEARCH_SNAPSHOT_V1/daily_status.is_st_sec,False,False,,True
b65bb532fae16815e4778be6b98d7ba28288da65fdce00f277a65125c96d1118,600635.SH,2024-10-30,8c70571701245b4d586fcee168b8ba6a6afdb425e190ea793f254ac4789901e7,4,83.09517516217516285817643029,TRUNCATED_SLICE_150_NONCANONICAL,QUALIFIED_BY_V3_PRICE_PATH,V3_OPERATIONAL_PRICE_PATH,False,REAL_RESEARCH_SNAPSHOT_V1/daily_status.is_st_sec,False,False,,True
8a8e52db04598dab67c234edfab3df61b51da5ae2d0f8796cd261dbb0c425b1c,600637.SH,2026-01-12,a23c4780494c15b1f45148edd9629a01e7855d32e6861377619f80b3754fd031,4,87.00722275823700872294870468,TRUNCATED_SLICE_150_NONCANONICAL,QUALIFIED_BY_V3_PRICE_PATH,V3_OPERATIONAL_PRICE_PATH,False,REAL_RESEARCH_SNAPSHOT_V1/daily_status.is_st_sec,False,False,,True
2bc7eb6ba40a748085c41e132ece780f1091efaee312d248aca59f74ddaaab62,600643.SH,2024-09-30,16ba8203a0ce69e86b03770ac2e08dd4159b9bfc3a456a6cb78f33a1353fc266,4,92.54144009751567194124001429,TRUNCATED_SLICE_150_NONCANONICAL,QUALIFIED_BY_V3_PRICE_PATH,V3_OPERATIONAL_PRICE_PATH,False,REAL_RESEARCH_SNAPSHOT_V1/daily_status.is_st_sec,False,False,,True
613ae8a760b9f6750235e0dd9405203b540789eb47514ab635cad5102bdcec59,600643.SH,2025-07-01,f1a798ca6f46d77e70bc3cd16b242957103b29ffdeac7c460047b8762525de6c,4,87.58197096208329383620590299,TRUNCATED_SLICE_150_NONCANONICAL,QUALIFIED_BY_V3_PRICE_PATH,V3_OPERATIONAL_PRICE_PATH,False,REAL_RESEARCH_SNAPSHOT_V1/daily_status.is_st_sec,False,False,,True
595bea19ecb90e8f5996f8ff15dca0c9d37cb707ef2641e036945e8d1d7ae490,600644.SH,2025-04-17,c05831bbb58556eddf600c8aa398bbf9f0905653012657fd63565161d271d971,4,82.18304315192089324798640707,TRUNCATED_SLICE_150_NONCANONICAL,QUALIFIED_BY_V3_PRICE_PATH,V3_OPERATIONAL_PRICE_PATH,False,REAL_RESEARCH_SNAPSHOT_V1/daily_status.is_st_sec,False,False,,True
1d063dbf5d11facdec0bc13ddd721ed9e7798527b695c8e1d0f007875b3f0a07,600650.SH,2024-07-12,f2befb70b9f890ca70ede0a2a7af672f7a1749d8da2ec830e5d4b2eb1303a97f,4,83.85934844750710724269062454,TRUNCATED_SLICE_150_NONCANONICAL,QUALIFIED_BY_V3_PRICE_PATH,V3_OPERATIONAL_PRICE_PATH,False,REAL_RESEARCH_SNAPSHOT_V1/daily_status.is_st_sec,False,False,,True
8341da57d3a5df7b36c9f0bbe42739c5a00d7f78bc1d22ef60f5c80199daffab,600650.SH,2024-11-21,e480935a0324ac18ec3eaa54b1a811a0e2875893fc36432cfd53cc2aea53c7ef,4,74.05489957355074239303097453,TRUNCATED_SLICE_150_NONCANONICAL,QUALIFIED_BY_V3_PRICE_PATH,V3_OPERATIONAL_PRICE_PATH,False,REAL_RESEARCH_SNAPSHOT_V1/daily_status.is_st_sec,False,False,,True
536ae23dec0ea05766a772ce0b1def440468224d1532aa2c3b2db9fcab74bd8a,600653.SH,2024-10-29,41353e94dc1b242c88b6d39d12ae160487c17c907f059a5533403a02fe2069b6,4,86.31718951734171606214565507,TRUNCATED_SLICE_150_NONCANONICAL,QUALIFIED_BY_V3_PRICE_PATH,V3_OPERATIONAL_PRICE_PATH,False,REAL_RESEARCH_SNAPSHOT_V1/daily_status.is_st_sec,False,False,,True
35630d054aae630b558286710eb85265e26c82ba87a5e5868f8c0434fa2cbe60,600654.SH,2024-11-13,1a3556c3c3b3fb0f238955b20e650270300571454314a843fdd70dd2c824aea1,4,81.54973939290449662109407458,TRUNCATED_SLICE_150_NONCANONICAL,QUALIFIED_BY_V3_PRICE_PATH,V3_OPERATIONAL_PRICE_PATH,False,REAL_RESEARCH_SNAPSHOT_V1/daily_status.is_st_sec,False,False,,True
8a4ec78c61920f15c8b32f30e29d7815cc484c66b8a1d70f17191479f9d5d2b8,600658.SH,2024-09-20,37b9a53e95853cb20775f0afbe2dc58e6c0d972c3d1026f5f5dee4d06ad0d3b6,4,84.77930419165980142348422983,TRUNCATED_SLICE_150_NONCANONICAL,QUALIFIED_BY_V3_PRICE_PATH,V3_OPERATIONAL_PRICE_PATH,False,REAL_RESEARCH_SNAPSHOT_V1/daily_status.is_st_sec,False,False,,True
afd56c3aa80ee06a5fdc6ad87710be45c98fbe63aa6257b4e4a25351c3ea8432,600664.SH,2026-07-15,cacead20b74bc9020b23ee948ca30b03b58c23bb43bdea6056627a4ffc2e8b70,4,81.69147774205851536511788294,TRUNCATED_SLICE_150_NONCANONICAL,QUALIFIED_BY_V3_PRICE_PATH,V3_OPERATIONAL_PRICE_PATH,False,REAL_RESEARCH_SNAPSHOT_V1/daily_status.is_st_sec,False,False,,True
695d482d5cc8ae88e4efc262690c4a662fe06998af6b5e4ebe3206ed74fe7113,600676.SH,2024-07-30,8c35fe1b610dfada2d70cd81b71e428ebdb816201b4ec2b14787723b918877c8,4,75.03420965763713393945034853,TRUNCATED_SLICE_150_NONCANONICAL,QUALIFIED_BY_V3_PRICE_PATH,V3_OPERATIONAL_PRICE_PATH,False,REAL_RESEARCH_SNAPSHOT_V1/daily_status.is_st_sec,False,False,,True
3f1318895ebeebb5056638fc3985e0b052c8c38633e63554afaec3810e95477c,600678.SH,2024-10-17,d73122f4a21463d7c7b7f3dad15cb0370b72c07b731568c1d8f2d853c8a2fca9,4,85.72748746258797876492268263,TRUNCATED_SLICE_150_NONCANONICAL,QUALIFIED_BY_V3_PRICE_PATH,V3_OPERATIONAL_PRICE_PATH,False,REAL_RESEARCH_SNAPSHOT_V1/daily_status.is_st_sec,False,False,,True
0c7c2668c9ebffad2cb46b130afebe82e63619410b1cd724b837bdb2a587ed73,600678.SH,2025-02-20,a635487164374c2158b22d77b3b300b7bed797c85643079833c1708af81781c7,4,84.59312620341351898210468987,TRUNCATED_SLICE_150_NONCANONICAL,QUALIFIED_BY_V3_PRICE_PATH,V3_OPERATIONAL_PRICE_PATH,False,REAL_RESEARCH_SNAPSHOT_V1/daily_status.is_st_sec,False,False,,True
bdf1588f02b6743b6a7124408a03d23f53facd5e7568a9b31af1935d6c3b1ee7,600679.SH,2024-12-17,1d04acba65c89d4c26926b0c5cdfaf46f93f2653a6088013a6b2e9d58ade1af7,4,86.49149407634394385847875021,TRUNCATED_SLICE_150_NONCANONICAL,QUALIFIED_BY_V3_PRICE_PATH,V3_OPERATIONAL_PRICE_PATH,False,REAL_RESEARCH_SNAPSHOT_V1/daily_status.is_st_sec,False,False,,True
74011d7c310b2a5d9b47fffbf092f0b52d075c9fa9c7a1ad936c0a04a6558a52,600683.SH,2026-02-09,8cdb82efbfd6cc3adfdfa20266523e873bc66d01ba33d771ec3bd3eff7eff355,4,77.98817180695566414540355821,TRUNCATED_SLICE_150_NONCANONICAL,QUALIFIED_BY_V3_PRICE_PATH,V3_OPERATIONAL_PRICE_PATH,False,REAL_RESEARCH_SNAPSHOT_V1/daily_status.is_st_sec,False,False,,True
a8749be7245a734301e72a4d2b7384a8e70879eb46a5d09ab0ee51e716f440cf,600683.SH,2026-08-13,511427d65ec241bbcd2e6d5d431515ae482062c4f9c2316beae6e312ff182e8c,4,73.32111534034381015059525421,TRUNCATED_SLICE_150_NONCANONICAL,QUALIFIED_BY_V3_PRICE_PATH,V3_OPERATIONAL_PRICE_PATH,False,REAL_RESEARCH_SNAPSHOT_V1/daily_status.is_st_sec,False,False,,True
7908054e9e0c9e828a4163f957dd2b1f317cf916c8d5e918ececad25c02e7a68,600686.SH,2024-07-26,259c3e935a26bc086f6e3c4bc8fa77a3ef3e72a134520db29ca979e291031e97,4,80.12105605639148140568806247,TRUNCATED_SLICE_150_NONCANONICAL,QUALIFIED_BY_V3_PRICE_PATH,V3_OPERATIONAL_PRICE_PATH,False,REAL_RESEARCH_SNAPSHOT_V1/daily_status.is_st_sec,False,False,,True
4a4099a1dfbe7373dc802b897aed7e4ff8ced6d20878258468162788b31fda1e,600693.SH,2024-12-30,2bb144a2a4409fb32ea6e0286f56598fad029b7ddf38c3ad36832f8416d8d5b4,4,73.36322800198232958208315489,TRUNCATED_SLICE_150_NONCANONICAL,QUALIFIED_BY_V3_PRICE_PATH,V3_OPERATIONAL_PRICE_PATH,False,REAL_RESEARCH_SNAPSHOT_V1/daily_status.is_st_sec,False,False,,True
fad017ef8ff644206b4ae1b515c2d57fa1da981d5932897acdc273c8eaa909a0,600693.SH,2025-11-13,22fa8788ea7131720d973e3cb2724a6a409676985459d41ce9c65b268bd6362e,4,85.99448830728712360896421290,TRUNCATED_SLICE_150_NONCANONICAL,QUALIFIED_BY_V3_PRICE_PATH,V3_OPERATIONAL_PRICE_PATH,False,REAL_RESEARCH_SNAPSHOT_V1/daily_status.is_st_sec,False,False,,True
fd33b321fefa4f42f4cdc04eb72638cf83cc52d2b0c9de9a2e9140355adee580,600693.SH,2025-12-10,caf4e3e84f1238db6ed6a3024f29825cb32ae113237e849615b3e0c4460b6b4b,4,72.92592633776289861678521167,TRUNCATED_SLICE_150_NONCANONICAL,QUALIFIED_BY_V3_PRICE_PATH,V3_OPERATIONAL_PRICE_PATH,False,REAL_RESEARCH_SNAPSHOT_V1/daily_status.is_st_sec,False,False,,True
f5c79d022aecca6feb969154ff80fe22636c544849ec5f69d10d813da62f725e,600702.SH,2024-10-08,042fffab1c1fcb4620b7cf8cb94706f97ed7f386c319e582efae8d4372972642,4,84.11068153451457531036754951,TRUNCATED_SLICE_150_NONCANONICAL,QUALIFIED_BY_V3_PRICE_PATH,V3_OPERATIONAL_PRICE_PATH,False,REAL_RESEARCH_SNAPSHOT_V1/daily_status.is_st_sec,False,False,,True
b5dc504fb7480da455b6f6240073c37e982f3043f29ef295c4132f33079fbe70,600721.SH,2024-08-05,294ebd2e068c02e3f0fce4fdd986625864218a0402836e2254fb50bd465c3704,4,73.42681132257200936359271063,TRUNCATED_SLICE_150_NONCANONICAL,QUALIFIED_BY_V3_PRICE_PATH,V3_OPERATIONAL_PRICE_PATH,False,REAL_RESEARCH_SNAPSHOT_V1/daily_status.is_st_sec,False,False,,True
ce7461fb4f616f2f9849ff6a941f38c721388e07d755f69505e301721e59ecd1,600721.SH,2026-08-07,2d590975eb8e54ca320bba159ded35323c84f4080ab46c4ee07565ba58274ee7,4,78.79429020092147403997018320,TRUNCATED_SLICE_150_NONCANONICAL,QUALIFIED_BY_V3_PRICE_PATH,V3_OPERATIONAL_PRICE_PATH,False,REAL_RESEARCH_SNAPSHOT_V1/daily_status.is_st_sec,False,False,,True
5a89cb9dc16424963cdc6b310e260a775c33a6ba448af8e44fb41c11c0e65ac0,600722.SH,2025-06-18,607fd4af06010f56784f79b67af7848ab8f69599cb4435e40cdd11b928920c37,4,91.40393698556068416384729379,TRUNCATED_SLICE_150_NONCANONICAL,QUALIFIED_BY_V3_PRICE_PATH,V3_OPERATIONAL_PRICE_PATH,False,REAL_RESEARCH_SNAPSHOT_V1/daily_status.is_st_sec,False,False,,True
3c78c5327bf6082e75a57319da2b16b0964a4fffe0afb30b314ece7604751c63,600726.SH,2026-03-13,082c1feeaab3daf28b409fb1c8dab03548a99a06cbab9ef2fe1eba1e90a83b94,4,94.26973730803981006261857159,TRUNCATED_SLICE_150_NONCANONICAL,QUALIFIED_BY_V3_PRICE_PATH,V3_OPERATIONAL_PRICE_PATH,False,REAL_RESEARCH_SNAPSHOT_V1/daily_status.is_st_sec,False,False,,True
201715becbc5f48a32c8e677841e5f1d78a35db9aed9b9e5712368cedc97d3b7,600726.SH,2026-04-28,648b46d397500ce9d5a41757ba74b7bb2818b16ab5eb5cdbc01c8c0341022d28,4,75.30512335950030755883576468,TRUNCATED_SLICE_150_NONCANONICAL,QUALIFIED_BY_V3_PRICE_PATH,V3_OPERATIONAL_PRICE_PATH,False,REAL_RESEARCH_SNAPSHOT_V1/daily_status.is_st_sec,False,False,,True
9c888b41d937c0b90849868de8940773b541792c27be1bc9acc03e6d6dce2bff,600726.SH,2026-05-28,6c3b96ed5dd3ef6f8b3ce881d2162edfe312de0c65e2cca3aaad6ec1393c002e,4,70.73843249767316313336057903,TRUNCATED_SLICE_150_NONCANONICAL,QUALIFIED_BY_V3_PRICE_PATH,V3_OPERATIONAL_PRICE_PATH,False,REAL_RESEARCH_SNAPSHOT_V1/daily_status.is_st_sec,False,False,,True
189c51b2b2682429e9bf8844f3f571aceec00094a4c67cfa4707834fce9ae393,600734.SH,2025-11-25,262ed9446a12e10cbff83c34c3ece512e1dae9c1f7c1d1b463ef2b85dd0f1398,4,82.24675923241687193833661014,TRUNCATED_SLICE_150_NONCANONICAL,QUALIFIED_BY_V3_PRICE_PATH,V3_OPERATIONAL_PRICE_PATH,False,REAL_RESEARCH_SNAPSHOT_V1/daily_status.is_st_sec,False,False,,True
89dd7080f172121ddaf4e01878ca9ce22e5be371004f0d3fd653c993c1438c69,600743.SH,2024-12-11,4fcde63f58f89d29e8694799e9d7bec294c5106cf5e9749e15a2a85005171af5,4,71.19893378214773781773849987,TRUNCATED_SLICE_150_NONCANONICAL,QUALIFIED_BY_V3_PRICE_PATH,V3_OPERATIONAL_PRICE_PATH,False,REAL_RESEARCH_SNAPSHOT_V1/daily_status.is_st_sec,False,False,,True
ef78edc5f9f334886d1f3cf4456f865d25082a1df895ac42e65f3a9d6ec002ae,600743.SH,2026-04-10,e897b4ea5bb77e21491812bbb9fe9aca272644dd8aece025a22cfc19379001da,4,79.95782970130073007024184127,TRUNCATED_SLICE_150_NONCANONICAL,QUALIFIED_BY_V3_PRICE_PATH,V3_OPERATIONAL_PRICE_PATH,False,REAL_RESEARCH_SNAPSHOT_V1/daily_status.is_st_sec,False,False,,True
fe6efdbf295a3315d0c07cfdadd7e18844a76862fbd10efb3c82db999520aa9e,600744.SH,2025-07-07,5f005204f73bb0604d9cd6b5a235b8127069d3b0102d9d8db1bdf4ea995dd874,4,85.39898209795094325264662183,TRUNCATED_SLICE_150_NONCANONICAL,QUALIFIED_BY_V3_PRICE_PATH,V3_OPERATIONAL_PRICE_PATH,False,REAL_RESEARCH_SNAPSHOT_V1/daily_status.is_st_sec,False,False,,True
b8253668a204c45ef63645813f14474438395f9dfcef8da6305b8a163be02d67,600749.SH,2025-07-24,70347354773c973e0d99c4d3b83eada6e27ab67f0f64731e88ac386dcc1ca5e2,4,93.12979134862474132682461919,TRUNCATED_SLICE_150_NONCANONICAL,QUALIFIED_BY_V3_PRICE_PATH,V3_OPERATIONAL_PRICE_PATH,False,REAL_RESEARCH_SNAPSHOT_V1/daily_status.is_st_sec,False,False,,True
11a51ac8907134c911e9830885c89c979bc8266f72448e082123e96f21a80889,600770.SH,2024-10-22,b7759946205155dbc7e2784f44a9be3bbda9028598266a1bcd06479f681e79ee,4,84.58452678478820561880372349,TRUNCATED_SLICE_150_NONCANONICAL,QUALIFIED_BY_V3_PRICE_PATH,V3_OPERATIONAL_PRICE_PATH,False,REAL_RESEARCH_SNAPSHOT_V1/daily_status.is_st_sec,False,False,,True
cc6a941c5468e99cec0632da1cab719d0745444446a5d89d9b0a3c48fbc409dd,600770.SH,2025-05-20,159f7c4910393c8d66848b74a6032d99c0d1312f9540303275637414849f59fc,4,86.70028378895734400942352201,TRUNCATED_SLICE_150_NONCANONICAL,QUALIFIED_BY_V3_PRICE_PATH,V3_OPERATIONAL_PRICE_PATH,False,REAL_RESEARCH_SNAPSHOT_V1/daily_status.is_st_sec,False,False,,True
2ad7cf0d008619b9f592421206562119695e6e376cd01e4e97bc8bc2256ded27,600775.SH,2026-01-08,77125be5abcb68894efadcbdff3f09e606f1bbc7b84a8006922e3f21ea09bbe4,4,88.10659760972052774108421885,TRUNCATED_SLICE_150_NONCANONICAL,QUALIFIED_BY_V3_PRICE_PATH,V3_OPERATIONAL_PRICE_PATH,False,REAL_RESEARCH_SNAPSHOT_V1/daily_status.is_st_sec,False,False,,True
5cbff0356de24439ec5d29c9aa402cf5024b5df01365f2f505d47534c4480173,600778.SH,2024-12-13,b6bbf83d67ed8faf8ef53b4affc49e2236ec0f280d684fc4bb1945309627a9d9,4,89.75061286999421290267508747,TRUNCATED_SLICE_150_NONCANONICAL,QUALIFIED_BY_V3_PRICE_PATH,V3_OPERATIONAL_PRICE_PATH,False,REAL_RESEARCH_SNAPSHOT_V1/daily_status.is_st_sec,False,False,,True
e07ef24c8171c28b1636850afe7fb4049443c48e271783b111794bad6a3748de,600783.SH,2025-12-29,c09f633a0f313671e774b3fff4a803eed95af5a3a4dd4bd6d7e7b08c7873e958,4,87.37642203162689348617812503,TRUNCATED_SLICE_150_NONCANONICAL,QUALIFIED_BY_V3_PRICE_PATH,V3_OPERATIONAL_PRICE_PATH,False,REAL_RESEARCH_SNAPSHOT_V1/daily_status.is_st_sec,False,False,,True
b92d214931d04e106d0b564df7168119bc371f7b8b98326cc7d4f4b30ca52839,600783.SH,2026-01-09,de27e099d630d67c385f5458f0fcebd6339ee12a9cbced2b8c2c2f0e978e37d9,4,84.04303599234116397723458409,TRUNCATED_SLICE_150_NONCANONICAL,QUALIFIED_BY_V3_PRICE_PATH,V3_OPERATIONAL_PRICE_PATH,False,REAL_RESEARCH_SNAPSHOT_V1/daily_status.is_st_sec,False,False,,True
e5fe1aec1d567d79cbac04a01746b1702b7b1ae1d27ee1a9165f76c7c920f2b2,600785.SH,2026-01-19,aac4a1c85918c7f7fc19c3892e42f09680c12acfa8e9eeabd15e7ec75f846e6e,4,87.47614373753897251034452965,TRUNCATED_SLICE_150_NONCANONICAL,QUALIFIED_BY_V3_PRICE_PATH,V3_OPERATIONAL_PRICE_PATH,False,REAL_RESEARCH_SNAPSHOT_V1/daily_status.is_st_sec,False,False,,True
c26c65dea554988e8a9f4294802e755138c3cc6fda1cb3a558dc554c1fc4d960,600793.SH,2024-12-11,f66273857136b15cbbcaf0eb922397effd8e7a4b41c2fe0be5d1a7bd6bf42935,4,86.39795402177114150061632996,TRUNCATED_SLICE_150_NONCANONICAL,QUALIFIED_BY_V3_PRICE_PATH,V3_OPERATIONAL_PRICE_PATH,False,REAL_RESEARCH_SNAPSHOT_V1/daily_status.is_st_sec,False,False,,True
154bc5c37405df039cc48b750863240c33017bff25e1667343100b53b94df5b1,600793.SH,2025-05-22,98fa66339a0861b2ef37d6ac7a795a41ddf685967415901620316c98583a1402,4,76.43403483412571220010821215,TRUNCATED_SLICE_150_NONCANONICAL,QUALIFIED_BY_V3_PRICE_PATH,V3_OPERATIONAL_PRICE_PATH,False,REAL_RESEARCH_SNAPSHOT_V1/daily_status.is_st_sec,False,False,,True
c518ad84c1f4dac89c53ce71eb28fc1f38d114b16ca86db7c57480d8742aeb20,600793.SH,2026-07-06,59cf2242f60a49bbfeb05129768cb3364c2b60d0b00657736a50baeae08f8936,4,71.36871571775230911186462278,TRUNCATED_SLICE_150_NONCANONICAL,QUALIFIED_BY_V3_PRICE_PATH,V3_OPERATIONAL_PRICE_PATH,False,REAL_RESEARCH_SNAPSHOT_V1/daily_status.is_st_sec,False,False,,True
2efce10687b29b2a50f089baaaa7171ac3b3dfb0d34d9ac5902d8f2cd5eb2463,600794.SH,2025-04-22,c8a85b19104b3a9254e37dbfe93b83a9149cd3121989186161c7dd05be82742c,4,86.98291545368764851676805455,TRUNCATED_SLICE_150_NONCANONICAL,QUALIFIED_BY_V3_PRICE_PATH,V3_OPERATIONAL_PRICE_PATH,False,REAL_RESEARCH_SNAPSHOT_V1/daily_status.is_st_sec,False,False,,True
4d49d04f96c8fe79703d189251672a1a169561d380f418b9bc5953cc41bcd824,600796.SH,2024-12-06,63d26731a44c8cb4a002ddb45ade1569a2cece5ec8202e3998a8e3db1b582bb0,4,89.87828860750323938608449755,TRUNCATED_SLICE_150_NONCANONICAL,QUALIFIED_BY_V3_PRICE_PATH,V3_OPERATIONAL_PRICE_PATH,False,REAL_RESEARCH_SNAPSHOT_V1/daily_status.is_st_sec,False,False,,True
7a6944fe5c29afc2ae49c19a66145304f491d9ee7b48247a96fecb044386240f,600798.SH,2025-05-16,40882c121cc03d7fecffedab5d085ca1f31c0009e32ceac9cc9a77d41045b827,4,84.52951436079014493981288270,TRUNCATED_SLICE_150_NONCANONICAL,QUALIFIED_BY_V3_PRICE_PATH,V3_OPERATIONAL_PRICE_PATH,False,REAL_RESEARCH_SNAPSHOT_V1/daily_status.is_st_sec,False,False,,True
35e627f3e57c3cddcbdf119cb73aba331bb75797546c1aa5b94f35fd5c0d0842,600800.SH,2024-11-20,dfd0294149a5f246d8c8b171f5c5ac4e5c1f72d0c3f44537348f8ea538af016a,4,83.81652709391800556697535589,TRUNCATED_SLICE_150_NONCANONICAL,QUALIFIED_BY_V3_PRICE_PATH,V3_OPERATIONAL_PRICE_PATH,False,REAL_RESEARCH_SNAPSHOT_V1/daily_status.is_st_sec,False,False,,True
5703f81e60963722231c07bbe96ea24cf9d0bdf1ec3b5dabcc387ae387477e58,600807.SH,2024-10-29,3e656045d9c373335bb821cd4d7e3656fb1d89f85b4f53e626e04ab51e6fe51c,4,87.50094504021663513401535809,TRUNCATED_SLICE_150_NONCANONICAL,QUALIFIED_BY_V3_PRICE_PATH,V3_OPERATIONAL_PRICE_PATH,False,REAL_RESEARCH_SNAPSHOT_V1/daily_status.is_st_sec,False,False,,True
551dd9162ff85e3bc91d21c40dd0a4bf7df5b0738b62cdce4c4edb5169818a30,600822.SH,2025-07-16,22dd51f90827d933329d3f8ba30cbc90d056d5389dbf7408e9be345a797e8b67,4,87.18186652189133732759170350,TRUNCATED_SLICE_150_NONCANONICAL,QUALIFIED_BY_V3_PRICE_PATH,V3_OPERATIONAL_PRICE_PATH,False,REAL_RESEARCH_SNAPSHOT_V1/daily_status.is_st_sec,False,False,,True
49a09ebc3d5c456eb1ed6797afe7eca347ec980f72f03fe43c7a652709580f01,600824.SH,2024-12-16,0dbcc08982d81acae6ed88432ba6dd328fd8dc8c5c118c9d41eac9c53ead6d72,4,88.48155188621648260870281839,TRUNCATED_SLICE_150_NONCANONICAL,QUALIFIED_BY_V3_PRICE_PATH,V3_OPERATIONAL_PRICE_PATH,False,REAL_RESEARCH_SNAPSHOT_V1/daily_status.is_st_sec,False,False,,True
1434de5d618bf91ba37083f2d52924d66815ca163b1a1b5d17f6e7ec1ce3d104,600826.SH,2024-11-18,fb56c0d50ddadb65b7ba5b809c305796949f78755d08e867dde00634a8c4eead,4,86.26636987059834019719209582,TRUNCATED_SLICE_150_NONCANONICAL,QUALIFIED_BY_V3_PRICE_PATH,V3_OPERATIONAL_PRICE_PATH,False,REAL_RESEARCH_SNAPSHOT_V1/daily_status.is_st_sec,False,False,,True
de7f144c66bff8995283cf89830228a1d7427417d1a6a998c6d8add6c7ef3348,600826.SH,2025-07-16,826328c9ab017836d4781db96afa923bb6deb8327b1cca1313e1106426011b24,4,92.08060079544185571787571459,TRUNCATED_SLICE_150_NONCANONICAL,QUALIFIED_BY_V3_PRICE_PATH,V3_OPERATIONAL_PRICE_PATH,False,REAL_RESEARCH_SNAPSHOT_V1/daily_status.is_st_sec,False,False,,True
05fe61d088be79836601c8047757131c419ff6f8a12bb6cce58e8b9c8d6b11d2,600828.SH,2025-04-29,7470c23aa61ecabef26bceaea3094c3bdab6b598a185b7d4442ca1051c3e27d5,4,81.00122805928602311404592946,TRUNCATED_SLICE_150_NONCANONICAL,QUALIFIED_BY_V3_PRICE_PATH,V3_OPERATIONAL_PRICE_PATH,False,REAL_RESEARCH_SNAPSHOT_V1/daily_status.is_st_sec,False,False,,True
3e928f5b8a6e975e091f6f7080d2777bb922c40a34f51a4d517649955d1d8716,600828.SH,2025-11-28,571a40f4231eb2e30bd3ab8953fc9e506b6545d3bafec7faf0f847b5b9e54584,4,83.77458216204427382329968711,TRUNCATED_SLICE_150_NONCANONICAL,QUALIFIED_BY_V3_PRICE_PATH,V3_OPERATIONAL_PRICE_PATH,False,REAL_RESEARCH_SNAPSHOT_V1/daily_status.is_st_sec,False,False,,True
0902e63c58984962e8a033a92c4d78a386018d15ed9452053358159abb324551,600829.SH,2025-11-13,33c8aa3d91bcb540d9ddeafdb9e9899f6c5894d2ba41c0cd70d8edb934472ca6,4,85.61805984556223825534693201,TRUNCATED_SLICE_150_NONCANONICAL,QUALIFIED_BY_V3_PRICE_PATH,V3_OPERATIONAL_PRICE_PATH,False,REAL_RESEARCH_SNAPSHOT_V1/daily_status.is_st_sec,False,False,,True
9e6aae578a0fddf5895c6f1b3585c00d9b687b40a9455ec0615316f38c2934be,600839.SH,2024-10-21,08fcad63dc166b5e02e06fb180180a370d7470e0c95b9195f6dc54194c17e3f4,4,82.68810389444874392412403105,TRUNCATED_SLICE_150_NONCANONICAL,QUALIFIED_BY_V3_PRICE_PATH,V3_OPERATIONAL_PRICE_PATH,False,REAL_RESEARCH_SNAPSHOT_V1/daily_status.is_st_sec,False,False,,True
ebd0e9decf178e60f56eeb0b7634a3c9cc59a704065a48ad9a7ca6b443094881,600839.SH,2024-10-31,4b592593d7820aa2a29bc65cef70580feda21693c2b7551de580cf1c127df037,4,94.81449699679948154431518875,TRUNCATED_SLICE_150_NONCANONICAL,QUALIFIED_BY_V3_PRICE_PATH,V3_OPERATIONAL_PRICE_PATH,False,REAL_RESEARCH_SNAPSHOT_V1/daily_status.is_st_sec,False,False,,True
2d0431fb0f811e9ff27c192b4cc46f89a0e39f10bdb6e321b23186c9f3619c04,600843.SH,2024-10-25,a9b27a523546f776c58d23524b94ee695e8df74fa07a6d97fa23f770e58cad96,4,82.96667598662714587887795431,TRUNCATED_SLICE_150_NONCANONICAL,QUALIFIED_BY_V3_PRICE_PATH,V3_OPERATIONAL_PRICE_PATH,False,REAL_RESEARCH_SNAPSHOT_V1/daily_status.is_st_sec,False,False,,True
6b643c65b34a57de8cabf9c32490dc60eeb4249eebcf2cc6a7755418aa469340,600865.SH,2024-10-31,0b1b19e3f662dedb3cce923660863403503bd755f0773f6c42e888670a32fc8e,4,92.71735570121298214136647333,TRUNCATED_SLICE_150_NONCANONICAL,QUALIFIED_BY_V3_PRICE_PATH,V3_OPERATIONAL_PRICE_PATH,False,REAL_RESEARCH_SNAPSHOT_V1/daily_status.is_st_sec,False,False,,True
a9090836c4e613bd4413bd675b6f45e54808d3dbb5719127a6713cd61e781bb7,600865.SH,2025-12-16,619a314fd6839e8f3c06bbf4c9b367816102a1596d3ebb683699d43bd67aa1ba,4,90.53220181579158994438310894,TRUNCATED_SLICE_150_NONCANONICAL,QUALIFIED_BY_V3_PRICE_PATH,V3_OPERATIONAL_PRICE_PATH,False,REAL_RESEARCH_SNAPSHOT_V1/daily_status.is_st_sec,False,False,,True
81e2775ee3bc5a05a190ae02a37c066c72dc51c3a05b68b7d79eb747d195d9f9,600865.SH,2026-09-08,017254adb5a192e2fb0d7b888c388658f5244289bc29ca8e9b0afb3cc2019f17,4,86.64764694063166400779900717,TRUNCATED_SLICE_150_NONCANONICAL,QUALIFIED_BY_V3_PRICE_PATH,V3_OPERATIONAL_PRICE_PATH,False,REAL_RESEARCH_SNAPSHOT_V1/daily_status.is_st_sec,False,False,,True
dd8ff29ffd8d7cce3c77120a7d1298f2067a979407f9cdef0bbd6ba73170481d,600868.SH,2024-12-11,9ffaee9991febae3a51875c880661d7ad7c9d42bec2d4503491fe322852e7828,4,82.66994676232041544505081844,TRUNCATED_SLICE_150_NONCANONICAL,QUALIFIED_BY_V3_PRICE_PATH,V3_OPERATIONAL_PRICE_PATH,False,REAL_RESEARCH_SNAPSHOT_V1/daily_status.is_st_sec,False,False,,True
d085e4fb4aca5f250913f073da57bd24a3b84f0400593acdde9a13f20385963c,600879.SH,2026-01-12,542f47da3d01eb053c2a4c87fb01afe857cd691930fe8b14753e47128e224c1b,4,90.79714059540708149366136504,TRUNCATED_SLICE_150_NONCANONICAL,QUALIFIED_BY_V3_PRICE_PATH,V3_OPERATIONAL_PRICE_PATH,False,REAL_RESEARCH_SNAPSHOT_V1/daily_status.is_st_sec,False,False,,True
26f1f68f3b81629d384a1ec1b55829ca527be4cdc3087728f773a20924f4c85a,600881.SH,2024-09-26,18988d63b42bbba6018c66bb867d79a9d45baa133b93bca308af2b112ae0dae6,4,90.27187397190117868598427588,TRUNCATED_SLICE_150_NONCANONICAL,QUALIFIED_BY_V3_PRICE_PATH,V3_OPERATIONAL_PRICE_PATH,False,REAL_RESEARCH_SNAPSHOT_V1/daily_status.is_st_sec,False,False,,True
ab87532dc795adda0b5e112c5c2fa386aa205b4c25485775f62fca4610fad98b,600889.SH,2024-11-21,831b5145ef76c1accc5d3a8f3d15a7a57df417375479a4e19b32623e22aa7ad2,4,86.60633578774747294013817734,TRUNCATED_SLICE_150_NONCANONICAL,QUALIFIED_BY_V3_PRICE_PATH,V3_OPERATIONAL_PRICE_PATH,False,REAL_RESEARCH_SNAPSHOT_V1/daily_status.is_st_sec,False,False,,True
3a77d4457194821bdfb064ed1cc812939906d032d6c078aeb06e63fcaed7aa73,600889.SH,2024-12-02,c6815143efb17c5c08623fadbefbdabdbec4104c4efce6e7025c3476a67dc8fc,5,96.44097616681482276435287436,TRUNCATED_SLICE_150_NONCANONICAL,QUALIFIED_BY_V3_PRICE_PATH,V3_OPERATIONAL_PRICE_PATH,False,REAL_RESEARCH_SNAPSHOT_V1/daily_status.is_st_sec,False,False,,True
9254694ade54f7b04054f5f6ec2d27f3cc2bbc951370d19e3846510a81d39dba,600903.SH,2026-05-19,3b0cdaf58232c7f07cf12ef26733504f436f1dfccdced78981c269930688fb15,4,91.03587981183884615042605308,TRUNCATED_SLICE_150_NONCANONICAL,QUALIFIED_BY_V3_PRICE_PATH,V3_OPERATIONAL_PRICE_PATH,False,REAL_RESEARCH_SNAPSHOT_V1/daily_status.is_st_sec,False,False,,True
cc1937da40d2359f4984f384253cc77d0a6ba33374b3d462a4b6e2e73c771c86,600916.SH,2026-01-28,0b45281f7ff5f97da3c34a541f8666e3a8c4e24ff292c52f037c3b1f517c1626,4,93.50457885415589654138914596,TRUNCATED_SLICE_150_NONCANONICAL,QUALIFIED_BY_V3_PRICE_PATH,V3_OPERATIONAL_PRICE_PATH,False,REAL_RESEARCH_SNAPSHOT_V1/daily_status.is_st_sec,False,False,,True
f125659799c9c724f102e3343220fef9ef517bc6c9f5e17c2db7b62fffcee4ee,600939.SH,2024-10-17,8dd4d4026383a23c436b48914b092e6af8a2d6ada925e7a6f7c0a0e797726df8,4,84.19580478243832811908273938,TRUNCATED_SLICE_150_NONCANONICAL,QUALIFIED_BY_V3_PRICE_PATH,V3_OPERATIONAL_PRICE_PATH,False,REAL_RESEARCH_SNAPSHOT_V1/daily_status.is_st_sec,False,False,,True
72e2c18d91e6615f8797288912ff86f39ee21232b4cee94ae8b41ec640b48d8b,600961.SH,2026-04-21,8bba08362abfc2b66eeb6b5378aa8121b290efd10660bb27906ed4269a74ebca,4,80.19130622717401687007149115,TRUNCATED_SLICE_150_NONCANONICAL,QUALIFIED_BY_V3_PRICE_PATH,V3_OPERATIONAL_PRICE_PATH,False,REAL_RESEARCH_SNAPSHOT_V1/daily_status.is_st_sec,False,False,,True
9a547bbdd3644612cfe6fd92dcab1040b233057b261fd40a269a9c7e5a7548bf,600962.SH,2025-07-10,4bb4399f63c253c21bc38bd3f9fd06c4c255ed7d7195310e715fc2814843a29f,4,81.57660078445304489256410696,TRUNCATED_SLICE_150_NONCANONICAL,QUALIFIED_BY_V3_PRICE_PATH,V3_OPERATIONAL_PRICE_PATH,False,REAL_RESEARCH_SNAPSHOT_V1/daily_status.is_st_sec,False,False,,True
140d50fe47c0ea91b177e0a7f82b868fcf791667f9fdb8f471decb5dff426d01,600979.SH,2024-12-13,5865deb45a91d9572ca01a2b9834f58f1c7d0c91a5aa3aeb22dca98c6fe76935,4,77.21393975494630846435767540,TRUNCATED_SLICE_150_NONCANONICAL,QUALIFIED_BY_V3_PRICE_PATH,V3_OPERATIONAL_PRICE_PATH,False,REAL_RESEARCH_SNAPSHOT_V1/daily_status.is_st_sec,False,False,,True
95cf9422397c7ea784e763fa2cee86a17dd075468bfe627b6d17ca091f6139c1,600980.SH,2025-06-12,7e7fddd445155db20c10c1d07130598f61043df794dd5279205a48c305a98880,4,92.08024790950835939918181286,TRUNCATED_SLICE_150_NONCANONICAL,QUALIFIED_BY_V3_PRICE_PATH,V3_OPERATIONAL_PRICE_PATH,False,REAL_RESEARCH_SNAPSHOT_V1/daily_status.is_st_sec,False,False,,True
a701d0195865d9cc4c9e71ec8b6c8691366fd85fe90c575ab33977c41d3fdfbb,601003.SH,2025-07-04,5bef8ea0755fb456c6f85ca7c12907fdbdda0bc57a0aa36203f3de05d6ddc871,4,90.55778146000497948922402881,TRUNCATED_SLICE_150_NONCANONICAL,QUALIFIED_BY_V3_PRICE_PATH,V3_OPERATIONAL_PRICE_PATH,False,REAL_RESEARCH_SNAPSHOT_V1/daily_status.is_st_sec,False,False,,True
dd071a62e1715c3959bdaa51ad7cad08479adcd0975f6089b4e2331540580374,601003.SH,2025-07-21,669b3ed94c1c63b044907a114b3e68a0376c78816525064ba58fd2a8d924f0cc,4,74.96690156907251130485631262,TRUNCATED_SLICE_150_NONCANONICAL,QUALIFIED_BY_V3_PRICE_PATH,V3_OPERATIONAL_PRICE_PATH,False,REAL_RESEARCH_SNAPSHOT_V1/daily_status.is_st_sec,False,False,,True
8839229b88868103a3cf845bc052eee9296f2c4ca1b10294a1d0daa7ef5f6e21,601008.SH,2025-04-09,18f71b21432146cad06e3ae8a2a214c46a642c864a54ee18bf156f772c4b56ff,4,91.13252816999610520378732864,TRUNCATED_SLICE_150_NONCANONICAL,QUALIFIED_BY_V3_PRICE_PATH,V3_OPERATIONAL_PRICE_PATH,False,REAL_RESEARCH_SNAPSHOT_V1/daily_status.is_st_sec,False,False,,True
cac63286cf597440bf9df749654f11198d7a69fa018f5a740f302c32044f7ea9,601008.SH,2025-05-16,5b9d0e90f770f87dfe4d6a73d80d9c8fc9a081821adc4c4ac0de9a82f97e0ac2,4,70.31147690888720273678633673,TRUNCATED_SLICE_150_NONCANONICAL,QUALIFIED_BY_V3_PRICE_PATH,V3_OPERATIONAL_PRICE_PATH,False,REAL_RESEARCH_SNAPSHOT_V1/daily_status.is_st_sec,False,False,,True
d267fb57f4df93da6193584e2e58d15653f018e22842e2281a6055ef29764c12,601010.SH,2024-12-11,1d1f08afc8e839f5b6ca670a79e7f3323c45c23f347c387d3138b1f06fdc89ee,4,83.60226960480557053916786107,TRUNCATED_SLICE_150_NONCANONICAL,QUALIFIED_BY_V3_PRICE_PATH,V3_OPERATIONAL_PRICE_PATH,False,REAL_RESEARCH_SNAPSHOT_V1/daily_status.is_st_sec,False,False,,True
87170d64acbfb3d803b2f0244b8fdb080c220562f1beb178b6ff572ce2eb612b,601011.SH,2025-10-16,8594d514693a947b69320f57a8d34803eea2b2eba3544a81d6166fb3294a3b4c,4,72.69782225188113684025960651,TRUNCATED_SLICE_150_NONCANONICAL,QUALIFIED_BY_V3_PRICE_PATH,V3_OPERATIONAL_PRICE_PATH,False,REAL_RESEARCH_SNAPSHOT_V1/daily_status.is_st_sec,False,False,,True
ea9d7173b0cd7d5764ad686e4cff616625dffd3f06a28eb783df4459c6a40564,601022.SH,2025-05-16,1c563c635a253812342c6c3b0ba868e588bb74db62ad9a2c544a7691a379e45b,4,90.08506190967490696893515789,TRUNCATED_SLICE_150_NONCANONICAL,QUALIFIED_BY_V3_PRICE_PATH,V3_OPERATIONAL_PRICE_PATH,False,REAL_RESEARCH_SNAPSHOT_V1/daily_status.is_st_sec,False,False,,True
e43cb6666e6a0cc06f27751d1c03c6b3a3b92f75075fc70f1d03b2a903d4c988,601069.SH,2025-09-05,27659f019c801723b21503cf1c1e67a3f93f925c4b170d17d6a8f87fb934c3e8,4,88.55935406077504004312763191,TRUNCATED_SLICE_150_NONCANONICAL,QUALIFIED_BY_V3_PRICE_PATH,V3_OPERATIONAL_PRICE_PATH,False,REAL_RESEARCH_SNAPSHOT_V1/daily_status.is_st_sec,False,False,,True
5348af5ee2d5e5b1ac091c1c9e8d1b3790295cd930727dc7ec5a70f6694895dd,601086.SH,2025-04-09,18b6c37d0460ce7c69fe40ac69a587a2603bfb9fad627bf6fdb7bef5545b173f,4,84.93853818248019132395267743,TRUNCATED_SLICE_150_NONCANONICAL,QUALIFIED_BY_V3_PRICE_PATH,V3_OPERATIONAL_PRICE_PATH,False,REAL_RESEARCH_SNAPSHOT_V1/daily_status.is_st_sec,False,False,,True
5113877767507970902ccff23af3e33af0c35bd523f2c7bf5e3415c254f18c1a,601086.SH,2025-04-18,fe1a13c5f42bf7c1f5a8763d452f7ec5c305840190e65e802c4e9aeaafee60b4,4,89.10170708786372125537812151,TRUNCATED_SLICE_150_NONCANONICAL,QUALIFIED_BY_V3_PRICE_PATH,V3_OPERATIONAL_PRICE_PATH,False,REAL_RESEARCH_SNAPSHOT_V1/daily_status.is_st_sec,False,False,,True
89bcb5286ab62ece641b8c03d35ab74d8ef7011c01c1ab49a47d2ce1864d09bd,601086.SH,2026-09-02,32e807d32255f523ccadcca1dac7b1593eb5b30dde46d3af5ca5ef3c88cac460,4,85.11238774888297802108907919,TRUNCATED_SLICE_150_NONCANONICAL,QUALIFIED_BY_V3_PRICE_PATH,V3_OPERATIONAL_PRICE_PATH,False,REAL_RESEARCH_SNAPSHOT_V1/daily_status.is_st_sec,False,False,,True
e7726c5a2cdd15b0f51d46a599928beba8a30e8d06cffe964e30466a5376655f,601106.SH,2026-01-12,15bd327d7fbcd5f90e8971e1ad774b8ad619dc0bf622bd2472ab8a219bc5b0bf,4,85.28859632276184430592813843,TRUNCATED_SLICE_150_NONCANONICAL,QUALIFIED_BY_V3_PRICE_PATH,V3_OPERATIONAL_PRICE_PATH,False,REAL_RESEARCH_SNAPSHOT_V1/daily_status.is_st_sec,False,False,,True
31b19ac6439e534437d7be95497fd9e992785fb9650b0958f11d698eeebefdb1,601116.SH,2025-09-15,97d16c3af8d98e8fabdd36d3f4475a2b26bddf5abb7b88ba1e9e43ac7b14ec8f,4,88.47314871432200038760182245,TRUNCATED_SLICE_150_NONCANONICAL,QUALIFIED_BY_V3_PRICE_PATH,V3_OPERATIONAL_PRICE_PATH,False,REAL_RESEARCH_SNAPSHOT_V1/daily_status.is_st_sec,False,False,,True
7b1a39d1562b59eb46050425b2940062adabbe7ef61ca3fa1a776c32a36c0c1d,601162.SH,2024-09-27,7efc9a1db0ab390aa8229e2ea9ff88a31b80eb425a8d6117c4e6d631b7dc17ca,4,80.39969173063097796184262167,TRUNCATED_SLICE_150_NONCANONICAL,QUALIFIED_BY_V3_PRICE_PATH,V3_OPERATIONAL_PRICE_PATH,False,REAL_RESEARCH_SNAPSHOT_V1/daily_status.is_st_sec,False,False,,True
6c3eb02da633b511ea478c76b80c8a6476622c80e337fdef7c432394ef32dab5,601177.SH,2025-02-17,c616ba8fd47277e7a9d98ee1c79afe0e7dd0d6bf604b8b0f3c30cb765d054f9d,4,91.92713382967109981432732290,TRUNCATED_SLICE_150_NONCANONICAL,QUALIFIED_BY_V3_PRICE_PATH,V3_OPERATIONAL_PRICE_PATH,False,REAL_RESEARCH_SNAPSHOT_V1/daily_status.is_st_sec,False,False,,True
167cee0e81d75aa82198bea501d8b3b5fd6933d6680bdcff50f07d867d690eaa,601212.SH,2026-01-23,04c365be97aeb36464363385cadb12d5f5dc580e5e1886b44175eb2796d77a50,4,87.42399516103543419509142841,TRUNCATED_SLICE_150_NONCANONICAL,QUALIFIED_BY_V3_PRICE_PATH,V3_OPERATIONAL_PRICE_PATH,False,REAL_RESEARCH_SNAPSHOT_V1/daily_status.is_st_sec,False,False,,True
7ced17ad86922f7d8f7d4895b3deed63ffa102be44ff20657d0b63bf59fd7ede,601218.SH,2025-07-03,84919d1420c88ebe28ae334edc3bc2e1d46f28456c8a827873cd564ad4b59200,4,90.42981241461081968798716005,TRUNCATED_SLICE_150_NONCANONICAL,QUALIFIED_BY_V3_PRICE_PATH,V3_OPERATIONAL_PRICE_PATH,False,REAL_RESEARCH_SNAPSHOT_V1/daily_status.is_st_sec,False,False,,True
409cf1ca10091d752863ced6fb8ca636309bb5d75fd13123219c1a4daac69c34,601519.SH,2024-12-05,5998d17a9a6344c413eb4c88a6bf90c69d50a60a41970bcd0fc8909902e4f572,4,82.20141938082949381978628849,TRUNCATED_SLICE_150_NONCANONICAL,QUALIFIED_BY_V3_PRICE_PATH,V3_OPERATIONAL_PRICE_PATH,False,REAL_RESEARCH_SNAPSHOT_V1/daily_status.is_st_sec,False,False,,True
f427a4e20ee283900768dcd73277ad2e3cbd3dde1cebc8b823f03ed66e17fc53,601566.SH,2025-11-17,117536668a584738a129fb785817c639b3caa83d82ef5cf4b94d42483fbb505a,4,92.16555167072039748538910408,TRUNCATED_SLICE_150_NONCANONICAL,QUALIFIED_BY_V3_PRICE_PATH,V3_OPERATIONAL_PRICE_PATH,False,REAL_RESEARCH_SNAPSHOT_V1/daily_status.is_st_sec,False,False,,True
163498d8b0268cec6cee5fbc5c6434a2876a10bb0f24696af3e20b2b751c9b20,601579.SH,2026-09-21,9f3325fcc0d7209153c3e8f09c7ce694785f61c588044a9bbce2d189d1621d29,4,86.51189068671652603213384917,TRUNCATED_SLICE_150_NONCANONICAL,QUALIFIED_BY_V3_PRICE_PATH,V3_OPERATIONAL_PRICE_PATH,False,REAL_RESEARCH_SNAPSHOT_V1/daily_status.is_st_sec,False,False,,True
082de50040a6ca5fb45f8a69c1489207ab7b6f5efe9d806e54626d388c396110,601606.SH,2025-06-23,2cee6b9c5e249a0dab5c06b605ca35de9b285fe2d42340fb82bb645229a605ae,4,86.15840305720095194168843857,TRUNCATED_SLICE_150_NONCANONICAL,QUALIFIED_BY_V3_PRICE_PATH,V3_OPERATIONAL_PRICE_PATH,False,REAL_RESEARCH_SNAPSHOT_V1/daily_status.is_st_sec,False,False,,True
3c78ff6aaa76777765dc77270d1ccde8cc4761807dda35481d848554a380915b,601606.SH,2025-08-06,32f17a18d2b15f1438cdbebf09eac4b690d33966b8faf01c59fc36c838f4f347,4,85.14322457277432180717589811,TRUNCATED_SLICE_150_NONCANONICAL,QUALIFIED_BY_V3_PRICE_PATH,V3_OPERATIONAL_PRICE_PATH,False,REAL_RESEARCH_SNAPSHOT_V1/daily_status.is_st_sec,False,False,,True
320a5209fb3041689be81641cac3d11a70b2dc371770169291ae1aee69d2fc05,601609.SH,2025-08-18,8bfa90a8c7ebe07bce0c5bdd8f3b9cea99b7b62ced4a42ab5bbeaa9ccf3d1073,4,88.56955425051413879321052580,TRUNCATED_SLICE_150_NONCANONICAL,QUALIFIED_BY_V3_PRICE_PATH,V3_OPERATIONAL_PRICE_PATH,False,REAL_RESEARCH_SNAPSHOT_V1/daily_status.is_st_sec,False,False,,True
3d6ed3aa0fa39989f761bab833e89b2dba3072b1e6ab03bf44c24927186a54f3,601616.SH,2026-01-21,aaa2c84f3011fb899c3bb70f6e69d299dd6ea5836f6c08c2e1d1c0c36ce1f4c4,4,91.72223320355661658519051483,TRUNCATED_SLICE_150_NONCANONICAL,QUALIFIED_BY_V3_PRICE_PATH,V3_OPERATIONAL_PRICE_PATH,False,REAL_RESEARCH_SNAPSHOT_V1/daily_status.is_st_sec,False,False,,True
27805034d7ca99db2f6742eec05640e5de0c16a756c91a942cea23f17b11016d,601669.SH,2025-07-24,5d56fb6cab747730148268ef312dcab718e5c906e0760558540021569b5cb43e,4,96.26257113278376660235964898,TRUNCATED_SLICE_150_NONCANONICAL,QUALIFIED_BY_V3_PRICE_PATH,V3_OPERATIONAL_PRICE_PATH,False,REAL_RESEARCH_SNAPSHOT_V1/daily_status.is_st_sec,False,False,,True
8b0e341065c4536b4a40dfdb93c70d13ea457555321ed38a6c6d3786a7f42833,601696.SH,2024-10-08,9a457d44b802569d45e0f31fe3af3146f8a1fff40d77f36215b5356ddbf21f99,4,93.61241792529332433453250479,TRUNCATED_SLICE_150_NONCANONICAL,QUALIFIED_BY_V3_PRICE_PATH,V3_OPERATIONAL_PRICE_PATH,False,REAL_RESEARCH_SNAPSHOT_V1/daily_status.is_st_sec,False,False,,True
cb8cd4a443128c9688e9407b2146fa7345bb659c9dc23e285b0927fb7ca88c0c,601700.SH,2026-08-06,f9c4c69a0b343574c9defd245ce22bc97ac89d5152313124f45a9d8ce617ccac,4,84.90260469860212706023261450,TRUNCATED_SLICE_150_NONCANONICAL,QUALIFIED_BY_V3_PRICE_PATH,V3_OPERATIONAL_PRICE_PATH,False,REAL_RESEARCH_SNAPSHOT_V1/daily_status.is_st_sec,False,False,,True
ea9a891c0c460fe7794545589bbd82c3102945b26d0f4b11bf441e2078df9ecc,601727.SH,2024-10-25,73ffe56e40551458676c28641daaacae5d510866febcab702cc167184222b735,4,82.04898827287203195407162737,TRUNCATED_SLICE_150_NONCANONICAL,QUALIFIED_BY_V3_PRICE_PATH,V3_OPERATIONAL_PRICE_PATH,False,REAL_RESEARCH_SNAPSHOT_V1/daily_status.is_st_sec,False,False,,True
90cdba65076a24f492e51d381d43689d5c6e05e3df52ca3c57c72f7620b48ee9,601727.SH,2024-11-08,f35f136e826e514e78d00e41225bae7e8d4ba89589ed07ef88b68d012dfeaeb4,4,87.84269896588963168440783474,TRUNCATED_SLICE_150_NONCANONICAL,QUALIFIED_BY_V3_PRICE_PATH,V3_OPERATIONAL_PRICE_PATH,False,REAL_RESEARCH_SNAPSHOT_V1/daily_status.is_st_sec,False,False,,True
94d7a866221b6e9b273680dbef398441c8ef160531d6c86e818013571cb1afec,601789.SH,2026-03-11,0f75c5b12813528cb93fd89c1e30f1b8b2c0af06896b5e9525d63be6351992d4,4,83.80340672287211122554814648,TRUNCATED_SLICE_150_NONCANONICAL,QUALIFIED_BY_V3_PRICE_PATH,V3_OPERATIONAL_PRICE_PATH,False,REAL_RESEARCH_SNAPSHOT_V1/daily_status.is_st_sec,False,False,,True
6cdd502641062e77810ef67aed5ec6e6421f60daab315f0549788bddf1f5d433,601811.SH,2026-09-23,38b419c27d4f4f956fcccb2455277e9b7d89494e1a5f0477729aae49f6232df6,4,90.21882587163067478830616055,TRUNCATED_SLICE_150_NONCANONICAL,QUALIFIED_BY_V3_PRICE_PATH,V3_OPERATIONAL_PRICE_PATH,False,REAL_RESEARCH_SNAPSHOT_V1/daily_status.is_st_sec,False,False,,True
5a141361a688506626de3f7c4038e839123fafd1dae0e08457ab836c3ed752d1,601828.SH,2024-09-30,ac15c117991a9eac106d53e38e1bbbe8a33a8763b73a53d1689d6528ebec03a7,4,86.09571094671447118180836095,TRUNCATED_SLICE_150_NONCANONICAL,QUALIFIED_BY_V3_PRICE_PATH,V3_OPERATIONAL_PRICE_PATH,False,REAL_RESEARCH_SNAPSHOT_V1/daily_status.is_st_sec,False,False,,True
532bd77dfec3bbfff65b5953576008c5ad4415c6d9f3022ac0fe0e30be2bbe2b,601929.SH,2025-08-12,ac561b123c3a4a76f2018d63982ce01e722014e9a0535e658df200c65708f977,4,88.26452363656510979323968024,TRUNCATED_SLICE_150_NONCANONICAL,QUALIFIED_BY_V3_PRICE_PATH,V3_OPERATIONAL_PRICE_PATH,False,REAL_RESEARCH_SNAPSHOT_V1/daily_status.is_st_sec,False,False,,True
a902b7eb2c92af25da46e5727d7ccf087582890612df7309c0fe2f9687502f24,601933.SH,2024-09-27,97efcb68ccf726148823809ff3e2ac8a3268dea08da513259f7534564806bf27,4,84.06757783217349250233093663,TRUNCATED_SLICE_150_NONCANONICAL,QUALIFIED_BY_V3_PRICE_PATH,V3_OPERATIONAL_PRICE_PATH,False,REAL_RESEARCH_SNAPSHOT_V1/daily_status.is_st_sec,False,False,,True
e8396472b4bcfe7b4cd951beb76615eb1e5a9ea47ba330aea32c562403bf4509,601956.SH,2025-04-28,b22ccf6b7231832e45e2b52440f98477e8e6c02a1413c1f8b54f645f85bf267a,4,83.55806637402055773062741309,TRUNCATED_SLICE_150_NONCANONICAL,QUALIFIED_BY_V3_PRICE_PATH,V3_OPERATIONAL_PRICE_PATH,False,REAL_RESEARCH_SNAPSHOT_V1/daily_status.is_st_sec,False,False,,True
f50274a05b6233e16afee2a225b1ad4755749b580ebc456071ed407ae66813e8,601991.SH,2026-05-11,92bd0a3b88ceedcb43a47fe55a949dbb6f8ac6282ec2554722bd18153c673c90,4,84.34545834172431288845938051,TRUNCATED_SLICE_150_NONCANONICAL,QUALIFIED_BY_V3_PRICE_PATH,V3_OPERATIONAL_PRICE_PATH,False,REAL_RESEARCH_SNAPSHOT_V1/daily_status.is_st_sec,False,False,,True
0e09075bfe2ddbbb8fb99888d8cf8324fbb1cf671cd9bf888975d3e6680113af,603000.SH,2026-01-15,3e2e8e8e5a61d7f81bf3349a360e95a3e608a8a5f21f05b623e885d57f594116,4,94.43461740146719446820627167,TRUNCATED_SLICE_150_NONCANONICAL,QUALIFIED_BY_V3_PRICE_PATH,V3_OPERATIONAL_PRICE_PATH,False,REAL_RESEARCH_SNAPSHOT_V1/daily_status.is_st_sec,False,False,,True
a10155db2c05d49e4bc6cbef92e1dc41d7d850e1af0115c602c1e607d54d4dfb,603002.SH,2026-06-22,66a0ca1553b3ffcb1c388c162c58380789828ae698f40c3011bd235ef6dd883d,4,78.22062364420054826063078571,TRUNCATED_SLICE_150_NONCANONICAL,QUALIFIED_BY_V3_PRICE_PATH,V3_OPERATIONAL_PRICE_PATH,False,REAL_RESEARCH_SNAPSHOT_V1/daily_status.is_st_sec,False,False,,True
9af2b5d30a2ed56b12bced447dca98ce77fd184aaa47f504f8c325b271159c57,603004.SH,2024-11-21,773393c0762865a073b672be8a5c024ceeb02814467d8c0d161a70c5517caf48,4,82.19756299362289831234228013,TRUNCATED_SLICE_150_NONCANONICAL,QUALIFIED_BY_V3_PRICE_PATH,V3_OPERATIONAL_PRICE_PATH,False,REAL_RESEARCH_SNAPSHOT_V1/daily_status.is_st_sec,False,False,,True
1a67c1c04f6335f019b463a636f1966fe34c4054bd8327aa9cdcdc700d57dc35,603011.SH,2025-03-28,82389ca0f92606f20bfb8892d1008acc8e70d89f18ef99df410c79f17d057306,4,89.00529438024451731956323297,TRUNCATED_SLICE_150_NONCANONICAL,QUALIFIED_BY_V3_PRICE_PATH,V3_OPERATIONAL_PRICE_PATH,False,REAL_RESEARCH_SNAPSHOT_V1/daily_status.is_st_sec,False,False,,True
83586b7c2d34a1e1f9e4c97f519171e15048a61307604c1442032c472b26f048,603011.SH,2025-10-13,7640ba45072092fd3a2d43e0b0cdd00727631fb9157dfa61e6d104239323a55a,4,78.24483052449179390692944941,TRUNCATED_SLICE_150_NONCANONICAL,QUALIFIED_BY_V3_PRICE_PATH,V3_OPERATIONAL_PRICE_PATH,False,REAL_RESEARCH_SNAPSHOT_V1/daily_status.is_st_sec,False,False,,True
6cb047aac3616783231112227a7042ab00be82217381c279ae2ddff035305bf2,603011.SH,2026-06-01,91ff50f145940e3955ba9ece61b37192f9ef9928c85b0a93a708378c43bbf78e,4,73.83151076678247180229771688,TRUNCATED_SLICE_150_NONCANONICAL,QUALIFIED_BY_V3_PRICE_PATH,V3_OPERATIONAL_PRICE_PATH,False,REAL_RESEARCH_SNAPSHOT_V1/daily_status.is_st_sec,False,False,,True
e952971df49ec65e19ef82ed0631d38f4277bfae8554e81a947d046abf7cf78c,603015.SH,2024-11-22,bd74100af77ce4b3054abd9178b12cc76b82b667627a36328f7ab9c12ff47176,4,81.44988458546160496662848512,TRUNCATED_SLICE_150_NONCANONICAL,QUALIFIED_BY_V3_PRICE_PATH,V3_OPERATIONAL_PRICE_PATH,False,REAL_RESEARCH_SNAPSHOT_V1/daily_status.is_st_sec,False,False,,True
954924f3eb6c621058e9f0ea18208b0cb00493fce6aaba26903c26d0a5f9ca39,603015.SH,2025-01-14,4fc56bab8b90219793e9a548d3ab1637ea4ed30b3fa6b498b8317e4d4a85c22c,4,70.85122518213487142735604698,TRUNCATED_SLICE_150_NONCANONICAL,QUALIFIED_BY_V3_PRICE_PATH,V3_OPERATIONAL_PRICE_PATH,False,REAL_RESEARCH_SNAPSHOT_V1/daily_status.is_st_sec,False,False,,True
c364775d2210e0b835ded451f456548400549bc04aaca95d57778523e715aa60,603015.SH,2026-01-12,23b0eb0434b35445b5127e5844388b425d868c5537b5eff1d8fcf84a23a37895,4,87.23299482377820154320787456,TRUNCATED_SLICE_150_NONCANONICAL,QUALIFIED_BY_V3_PRICE_PATH,V3_OPERATIONAL_PRICE_PATH,False,REAL_RESEARCH_SNAPSHOT_V1/daily_status.is_st_sec,False,False,,True
5ac06144a6bfd329e45939e05cd7f481a52db7d92a07165ab751cde7c28d9931,603017.SH,2025-06-06,7145d6dd6587e84bc6678f0a4358f3e5f3b9fb5337e82f3d1a2d44a5ec10bdac,4,77.37983663788363688762252340,TRUNCATED_SLICE_150_NONCANONICAL,QUALIFIED_BY_V3_PRICE_PATH,V3_OPERATIONAL_PRICE_PATH,False,REAL_RESEARCH_SNAPSHOT_V1/daily_status.is_st_sec,False,False,,True
69eae782bd0dea1bbbd3ffd42d33d29bddf8dbaefeac608955761e0d32055988,603021.SH,2024-10-23,dfddf39f3915b750658872ecc8294e62304decfcd79fe0a0309c38c357fa6f80,4,84.01403213434352124183407416,TRUNCATED_SLICE_150_NONCANONICAL,QUALIFIED_BY_V3_PRICE_PATH,V3_OPERATIONAL_PRICE_PATH,False,REAL_RESEARCH_SNAPSHOT_V1/daily_status.is_st_sec,False,False,,True
98d35e5c7086133af5fb7b43b281f5d499cecc60a7e4b07819fe81b0374c0a72,603022.SH,2025-06-25,b2b4227b43b320d926a35900020545863f78f329bdff96b2d3135c38c2b54d2b,4,83.15028395767395039547237031,TRUNCATED_SLICE_150_NONCANONICAL,QUALIFIED_BY_V3_PRICE_PATH,V3_OPERATIONAL_PRICE_PATH,False,REAL_RESEARCH_SNAPSHOT_V1/daily_status.is_st_sec,False,False,,True
6f156fcf8002bc37db329992075daa8b4aeeb97b141d3af1e3da936b314985aa,603030.SH,2025-05-07,c3adc845a3229b5356f926ab176df3b8245f716b98ed92cb9bc7b0727011fd78,4,77.39036746293620732677435130,TRUNCATED_SLICE_150_NONCANONICAL,QUALIFIED_BY_V3_PRICE_PATH,V3_OPERATIONAL_PRICE_PATH,False,REAL_RESEARCH_SNAPSHOT_V1/daily_status.is_st_sec,False,False,,True
390b021fa776ba21d3204d79cb3fae943e513b51a60ebf8039860f4593fd835f,603038.SH,2024-10-16,cf2a77b4e7e8c6c358bab8ed85727a707247d5d46a38374eef1c750be31de3bc,4,79.50251533194349934975474759,TRUNCATED_SLICE_150_NONCANONICAL,QUALIFIED_BY_V3_PRICE_PATH,V3_OPERATIONAL_PRICE_PATH,False,REAL_RESEARCH_SNAPSHOT_V1/daily_status.is_st_sec,False,False,,True
4a70a10939215b7d132ef48c2948a2629c11073c8f8e4d34ce5479c8b96e5e6c,603038.SH,2024-10-25,2b9e81f7bf750ca316518795b8bba079ae610900c69dce343c36b15d8d5e9751,5,94.18657227439264471331593073,TRUNCATED_SLICE_150_NONCANONICAL,QUALIFIED_BY_V3_PRICE_PATH,V3_OPERATIONAL_PRICE_PATH,False,REAL_RESEARCH_SNAPSHOT_V1/daily_status.is_st_sec,False,False,,True
6273d2e3d908c04aa8f282405436519c2e0c79b1217f70a9ff245d7d645be829,603045.SH,2026-05-08,a5c609d1df1eb75bf52df6b306100f77b7a2a289b7fe7921831fb4f7ada3edd8,4,90.67113761302099039150764031,TRUNCATED_SLICE_150_NONCANONICAL,QUALIFIED_BY_V3_PRICE_PATH,V3_OPERATIONAL_PRICE_PATH,False,REAL_RESEARCH_SNAPSHOT_V1/daily_status.is_st_sec,False,False,,True
e4d1ba5cff6ce2ccd92934bfb1400fff43f980b7b90e8241ff05d29a06251730,603048.SH,2025-03-07,3b1d3c96f1cf056916c29aebf4a4cea8b08c1e50eb8002391a552092d2319445,4,85.75559504011868868138944264,TRUNCATED_SLICE_150_NONCANONICAL,QUALIFIED_BY_V3_PRICE_PATH,V3_OPERATIONAL_PRICE_PATH,False,REAL_RESEARCH_SNAPSHOT_V1/daily_status.is_st_sec,False,False,,True
2342650256fb226d5fb079b181dc6bdcb9632422549dbe68fc91f09ae286cbeb,603059.SH,2025-08-05,61430f6b9df595e42a24493da2a3c29b3e2b133a1f1afb6d1a05c90454096cc7,4,91.37929198101817960950177176,TRUNCATED_SLICE_150_NONCANONICAL,QUALIFIED_BY_V3_PRICE_PATH,V3_OPERATIONAL_PRICE_PATH,False,REAL_RESEARCH_SNAPSHOT_V1/daily_status.is_st_sec,False,False,,True
fdd376911b6840a6af65992384c7349585ad4f11f610b425d8b35e8b7851d46f,603063.SH,2025-01-09,23fc764c06145bec7af14cda2d95e04b6ce11ecfa76ead36fe8e2155930282bc,4,76.93503078175508010458841477,TRUNCATED_SLICE_150_NONCANONICAL,QUALIFIED_BY_V3_PRICE_PATH,V3_OPERATIONAL_PRICE_PATH,False,REAL_RESEARCH_SNAPSHOT_V1/daily_status.is_st_sec,False,False,,True
666816129a8a9cbfb87fe0a443a32b3a457d19a3ff4ed2f8ce37da31419d667b,603078.SH,2026-01-22,d7ff22840c314480f142bba9208e12459c0218696181c9e92fc1ea302c5def9b,4,93.24035128292173999092642453,TRUNCATED_SLICE_150_NONCANONICAL,QUALIFIED_BY_V3_PRICE_PATH,V3_OPERATIONAL_PRICE_PATH,False,REAL_RESEARCH_SNAPSHOT_V1/daily_status.is_st_sec,False,False,,True
c860eed2912146348af3ce79f2bfc8dfda374f38afe2d74c9be97fe75f90451e,603082.SH,2026-05-19,4b09773a27cbd862c3048d8318256e4efe01585438467d50c707dee90cc8b67b,4,84.63588510508938603437837681,FULL_AVAILABLE_PREFIX,QUALIFIED_BY_V3_PRICE_PATH,V3_OPERATIONAL_PRICE_PATH,False,REAL_RESEARCH_SNAPSHOT_V1/daily_status.is_st_sec,False,False,,True
103ee033127acadfdff5d3d610507c313c65c7dd5d3f07319ec53c66be106387,603086.SH,2025-02-18,afc30d568327bd020c8a493304aa6bd6172e5812045d5a47d8f99279fe37ab9e,4,80.51907724538006705946393300,TRUNCATED_SLICE_150_NONCANONICAL,QUALIFIED_BY_V3_PRICE_PATH,V3_OPERATIONAL_PRICE_PATH,False,REAL_RESEARCH_SNAPSHOT_V1/daily_status.is_st_sec,False,False,,True
1b2674ead1e88dc249890593d94d360f0745912fd520b5876327a363afa0a411,603086.SH,2025-04-24,a802c315119eb0ef4cf86662afda92e61bd338c4cee329e08b4cd7fd98ab1a2d,4,82.14086782598618610791388088,TRUNCATED_SLICE_150_NONCANONICAL,QUALIFIED_BY_V3_PRICE_PATH,V3_OPERATIONAL_PRICE_PATH,False,REAL_RESEARCH_SNAPSHOT_V1/daily_status.is_st_sec,False,False,,True
79d60ee44b97a6b43812d76b932c5a1cf0d5ab7a6367e5e7d7bee8754d0e7144,603088.SH,2024-12-10,01d25b4c82693619fbc03caf4bc7f537afc1ad65754dada74042258e1460148c,4,78.82616658822005092224248477,TRUNCATED_SLICE_150_NONCANONICAL,QUALIFIED_BY_V3_PRICE_PATH,V3_OPERATIONAL_PRICE_PATH,False,REAL_RESEARCH_SNAPSHOT_V1/daily_status.is_st_sec,False,False,,True
40566cdb27a4a3c79327de2b98cf4275df1468c2e347626a04846cb1a09aaccf,603093.SH,2025-06-09,c41092a1970a6373c9a922e9ad43ec31e9d4100d3a044d8a204daf43d70e84ca,4,87.97629042329999568896234892,TRUNCATED_SLICE_150_NONCANONICAL,QUALIFIED_BY_V3_PRICE_PATH,V3_OPERATIONAL_PRICE_PATH,False,REAL_RESEARCH_SNAPSHOT_V1/daily_status.is_st_sec,False,False,,True
25a73eb20298ed6fbd4936a6f4a0d8429ba01e958af52880a6c7f605ecd75249,603095.SH,2024-10-25,dc16dad8e6dc567f1914f71674d025df4700537281c5a67f156b0f088c072c00,4,76.57589899120896312715011916,TRUNCATED_SLICE_150_NONCANONICAL,QUALIFIED_BY_V3_PRICE_PATH,V3_OPERATIONAL_PRICE_PATH,False,REAL_RESEARCH_SNAPSHOT_V1/daily_status.is_st_sec,False,False,,True
f9ec8cfeb627b8228443af8634dbfa815a76f92ab4f38bf88e130030a97615af,603095.SH,2026-04-30,7b141e1e6be0bbc8bcaf0f7b5f9b0911365cdf2e1d22d38e9a81c4a1fbdf26dd,4,80.55909591094934013487498396,TRUNCATED_SLICE_150_NONCANONICAL,QUALIFIED_BY_V3_PRICE_PATH,V3_OPERATIONAL_PRICE_PATH,False,REAL_RESEARCH_SNAPSHOT_V1/daily_status.is_st_sec,False,False,,True
1ce86e5b6a19578a13c434e86b43b84eec1a9f47fe9c68649b9f72c5cd8985cc,603103.SH,2026-02-03,748b3b94e65b7597f025ea9d21dc7254945c1fb9c78755682754cd076503188a,4,95.63046789209938194404204960,TRUNCATED_SLICE_150_NONCANONICAL,QUALIFIED_BY_V3_PRICE_PATH,V3_OPERATIONAL_PRICE_PATH,False,REAL_RESEARCH_SNAPSHOT_V1/daily_status.is_st_sec,False,False,,True
c6a035ec3d3244d81fa98f09048b26d32221eda6e61d2e8bbb4483d8f932ab95,603106.SH,2024-09-26,b5bac867d8836fca18cb48a6795952b56968ebc05565ae6b4ff05a1044e6436d,4,85.68991452189559995813320760,TRUNCATED_SLICE_150_NONCANONICAL,QUALIFIED_BY_V3_PRICE_PATH,V3_OPERATIONAL_PRICE_PATH,False,REAL_RESEARCH_SNAPSHOT_V1/daily_status.is_st_sec,False,False,,True
258c3a3918cca414789e3b1c7b5982825df9c3f7770aecf3042ca0262b30531e,603106.SH,2024-10-28,c1e881d8b96973f1457607cb4e322ac66b10b23e01bc58c5516f93bce45e7e1e,4,82.65678367060659613817778102,TRUNCATED_SLICE_150_NONCANONICAL,QUALIFIED_BY_V3_PRICE_PATH,V3_OPERATIONAL_PRICE_PATH,False,REAL_RESEARCH_SNAPSHOT_V1/daily_status.is_st_sec,False,False,,True
0e1bde0e0068bd3bf7b1f3884ce21a705a6eced352ce54cbfd58f69df466eb45,603106.SH,2026-08-06,88373ebf88f1e14aaaa150242b6009f2d52505645f8ee4ddf78fe48e52582156,4,82.07514067759450808228691375,TRUNCATED_SLICE_150_NONCANONICAL,QUALIFIED_BY_V3_PRICE_PATH,V3_OPERATIONAL_PRICE_PATH,False,REAL_RESEARCH_SNAPSHOT_V1/daily_status.is_st_sec,False,False,,True
e893130679dce3976580497fffb7eb9e7888c6b9bb78c93a12b980772ef93ba2,603117.SH,2024-10-23,81135d7768d2d4415f659ca6a30f15b054a331ed37916c9bca5845838435fc98,4,83.45615265121101206599543042,TRUNCATED_SLICE_150_NONCANONICAL,QUALIFIED_BY_V3_PRICE_PATH,V3_OPERATIONAL_PRICE_PATH,False,REAL_RESEARCH_SNAPSHOT_V1/daily_status.is_st_sec,False,False,,True
02732525103edf0926969362acdcc06f666a1057c1ad3c24c27146892496eb59,603122.SH,2025-10-31,cb553393191aeb5bccc67d24f58d825d6ee1f1899ba3c3b1ad471a98ce20b5d4,4,89.85858370958804801313798983,TRUNCATED_SLICE_150_NONCANONICAL,QUALIFIED_BY_V3_PRICE_PATH,V3_OPERATIONAL_PRICE_PATH,False,REAL_RESEARCH_SNAPSHOT_V1/daily_status.is_st_sec,False,False,,True
ede01e34bf4f09464839ad539c53fa38a630a54f3e168f4d431ca06b258922bb,603122.SH,2025-11-11,c0f3e94400a558268c0d75d6da502e609ea6cce3b3b6151933fbf88884988444,4,97.60477027210095786359555863,TRUNCATED_SLICE_150_NONCANONICAL,QUALIFIED_BY_V3_PRICE_PATH,V3_OPERATIONAL_PRICE_PATH,False,REAL_RESEARCH_SNAPSHOT_V1/daily_status.is_st_sec,False,False,,True
269b007488210b1a8b9f1636b6d32ac0d10f6c8388a4d2a5d506cd0a6fc48456,603122.SH,2025-11-20,874267768440fbc953214cee9b10087a52d279f67153e4bdec185551e7a0b606,4,98.83508840501762595030667196,TRUNCATED_SLICE_150_NONCANONICAL,QUALIFIED_BY_V3_PRICE_PATH,V3_OPERATIONAL_PRICE_PATH,False,REAL_RESEARCH_SNAPSHOT_V1/daily_status.is_st_sec,False,False,,True
b56ce8a338b4844c44bdfdb12593896bc10fccf3965ce8f4792423c280d23775,603123.SH,2025-06-05,29af185eaa75920fd244f3e19460dbd39ac22a27ae4ed775ca145bf1e57cebda,4,85.28614951847006753651259861,TRUNCATED_SLICE_150_NONCANONICAL,QUALIFIED_BY_V3_PRICE_PATH,V3_OPERATIONAL_PRICE_PATH,False,REAL_RESEARCH_SNAPSHOT_V1/daily_status.is_st_sec,False,False,,True
184211733b051754778f83ccfe77f1e210a70529581efe8c87dd8672cbdd1dd3,603135.SH,2026-06-08,b938dd5128c36eb38ed205f60df18ffe78ceec2bbafb9c31cd0687dfb4f0cb53,4,77.10382296334781893113616738,TRUNCATED_SLICE_150_NONCANONICAL,QUALIFIED_BY_V3_PRICE_PATH,V3_OPERATIONAL_PRICE_PATH,False,REAL_RESEARCH_SNAPSHOT_V1/daily_status.is_st_sec,False,False,,True
453f0f3350f93b9bfc595aa47de8367419c64e8fd483ef07f29530338fe03300,603137.SH,2026-07-03,b658a5fcba170d10aba4cd8d7f522e85f56d72cefd517b33ad6b83bc87b9eac4,4,80.36749705214875603449566953,TRUNCATED_SLICE_150_NONCANONICAL,QUALIFIED_BY_V3_PRICE_PATH,V3_OPERATIONAL_PRICE_PATH,False,REAL_RESEARCH_SNAPSHOT_V1/daily_status.is_st_sec,False,False,,True
211e31c57e9a2bc6cd9c7dac5448a514376a53939d4b3cf95b563dc4a25a99a0,603137.SH,2026-07-14,555c1ba4b1442bf779322125fcbe59a5a53d0cc45e93202ecf084bf00bc8ba20,4,95.13180571726054906299017176,TRUNCATED_SLICE_150_NONCANONICAL,QUALIFIED_BY_V3_PRICE_PATH,V3_OPERATIONAL_PRICE_PATH,False,REAL_RESEARCH_SNAPSHOT_V1/daily_status.is_st_sec,False,False,,True
d44cfb21fdf2a3cd6773b81f2683ababd8b88306109047505f661cf46026eef9,603155.SH,2024-07-09,cdd19db664cd776deef5c48b128abb02dc797ef0b1ac73081e4e5f9213ac873d,4,78.72915639691672690452117795,TRUNCATED_SLICE_150_NONCANONICAL,QUALIFIED_BY_V3_PRICE_PATH,V3_OPERATIONAL_PRICE_PATH,False,REAL_RESEARCH_SNAPSHOT_V1/daily_status.is_st_sec,False,False,,True
93033a2aa6ca5ff299ea37b2cefe465dacaf80e8627befda6535618daf095429,603158.SH,2025-08-19,71bdcd57343be17396e2c0bccd9739a8b76dadc671c24ce5293ae5ebaafdb03d,4,94.56095372427219849474083272,TRUNCATED_SLICE_150_NONCANONICAL,QUALIFIED_BY_V3_PRICE_PATH,V3_OPERATIONAL_PRICE_PATH,False,REAL_RESEARCH_SNAPSHOT_V1/daily_status.is_st_sec,False,False,,True
04264a1ebcf9f77fb3592257b08ad3a079f37c14357409f2d938badaea353abc,603163.SH,2025-12-25,9ada33a38da93f06bf2a2d1973b231c14c7c08091cfaa9f12b6c759d167b0643,4,77.70135536676178519440789326,TRUNCATED_SLICE_150_NONCANONICAL,QUALIFIED_BY_V3_PRICE_PATH,V3_OPERATIONAL_PRICE_PATH,False,REAL_RESEARCH_SNAPSHOT_V1/daily_status.is_st_sec,False,False,,True
fa669595dd7e78802d95f8de14b4a5bfab751d405d8323632a3eb025ddf5cdf5,603172.SH,2026-02-03,0a4fd6cd584ee35851c42df48c7b76bba6546d3b8e6b1882bd47ae761fc47a14,4,94.52807134308039764708350925,TRUNCATED_SLICE_150_NONCANONICAL,QUALIFIED_BY_V3_PRICE_PATH,V3_OPERATIONAL_PRICE_PATH,False,REAL_RESEARCH_SNAPSHOT_V1/daily_status.is_st_sec,False,False,,True
35643f31f9cb03a721abfc1db3fd195130084ff0be7a7048d7f3cab3d1b47019,603177.SH,2025-01-17,46332416c7ada6b678ace525737273322edd6ab9c6d0c965fdb695171b386aa0,4,78.17474133434321949977904381,TRUNCATED_SLICE_150_NONCANONICAL,QUALIFIED_BY_V3_PRICE_PATH,V3_OPERATIONAL_PRICE_PATH,False,REAL_RESEARCH_SNAPSHOT_V1/daily_status.is_st_sec,False,False,,True
073adcbe958a9f6f0c7d1f1d76741a1fa545d164b191138322961a7556a13668,603177.SH,2025-08-29,194b206236634343f2252815af274fd6fc57d70d5c52bdaa25b57cbfbafac83f,4,90.79272394473775811082857943,TRUNCATED_SLICE_150_NONCANONICAL,QUALIFIED_BY_V3_PRICE_PATH,V3_OPERATIONAL_PRICE_PATH,False,REAL_RESEARCH_SNAPSHOT_V1/daily_status.is_st_sec,False,False,,True
e20563194a1c4bc97f38e0a72d60e5335c38c9c7baa975521c63a61791de3bb9,603192.SH,2025-05-26,a66e2a4c11daea3d76184c7ccd6f27b286705f7ba36910fc0851126c1a61d215,4,90.15765058137927775442196081,TRUNCATED_SLICE_150_NONCANONICAL,QUALIFIED_BY_V3_PRICE_PATH,V3_OPERATIONAL_PRICE_PATH,False,REAL_RESEARCH_SNAPSHOT_V1/daily_status.is_st_sec,False,False,,True
8e2da615001139979bae70b994cff7972bcf1db8c8d5446c10a5e85a3968a04e,603196.SH,2024-11-05,30d5a1fdae59f0cba34ab57f28a8f84fedc9aba9c8d0a99b13477953509aeea8,4,82.72483982811448726831646524,TRUNCATED_SLICE_150_NONCANONICAL,QUALIFIED_BY_V3_PRICE_PATH,V3_OPERATIONAL_PRICE_PATH,False,REAL_RESEARCH_SNAPSHOT_V1/daily_status.is_st_sec,False,False,,True
17e2088b35b9a11c93e68a8d92902960283bab57eb40f99264c405a2d739b0fe,603211.SH,2025-01-24,7b73ffdc37054aa76945e4e808571c1c9cd553132b9c2565d81bc2542141b62c,4,81.44575394259820145243174321,TRUNCATED_SLICE_150_NONCANONICAL,QUALIFIED_BY_V3_PRICE_PATH,V3_OPERATIONAL_PRICE_PATH,False,REAL_RESEARCH_SNAPSHOT_V1/daily_status.is_st_sec,False,False,,True
97a39e2907136ebd4d8455c95e7c87db9b7703f536860098d3a83a086962caf7,603216.SH,2025-11-24,b7996b71b57ca86977faec0a289767498c4eb4652177d5d7eeb4a299e940cf88,4,80.33314790524220709793118474,TRUNCATED_SLICE_150_NONCANONICAL,QUALIFIED_BY_V3_PRICE_PATH,V3_OPERATIONAL_PRICE_PATH,False,REAL_RESEARCH_SNAPSHOT_V1/daily_status.is_st_sec,False,False,,True
818bbf1e93e4a17765ca2b3620d800363e836d33bcc031ccdb8f4993d3998d69,603221.SH,2025-04-09,e0128fbf4ccdb085d492a751e68f4d107db150587b58fc61423133dd42274462,4,86.44954944063667370556837489,TRUNCATED_SLICE_150_NONCANONICAL,QUALIFIED_BY_V3_PRICE_PATH,V3_OPERATIONAL_PRICE_PATH,False,REAL_RESEARCH_SNAPSHOT_V1/daily_status.is_st_sec,False,False,,True
7ca13ceb8109b2e25e9a6ffed9e5496a7a4ee35f45710fa2d3aad7d2c3643e8a,603221.SH,2025-08-18,9972c3c4f57f849b00b1415379aefd91571b0cb3063c2d8a9a5f6c18f359a4a0,4,91.46732665254034967872929022,TRUNCATED_SLICE_150_NONCANONICAL,QUALIFIED_BY_V3_PRICE_PATH,V3_OPERATIONAL_PRICE_PATH,False,REAL_RESEARCH_SNAPSHOT_V1/daily_status.is_st_sec,False,False,,True
0dafea1871c56dc4d83c63bb18c1cc887eb51c582763bf0c4ca7fbe8978fcdba,603221.SH,2026-07-27,c5890861a2acfd510d7be2721c147a0dce48de17e15cfdc5f28c8acec23e72c0,5,72.76150361437344244352641970,TRUNCATED_SLICE_150_NONCANONICAL,QUALIFIED_BY_V3_PRICE_PATH,V3_OPERATIONAL_PRICE_PATH,False,REAL_RESEARCH_SNAPSHOT_V1/daily_status.is_st_sec,False,False,,True
524fd5733bcb1198f0e1a2ff33e38c84eacf30017691cbc72fad1a0df743c0c2,603221.SH,2026-08-06,9ac6847ed279519905e9b0b8430b28b381c74d73c25e0ebaa447419732053b94,5,88.66579645461664792414843556,TRUNCATED_SLICE_150_NONCANONICAL,QUALIFIED_BY_V3_PRICE_PATH,V3_OPERATIONAL_PRICE_PATH,False,REAL_RESEARCH_SNAPSHOT_V1/daily_status.is_st_sec,False,False,,True
d12f22edf814e95c5dfdd29e6b1042094e362476873ada3333963c530d0a50f3,603222.SH,2025-08-19,97ab622f2dc65a04d9376d5c29bc22b8dde28cbe8bd6b9b0bf7d56376537941f,4,90.70545999304068360273503852,TRUNCATED_SLICE_150_NONCANONICAL,QUALIFIED_BY_V3_PRICE_PATH,V3_OPERATIONAL_PRICE_PATH,False,REAL_RESEARCH_SNAPSHOT_V1/daily_status.is_st_sec,False,False,,True
baf7efde33147b726c64a3bed759c418d276d79b2e017545b0db702b19ea45e4,603226.SH,2025-06-06,5df7664b05179098a0de1e7c6b0160882123cecc1d3f552e0c5630498fe54926,4,84.51245825711852904642867076,TRUNCATED_SLICE_150_NONCANONICAL,QUALIFIED_BY_V3_PRICE_PATH,V3_OPERATIONAL_PRICE_PATH,False,REAL_RESEARCH_SNAPSHOT_V1/daily_status.is_st_sec,False,False,,True
b89e8f64cafcce7e30016bf436d62fde764574364383360b05fa4226769a46ec,603230.SH,2026-09-21,00665f19a52fd5ef22771033ef8704893e5a1da92bfda0209fd58d9a33c1b224,4,86.90027280982717076500757468,TRUNCATED_SLICE_150_NONCANONICAL,QUALIFIED_BY_V3_PRICE_PATH,V3_OPERATIONAL_PRICE_PATH,False,REAL_RESEARCH_SNAPSHOT_V1/daily_status.is_st_sec,False,False,,True
fa3783aa9724dbe500ab328cfe6d9a037ee515c81d35a30c477c55e23afb6991,603238.SH,2024-12-18,3a49b77cada1d2d6887de5788c8c8445d8d96524bc122f08d44d1f16affa3474,4,91.22590407702696196102707790,TRUNCATED_SLICE_150_NONCANONICAL,QUALIFIED_BY_V3_PRICE_PATH,V3_OPERATIONAL_PRICE_PATH,False,REAL_RESEARCH_SNAPSHOT_V1/daily_status.is_st_sec,False,False,,True
3e272dc99de66c9d5cadaec993d0beb2997d4d73ee25edbfd580eee928b2b449,603248.SH,2026-09-18,72306fb84cfafe8b6e5223d435742e5290957594ec8ca92e42baef53ed14b819,4,82.05035810281959242020732222,FULL_AVAILABLE_PREFIX,QUALIFIED_BY_V3_PRICE_PATH,V3_OPERATIONAL_PRICE_PATH,False,REAL_RESEARCH_SNAPSHOT_V1/daily_status.is_st_sec,False,False,,True
05d8c18bb08314767e02ff21c9625cf19a34486b6609f483c138bd08e918eb5f,603268.SH,2024-10-22,d6e3a86f5b68bf2375ef7c9d04fe26fdabdb5616cc70b60105faf3e4534fb2e9,4,89.20757139473448853746194267,TRUNCATED_SLICE_150_NONCANONICAL,QUALIFIED_BY_V3_PRICE_PATH,V3_OPERATIONAL_PRICE_PATH,False,REAL_RESEARCH_SNAPSHOT_V1/daily_status.is_st_sec,False,False,,True
914b10a903ab63e3805fed160fefaaf8abd1cd8bc73854d2ca045be1d8bc7e1c,603268.SH,2024-10-31,dd6f2db6dc0447b756432fdb55c803f08d0b2b8c6b217c7c860137083cfaf679,5,97.34129865468184290805284322,TRUNCATED_SLICE_150_NONCANONICAL,QUALIFIED_BY_V3_PRICE_PATH,V3_OPERATIONAL_PRICE_PATH,False,REAL_RESEARCH_SNAPSHOT_V1/daily_status.is_st_sec,False,False,,True
96086f74c97594c973bc05ea00bccb71f66ce642b14981cd9768932dffacfb13,603269.SH,2025-01-09,3f427421d6d7989adb7ee4d613a6f0548c439b85361765add2401ea96cbdb892,4,82.37420697407172740445997807,TRUNCATED_SLICE_150_NONCANONICAL,QUALIFIED_BY_V3_PRICE_PATH,V3_OPERATIONAL_PRICE_PATH,False,REAL_RESEARCH_SNAPSHOT_V1/daily_status.is_st_sec,False,False,,True
e6e0ce80cfa973545741e6303642ad5014b710f292b4cddf4ddfc0288e706010,603278.SH,2024-08-05,ca1530f9050a6ade7128cdf52ae8f56400ebb8766617f04c4fac96f0c8c1e213,4,76.39134124341245380671567278,TRUNCATED_SLICE_150_NONCANONICAL,QUALIFIED_BY_V3_PRICE_PATH,V3_OPERATIONAL_PRICE_PATH,False,REAL_RESEARCH_SNAPSHOT_V1/daily_status.is_st_sec,False,False,,True
63c2f5fcb6d3a9f0b003006c263e1c5e2c837ce7ae339e4f62dae5466082558a,603278.SH,2024-12-04,9e93d5d19ae56e057c9ec96eb13534735bebf26c4603c9070e2e39f0b211e018,4,80.36256801051204180526130014,TRUNCATED_SLICE_150_NONCANONICAL,QUALIFIED_BY_V3_PRICE_PATH,V3_OPERATIONAL_PRICE_PATH,False,REAL_RESEARCH_SNAPSHOT_V1/daily_status.is_st_sec,False,False,,True
797da0471ca3f50e8296053c6134b22d12bc0ec27559d1c120a2e42916dab445,603278.SH,2025-12-29,a0e8d503b34c721dcfcee96862f82d4a7b9b041af5c3d132dc8741f4cfcea3cc,4,78.45722076789603633132869923,TRUNCATED_SLICE_150_NONCANONICAL,QUALIFIED_BY_V3_PRICE_PATH,V3_OPERATIONAL_PRICE_PATH,False,REAL_RESEARCH_SNAPSHOT_V1/daily_status.is_st_sec,False,False,,True
c0f19bb664df66a6732550c6b251c4af9dea8eee8d4053ededf78aeed4024636,603280.SH,2025-07-24,ab61d1c6305495b90f36687a5b4c6165d9588a919606488cc806b4795b3b1d68,4,87.25232260814330189076052066,TRUNCATED_SLICE_150_NONCANONICAL,QUALIFIED_BY_V3_PRICE_PATH,V3_OPERATIONAL_PRICE_PATH,False,REAL_RESEARCH_SNAPSHOT_V1/daily_status.is_st_sec,False,False,,True
60dbfaa24b9bfbd95999a54cb51a1cb41710ebb7fa8036b41467cf7dcf5ff805,603300.SH,2025-02-11,e6ef5397d5b8ddb1cbfd59677010af9c11552988e215ce9e438894c06bfad863,4,86.45326990693614186511991788,TRUNCATED_SLICE_150_NONCANONICAL,QUALIFIED_BY_V3_PRICE_PATH,V3_OPERATIONAL_PRICE_PATH,False,REAL_RESEARCH_SNAPSHOT_V1/daily_status.is_st_sec,False,False,,True
9429d78b7d6291bbed63f6906c9e88d6ab91e5a1ecb2d93875f1d445ca91d4b6,603315.SH,2025-03-20,37533e70b4690508f7a25336e4f2dd2cd956bdf8a09ac45cfdb8349590f70eda,4,81.63161589076689081171090088,TRUNCATED_SLICE_150_NONCANONICAL,QUALIFIED_BY_V3_PRICE_PATH,V3_OPERATIONAL_PRICE_PATH,False,REAL_RESEARCH_SNAPSHOT_V1/daily_status.is_st_sec,False,False,,True
5ac3f42ca20d9c5fe6ab79b4123e3514ce482527be0d5bff07c54cab205d9c3f,603316.SH,2025-07-01,9f6e49db7e28632c749f31e4354162a61449ea61706dbdcb8372b4a342c7f866,4,86.98770444568595214199866512,TRUNCATED_SLICE_150_NONCANONICAL,QUALIFIED_BY_V3_PRICE_PATH,V3_OPERATIONAL_PRICE_PATH,False,REAL_RESEARCH_SNAPSHOT_V1/daily_status.is_st_sec,False,False,,True
4baf702a1588ddfbaa6919c41f16ebaa63061ea926c53947aca746d15f40b274,603316.SH,2026-05-21,29508994f1ffa5a828335223c9ac2b9dfeb07365bf64765cbb7aff25655bf252,4,86.53196945487293588918716436,TRUNCATED_SLICE_150_NONCANONICAL,QUALIFIED_BY_V3_PRICE_PATH,V3_OPERATIONAL_PRICE_PATH,False,REAL_RESEARCH_SNAPSHOT_V1/daily_status.is_st_sec,False,False,,True
890eabf999b8d7c9a54fdba020be536a12dfe5e5f56c112ae4d2be4032cbe50d,603318.SH,2026-03-04,0665208ec53d5f7812496cdee19712eecc519623222fd3ec6ba97c7b4e2ed533,4,90.75464172794549061652936400,TRUNCATED_SLICE_150_NONCANONICAL,QUALIFIED_BY_V3_PRICE_PATH,V3_OPERATIONAL_PRICE_PATH,False,REAL_RESEARCH_SNAPSHOT_V1/daily_status.is_st_sec,False,False,,True
522a27728c98e645266bd39a6787d03b5d56c2d918a7185ceb3bd4e1476985f0,603318.SH,2026-04-24,264e8e6ab428abb4342be9c9c4a9ed370fdc8aa91b5c6fa25884d911bb894692,4,79.61323713549989186397450319,TRUNCATED_SLICE_150_NONCANONICAL,QUALIFIED_BY_V3_PRICE_PATH,V3_OPERATIONAL_PRICE_PATH,False,REAL_RESEARCH_SNAPSHOT_V1/daily_status.is_st_sec,False,False,,True
325e0265407ee1ad341782d3bfe92b3208ac7aa8a090295c314e5d683e46cc27,603330.SH,2026-06-04,b2f50bcdb890df2e797b2d64ff4fdffc531d1b86c7cb1e0ea9a04f0bb44cf4ae,4,76.89457573503391376450550289,TRUNCATED_SLICE_150_NONCANONICAL,QUALIFIED_BY_V3_PRICE_PATH,V3_OPERATIONAL_PRICE_PATH,False,REAL_RESEARCH_SNAPSHOT_V1/daily_status.is_st_sec,False,False,,True
57956c9eff5e73deda514c81c545ef6151263466140f8c0e92418034089df1bb,603330.SH,2026-08-17,e2b948f541c71880e4592f889dd63762be2a1ab26fcd38efb8226a81d751f36c,4,83.73502047125501125544153031,TRUNCATED_SLICE_150_NONCANONICAL,QUALIFIED_BY_V3_PRICE_PATH,V3_OPERATIONAL_PRICE_PATH,False,REAL_RESEARCH_SNAPSHOT_V1/daily_status.is_st_sec,False,False,,True
1d2e0da0e6cf95bbbb36ec345cd41217056a536ade9d7aaba7508aa28bea22e2,603332.SH,2025-05-14,b3f65865fec2b5e4be319f00f1f554f9bf38c89e875dc3cb5d097837d4d89a54,4,87.61587783299834702949617760,TRUNCATED_SLICE_150_NONCANONICAL,QUALIFIED_BY_V3_PRICE_PATH,V3_OPERATIONAL_PRICE_PATH,False,REAL_RESEARCH_SNAPSHOT_V1/daily_status.is_st_sec,False,False,,True
495b848d087e7e841d8fd410295edd19be331a2787bd2e9279c22af8403f65af,603333.SH,2025-05-27,8b49cb07551d82bb5d14f07eea38739950c15641f070154ccb2bed7b11192de2,4,85.35805616321269077371935632,TRUNCATED_SLICE_150_NONCANONICAL,QUALIFIED_BY_V3_PRICE_PATH,V3_OPERATIONAL_PRICE_PATH,False,REAL_RESEARCH_SNAPSHOT_V1/daily_status.is_st_sec,False,False,,True
e54e18ccc4a7e02f0fbfeb887259b83dd152f081cce47e2ce9f6039ecf791804,603353.SH,2025-04-01,163c748485b2448ac42cd853bdddcce149842969db45ec699807e36ba6ecf40f,4,84.64200093137416474823415484,TRUNCATED_SLICE_150_NONCANONICAL,QUALIFIED_BY_V3_PRICE_PATH,V3_OPERATIONAL_PRICE_PATH,False,REAL_RESEARCH_SNAPSHOT_V1/daily_status.is_st_sec,False,False,,True
caed20768e3908acd3bbd32063edc6dfa9eb51babfb5668d27ea0d42d488ff90,603359.SH,2025-03-24,964332f61fcc95bf46340112a0219bf2afe2eb1954d48b58955ac28fda873b6c,4,82.67070560041209869167311532,TRUNCATED_SLICE_150_NONCANONICAL,QUALIFIED_BY_V3_PRICE_PATH,V3_OPERATIONAL_PRICE_PATH,False,REAL_RESEARCH_SNAPSHOT_V1/daily_status.is_st_sec,False,False,,True
e84f646839fb12a8aafcb15281687f9287fa2d56f0f1d0cb118d1ee1f6bdf7aa,603366.SH,2024-11-07,384686a476591e05100407e682b5421e8a62f2610f3640b5fab388c474c52867,4,87.91114528632708460351450016,TRUNCATED_SLICE_150_NONCANONICAL,QUALIFIED_BY_V3_PRICE_PATH,V3_OPERATIONAL_PRICE_PATH,False,REAL_RESEARCH_SNAPSHOT_V1/daily_status.is_st_sec,False,False,,True
7a7344a47f8b2669cde776c25e6b305a1f938b9d037d3915c097142d325e86b5,603366.SH,2024-11-18,ca16a2f35d66537a9b5d4a385221d2450d7b77ea771112fbe3e4f3ddaf83ec3d,5,90.04348171033257886497051322,TRUNCATED_SLICE_150_NONCANONICAL,QUALIFIED_BY_V3_PRICE_PATH,V3_OPERATIONAL_PRICE_PATH,False,REAL_RESEARCH_SNAPSHOT_V1/daily_status.is_st_sec,False,False,,True
cbcd3cb4ce371246489a834070808288e9e136ccbfd597c551d52b799ba6adb0,603378.SH,2025-10-29,83ac4d19bae2ae1cbe574d89f6f39625349b321c151d1a9136721c227e893904,4,88.09569240225930980780167577,TRUNCATED_SLICE_150_NONCANONICAL,QUALIFIED_BY_V3_PRICE_PATH,V3_OPERATIONAL_PRICE_PATH,False,REAL_RESEARCH_SNAPSHOT_V1/daily_status.is_st_sec,False,False,,True
3aa00824dc097280a390ec0916c8b385acd2bc37e9d81ff27efd5dcd25ba911a,603386.SH,2025-12-08,6360e78128cfdc093bcf2197066829b0a599accea35292808360c645f8fe0ac9,4,84.85686886118200594169138380,TRUNCATED_SLICE_150_NONCANONICAL,QUALIFIED_BY_V3_PRICE_PATH,V3_OPERATIONAL_PRICE_PATH,False,REAL_RESEARCH_SNAPSHOT_V1/daily_status.is_st_sec,False,False,,True
bf214439a3f9ada4dfb5e67e76a9581a6b3f986f2b1ddae9741731f06275c775,603390.SH,2024-08-06,85de8d121e06e7ec7eb487369fd80e519d95d73413ea8a4cb533ddbb36cd2273,4,83.80125811421754412700359509,TRUNCATED_SLICE_150_NONCANONICAL,QUALIFIED_BY_V3_PRICE_PATH,V3_OPERATIONAL_PRICE_PATH,False,REAL_RESEARCH_SNAPSHOT_V1/daily_status.is_st_sec,False,False,,True
6a12af400061770d50b1a644954290681d8eabe0ae9fb0d9d5e655a002ed08e5,603390.SH,2025-05-27,a46c18d0cfbac28378f3186d880061ad4437fe96db4c6c4ca7fdd5461e867cc6,4,79.28911848792688176464823556,TRUNCATED_SLICE_150_NONCANONICAL,QUALIFIED_BY_V3_PRICE_PATH,V3_OPERATIONAL_PRICE_PATH,False,REAL_RESEARCH_SNAPSHOT_V1/daily_status.is_st_sec,False,False,,True
55a6f0b7db7055c01bc90bd18222a63022102935bccdaa433547bdc51e4f1cfd,603399.SH,2026-05-06,dc42c67dac23375a0c4a1f53e8f505b669b7b5532b753e954315f43ac10be64f,4,89.97613827594914345020682809,TRUNCATED_SLICE_150_NONCANONICAL,QUALIFIED_BY_V3_PRICE_PATH,V3_OPERATIONAL_PRICE_PATH,False,REAL_RESEARCH_SNAPSHOT_V1/daily_status.is_st_sec,False,False,,True
250689047d6e27d90d0a79e9e8c38f3c7049e7e55efa708f96e7d55a0f7676a8,603421.SH,2024-12-23,cdf33b765191478ddb4842dd18f5eb7152aed2d25af5dc8fc572c8f608d96c79,4,81.66702250006044935170006238,TRUNCATED_SLICE_150_NONCANONICAL,QUALIFIED_BY_V3_PRICE_PATH,V3_OPERATIONAL_PRICE_PATH,False,REAL_RESEARCH_SNAPSHOT_V1/daily_status.is_st_sec,False,False,,True
8cf06381555762c1f256afff1eea87bff7a89ca5b9937dd9b2131ba8c860068f,603429.SH,2024-10-31,1236fb59fa820d239b4d6e6b3f50fc75d9e0bcfed0395ef3601c63f73ab3d951,4,88.89742197751142302105776051,TRUNCATED_SLICE_150_NONCANONICAL,QUALIFIED_BY_V3_PRICE_PATH,V3_OPERATIONAL_PRICE_PATH,False,REAL_RESEARCH_SNAPSHOT_V1/daily_status.is_st_sec,False,False,,True
8193da5b1b388cdbfae7f19427581d0fd5fa504ea597f3ac0f30549f554cd37a,603458.SH,2024-08-14,f1ba72625d5f7ae70db6c21e734f80107f3ae4384926b2f9f7635b42b8855d4e,4,77.11447816970483118522447805,TRUNCATED_SLICE_150_NONCANONICAL,QUALIFIED_BY_V3_PRICE_PATH,V3_OPERATIONAL_PRICE_PATH,False,REAL_RESEARCH_SNAPSHOT_V1/daily_status.is_st_sec,False,False,,True
271f090b06959f323bf8233f9716035e9edc7182aa465f87aa2d710df9c8fab3,603488.SH,2026-01-13,2319d381c6621ab4848b90fd2ae6aeee69b806ad7fdcbc9582b42b8b415ecd99,4,89.86801153793270804049713674,TRUNCATED_SLICE_150_NONCANONICAL,QUALIFIED_BY_V3_PRICE_PATH,V3_OPERATIONAL_PRICE_PATH,False,REAL_RESEARCH_SNAPSHOT_V1/daily_status.is_st_sec,False,False,,True
3c10efe5666cf75689d29324367d5aa72101a7000f01a48d69d2f08a2d03b83d,603496.SH,2025-03-03,7ef66501df19d874edb77ebfdebdc9379d5863f007b3be1ff8588ed970116738,4,84.27012280519893110610812231,TRUNCATED_SLICE_150_NONCANONICAL,QUALIFIED_BY_V3_PRICE_PATH,V3_OPERATIONAL_PRICE_PATH,False,REAL_RESEARCH_SNAPSHOT_V1/daily_status.is_st_sec,False,False,,True
f432b30fde189fc437646e8d674f3b269d31c26b7d4d52989129cf94d86bb482,603511.SH,2025-01-17,bd160d0bb4782773882c5b823744041c3eaa18aa3f038f085237629dcbae505a,4,75.43550145832652298986761376,TRUNCATED_SLICE_150_NONCANONICAL,QUALIFIED_BY_V3_PRICE_PATH,V3_OPERATIONAL_PRICE_PATH,False,REAL_RESEARCH_SNAPSHOT_V1/daily_status.is_st_sec,False,False,,True
d119119f7fd94755de0a40e81dbd46f6385b621194e06ecb763ebe81c0b05347,603516.SH,2025-09-12,79d2e33e1d4d3aef58176c2fe532f18833733fa9a244447a4011afa71bd4ae21,4,79.76652441751053615836304559,TRUNCATED_SLICE_150_NONCANONICAL,QUALIFIED_BY_V3_PRICE_PATH,V3_OPERATIONAL_PRICE_PATH,False,REAL_RESEARCH_SNAPSHOT_V1/daily_status.is_st_sec,False,False,,True
5d949315933a8a74ac1baac824073ac43f72f1f2f8ce05824ed090ae737a3e9e,603518.SH,2025-06-03,d7952da94522b61743cf01f7029be4881aea98ffb70273c68c00ad9e1c638800,4,77.08055690241108575707331055,TRUNCATED_SLICE_150_NONCANONICAL,QUALIFIED_BY_V3_PRICE_PATH,V3_OPERATIONAL_PRICE_PATH,False,REAL_RESEARCH_SNAPSHOT_V1/daily_status.is_st_sec,False,False,,True
62cf592a598fc18aa4c6c99bd622b88332fdbe8c5a0026087a7047beb718c8ba,603527.SH,2024-11-22,2c2f12b2120b02a801e5a0f26b0bde67fba258f6b3ba288d76cf59c0ec6a1408,4,85.40938732146764668500172013,TRUNCATED_SLICE_150_NONCANONICAL,QUALIFIED_BY_V3_PRICE_PATH,V3_OPERATIONAL_PRICE_PATH,False,REAL_RESEARCH_SNAPSHOT_V1/daily_status.is_st_sec,False,False,,True
5c3363d59a86b8de1643ec2cf674bda1a11d134fa0145da2e4006aae2f102087,603533.SH,2026-02-12,6666e088e8fb3afc1b71eec60fbca065ba4ae906678b95a6a1e7f449214a7899,4,80.35686919745116876449023202,TRUNCATED_SLICE_150_NONCANONICAL,QUALIFIED_BY_V3_PRICE_PATH,V3_OPERATIONAL_PRICE_PATH,False,REAL_RESEARCH_SNAPSHOT_V1/daily_status.is_st_sec,False,False,,True
df0d160ff0952f50e24b4ff53da64494afec62a614bdfd7a5b355e8ffe20b9d5,603536.SH,2024-12-12,ad5a507b34ea031f8f87f23f4064c2e4ff34cb3d8bb7e6c2ad1787dd1bbb5895,4,82.48914288446163876797281515,TRUNCATED_SLICE_150_NONCANONICAL,QUALIFIED_BY_V3_PRICE_PATH,V3_OPERATIONAL_PRICE_PATH,False,REAL_RESEARCH_SNAPSHOT_V1/daily_status.is_st_sec,False,False,,True
1f31d0cb1e561c30242fdd33498215f4fc024db725130386c59fc6e45546892b,603538.SH,2026-03-26,a58dc3eeaadd9f744030f40d3f02d9a45376b08ac149acac92f3bead748f433b,4,83.20435727564159779379926212,TRUNCATED_SLICE_150_NONCANONICAL,QUALIFIED_BY_V3_PRICE_PATH,V3_OPERATIONAL_PRICE_PATH,False,REAL_RESEARCH_SNAPSHOT_V1/daily_status.is_st_sec,False,False,,True
11258ceb64f1280a1526a3191a785dfbab177e20f5582fd34c5394e8eda24b2e,603579.SH,2025-03-31,67a4abbeeaee399bf4703cbb265ff80b37000ee30a4f60cf103268af42e06c37,4,85.28959829388433988567975143,TRUNCATED_SLICE_150_NONCANONICAL,QUALIFIED_BY_V3_PRICE_PATH,V3_OPERATIONAL_PRICE_PATH,False,REAL_RESEARCH_SNAPSHOT_V1/daily_status.is_st_sec,False,False,,True
e217af5a04a2b03aa7a413af9f642b13dd765d9c160cc81efbfa80ab20ba7fb1,603580.SH,2026-07-15,b0b966f34203295a07225a7961b30024a783e844fafa5fb879ba349cc52a3836,4,82.40953650875891493606786079,TRUNCATED_SLICE_150_NONCANONICAL,QUALIFIED_BY_V3_PRICE_PATH,V3_OPERATIONAL_PRICE_PATH,False,REAL_RESEARCH_SNAPSHOT_V1/daily_status.is_st_sec,False,False,,True
7a54c70b4a04c937cadefb79ee4567fdd2052c1885d8fbac4b5507bbe14409ab,603598.SH,2026-01-09,f608a4b876de2e65d029ebb7c2a61d6b9f1fe7f08658f68659a4452887ecf641,4,83.74314179191486005982635483,TRUNCATED_SLICE_150_NONCANONICAL,QUALIFIED_BY_V3_PRICE_PATH,V3_OPERATIONAL_PRICE_PATH,False,REAL_RESEARCH_SNAPSHOT_V1/daily_status.is_st_sec,False,False,,True
4120625b05072b11689e721c9581be3cb5c34d0ad10147cea07ae5ed73882a4d,603601.SH,2025-07-04,3356e3b6682be3ea1adc22cf4f0ddad5499b2bff7ba577d32944c429b16ca1bb,4,78.55063289689008095794443631,TRUNCATED_SLICE_150_NONCANONICAL,QUALIFIED_BY_V3_PRICE_PATH,V3_OPERATIONAL_PRICE_PATH,False,REAL_RESEARCH_SNAPSHOT_V1/daily_status.is_st_sec,False,False,,True
40ea3dbb26e9f950f4c2eeccc403e3ec52f3c0660b77b5d67fe0577cb6daebd7,603601.SH,2025-12-11,49c37dc19bd097dec01dc694c3037cb8881d0d339af973b8987b4c59ade0e057,4,87.03346935972604415756764736,TRUNCATED_SLICE_150_NONCANONICAL,QUALIFIED_BY_V3_PRICE_PATH,V3_OPERATIONAL_PRICE_PATH,False,REAL_RESEARCH_SNAPSHOT_V1/daily_status.is_st_sec,False,False,,True
a28d54774f09e2f66c8a20427471061a59de15958c1e9ab05ed641316da12343,603602.SH,2024-10-22,f673568137e126c34fa946c9170634f1d80c630c53d30837d180ec7cb9d125db,4,81.64707712764216412385363088,TRUNCATED_SLICE_150_NONCANONICAL,QUALIFIED_BY_V3_PRICE_PATH,V3_OPERATIONAL_PRICE_PATH,False,REAL_RESEARCH_SNAPSHOT_V1/daily_status.is_st_sec,False,False,,True
ed4a45fbbc669164f2f9aa186f7c8c1eb4c07c337b4f9212ec50c30c1fa5a55f,603607.SH,2025-05-26,7a2526076f873e9184df9e99aef868e5db2939ec84331ebb010182df676cad11,4,84.45403642934105438859408909,TRUNCATED_SLICE_150_NONCANONICAL,QUALIFIED_BY_V3_PRICE_PATH,V3_OPERATIONAL_PRICE_PATH,False,REAL_RESEARCH_SNAPSHOT_V1/daily_status.is_st_sec,False,False,,True
6a5ef75ac2f7cee66f8e36cbd15b2fd162ea00eed50219a63ab23c6205283aa2,603610.SH,2025-05-09,27bd58c5bc5c7974767f0ddd8b8f862d67429d1a45b083b6d3fc456f4709535a,4,81.69233895339154553979299158,TRUNCATED_SLICE_150_NONCANONICAL,QUALIFIED_BY_V3_PRICE_PATH,V3_OPERATIONAL_PRICE_PATH,False,REAL_RESEARCH_SNAPSHOT_V1/daily_status.is_st_sec,False,False,,True
9d8ac377becd03b0b106326609c1cd0d66398ba7ad33abbafc15dda71d9b6197,603616.SH,2025-07-24,94de8adeddf1468b642801b7c632baa8ad37aec567f948f30229842311a37360,4,83.91554066862975808520604276,TRUNCATED_SLICE_150_NONCANONICAL,QUALIFIED_BY_V3_PRICE_PATH,V3_OPERATIONAL_PRICE_PATH,False,REAL_RESEARCH_SNAPSHOT_V1/daily_status.is_st_sec,False,False,,True
6dddf3c82ab402343485e40771885ffd6c341e0a19a2f6cfd952e1b869abd47a,603616.SH,2026-02-06,c435e6593ffa520755e6422ed11b7ea4344ecc8f08089ee6ef27b17e19cb3a94,4,91.36645229551012044887360698,TRUNCATED_SLICE_150_NONCANONICAL,QUALIFIED_BY_V3_PRICE_PATH,V3_OPERATIONAL_PRICE_PATH,False,REAL_RESEARCH_SNAPSHOT_V1/daily_status.is_st_sec,False,False,,True
7937212b6f1bda00665096f5c6fe28e198ea4eb4dcf674cd041090754732f21b,603617.SH,2025-01-06,f57efce80b9a3fc26bcd86f8a71bd5a6138f4b4f11271807c38024d1f6734551,4,81.94555211091539330485089934,TRUNCATED_SLICE_150_NONCANONICAL,QUALIFIED_BY_V3_PRICE_PATH,V3_OPERATIONAL_PRICE_PATH,False,REAL_RESEARCH_SNAPSHOT_V1/daily_status.is_st_sec,False,False,,True
f379a15025463d3c2e81958bb82b8a2522ec50e5befb5b651bfb08931eecb9b0,603618.SH,2025-09-19,97f276676aa40e285af93e9ddaf499bdd4a7f29df36e579d698bdb62415f9be2,4,85.17982173981044114306855279,TRUNCATED_SLICE_150_NONCANONICAL,QUALIFIED_BY_V3_PRICE_PATH,V3_OPERATIONAL_PRICE_PATH,False,REAL_RESEARCH_SNAPSHOT_V1/daily_status.is_st_sec,False,False,,True
e2e8cf6cf8f392d41f6a06e7a820763770882a969a8f7f50c9688c287cedb550,603618.SH,2026-02-04,c37f1e1882ef0c46aa4c62cbd36eff3ad41f7e806a40deda4c4130fbc51951e9,4,79.58912144110350404589925279,TRUNCATED_SLICE_150_NONCANONICAL,QUALIFIED_BY_V3_PRICE_PATH,V3_OPERATIONAL_PRICE_PATH,False,REAL_RESEARCH_SNAPSHOT_V1/daily_status.is_st_sec,False,False,,True
f2ec3cff12f1d78259da01626a59e336b7c8cf85bb8a7627701507d445d2a975,603626.SH,2024-08-29,a77340878f45af54a83f76b5f0c6b9f3544e342b1c7ad0e9bf53b9c18937fdee,4,83.39609227361189066481645123,TRUNCATED_SLICE_150_NONCANONICAL,QUALIFIED_BY_V3_PRICE_PATH,V3_OPERATIONAL_PRICE_PATH,False,REAL_RESEARCH_SNAPSHOT_V1/daily_status.is_st_sec,False,False,,True
944d265e3945b12b13252834c95a7c2643de5cfe97337cfc98724754c2f877b5,603626.SH,2024-09-09,11c2497cbc51bd28004fffa330ccef92a92a20e729eaccf7480233069c6bc331,4,79.00744678002224571112486073,TRUNCATED_SLICE_150_NONCANONICAL,QUALIFIED_BY_OPERATIONAL_STATUS,OPERATIONAL_VENDOR_SCREEN,False,REAL_RESEARCH_SNAPSHOT_V1/daily_status.is_st_sec,False,False,,False
4857af8ac9b8879cec484626ca942e468eafa84d23dc7ff44c8ca4b7a0ef3c5d,603626.SH,2025-08-20,f174ee1a3d02bbd5284edeeaedb770c30cdf27374e05165b25c4b19aa57b49bd,4,84.62954114869177582318067364,TRUNCATED_SLICE_150_NONCANONICAL,QUALIFIED_BY_V3_PRICE_PATH,V3_OPERATIONAL_PRICE_PATH,False,REAL_RESEARCH_SNAPSHOT_V1/daily_status.is_st_sec,False,False,,True
bb73e3ab5fa6f9de525d2fca2d26226758be4174ee8e24049b92412bb30f859b,603656.SH,2024-10-24,e87a809e266169f06332e667993d218d807d99b3a4d60b3b1cb0cc4a3bdb0388,4,87.32896094404766057855552741,TRUNCATED_SLICE_150_NONCANONICAL,QUALIFIED_BY_V3_PRICE_PATH,V3_OPERATIONAL_PRICE_PATH,False,REAL_RESEARCH_SNAPSHOT_V1/daily_status.is_st_sec,False,False,,True
181e822ccb664ad471ace18546df44c612a7bf951481aac3555e1836ab0ea4fa,603657.SH,2025-05-09,84555671894a48fdc96cdd9309b9b42282647c04f0248bef2679a1edd6af13f3,4,82.82340549733836485136962818,TRUNCATED_SLICE_150_NONCANONICAL,QUALIFIED_BY_V3_PRICE_PATH,V3_OPERATIONAL_PRICE_PATH,False,REAL_RESEARCH_SNAPSHOT_V1/daily_status.is_st_sec,False,False,,True
bd302fcdeb26e9c8d5c41b24b6e7273ed84e762b1532d8d446982519aa14dbf7,603666.SH,2024-11-05,3e7666d98ae14086fca11a7804caa552539ea848fa2626c4884e0495ac5c8fff,4,82.02548244420471415523972267,TRUNCATED_SLICE_150_NONCANONICAL,QUALIFIED_BY_V3_PRICE_PATH,V3_OPERATIONAL_PRICE_PATH,False,REAL_RESEARCH_SNAPSHOT_V1/daily_status.is_st_sec,False,False,,True
8e3b3d88858ed2415eb96caaa031b27ecf240c7181f645b639d30b157d9fee51,603667.SH,2024-12-04,3ce9ecfa865ce61e78171470858353d57add5eadcbc579df8254ab950db632b1,4,71.17760626699103743412515610,TRUNCATED_SLICE_150_NONCANONICAL,QUALIFIED_BY_V3_PRICE_PATH,V3_OPERATIONAL_PRICE_PATH,False,REAL_RESEARCH_SNAPSHOT_V1/daily_status.is_st_sec,False,False,,True
a888b37ef911efc74b5e5bc44927903f2937ac5bd7907602aa6728ebd27fef46,603667.SH,2025-01-15,c5b9b23f4df21dbf95a8216ea8cea117e3e3d44249a3e834868c406f44cdfd6a,4,75.09053307471832298284130889,TRUNCATED_SLICE_150_NONCANONICAL,QUALIFIED_BY_V3_PRICE_PATH,V3_OPERATIONAL_PRICE_PATH,False,REAL_RESEARCH_SNAPSHOT_V1/daily_status.is_st_sec,False,False,,True
fd1409bfb28c19bb2448aa2dab089964f28c1b2d15ec712474e031373beafdd3,603677.SH,2025-03-17,d7019acae45adddf95e78abf4c03749ab60416c026849606b925e37599f59357,4,85.28930688631987221251877692,TRUNCATED_SLICE_150_NONCANONICAL,QUALIFIED_BY_V3_PRICE_PATH,V3_OPERATIONAL_PRICE_PATH,False,REAL_RESEARCH_SNAPSHOT_V1/daily_status.is_st_sec,False,False,,True
c587e104a1c7d20ce5432513e7763bc28a6d9856fc44809ac8410d19b5456e29,603681.SH,2025-05-29,464136c021d288bdce99e950884ebf95973ec2285e0c64015c1e09c7ae3acfd4,4,73.34160232019436962724518221,TRUNCATED_SLICE_150_NONCANONICAL,QUALIFIED_BY_V3_PRICE_PATH,V3_OPERATIONAL_PRICE_PATH,False,REAL_RESEARCH_SNAPSHOT_V1/daily_status.is_st_sec,False,False,,True
6302348b5b4cbc8e938813e58c1161160ca038ea2ac3127344ff34f2a1cfeb8c,603686.SH,2025-09-23,239ca713976e88284b59f59a2722751ae6f0dccb49ce80bbbae57688010e4dd9,4,82.79234697708171520136287008,TRUNCATED_SLICE_150_NONCANONICAL,QUALIFIED_BY_V3_PRICE_PATH,V3_OPERATIONAL_PRICE_PATH,False,REAL_RESEARCH_SNAPSHOT_V1/daily_status.is_st_sec,False,False,,True
d312cb8a4d11dd67641a189ca33bf96517ad3152ec0b6d420e029b933a7e8be5,603687.SH,2026-03-23,2d511755a7a59767df1a0b275115f10bff77ab7b7e222d4b3b596a2fc85085a6,4,81.08982501258910631969479253,TRUNCATED_SLICE_150_NONCANONICAL,QUALIFIED_BY_V3_PRICE_PATH,V3_OPERATIONAL_PRICE_PATH,False,REAL_RESEARCH_SNAPSHOT_V1/daily_status.is_st_sec,False,False,,True
6e94d5363f8b7726ac05f1545c148f8120f9657f3e61de2cae0f3d39ddaaa8a7,603696.SH,2025-04-18,30a346fcf1f0a0ba592f45c2b079a7e655eef46ed69ae9b7c59bd4ea107cc1ae,4,83.52366731353501239715459794,TRUNCATED_SLICE_150_NONCANONICAL,QUALIFIED_BY_V3_PRICE_PATH,V3_OPERATIONAL_PRICE_PATH,False,REAL_RESEARCH_SNAPSHOT_V1/daily_status.is_st_sec,False,False,,True
b3f2ee0178f207ea6ce945c3aa6275bb769e590ddaecb66140e2c7257d0b8097,603696.SH,2025-12-05,0748237c8210dc59758e31ed2c7aabbb6681e94db8948df38dd0aeb2bb6a1251,4,83.91760681529219358109939281,TRUNCATED_SLICE_150_NONCANONICAL,QUALIFIED_BY_V3_PRICE_PATH,V3_OPERATIONAL_PRICE_PATH,False,REAL_RESEARCH_SNAPSHOT_V1/daily_status.is_st_sec,False,False,,True
ce0c05e43030251b4fbdc5b1a8ec8ff21683927dec2621f90e93972ec478aa35,603698.SH,2025-12-25,8ed1ffdc5bdd3330b4977942e05566995ad26cda09100016ca0b440e85de5627,4,83.11516740083649604576849218,TRUNCATED_SLICE_150_NONCANONICAL,QUALIFIED_BY_V3_PRICE_PATH,V3_OPERATIONAL_PRICE_PATH,False,REAL_RESEARCH_SNAPSHOT_V1/daily_status.is_st_sec,False,False,,True
7a3f85eb477001d92fcc68d7c5109b345e75bd27c6ffabb7e2fd4d2d65e55424,603700.SH,2025-03-05,1bd9213009a0dbfb9534a9cb55c565e1854c3ad270d31d1a2ba79be181d0ac8d,4,84.17382312762387424921434653,TRUNCATED_SLICE_150_NONCANONICAL,QUALIFIED_BY_V3_PRICE_PATH,V3_OPERATIONAL_PRICE_PATH,False,REAL_RESEARCH_SNAPSHOT_V1/daily_status.is_st_sec,False,False,,True
effbd0e15c2487fd83a71ee374950c31ae80e5c4119c51c85a6af2d50e20d9f0,603709.SH,2025-04-11,2718bb15b0f52ab5b762642eaa23b5235b997409c1af5452ba277319e56fbb82,4,72.04145529939309942908233251,TRUNCATED_SLICE_150_NONCANONICAL,QUALIFIED_BY_V3_PRICE_PATH,V3_OPERATIONAL_PRICE_PATH,False,REAL_RESEARCH_SNAPSHOT_V1/daily_status.is_st_sec,False,False,,True
15290715f29fd41ec96d223faf4e09d9db988cb6a4e0dd52686b4bfa4c9e37f2,603716.SH,2025-03-13,c64a4e81ea9b9be235a657ef82bbbe6e50d18452974055e182a9a14c94cc04b8,4,77.73311360917247315567144990,TRUNCATED_SLICE_150_NONCANONICAL,QUALIFIED_BY_V3_PRICE_PATH,V3_OPERATIONAL_PRICE_PATH,False,REAL_RESEARCH_SNAPSHOT_V1/daily_status.is_st_sec,False,False,,True
8c7b4f8ac036dd49586ef93ea66d1279a496965246107b998ec9dad7a729f2d4,603716.SH,2025-07-04,1a5b66cafc6801e8ad00fad4defb7cf5ecef55a4fc6ed2f9ca6dd9eb65920f70,4,85.85893945015594946452236616,TRUNCATED_SLICE_150_NONCANONICAL,QUALIFIED_BY_V3_PRICE_PATH,V3_OPERATIONAL_PRICE_PATH,False,REAL_RESEARCH_SNAPSHOT_V1/daily_status.is_st_sec,False,False,,True
dc231f81cc2eb9d64788c966f64973f4b2169898a5600a1a4c0b8c86a405682f,603717.SH,2024-12-11,6568b56f5e056b413b0802f81e02483c6d8576e70609f892a971fb7733030a2a,4,88.61094199605072989960486659,TRUNCATED_SLICE_150_NONCANONICAL,QUALIFIED_BY_V3_PRICE_PATH,V3_OPERATIONAL_PRICE_PATH,False,REAL_RESEARCH_SNAPSHOT_V1/daily_status.is_st_sec,False,False,,True
fccf8786f9521806d5cb66594136ad3b87e847851fcd28e8108c65f55e2ac8d0,603757.SH,2025-08-14,5b765d124024acc58e8329d5e5f4aed3e0cb2919563694ccd05ec64ebd1d93c9,4,95.14170094723211338282788577,TRUNCATED_SLICE_150_NONCANONICAL,QUALIFIED_BY_V3_PRICE_PATH,V3_OPERATIONAL_PRICE_PATH,False,REAL_RESEARCH_SNAPSHOT_V1/daily_status.is_st_sec,False,False,,True
0eacb8df59e91042758fcf6a3820c8bfade274b43716955d8978565a98d92021,603758.SH,2026-08-12,b0a98cf25aad426c1ab3af373f036d50acaff16ad2fcce78f614ada1a6f0bcb0,4,85.16017719452091320775138855,TRUNCATED_SLICE_150_NONCANONICAL,QUALIFIED_BY_V3_PRICE_PATH,V3_OPERATIONAL_PRICE_PATH,False,REAL_RESEARCH_SNAPSHOT_V1/daily_status.is_st_sec,False,False,,True
e6240055b148b566685edbb5db7951510199303ef286a2616c4c2c0226d651e3,603767.SH,2025-08-05,0f4a4de557178e130eda541094cba45d3f57a9475f543f6aedef72f2b81a1200,4,78.21933912842937085167446394,TRUNCATED_SLICE_150_NONCANONICAL,QUALIFIED_BY_V3_PRICE_PATH,V3_OPERATIONAL_PRICE_PATH,False,REAL_RESEARCH_SNAPSHOT_V1/daily_status.is_st_sec,False,False,,True
271ae54159f5b059a6971ea071bc28a917dcf97e32880dccc6ca73988a307698,603776.SH,2025-03-20,ba8e9bcff6cc9506223fd022a1d5b0619b7818455cb61c0a37ffb6382b0410a7,4,84.11484296690889412551891653,TRUNCATED_SLICE_150_NONCANONICAL,QUALIFIED_BY_V3_PRICE_PATH,V3_OPERATIONAL_PRICE_PATH,False,REAL_RESEARCH_SNAPSHOT_V1/daily_status.is_st_sec,False,False,,True
c5eea7a5d48dfa9496e7ea2e373849bf97c2ec0b6a7b37d4e9b5c6698b75e07c,603777.SH,2024-12-25,2e144074efc1e7964041688d08a3b09f959d7a80720fb400f854208cd2d25fa1,4,77.19521958481017377554096025,TRUNCATED_SLICE_150_NONCANONICAL,QUALIFIED_BY_V3_PRICE_PATH,V3_OPERATIONAL_PRICE_PATH,False,REAL_RESEARCH_SNAPSHOT_V1/daily_status.is_st_sec,False,False,,True
b651931856aca7bfe979ca4bfbd2df011bef1736b7675f006eee8f095446b578,603777.SH,2025-01-14,c98b493a2d629f5350fd1436c53aab9deea23910be2214f56f6ee69350005bab,4,71.46972494191538409746006917,TRUNCATED_SLICE_150_NONCANONICAL,QUALIFIED_BY_V3_PRICE_PATH,V3_OPERATIONAL_PRICE_PATH,False,REAL_RESEARCH_SNAPSHOT_V1/daily_status.is_st_sec,False,False,,True
cbd8637732a4ad12bc25de7d6d3df680a8be280d367c8c12aa4cdaad68bae4b0,603778.SH,2025-07-14,f34a641fb1ea7d2739cd4ce19ce936f021817f6eb1d9857e626088446c4c6509,4,93.77699114870537116050800017,TRUNCATED_SLICE_150_NONCANONICAL,QUALIFIED_BY_V3_PRICE_PATH,V3_OPERATIONAL_PRICE_PATH,False,REAL_RESEARCH_SNAPSHOT_V1/daily_status.is_st_sec,False,False,,True
24f7639882db178d2876518046b182a2f007061be9a4377ef6616f20fcbae982,603778.SH,2025-11-13,4c8910831ddaaae20d273f8730d7fdc7ca42c33eb60c051973b6f4921221947a,4,88.59629668199914424859244482,TRUNCATED_SLICE_150_NONCANONICAL,QUALIFIED_BY_V3_PRICE_PATH,V3_OPERATIONAL_PRICE_PATH,False,REAL_RESEARCH_SNAPSHOT_V1/daily_status.is_st_sec,False,False,,True
86c70ac589ba769fd56dc29a50bad01a12ab019e7262f4f5ee77dac7cf016959,603778.SH,2025-11-28,7bedab0d9828d11346042e3230b407f982db50be7fa6439123386e25de20cd09,4,79.75515129199373638535193430,TRUNCATED_SLICE_150_NONCANONICAL,QUALIFIED_BY_V3_PRICE_PATH,V3_OPERATIONAL_PRICE_PATH,False,REAL_RESEARCH_SNAPSHOT_V1/daily_status.is_st_sec,False,False,,True
a8c675cbaa7787f99359d8b5c82b681975a937e82cb5d16293ddad020017b5b8,603778.SH,2026-01-14,ae3355d10cc9ac3a6a7313cae1d594d81d17490a2465a2e5fe5e3d72d8d6c04e,4,88.65952294869087547244268688,TRUNCATED_SLICE_150_NONCANONICAL,QUALIFIED_BY_V3_PRICE_PATH,V3_OPERATIONAL_PRICE_PATH,False,REAL_RESEARCH_SNAPSHOT_V1/daily_status.is_st_sec,False,False,,True
0dea9b308760f0ccc969e1a8ae2f2b24734d98b80213995cf9cf6cb2a596bba0,603779.SH,2026-05-18,765526d5d70e4bbe042ab7a57971574ccfde2759d8fcdec2e50651342848cd15,4,89.93640633295588844684767469,TRUNCATED_SLICE_150_NONCANONICAL,QUALIFIED_BY_V3_PRICE_PATH,V3_OPERATIONAL_PRICE_PATH,False,REAL_RESEARCH_SNAPSHOT_V1/daily_status.is_st_sec,False,False,,True
94a02b1bd5387c459edbea4e74671950b24a09ff12a988c64d44b9096350d69e,603803.SH,2024-11-29,7ad52e56689b4bbe63b39554555dab9ef5c713c94ae645b429825297feaa0fd6,4,80.77522274856941521208555703,TRUNCATED_SLICE_150_NONCANONICAL,QUALIFIED_BY_V3_PRICE_PATH,V3_OPERATIONAL_PRICE_PATH,False,REAL_RESEARCH_SNAPSHOT_V1/daily_status.is_st_sec,False,False,,True
106ec4dbfb87861ba083672b1c61316c4914d7ed22c3c4271f5c7af5741ebb3a,603803.SH,2024-12-19,f7b7355e470b459e2a9b16d92367dc540d6c855896e4ff799baebf33ac97df0e,4,81.10984156842167668546733873,TRUNCATED_SLICE_150_NONCANONICAL,QUALIFIED_BY_V3_PRICE_PATH,V3_OPERATIONAL_PRICE_PATH,False,REAL_RESEARCH_SNAPSHOT_V1/daily_status.is_st_sec,False,False,,True
1e7e43153376674bb5e7471e65cb6bfa0370d997ab479fa962bb2b1fb1c14bbc,603825.SH,2024-12-10,e7bbc345ab6edb9283baec6e5cd2bfb77e4452bc76bfbdb56eb1f63827da8f2d,4,75.67147926164474060937927364,TRUNCATED_SLICE_150_NONCANONICAL,QUALIFIED_BY_V3_PRICE_PATH,V3_OPERATIONAL_PRICE_PATH,False,REAL_RESEARCH_SNAPSHOT_V1/daily_status.is_st_sec,False,False,,True
fcea1063db282d42868234695773636cb12699811b3b12e42f3618ed8e675aba,603839.SH,2025-09-05,d582f8567881e29c32ad5629467cb8b235456370f69fa9966aef8bf4723b5e4f,4,85.76547151307801518653626964,TRUNCATED_SLICE_150_NONCANONICAL,QUALIFIED_BY_V3_PRICE_PATH,V3_OPERATIONAL_PRICE_PATH,False,REAL_RESEARCH_SNAPSHOT_V1/daily_status.is_st_sec,False,False,,True
bbafc850a2a994dac6fbfeb688f5b010376a4ccfd14f3e5cda4ee7cb0df5681f,603859.SH,2024-11-06,731a063aeecac990d2c5c7a6dbe95bab679e4eefa89723410022866d6638f9f8,4,87.18066112350419629402833733,TRUNCATED_SLICE_150_NONCANONICAL,QUALIFIED_BY_V3_PRICE_PATH,V3_OPERATIONAL_PRICE_PATH,False,REAL_RESEARCH_SNAPSHOT_V1/daily_status.is_st_sec,False,False,,True
24e7ee25eeca12d77fb255674fd6f0548d402f0c683e39a841412812de14769c,603879.SH,2025-06-06,efbe2a29b16e3df196a1aa7d83f454350993df0a8ce9e568e14d70f3954910b8,4,70.16123968056192906581501840,TRUNCATED_SLICE_150_NONCANONICAL,QUALIFIED_BY_V3_PRICE_PATH,V3_OPERATIONAL_PRICE_PATH,False,REAL_RESEARCH_SNAPSHOT_V1/daily_status.is_st_sec,False,False,,True
a752148f807c4d0999e49e44f3b7fed6ec66b443043c5af0101322c2d727ac57,603881.SH,2025-02-14,42327a4230ae91344eb7e5205e7ca5de22796fad4241b5399f20fdd701331d58,4,85.19479235537289827396135105,TRUNCATED_SLICE_150_NONCANONICAL,QUALIFIED_BY_V3_PRICE_PATH,V3_OPERATIONAL_PRICE_PATH,False,REAL_RESEARCH_SNAPSHOT_V1/daily_status.is_st_sec,False,False,,True
095390785c781c531de683975395cf0eadcd971cd3b3647622f78ef4c23e7449,603883.SH,2024-09-06,d71c3fb13745393e364b0a332f4001b4e43defac8569d5b4d6d125213f0c5f23,4,73.31948772983785123073164445,TRUNCATED_SLICE_150_NONCANONICAL,QUALIFIED_BY_V3_PRICE_PATH,V3_OPERATIONAL_PRICE_PATH,False,REAL_RESEARCH_SNAPSHOT_V1/daily_status.is_st_sec,False,False,,True
352dd38d46da45943593815d8122ba798937eec87790544250ea6ed4ed707890,603887.SH,2024-10-18,b1325d150efea4745853e34460ac966a4608c8f7a72ac67539b440a4b5e9bbe3,4,92.63714926822225159762354494,TRUNCATED_SLICE_150_NONCANONICAL,QUALIFIED_BY_V3_PRICE_PATH,V3_OPERATIONAL_PRICE_PATH,False,REAL_RESEARCH_SNAPSHOT_V1/daily_status.is_st_sec,False,False,,True
5b2e6475ad7d64210ad85cbe1038213b41d2e7c638f42b3d9c7df3ccdac095c6,603887.SH,2024-10-30,6193e61de8e2ab0cb1e827dcdb6e3e407b3c4b40f1d99d2f3426e5a3bc13407a,4,98.07619451361056378051270863,TRUNCATED_SLICE_150_NONCANONICAL,QUALIFIED_BY_V3_PRICE_PATH,V3_OPERATIONAL_PRICE_PATH,False,REAL_RESEARCH_SNAPSHOT_V1/daily_status.is_st_sec,False,False,,True
26c08015cca41d966aed69d86a87454a3964e5c045268185597d236a706a73f4,603900.SH,2025-05-26,4f4eaea5c39943588b961ea9ab3dfdf5e90b8ed50706fa5beba1f2a5f858d7ab,4,88.22871139678901325446324037,TRUNCATED_SLICE_150_NONCANONICAL,QUALIFIED_BY_V3_PRICE_PATH,V3_OPERATIONAL_PRICE_PATH,False,REAL_RESEARCH_SNAPSHOT_V1/daily_status.is_st_sec,False,False,,True
28bbb8fc96b80c4729a3b3c8b008dfdfa4b663849f30d4a9a9ca489889d5bba0,603916.SH,2025-07-24,19b9a0597feecd35a3497a440c73538bf332bd08be2409fba69b5de4fbdaa2f6,4,91.67545128851687621904173291,TRUNCATED_SLICE_150_NONCANONICAL,QUALIFIED_BY_V3_PRICE_PATH,V3_OPERATIONAL_PRICE_PATH,False,REAL_RESEARCH_SNAPSHOT_V1/daily_status.is_st_sec,False,False,,True
f4058ea83480792fd3883178037d24b3a309220c3acb6e06214dc18636c5e3f2,603918.SH,2024-11-13,bca0d34baac9e6090fd6361f7d69cffa7c2e95db657624b87df62066a162c138,4,82.60245323913434085223448506,TRUNCATED_SLICE_150_NONCANONICAL,QUALIFIED_BY_V3_PRICE_PATH,V3_OPERATIONAL_PRICE_PATH,False,REAL_RESEARCH_SNAPSHOT_V1/daily_status.is_st_sec,False,False,,True
bd37d94115bf2b9900479e77f9c2d71759d53eb82cd9d9f54e7699697e91fad5,603928.SH,2025-01-22,058345dbec156f50b4dd6f7e34dbd6b329031aa49af682dc7d205ba331642dfa,4,81.00082735247835259099261768,TRUNCATED_SLICE_150_NONCANONICAL,QUALIFIED_BY_V3_PRICE_PATH,V3_OPERATIONAL_PRICE_PATH,False,REAL_RESEARCH_SNAPSHOT_V1/daily_status.is_st_sec,False,False,,True
7a92a5faa9df430c658031979b124c556e27ffb6f7e0aee64087c7c31143c941,603928.SH,2025-06-24,cfcdcb0b6c8745fe4ce84770f173302d0822c76abee4276b3f8f1007fe9be503,4,83.39816836444897063974561583,TRUNCATED_SLICE_150_NONCANONICAL,QUALIFIED_BY_V3_PRICE_PATH,V3_OPERATIONAL_PRICE_PATH,False,REAL_RESEARCH_SNAPSHOT_V1/daily_status.is_st_sec,False,False,,True
de111cfef0f8223b120e5cd4966e2033a39d949c6240dc24ec537ebb481df198,603928.SH,2026-07-02,55528bcb287516dddcfd90235853a647adcf2d471197266e979c7aab9cfa7bba,4,72.98288091502012331654291766,TRUNCATED_SLICE_150_NONCANONICAL,QUALIFIED_BY_V3_PRICE_PATH,V3_OPERATIONAL_PRICE_PATH,False,REAL_RESEARCH_SNAPSHOT_V1/daily_status.is_st_sec,False,False,,True
0e40273f376964fb2313fb7fc1c236299b98527c10c702a9c9af68898010ab82,603933.SH,2025-10-22,87bdeaad59e9ba35d18813dfdef428349aa0a7b446d3a89a853d7ab6a7315c2a,4,79.53395716312865933313448725,TRUNCATED_SLICE_150_NONCANONICAL,QUALIFIED_BY_V3_PRICE_PATH,V3_OPERATIONAL_PRICE_PATH,False,REAL_RESEARCH_SNAPSHOT_V1/daily_status.is_st_sec,False,False,,True
2f1406efccacc2e5c51124f5574a126243721744c6ef259958c5b43035ad659f,603933.SH,2025-12-02,f7c36984e315b34e41c05eb85e8ed73b050c6fe19e05a0ab1a85cdf7fe096f06,4,74.74758903094855502001258436,TRUNCATED_SLICE_150_NONCANONICAL,QUALIFIED_BY_V3_PRICE_PATH,V3_OPERATIONAL_PRICE_PATH,False,REAL_RESEARCH_SNAPSHOT_V1/daily_status.is_st_sec,False,False,,True
7e67ad213453aa2540bd215f799c1918e5d4765422b4e62a566eee7e64c5464f,603937.SH,2026-05-08,c0e63131006cf840b5d19cbe3444adc2d0811e0327bd5a4e960f42ddcc7249ca,4,74.18290780652556205167050453,TRUNCATED_SLICE_150_NONCANONICAL,QUALIFIED_BY_V3_PRICE_PATH,V3_OPERATIONAL_PRICE_PATH,False,REAL_RESEARCH_SNAPSHOT_V1/daily_status.is_st_sec,False,False,,True
318767306d63b5c462bf3f04a9238c3b5749722bffd72b46748d5616f3670680,603938.SH,2025-10-20,4e5a07f568113c3bfff55f06c1c23b1b32bcc121344e3323fc1c34fa755fa7ea,4,90.09640789241249628292849746,TRUNCATED_SLICE_150_NONCANONICAL,QUALIFIED_BY_V3_PRICE_PATH,V3_OPERATIONAL_PRICE_PATH,False,REAL_RESEARCH_SNAPSHOT_V1/daily_status.is_st_sec,False,False,,True
fe7c1d783f614a67067862f57649456cc8df8ed7a75d5117aff1557f978b7886,603948.SH,2025-06-26,f1a91b201ad7b90381832efcbc278d1cf459e1ed02d34bdb4622e867835b113d,4,88.32826376871543098031696828,TRUNCATED_SLICE_150_NONCANONICAL,QUALIFIED_BY_V3_PRICE_PATH,V3_OPERATIONAL_PRICE_PATH,False,REAL_RESEARCH_SNAPSHOT_V1/daily_status.is_st_sec,False,False,,True
fe1833b6557f34b164a3d40fd8903d73f082a2c531dad789f6920c276a134dcb,603948.SH,2025-09-01,2e0a60e4043ac24b3a9724a8ba56e79afb951600ae475da578117495ffe64cfc,4,90.34948903757911154689303234,TRUNCATED_SLICE_150_NONCANONICAL,QUALIFIED_BY_V3_PRICE_PATH,V3_OPERATIONAL_PRICE_PATH,False,REAL_RESEARCH_SNAPSHOT_V1/daily_status.is_st_sec,False,False,,True
59fa6f1f2ffffb512927130f718823a075cab8ad72c64165846a484cc1b6d899,603949.SH,2025-03-21,20dd628b2ca51c6d9c15a90eddc5e028fc82cde8cc899ff13205ab548b64ba1a,4,83.20675263470926533124160265,TRUNCATED_SLICE_150_NONCANONICAL,QUALIFIED_BY_V3_PRICE_PATH,V3_OPERATIONAL_PRICE_PATH,False,REAL_RESEARCH_SNAPSHOT_V1/daily_status.is_st_sec,False,False,,True
0a0d0b7afb3406bf5239b5c6a741361c810c6c1b437766d898b584c000c97a9c,603950.SH,2026-04-15,ab502e1b1695cd8be3df52f0eddb07945c409e41e577cfaeb83d8168e239a3c1,4,72.39836291213120317027976885,TRUNCATED_SLICE_150_NONCANONICAL,QUALIFIED_BY_V3_PRICE_PATH,V3_OPERATIONAL_PRICE_PATH,False,REAL_RESEARCH_SNAPSHOT_V1/daily_status.is_st_sec,False,False,,True
a87962e218957211550794dfb2dbddda12cd1983ff4bc21514319b1852af0795,603955.SH,2024-11-08,d8e7d03c49fe3515f1415dc45931454562bbbb52c89efd4f6211e280752ac2c0,4,81.28851412764529915648514648,TRUNCATED_SLICE_150_NONCANONICAL,QUALIFIED_BY_V3_PRICE_PATH,V3_OPERATIONAL_PRICE_PATH,False,REAL_RESEARCH_SNAPSHOT_V1/daily_status.is_st_sec,False,False,,True
7b4f77a2323a317e488747f28cd31987c9168fdc021bf8b4e34fd1ca93b1e3ec,603955.SH,2024-11-19,4d68046bcad26b24255b78e87ea7af4d685f791a93a2e706571b9e92722025a0,5,94.74294823605994989410984179,TRUNCATED_SLICE_150_NONCANONICAL,QUALIFIED_BY_V3_PRICE_PATH,V3_OPERATIONAL_PRICE_PATH,False,REAL_RESEARCH_SNAPSHOT_V1/daily_status.is_st_sec,False,False,,True
afcc1f25968a0f5c50cab0877b7bccca3e1de4db7a748ab6bc184ef916bc2e87,603956.SH,2025-02-14,5d387456717e9b16663d50e4b3041c090134f58aec59df9e10402fc1dc974390,4,86.00823915463743622324621009,TRUNCATED_SLICE_150_NONCANONICAL,QUALIFIED_BY_V3_PRICE_PATH,V3_OPERATIONAL_PRICE_PATH,False,REAL_RESEARCH_SNAPSHOT_V1/daily_status.is_st_sec,False,False,,True
d9d23c6e7ea8fa363aa808a7afd13347227b9683eeafe57af326d73187172df9,603958.SH,2024-10-29,fceb1ce204d8916b00955db47f914ba517c1f108be1540a18b2c15144d3c5cb7,4,80.29715447930224334262015389,TRUNCATED_SLICE_150_NONCANONICAL,QUALIFIED_BY_V3_PRICE_PATH,V3_OPERATIONAL_PRICE_PATH,False,REAL_RESEARCH_SNAPSHOT_V1/daily_status.is_st_sec,False,False,,True
125e6ad205a27d31858cd317d9c14cd8ce12ab242ecb42cddaf9f12de9fefa60,603958.SH,2024-12-30,9a495361766d4e4d457a92df6d80c47980037c9839b87982086c8a538ceebe00,4,80.64998406923640699228350599,TRUNCATED_SLICE_150_NONCANONICAL,QUALIFIED_BY_V3_PRICE_PATH,V3_OPERATIONAL_PRICE_PATH,False,REAL_RESEARCH_SNAPSHOT_V1/daily_status.is_st_sec,False,False,,True
a12fe07f4f79b2b8b0d12554d4e8487d4cf87d0506641178721eee0c9bc16bb8,603958.SH,2026-08-21,a0780031de093f750e94249ee297f2d10039cd8efe5ef29a6aac2f95dbb20dbe,4,72.47299095102603775348992154,TRUNCATED_SLICE_150_NONCANONICAL,QUALIFIED_BY_V3_PRICE_PATH,V3_OPERATIONAL_PRICE_PATH,False,REAL_RESEARCH_SNAPSHOT_V1/daily_status.is_st_sec,False,False,,True
8bdc92a1398dd62eba9df4fe86d0b6dd903fb46e1541e6cf5096dc0ff97c8342,603980.SH,2026-02-11,67944ce9d747e94377cb3cf1e334e70d268e4fe0612960eb36a69718ba1e385b,4,89.72506057572606846795041067,TRUNCATED_SLICE_150_NONCANONICAL,QUALIFIED_BY_V3_PRICE_PATH,V3_OPERATIONAL_PRICE_PATH,False,REAL_RESEARCH_SNAPSHOT_V1/daily_status.is_st_sec,False,False,,True
c0e57f6de6d7a0383dce7d144ab4742f93e7e3b3530845c06afa472c7f4c1554,603988.SH,2024-07-30,839a148ac316ea0d4f3282a7f8fd5140ac0c1c385750d52375bd09db3a24957d,4,81.36075070205045189161465911,TRUNCATED_SLICE_150_NONCANONICAL,QUALIFIED_BY_V3_PRICE_PATH,V3_OPERATIONAL_PRICE_PATH,False,REAL_RESEARCH_SNAPSHOT_V1/daily_status.is_st_sec,False,False,,True
aae523049f33dfc06d174ec276b57bf54fcbe7c4abfd0c5c44fa6b98abaedf60,603989.SH,2026-06-22,aaaa3204fe37df40e60228eb16c37666ca5b7fec0886daed3c68538193feac27,4,74.79551349034717777660955286,TRUNCATED_SLICE_150_NONCANONICAL,QUALIFIED_BY_V3_PRICE_PATH,V3_OPERATIONAL_PRICE_PATH,False,REAL_RESEARCH_SNAPSHOT_V1/daily_status.is_st_sec,False,False,,True
cf74236f1e5b43e508b62a18c2830e1c1119f45aeb18db69ffff41faa8d7b2f3,603991.SH,2024-10-25,12ae2ba11de8d75fb41c63a204398bc56d1b50bcf062529c20fdbb716df42815,4,91.98721928862887391776098418,TRUNCATED_SLICE_150_NONCANONICAL,QUALIFIED_BY_V3_PRICE_PATH,V3_OPERATIONAL_PRICE_PATH,False,REAL_RESEARCH_SNAPSHOT_V1/daily_status.is_st_sec,False,False,,True
972f9d42efdfada620b33edde84fed6f94dd116fbc48e29e36263fc23deb569b,605005.SH,2025-06-04,7b02046d943e8b5aae254081530644ed7446ed9f3cdaa4ea6b2989d35710d46f,4,91.62891815794336944100131120,TRUNCATED_SLICE_150_NONCANONICAL,QUALIFIED_BY_V3_PRICE_PATH,V3_OPERATIONAL_PRICE_PATH,False,REAL_RESEARCH_SNAPSHOT_V1/daily_status.is_st_sec,False,False,,True
309e5584923ebe53bad88432b7f27d2b1568ffa724df49ae18abbac4dbb9b0c3,605006.SH,2024-12-09,cccb2eca9d7e6be48be843691a6a731485894911a0794a675db34bbe1d104559,4,92.66904182218587547646734344,TRUNCATED_SLICE_150_NONCANONICAL,QUALIFIED_BY_V3_PRICE_PATH,V3_OPERATIONAL_PRICE_PATH,False,REAL_RESEARCH_SNAPSHOT_V1/daily_status.is_st_sec,False,False,,True
f1d4a13f0a5495dd0d0c4dc1b229d19a0a80d52ca43df38f69399c73b5b16d6a,605028.SH,2025-08-22,1835cded6df8afd731e5782e101a98955047a170f61bf2e6b9706cdba584e163,4,87.72792951743418804483236926,TRUNCATED_SLICE_150_NONCANONICAL,QUALIFIED_BY_V3_PRICE_PATH,V3_OPERATIONAL_PRICE_PATH,False,REAL_RESEARCH_SNAPSHOT_V1/daily_status.is_st_sec,False,False,,True
c1f109e76ccf140de4e8ca1b8686fe323f6f145d96fc67114abc8191313218b8,605033.SH,2025-01-07,90a0e6df5fdacbdd1a6abdf9881311b07deb5d4cbc564ee18c2c4afddec61c9f,4,77.69544597115990531335156928,TRUNCATED_SLICE_150_NONCANONICAL,QUALIFIED_BY_V3_PRICE_PATH,V3_OPERATIONAL_PRICE_PATH,False,REAL_RESEARCH_SNAPSHOT_V1/daily_status.is_st_sec,False,False,,True
69063e487d9d2a564e26a3f78da3f0c82dd479c6a7db22775711551ba5df7690,605033.SH,2025-01-16,1de823d03c12c83da47cb310f92746f3805f59982ce91884aaa882798a9b89ff,4,77.59839494740588799259257090,TRUNCATED_SLICE_150_NONCANONICAL,QUALIFIED_BY_OPERATIONAL_STATUS,OPERATIONAL_VENDOR_SCREEN,False,REAL_RESEARCH_SNAPSHOT_V1/daily_status.is_st_sec,False,False,,False
ee1b2d0cd7fe87ce5f379fced413b03c1f45d97a4a52b83e0a40a8b5487109f5,605033.SH,2025-07-22,81befe489d352ed310b0d868b1511c598b97f2008245eab5892655a1bc68c100,4,81.60217942910629552667811052,TRUNCATED_SLICE_150_NONCANONICAL,QUALIFIED_BY_V3_PRICE_PATH,V3_OPERATIONAL_PRICE_PATH,False,REAL_RESEARCH_SNAPSHOT_V1/daily_status.is_st_sec,False,False,,True
ea0db0770f1de5c03cda0761dccacee4c97312d8c979fa82b409e08040f9e5f5,605033.SH,2026-02-24,f800a082f9355ef95d49ce8f18ea93620a2692ca9c3ed87acab5f7c080c45b66,4,91.10669629982739189891934235,TRUNCATED_SLICE_150_NONCANONICAL,QUALIFIED_BY_V3_PRICE_PATH,V3_OPERATIONAL_PRICE_PATH,False,REAL_RESEARCH_SNAPSHOT_V1/daily_status.is_st_sec,False,False,,True
fca62ef077c4d8838a86cbe2a7bc6f9c593f1c24b76e998003e96e65b20d27a4,605055.SH,2025-05-14,6636014910c3e013843f31609c7faa7fc3743594da73b0696f01867dd25380d7,4,87.95116509653741774587809586,TRUNCATED_SLICE_150_NONCANONICAL,QUALIFIED_BY_V3_PRICE_PATH,V3_OPERATIONAL_PRICE_PATH,False,REAL_RESEARCH_SNAPSHOT_V1/daily_status.is_st_sec,False,False,,True
de1673ade78d0c7b1a423fa8cb9dd6e78b67393e3f33075ec1a1322b82b7429f,605058.SH,2026-09-16,0401e55579b7b0079e321b931b859fdba950a8bd35a623e9c90b112b93d26a6a,4,88.62490674541401475257103648,TRUNCATED_SLICE_150_NONCANONICAL,QUALIFIED_BY_V3_PRICE_PATH,V3_OPERATIONAL_PRICE_PATH,False,REAL_RESEARCH_SNAPSHOT_V1/daily_status.is_st_sec,False,False,,True
189c37644f6c2bca9aebf1469eebfe98f587bcb82e7683182bbe60cdedeaeb31,605066.SH,2025-03-04,459501abd10f52c08e1a8364f5747972251a660cd9256c86ac08fbbadc83db29,4,87.68662915261149664524522551,TRUNCATED_SLICE_150_NONCANONICAL,QUALIFIED_BY_V3_PRICE_PATH,V3_OPERATIONAL_PRICE_PATH,False,REAL_RESEARCH_SNAPSHOT_V1/daily_status.is_st_sec,False,False,,True
859e4ee0017d59b16bd36524a68ceee0f48fb115de4cf5f4a6c4d1e9989be79f,605068.SH,2026-07-31,a975ddf762cedda343de66c5c43c29654156379784f9b9902cec5204751b92a8,4,70.75529087926396214920655195,TRUNCATED_SLICE_150_NONCANONICAL,QUALIFIED_BY_OPERATIONAL_STATUS,OPERATIONAL_VENDOR_SCREEN,False,REAL_RESEARCH_SNAPSHOT_V1/daily_status.is_st_sec,False,False,,False
9fddc7dbcdc246f87d227b8576395d7acb938c48ad3387f6c056bc35b87fad1e,605069.SH,2025-03-12,8ab0c3db947190ab8c590d2d3b5137e3484547af6c0bbc821486000b13bff891,4,78.75238274942093487053716554,TRUNCATED_SLICE_150_NONCANONICAL,QUALIFIED_BY_V3_PRICE_PATH,V3_OPERATIONAL_PRICE_PATH,False,REAL_RESEARCH_SNAPSHOT_V1/daily_status.is_st_sec,False,False,,True
ee0392ab4004e5b8bcc350adb0082487f8f701ea8bd65d93a36821c93ae0bb6a,605099.SH,2025-06-05,e5e4fa9b9b881d8c32a2d4d1377bd687e73dc1ff0243bbf6760d6dc407b1afd4,4,88.90697750924997500263454715,TRUNCATED_SLICE_150_NONCANONICAL,QUALIFIED_BY_V3_PRICE_PATH,V3_OPERATIONAL_PRICE_PATH,False,REAL_RESEARCH_SNAPSHOT_V1/daily_status.is_st_sec,False,False,,True
961cf3110bcf71f42ab11fda9c4fe7ed33fb8279d512cf60b01e9b3fbaef6ecc,605099.SH,2025-06-09,85faf7365c198a9b519be48709eef70f38cb7c83fd7a7ff7929e31630ec7fc72,4,92.94121478337513946673050155,TRUNCATED_SLICE_150_NONCANONICAL,QUALIFIED_BY_V3_PRICE_PATH,V3_OPERATIONAL_PRICE_PATH,False,REAL_RESEARCH_SNAPSHOT_V1/daily_status.is_st_sec,False,False,,True
4cb9a19e6ec08abc2a2ae84d407cf25352b433d26a11e6dce1876fee26131460,605100.SH,2025-02-26,41b844db3776643f89c7892e790a411e66e0d8117886565483e7b5a8a91aa2f8,4,87.21605002898827462603228315,TRUNCATED_SLICE_150_NONCANONICAL,QUALIFIED_BY_V3_PRICE_PATH,V3_OPERATIONAL_PRICE_PATH,False,REAL_RESEARCH_SNAPSHOT_V1/daily_status.is_st_sec,False,False,,True
962d5ccc2811a4ae670dcfaab60eb5ca4ae8367e997b26549f5f0d35451fc40e,605122.SH,2025-07-10,30f3c9071cdedbe68e4fccb63c4d01d52b7e1cd5f5ad0e87b72f1119e0da64e5,4,88.92690007807863820564927668,TRUNCATED_SLICE_150_NONCANONICAL,QUALIFIED_BY_V3_PRICE_PATH,V3_OPERATIONAL_PRICE_PATH,False,REAL_RESEARCH_SNAPSHOT_V1/daily_status.is_st_sec,False,False,,True
031be031841dfd98c7857d072ff06e4209149d9eced3abb2d6c434b2a1f6bfbc,605136.SH,2025-05-20,7acc1b46d141f899919452c24a787a19060a6fead303f5b1da0da41d456d6032,4,86.13621347869508315847770237,TRUNCATED_SLICE_150_NONCANONICAL,QUALIFIED_BY_V3_PRICE_PATH,V3_OPERATIONAL_PRICE_PATH,False,REAL_RESEARCH_SNAPSHOT_V1/daily_status.is_st_sec,False,False,,True
181621498d152136db93ea47e32d686382e61e3a7a76850c2530093831bab70b,605162.SH,2025-07-09,cfd2eab57cb31502a4eb2d0e07c6630cc994144305f2dbb983734d8d68c66b1f,4,92.59621074081832006587948917,TRUNCATED_SLICE_150_NONCANONICAL,QUALIFIED_BY_V3_PRICE_PATH,V3_OPERATIONAL_PRICE_PATH,False,REAL_RESEARCH_SNAPSHOT_V1/daily_status.is_st_sec,False,False,,True
cec5eaf93237473959f430a244dd723226aaf227f1aa0e04e9d9988a86f6cf85,605162.SH,2026-04-07,cca3663dce66087ca87b816e0820a8357cd94a43e3cf86d1dc2c0b0ff54b1ec2,4,72.10893911260211407133907715,TRUNCATED_SLICE_150_NONCANONICAL,QUALIFIED_BY_V3_PRICE_PATH,V3_OPERATIONAL_PRICE_PATH,False,REAL_RESEARCH_SNAPSHOT_V1/daily_status.is_st_sec,False,False,,True
78b7b358d2444aee05941ec51b82b9f3b510fdf72d03d0036ea1c8f89a761a06,605169.SH,2025-08-08,d868d981bca850e508d13897084eb735cf298afc69fc90a0ce631b334ee00ca3,4,92.87208432962247947832748811,TRUNCATED_SLICE_150_NONCANONICAL,QUALIFIED_BY_V3_PRICE_PATH,V3_OPERATIONAL_PRICE_PATH,False,REAL_RESEARCH_SNAPSHOT_V1/daily_status.is_st_sec,False,False,,True
10163dc9ea6896a25fa35475156ac98f1864f28a8f9450899dcbe815f72056af,605178.SH,2025-10-27,c8b48e9a78c15dc6dfe86df35c920d58cfdff53a6fd369b7056fe6484d800cb3,4,88.76635981064268288629551672,TRUNCATED_SLICE_150_NONCANONICAL,QUALIFIED_BY_V3_PRICE_PATH,V3_OPERATIONAL_PRICE_PATH,False,REAL_RESEARCH_SNAPSHOT_V1/daily_status.is_st_sec,False,False,,True
fa8cbddfa88eedaffa9a0597f9dd38b6d79c2693124381c4f4ece986196c9130,605179.SH,2024-11-29,678171f2cf101abac39853984a4200a9519fb9697a5195fc3496bee350c2a5e2,4,83.24977197692232150818776345,TRUNCATED_SLICE_150_NONCANONICAL,QUALIFIED_BY_V3_PRICE_PATH,V3_OPERATIONAL_PRICE_PATH,False,REAL_RESEARCH_SNAPSHOT_V1/daily_status.is_st_sec,False,False,,True
a2ffa0f393249a232c8d654c8464cbeb898cbb22aa120bfd1af235c0b8de6340,605179.SH,2024-12-10,8c4efaa977ad9960eb68cecf8cbd98e2f4ead25388f153a89e15ea7021af850d,5,95.89745532519477527391988458,TRUNCATED_SLICE_150_NONCANONICAL,QUALIFIED_BY_V3_PRICE_PATH,V3_OPERATIONAL_PRICE_PATH,False,REAL_RESEARCH_SNAPSHOT_V1/daily_status.is_st_sec,False,False,,True
da03bfd8f1dc7aed8a5805a34ba551ea41b74f0932891cb162c30bd447c2e2fd,605179.SH,2026-07-31,f0f8226beaca8854023dd648e23b766afd1656715198283c81fb68708ade536f,4,76.06415831095025192344076329,TRUNCATED_SLICE_150_NONCANONICAL,QUALIFIED_BY_V3_PRICE_PATH,V3_OPERATIONAL_PRICE_PATH,False,REAL_RESEARCH_SNAPSHOT_V1/daily_status.is_st_sec,False,False,,True
653199cd9c295b25ee3bd2e0068b73488295fc98a6c7680bf621d332d8010f3c,605179.SH,2026-08-13,f97033ffe738021e75972bd46e62b478d1e85e84e872ac1d73070accc0518b3a,4,87.55650697975273989782845520,TRUNCATED_SLICE_150_NONCANONICAL,QUALIFIED_BY_V3_PRICE_PATH,V3_OPERATIONAL_PRICE_PATH,False,REAL_RESEARCH_SNAPSHOT_V1/daily_status.is_st_sec,False,False,,True
b4dc1ed280b4e2da198103eabcbb381e201a57d6b3385a945cb47f2284ed9605,605188.SH,2025-04-17,602dca1d4b1691421e66e7808f898daf43f3e660f3b429bb5399cf4e603f7ed2,4,88.27145802562478405357452082,TRUNCATED_SLICE_150_NONCANONICAL,QUALIFIED_BY_V3_PRICE_PATH,V3_OPERATIONAL_PRICE_PATH,False,REAL_RESEARCH_SNAPSHOT_V1/daily_status.is_st_sec,False,False,,True
1ff1ed7e62b04ea362e0832a456f11ab1de890360a403d4c87281be66d538b65,605188.SH,2025-09-01,9ac04c3bdd637d93872aa2bd8123ef5f73d64fcbcd097d5aa7857071b3f70657,4,79.40938246308519954229318270,TRUNCATED_SLICE_150_NONCANONICAL,QUALIFIED_BY_V3_PRICE_PATH,V3_OPERATIONAL_PRICE_PATH,False,REAL_RESEARCH_SNAPSHOT_V1/daily_status.is_st_sec,False,False,,True
d793977ee01ff21aec28ea78d06987222df03b8b2315492e08d5b99435519705,605199.SH,2024-11-29,9ed70a3a0f296f51b7d011d9debd7221c33cd40dd77253d86fd5bc98036fd44e,4,81.09029862695116673912877293,TRUNCATED_SLICE_150_NONCANONICAL,QUALIFIED_BY_V3_PRICE_PATH,V3_OPERATIONAL_PRICE_PATH,False,REAL_RESEARCH_SNAPSHOT_V1/daily_status.is_st_sec,False,False,,True
fabc24180831f59f560effb4a0e07460b7f62c398858fcbdd5590f8eab8f4581,605218.SH,2024-09-05,cbbbc23d9e4d31efd48d7f7433c5dc847dc61dfb2dd5c44d55bfb2348737d8f2,4,80.71271648151128680305887158,TRUNCATED_SLICE_150_NONCANONICAL,QUALIFIED_BY_V3_PRICE_PATH,V3_OPERATIONAL_PRICE_PATH,False,REAL_RESEARCH_SNAPSHOT_V1/daily_status.is_st_sec,False,False,,True
cac88eca05d553ed89c3e4df49a734e9103af3c693fae0e72f4c87ca326c2d32,605255.SH,2025-08-27,dd33af61cd6818f9dfe558a5f813ada7f27c7e3bb43f1cb97e4dcca7e2e5ec2a,4,89.87469680665174372946111927,TRUNCATED_SLICE_150_NONCANONICAL,QUALIFIED_BY_V3_PRICE_PATH,V3_OPERATIONAL_PRICE_PATH,False,REAL_RESEARCH_SNAPSHOT_V1/daily_status.is_st_sec,False,False,,True
c1ca25e520ca60d505d806e0efffd70bf4696b65ab3e2cba17cf80a66e473ec6,605255.SH,2025-09-09,de03f18af1d1a679cf315d2d6263f17519b51bb3ba02238ed326b7070279d494,5,97.02684462270820768625055850,TRUNCATED_SLICE_150_NONCANONICAL,QUALIFIED_BY_V3_PRICE_PATH,V3_OPERATIONAL_PRICE_PATH,False,REAL_RESEARCH_SNAPSHOT_V1/daily_status.is_st_sec,False,False,,True
aee5d7e93f101aa2a334395d26676a9d301309b02fccd83fccbb1434fb35db91,605255.SH,2025-09-18,9429af54062960507526fa7e1279edf376a2ab1557f6b2c3e10c190bfbed63b0,5,97.94446007957146892396129212,TRUNCATED_SLICE_150_NONCANONICAL,QUALIFIED_BY_V3_PRICE_PATH,V3_OPERATIONAL_PRICE_PATH,False,REAL_RESEARCH_SNAPSHOT_V1/daily_status.is_st_sec,False,False,,True
9e493f1a8fa446bb4c843f9b7cb9dc6945912872ec182e9fd1a11668ffa6a02a,605255.SH,2025-10-16,c5ae9e4acb2b525ab353f75dc41bee025618829f6ac65a60535fe1f7c2ec4dfb,4,82.84250921015552742542054490,TRUNCATED_SLICE_150_NONCANONICAL,QUALIFIED_BY_OPERATIONAL_STATUS,OPERATIONAL_VENDOR_SCREEN,False,REAL_RESEARCH_SNAPSHOT_V1/daily_status.is_st_sec,False,False,,False
4a868dd11f9884d8cb904574ef96b63e6445e2811f1266d16868f25e16a581fd,605268.SH,2026-03-09,974574908a69304975de1ba3c1403ffddc4fe2272502e3e2c316346e4c3552e4,4,83.78900399508774322863280371,TRUNCATED_SLICE_150_NONCANONICAL,QUALIFIED_BY_V3_PRICE_PATH,V3_OPERATIONAL_PRICE_PATH,False,REAL_RESEARCH_SNAPSHOT_V1/daily_status.is_st_sec,False,False,,True
a3a30382b134bf50867c20d6bda751a9758707bbca76138229c7ced84078fffb,605286.SH,2026-08-13,30988f72c3cfc3aed134cc5dc7ff766e9aa4400bb31a5a71116096949a13d295,4,79.82505506864409380583208929,TRUNCATED_SLICE_150_NONCANONICAL,QUALIFIED_BY_V3_PRICE_PATH,V3_OPERATIONAL_PRICE_PATH,False,REAL_RESEARCH_SNAPSHOT_V1/daily_status.is_st_sec,False,False,,True
1dc350a298170cb3ade43b83677b1466415b47623e1b8c0607893bbcef8454d6,605287.SH,2026-02-12,783e9e8c8bfe4b6fc81808b7c54d2e96c614e9e6b60da8c0ce645d9398e1b568,4,84.00684275437504230034449423,TRUNCATED_SLICE_150_NONCANONICAL,QUALIFIED_BY_V3_PRICE_PATH,V3_OPERATIONAL_PRICE_PATH,False,REAL_RESEARCH_SNAPSHOT_V1/daily_status.is_st_sec,False,False,,True
f93dd7eaba3cf5afb9d5d1a874852dec51910b05b5c26f902b41b76659c0ae07,605299.SH,2025-12-09,678237b57a1d80c64527052db048c680bab825462531885beaed9e26c09524f4,4,92.11236475597517149601326465,TRUNCATED_SLICE_150_NONCANONICAL,QUALIFIED_BY_V3_PRICE_PATH,V3_OPERATIONAL_PRICE_PATH,False,REAL_RESEARCH_SNAPSHOT_V1/daily_status.is_st_sec,False,False,,True
4cc315aa510643fcc6ccfcdd9b9f6c0842711b117858b7603ee4acb3595a1021,605303.SH,2025-03-12,421df0c1b4dfb14d25d4ff294a8b31c5b2fc780ac9b8afa2f0fae076fad68df8,4,90.42611683280218833626247008,TRUNCATED_SLICE_150_NONCANONICAL,QUALIFIED_BY_V3_PRICE_PATH,V3_OPERATIONAL_PRICE_PATH,False,REAL_RESEARCH_SNAPSHOT_V1/daily_status.is_st_sec,False,False,,True
ab6ab92ac4f3f1d1d835e82f11dad215a63a4320fad4ec949727d4a272e6fd1d,605303.SH,2025-08-21,7a91f9656eab49848b2076d827cf7f324ffcacf47920a44fc87bf36917c1a91e,4,85.29325846124963211755297831,TRUNCATED_SLICE_150_NONCANONICAL,QUALIFIED_BY_V3_PRICE_PATH,V3_OPERATIONAL_PRICE_PATH,False,REAL_RESEARCH_SNAPSHOT_V1/daily_status.is_st_sec,False,False,,True
c39d0f0dcd4623a780a469cb81c5c3175642ba14cde52179afa9b39bb706970f,605336.SH,2024-12-12,63d406b8cbea26945d3fc4ac2040024c7d4f70ea72b638e296723868dd2692ad,4,86.43183064102048600989044325,TRUNCATED_SLICE_150_NONCANONICAL,QUALIFIED_BY_V3_PRICE_PATH,V3_OPERATIONAL_PRICE_PATH,False,REAL_RESEARCH_SNAPSHOT_V1/daily_status.is_st_sec,False,False,,True
338419dca159fe231e7491c519757ba04ba40f8a9d5f70d8443ca128fee3d0c4,605388.SH,2025-05-29,868840e49ffe9ec2a1b5b5149ac3966f8bad87890131db0fd46e60fea8ceafba,4,86.83554376512633889690100850,TRUNCATED_SLICE_150_NONCANONICAL,QUALIFIED_BY_V3_PRICE_PATH,V3_OPERATIONAL_PRICE_PATH,False,REAL_RESEARCH_SNAPSHOT_V1/daily_status.is_st_sec,False,False,,True
508e6444420aa75f297fd49463551bc59210778e8d7b697428b7a90b1ced4f74,605398.SH,2025-01-27,b4ff37d751faf3eabda8b5b2cda9575028572956b4e4cd7a24df4ffd58d5a46e,4,74.94616414698781984747932932,TRUNCATED_SLICE_150_NONCANONICAL,QUALIFIED_BY_V3_PRICE_PATH,V3_OPERATIONAL_PRICE_PATH,False,REAL_RESEARCH_SNAPSHOT_V1/daily_status.is_st_sec,False,False,,True
8ddb670422addbffa1e35e9a4f5cfda6e87c0a4fade43c8a058bfa336dc24697,605398.SH,2025-02-13,09c2bc75589f32360e04484e98bd74d90b17c47c12d6f26bf00d68f4b741d972,4,92.35666303451447179146826028,TRUNCATED_SLICE_150_NONCANONICAL,QUALIFIED_BY_OPERATIONAL_STATUS,OPERATIONAL_VENDOR_SCREEN,False,REAL_RESEARCH_SNAPSHOT_V1/daily_status.is_st_sec,False,False,,False
39db4d384f7c2b2580134133b2ded2ff9d282af3f084ab94844bca48fc00d9a3,605500.SH,2025-07-08,135f402a85f1703a2138fd2a5ecfbb2f1a4459312307ae59c49b2b6a01af4207,4,92.58397671624330652636341054,TRUNCATED_SLICE_150_NONCANONICAL,QUALIFIED_BY_V3_PRICE_PATH,V3_OPERATIONAL_PRICE_PATH,False,REAL_RESEARCH_SNAPSHOT_V1/daily_status.is_st_sec,False,False,,True
21d6117d361d234a380a21d9148040eb715bec59d336be9a193e69cc7add80ba,605577.SH,2026-09-03,1aa0f8363bc33d8a98c7046e0a0639f4eab9fe37efc991437d17894515140520,4,82.60968103170509645878884307,TRUNCATED_SLICE_150_NONCANONICAL,QUALIFIED_BY_V3_PRICE_PATH,V3_OPERATIONAL_PRICE_PATH,False,REAL_RESEARCH_SNAPSHOT_V1/daily_status.is_st_sec,False,False,,True
